,720575940859648663,720575940861447666,720575940865160474,720575940865467295,720575940869443690,720575940861450226,720575940875116119,720575940875854397,720575940875863357,720575940877146203,720575940877501751,720575940877555511,720575940878312571,720575940878325883,720575940878326395,720575940878916148,720575940878955572,720575940878955828,720575940878956340,720575940878957108,720575940879773686,720575940880005762,720575940880837650,720575940880839442,720575940880850833,720575940880875929,720575940921583379,720575940869481691,720575940881620931,720575940881844049,720575940888845329,720575940883803384,720575940926242958,720575940881936635,720575940881974650,720575940882103072,720575940920080765,720575940896304311,720575940892250110,720575940882672796,720575940883197911,720575940883198167,720575940883198679,720575940883201751,720575940883729656,720575940883900444,720575940878978356,720575940884015788,720575940884057772,720575940884925028,720575940884939979,720575940885432678,720575940898916857,720575940886574602,720575940886853257,720575940889967848,720575940888165967,720575940888216655,720575940888731665,720575940871589433,720575940888793434,720575940888799761,720575940964370854,720575940889238903,720575940919071815,720575940889924328,720575940889952699,720575940890018996,720575940890107704,720575940890108216,720575940890111288,720575940890134196,720575940890245126,720575940890704372,720575940890900801,720575940890939713,720575940890962241,720575940891164342,720575940891181902,720575940906210525,720575940891184310,720575940891185846,720575940891518756,720575940891783079,720575940891783335,720575940892204542,720575940892205566,720575940893156522,720575940893395733,720575940894116163,720575940894178664,720575940894563284,720575940894647347,720575940894647859,720575940894662868,720575940894664201,720575940894664404,720575940895281326,720575940895289006,720575940895353262,720575940896702138,720575940896732090,720575940896736698,720575940896872522,720575940897454998,720575940897460886,720575940898432765,720575940898677394,720575940898821041,720575940899153235,720575940899281090,720575940899282056,720575940899283650,720575940899291016,720575940899432749,720575940899433005,720575940899433261,720575940899433517,720575940899433773,720575940899434029,720575940899779727,720575940900033476,720575940900956101,720575940900963269,720575940901384751,720575940901717479,720575940902401208,720575940902518994,720575940902624978,720575940902629074,720575940902634194,720575940902703006,720575940903188925,720575940903370509,720575940903414541,720575940903415565,720575940903679779,720575940903751971,720575940904086480,720575940905041878,720575940905042134,720575940905042902,720575940905043670,720575940905043926,720575940905050934,720575940905061686,720575940893177002,720575940907584340,720575940908386564,720575940908781145,720575940908782425,720575940909393947,720575940909769176,720575940909797811,720575940909802419,720575940910295881,720575940889813349,720575940912535686,720575940912929024,720575940913491825,720575940913573871,720575940914014910,720575940914883824,720575940915253823,720575940915256127,720575940915578005,720575940915676096,720575940916016480,720575940916299357,720575940917098044,720575940917422227,720575940917429907,720575940937894317,720575940922814762,720575940917852811,720575940917853067,720575940917975893,720575940918311989,720575940918316341,720575940918750769,720575940918815793,720575940919632133,720575940920027261,720575940920037245,720575940920932008,720575940920054001,720575940920456848,720575940920881320,720575940921478163,720575940921525267,720575940922709290,720575940922795818,720575940922949405,720575940922957341,720575940923272236,720575940924182661,720575940886290596,720575940925790278,720575940927109144,720575940927184920,720575940927244256,720575940927244512,720575940927244768,720575940927248352,720575940927796016,720575940928343548,720575940893329739,720575940930825549,720575940909443355,720575940932846484,720575940909430811,720575940937848237,720575940937856941,720575940937857965,720575940937862061,720575940939715909,720575940940380075,720575940888561868,720575940941106028,720575940941124460,720575940946223236,720575940948987670,720575940963340820
720575940859648663,28.503471205957254,0.0,6.401048137698044,43.807018385747355,57.0004189005688,0.0,0.0,169.4743595394248,23.95592162336612,28.892015702676638,11.094519896292791,123.27776859577588,0.0,86.18170108589196,61.94488756657789,25.75160726434859,47.26243774342521,27.84653333853819,59.66630509080415,160.19276913921973,22.525034127329448,70.58777314534693,38.80567785458657,0.0,41.172383074120795,0.0,200.27897329582564,129.60801912920846,0.0,211.7957523783997,10.302556433074507,6.352472863467958,78.68800018214645,53.916753329890575,254.56404253599584,41.74868828590546,26.241362457231812,106.90171051106148,23.063408184728278,157.51187278323994,72.84417747448153,41.0277726552662,10.711945292203316,46.30700675111016,0.0,32.20460547462813,18.945196418932728,115.06964662048571,62.741582882279786,11.798432615574612,195.1396255903867,185.90199947195984,101.76276598127257,38.550708823639205,0.0,57.75540476360242,0.0,130.94840415498896,221.53419666369876,40.367269024487115,59.179375420141255,46.695361516587624,78.34806099559212,177.22505536123953,93.34453030849068,10.865212723677748,8.16777796873609,295.2697009043194,10.50318357058412,13.389052806694067,16.512754150249908,12.229258408954308,96.93905614289764,80.25241436610881,0.0,117.82151509344936,29.512925443605415,51.006861101291314,85.4974578934925,0.0,57.81646019953228,118.93353157333368,39.12918506158702,0.0,113.869983054926,75.6100545207899,9.642350328247984,81.74638048946152,112.1093344430543,90.28313655361714,52.76985913502714,0.0,68.7957696568049,189.28761210509265,83.57225559066303,0.0,186.97802086672877,110.84411457969708,0.0,12.05655961578396,104.41204726277141,0.0,17.45636582782146,86.59141907415184,99.10717900233116,32.37561728206009,185.43954600387383,0.0,0.0,16.238713193576086,31.28442130214609,115.2004731715442,0.0,27.338490039114482,41.268323243263815,42.31429286372826,10.988508384829254,139.4281891882032,136.2998968858038,24.21816884787173,0.0,177.38916734384892,10.42672544766364,220.44709674222358,0.0,22.67435280600607,91.10216745434208,18.50064214024117,0.0,32.57459633716282,91.41216220057892,10.347191187170228,126.59246308570091,81.11227896120793,75.98251589517437,129.85446355307505,3.361203329477952,168.81629876212872,0.0,55.94977184779236,46.65251545887396,214.3273751329644,123.24207036304942,47.46211528769856,33.56298650826992,0.0,39.28345697400711,0.0,41.832756968379215,50.03241556670815,51.16208903335247,62.566333295001954,67.20692125016143,138.9097176101043,0.0,26.29667768429149,0.0,77.7449857482666,198.41296439562305,110.59349266399184,32.448802454799,63.5380331614249,6.47373538854187,70.19719727180848,66.91800331496364,45.29754849546458,123.27661275319839,123.42270781229459,58.5310791641365,6.963999650227321,0.0,87.31291473224451,89.68527059525502,0.0,125.32423928946253,29.6539747164131,6.289129305644641,96.73304804002193,0.0,102.45494363634818,24.08986505990212,114.2327616361004,138.7081081411702,95.86445684074093,189.401818480358,0.0,10.799768441215644,62.930971726048725,208.62376051474305,0.0,87.82125265460283,47.34544927434916,41.95918374385995,217.53774006231845,9.198929093157071,35.08572385072067,0.0,15.848415917800565,110.02258759198689,14.211731248950501,46.48389463296126,86.69650561976992,6.671242909329599,0.0,0.0,97.17924981084478,15.30956158418513,62.66967586330556,179.93545588775905,0.0,257.30327230112,0.0,5.8669105377623945,84.31175137279001,0.0,12.889576777731364,62.10916842246446,102.05270352767008,186.2665836812072,0.0,121.2272511793321,0.0,51.931572661813924
720575940861447666,71.34094610059455,89.40826879856124,3.8613570400910975,0.0,7.6006947341198,275.97468155697743,7.1429304256963135,36.27383786039926,0.0,7.367207538044762,0.0,30.09548639361044,106.7062642330391,0.0,36.17585368364468,0.0,32.17355864210809,28.21013132498816,0.0,93.80535711094568,25.815177017197517,237.49384755976578,213.51332641877764,0.0,16.994368486222005,9.775693358288795,47.639629287437714,17.04404199611015,208.6163170566682,0.0,10.897994968757232,73.58130810475102,66.46425584763624,66.58185862378848,74.43598461889435,11.564654029605036,13.16107196890584,89.35855156955351,35.97821114510945,0.0,96.97104663888427,16.647441541869593,154.44578610249494,22.905937212383787,71.01781569343245,0.0,394.3514467877182,14.828671662082884,0.0,4.14713303467508,59.98180415728586,29.00012998749829,498.6727746789258,0.0,0.0,0.0,21.89260396766127,14.110368250558077,294.02943419170595,26.99688609783856,141.95855696057166,32.516443859041296,0.0,20.35652994364559,119.43429396572024,0.0,12.97733010090518,262.84029856906903,35.95719927722328,0.0,12.753521524651765,82.72266348235722,8.583289811134055,0.0,49.7168417851157,139.4458774465701,13.537802984745579,0.0,15.047768428599376,40.48950241328048,32.77475075566408,54.05642663226166,580.1321680706391,340.021278033161,166.50222731419748,100.92766344000776,90.16225654077942,34.03022880776604,13.880922428185812,87.09181709471733,0.0,8.710552453590493,0.0,33.75672974234165,0.0,0.0,12.811436685210948,0.0,26.28621853185977,0.0,23.413880928980344,0.0,5.043629932945853,60.39264800294485,21.306204803632642,60.654630030147366,20.80065712692672,0.0,18.093914257853843,0.0,27.310265622164113,7.128342356570205,155.55000715738407,62.75313962808281,23.591836934473122,6.732816590449203,6.49549813105984,10.935972590718471,4.977667610339205,0.0,47.16549087772178,78.90159980460878,17.04404199611015,32.111612494692864,0.0,0.0,0.0,8.048831568865356,7.360232174296284,109.50169539801207,123.54654729747507,3.533966544434673,29.145449107500482,0.0,14.801263284215288,9.315971020988163,0.0,54.02375486255005,24.644736730229944,4.874140477686935,0.0,34.828234958273406,31.83534325846954,22.464212239319863,11.822542618858645,9.473190855652431,64.1964475280394,34.77269080234284,0.0,3.533966544434673,32.23267912143707,0.0,19.09166437927696,85.27478961299346,6.0598489204756545,293.6266022051444,52.7525669526228,0.0,70.51079161732305,73.8264529688757,29.220843452730893,0.0,8.219070123062195,0.0,61.17914851364226,12.22673441593139,81.6658720561349,9.315971020988163,9.34153371804129,0.0,124.33356775301253,21.11125748738429,124.85204445868753,2.895279541454313,49.44487359629053,0.0,85.08094840320575,33.53171782117458,0.0,36.28936434174266,13.653671796117763,97.62254102779404,118.192258393936,39.5840430517064,180.67929652699735,336.44389686082025,70.15195120870446,120.53211455014952,143.96313797706333,147.2538453824496,9.315971020988163,123.31988136159603,73.7538479996407,8.448523530499285,281.48035577350447,0.0,0.0,11.59802358438989,0.0,416.6642163141716,38.48017270736122,87.35965490559717,0.0,0.0,0.0,0.0,0.0,0.0,614.2879246649826,0.0,276.9053265352856,48.51234497612185,0.0,25.625356826551528,0.0,112.45301284931703,0.0,9.520193515743507,0.0,0.0,16.449623345658686,14.099883389123587,0.0
720575940865467295,36.91363629447253,0.0,0.0,44.50732558647547,0.0,0.0,0.0,0.0,0.0,14.169003548540532,0.0,0.0,0.0,0.0,10.097960643146758,0.0,44.5833375349502,0.0,0.0,28.438668817697952,51.07529875077022,0.0,0.0,0.0,29.405602231437115,0.0,0.0,0.0,0.0,8.329993756489756,0.0,0.0,0.0,0.0,0.0,4.769119514184533,0.0,10.489774191230676,0.0,0.0,0.0,41.25092853231626,0.0,0.0,0.0,42.74543316883469,0.0,0.0,0.0,0.0,39.442726784121184,5.406010664749546,28.186695674671192,0.0,0.0,96.86881091882408,0.0,0.0,0.0,0.0,0.0,0.0,59.217512114000556,0.0,51.17873131884783,97.78764029587772,0.0,0.0,0.0,14.137389127334336,32.67228588295215,0.0,0.0,0.0,0.0,0.0,0.0,0.0,0.0,0.0,55.279531031279724,11.081994495747733,0.0,0.0,0.0,0.0,0.0,0.0,0.0,40.81430287446265,0.0,11.813253315865467,0.0,0.0,12.31869025371718,0.0,0.0,23.92375941770051,0.0,26.274013435643283,0.0,0.0,0.0,0.0,0.0,0.0,22.312921418212905,108.68046679820272,0.0,0.0,0.0,49.587864987271324,0.0,0.0,0.0,0.0,17.80829984364243,93.1296043801694,93.5911060508672,0.0,0.0,0.0,13.025323074091336,0.0,0.0,43.32474369450383,0.0,0.0,0.0,0.0,5.256752363734625,0.0,0.0,0.0,0.0,0.0,0.0,43.70508876275501,0.0,0.0,0.0,0.0,0.0,0.0,157.57375269492346,0.0,0.0,0.0,0.0,0.0,0.0,0.0,0.0,82.11986798368184,28.80655716005274,0.0,0.0,0.0,0.0,107.11476403430956,0.0,0.0,0.0,0.0,0.0,0.0,0.0,0.0,0.0,0.0,0.0,0.0,21.25147959282638,0.0,0.0,0.0,0.0,0.0,0.0,0.0,41.79208411727478,0.0,17.481648196940153,0.0,0.0,0.0,0.0,0.0,174.2101216225457,0.0,0.0,16.683805121165793,0.0,0.0,0.0,0.0,0.0,146.81730069176749,21.144807143277625,0.0,0.0,0.0,0.0,0.0,0.0,0.0,0.0,96.10855498078392,0.0,31.909268947572556,8.87892435655487,0.0,0.0,0.0,0.0,0.0,0.0,50.53224675257301,0.0,0.0,0.0,0.0,19.38109192138076
720575940869443690,29.316247080211898,26.213107524434115,9.197209812196014,0.0,371.2227209606419,42.66131797564111,403.6570028661337,95.58484685255145,0.0,0.0,0.0,220.23510783817989,137.52012579090888,0.0,27.0072596762594,222.51723168785264,44.528892185872316,16.674368029302467,100.80467736752868,14.353588433148348,6.970890051479246,48.51520443482386,0.0,181.52842278334464,11.896279734994332,348.5332680027516,231.33885685377706,135.3502755694299,108.92173019650042,0.0,0.0,160.32533322560982,184.38370840474627,31.78920909410149,134.6405911802358,8.884718599943621,0.0,0.0,0.0,23.53726477393241,43.290036141037056,3.1902120758785326,11.13582283190952,25.01058249234402,243.99629626442788,0.0,49.46740573791196,0.0,5.895156158671807,17.35922150144337,21.813705212381578,57.141893912227175,222.800418433048,0.0,323.86331447028743,10.486874318228738,5.131810694092291,0.0,160.2734431135765,191.10596180639342,244.3542556794381,391.865637568568,0.0,247.82583850756137,45.04158915186941,0.0,0.0,6.696843868181113,182.2035484064273,0.0,0.0,298.40228294968875,93.93037433344377,0.0,0.0,28.50146593059009,0.0,50.40050182601123,151.82156525712077,457.7811950677855,20.134176589351213,68.36923596953187,76.776004855475,0.0,114.58804678797166,56.97433261233229,76.75042495999588,0.0,259.6320457039124,202.66738324637257,2.9458054337994053,0.0,44.70006400902032,228.5243147382413,4.221194865838026,0.0,206.6404447111469,0.0,124.4394768932346,0.0,13.517448381914688,5.895156158671807,4.428445352519493,0.0,76.34554681174393,559.1468416099368,0.0,0.0,0.0,96.0524909510648,135.4738938125208,45.70871212262392,299.90554594310765,92.96309753263252,10.804158016281548,5.847754508019492,0.0,12.646014195044117,27.150109803235022,0.0,0.0,66.86115065403428,322.93478524212253,17.000785896732246,9.222327751860888,0.0,0.0,0.0,49.53143873488241,328.6262907773255,28.78558545413787,80.38196667752501,145.60224603624098,20.70137702011316,40.892646488887486,23.496421414435584,159.3422172779851,0.0,236.8351498753397,0.0,84.6808637660736,307.2025265356264,304.2731049029642,286.50620725551244,0.0,285.6849588389131,558.7058851163804,105.14862624378257,23.315721103265684,14.849858513893029,51.49978672794343,0.0,232.9649411262236,57.36006327536525,0.0,220.3626334413517,29.191128520090498,94.80829022267304,188.5026209496957,26.213327218851518,0.0,0.0,69.75896150742955,28.856488223785345,56.43411675327683,0.0,48.44843268568824,115.32303083364664,75.47569393643028,0.0,39.125954915285085,132.89468636997452,80.15199801447758,98.963968535326,156.6306491004519,0.0,21.527004991556602,0.0,106.33104983327719,352.6518989598057,10.70882001818284,217.50592480742702,115.93883476547329,141.05279455010418,10.692078646092664,0.0,123.15045054116176,214.46379038169812,9.65359330029881,0.0,116.93898712793228,103.29728603390035,98.94096669536762,75.68089828309168,76.41161876185434,0.0,0.0,0.0,153.1736814519438,145.0102470146608,97.06651136091612,0.0,17.512802394549034,60.498287876486984,0.0,73.37397944102621,0.0,0.0,657.8505759960432,0.0,118.04759700734998,50.40669754363183,17.827639629767603,97.05708358710957,17.548885620420588,45.13211746471103,78.20096030151423,7.606958184263449,108.84573723620872,85.5449218861386,22.067576129092995,44.69628051523799,21.496236662374212
720575940861450226,0.0,209.2062122945388,0.0,0.0,195.85727135995236,479.22645316297485,4.705642792669116,12.461251197343195,0.0,0.0,0.0,37.67232498207305,41.72012536843151,0.0,7.983840109303929,0.0,7.896195129398398,7.994673324250689,42.852159058801476,0.0,0.0,104.59303036582996,23.19093395295934,25.885043353035012,0.0,31.86101215231333,129.02961975161276,0.0,353.2569058742971,0.0,38.00865459201229,113.04348613283024,32.12267150472702,0.0,7.642626225727889,0.0,21.9945380503611,0.0,0.0,37.825335455457,124.58990389551288,0.0,117.95149717086548,0.0,113.77281121970134,0.0,428.1130035310618,0.0,34.16205972079811,8.972973874565882,37.415278030945686,9.725297052138423,221.8585194827928,4.874606291194752,72.53878120074239,0.0,52.07859292972593,0.0,13.448481230170975,94.88361944868409,51.58077355961943,14.358649475391799,0.0,71.37199641457016,0.0,0.0,0.0,33.53435903998968,54.89134778156795,0.0,0.0,134.7375486919638,56.56608588393734,0.0,0.0,15.490629930528016,7.983840109303929,0.0,46.80079357150198,109.40002495841908,14.996556308832423,26.477017331378843,165.25833712046074,15.885236808509086,33.97683709145692,0.0,11.710368852997526,0.0,83.15170008485174,0.0,0.0,0.0,22.692763297927396,37.120445821772925,0.0,0.0,0.0,0.0,51.75880542078245,26.504185022214106,31.400928597915527,0.0,33.42501792314679,0.0,0.0,91.56565289589116,0.0,0.0,0.0,44.138643379983236,124.11707271611668,0.0,229.10505669352048,22.77470393535575,0.0,0.0,0.0,0.0,0.0,0.0,0.0,29.977619084259377,0.0,0.0,18.106810042300523,0.0,0.0,4.874606291194752,16.694113986729985,205.3470447434887,4.695753661813533,83.61591570242163,74.14051728666044,14.360858981818795,0.0,28.94109825094534,0.0,77.96824621746916,0.0,0.0,0.0,0.0,0.0,64.82137432227665,0.0,26.84552375245377,114.40659992475311,0.0,59.10827955313887,20.98996851629449,27.06583929281144,7.983840109303929,0.0,0.0,0.0,50.14540942009233,0.0,7.319511379187578,91.89240383261996,0.0,0.0,0.0,8.45569438529966,10.877420709436292,56.627172966708876,0.0,0.0,54.64050996462258,40.12935733484506,0.0,245.01404193499457,31.843002786580083,12.478096806832717,35.53202184821176,14.86806436779406,0.0,0.0,16.9775440380616,94.77067388337996,0.0,0.0,100.45518959938107,0.0,0.0,0.0,76.6022067492957,75.17429059253928,42.00230307012779,0.0,51.65816000515077,0.0,14.819673283023038,7.809321042162152,34.61581656979254,198.2112422732562,0.0,13.204204188971188,0.0,6.575289925779245,171.26707608455126,32.891410596674675,29.88329263769465,0.0,94.79949042299133,0.0,19.94873257086453,0.0,0.0,381.6066388801626,0.0,10.822051236229672,114.62023557638604,0.0,10.73417534492136,20.94579496278181,15.590155996572667,0.0,8.437171046944714,4.235665256548841,81.45360223235198,0.0,7.946952430866009,0.0
720575940875116119,60.4181545699369,100.3636457517514,0.0,0.0,621.0490299337963,173.0083045718999,807.1647190727546,37.918097958754686,0.0,0.0,10.236196480314181,609.8703104235204,74.67950971490782,0.0,197.37373575742527,703.1968045785123,216.92073449154356,36.87852002574552,410.7371969373437,34.94508585569727,10.383341855918374,73.36297124386962,34.26677927918143,8.2299731834217,22.8311022280828,675.7291443304855,488.3396726811484,868.923079719975,213.28052476414402,0.0,0.0,259.6037877557293,191.10936912301767,5.713261079511803,124.09423134237268,63.15121729938535,0.0,42.43315606267432,0.0,4.530996890591661,301.5289344420619,19.819086495612318,48.52228970482359,82.98772412656288,208.9180622706513,0.0,135.42179513396846,32.37043379128445,0.0,0.0,83.77326677327959,177.9400268653247,191.4508069588178,0.0,169.6285728017506,34.292620015605785,0.0,0.0,186.9563874868501,248.7768889742332,529.4295237046783,636.5403874515016,42.269301683840396,408.9988869047911,61.25076364286629,0.0,0.0,2.575600561034261,118.97136844440953,0.0,0.0,238.09806173122843,172.77864253584536,0.0,0.0,0.0,40.86774649959008,185.98831380794854,351.9866045314426,461.5882964139361,17.18593544649648,69.89371679894482,36.84097464440795,0.0,192.06945299912786,47.962681949042306,61.16788726443522,0.0,980.8779098669503,32.14980418260824,15.395408409323728,0.0,138.37859806319287,356.3799856806907,0.0,0.0,521.2649746109157,0.0,22.299532499365807,14.181160756601315,52.186186053799645,0.0,7.4010640909724135,7.0607287313793226,51.453689380937625,742.9378624096796,38.31499376319915,0.0,0.0,146.639686100242,292.4208356304901,89.32917935866907,158.16971267313772,69.79144447379862,41.39021128801334,0.0,0.0,49.315632044095636,39.76175978744088,0.0,0.0,190.5920246189017,290.98606849286125,329.33177569452374,18.04790036815636,0.0,0.0,7.115104484667737,8.858580842735588,499.5887776800483,107.39100632067344,167.57086255324313,678.0160113566827,0.0,68.25745836202618,307.0296145177657,431.706044837685,75.18939447013526,535.3584903745069,0.0,18.48496377400588,655.8911113442258,633.5054408350037,610.4068455640539,14.805844081846702,359.95966153093894,533.4282920234441,33.719311150489794,115.1134582872622,61.88561900263546,156.03721047392366,0.0,629.0439830995987,123.14680488296368,0.0,319.68833176210137,51.095972095337814,613.1787820732545,428.58613169581616,67.15205936795434,24.218112050343514,0.0,398.72904612936975,154.3220307430985,94.28235612767288,0.0,154.00989742647897,370.5606667524968,0.0,0.0,6.301262328871906,341.08542681804926,200.04862713160736,126.58062792997984,710.0211309037601,0.0,17.944541422887042,0.0,229.6790163813469,588.756997083322,39.66320673231767,640.800424296882,123.64114011759028,359.95100309482217,211.2034424940517,0.0,342.0477070804588,132.29743662882257,57.6294488908048,12.980560230068955,538.4495560310344,24.56701502421253,59.34434863138161,364.12792289763183,253.97336205882644,0.0,0.0,25.81325580691476,713.6838959719993,155.71072803474837,14.687591762325727,64.81749811985499,0.0,27.62443505582418,0.0,417.0674951359216,0.0,0.0,702.0800178560316,0.0,113.21345795177689,221.1748048348551,0.0,750.7866499859712,64.21495311746918,0.0,272.5660417381644,14.775022631731405,379.72645705414,0.0,155.65282902072013,73.94307313229,27.480105043532145
720575940875854397,87.32416800744431,0.0,13.507744863249554,48.11263551505542,47.54998300071577,0.0,7.963003361534187,252.11882192023842,0.0,12.53107405551277,35.89908508273289,61.780689703816655,7.915303966624764,0.0,118.94000325245533,0.0,233.12105680675066,141.50245790119567,12.292727335694224,62.030414829643306,21.202137704707415,13.549160237496926,8.994304471550935,12.300180048206526,81.66001873250657,0.0,70.52701510088716,24.01304360228103,0.0,0.0,0.0,0.0,41.704549359452294,0.0,139.15684710553347,9.577940709358739,114.84880544454376,59.53547125254501,5.407725841730296,141.27366683672653,12.292727335694224,2.952379379415864,0.0,143.85512784391148,0.0,0.0,0.0,30.223290663995467,150.55359630802425,102.71394065871729,6.51945312282627,91.4222175261833,0.0,0.0,0.0,66.97164780534082,0.0,0.0,267.888008106548,142.25698319780176,65.32408014282626,11.465505672937075,103.95770069203668,131.25304469330317,136.8661305794904,30.993452863186686,8.596234460233056,17.58466704453531,88.46568837048382,20.43413869098172,151.5456432157103,29.9975192947945,123.60395933368176,0.0,0.0,90.90410307828384,105.81005341335675,64.88758505548309,18.62769685127864,7.270666069200439,12.163243231546943,142.69781630549608,0.0,0.0,15.1331399789903,0.0,106.93307934633616,21.031068416855213,46.49619683217479,380.9392251216932,61.40210778339032,0.0,41.761357572981595,80.25286751841979,189.54637317414532,17.64273827736713,31.05031829638217,26.61007390887653,30.1247001263435,118.66577172782004,0.0,48.29649393204141,151.61996148519736,0.0,97.5754136794308,84.4745875650096,111.56809104055428,0.0,37.61696133055275,35.65515387360139,78.64650987501481,187.29124785521492,7.270666069200439,0.0,74.15619814142971,0.0,54.62636792022085,161.42024154115194,169.0401822541637,0.0,13.807443526094245,249.6568964671574,89.94610462668257,76.24909848958372,4.878807911731097,43.27798478725218,0.0,0.0,0.0,0.0,65.42789545893835,74.35454778566285,0.0,83.21082456403921,141.5687539064586,64.66475831633261,0.0,160.7557307945569,0.0,0.0,0.0,132.9432036997458,44.314672606446806,0.0,142.1408749898905,0.0,31.00580960623911,0.0,7.963003361534187,88.85215548708659,120.59790067590225,74.9017141044746,0.0,220.16003265295652,0.0,0.0,36.42349402627468,35.49615404014487,60.98859174912022,148.37907194153445,0.0,0.0,0.0,45.056920159492435,28.58774233072776,0.0,103.22776789048993,32.05867401618864,0.0,20.082242321643054,0.0,295.344011794298,129.22172965068157,40.8220050665442,98.8366935143632,37.81749366339883,0.0,0.0,88.5720316884407,13.154039613982421,31.547898106304363,28.49216777659604,84.94510223177781,131.8797202094626,74.48193106587189,0.0,0.0,172.19456565088436,92.07893295741063,6.173465252605864,0.0,98.5878174564926,173.3800749003915,196.82871439339306,0.0,138.35611241463303,9.780122074482529,53.17637563561658,339.3171682592465,16.246618037757443,55.79895195363179,9.2534006813358,75.38621806770104,7.270666069200439,10.302120247160529,99.43822269714414,45.33722184904876,36.10398814639843,44.86966754108826,58.75966949074778,174.75466248154524,0.0,0.0,48.57915574243054,0.0,65.08988921437988,43.71877542078191,57.21644613609317,34.57546854551286,0.0,56.579690594466825,58.326416943905045,46.33492420769924
720575940877146203,34.65723725641126,36.50742491497896,6.723016448578757,0.0,21.943244604240263,102.32192527176343,54.8139261657748,0.0,0.0,106.51541527540395,0.0,9.799159896393205,24.86715143040211,4.714700642268306,0.0,21.33244618072652,30.8789012561126,4.724526427939873,0.0,34.81310975743203,50.73897351916635,43.78117530880053,68.54709793940236,79.86527257076749,37.236786128709525,4.557955202167684,0.0,0.0,127.16589100308109,71.63370841357559,74.9877304942263,9.780125859239892,38.96122067604746,52.96230955180314,47.374248322397705,13.79305210793168,0.0,114.88450784484957,3.51725379379993,153.07498721108783,0.0,80.37579021723,23.808935170320222,0.0,27.126395531409774,19.78533775302546,102.2822907008308,24.9852887750243,0.0,0.0,98.85797085045529,51.3939870617288,158.46540919842167,6.376093557652941,8.285611388028462,140.48098842776034,0.0,0.0,146.98998262879707,0.0,48.87174753639974,50.59994299295088,127.82013737549565,41.07480228615496,64.22167021463724,79.26833462632108,21.06801215241394,138.5957610423801,21.890172572295715,191.65118019929088,13.929411668951696,56.150402348237144,3.7774114479426184,0.0,0.0,71.82837569644181,0.0,30.76615116011217,22.367733654776494,9.027560542290708,95.27057115990547,59.385428075468326,79.01498724235945,0.0,157.60049115416237,16.346661504353982,10.345103622071072,75.99315944021681,17.016832794596972,14.92939182017008,0.0,4.869345549189059,24.554728049615143,3.7774114479426184,92.98400207256788,61.35162823159219,22.898647643169607,93.23185131402528,0.0,0.0,68.95262050455632,0.0,0.0,67.49213754994976,29.398554886793608,12.997079530616215,81.06709904259563,7.759738928798142,11.739215116251458,0.0,12.458867277295104,1.9232358799689653,27.29906163542412,12.450354063290728,6.141391422212037,0.0,22.200498360459108,4.764406660007811,6.9484131805645575,0.0,61.364372314032614,16.411469718567297,54.15144007558395,13.11768738591151,0.0,95.34862239340919,23.478603851887307,14.987402688616513,0.0,128.08559435068003,200.73298068912973,0.0,15.142772806778913,0.0,12.952380394330328,1.9232358799689653,7.755874836390694,0.0,13.021139605213124,210.7497742989169,0.0,49.07745730431701,10.08727181430466,19.314361056008938,84.56469435516833,0.0,30.094968596980994,53.28866552367752,0.0,0.0,0.0,0.0,28.35576469219564,116.82913571979071,27.226297181164234,163.9099844169728,0.0,0.0,76.29343836923573,103.20423447975817,14.55784188484152,0.0,57.08870730526513,0.0,47.46494995067621,37.614366080613635,87.82924461896178,0.0,0.0,50.34588215789394,27.82956123273449,59.27065634570013,71.29377659554453,63.600941933425226,31.39230381142501,0.0,44.76357594692696,28.80334897362991,0.0,74.30964306837677,0.0,65.15198144625789,50.47968934934375,121.98546882284707,50.600332057304655,23.111549460534626,0.0,0.0,163.2150761562136,58.5313767994651,11.533286284333311,143.00996440089318,9.174968946387711,58.69892546581739,176.06773359722607,0.0,0.0,60.79100261320765,18.30728388281707,54.85554665033664,0.0,54.804578056801866,0.0,0.0,0.0,23.39660703874552,40.92720964696492,16.838747655907902,185.357692301688,0.0,112.9156623968672,68.60548153031145,132.99466496861388,0.0,0.0,85.07879619128745,0.0,172.65134804900876,18.13452654650351,8.850295437734115,0.0,164.74807603125032,29.296485013276
720575940877501751,19.527343049071558,33.37757975045765,39.98780612509583,12.845460657806115,82.25212747903436,26.515138003589897,6.950677883770995,374.9656724961666,0.0,0.0,146.1294822578334,0.0,0.0,0.0,141.06643571083853,0.0,102.99825251762717,164.50878369871563,50.44733228979132,169.77159938739584,83.55740321973525,10.90586404419906,6.083181413894305,0.0,19.336207660985224,0.0,115.79055636036912,0.0,27.921396855959966,24.757353536498,0.0,0.0,25.29751866327248,157.2769248603489,151.89605607001462,23.198168317820755,124.37185883133917,0.0,0.0,36.17791478345987,0.0,11.812172293402247,11.490496769209129,191.0057138205794,0.0,8.312877577585605,29.537694637615463,0.0,77.92147652394519,38.224527948554666,88.68277602970386,85.36943170025305,108.57520083337745,0.0,0.0,34.524176388630046,0.0,0.0,281.33036754256864,22.569099356481896,8.385732848315051,19.16132879742432,10.666263651162161,12.073894434159575,82.18301841356949,0.0,0.0,8.627140192790423,152.85274202513622,0.0,105.81731270505877,66.86042676498369,133.71818025096047,0.0,0.0,27.233354889394953,129.13474973937576,37.23152746954918,0.0,0.0,18.66122410282333,44.66593474259551,17.506893480879885,0.0,60.95154877322996,0.0,163.93774922836747,0.0,85.71082490254173,105.65165172937476,384.8921619436146,0.0,77.24321711268237,44.13507852163859,32.42607102289878,0.0,132.94777012640017,27.96112464608071,0.0,532.0401867850927,0.0,0.0,177.61222290510293,0.0,16.82256745304755,15.398293840037462,218.833027138228,0.0,0.0,45.90083165441288,6.322138428950619,478.64607337060477,0.0,0.0,156.8840847525556,0.0,18.931533218848077,299.21073384581103,379.97255887276145,0.0,23.98366832686312,265.6195222101438,21.41040183300509,115.59902108385884,9.14496874408529,0.0,0.0,21.367150179464442,0.0,37.37218195355982,0.0,22.938444694041717,124.12465417597083,147.13099200275244,244.55438223003756,249.18711868236971,5.747952060938373,380.15964467593284,14.914194219083868,0.0,0.0,12.22224816058803,0.0,27.11150421931297,11.407024721848657,0.0,14.459723949234096,0.0,11.009883066614561,117.36380399068705,337.579216342944,66.41230897032447,85.59649622056912,79.59268038089175,0.0,36.277819807963,67.72480543080697,0.0,0.0,79.04746603245879,0.0,0.0,82.10935525430985,127.42181288489607,274.9574548995102,0.0,36.77938942918176,121.24203259974858,0.0,35.895104685236326,0.0,313.5035803907402,79.83119629383573,7.757531132086811,7.399906140528925,0.0,11.042462502515876,39.881182761547564,5.899358296425157,88.9081855838062,122.79361939971291,58.433265372579,40.47407809486877,125.00148471745835,205.523068489883,0.0,10.699319776412164,210.1885313268777,118.86211700337721,15.380097812664172,41.56841605725085,0.0,245.09950147783115,21.65809980391429,56.84787471246481,71.22229690235335,0.0,0.0,580.5595290540051,11.909350013126664,67.73440820753449,19.62573467855557,96.62890672231651,0.0,0.0,0.0,16.615717588691194,0.0,6.950677883770995,16.770928370153467,79.79397393879917,0.0,0.0,0.0,0.0,13.023191307423648,0.0,170.016134643608,0.0,0.0,286.1209759359627,0.0,98.5328362257338
720575940877555511,119.99095949130705,115.37506618687759,34.289869749261996,46.016159507540365,30.645127320075478,45.87783027346285,49.02638306289955,11.6001242118628,0.0,49.78687027454537,0.0,232.21216727829855,113.95494241216558,16.682367626373686,149.84856406111044,40.04250078539322,280.1194396803709,74.38937414538069,57.30895560218175,280.8992695949171,14.412097766705484,107.6327828885166,14.836514859936846,83.94437430057354,55.26084527255775,64.92894316196782,216.80617852909762,69.75345151082648,85.88670932027503,55.55632035120072,113.93595713119215,51.99409769309109,150.06066052617018,117.72861907637058,330.0492932675985,0.0,18.146159810385267,149.78439038464754,9.569033843664732,344.8197850271745,75.52757508391713,55.64371581643186,56.37845306881546,41.72780310082749,79.01245266746903,0.0,117.61931915098724,58.85842755726511,0.0,16.749201343933972,110.26251642515693,393.8372973285784,259.40952947126584,22.906480653553327,51.4891072473856,92.1409445283516,0.0,20.39616971342353,314.02296215392766,10.207369726048723,36.44169497731608,84.96230783968922,288.63958973583857,91.91350381969411,63.455866790731314,62.751892652561374,0.0,112.88498144192128,109.23772167750415,40.031308232953926,28.746880399923942,132.2062726150305,20.395086400280142,0.0,0.0,43.98617701595682,25.66902037675469,180.7146211912904,36.6446044723516,92.13254717151084,208.89353052931548,407.56688256077535,185.29553934081218,7.192843081737221,166.5127734445679,52.37270395089201,101.6261877550169,90.76335979278758,41.88701515271988,275.81234544853004,0.0,0.0,165.40599431716592,255.1045523587277,99.3022390491476,29.08451524032612,79.51751709926262,58.98130366647262,25.19308977343369,9.001401944782039,97.18167174027566,0.0,0.0,47.82542286079231,152.4351794074439,111.86526445309714,159.7966711055082,0.0,0.0,0.0,114.17720350082531,84.54864872318828,155.95643598619296,106.94828355206724,47.49662834517003,27.90462917442597,36.29078766932289,94.89288146629028,119.89485815786732,43.85334587344289,0.0,134.39497205228855,173.3867600301202,211.7666128877135,44.15977570094435,25.794843290873143,0.0,17.174244027056844,62.36996498870338,68.73437947466445,207.76064606069082,20.880615627476686,90.99147006054332,0.0,75.92797052279934,73.02934691953374,42.91568684363648,36.890460292193104,0.0,11.77519511227655,13.929230305116153,214.73814862003502,69.94835700144768,51.34551651576537,87.09201620544546,0.0,194.8566601975747,131.50642900900107,0.0,18.51461835212512,25.66902037675469,0.0,0.0,234.56661649387644,8.266232923140715,29.27182905557814,145.84958617804318,19.516962450329327,402.83818072673677,168.2076154739124,16.42273185629068,0.0,9.851647855122456,143.38067429707561,80.63295236373457,35.862469376511214,160.60362293862173,4.789173994950222,0.0,0.0,80.58782419110614,270.0105415218511,172.6813965181969,313.36506577915804,177.34291406737387,5.164658637612552,44.040050333534545,73.94441027990447,41.56730242698409,29.75800743463946,17.16701626258685,212.1057832032947,214.40505632237938,445.52822645673655,391.11466145292974,26.67919326117516,150.54700743513217,141.64923777451915,125.90541350003748,0.0,11.142499170927673,241.44493982162106,106.0949761025684,340.8270123560804,89.4146338383799,7.289336683628125,7.764751969620273,60.74708982874485,150.89542194230782,172.43583869555889,75.23375561438564,83.17347782149926,68.88478733683893,65.17334993311218,0.0,134.32522143213282,95.41050021589503,23.61653855441425,405.34438813098717,0.0,334.2881922529789,56.035858410631064,77.6612857070916,57.441855690319045,23.30379234707534,227.5899852453359,92.97920924726385,147.67957968214736,308.7077702130144,11.3568245316629,69.04105706489075,250.14853664846478,66.79977226915473
720575940878312571,235.56926210364884,19.8636065858277,0.0,0.0,42.93558527240633,77.61947423414517,206.66976649192372,0.0,0.0,72.31256134707854,0.0,1219.6340842809561,1665.991566236174,0.0,0.0,348.68884949824843,44.896272444051775,0.0,292.7150957683849,0.0,0.0,59.488838164377974,40.43014648569721,360.3596920447892,0.0,506.9904834819173,66.09691995554677,162.92757609320049,169.070178083602,0.0,99.84665637509056,81.13807565997858,280.401658371879,0.0,0.0,0.0,0.0,108.7147981231404,0.0,212.22341972430405,1092.567893673621,0.0,39.061524690071806,0.0,282.4416057829052,0.0,479.9211998168153,0.0,0.0,0.0,0.0,88.27656234343091,270.5811550159368,0.0,92.8626535244069,0.0,14.193592775274645,0.0,6.840908981228465,0.0,26.292168114523484,113.40420308131452,0.0,1080.1062804308085,0.0,48.441316895083624,0.0,0.0,10.308005224912083,62.89445326155918,70.34051059120014,172.6880551770338,20.656364999582394,0.0,0.0,0.0,0.0,225.05654174489183,1294.5499600422002,252.86205497124072,116.2714729930462,641.1187526762895,32.99006318593354,0.0,73.53963461539333,0.0,62.66990855778509,0.0,51.57111084724819,0.0,0.0,0.0,162.31455476735331,281.47291002754497,103.0832943141336,0.0,39.43152972395545,0.0,21.112236252625,0.0,0.0,0.0,0.0,75.46990047962406,12.43638265805399,339.46025597966803,0.0,0.0,0.0,0.0,1386.176700248746,46.64834819869833,226.63638952071767,0.0,0.0,0.0,0.0,0.0,0.0,0.0,25.323662855839743,77.93954447831187,903.2695796236524,133.60366673756363,21.80032747122066,0.0,0.0,0.0,306.3686915276292,74.08592974647371,534.3573689923844,0.0,26.58523558530079,0.0,1.8875598666002624,2.838341124303631,169.10233368422567,79.19624857704586,58.88045621186636,5.411939050796459,0.0,273.1974076036555,385.7783969160485,0.0,0.0,0.0,1111.9668431747962,360.1595042451486,0.0,0.0,0.0,0.0,5.708099501750057,91.88547268749682,0.0,143.43719152979605,0.0,173.91618693265693,1712.4167885815834,0.0,0.0,0.0,0.0,214.78306916676286,48.53971365122973,9.151298772346529,0.0,21.055328397482263,0.0,0.0,157.80474740009487,33.846466998568154,414.09814492746,1078.8115790645577,976.4420217024126,0.0,0.0,0.0,0.0,12.612774459710424,0.0,386.4662459733203,442.3410103642222,290.55028185804434,0.0,0.0,330.03454008977064,35.302480226685844,0.0,9.557225590050137,88.44794361589639,38.928862856837526,0.0,420.57726078236635,116.32966589763524,0.0,0.0,0.0,56.9854481306318,57.17662569141861,22.778149173467337,22.56388103426005,0.0,23.316026802319566,0.0,708.9437643746219,0.0,0.0,615.7274863689319,0.0,75.90609727273728,48.86077144651376,0.0,395.6616314964288,50.45349151421824,209.1158615515605,354.3516242953181,0.0,272.27940343972483,10.328836942708572,21.740215777280746,619.002228190535,0.0
720575940878325883,55.27982050156081,0.0,9.603100319661827,0.0,0.0,0.0,0.0,30.78019434014166,0.0,0.0,0.0,0.0,0.0,115.32293516694274,32.30657225487362,0.0,175.39292327953308,59.055252377968365,0.0,0.0,24.533969570640533,0.0,0.0,0.0,61.20310609534123,0.0,27.2092789985584,0.0,0.0,43.99096396542857,0.0,0.0,9.816409407383029,34.00591536732837,354.27430236767617,0.0,28.974676637972852,5.20116543570842,41.39178169312768,0.0,0.0,0.0,0.0,9.377557616108868,0.0,0.0,0.0,0.0,55.85841109621185,40.23083769060945,59.32643352776306,12.773973610665147,42.78540950297726,18.5599590539612,0.0,50.42879587972536,0.0,94.59540859281276,206.08738601308517,36.67651615863857,51.76580597999284,0.0,10.854612364560298,0.0,45.429372317603594,0.0,39.055610793349246,100.06040321425965,7.82224958466749,0.0,81.87273256842998,6.5335834753325575,0.0,24.236825278353262,0.0,59.2931360540918,0.0,0.0,0.0,0.0,0.0,18.571659715456565,0.0,0.0,0.0,94.17077263707736,63.670515255723686,0.0,0.0,30.480393448183243,0.0,0.0,57.662069092923254,8.257415090646472,0.0,0.0,0.0,16.693473138000947,0.0,37.18490085295327,51.33118092841562,0.0,42.62586648165999,0.0,33.78539495438042,0.0,53.284858416357245,0.0,25.08274156525528,0.0,0.0,65.24895376934172,0.0,67.39921520688893,44.181449094483966,112.18152208315804,6.929608870348041,124.59078683726952,98.7881441242816,201.3427157551078,0.0,59.43735208981633,0.0,17.32718633538592,0.0,0.0,0.0,8.832180577699605,0.0,0.0,0.0,0.0,0.0,40.655900369643454,7.285393265478532,0.0,0.0,78.8684431295828,0.0,0.0,56.7305430219729,21.934554352899617,0.0,0.0,8.878308867276123,0.0,0.0,0.0,0.0,0.0,23.918861097334066,0.0,0.0,40.123304634994014,0.0,0.0,74.93435777679055,0.0,0.0,23.36445143006718,27.56904892292668,93.72384670063252,0.0,48.72341993538999,17.894002579615965,0.0,45.479952256292904,0.0,59.16691909860811,0.0,0.0,28.53431048893905,0.0,0.0,0.0,111.42376998147544,0.0,9.057727786145952,0.0,0.0,66.96438496392811,0.0,0.0,19.91089082991833,40.026251900765246,51.571588401409656,0.0,20.479596052107716,48.03252211844927,0.0,0.0,42.87542130611824,7.82224958466749,0.0,0.0,4.829530151443112,0.0,0.0,9.348933454240436,0.0,138.04867653853591,0.0,147.9338393410557,0.0,0.0,0.0,0.0,0.0,0.0,71.66021861442877,0.0,0.0,0.0,0.0,0.0,17.096022081769743,0.0,21.927752294166858,0.0,27.564890447523688,0.0,0.0,7.559470224598251
720575940878326395,256.13763044942687,74.02894651955941,8.15591069674176,27.330280586940876,244.49013796110256,47.959841789365456,15.064626732336126,259.1395519221828,0.0,0.0,230.72490270275927,72.01646395153544,13.615987524540047,60.809031747837956,245.3777499758048,43.13649353751447,116.83784237107443,305.93863268165745,133.4223054338593,135.50532865955515,6.49706826695237,84.48111962594685,17.969053217994055,163.72650196459935,7.375236194982527,84.7577693399325,186.10408982194193,18.394252758380542,62.34953281819436,6.463767841556401,0.0,63.68194043585784,100.50581229261792,22.901042367040535,150.77430855886277,0.0,211.12938588528633,56.46013234734174,0.0,42.398357984477464,0.0,3.607087523475489,63.7917078853626,285.0468959454334,73.48202632361549,0.0,67.53766689844753,5.225208746531015,69.63852085439142,401.7546592712065,36.03605328625802,209.50491441294955,290.47621834066445,0.0,60.36632815119066,15.030208289444015,0.0,33.29226424572944,114.40451655572288,67.57659332255027,122.82309200761752,101.98546512644066,43.22599558375625,125.628765619794,42.77255250642666,93.21200738949345,10.802225260815366,54.42789448718202,287.87914539380097,0.0,208.01470035910808,130.9447867755113,238.24276828302848,12.23387734598764,0.0,91.41975036124624,274.62240380347805,81.356829337341,27.706079354628766,45.37130379052857,39.84078320946558,183.40593021979376,40.9004844806941,21.300522275157835,31.332807935356588,78.79851400495855,353.82518970761174,16.772612751707456,153.7806679494531,244.42166438621942,222.3061208749385,0.0,93.27928616259747,176.82123126803972,22.033167179851397,0.0,72.81580144922255,8.219519119692608,51.070638381463006,295.2208608981832,0.0,188.26011393116505,183.11300824490272,21.380984395015897,191.54220210263074,46.12009728228857,61.4844498854424,0.0,0.0,87.9751721635392,64.10667287667778,226.6392952466773,34.25435496896865,8.662202001632783,264.73323665955246,23.28224916158122,16.2889919236543,59.24990764932148,153.93657092808496,16.17542614204763,9.909072827478496,345.35464695504135,125.95241943942182,58.42857664171713,131.14465041114738,0.0,0.0,0.0,56.58459821182073,103.40911486479881,104.16205764777604,104.05644244180527,165.94786996345996,414.85023668149773,267.2389162836255,167.33557771900695,67.07543146297165,136.33676331956494,32.34198584038008,0.0,0.0,25.446363357996944,32.81613979645354,79.62547823779938,110.60358456384236,32.095376576912,35.54036393212089,55.57141162645733,46.02063430300771,155.74977180942764,190.5046702743379,60.07135773095851,65.09214956149495,84.6370486270326,6.49706826695237,53.84951248328651,179.44873715915165,30.26971770294504,111.2078770790408,90.71665778291181,0.0,7.07545133755793,69.42046423078072,130.9428171361498,198.70477571792478,4.930114342654009,11.982822047975315,250.77275888924487,39.615238281179224,0.0,196.92443337057787,242.57579228928068,142.01494930488423,146.91663042814196,22.79978234573354,140.1937299856603,7.537895040093772,8.45608682612121,91.67116303124595,75.52434525351141,75.95101101189518,230.01916958035324,112.47744723809132,124.5545420140622,53.438293642930255,5.272570678925316,0.0,334.98156671869674,71.68722858470397,11.066065332633174,46.305935405312475,95.8446019449409,162.15592706097047,220.67845129804863,48.38082314848399,116.82497395254543,0.0,0.0,454.8238215363747,113.272495756333,192.1468612591753,10.0910480864949,226.18934787365797,256.1949934172725,0.0,4.32829545844363,21.210564176068438,0.0,124.17285749275625,0.0,146.67332704209815,14.79887714844203,0.0,16.545666131297693,79.5354219922792,69.96793375546325,70.65905213006708,126.08155757446116,0.0,236.32876276853395,170.944536791524,157.8656025301441,6.762672235677218
720575940878916148,77.29008376126596,0.0,0.0,0.0,59.30239854775477,0.0,216.76963499674264,180.6182853930221,0.0,0.0,24.138580000864117,326.5307110696677,122.34466365417823,0.0,8.710594284931716,345.1495816312391,77.93424850179302,0.0,235.1552912340164,0.0,0.0,0.0,0.0,70.92696837200047,0.0,326.90700874570325,90.23853554035112,421.3539187454083,0.0,0.0,7.2946852142934775,135.42516197913017,50.605899162438774,9.47379225752316,68.29392317290625,0.0,54.05312324103236,16.007226488349705,0.0,15.735757945578813,41.357106599951756,0.0,0.0,29.057961701742318,58.499760795148134,0.0,8.256263321744486,0.0,36.64656021913949,29.15581849103531,0.0,141.99353608611705,24.818281257327545,0.0,14.711036459541505,15.248525196224382,0.0,0.0,108.16999895394876,5.796194878298695,111.31684977780432,160.65124918223552,0.0,341.3735048303474,13.745477706140468,0.0,0.0,17.49445606073699,39.44725618395864,0.0,33.81226880380429,23.359040033743387,69.87380636031324,35.45837863985271,0.0,9.342153296983183,52.92043789009505,112.97004581551003,251.61815269086662,136.17180058035478,59.693216612182944,105.231731834574,0.0,0.0,108.23695583753394,0.0,0.0,7.211481704322313,224.66929916464713,19.795858581712768,79.27504538957643,12.162706325532596,24.06006127436691,124.34855988800524,0.0,0.0,339.7144420750362,0.0,7.083187380801657,0.0,0.0,0.0,75.58234750661099,0.0,19.31443074905623,190.5284220107682,67.18087901301838,0.0,0.0,15.82550805541511,258.66192055812303,31.669107992941836,46.83532189381607,0.0,19.55719343959284,0.0,0.0,0.0,9.775909915732372,12.907464830424745,0.0,120.968792474279,249.51328377797054,107.11409373024476,17.212502820935462,0.0,0.0,4.938032187043393,98.76661700830594,30.955114144721268,38.4366107582416,0.0,162.3021959845198,42.61601106942493,192.32380711913572,242.2573491818992,335.63430207106654,23.061221485254208,164.7367863881365,0.0,0.0,325.74336852023373,494.4959058335956,59.510510405550214,35.32103810365264,0.0,143.90769795451732,171.6767051683117,0.0,46.765535903661785,53.78177657960162,54.240492808498004,84.24392159913988,0.0,0.0,36.96523796816377,20.8859498832448,294.0917090307276,247.6445497357064,98.0718111503357,0.0,0.0,29.619301900234678,50.82067174238501,90.49076833682436,0.0,0.0,128.21284064580854,23.002570961068212,0.0,7.771164232324429,134.93496969512043,185.9307213602029,60.073665390491314,340.54352662454636,40.05054056246689,0.0,28.21706293991286,0.0,153.12502767826356,7.889655914217261,157.27628726807635,85.39626555789428,132.77468942280044,50.56334377641248,0.0,70.70105545922885,61.43622659823764,23.706383852064388,0.0,380.3886374678128,10.359620693505924,109.05594255969176,246.6040981957264,16.11112832709751,48.820651124895775,0.0,0.0,254.8598867874909,0.0,108.9054299990132,7.3113664713633595,30.97174791372441,18.72565517592097,0.0,213.78469060035064,0.0,0.0,130.516907961994,0.0,26.561085670589637,4.5617619359411234,0.0,390.6179591371086,18.001494434350207,41.622736743158704,219.22086629663204,0.0,386.00681916705923,0.0,149.33214548998654,119.9520637272547,5.012200626196487
720575940878955572,33.66980826829697,23.458064704484208,8.18633324986279,26.638784360667646,20.730185250115333,0.0,44.809948581540745,60.273596832572814,8.128758949380979,141.38752920447888,0.0,115.87719678957907,87.85928664696186,0.0,54.03390382048927,97.83343560607624,250.60052876467785,8.545568213013366,44.483317529387946,31.427190195589404,42.96048851942606,0.0,98.83072836725516,18.13210862360857,30.198196208382384,76.87942994042868,56.30902698634959,15.667602456867776,0.0,61.84893220478654,81.48514338175009,11.23540926886577,153.02630953217343,17.15762861140666,55.230850762288306,17.562199885168706,5.6235202405227955,262.51879128032226,0.0,107.32776929500132,10.493403793423367,56.651292896426924,35.6392018637176,30.307762722134022,14.016544079925275,0.0,37.11751739406347,9.165571947100803,0.0,0.0,17.430513748066964,58.79837473830601,162.19241651695285,0.0,0.0,114.8797517341893,0.0,0.0,48.81698060557053,4.753644794723024,19.460962665736684,55.6454086171986,272.9323282849476,92.95788255827162,81.81841377749979,44.71537601251528,28.554071029430478,0.0,36.31015609426912,0.0,49.15437457346178,25.81256666385585,78.44908657204579,0.0,0.0,41.482714720673115,61.44146372871134,20.184645441665207,114.94388353442301,14.359535204791602,170.923438342028,85.11766632606918,0.0,0.0,51.855226474209296,0.0,48.26253397103488,86.60228672062368,93.23297304544808,50.347208868615105,22.566016646475088,0.0,0.0,110.50583273390602,124.5457661538112,18.841598830073867,44.68156739459586,52.976220664270954,38.01916803169217,21.54746803880093,0.0,9.605207907454792,41.88990716302601,142.1075272711726,0.0,26.285576300028996,108.5250862232586,11.397383829715967,20.703597037820845,0.0,39.30013044268003,18.53141879980614,0.0,0.0,8.742676736497787,0.0,25.59034180535951,29.355265867391047,54.40267614790128,0.0,11.18890709152017,85.31577787140387,108.0432509691684,47.67030566958437,51.133136909123316,17.481573802725332,0.0,0.0,10.780223991537348,9.497940394202576,92.53185924633972,25.64874947213296,19.957631076012202,39.589755982184315,32.95775932888582,117.9655392780292,61.41949239956737,40.22348971732187,40.821302857082614,55.615572771336645,0.0,142.1807096418626,85.09828574608672,12.344286252612015,56.48393797773925,0.0,45.46214657930245,10.59945255942013,6.235748002276226,88.62748947122293,62.686246870642584,11.638326578194999,17.47133114030306,106.3746489102575,10.259595753467998,13.212382085099424,16.228419596625372,21.85406529160562,96.99599316785957,70.66476040523887,0.0,0.0,35.45902007023747,40.7285839275402,63.67251034717305,109.82825057772315,0.0,68.68118958821327,0.0,18.68108779258444,0.0,5.948538979532236,77.13254740257005,35.703000581237816,125.9283602318705,0.0,25.22517118024428,0.0,11.401054486550462,15.446132679429482,45.6814304160399,60.68484449858343,117.33685397247237,53.917141673725354,131.23120855054626,0.0,71.30006494884034,130.44185742966684,27.00620243096515,61.47873033834227,67.51496769934087,63.575122942706756,21.767678793441316,138.35661282516156,8.281236542330143,37.982059611229516,21.084274877981322,139.56953975952294,34.51966647944927,15.3723898705285,7.416424929143157,64.01642973564708,0.0,73.96810897218148,0.0,99.10134588241029,25.23583938004745,84.22712785860529,37.90013755141316,57.487077083661326,173.53893995983057,5.067874941370608,24.497525791659086,105.10528769033209,66.29716629765927,88.09294564491307,23.863916183195766,146.44723068963427,33.05116348638337,11.23540926886577,76.59108731316522,14.202311583151635,177.11749274636608
720575940878955828,196.11468724408215,0.0,29.840934632013262,31.557552506249795,42.708657581595524,0.0,14.218371480396709,36.897056928071414,0.0,5.217068178378208,63.10743687866816,24.520259861570057,88.91141756839596,147.22489208054864,159.77042075977127,28.85930173573893,69.75153079850878,279.4200501930212,39.63642377645488,31.74308645264387,38.53480894599332,8.207445902188557,0.0,124.67985045846075,76.26699669472266,34.992392405874,26.267937308176954,21.88429987833116,0.0,44.98464710267458,31.864895919351113,27.317818147984173,134.11053175764778,97.84436211876371,331.5936608963354,43.95502577833778,0.0,40.49470983607945,30.810440800707553,10.777661428178309,18.427980523291613,41.07326881381462,18.427980523291613,158.85414244137755,49.63622490493182,0.0,17.218144753817093,14.142693399318809,12.118860468814866,72.23178925709456,58.80291640633518,109.20879931994763,314.37807264672637,35.289165203724856,52.22596230723074,15.243933388749603,17.02461751094393,46.152154364735125,7.4968128984129425,16.874645930795342,6.988229588826873,24.922147309650203,22.574491215982373,140.0986670887018,143.4444968032436,120.95479363554873,0.0,34.04881081220774,16.15294781773136,54.24882286599144,378.2512127838394,19.826996822747297,85.52794813541503,31.831396633451526,0.0,5.433116076917696,32.3314290425952,92.2771887273,40.645454521514765,15.265006857427144,115.93657607693616,64.2490476429704,0.0,0.0,23.605723636085962,55.25910745005692,200.9565693503049,7.1136881312443325,42.049681916103154,151.66674788252178,94.41958171835938,15.48437103882385,96.65120363896024,123.98299088856531,27.850357109204932,0.0,14.640930255342221,7.765996943411186,5.657966035317991,204.87089415169564,132.01293809326697,47.754450322630696,131.44272255872758,50.46951977398134,37.20148208694104,13.75587952151318,188.3148648651002,24.500767604979405,17.939914223840685,12.993967759099053,12.54521579836629,127.1008560029446,0.0,0.0,159.73277053328067,138.76824191528226,108.33396347298974,161.58579213688958,211.2304484231249,39.54891213448968,0.0,30.68428872717568,114.54756489322901,134.1711372114749,17.447134401711715,6.862114373706858,0.0,42.52193473885441,70.31392509982489,0.0,110.15865217775149,41.565393322739034,0.0,242.16831989052835,65.06802627735875,30.59068559430618,7.665928397934449,241.99524537466743,0.0,15.69894289761384,58.480458551189436,9.879329606227836,38.82869998790616,13.4081179353156,79.37887329820339,0.0,40.71016310232289,65.60574533759473,32.58810361310125,0.0,4.625649294757379,3.9602364828378622,0.0,100.22627275969356,24.857977986018458,0.0,154.06558881886593,40.12900427908308,82.79977774249271,104.62874091735729,22.987857695857006,134.1055429096905,0.0,56.41753098837206,129.6614785183051,1.3497885019513243,37.88624482577801,16.874645930795342,120.56086048140224,0.0,0.0,23.686456525621292,228.35683019776945,74.14973313371456,86.8800749883273,321.3193133479331,0.0,59.898805762633785,49.18217835948467,0.0,163.17675749542923,94.97756479477007,178.1881100476496,121.1615017338992,39.70391369503994,0.0,11.568132112258068,226.66323541513103,74.62235163590265,0.0,0.0,109.1107436891635,63.01561047818428,87.53266144848679,0.0,8.628831533328832,33.71784040102127,8.695232221956202,170.3337268172431,20.627990038617483,159.13050293217833,35.57274581130753,236.65236035343725,68.94239386224226,0.0,18.71842026236504,7.625729303186101,0.0,48.60854451071013,17.117289380886223,30.63414546216477,0.0,36.111622063678226,28.85930173573893,17.447134401711715,91.05265913497578,64.26346292445247,78.72915092742318,0.0,103.16248693311707,9.711449582012778,90.41382124118924,43.980580341591285
720575940878956340,246.23013843110124,0.0,0.0,5.421688439168509,221.34657021193266,47.79030558223816,319.61185141540415,40.407061019814265,0.0,101.08170048794372,11.184186513332996,467.8186913996585,603.3384684432207,11.291536925965737,70.23091588923647,427.8804054169849,128.40154630873806,62.079322259071475,671.0306462877274,14.032578999250278,0.0,62.90331290145141,29.71604156303039,585.682628403778,12.83319328755124,561.4275055061095,368.09640583076015,193.41744042941852,149.1329073086542,25.15448956498196,217.74120706283992,618.7663580481855,205.58655868689183,0.0,24.496357137710156,0.0,11.317114736213169,425.747551874076,0.0,369.9765683743405,397.96537528558,0.0,209.27026767874258,78.90354424800866,351.2593242716201,4.961771244302954,174.09435573867646,4.961771244302954,44.00952509923345,13.92471082467131,3.3427624332246326,241.01086160757632,738.4126922654982,0.0,292.73208674235843,35.956504303854544,0.0,157.52563768354054,69.75810192242098,125.76943092765406,51.39634761921971,232.77599972254183,43.87152434965415,716.3933908646693,20.64353786908365,100.38857933980938,0.0,79.41120917167177,401.9519140229691,257.61667265928867,171.0789540171133,199.108666929556,963.3820285976113,0.0,0.0,0.0,58.64392994897668,302.728919743436,493.1791830987152,612.0622558535847,222.1466641450885,848.8314783351996,67.67110046285008,0.0,242.58940574808227,152.59003383600535,154.40893733976034,66.31079960670928,334.450821233451,101.72459005193703,103.10447718634602,5.3895715409846385,405.1317183645492,534.8427094641786,263.8011193340434,0.0,417.53125451349183,0.0,503.89227054040197,110.71967145213705,2.7520526152599,98.34853280564785,45.98362938387219,107.47424121479892,86.27919088174255,376.7800896991128,48.04902567693869,5.091879588556491,0.0,0.0,616.0202212160365,98.64262960795196,386.95430484976845,182.39784066649625,0.0,6.770446656252305,65.24671606642374,27.08455449333848,17.717398297158454,0.0,0.0,214.45805012164013,663.3902549614169,151.5027483311192,471.6268464851404,0.0,0.0,0.0,637.337377126168,130.231177021158,317.9284229700993,313.47761899127823,342.4872345236202,4.949632147895727,148.44808050833288,192.23559177798896,290.8124193415686,152.45368312887425,24.69712215138453,33.905005672027485,61.00139451232293,358.5838522637892,414.0391488937125,160.7565604863013,16.746246631125608,75.42505981750779,744.8080559456084,456.8781839234196,15.408333137236067,396.6405861629299,94.0522943292832,0.0,23.003004149787596,116.85470844737077,0.0,64.8916023089026,136.6288959735851,352.9300894176166,1161.263258307502,15.603562459592238,125.11017453833293,0.0,113.56881376179996,479.5171874694945,201.5452814080644,23.533514870594583,0.0,148.15444359601327,68.6758151965857,0.0,254.68692030652122,187.6745906079316,510.39614098741913,664.8210797284527,584.7714077846296,5.600554614562389,0.0,5.572827655580006,539.6006848028553,10.276042696292079,0.0,625.3882577129804,152.0544276791873,593.7534942353042,0.0,2.226552716645173,218.4681344292157,268.0094148531882,55.77658295535152,17.438559413177032,230.3829163718313,306.3874172763093,55.23671414767501,641.2332890434733,60.96930323751255,137.65425765854252,0.0,0.0,512.4778829307979,103.88021119349536,25.515972044872772,53.21657171419217,14.97321548298181,535.4035856978583,0.0,526.7442187329459,0.0,0.0,621.3429916150442,35.11209404901351,174.84867973249663,128.22803006301302,51.7986551398351,531.3002091988401,653.9914941581426,493.926836977319,697.9540087425216,23.713712314122887,332.77938539792365,320.0907901722553,309.1571800510907,441.82842884636835,15.602583969793386
720575940878957108,36.134457257146785,10.5402113359737,0.0,8.017492466256842,0.0,0.0,0.0,0.0,0.0,11.46952961962976,0.0,20.954923372850264,0.0,0.0,0.0,0.0,8.868152625457697,0.0,0.0,67.18837488723992,40.540963688255516,10.419336005152768,102.77082630460396,0.0,87.31182040753184,0.0,0.0,0.0,0.0,0.0,14.176648071430089,0.0,3.33968639681802,0.0,45.39900295509806,0.0,0.0,65.18362593422424,0.0,116.42361439210754,0.0,18.198646206150144,58.15431054977539,0.0,0.0,6.5214566226738455,0.0,91.05514164669168,0.0,0.0,24.49726251258048,30.771644818794563,52.586810732525336,0.0,0.0,17.341435011183403,11.001225839110322,0.0,44.36266080568147,0.0,17.2018878005934,13.654369031876216,26.408299516292654,0.0,43.37360930536618,0.0,0.0,0.0,0.0,55.24692962274841,8.024295107937826,16.07324255792507,0.0,0.0,0.0,0.0,0.0,0.0,0.0,0.0,61.067431399946315,76.71985968541651,0.0,0.0,0.0,0.0,20.14051690781837,11.986326891193745,0.0,231.6920418591881,0.0,18.12708071337951,0.0,0.0,50.50137016609189,0.0,0.0,24.617831553414216,0.0,0.0,0.0,0.0,0.0,97.03790529468671,0.0,0.0,132.95103772436752,6.139207038008266,0.0,0.0,0.0,3.5658297307785407,0.0,0.0,9.471697284528009,0.0,0.0,0.0,0.0,0.0,11.889826487632828,0.0,0.0,65.58811784669585,0.0,8.010941430490957,0.0,0.0,0.0,0.0,15.234467180712802,0.0,0.0,0.0,0.0,15.094461670694196,0.0,5.645157113194975,0.0,0.0,0.0,5.026542991979946,10.899267643016312,0.0,28.450485714675345,0.0,0.0,0.0,0.0,0.0,0.0,0.0,0.0,96.92846233992772,19.860593418063853,0.0,0.0,0.0,3.253662705321497,175.66049812564586,0.0,0.0,0.0,12.906701338305739,0.0,24.864686655445833,0.0,0.0,0.0,0.0,0.0,27.315817959083688,37.904466148632416,0.0,9.110879628969936,0.0,21.19554882599338,0.0,0.0,0.0,0.0,0.0,72.51042050526954,0.0,61.25206257881892,0.0,0.0,26.80983819803841,58.840027658647045,66.63516061974593,0.0,202.17596882180177,6.368459117111244,53.347480260687085,11.119515227585296,0.0,0.0,0.0,0.0,0.0,5.778043284439256,94.93612461297312,0.0,0.0,0.0,23.705751440111868,0.0,0.0,10.587460670108278,0.0,245.1040170773126,0.0,0.0,19.383670760619445,0.0,26.57616172403135,0.0,61.74038040186709,0.0,8.408693535003106,41.33005828453264,0.0,50.08820075920869
720575940880005762,8.806868008906546,112.66808606678724,0.0,6.809244711215739,35.63496359273193,43.592091062679785,9.234890243686658,0.0,12.471806288944432,6.0514997391858305,0.0,101.61087157213484,6.73358899176119,0.0,0.0,0.0,15.191965520511488,0.0,0.0,34.59720261239357,4.610555316264805,55.53689493027699,77.18298978171434,0.0,7.576988599115157,13.710468745464954,10.674409504338351,0.0,119.03143145281665,133.9987275436684,44.79359034560042,42.013580326770246,87.23398702018687,23.91420861144819,0.0,13.173220886318237,0.0,200.92428180547952,5.663596541150773,112.14214926192385,36.03484000460323,9.348471649111529,77.00170536905003,0.0,48.10352442050987,8.209477409077085,134.13278728704307,0.0,0.0,0.0,0.0,8.093309045626699,206.1671585599105,3.0457711778151704,32.13132219686797,45.09718272792459,72.09203601593147,37.49055095486048,98.31379913158513,0.0,58.95462647347768,75.7339505159744,8.385089066052345,1.2967190327900644,89.0870702225855,8.518517849951989,5.897295750587525,178.42780165416812,9.235095110095461,56.15251340902777,0.0,104.82759644486437,0.0,0.0,43.970106666293766,12.378796791235951,0.0,0.0,0.0,10.361625415181013,37.08607417052324,176.86833829367532,134.99164326126154,132.1657335929503,191.95525212737292,24.723496861350498,6.6435464523321714,24.630884069562388,6.3482643455692225,47.421678185694326,0.0,0.0,0.0,65.08782844364876,73.16067880365969,7.140493719389909,13.758777005787483,84.10888515422266,0.0,0.0,48.15979244975995,0.0,0.0,62.008970459593854,56.187337999462834,68.59262392152988,79.28349791816272,0.0,13.871472096751742,0.0,0.0,57.001237600543796,66.95107154364025,11.217958432725812,0.0,0.0,16.36142740702268,0.0,0.0,0.0,165.1601046238915,11.133783587764329,0.0,26.802600153100663,0.0,0.0,70.11034952800023,0.0,0.0,144.72232911723444,27.108391013337272,0.0,0.0,0.0,17.0428513225669,6.494245033899913,0.0,17.827581278203493,0.0,61.58926126132225,0.0,11.816476287743631,24.94812403870056,11.870771635551352,11.322610365869513,85.81026823033521,83.98022045564294,0.0,0.0,0.0,0.0,0.0,4.847153396215067,24.146981619827358,0.0,134.73997579940476,0.0,0.0,24.398486951444923,32.73570458553768,6.1762783238885985,3.2650984671216277,29.73597435676866,9.631260958792113,23.15953271249674,27.794242743625365,31.748438740987798,0.0,0.0,11.424058001858091,97.70263393009571,20.98089873131,65.47620463540632,0.0,50.486800800231606,0.0,42.3744723763454,10.9832585944117,0.0,64.29878775496866,0.0,68.26092243641622,12.040052258967757,0.0,61.70354553755808,70.80858782447147,21.675198518918002,0.0,36.34965966355625,36.704484061434684,0.0,10.370585790637861,26.20063206219873,31.2113876565012,185.8478929325075,0.0,13.119414714863462,0.0,0.0,90.34100550482084,0.0,141.75432032258536,0.0,0.0,8.249166627988435,13.896141714420184,33.057130468956835,7.963140014215609,261.6471494207371,0.0,121.81782013548252,22.958835496719125,39.610811064255785,43.16088819753133,0.0,104.65704424722335,0.0,37.93778744895205,62.11146687634758,0.0,0.0,6.73358899176119,43.09074288299081
720575940880837650,14.23541422445178,56.90468755244807,0.0,0.0,0.0,4.43957264401637,0.0,4.331282264089856,11.688810979282884,157.23014396948395,0.0,0.0,0.0,0.0,0.0,0.0,8.338134493833255,5.181450296880828,0.0,89.19745873508226,20.22009549493543,8.338134493833255,201.22565430098155,0.0,62.373383842651876,0.0,7.5779984868846375,0.0,0.0,128.91149624633908,343.4899876889307,0.0,39.20443953474218,18.935407882176744,44.82738656113691,30.654225854749782,4.331282264089856,243.0908081658839,0.0,16.678129976524325,0.0,21.726681035283505,25.29456862099373,0.0,0.0,0.0,0.0,38.27995562622007,4.331282264089856,0.0,11.116193532479908,0.0,43.29392134820757,0.0,0.0,45.81783372002931,11.222470264758003,0.0,48.68205959814604,0.0,7.314479666015624,0.0,62.146199616687966,0.0,0.0,54.51949714942392,0.0,31.846224718297798,5.202353717606364,117.83869862112901,0.0,14.889412121900465,14.800589066086996,0.0,0.0,0.0,0.0,0.0,0.0,0.0,57.638422777650575,35.943637348791995,12.081048518708723,0.0,10.472946740236145,0.0,0.0,116.82058521971595,0.0,61.569170641041616,0.0,37.47367890761943,0.0,28.553840092950676,39.857497859603804,0.0,0.0,36.86375832754957,0.0,0.0,0.0,0.0,0.0,82.45462536180247,0.0,0.0,41.915995146999556,0.0,0.0,0.0,0.0,0.0,0.0,0.0,1.814628186870295,0.0,0.0,0.0,0.0,0.0,11.265794365449127,5.394919670737125,0.0,16.068426440649137,0.0,23.96236124515765,23.835917372333128,0.0,0.0,0.0,22.306504583845012,0.0,5.394919670737125,0.0,0.0,0.0,0.0,23.824715147336224,0.0,186.49946025454994,0.0,0.0,0.0,24.87931612070395,11.443993976252605,0.0,0.0,0.0,0.0,0.0,26.552077700444606,0.0,0.0,68.62398054255608,0.0,0.0,12.299243398588214,0.0,0.0,78.99205873846104,0.0,0.0,0.0,6.990742639196231,20.07086241878129,122.99840612291557,3.0192749014588505,0.0,0.0,0.0,0.0,4.331282264089856,0.0,0.0,0.0,0.0,66.05335643083741,0.0,0.0,0.0,10.597273388343488,23.13872355992025,33.74701545050551,0.0,59.48784497940047,0.0,9.021861292368392,9.833746912921924,46.072019692729434,266.7763306479664,0.0,25.78105580992129,18.637375492895647,0.0,10.472946740236145,0.0,0.0,0.0,0.0,0.0,0.0,141.30032242563382,0.0,0.0,0.0,0.0,8.74143648432336,104.26321615002993,17.790711360888942,24.94944704565642,10.472946740236145,0.0,155.76394362554367,0.0,0.0,42.91864638961976,0.0,16.85137044898168,27.588239310609556,0.0,4.544571307392449,0.0,0.0
720575940880839442,513.5051300349287,18.25552578424407,11.843879990060444,26.30158213756466,710.9039754132906,78.55882097776858,326.6062546134282,363.9724171012901,0.0,98.7246945062566,64.25535323649798,514.606223220812,895.1321705852474,15.760333613579457,328.87996566144705,343.71716829057925,437.87417621948197,67.39455419282991,1160.8828075167444,81.09762062688954,28.499768472884103,77.7819763070175,69.73013439197263,1653.6331754847638,67.12084508459624,760.0118472520073,613.3177423253748,220.3347725129712,330.6287711044111,13.508777097176077,37.11173105639805,1066.545138116986,442.5327246037001,29.26132056315175,195.72285541237585,48.349592099500406,66.63301923834669,193.77395007940004,0.0,404.1876523437798,104.4549239027422,6.255983607021543,315.24794226579667,247.6575919574509,1187.5181149012722,14.691534217445517,461.48920007226445,47.937807026668686,205.1049475394365,29.910135010905172,33.020754161272635,912.3889844713867,1541.4759076405453,0.0,880.2634994885804,22.40487163011048,48.06853882446198,35.159688848920524,109.19023536655448,499.7380697615077,376.1157639159973,634.7090960015556,41.145139095085554,748.220799932234,75.62706449619468,134.06542435857003,0.0,7.023908679288922,610.0185912714663,251.04686885027874,177.88222142810648,907.1881415759424,1704.700015317394,0.0,12.828335850835451,52.41485599521699,214.35531563523924,36.66307250031358,574.9887550424157,994.2913793406568,174.84815382077068,639.8710354085864,361.8613098332929,28.168366610400156,372.1927755844862,90.41111751451533,263.14091212568894,104.92460448725456,423.1092473853301,351.3160456543507,149.81178895734303,47.474337941938266,206.02108994596068,878.9491045214764,492.53197816278924,0.0,574.8103689096141,30.32460988488489,998.744355683286,438.34649705721324,0.0,129.7226584519835,141.69050692462582,86.83679461166983,236.70799226907866,1071.7199755697175,63.78298713836489,5.145402273476668,0.0,174.0914502001057,405.3175215161783,364.8715037673587,1125.559787889208,253.41496838283496,123.70133913031974,21.03278126376516,46.69594576233171,94.52807276858285,114.47064374530892,0.0,7.023908679288922,539.4562603549597,1300.5291819504653,528.3976881721009,793.3426620836784,10.545153327508665,0.0,7.023908679288922,783.2322792003716,367.7200633827548,941.562030606331,811.0645589523607,600.159933112978,218.26688476077146,490.42090660049035,649.942053646762,241.18305304456874,573.2800304419799,114.10044141212825,32.74148684250711,101.36692360940869,768.8094610383464,516.812894270807,282.9284487278314,42.6182589226868,290.21787995016365,1753.378505996593,1059.8462056351632,197.30075720571057,790.026916051298,240.79578678645896,29.015692153504702,72.33088188841715,246.2076580037124,9.843354670036119,318.9535314457553,118.82220388954957,127.55160839258477,1110.9446116316203,128.93382040918928,42.61274881292152,0.0,149.9514017669851,875.0455417072167,532.885908415739,0.0,27.67577139256543,404.3905483390561,191.9337231479444,0.0,613.1933338911394,455.6941481663092,659.4589244751653,1089.474253802766,427.1740888804066,63.79004433857606,0.0,0.0,1011.2438848567848,180.99577418778728,20.599137046368114,1351.3995688582104,361.2772830138612,700.9835252467133,158.0418608652373,42.92851970977141,205.21656158679758,411.02151584155496,43.86761823461135,0.0,281.37855125320664,253.3777165609133,232.64229441981726,637.10723438868,337.4134213591135,268.9245369319051,0.0,2.7519612573076886,704.6930951746177,441.36533419202976,186.7709198172405,55.54249664163308,202.8890708751492,1286.9215966490613,0.0,248.13335958777958,0.0,7.901420371503777,1691.535158240267,28.391252450612267,332.66154176059285,27.82397634081966,110.84587484446348,329.80134273519695,915.282179349514,421.9673137447528,839.3278151462329,23.226255235559226,219.65629701379265,316.33114536182563,564.8022164759831,1059.2054496396713,48.045208912087645
720575940880875929,212.6842261670525,34.6552329018548,0.0,0.0,549.0287906975616,156.04779843408895,644.4803336380799,146.49701801129157,0.0,0.0,26.76259303223115,596.7726496973129,507.67588335224787,0.0,108.26599352422673,722.4077523254593,285.9258687860504,0.0,472.33191598372935,11.580206477404639,0.0,27.767926805008937,15.704634868588302,110.25938537509928,0.0,1153.0127814112648,430.5306091733615,548.8459342689367,173.23043914313516,9.371378468222597,0.0,498.5203373372443,176.49641073737914,0.0,73.52543023845587,0.0,16.767457376537088,6.7967436508127745,0.0,36.00204236361561,78.08405813961319,0.0,51.222958521711554,20.429879631351298,335.05651269882765,0.0,192.15850718389692,0.0,0.0,0.0,47.73933446430958,213.0628066833593,225.4582808312236,8.212427541320483,284.86490078276285,52.19775805563232,24.312595574638493,0.0,170.27480190235116,183.47571589595,390.7136627618164,722.884561489502,6.029796846920034,822.2077883890429,0.0,0.0,0.0,49.135897707385375,169.8870145220932,0.0,51.67197535951318,134.68644213972678,188.95732945781697,0.0,0.0,54.64378660972322,35.179508730367075,173.84675431501913,831.0469556869874,675.5286646008115,0.0,387.03804706367515,50.10529162343485,0.0,158.14744636928856,0.0,24.19859416269121,0.0,901.3874581785348,97.216377653698,101.2936736952535,0.0,320.0492596890425,388.08192375484526,15.19894909081616,0.0,968.6131825956396,12.001184072337155,86.27159674239759,141.45036473558815,19.300277769598132,0.0,0.0,6.189303721287174,132.4604086110468,730.5567470749723,44.98910401574431,0.0,0.0,137.91471008798527,473.9286625820578,162.42017992099903,270.70955824530967,0.0,24.876801409099958,0.0,9.312698118648072,19.61608202218191,50.67444616582865,0.0,12.132421510523612,256.8179336959472,775.4806336539062,158.13002084354548,42.90631372608597,0.0,0.0,0.0,222.92125039632532,427.43927657743177,169.13985840964313,28.88982908291053,680.9400237162772,17.25262912552129,198.75366274240952,320.59417906792123,828.1461776771673,81.22070592970296,740.0158814458573,0.0,0.0,916.5427369228776,962.6253551305427,809.139761716666,30.389613060208003,233.9293398383392,802.8210504559547,233.77211303236112,18.23036925072924,105.87544893960929,96.2517727035351,0.0,713.2574527372756,125.89767140155972,0.0,172.40024585543017,0.0,394.4988772063303,901.4516624167338,24.27852350514811,0.0,0.0,242.97219383766864,231.62504142753596,100.31500622242484,4.04579177685504,0.0,327.01428260372194,9.76740648257725,0.0,120.6339002959205,356.1667630064777,630.4297597688393,352.9443434449144,749.9252037170018,0.0,27.13826196492183,0.0,111.86814925012918,877.4433607115035,8.291763057021639,826.2241374297882,210.83640476148145,449.96231640223334,116.59351993862575,5.029309131063315,128.99232655979387,85.37457116216648,18.14269444645972,9.285231366215484,727.00952445999,90.00788754517555,55.394094936404564,520.1930500162578,75.87554427341978,0.0,0.0,0.0,782.2787609325354,86.49649927924587,25.885322542741342,11.357149970089303,0.0,67.68172836182613,0.0,455.43514027310374,0.0,0.0,824.9932310266431,55.86048958391968,93.56154573475145,45.53360439012578,0.0,607.6946775266233,165.147369335985,82.45097880570142,545.2810581086997,9.997115924872288,555.5110482756317,0.0,400.7376161718331,209.2487122890728,58.41184345256911
720575940921583379,138.5912152930158,5.063037077337407,0.0,9.82253685750273,181.27909145968258,19.440512474753383,53.24934120942623,164.7288947604634,0.0,9.489374991824539,66.77032963494295,80.51716967828345,26.728814519709267,26.8303151028152,188.52436179569767,21.793652396325328,152.15953433705755,264.2112845464032,137.66997327195335,118.9335831074689,55.719432848175174,11.733712982814895,13.68829956044192,114.71120588734536,66.99934041187277,63.14908293547755,211.75795671662166,66.0307095586205,29.95757673719041,10.371967758331166,18.388629658795477,66.23440082288958,85.87443240599795,18.80996957837852,136.55693746478855,33.35705109350034,64.40402448563874,8.372643133365262,0.0,123.7539965315919,13.040868843501551,8.947152323581877,29.663674411752233,103.05446101230305,48.57648265671489,0.0,17.229393909375336,30.001645788343076,128.3421016156728,68.69605143596145,132.77770759052316,139.96464272555676,270.8833485302564,0.0,175.80572473135243,82.72372823961094,0.0,27.285541081687846,233.2673172818933,122.43435526929757,51.39389169712581,85.67860384098877,52.41886688671121,190.19697953005564,73.28773842701136,19.343994774068225,0.0,21.13597111080205,215.1728651725044,83.67303103040331,98.06303832410136,108.64071662619072,254.3097630980488,0.0,0.0,127.60609439225242,110.41748307956009,48.57545362534591,17.296627701605438,16.99409435992584,35.70262667461479,136.06416405531436,11.990763291354556,0.0,142.6607710917657,106.49097998596676,155.22880910060385,8.86926160938702,190.5428289193092,67.253532889726,139.57165627896651,0.0,74.43786811844022,114.05194827646348,33.26038185249682,0.0,115.69867000937036,0.0,12.917716120778072,143.1821743701962,17.644706900694537,137.10959058642857,68.14449234062255,23.78601416773533,69.05870446481241,147.4090263987091,135.07399240829767,0.0,0.0,89.07894972300939,0.0,94.10022904946088,31.947552778139247,146.10352404837442,141.73503712046858,28.818640675316882,0.0,28.870908728514486,87.12855961225435,51.03835677735349,5.165383035761935,266.259600446806,18.87295780443438,182.60999342760607,136.31124429846986,7.184615630272506,0.0,0.0,86.59523420300295,24.560364657978358,101.08985295283155,81.72338835017356,232.49867111391814,107.52069535931092,228.32257223990388,243.88970839973928,6.853523856318012,167.0657247816541,14.2709469337689,0.0,11.364181582773865,153.14847745760662,72.11497375762553,59.48227351182213,46.85029339006617,82.18892048010402,38.961583137365636,29.286040749202076,39.53265036087026,130.12224409490557,143.2670012811351,14.586857290536866,101.47084535288587,59.993837971733,66.07171085267672,50.25579420349513,123.84689926070564,44.100834194514775,134.9592530026277,97.81125163627004,45.614535223539974,24.184839310670636,43.26846691215336,100.60950091019645,173.96914756473527,0.0,104.30151707606336,173.36535013765032,27.31825089325221,0.0,0.0,143.0057780940301,223.94672903098078,78.06392494294111,118.22957916287672,36.70012264939004,0.0,32.79027861124936,82.36967774420768,90.28882585050364,36.74057936764366,185.82270600839362,129.36967471945047,215.23216596966827,238.85811784493418,0.0,32.515588011340014,329.344318049771,119.69606599592824,0.0,15.996454841174192,92.07717802637528,71.76965995044637,301.532330187971,16.306765018593037,163.0218373303198,0.0,30.972953346595556,236.64187031592104,36.330638265905506,47.25102335678305,40.32575121867744,220.23160273385957,165.0615713128214,0.0,40.42526391546019,0.0,0.0,239.2911768995196,0.0,104.25278224219008,0.0,4.9575342338661565,60.973579439279824,103.416884029287,22.981034980190994,157.92631813715562,21.87188424246588,96.05429983823667,189.29515425204414,152.08933203557865,66.90008969991034,25.850181273574858
720575940869481691,45.96744525772896,0.0,0.0,0.0,42.54762995977389,13.187211279603355,171.4933889527223,31.80052967668787,0.0,57.46324132003681,0.0,505.73751769217216,0.0,0.0,158.3948002490839,180.48092434891672,217.49564534225982,10.603499261267414,61.995319623440466,8.182011768847786,0.0,6.585422926543119,12.43911446847516,0.0,38.85521265917081,117.87069041125456,159.26571934793898,582.4191605778898,25.20345057363786,44.95336849580011,7.46834547815689,77.5047318841904,217.3045996115136,0.0,47.46038071136318,0.0,8.35679881187552,62.98436176794273,0.0,114.76559886362269,146.06922490770503,4.176873742467286,0.0,9.845829948821823,0.0,0.0,10.440526431792536,0.0,0.0,0.0,0.0,225.14278536898178,14.831791343196919,0.0,5.8029003865329285,50.59957725116356,0.0,0.0,147.5064626085069,0.0,67.54857955623298,217.54667808912254,0.0,494.2972489089661,17.139904834621483,28.25297700192098,0.0,0.0,52.7746153511149,29.579556142792537,0.0,4.524456020605508,51.159843031092564,0.0,0.0,0.0,16.002043556407145,329.61468319223036,175.22121048837755,107.15537269204856,43.71118584377574,211.223501671248,0.0,0.0,87.52265537583371,0.0,40.299782645626024,13.92896980983408,143.50335393255838,115.52672913511444,0.0,0.0,141.07312677248845,280.6178914990377,24.25633816272589,0.0,241.62577983978923,34.81109031536806,0.0,0.0,0.0,0.0,0.0,48.598673723795144,0.0,139.60536391291976,234.4250701372268,0.0,0.0,0.0,272.504589972873,32.40360068687254,0.0,0.0,0.0,0.0,16.14311526618101,21.936056522224643,11.438974061824128,0.0,0.0,81.02348029523645,126.20344557281132,234.5240879091171,0.0,0.0,11.780287559799794,0.0,12.728303143436808,141.73785715157487,131.6704156852026,0.0,165.31406748901193,0.0,49.694634782378195,77.71616481960866,108.348418592882,48.782496149758096,131.68158510972393,8.098481694406413,0.0,469.9579054042518,488.05561990603906,234.04153753896304,5.089320686045708,23.84566800706709,89.73658467368574,3.267464685687064,0.0,5.858084298301686,61.683326501220314,0.0,209.02191110822528,61.402881262851004,0.0,56.45184497606063,5.321583369334021,363.3734776546767,273.433635455972,37.96498208339741,0.0,0.0,40.08748465309912,83.33160342357418,13.259632436445305,18.38932160137893,51.67423442721782,30.792998097299833,0.0,0.0,0.0,105.5862031481492,221.4443310130533,0.0,401.82277299476715,0.0,0.0,0.0,0.0,279.64908852663814,0.0,275.5872590547876,214.38716592094278,243.77415205556355,149.57623998066293,0.0,126.93021231455009,0.0,5.0202672573006115,0.0,128.40461528318215,293.564984945994,52.964198190901406,405.62756349703005,12.57824369748851,0.0,0.0,5.0202672573006115,264.9480696284148,0.0,21.97570338946426,208.90552578740562,0.0,3.56183327094349,0.0,450.2188783648823,0.0,0.0,295.341852657158,0.0,82.27762051649793,27.221011397708725,0.0,524.7010117221412,0.0,85.26523675025982,160.1118753492908,0.0,906.9577225446808,0.0,160.41725506355905,3.610258787188616,48.72273187670251
720575940881620931,66.2387764136211,88.97921912546522,0.0,7.5984523989585036,92.36253493812255,248.34755358868625,11.567967151207892,0.0,0.0,202.65791693218384,0.0,233.43172530442263,203.9204066043411,0.0,0.0,0.0,73.0413150814443,0.0,0.0,41.73095512750372,0.0,57.761857414258266,92.31651044008642,56.63647737398414,27.1299854573684,33.15699977694604,8.773486921007526,42.91273076284115,417.0483225728438,21.277413498825815,130.75783304484543,25.887133725049384,171.47502452939298,17.854906677400823,16.782781909179604,0.0,0.0,237.92170302876758,0.0,185.08267596050032,628.6706446612507,0.0,95.06285326408344,0.0,174.6129972114598,6.098517187008959,632.3064527147601,17.46755624562232,0.0,0.0,0.0,19.370047895872005,510.17976245802583,0.0,17.071088510637303,97.31732542366113,199.57532963478064,0.0,47.44185517869629,0.0,88.88817778255327,87.45008930295833,16.01715312239456,176.43124763648288,0.0,93.53372542388857,0.0,20.344576123422375,26.496997808834696,174.44874479756538,14.116329859537887,199.3460344765563,22.780049229783778,0.0,115.0327379214198,0.0,0.0,37.65702835040586,135.23391769665366,32.36390392204978,158.34823719859392,182.99729732664343,98.5218666689543,0.0,35.094929621347006,0.0,25.149108493196387,199.7279834279746,14.1217286125236,136.6524614041433,0.0,23.104761788375928,41.17176907954913,111.69248804974744,131.49749613664224,0.0,0.0,41.63934612313953,18.832738774693638,0.0,0.0,0.0,0.0,46.06400689230009,0.0,88.73817084645881,95.82405346603943,31.175947133502547,0.0,0.0,340.47488666379707,7.79978740309,139.2504330978769,0.0,0.0,0.0,0.0,0.0,0.0,0.0,19.7006521351848,7.13805317238793,61.320590325937374,47.24078784566789,0.0,0.0,0.0,0.0,0.0,178.0873029874548,313.1109655757598,71.05909049598519,0.0,0.0,0.0,0.0,0.0,12.7624084059826,4.830322834849607,127.72532452718123,0.0,5.016475475699998,0.0,37.141409896001726,15.035650984815078,15.26310349569355,188.34543423457282,25.275386247057735,0.0,0.0,0.0,0.0,0.0,41.21060140806326,0.0,414.8613762669487,0.0,60.43913325240479,225.7791768517329,65.46583895908545,0.0,0.0,0.0,40.41075917073216,36.070254927169636,37.7020539973471,3.372195358643948,0.0,0.0,0.0,195.99417963641622,5.016475475699998,121.04879514811071,149.4314652914999,200.07617900372756,0.0,10.366106904912474,15.454154971980701,47.10738644831408,3.3750670910970766,0.0,174.57438044812267,244.9375476051777,57.06840018785023,92.89779309918377,0.0,459.9027201169143,9.871852618526221,12.920553366567798,82.73656668682166,0.0,207.5944769997762,36.40614546169088,108.94925496683864,239.5574251145153,0.0,0.0,18.419085222890917,81.4641875860949,117.96228185827368,0.0,227.10639635579847,0.0,9.718632741273415,0.0,75.2539252544859,0.0,9.77733282889689,453.22898082400457,15.129320039999056,112.97367885247553,316.51764678186476,196.2801889721537,68.20787425450115,0.0,125.74734748570935,10.760587990190691,54.292648708163846,59.29255426178679,0.0,0.0,44.8682037435744,10.73312621365191
720575940888845329,0.0,0.0,0.0,0.0,0.0,0.0,0.0,0.0,0.0,0.0,0.0,0.0,0.0,0.0,0.0,0.0,0.0,0.0,0.0,0.0,0.0,0.0,0.0,0.0,0.0,0.0,0.0,0.0,0.0,0.0,0.0,0.0,0.0,0.0,0.0,0.0,0.0,0.0,0.0,0.0,0.0,0.0,0.0,0.0,0.0,0.0,0.0,0.0,0.0,0.0,0.0,0.0,0.0,0.0,0.0,0.0,0.0,0.0,0.0,0.0,0.0,0.0,0.0,0.0,0.0,0.0,0.0,0.0,0.0,0.0,0.0,0.0,0.0,0.0,0.0,0.0,0.0,0.0,0.0,0.0,0.0,0.0,0.0,0.0,0.0,0.0,0.0,0.0,0.0,0.0,0.0,0.0,0.0,0.0,0.0,0.0,0.0,0.0,0.0,0.0,0.0,0.0,0.0,0.0,0.0,0.0,0.0,0.0,0.0,0.0,0.0,0.0,0.0,0.0,0.0,0.0,0.0,0.0,0.0,0.0,0.0,0.0,0.0,0.0,0.0,0.0,0.0,0.0,0.0,0.0,0.0,0.0,0.0,0.0,0.0,0.0,0.0,0.0,0.0,0.0,0.0,0.0,0.0,0.0,0.0,0.0,0.0,0.0,0.0,0.0,0.0,0.0,0.0,0.0,0.0,0.0,0.0,0.0,0.0,0.0,0.0,0.0,0.0,0.0,0.0,0.0,0.0,0.0,0.0,0.0,0.0,0.0,0.0,0.0,0.0,0.0,0.0,0.0,0.0,0.0,0.0,0.0,0.0,0.0,0.0,0.0,0.0,0.0,0.0,0.0,0.0,0.0,0.0,0.0,0.0,0.0,0.0,0.0,0.0,0.0,0.0,0.0,0.0,0.0,0.0,0.0,0.0,0.0,0.0,0.0,0.0,0.0,0.0,0.0,0.0,0.0,0.0,0.0,0.0,0.0,0.0,0.0,0.0
720575940883803384,12.272242597900606,0.0,58.46019943108782,17.07502817069217,18.782525283805384,0.0,6.688429317207021,153.6483402736495,0.0,0.0,0.0,21.370985572325004,0.0,23.28476014904648,92.25145424149729,0.0,87.04161309183571,65.78633150744122,15.83890090436544,172.10705596126502,34.69328461045831,7.04051340275192,9.917427450417295,0.0,29.665878469198198,18.416821237341644,138.22550455767717,0.0,0.0,132.83933111951583,0.0,5.537906971281662,21.51729972056376,197.13306597386173,405.1605734993138,45.65141516879645,57.95931112222658,31.36780429567318,51.44325101163949,71.00393273793806,0.0,22.02916333315907,0.0,62.72005851104534,18.416821237341644,27.441291337140786,0.0,23.17229779551183,45.755252600733215,169.36195718584756,79.54595563033034,144.61831820492364,43.09768208044324,8.313321293488137,15.83890090436544,54.62481493034882,0.0,0.0,635.9655112944806,78.24994474435178,45.735317457130556,21.111834622952774,134.15653149608843,0.0,180.04670223067407,0.0,15.675285230077119,13.394751365065744,38.238958059744455,0.0,21.940951321567784,0.0,41.20918001653506,32.898449133640135,0.0,127.69000590999549,15.946914004112928,0.0,0.0,46.489930611035966,49.24165011145681,38.888513869317904,23.84883432770927,0.0,46.59023160434095,0.0,136.6087659419638,0.0,18.782525283805384,149.32084258695204,31.228942385194177,0.0,0.0,17.1876598489304,68.76624977042738,0.0,0.0,87.791046653733,0.0,0.0,9.70260899628581,0.0,48.11391280129667,12.80839291758239,20.587545290993884,36.950735527318216,195.0507500753277,7.415753096372732,29.71326917689804,38.61189840024855,0.0,45.57277425117818,39.80150129382895,0.0,85.46646486660543,68.02605290159381,24.445508274408233,70.02669573347235,80.0176921151464,38.61063900024676,11.872759710649861,162.56126720848104,0.0,124.72606446650913,0.0,39.16715437074473,0.0,30.30828440792906,0.0,6.688429317207021,0.0,20.835012146493405,72.1316184704681,0.0,123.30579365094877,35.859992180974324,0.0,185.76145556508456,0.0,0.0,111.5251155001736,17.842071188328227,0.0,35.953684346688775,126.4954930293407,0.0,46.489930611035966,0.0,7.313057304469057,37.55259474352484,134.97808971949684,11.378634115879892,28.604388431386866,91.22945298893819,32.62889329168491,0.0,80.25045599466372,0.0,24.91435821848329,191.03698018719663,14.942873584288701,40.32591479787648,20.784814537173936,158.54662690895307,121.46813913039675,0.0,56.737800469914276,22.845135469362642,74.7075008966316,12.932408830757556,0.0,175.37694206477752,12.403932583770848,0.0,37.03130636788379,12.250730144745573,0.0,59.168636305910816,0.0,28.35247461236073,93.37446418562465,48.3607412493539,30.910936112005025,36.79551835135328,122.68594984225199,0.0,0.0,130.08257799602146,200.6294206619118,0.0,0.0,13.974155650834607,66.06536354757759,13.974155650834607,0.0,24.383981859717714,3.3216229001498716,35.59014562595701,48.72302885461523,35.413825327601884,140.47888124098552,0.0,186.9032085791145,0.0,0.0,0.0,58.277704365575374,9.655726670902725,20.835012146493405,70.41791162643788,131.06983552059177,0.0,0.0,0.0,0.0,6.926724020776034,0.0,74.7593359899468,0.0,0.0,17.090375534870763,0.0,4.427984451277619
720575940926242958,0.0,0.0,109.3741139152236,0.0,7.599444347254211,0.0,9.602699067932441,67.43817690600865,0.0,0.0,10.538661764528392,5.847776887426831,0.0,56.11108709474607,31.33174808392811,5.962090279897212,130.94306109797128,131.36768064016667,11.279114898471388,46.336135524695315,134.84829766069987,0.0,0.0,0.0,0.0,3.640608788035227,97.61726435913184,6.14430678192367,0.0,0.0,0.0,15.131326415922786,11.708647225314445,183.30197625573288,212.62727655499387,50.49020218940881,35.69393820342905,0.0,33.83005876611175,0.0,0.0,56.01742139916263,0.0,169.30659127787652,11.708647225314445,0.0,0.0,0.0,11.413316510062419,22.70687950851062,137.83813879593148,248.11663385693424,55.06225131471598,21.966761933759763,0.0,22.625477282522844,0.0,52.868400584293425,363.2829215461512,0.0,13.96802710294875,3.640608788035227,14.990026171464407,51.06363984601151,69.8913557025752,0.0,0.0,122.80855413704144,94.79591680273433,0.0,105.05081054037225,52.81652477007379,65.22094983690803,25.97095390823865,0.0,107.63129212351234,24.084025745110402,14.589285836093683,15.660232159436585,3.640608788035227,0.0,10.98077067234816,0.0,0.0,15.585219860493376,0.0,117.7285392101265,0.0,25.733766908030212,67.66918993992417,27.117365636909586,0.0,35.66163390628134,53.60183369597496,0.0,0.0,81.27869764346002,0.0,0.0,35.29718986919238,9.090738466820712,85.0343173112876,0.0,0.0,11.807736365687784,8.62719555619647,55.004870529250326,0.0,61.34748185423133,0.0,0.0,101.70408529025248,0.0,0.0,82.44593806573035,138.31737335098592,0.0,41.25399448402409,86.50780236868124,14.157111563764168,4.678734815385077,145.81897962265066,10.72681374111856,164.5812986923939,11.12164575646221,0.0,0.0,78.2067387914635,0.0,0.0,0.0,0.0,85.85330374130442,33.47501232195226,121.32571804408458,93.82697066635383,0.0,66.35892359504768,3.640608788035227,0.0,33.300488711318,110.58072059660067,23.317033483428247,27.79345308990549,7.799336613638518,0.0,43.03207835920468,0.0,0.0,9.777653566155564,58.803709393947805,0.0,44.016442516405064,9.163517799088128,51.71941669690594,0.0,87.8482748302024,5.962090279897212,26.18948085322058,114.59116260563788,14.185084170157044,7.443636386698408,0.0,151.61044274349882,99.74523156960316,0.0,78.13738330380802,24.266298357912998,10.6047696784583,18.94379255379221,0.0,19.1374003225977,138.64917633665846,0.0,43.236159661164805,29.66362694126971,0.0,55.772099445999594,0.0,49.92648055217011,69.50162683796584,81.72802153551369,68.25907039153563,239.1395473147714,133.67918736884513,0.0,0.0,72.1090478534954,85.73579673854486,0.0,22.905114492907906,29.742194107634642,88.69729255795417,27.483906418368797,0.0,0.0,111.02288528360565,34.40402071034956,89.20430611925205,68.35800288298388,60.693266097990765,10.346208161780629,46.598383543597,5.435995212366755,5.419654502212979,0.0,0.0,0.0,9.799413858192707,0.0,59.57125721801105,0.0,0.0,0.0,0.0,0.0,0.0,51.09381648514361,0.0,10.188431765044395,143.93355509000972,0.0,10.15623836693841
720575940881936635,48.9665318385107,0.0,72.03475868032096,24.498524772830496,0.0,0.0,0.0,0.0,0.0,0.0,0.0,0.0,0.0,0.0,94.5452582814366,0.0,94.5234943014722,182.92761562804444,0.0,66.6710322755368,121.97419099586011,0.0,0.0,0.0,170.31159454648105,0.0,0.0,0.0,0.0,0.0,11.26289187437184,0.0,35.15105882082848,126.56362376792936,51.835155083698005,38.582712164438334,0.0,32.007111082598264,0.0,8.840411116279103,0.0,131.57938992633635,0.0,63.8842001957731,0.0,23.86667643822192,0.0,29.3591652645082,0.0,0.0,108.61040980959602,119.6044449108259,51.737478158750136,0.0,0.0,99.70341921042017,9.691901858833237,0.0,115.68312565971245,0.0,0.0,0.0,69.14970289722505,0.0,189.83686795027188,0.0,8.791125164407397,9.058274719120476,0.0,0.0,127.7044903779765,0.0,0.0,0.0,0.0,8.863952910439533,0.0,0.0,0.0,0.0,22.26908954228572,38.113023971244886,0.0,0.0,0.0,0.0,47.115572196916176,25.490302555151267,0.0,63.44845662887156,24.691240399872132,36.552199868912226,0.0,62.33126795976449,0.0,37.33235973268846,0.0,10.776761912322069,0.0,55.90770781333309,0.0,0.0,86.51006489237156,0.0,0.0,0.0,125.57435141594446,7.691424218460598,10.113173702242605,0.0,0.0,128.75370300925132,0.0,0.0,48.8127595296093,0.0,0.0,322.7052162392411,158.44096014579313,0.0,0.0,0.0,0.0,93.78965973850327,26.297460724805497,11.178363549944494,0.0,2.4803860474638024,0.0,0.0,10.67042269950267,0.0,0.0,42.74218735670571,0.0,10.947716867479851,0.0,189.7415107930935,0.0,12.67303229104315,0.0,0.0,0.0,0.0,143.76433226920068,0.0,0.0,4.500021190932183,0.0,0.0,0.0,0.0,0.0,48.58807014152655,35.1448055614029,0.0,50.31856756978388,0.0,0.0,174.44426261675642,0.0,0.0,0.0,80.98240829931727,29.726250328330853,0.0,73.35398212525776,0.0,0.0,23.40727726362931,0.0,4.687457079846591,7.889586519449439,0.0,0.0,0.0,0.0,0.0,0.0,0.0,124.44663213555664,0.0,38.66808732455751,83.60162255032708,80.51079574556124,0.0,0.0,11.90040133684673,181.3398145566496,0.0,0.0,0.0,0.0,15.705999548929572,0.0,0.0,29.48983807102427,68.68102863361017,28.72835641798145,0.0,0.0,15.705999548929572,5.5411034074420025,9.155127319172848,0.0,0.0,12.538706725691855,15.527726136285567,0.0,0.0,69.60045925965343,0.0,0.0,0.0,0.0,29.86336222358584,0.0,49.449347257414516,0.0,0.0,0.0,0.0,140.31339785135577
720575940920080765,9.599738012035592,0.0,0.0,3.805576805441756,146.6357478982946,0.0,0.0,82.31986351875183,0.0,0.0,37.42134272475987,0.0,0.0,95.51581674897369,46.23578626652372,0.0,23.19775379527485,23.845853743403364,4.950565251358803,6.372860767842157,5.153609288214662,13.322130454194474,0.0,12.013511422681093,27.382332894616624,0.0,54.907803892470035,0.0,0.0,0.0,0.0,187.35580307857404,9.462998107993622,75.70105277984868,160.8114014358917,57.51704212459107,115.46520355895811,0.0,0.0,0.0,0.0,0.0,15.025291427279662,68.52741449284785,16.936311559655923,0.0,0.0,0.0,123.98634768132555,169.06325165519436,51.28795787863367,12.433710053087559,139.7547576040142,3.266754310018658,6.769774287402498,10.184499810957385,0.0,186.13860338259929,16.734604879329527,42.68052903126765,108.42079352486088,0.0,26.36057262444268,0.0,134.67138268183075,36.788431838086325,3.84058467089894,142.92235287760943,86.6712304243931,0.0,61.56871987473576,8.354677095858309,164.50879749681138,0.0,0.0,251.42017298087367,47.06156091099677,0.0,0.0,22.90640158894816,0.0,3.805576805441756,60.798534108362176,0.0,59.552702486875894,269.16858825045284,144.33198059854593,0.0,120.16730704667066,58.366020617307434,38.121221878655,0.0,0.0,15.074937752543047,0.0,0.0,0.0,0.0,109.52777572389768,54.266086425566826,70.4305852639475,84.62725540916124,87.27151221386048,0.0,428.0043580590731,114.3613366696195,0.0,0.0,0.0,20.619369935233642,0.0,50.560110001065844,6.670614331421354,42.72018386824928,123.56050958473371,208.70395711747972,12.703469681767114,171.7011636393349,136.74759321267513,83.04812120559316,0.0,141.90812255267275,0.0,0.0,57.855309790788475,0.0,0.0,15.42797973624412,25.289003287862243,0.0,0.0,138.33058229280402,0.0,114.33095924305681,129.948642634404,23.10137072431977,0.0,130.19306886688722,0.0,0.0,22.26215720326716,16.401257515377726,0.0,0.0,11.291674172110639,8.289345256157045,79.97508725172597,2.7054944119843456,19.44116698136216,30.47950604606378,21.07527425819345,34.06779115084957,0.0,83.86553301337719,0.0,0.0,106.46895508927003,0.0,0.0,33.01959739711161,24.054588078004745,52.66143194496608,9.017823036871075,59.45208516078076,110.92388719225153,0.0,56.98045846671013,7.67850253735402,61.034915941014326,0.0,6.670614331421354,56.329842408375626,9.689573009058696,0.0,0.0,322.4219528191386,0.0,76.33219622846188,182.20246391774475,0.0,59.89872213554095,36.1696374232185,25.768837110340836,7.78563349383523,20.7491611753884,12.24211571641505,0.0,123.23514244380902,19.52084131194907,0.0,0.0,38.13560762711005,127.6636114277585,33.669994792164466,0.0,122.83807397589199,0.0,0.0,44.939605494309234,60.237273286486584,165.571494783921,0.0,311.9940068654385,26.03719220402869,0.0,0.0,22.328639693061024,0.0,100.2578874060103,0.0,55.47723866782083,0.0,0.0,0.0,26.03719220402869,0.0,0.0,68.48521687422918,0.0,5.683529354011489,5.930482335366675,0.0,13.30269254329617
720575940896304311,0.0,0.0,0.0,0.0,0.0,0.0,0.0,0.0,0.0,0.0,0.0,0.0,0.0,0.0,0.0,0.0,0.0,0.0,0.0,0.0,0.0,0.0,0.0,0.0,0.0,0.0,0.0,0.0,0.0,0.0,0.0,0.0,0.0,0.0,0.0,0.0,0.0,0.0,0.0,0.0,0.0,0.0,0.0,0.0,0.0,0.0,0.0,0.0,0.0,0.0,0.0,0.0,0.0,0.0,0.0,0.0,0.0,0.0,0.0,0.0,0.0,0.0,0.0,0.0,0.0,0.0,0.0,0.0,0.0,0.0,0.0,0.0,0.0,0.0,0.0,0.0,0.0,0.0,0.0,0.0,0.0,0.0,0.0,0.0,0.0,0.0,0.0,0.0,0.0,0.0,0.0,0.0,0.0,0.0,0.0,0.0,0.0,0.0,0.0,0.0,0.0,0.0,0.0,0.0,0.0,0.0,0.0,0.0,0.0,0.0,0.0,0.0,0.0,0.0,0.0,0.0,0.0,0.0,0.0,0.0,0.0,0.0,0.0,0.0,0.0,0.0,0.0,0.0,0.0,0.0,0.0,0.0,0.0,0.0,0.0,0.0,0.0,0.0,0.0,0.0,0.0,0.0,0.0,0.0,0.0,0.0,0.0,0.0,0.0,0.0,0.0,0.0,0.0,0.0,0.0,0.0,0.0,0.0,0.0,0.0,0.0,0.0,0.0,0.0,0.0,0.0,0.0,0.0,0.0,0.0,0.0,0.0,0.0,0.0,0.0,0.0,0.0,0.0,0.0,0.0,0.0,0.0,0.0,0.0,0.0,0.0,0.0,0.0,0.0,0.0,0.0,0.0,0.0,0.0,0.0,0.0,0.0,0.0,0.0,0.0,0.0,0.0,0.0,0.0,0.0,0.0,0.0,0.0,0.0,0.0,0.0,0.0,0.0,0.0,0.0,0.0,0.0,0.0,0.0,0.0,0.0,0.0,0.0
720575940882672796,327.66498642107774,26.430782033482703,0.0,0.0,33.50167489448065,86.3586894583599,24.99283972251353,3.248650796869372,49.306229036416696,159.58400764530805,0.0,249.52445217151146,108.30460490135502,0.0,143.1012714043865,57.759109328713485,114.58465885267644,139.79806411869703,76.1413085560309,40.408506604392926,5.517984423359708,90.3982141883068,29.12365221608289,107.59612023305672,54.48862624998391,65.35610274922458,36.83111375510927,47.305207110992534,61.43830406684974,350.4704294684692,55.75174197402685,75.63708372899977,64.06430992786566,0.0,161.69002601397116,0.0,0.0,181.3822885690687,0.0,225.25534697852902,69.92692132280564,9.318063546761515,82.55310145346445,70.83574278461104,167.6990992990894,0.0,193.0818908980608,11.499216507086285,0.0,7.579956535820113,25.535645135689368,293.4150515687474,419.9200704335297,4.145565476413301,76.49754707399798,93.92722948273608,18.906709387965837,0.0,143.66464998444997,0.0,26.159485686098932,106.90328985845234,39.40964370769072,126.19451641202669,11.525668105793159,34.320280868699086,0.0,199.32542512287628,24.774725693705,98.44606417144453,192.71696540028117,181.33644691295373,23.08420892330003,0.0,16.863979700507812,40.5043949824328,0.0,52.46538663025669,77.50849563500392,26.16578874258921,144.89819995281738,481.3034312934931,174.32622342812076,68.02272879120137,71.02168263194564,0.0,136.18875818297664,36.49461147553534,34.71389327748484,124.3952832751751,0.0,0.0,59.661358457413755,230.3190830422862,251.3671557221591,0.0,28.24409873774388,86.71071922970306,21.82617012345004,30.21352139274055,8.500474511224208,52.15029129690441,0.0,26.27834977207856,0.0,105.81257040106918,92.49724761789047,0.0,0.0,0.0,113.74625203796802,136.72056167950362,110.81613023916952,22.531766122529323,66.11518841206116,0.0,8.996688398691688,153.70319661894933,26.72000383180132,0.0,0.0,85.6675328305429,93.14748822617425,134.06378669499256,0.0,0.0,54.61259374850702,0.0,36.03723994188915,39.59787367983609,316.39095817866945,0.0,0.0,0.0,20.895656329513617,23.36979266747124,21.72659949095286,63.46127447670165,0.0,83.95396877669498,0.0,84.82580787067536,72.51780211032086,28.317870629885427,95.70821411537466,22.39968481886609,134.04636650964875,120.7773886966258,0.0,0.0,0.0,0.0,0.0,201.61948389344295,0.0,186.61375859546172,78.24330449330328,75.23229606165371,301.13879098564325,53.756782638541964,0.0,0.0,34.3816766748367,132.13618343107663,82.2831421369728,6.955587886196226,140.08097698464582,0.0,0.0,0.0,128.2514343712394,103.3719975932488,202.74091729836007,73.541542418261,200.22422404035356,0.0,0.0,29.500662631845163,8.607973705122019,33.13442613627527,26.78431204543542,114.78905870431356,127.6492286599552,346.9366626017973,13.8358994314832,29.803108438326312,60.84941913032536,102.83091710805333,103.21555470905093,40.36862829311247,16.84141678699239,250.27263317334143,0.0,201.51354487855528,69.02864928981688,4.592029822539824,6.480424846947739,7.483347064993761,83.76311179834073,167.82787951993558,0.0,31.905914700675424,0.0,42.29376584659575,0.0,135.77425706337252,49.30575894577012,10.041299053846084,221.4136382820528,116.59260097787222,215.50656257023488,46.92793970967992,32.61793012871752,132.5920685267276,1.1436848875408796,195.1668477259046,89.1082315326776,19.765118134556985,47.102184453476724,20.138567559845413,59.80905830150701,81.58321012561767,117.15183170352611
720575940883197911,19.903241824573,297.4279656782026,11.665303050314296,0.0,73.0193676746654,276.4113954635853,101.38820769087414,93.96674026704991,0.0,18.907205938896023,0.0,261.5815176266552,296.52226202511304,0.0,34.46603940887992,68.08852846076985,62.56522255590785,0.0,18.352350188561477,115.08405861445682,20.001223923240843,239.1163016658212,101.31829612839633,33.1323724317328,0.0,51.3901838202134,149.69223838680136,44.79963643020899,301.0948823480167,0.0,76.61842205707669,73.21377552956687,310.269205065485,31.872629550099774,52.60087190101917,0.0,25.567185011540055,116.29145555362457,0.0,90.84205618708168,245.53453078165023,39.49146050534553,168.42662828852085,0.0,141.22015130806457,0.0,369.581626678596,0.0,0.0,5.242088995059262,20.436482729203174,49.725495177308275,374.6071500130157,0.0,54.24639719819344,63.86055114331556,54.86393731846608,0.0,115.09215247676862,31.296409409653556,174.13159341626633,201.51829564808904,15.218810866712873,56.18546689543041,42.31827985635737,24.73506482053142,0.0,45.224005169802005,121.53257551007621,44.463291793457216,7.292306577652597,171.5476089939598,96.66493191373718,0.0,29.21214075557512,15.500870675386109,0.0,0.0,258.8389899089116,142.78990670659547,78.1282805487743,186.3408012523793,123.13791083962822,0.0,160.25766877752733,0.0,29.005422000724046,109.61210400710728,40.08115519316749,0.0,0.0,0.0,0.0,119.84600796532415,4.639823205059228,0.0,27.524517255567677,18.44873086746323,6.267773024417902,0.0,0.0,23.76498366197724,0.0,28.624867022222592,41.518249596694574,228.61864442180038,100.01208549669416,0.0,0.0,26.98887687662128,251.23722946442663,31.69782457724632,92.89695658523455,0.0,0.0,0.0,0.0,0.0,0.0,0.0,45.73019997180958,87.07015334235501,169.17969200731676,17.6189612943195,0.0,0.0,0.0,18.579072720491425,23.739186473850538,162.23116182496398,304.3426649093896,29.162271823657893,58.557993044627445,0.0,7.916634286732112,67.3370141430895,60.914387599235276,34.164352327531304,62.65654730402443,13.942478442571755,0.0,156.53898380756138,178.61340978190353,166.87149822150877,0.0,6.539023126035405,281.15796775678535,38.04966072208224,60.56966030455322,0.0,32.383171808092904,8.286338651575166,36.56836644109305,10.279017363836562,0.0,216.11480489785336,0.0,10.76318218870046,361.66530579599834,15.521647462100296,0.0,0.0,45.014587572331465,31.592650498339687,54.468918664342795,6.984197636664915,12.025928542818459,54.83866107573165,0.0,8.018503020929671,48.79586766724732,27.58889552073809,138.19800337063754,177.54494227369548,222.66376102097422,0.0,66.10984807518217,91.48145881988772,41.25024083679875,81.52727460279998,4.143832490305465,258.07366157800595,72.70001745126577,109.66558644381281,170.4947886659503,0.0,200.42719860312772,33.42993430682001,10.735901471105675,64.87869219823271,27.971842186200064,76.93616079306679,131.8733895826685,144.83456069700227,425.5286295938717,35.1606933361666,0.0,14.356626969577766,31.021487549953978,92.345884081407,21.990048659420676,168.13601802580078,0.0,9.122183026818304,0.0,8.48877646520047,0.0,0.0,396.4375305581874,0.0,216.35622044099173,151.3405457617848,8.575804154953149,100.0066303199897,0.0,160.61013375725943,0.0,0.0,266.44612945602603,0.0,30.277026009041656,47.170951140732676,94.51775339187006
720575940883198679,0.0,24.81885536171388,17.296467100092443,0.0,10.604105597811946,29.031780716614204,0.0,83.7643778662359,0.0,0.0,0.0,0.0,0.0,0.0,0.0,0.0,0.0,0.0,0.0,27.76238973613321,23.311925270548894,42.60675075433199,57.22587027146129,25.533565284799657,28.619802856665803,6.340027363208821,57.40674795096107,0.0,26.25481481531289,5.268897745252649,71.27105082941897,72.8881522537469,7.356015907819648,53.64257840836429,163.39127223296526,5.482703600789805,10.761443475998464,58.139225346425086,17.852928018117574,0.0,0.0,84.4077971197155,64.15528890836579,0.0,13.539268132694069,0.0,96.82830217902581,0.0,48.853230956090925,34.79571977391957,45.792714559209934,0.0,82.0239991431568,25.58226836972585,7.126436939179398,30.338339656970675,11.547900388417846,64.75686166758679,347.28124971042314,61.076764979873,25.204755263589657,5.516632373362666,0.0,0.0,70.27351342813928,28.751606313407883,0.0,141.36101013626305,149.07791552969167,23.170594625070493,0.0,50.112425857127775,144.37421425707254,22.211366173972248,0.0,157.3164544470391,0.0,0.0,0.0,19.055900506056737,0.0,0.0,61.42572630559995,90.3342381564846,83.1599217736705,0.0,20.476465218517582,30.79536680436213,10.135888480311998,70.0979568508171,17.772867680293764,0.0,0.0,9.999639575759014,16.526381014054753,30.338972776054085,0.0,0.0,0.0,0.0,28.346846491472338,28.87811243282053,0.0,57.475098137016644,130.85023770304988,30.08918065339564,10.223904671364304,0.0,9.28853405299017,38.12359944058182,0.0,0.0,71.58367914365971,25.872504423595338,10.365576879702694,54.4360501211805,0.0,0.0,0.0,17.852928018117574,37.54803223902699,118.93273303541511,0.0,0.0,0.0,4.255595534335738,0.0,94.4396027808562,0.0,29.363335668060454,0.0,36.044551476535254,8.175764051330884,19.59961701164008,35.969339102209574,0.0,0.0,5.818121749286245,0.0,74.26258654330354,18.817579790182883,0.0,0.0,13.51380364002196,0.0,7.19924076948525,29.54357142821583,0.0,44.22917854012422,19.59961701164008,34.69006795600529,0.0,14.027263535600632,15.825819063952594,0.0,70.89347448962066,54.98863807750834,0.0,0.0,6.608077014659724,6.9261784148451815,62.23041583861024,30.740103639694198,0.0,28.793161249424948,69.62961500178805,97.54927001208492,30.24692238308931,0.0,23.999039699462106,69.83270027499346,8.724319643754425,0.0,0.0,0.0,0.0,94.96840946184535,120.7202956393335,51.03001881964825,28.925346546639236,0.0,12.52572398052417,0.0,10.761443475998464,100.14165104540095,82.92524878160184,0.0,22.131380987043276,65.85898930407187,43.98599393653667,0.0,0.0,110.70326665069108,5.429714650294444,93.93600719442983,17.793324124256266,0.0,48.856120803528874,0.0,65.20913550037048,109.31095864138202,37.52309886480352,26.805879501301067,0.0,0.0,0.0,0.0,42.038750582849325,149.61830898084784,0.0,75.471449343906,0.0,44.59970989677788,0.0,0.0,34.84573230002303,0.0,100.07164729313334,0.0,0.0,0.0,0.0,0.0
720575940883201751,140.00383560916293,14.29160328219982,33.21707167470191,77.82599413922557,0.0,19.11867828242329,66.75851105182079,42.102987225529084,0.0,0.0,40.5388399256858,249.44515449563175,57.76529672802221,49.70057659685516,172.43915451891388,33.08108678770845,93.83389906855227,191.55425089252483,157.28418078451142,36.89910237288162,0.0,8.893954739570674,23.631501310062294,9.365061887492677,50.16054490255737,108.66107700864899,119.22393338415081,205.8542073013744,25.66005225657473,3.850878571820605,8.308961940450477,95.03966375565291,255.39610174306523,19.98621192720154,121.17419696368397,0.0,90.83592026894708,25.62148787081357,0.0,86.01363207352706,54.29943364460074,0.0,0.0,125.99407013408299,8.608637888901203,0.0,50.90064861224934,11.938788355291404,26.23992143400964,124.94162210549317,109.9678604165759,193.70555997861496,205.89461648055916,0.0,14.258084554746363,55.27901432125224,83.25592071019616,0.0,190.2500264714485,39.51511355311563,160.4126991658501,193.94984938902596,0.0,220.3076082742433,17.21677223004463,7.353999302074247,0.0,0.0,22.123859071878485,5.631121667281638,256.7125124150313,30.710874879962088,55.592646500531586,0.0,34.12419701754839,79.56549811699306,151.19107074379173,170.73649688108745,81.4456805479677,93.28989743119428,22.36768829520651,413.43078128015213,0.0,0.0,143.35905530053563,0.0,217.12297142714098,35.19082417188941,103.65631257179949,127.9359674387454,118.88740296967336,0.0,188.81034769932035,156.37223164050317,71.7991634254373,0.0,169.74176481263123,25.471839535266717,6.570709613941783,226.8341619174177,32.31118565180978,107.73125975669954,95.11730555935672,24.37192263803773,60.56665998739518,85.81629943072512,100.30055256429972,0.0,0.0,0.0,62.97352815274412,196.21054853120808,25.29223532044175,0.0,73.46693566421186,42.189291478109865,7.353999302074247,203.01087051816808,106.5003754966722,88.45918931895142,0.0,204.07426927918172,122.32969369330924,326.1694972332919,229.8603218523953,0.0,0.0,0.0,8.608637888901203,93.2059177659159,94.97049842115788,0.0,163.28747637147694,114.32870334928988,153.71571806634563,224.0997324291053,48.45213532195105,233.93487280812568,93.0510363897815,0.0,15.49113694007564,267.87869651931084,171.25955195545575,99.84734318155306,36.76921018068824,11.910118669232196,102.85658506927429,14.190906367025587,0.0,81.59485653644774,47.04421684950612,19.37768908772253,92.84173235121833,131.8026882201949,0.0,32.131025589820794,58.71563075568659,60.01784946813164,204.62256719968374,50.56012022358637,7.1342892370219815,10.043351113297561,14.980152500376825,179.64027916399658,136.46394009045827,0.0,62.04844537883709,23.89832527443496,43.026060330746496,0.0,32.478333544598144,231.10422542765463,417.7946093537007,40.32244314192781,224.1336922071667,101.79432564349784,6.947119485540403,11.381364463990243,11.809541141187074,137.13782301476627,59.14713380453556,172.21215165474587,75.52242030366249,408.1678673623508,124.76293777813892,0.0,11.984139149375737,160.53007453377558,54.84762265530885,29.79823680900552,58.9167887447538,57.55771461645507,124.396739335348,353.60364205079844,57.90552395368088,65.62947863452924,0.0,0.0,385.8213751750563,32.52359147337952,123.59098265302764,23.750159229557983,143.02414202807668,168.15770632897562,0.0,99.9634423476005,0.0,0.0,155.93733765030393,0.0,325.85439090776384,13.0123473073975,0.0,103.912776194388,87.30645322542416,74.28450494103494,193.4663579810639,38.26730078494707,273.1076569114546,4.504717110831958,282.68671146141213,73.20665900943958,51.957057016134534
720575940883729656,150.8909730855929,15.248325230636693,0.0,0.0,786.3622346094165,108.16868250389342,319.99060551927386,33.317606237020684,0.0,0.0,5.380620206051268,335.9586067990868,987.3247599501403,0.0,122.95670787864927,291.0960039822538,143.17154103917605,17.55336679695742,1181.7955662051777,0.0,0.0,87.40061086421187,13.988421716078712,1080.9258629970989,0.0,1350.3725651326188,372.85798114594104,65.59922539515486,284.6562262334496,0.0,0.0,854.054666365195,253.91249628185784,0.0,0.0,0.0,0.0,17.004724614797556,0.0,0.0,156.91388803052936,0.0,194.30655363751188,16.844122476513665,1337.856986055259,0.0,227.65086222723184,0.0,0.0,0.0,0.0,183.13557316253022,1034.988531066749,0.0,1435.659435168254,21.243698124046944,0.0,0.0,0.0,129.40123529218397,519.6444777592448,995.1389866451988,0.0,673.8810495004992,0.0,0.0,0.0,0.0,27.99473717005704,0.0,35.59002611531461,139.82560531053474,598.7040251355883,0.0,0.0,0.0,15.10672675190383,175.80068638529843,693.4463720598931,2259.470281597907,113.49436487064011,540.916501660723,39.495015069331,0.0,269.0696575011841,0.0,20.72038284681856,0.0,452.0829073435176,0.0,0.0,0.0,106.47549579767575,1020.721780031933,0.0,0.0,559.429123151813,0.0,466.5796959321709,25.310874936764307,0.0,3.1371254756544245,0.0,10.873976483568956,22.16744056961382,1169.6335052262389,0.0,0.0,0.0,93.9606654204862,298.16615777894947,0.0,1864.6306879912572,0.0,0.0,0.0,0.0,0.0,26.43872801974863,0.0,0.0,161.07371563071803,1970.7573170115595,265.4247797516125,242.7779769712447,0.0,0.0,0.0,1059.2984674252898,412.7699966575388,199.0734302767213,86.67650141763819,621.0806822712489,0.0,0.0,109.96290161716266,589.5258563434763,113.77032922177708,358.10620983740864,6.30209163227644,0.0,869.4437100503092,639.5245928310761,471.0672595092977,0.0,64.12826050547244,1930.962412233612,1276.8093440512712,75.01849536909417,518.3699778157103,7.914343537425599,0.0,330.60666488462994,31.14800278944499,0.0,197.9270621006088,51.55203262842202,78.43850651627884,975.205523014442,0.0,0.0,0.0,251.74064231382104,651.852676439111,155.08355082503317,0.0,0.0,166.8001911374375,0.0,0.0,318.70452865176014,416.9005945297543,284.0602496189518,932.2167298993703,335.5485538566911,0.0,0.0,0.0,199.23384335370613,162.2503560091611,13.16468824979531,670.8041975534827,313.151779538425,357.3063940172088,0.0,0.0,196.67285131181305,181.23059970826122,0.0,10.096739416195414,224.40206701050323,20.629067661980535,0.0,296.640815298457,197.250016093169,0.0,0.0,0.0,318.32997592162843,50.35064907867082,20.230080729915144,31.496974505283703,16.844122476513665,534.4248192228144,0.0,55.81614734531673,0.0,0.0,1022.3305517710689,0.0,26.017122284834542,110.29284008819626,0.0,229.69606097076246,705.5607341035353,46.70022454728482,869.7430312828427,0.0,31.287125446922566,136.53916579042368,91.62218322827611,871.4725422271821,0.0
720575940878978356,91.87304390001673,0.0,0.0,0.0,0.0,124.57698059791113,0.0,0.0,0.0,189.19597243199527,0.0,56.31203634528424,121.70773172782724,0.0,0.0,0.0,52.10380264746046,0.0,0.0,0.0,19.17772800728685,91.80146527224099,17.882970310473794,125.99614299870856,19.541196767928458,8.947072790644048,6.039415935114075,0.0,153.45310661462992,0.0,86.68249035971667,44.80262708514322,83.4759254362831,0.0,132.50293935861944,0.0,0.0,428.5538774912916,0.0,116.37971122411383,182.15503618941915,5.134241964741901,72.23697363129608,0.0,19.005385759690654,0.0,370.75894425094407,0.0,3.2287272984571826,0.0,10.706106163973214,26.44534320298435,160.50583922360238,6.810309702919933,11.56389790127998,0.0,163.96271282274722,5.116018454230521,60.65101261593667,6.317511945361177,0.0,8.926810186185481,0.0,4.155449515080619,0.0,109.21519220391804,0.0,99.46382158528856,112.5845515691072,257.67226708250695,0.0,179.35280841780687,43.45506206300058,0.0,8.055909502913575,13.45318186918592,0.0,0.0,21.93959153045524,8.947072790644048,208.5800767598652,219.22190371765635,163.1040188769722,103.01403146124372,71.10207036480534,62.5409968066704,19.90633072024034,207.93793862436698,0.0,39.79523283182529,0.0,0.0,0.0,101.7713215253054,147.3332072180296,0.0,0.0,0.0,293.12845844047905,0.0,47.640624862388485,0.0,0.0,80.9230034235178,38.728981508345655,0.0,0.0,0.0,0.0,0.0,11.465662797604576,0.0,115.47837037852652,59.72751426357989,0.0,6.7374844937790135,73.2917512756332,0.0,0.0,0.0,13.820602888393951,7.341989432931928,39.02370255631247,18.300674621763964,0.0,0.0,9.385936403595556,43.12988466892937,0.0,75.89858815720869,157.15716057107562,6.6893138853437,0.0,0.0,52.61252600901903,0.0,0.0,26.344072045807984,0.0,88.36183732919868,39.4981072875204,0.0,0.0,0.0,0.0,0.0,109.68454991155,0.0,0.0,0.0,0.0,0.0,0.0,47.99429172721791,0.0,30.066036167549843,0.0,0.0,138.25307074741647,0.0,26.990643426957934,0.0,0.0,0.0,8.272182534801749,17.286123475380233,4.664827928559576,0.0,19.391474221745582,0.0,240.1985559831613,8.325614165196928,83.73996573956587,12.079791055043392,54.335624126248675,10.251058975524113,105.54856327615944,34.41860872779554,15.950770693520514,0.0,8.808363831252427,114.40219722722811,67.443223114954,12.591421058197731,0.0,69.04947418950681,30.272905770429137,53.69572811322278,68.69963740124993,67.64645997169943,0.0,144.1079930280996,0.0,21.53190416064974,59.74005050007416,0.0,0.0,0.0,0.0,18.060584624135263,71.58608279615376,91.13424224877875,40.57951557790314,59.3595769678817,0.0,9.619479527447819,18.037242641365623,0.0,648.1616315487973,49.93674677485992,46.73128009048953,64.00656844633319,108.89781055399229,0.0,0.0,346.7182552808063,0.0,79.91742312116098,0.0,16.702954304283168,0.0,38.61518400566581,0.0
720575940884057772,66.19107442781751,0.0,0.0,0.0,64.97686956208722,0.0,0.0,87.33409708344863,0.0,0.0,188.62093340592233,6.128604725729816,10.34574957517965,24.039753772634125,169.6634120359561,0.0,82.29055928231945,302.73250304798887,22.561439322641185,41.00242953881424,0.0,14.384954321893671,0.0,45.23752580492143,35.469079430085245,7.288517497565774,0.0,0.0,0.0,0.0,0.0,51.49756096510949,57.44427281373103,0.0,20.247224750529345,0.0,290.40491141220645,0.0,28.022237178296812,0.0,0.0,24.161273892733327,8.168131579297818,310.9557678608574,7.4426484259981045,0.0,0.0,0.0,136.87968313232096,345.7352575410078,5.26366766969355,151.00884410512705,208.1454942057928,0.0,54.61201572022132,19.24538876680558,0.0,0.0,0.0,7.05952870178344,0.0,0.0,0.0,6.292982630549565,4.600398118902142,32.42251793783032,30.725672031973883,0.0,64.58160868346101,0.0,196.06889864028358,34.1057227733848,42.949106917355365,0.0,0.0,30.4485096517856,179.56731529952845,0.0,0.0,0.0,19.220231462293828,46.38300904209365,0.0,0.0,2.8528044396691983,33.06446175417118,329.70239320483245,0.0,62.68576472605902,22.694073606924004,71.10894045029218,0.0,0.0,95.2080238429486,34.44699247749909,0.0,11.823891982419351,0.0,0.0,218.86734341647997,0.0,379.8552377643274,160.33418889312287,0.0,149.12481093030604,7.745278511596423,15.358738984621182,7.347925541988547,0.0,0.0,0.0,252.951230172763,0.0,0.0,131.86754330503598,12.063462460068003,13.794404502232425,246.20291132207464,221.9636970803224,103.8291669556412,0.0,221.9555248014417,5.289752033313834,104.46283594029063,76.72334276129217,0.0,0.0,0.0,34.14483396815509,0.0,96.67877129687076,7.288517497565774,0.0,320.7063811023631,189.69056512074485,75.29555750918719,0.0,199.4552045163123,0.0,0.0,103.73348702769856,48.01726970963202,0.0,26.8221190340759,9.864065788595692,0.0,0.0,25.083782704030483,0.0,39.20995563194043,92.54889854760843,143.81104945067085,0.0,0.0,0.0,0.0,179.4152315536884,0.0,11.680551227955592,13.653860085100328,26.17568747593668,0.0,7.05952870178344,69.3721150404404,171.40701265214778,0.0,0.0,9.814345348797149,0.0,0.0,4.958932594463376,168.17459879680735,37.903118042444994,105.37965499868218,0.0,169.35550246401857,4.032637950638723,4.976562054346241,0.0,0.0,78.70722732100047,0.0,43.70967745734388,43.75737423514602,0.0,0.0,0.0,196.71048524649626,0.0,0.0,0.0,0.0,105.7457194426528,70.14179029485948,0.0,151.99011294989486,0.0,0.0,242.05931397938838,0.0,82.99480392755096,0.0,299.75006558918244,94.57859359417867,0.0,0.0,20.003001583915328,0.0,6.1538501263987335,0.0,18.359150483548422,0.0,0.0,7.4426484259981045,25.370088298869465,25.98137009688756,7.03521732067525,12.35255400159367,0.0,113.02043968927109,13.494418470532372,11.680551227955592,16.12741950104742
720575940884925028,90.1635463021022,0.0,31.149955472062253,8.90050493175347,8.82946104726752,0.0,0.0,194.47207657018768,0.0,0.0,102.88554827322227,0.0,0.0,39.178997126900136,127.37367879962471,5.182296817855663,60.76395542385729,145.00261586455093,21.769927743333838,91.29258602606689,16.691869433539193,0.0,0.0,0.0,22.46506689391392,16.440089739230103,62.760427588042035,0.0,0.0,7.091605054270621,0.0,71.3751816519863,86.82843531465376,42.367207984560864,269.96226580223953,49.27808432881236,169.8178713166498,24.958772089919826,25.155709090373907,12.201201190630597,0.0,39.64126553977042,0.0,117.82949564160558,0.0,0.0,0.0,0.0,12.199592240081254,205.8147970915964,114.92474738800317,128.01072703853245,91.3248538807905,0.0,24.278462140402,8.553458494837308,0.0,47.64836533066908,207.98374181438533,9.945423975797368,50.384730524831184,0.0,60.73975637097495,31.298199197843147,42.462088180295176,0.0,0.0,107.49369484493887,103.1480344686648,0.0,115.23306068420356,37.10066472854216,107.78454407249592,0.0,0.0,193.3284747310776,129.59762205208457,26.991928297397493,0.0,0.0,50.61226267365881,39.60378318643632,21.603643055068822,0.0,18.14061618174745,9.907770724688518,202.9951212109304,0.0,43.573335733396206,113.27177730378186,37.807045326485266,23.07047764673621,53.96648767929083,9.396803370044026,12.939782830748603,0.0,49.859670335364505,0.0,0.0,68.23333005759838,120.17067633057023,38.01693355428349,147.43515961817494,14.815011036714804,293.4484965653318,0.0,60.097905671226414,39.653718778896774,17.090620357154993,0.0,0.0,103.66317628896873,0.0,38.93725327444247,194.92720004257268,94.27801425593036,0.0,11.773519789826208,63.49017959379053,96.26279122307913,4.176008799352452,219.9925831264603,11.27239914200824,38.97698553647808,38.979324227708084,0.0,0.0,14.79788948478457,0.0,0.0,67.77319328620466,0.0,55.68733032081327,194.980826448128,156.4806867839211,92.51949527136048,2.503358850628229,67.697857967152,0.0,0.0,66.13912527862158,30.535371711765087,0.0,0.0,17.373445591076234,0.0,9.934881476475887,0.0,0.0,51.276281330246285,42.071712120212595,26.28948133270452,0.0,53.23414028616544,23.557108780539302,0.0,86.79348167704345,0.0,0.0,117.06701202440043,35.24357652801491,4.279861539206435,6.351275249628314,18.57176107673301,122.54445639559317,0.0,80.14693983457717,45.64295986640402,139.7282488216146,0.0,0.0,179.92109855286714,86.9970623443724,24.61395206705996,0.0,160.5596528615772,0.0,14.151096342674434,0.0,37.17670914181399,68.01115455531549,111.08629772156804,34.27699171352304,56.01648966734,71.81898602709344,7.207863099396991,0.0,204.26089992136497,122.8533022648263,0.0,7.964101704363344,68.40585496022732,212.77544630573297,79.33880984291588,0.0,118.00122357257604,0.0,25.13647268405396,107.39128956577176,18.9002327996921,156.40673174196436,0.0,272.9096019272057,56.53843272953053,0.0,0.0,0.0,0.0,43.47280020239284,0.0,124.98977343056568,0.0,0.0,0.0,39.56810656937871,19.386602499242883,56.252447289168295,117.86464391913407,0.0,5.405427173307655,88.33658222268522,5.486786898666125,12.912023678476396
720575940885432678,39.32081662229073,0.0,0.0,9.548860374363763,0.0,0.0,32.47997761467407,0.0,0.0,0.0,0.0,48.62502334822551,35.35738799530132,47.673562318921434,27.99436343347151,14.057657725744301,34.429776427301526,93.78598000381601,0.0,6.181454198014571,6.571352146145493,0.0,0.0,0.0,0.0,25.613185457160213,5.331850252862101,8.848074514256083,0.0,0.0,0.0,0.0,71.39630028164238,15.671679287823052,107.56738451742592,0.0,12.373962775865012,22.299169476821195,39.310778198778955,9.301430256281769,19.000612217949,0.0,0.0,0.0,14.613292469219815,0.0,0.0,0.0,0.0,30.091686098377693,43.24467092473754,32.294759139019156,56.92431122587617,8.394603377334043,0.0,17.174984492720096,9.973569282784362,10.278733882736397,23.45035659684609,0.0,40.70985671763612,8.536461121154277,23.985896938983142,16.935068106371553,26.92217466146819,17.524732841918734,8.832687499097208,157.0801907352282,0.0,0.0,120.26881210038884,18.742397650849895,0.0,79.74885125673681,0.0,99.04272712974951,6.593653475493807,0.0,47.04012128089998,0.0,48.88896689759822,39.02284991528692,12.835386850018189,0.0,26.989992903416308,12.147915732717049,70.32185469486483,42.43815422691722,43.71340453002624,20.855574998670832,0.0,0.0,0.0,45.0353811346376,0.0,0.0,5.790367245770522,0.0,0.0,24.810883681655724,38.79992568293838,0.0,15.140354442400056,28.124643998048175,87.78539011942331,35.54402821683631,13.109673255168964,0.0,38.18440468737393,0.0,10.957854818831416,0.0,0.0,24.558631965570545,62.85769818166822,86.62220546384509,0.0,131.90649192839564,42.49936090117364,83.50782128952801,4.300997525939306,13.488773784674583,30.89838691315052,8.536461121154277,0.0,0.0,0.0,60.12575728724878,14.585847328796085,0.0,80.4115465353296,0.0,0.0,76.69161412820601,33.24395059854538,0.0,25.015512544575714,92.21737197539323,5.790367245770522,0.0,24.928718210070897,4.622409091706919,33.648557217755425,0.0,0.0,0.0,15.950149195772585,0.0,0.0,0.0,0.0,0.0,0.0,38.014985295384946,0.0,0.0,51.362669497551686,12.47606702422075,54.17296549347256,38.3302536732211,14.056184649178983,35.87882758222966,0.0,27.801454712875557,0.0,24.900609307338044,83.18637077280839,0.0,107.23861543062816,0.0,0.0,8.871317406327757,3.627992509964669,0.0,103.88720761455491,209.08297887761887,0.0,209.15815941288,0.0,0.0,29.18651930187897,15.943016015238229,53.00514971721977,35.18306695589337,39.21596789737751,13.383712010749559,34.60281330964924,20.218271522768134,107.14402066388449,0.0,5.790367245770522,47.782579908256,35.423534788709325,88.47847121005195,0.0,0.0,0.0,45.12409419839465,34.66835576615693,0.0,37.47721228246068,37.460835439443805,206.0529373866933,0.0,0.0,20.774365494278246,0.0,0.0,17.8103172706342,0.0,45.59025765897408,0.0,12.31502350527356,28.96427870713187,0.0,0.0,0.0,83.03905997710864,8.848074514256083,0.0,5.331850252862101,16.323067958462904,0.0
720575940898916857,0.0,0.0,0.0,0.0,0.0,0.0,0.0,0.0,0.0,0.0,0.0,0.0,0.0,0.0,0.0,0.0,0.0,0.0,0.0,0.0,0.0,0.0,0.0,0.0,0.0,0.0,0.0,0.0,0.0,0.0,0.0,0.0,0.0,0.0,0.0,0.0,0.0,0.0,0.0,0.0,0.0,0.0,0.0,0.0,0.0,0.0,0.0,0.0,0.0,0.0,0.0,0.0,0.0,0.0,0.0,0.0,0.0,0.0,0.0,0.0,0.0,0.0,0.0,0.0,0.0,0.0,0.0,0.0,0.0,0.0,0.0,0.0,0.0,0.0,0.0,0.0,0.0,0.0,0.0,0.0,0.0,0.0,0.0,0.0,0.0,0.0,0.0,0.0,0.0,0.0,0.0,0.0,0.0,0.0,0.0,0.0,0.0,0.0,0.0,0.0,0.0,0.0,0.0,0.0,0.0,0.0,0.0,0.0,0.0,0.0,0.0,0.0,0.0,0.0,0.0,0.0,0.0,0.0,0.0,0.0,0.0,0.0,0.0,0.0,0.0,0.0,0.0,0.0,0.0,0.0,0.0,0.0,0.0,0.0,0.0,0.0,0.0,0.0,0.0,0.0,0.0,0.0,0.0,0.0,0.0,0.0,0.0,0.0,0.0,0.0,0.0,0.0,0.0,0.0,0.0,0.0,0.0,0.0,0.0,0.0,0.0,0.0,0.0,0.0,0.0,0.0,0.0,0.0,0.0,0.0,0.0,0.0,0.0,0.0,0.0,0.0,0.0,0.0,0.0,0.0,0.0,0.0,0.0,0.0,0.0,0.0,0.0,0.0,0.0,0.0,0.0,0.0,0.0,0.0,0.0,0.0,0.0,0.0,0.0,0.0,0.0,0.0,0.0,0.0,0.0,0.0,0.0,0.0,0.0,0.0,0.0,0.0,0.0,0.0,0.0,0.0,0.0,0.0,0.0,0.0,0.0,0.0,0.0
720575940886853257,113.57092389816866,15.170044586649004,0.0,0.0,760.0763657177099,160.8296922998661,450.0531260590627,13.98797668427543,0.0,0.0,0.0,126.4785360170001,375.933612565814,0.0,45.04165168754151,211.0350462377873,191.84523962609447,21.26945902025897,889.8492966660125,0.0,15.843174965814178,124.09078220393445,44.4111587872415,613.7195149889237,0.0,1204.7820069768816,390.27337206814866,33.86596239728343,229.86492452468326,0.0,0.0,622.0428513239696,14.711052858675535,0.0,0.0,0.0,0.0,0.0,0.0,10.010644607484029,0.0,0.0,225.9502748060379,6.88691045099256,1120.691921028842,0.0,176.15714558698025,0.0,0.0,0.0,0.0,76.99257415091448,732.3441542170534,0.0,1021.7480991452092,38.282816038393584,0.0,0.0,0.0,146.6118541826196,271.06544002061526,776.6558472337618,0.0,332.6026485060536,0.0,0.0,0.0,0.0,82.20334111419544,0.0,14.328918405830384,364.7130109174875,489.58180848613887,0.0,0.0,0.0,0.0,41.0294525204915,397.28600708160644,1658.2917279896378,0.0,148.48950167591158,89.51579476372955,34.748239662244345,154.1480869397912,0.0,6.343597395529884,0.0,505.80594085799606,12.167506718547099,5.38961919342735,0.0,13.278065504115121,588.9961271581252,0.0,0.0,473.99566387964444,0.0,471.0742085273054,98.57516366066271,0.0,0.0,0.0,0.0,34.710055284819695,773.7886121805323,0.0,0.0,0.0,61.57273768821237,109.19697501760504,8.097010192783019,1360.0268321940257,44.780454426828435,0.0,0.0,0.0,0.0,0.0,0.0,0.0,90.53474066117528,1152.567823224656,156.905485850395,329.6986365590209,0.0,0.0,0.0,659.2545727313353,554.8999388448527,52.94108356277212,132.86626506401075,502.51775912122037,0.0,32.07068217432023,140.39303716166538,401.2372391952454,139.97148919445328,214.7100827298704,0.0,31.478910126011943,399.09188651926684,278.99604353898286,550.7008107788404,0.0,425.76900519034695,1222.7090624115206,709.181461668718,37.79795225482946,421.3762668137995,22.44868674301142,0.0,315.96308262602935,37.54089501759041,0.0,254.02469776806043,0.0,44.24115989536974,502.9507368309386,0.0,0.0,0.0,207.369688895261,365.30281391405964,105.50109590110986,0.0,0.0,126.34234414466513,0.0,0.0,292.6546476470578,275.7903270557032,215.4866223433849,520.3674755479079,110.48046041271435,0.0,0.0,0.0,347.6647839690339,431.87595288821717,0.0,558.7945110635826,104.99601739125436,211.69504815628025,0.0,2.036252555195737,44.73960657210754,145.9612339103368,0.0,25.636028650013554,216.9101333966697,0.0,0.0,224.9160954099978,250.3900698436428,0.0,0.0,0.0,229.48753388898615,275.93751416823557,0.0,0.0,0.0,476.43201873273654,0.0,60.97762872394566,0.0,0.0,1353.8643908830038,0.0,63.55488246523513,35.078618457417086,0.0,191.3859627485401,588.6233668085996,0.0,718.4204211045806,0.0,9.780335941780466,178.06523040780877,41.06702869825887,474.9814024323691,11.607435999729656
720575940888165967,12.612393785414056,290.4641505306816,0.0,0.0,0.0,202.00145451956544,0.0,0.0,0.0,0.0,0.0,0.0,3.409679115705626,0.0,0.0,0.0,0.0,0.0,0.0,101.59141748230675,0.0,15.779957461107971,248.7029728652056,0.0,0.0,0.0,0.0,0.0,60.612080554180984,0.0,231.55988427693816,0.0,232.7946937744695,0.0,0.0,0.0,0.0,232.21021283271165,0.0,155.6160350062005,59.05820892079452,8.417632750567954,413.26086394623826,0.0,0.0,0.0,148.5615136782018,0.0,0.0,0.0,0.0,8.924736093210159,164.11445160250273,0.0,0.0,41.949648229359106,1669.7884341232927,0.0,5.286488269057159,0.0,70.14666173888135,0.0,75.1181020711496,0.0,0.0,0.0,0.0,0.0,0.0,65.79556087285562,0.0,30.59442029767314,0.0,0.0,943.2096405634408,0.0,0.0,0.0,0.0,0.0,2.431605693775206,28.67301776447257,60.14882455711142,9.13872295398764,0.0,0.0,0.0,198.0897372861822,0.0,109.91671826563696,0.0,0.0,0.0,14.034238362012092,8.417632750567954,0.0,0.0,0.0,0.0,0.0,0.0,0.0,0.0,86.05975170953586,0.0,0.0,10.71670401813318,0.0,0.0,0.0,4.441284510114646,0.0,62.70467870299966,0.0,0.0,0.0,0.0,0.0,0.0,0.0,39.32297180564821,0.0,0.0,28.536141338061,0.0,0.0,0.0,0.0,0.0,0.0,46.03054825739303,0.0,0.0,0.0,0.0,0.0,0.0,0.0,0.0,209.80373180728708,0.0,0.0,0.0,0.0,0.0,0.0,6.582555353895521,0.0,0.0,0.0,0.0,0.0,0.0,10.763151693302397,0.0,27.297857662713024,0.0,0.0,0.0,0.0,0.0,0.0,12.901230163049059,0.0,17.595011411564972,42.664415142477026,0.0,0.0,0.0,0.0,22.127803758655908,8.661965114682316,0.0,0.0,0.0,0.0,42.60603197238231,0.0,0.0,0.0,0.0,29.462973080776816,337.427968253401,9.452371478576397,0.0,19.365261462768984,45.25895281671382,4.228675824727771,6.097621749967517,371.00470846645044,0.0,132.25516030482197,0.0,0.0,33.73028737112693,0.0,0.0,0.0,0.0,89.42999746721185,0.0,151.13805657376395,0.0,0.0,0.0,0.0,0.0,8.469741325423106,338.12585972884017,0.0,6.953248679344207,66.85099164625811,239.39586039680648,18.99928805989868,0.0,61.02339946566377,0.0,11.94020156397076,34.344921188676686,0.0,0.0,0.0,0.0
720575940888216655,76.94909383213663,4.931713501958575,6.845667356897896,26.28350251508053,6.5844907465001565,0.0,0.0,94.68635638765576,0.0,0.0,74.3806946954996,44.39276925897986,0.0,74.3578381948198,57.32197098574728,0.0,51.853973552881385,82.53613600799767,0.0,25.388308356973848,31.997979763080544,41.79631283295206,11.09685748524532,0.0,5.325938222324419,0.0,22.082116399212918,0.0,4.931713501958575,64.11427169021172,0.0,14.782592569424997,42.97352863989616,16.826982656055463,115.38659729664113,35.08689293136457,116.49331973481115,10.903790571829765,32.77869956142203,167.91288736791842,0.0,0.0,0.0,71.20718551261031,0.0,9.329999786437483,15.70882053744503,4.37296732741322,6.918340814218042,144.57409353936958,101.26410080398078,21.635078326225038,28.204164085641256,11.318478642399945,0.0,0.0,0.0,200.33980190280116,201.49801883931403,55.30416495580156,48.745295356417905,12.45564516141202,27.978799730891872,0.0,0.0,0.0,0.0,184.52960432057364,28.739909851216733,0.0,58.263765780976236,31.385095533532798,26.982532278232014,16.36463056017588,0.0,66.22402009693265,70.53759509729872,21.94111961522596,0.0,0.0,70.90981756835934,166.43087193587888,16.756588691903243,9.574644862066998,63.29238866250882,72.13424564746605,117.24549856101075,10.903790571829765,68.33926414443549,174.0409395052716,73.82104245381515,0.0,53.16041331789165,12.965796640701715,21.392253162625654,0.0,0.0,56.35640853207304,0.0,140.7621076025969,84.97511513347696,0.0,187.1633317237036,0.0,133.26570915018164,55.95061969533759,154.7347008341839,0.0,13.719652864274284,0.0,0.0,231.14509861167818,0.0,351.8254002707712,83.33965351274614,27.3981481233148,22.60392713999447,97.16753153816285,53.49254919400289,123.28481010689961,0.0,92.80764776568827,0.0,57.38016588097137,0.0,0.0,0.0,4.422354779174387,0.0,16.566160773683325,31.82973781161799,0.0,8.907654376451788,185.30593022725654,97.87833881677594,7.9345164353228,0.0,114.13156656515244,0.0,0.0,18.83004787102984,7.9345164353228,10.264338540469502,18.426093098603666,89.97663716153022,3.13071211808604,50.46781572032823,0.0,0.0,17.897771780270503,55.49144344703866,36.378190709338234,0.0,58.60631858549116,0.0,30.063222522001013,0.0,0.0,18.31156409814121,44.03806175311336,51.68230404937343,275.8850623022336,32.51854523672401,131.21901006467652,75.84237341089919,0.0,64.1989440711781,0.0,10.101701553392372,0.0,0.0,105.18921726419676,79.88348486344817,0.0,11.157244360833433,103.31085378408132,0.0,118.15021523695152,0.0,0.0,9.706298644355801,77.29145928592907,0.0,78.43400431473546,53.476433711458306,41.454713421507954,15.2248977641291,21.03675134794016,148.6418117782286,15.80874521353014,0.0,114.39361230666216,188.60681531043147,24.17047506568833,61.33704811800008,41.5890792123054,0.0,0.0,169.0738270437235,6.113760761502714,55.13555244391356,41.22299751172883,116.09545865057652,0.0,0.0,0.0,32.14441651603129,0.0,205.70176305620316,39.732526024180494,127.57112032067481,0.0,0.0,11.09685748524532,0.0,32.15134254339038,0.0,126.29588748505104,62.41736356487196,0.0,80.17393384824192,0.0,8.161758959099545
720575940871589433,87.71479387694137,117.63935771486817,0.0,0.0,286.8744211447372,87.22699076678,49.65077477382181,304.43501393042584,0.0,0.0,14.834052282400817,298.481347739678,88.28061067327445,33.178871023350936,104.83037861197157,91.03754941294684,110.99945893247948,9.696150500900837,208.2644809618908,21.263645336563886,49.75477823528228,35.741880993475384,33.524049513038676,129.3891168648451,0.0,151.828267483429,213.72479773801385,218.6969453567416,100.20916811975324,0.0,10.321879464569898,206.8873216382092,148.5872945963784,3.7347559998519713,166.79394395367552,0.0,47.37657616943509,49.678527784401155,7.2858211057805,191.67932433317486,112.68776790104961,0.0,78.5219875435289,71.25006888114815,18.9092961216093,0.0,182.59171613767214,0.0,80.64797642569866,57.937491575685804,136.03647280590445,243.99545164865089,235.46952418138284,33.83504034783208,43.57236221845946,19.160511339447584,55.565404901142244,67.60335479768408,151.33426461774343,233.4279339745911,36.30961755320315,0.0,14.617604349140844,260.37166062198634,67.49024435555997,5.60843341910617,0.0,131.66779167641212,207.03146936477134,0.0,58.46105613594663,125.93824857847376,470.845188744218,0.0,9.72799566569085,129.59459322695528,49.27936226229791,126.32390719030305,113.56461600728537,57.84115345136343,8.623915980590912,190.94884052269998,91.2432588848489,6.183856443457966,66.45281019045805,241.8762143205785,128.1240866245902,15.759984870725152,292.2900796767798,80.65321879616583,48.565911337489304,0.0,185.58675666209868,181.13961398307796,17.70419976974574,0.0,141.89200043792644,10.472492325845828,160.91368681202258,49.13544161958132,88.03105434024974,86.1042513145263,60.85935005286194,3.909613925628072,351.66324008958225,201.4402199413328,38.72711509460891,7.483572781657549,0.0,191.16012399088288,188.41269183216656,60.480868407645495,60.298147165603325,66.84469805552301,36.552077784908626,33.951289784563535,0.0,16.31344191155638,86.0788160579022,6.526803824949584,0.0,222.2704346485879,183.17862716410752,117.65513805850888,46.577931213539486,0.0,0.0,27.32792518695381,81.66527161681361,62.048296153725424,174.37230161713953,219.84671113425017,193.85214764889838,58.75893349802674,79.36825966387606,242.74399072289648,127.60318502716952,196.2307403392283,32.4077865006738,24.472037762885467,62.143322469613445,146.2480288023114,35.587215124386205,23.57758974307821,46.8622745419527,0.0,80.93457488969099,35.83944538390766,229.4873505581342,127.54449142643766,195.81330203670672,59.54019077125565,70.36119048483023,109.59207464073708,11.92899758865272,55.54889967961392,22.05157265900949,165.18119764539256,161.29815072830687,34.33183990486431,5.348513330682948,2.752452769803689,192.10606807859003,157.28942195486212,149.0188430716138,0.0,84.45495854558538,304.91964256867413,98.51522410613228,0.0,51.49572160018527,322.7334037616265,256.04768041975507,131.66902312245972,160.00129163462074,19.762491939165972,0.0,48.60767573318889,408.8674300156652,53.25158950283863,20.566651550954006,164.79622885364304,25.201770877217523,232.77372960854797,41.15993212392903,6.991542694514955,37.45636379636306,88.3309916943323,14.0297289654016,31.228143170875263,176.41992621683158,185.40562006703388,81.1979612454802,275.8595127566854,68.88838538565577,119.34181585257757,0.0,0.0,445.8788431173296,154.74238878191363,22.934706108314188,24.7970151856123,135.93204492013575,89.79419208470068,0.0,142.58535924815592,0.0,0.0,367.130674941088,0.0,161.60983486616658,39.260834077687306,15.138924178287349,125.48629596440354,76.55591683213162,47.178080773837365,251.01341026391063,28.651031961129927,337.97094200514186,8.815504564187371,221.4513260036059,101.31722100703024,23.60047401809278
720575940888793434,39.65161590359628,8.165457090791378,0.0,17.329352310859694,146.30559068010504,18.924707469352878,28.13111522305068,55.846116437590844,0.0,8.506028014194541,0.0,58.74359007614823,72.1555442471389,0.0,66.83543777938908,0.0,108.46666040409352,87.4516858425254,16.218733120016875,47.87728734147518,0.0,23.189974905496026,23.74760851552763,278.49922041280576,97.0217730116176,52.46476948860312,39.148944855263615,0.0,45.47963799588905,10.106076014830242,130.04226282316014,143.4618254762528,45.85513529146926,26.30013754072088,114.76670394631684,0.0,55.24065486017671,148.80713038184967,11.61736543199029,60.623400911814606,90.98427118747124,0.0,34.6333019532244,12.668628952484775,71.327489631643,10.325354219172281,59.91203740101033,0.0,151.85993907751998,77.04122452566688,68.37963630126384,76.9429125740754,377.8338252349825,7.611718479407553,98.18466875679296,33.11718712633385,0.0,6.74242109170942,117.78997207401262,35.41569227601733,0.0,43.28044106685349,8.307386110229897,0.0,50.60025351010004,0.0,0.0,34.21825173726538,57.363850548160435,103.25554789280895,53.230784527305744,81.57757337669585,188.22778318410656,0.0,0.0,74.59717909178029,27.772504050902267,0.0,65.56410258413075,117.07118050695682,33.049587325714775,41.650136812886934,60.97293895341892,38.9494828465309,80.90849622283564,55.69136893079251,111.22691472089976,93.89801670358993,61.13447864266549,66.37741568812585,0.0,0.0,0.0,121.78178242179479,5.438103990885402,0.0,0.0,19.469074086450206,173.62838209096714,13.633426945768836,15.758147396860497,88.76826324665457,69.91119706997252,45.16155266297442,97.07431758338868,92.42112314574848,16.994144969307957,0.0,0.0,23.767547837029372,108.18997491800243,50.535169658985716,145.60278122599638,106.5706479898218,66.52704321838279,74.11855873911365,0.0,32.23723429326353,42.79585060781374,0.0,2.8407113545730054,123.76090229424312,77.78120295634689,56.31440316984454,37.631709556660454,0.0,128.2709172192248,0.0,64.38743883384946,73.6923548668522,117.66078750869262,54.622189424738956,62.166360068074844,88.99523624261357,138.5734123468384,0.0,11.17099871154711,102.01541674482435,20.08615192752441,26.930493304621464,0.0,74.38684688023665,16.2971947850662,22.057772790853182,7.018855615528745,10.357737119492558,153.15301542589665,39.73408700303861,21.296334991261187,51.09268299445248,19.041656712747642,23.645379750892275,7.5140403408214045,76.92223037479623,0.0,32.25638349612074,102.39137694523274,0.0,38.171547656137044,167.77439801003297,14.993896919731837,0.0,9.123887268139109,85.61595535223758,182.14118610619352,60.744839710021,59.099014096961255,16.585811991462695,36.951184853167995,0.0,63.65678374641565,94.30064652366225,61.94938683551644,33.86789873458097,68.54883625759918,0.0,26.87125934673377,10.682158450250048,49.177154230708624,35.55282950567745,12.436048433172067,131.39067518868916,65.57545125194028,56.66721480553073,30.952111037494305,108.44676808094108,124.32204340523752,55.45475123312678,20.664638581791273,64.76673722481213,0.0,132.1767143567733,0.0,91.10033755705125,39.540622472018384,137.65349597170368,11.717138471273614,0.0,16.222912923944676,93.31294471372189,127.6862284848462,12.681505018451597,116.83123767565031,119.19764503708616,0.0,16.79625457641406,22.089045537053504,0.0,262.7521183435707,0.0,32.165825576319875,29.550707439670326,60.53892942034752,14.809699617337905,50.57989542185009,79.57555795764188,8.314146994833678,28.15919289618996,41.33033596345598,105.73009797363939,12.440057722678064,0.0,66.04008592729461
720575940888799761,119.29912206619503,45.31028863138087,0.0,10.325947903791734,70.1029273776896,34.50116472357264,170.1935745067869,14.68930984378745,0.0,21.204194623862744,0.0,214.33765039202763,248.6689947337488,0.0,10.389003505525688,193.899658238781,139.1565588619556,0.0,82.5923473850298,44.6907026066233,0.0,24.10806047670059,6.657925574203765,196.85340382306742,21.495780090282608,230.0823274116873,75.14094995666706,324.1805803135761,32.91700741619746,19.96519789751507,0.0,71.87675216579855,176.99267618850828,0.0,0.0,12.966752860539907,0.0,76.76332620244578,0.0,87.44381455403551,164.98891191089947,0.0,46.32740236516122,0.0,82.67032848145536,12.966752860539907,94.6653965963448,16.699093039040278,0.0,0.0,0.0,139.97220513412515,136.63615602765023,0.0,93.16856687229405,15.043819087433144,35.60116378217787,0.0,88.78646965439995,0.0,100.03893684739164,200.05113152207704,40.01091660797611,394.72901136110414,31.81956222950187,10.880385541197034,0.0,0.0,20.23150746046441,37.02736449087767,42.759480555387945,93.94146846388789,8.761004999291126,0.0,5.7712844209497325,0.0,0.0,206.9761350420956,205.4703744885451,117.32115617974394,82.82580751551843,114.7765682413023,43.312470381164204,0.0,50.89549034034112,0.0,7.582862824440382,42.24595654541755,141.2058292391836,14.403653585451181,0.0,0.0,163.61583664289267,264.48037241840524,65.16815727071305,0.0,114.14936943996226,23.38080175972528,17.928576416549475,33.89775775116146,0.0,0.0,0.0,78.57843291004657,0.0,120.020651513442,0.0,0.0,0.0,0.0,232.25122655308326,55.624718361004085,105.70324257138938,0.0,0.0,0.0,12.487616096460807,0.0,27.758279942313045,0.0,0.0,33.915008298560814,246.0317496127987,57.561305817013285,32.97276348541163,0.0,0.0,0.0,92.98353226756502,55.254189519256705,43.77900978689897,0.0,104.1333971000294,0.0,3.6997536328996263,60.79699226805332,129.90963875199947,24.46306659982228,107.3105593433732,11.874610837441912,0.0,233.13336380418139,207.35840730411687,104.58927540531676,24.186093393776357,19.354032362678872,145.76347281355575,190.7062247463984,0.0,0.0,0.0,0.0,86.18009863302038,56.67800109644,0.0,127.58513295722396,6.6035529672227025,214.3025898683414,474.45859915349666,41.13482632150913,0.0,0.0,19.354032362678872,62.06678228954831,36.81479476690054,16.03816847736719,16.341114296249394,0.0,0.0,0.0,88.64840798166293,24.058783411044214,244.0649887153581,234.32432304260763,262.41180334138335,0.0,0.0,0.0,0.0,64.51944365853534,10.447511699524295,166.8706250433935,46.776590752582486,191.5063310865209,66.5835693315787,0.0,102.41519839829117,60.64128490862717,13.913065301338564,12.249487281863159,102.29771433187574,148.8243452937287,79.40871813991583,266.7920831380781,75.6883692736641,0.0,0.0,0.0,208.2423037167981,77.9479617554407,61.97976290266085,0.0,0.0,6.020178763346128,0.0,220.00084028344713,0.0,0.0,186.80096250467903,63.10503353562871,81.4069966856096,26.61861739807909,0.0,225.01639925937275,0.0,177.87890212152263,214.4764025982571,37.57368453944601,321.7594390883802,92.84935438315544,68.17722782971424,108.07984588266916,16.341114296249394
720575940889238903,186.5746905808519,25.89892072272701,0.0,36.66710273230395,181.8966153935864,45.92143223633581,349.48080260312895,256.5431260685655,0.0,16.915301226844136,143.6093563969711,770.2970585552325,37.124745937237286,0.0,354.2450227205556,299.315550516837,286.4408982945049,147.21058237237744,212.01890111750643,102.64705404773517,0.0,43.66445287723359,86.96890456011324,15.173473220862116,135.8457741031575,236.41951845092515,270.3414452505692,716.8559077176839,68.6011871763657,10.12866916257634,0.0,138.9058701194687,338.6059727733851,40.21391981044949,242.03219810874035,0.0,105.46974112565516,94.01528158230407,0.0,601.4244283337474,165.44724491378693,66.38453611526508,9.501998201714729,244.88218663872584,58.052023256508214,0.0,63.89802441184352,37.83749280626036,53.382648100101605,25.856638038623363,54.10104714517129,324.32454823746554,172.32108906190464,0.0,48.88973273187343,75.10265511873682,24.605131906646076,0.0,541.9319056086648,142.44311534053298,362.95336704587163,427.60315276760105,36.370954317833444,426.1778924614463,70.34320035654265,43.315559452610884,0.0,0.0,207.0011466127641,28.200375226891985,120.64032732858985,108.95017217691382,192.53819076212164,0.0,0.0,15.140883508318643,223.83428255795678,221.6677131015122,248.86093731601494,282.4563382092562,166.52742496114658,544.2015684195296,5.181101183427882,0.0,90.44659780104928,15.759844828086644,202.77137130037792,159.41206219264114,402.5915182662618,367.2367738702646,180.62083212276002,0.0,240.96631310727741,364.8905689195007,241.17064076981566,13.19097133457087,349.2185343542772,60.21035497429378,20.93487679656326,210.14659564213866,0.0,0.0,108.4954637004738,88.85631135272054,60.33830123145976,410.5186633090672,317.62590869283315,0.0,0.0,17.211569764661213,441.62066991658816,232.28531640590438,29.780618331067227,0.0,12.573387730611957,20.11368164808183,8.112165740649456,168.50350339456648,211.83309866998442,0.0,11.21154392011006,365.8535106102054,374.89168888859456,359.44145404873655,62.92921069176502,0.0,0.0,0.0,28.24810568373553,256.8052660025936,222.12990641035944,27.554234568924862,369.2331018036787,106.33291138700085,183.59706324487064,328.35550793318987,209.1240097417289,203.1912472962666,329.4168444960609,5.0277139806585085,0.0,575.4397154179802,469.4338507482219,297.6656078309953,122.52659864517064,101.53091917955841,262.227727386394,30.134860628365292,39.54899377344557,117.89231520707088,354.65257101132886,122.52408483359744,379.34085475538046,276.90559434949193,2.0766069079149285,145.72070663215126,18.91743625972042,471.2961899043073,345.41254740609276,193.35805312233498,0.0,0.0,171.80217419614956,330.53862759537583,75.42888655916664,1.3453688435554827,163.7830882763151,251.35825006221145,0.0,0.0,0.0,358.0642685345878,321.49790708819285,37.28618446364124,568.6245760311484,0.0,19.558764224454773,0.0,6.282124117179426,475.7258246602494,59.71209347176677,400.2936719026555,232.24095264472442,308.6656468640002,451.44898911714085,0.0,263.3215599284059,192.95546653613354,80.82136341708254,31.23824497781935,293.36810927962296,593.8517238473577,170.16766550642816,636.9608533213884,154.78058221234917,59.127958592452366,0.0,38.699924265544816,625.0528684536882,51.09603056660928,20.51608012561873,141.47194803695137,0.0,12.505216417811024,0.0,334.44217479250335,17.823238662521085,98.70577610468696,485.5374324629015,24.44063152031739,369.99179952121034,108.85722268567464,13.684008023953192,483.5421791917075,11.042120479086378,100.52144720775256,276.3021617317968,105.8341172477698,915.2725272134633,0.0,448.9443584361864,3.9587365381486803,89.38246614349156
720575940919071815,0.0,0.0,0.0,0.0,0.0,0.0,0.0,0.0,0.0,0.0,0.0,0.0,0.0,0.0,0.0,0.0,0.0,0.0,0.0,0.0,0.0,0.0,0.0,0.0,0.0,0.0,0.0,0.0,0.0,0.0,0.0,0.0,0.0,0.0,0.0,0.0,0.0,0.0,0.0,0.0,0.0,0.0,0.0,0.0,0.0,0.0,0.0,0.0,0.0,0.0,0.0,0.0,0.0,0.0,0.0,0.0,0.0,0.0,0.0,0.0,0.0,0.0,0.0,0.0,0.0,0.0,0.0,0.0,0.0,0.0,0.0,0.0,0.0,0.0,0.0,0.0,0.0,0.0,0.0,0.0,0.0,0.0,0.0,0.0,0.0,0.0,0.0,0.0,0.0,0.0,0.0,0.0,0.0,0.0,0.0,0.0,0.0,0.0,0.0,0.0,0.0,0.0,0.0,0.0,0.0,0.0,0.0,0.0,0.0,0.0,0.0,0.0,0.0,0.0,0.0,0.0,0.0,0.0,0.0,0.0,0.0,0.0,0.0,0.0,0.0,0.0,0.0,0.0,0.0,0.0,0.0,0.0,0.0,0.0,0.0,0.0,0.0,0.0,0.0,0.0,0.0,0.0,0.0,0.0,0.0,0.0,0.0,0.0,0.0,0.0,0.0,0.0,0.0,0.0,0.0,0.0,0.0,0.0,0.0,0.0,0.0,0.0,0.0,0.0,0.0,0.0,0.0,0.0,0.0,0.0,0.0,0.0,0.0,0.0,0.0,0.0,0.0,0.0,0.0,0.0,0.0,0.0,0.0,0.0,0.0,0.0,0.0,0.0,0.0,0.0,0.0,0.0,0.0,0.0,0.0,0.0,0.0,0.0,0.0,0.0,0.0,0.0,0.0,0.0,0.0,0.0,0.0,0.0,0.0,0.0,0.0,0.0,0.0,0.0,0.0,0.0,0.0,0.0,0.0,0.0,0.0,0.0,0.0
720575940889924328,41.75685104752358,1.0351638759153066,0.0,0.0,0.0,0.0,0.0,0.0,0.0,50.17852374716656,0.0,46.37448684476107,0.0,0.0,28.76464574715817,0.0,5.80435836353683,0.0,6.6093050477712625,13.050741637377348,24.746475594626702,0.0,11.68081434889328,0.0,37.96115542003201,0.0,24.74434702114269,0.0,0.0,4.422809379282897,92.84447544312282,0.0,5.873027620666656,0.0,44.538182595353724,0.0,0.0,183.15331147763501,9.83518716395656,76.05584771679143,9.161908934298511,60.93722149268307,0.0,0.0,0.0,33.077318291120086,0.0,53.40459441081474,0.0,0.0,28.83438765250752,10.463404621648756,18.123157147772275,0.0,0.0,17.70281099064779,0.0,0.0,35.00535623706515,0.0,0.0,15.420928116637912,32.32100613053764,6.6093050477712625,7.707248593504549,0.0,0.0,14.15266825291528,0.0,59.779207118489694,12.370209741595875,24.43309019508226,0.0,0.0,0.0,88.15283490001777,0.0,0.0,6.6093050477712625,0.0,63.86735103084033,59.887596200943385,0.0,0.0,0.0,0.0,26.895583514690422,85.59253078714517,0.0,35.119277317935136,0.0,7.395704702874041,12.370209741595875,68.85241030642247,82.32723556079657,40.45053072856207,28.76464574715817,15.40302312962142,0.0,0.0,0.0,0.0,0.0,83.07536961567388,0.0,0.0,88.44300694954468,0.0,0.0,0.0,0.0,0.0,0.0,0.0,0.0,0.0,22.93960044887553,0.0,0.0,0.0,12.572073918638273,29.57191196772856,0.0,70.9977052296809,0.0,52.0403481192594,0.0,3.468795621542743,0.0,0.0,14.381177965731705,0.0,0.0,0.0,0.0,17.529508265225047,0.0,0.0,0.0,29.58959168195712,0.0,37.92655468145669,7.259174308712581,6.650148926203279,90.48101805700463,0.0,0.0,0.0,0.0,0.0,0.0,0.0,0.0,82.71390771928056,16.382495193404985,0.0,0.0,7.070895923865289,5.005880781401367,41.562332084839845,0.0,0.0,0.0,0.0,0.0,9.28529330575189,13.28678198636663,0.0,0.0,40.999457079210934,0.0,19.30477890386524,0.0,0.0,22.85669035397953,0.0,0.0,0.0,0.0,0.0,0.0,11.064870087637932,84.05928399073647,37.912333464275484,42.172640789949234,0.0,0.0,0.0,57.758679312741855,5.80435836353683,0.0,20.897246877322154,0.0,114.16560340521896,0.0,0.0,0.0,42.28676046832965,0.0,0.0,0.0,9.309318864515806,0.0,0.0,0.0,9.161908934298511,0.0,78.29342373047996,0.0,36.37944443286121,132.43204552320753,0.0,34.37157475024028,25.560415434221998,0.0,12.765852100917568,0.0,188.7404799910146,35.373950794929435,0.0,46.93291640710549,0.0,0.0
720575940890107704,169.75892845000553,19.56248242554237,8.661433957720888,46.76075097607862,175.8002018604914,9.630335374737966,78.40522543022921,158.52036953613157,0.0,68.47441646320696,46.38513231611711,98.83536615533606,67.31486992023967,22.24195539314328,132.69341537547052,104.06213007707274,285.23889660544796,129.12767887633456,123.46164022902451,51.20918920882587,17.281112310158043,87.99820927922055,0.0,206.09042536994463,102.72393190278264,95.77761406508863,201.42968267901375,100.34076139354347,26.313065647089164,52.16417700065037,28.09892678289829,123.09684368686464,137.23932402045875,30.6712332889136,83.781261494832,0.0,94.99100980028868,106.22573301316945,4.456909404828293,325.45181961917376,128.76764771551407,0.0,97.12045608337527,79.3630362117052,67.20053209271491,67.65898581585498,116.70965814785151,58.0555686361641,0.0,27.768765748300105,61.17953620092056,232.38301266834367,264.5014215638228,42.33173411901274,103.12505479091816,26.861851724158505,24.45004923131896,0.0,311.43961045737973,109.89795869487756,98.42000618199883,76.19397509477659,98.63266384759345,241.60449317288413,52.26298155334219,158.5384405979722,5.692798646355208,95.52932057438579,212.86224670619137,40.17688818152193,122.47524169895445,300.99029798773813,227.5773940151781,0.0,0.0,51.96985473476122,49.705997226595294,97.06644290963759,89.78160040827977,84.51663779958822,272.3355544302332,321.08173578346464,10.589298538273221,0.0,134.5524451253743,115.49850892013116,159.7853724902848,105.57956903298746,163.06930964959557,130.51894314753355,6.656866133634843,0.0,38.205181704231364,246.55092094387987,107.43452506517797,0.0,126.70160954490336,28.578018409885452,57.420146610137,12.37505334136777,37.900288349196245,0.0,38.079550486883164,67.6247961488263,58.447713568235265,208.28053067765953,68.04355049003702,0.0,27.84801108524314,36.03568916850873,91.01688590292281,113.77346966883198,69.06141848766795,66.05710108732745,79.16621001217779,13.19706553028961,201.2232125638353,157.50624880424482,186.54821341632456,23.227502526009864,83.38168332574028,222.40536723004288,94.62118975293126,167.87471398821947,46.196096605094894,0.0,0.0,0.0,109.1120946665134,11.155629002110974,299.3580334068699,9.354929050003037,52.24992663388919,54.84629635004,119.2131789682922,87.88803677505828,40.987003340446925,385.855227571976,22.528468723701373,18.624089103533194,24.86197612512958,114.60576839987596,48.94277145936446,82.26839169432196,56.88614555380346,27.27073581441144,177.71718145017726,49.08244112920901,45.973141796013714,70.57204692189127,57.36452253593794,14.674962838931837,19.031971929072693,169.27575029199798,0.0,13.974150712803487,98.61201487554915,118.2305223555726,240.22074391127663,177.04377906632007,25.359759031916443,22.894879695377146,27.804037236699056,198.84930696067434,146.60141354212746,0.0,60.24847451955867,45.28094468843355,67.40264392595188,0.0,38.816085335280995,128.26851591029893,287.6009413219378,159.34988511552407,136.10134799151152,27.411111766590395,9.2046094080283,12.087319771709316,75.70578145047806,57.36290753016713,142.9329130745136,283.32508995817767,166.08900622148832,354.40919017395856,124.91893402297721,0.0,36.24266955272914,288.9913725692331,133.42692051614642,0.0,60.97710378623133,161.35385323706316,149.37797206027125,301.17629948202614,50.07618535206756,37.944631128630746,0.0,14.026254070280608,86.65432103259948,68.97818503238913,74.98689788194227,21.58483624311848,44.730874506154564,186.4303463738919,6.774399634878566,195.20693992512602,29.622468562113283,111.03489738586762,195.66390770195676,43.009786156044235,118.28027723464776,7.218391560767397,50.616206002652106,153.30601572468183,141.2376513489726,157.68752209499175,200.2518707243604,35.105851621005016,184.09129667926123,268.7726686174984,88.98720159927916,119.8424929621862,95.98484738135798
720575940890108216,21.359925727315186,19.07090105499023,0.0,46.12688567116017,0.0,0.0,0.0,0.0,0.0,0.0,0.0,0.0,0.0,0.0,0.0,0.0,12.024809239637671,0.0,0.0,29.57121739279693,27.595632221361484,0.0,20.750597412058553,2.3705834964820403,15.200391500731481,0.0,0.0,0.0,0.0,37.481119309203436,9.025962854031905,0.0,0.0,0.0,0.0,60.735907678827836,0.0,20.690313690053397,0.0,157.27246528010522,0.0,19.73151120423929,17.307615106855057,0.0,0.0,0.0,0.0,79.61535532257716,0.0,0.0,21.99078261986632,28.04652654735806,16.97185529979322,0.0,0.0,0.0,16.217751871274512,0.0,0.0,0.0,0.0,0.0,89.8183382562694,11.213654473173897,0.0,6.3117943267989665,0.0,0.0,0.0,26.26015222017212,0.0,0.0,0.0,0.0,0.0,0.0,0.0,0.0,0.0,0.0,43.87516321942522,54.823429585213574,8.384389255514652,0.0,10.142535337208104,0.0,0.0,21.81321162273456,0.0,8.795213535271738,0.0,0.0,0.0,0.0,166.6090045902625,0.0,0.0,48.25132593898109,0.0,0.0,0.0,0.0,0.0,3.393352699399442,0.0,0.0,162.35422358404693,28.64226342227313,0.0,0.0,12.438582104551296,5.812953165554185,0.0,0.0,0.0,0.0,0.0,23.52215122456351,6.453757852191277,0.0,0.0,0.0,31.381545726793014,0.0,0.0,9.032561142285221,0.0,0.0,0.0,0.0,74.8675154342263,0.0,0.0,0.0,0.0,0.0,0.0,7.2424416089002985,0.0,100.15580900640187,0.0,0.0,0.0,0.0,26.6386623441048,0.0,0.0,0.0,0.0,0.0,0.0,0.0,0.0,45.620234379187465,29.81862787194746,0.0,0.0,0.0,0.0,98.15384003478322,0.0,0.0,0.0,0.0,0.0,52.719470967219436,28.068460979049732,0.0,0.0,11.696900521631727,0.0,0.0,19.27372647266909,0.0,0.0,0.0,16.19821224759144,0.0,0.0,0.0,0.0,0.0,27.283827292435838,6.363566610442336,0.0,0.0,0.0,0.0,8.401214520727597,84.54964121782623,0.0,94.10119266878353,0.0,9.070271162041823,0.0,0.0,0.0,0.0,0.0,0.0,0.0,35.63461338663445,0.0,0.0,0.0,0.0,0.0,0.0,0.0,0.0,21.7379889194244,0.0,21.67575339144598,0.0,0.0,102.89813168740893,0.0,37.982395092122175,0.0,0.0,0.0,14.980428941313795,21.063450543178114
720575940890111288,10.072018965544196,0.0,0.0,0.0,0.0,0.0,0.0,73.32991390183997,0.0,0.0,0.0,0.0,0.0,144.1067035754274,62.74235130254194,0.0,0.0,116.81603169502192,0.0,39.92796138404074,12.394163104350922,0.0,0.0,0.0,10.814553715557649,5.279818030289776,0.0,0.0,0.0,0.0,0.0,0.0,0.0,0.0,39.08955691762948,17.75694561239973,145.5711139110516,0.0,0.0,0.0,0.0,12.811971916797203,0.0,67.18700260226231,0.0,0.0,0.0,22.279878868738358,73.84181567696203,44.75289504544945,10.130837236305306,11.6315548822593,20.5462501565847,0.0,0.0,45.06518515091888,0.0,51.93542337846417,0.0,0.0,9.798255218033727,0.0,35.134692832835576,0.0,89.23309296433843,0.0,0.0,0.0,52.22843060379607,0.0,23.75977641773358,0.0,9.66400541558334,0.0,0.0,8.626738598695571,37.08580612820991,0.0,0.0,0.0,0.0,0.0,0.0,0.0,15.640250249636477,0.0,49.347113826175494,0.0,26.51045164789796,11.6315548822593,27.680413725906664,0.0,0.0,6.878053174824317,0.0,8.225691372432646,0.0,0.0,0.0,10.556432174214802,0.0,3.20164289394372,68.81121910014758,0.0,59.913317871893526,0.0,81.50811208121985,1.9322050227654413,0.0,0.0,0.0,5.871500818415261,0.0,0.0,139.36066846461517,12.417524028695464,0.0,0.0,74.09795618210967,117.484814965523,0.0,94.16332071229492,0.0,5.82255113274909,0.0,0.0,0.0,0.0,0.0,0.0,0.0,5.871500818415261,0.0,76.13753075871472,120.4543066773764,28.39059538767665,0.0,59.22087366475845,0.0,0.0,173.1465072737713,5.304826803833596,0.0,0.0,11.256497700874785,0.0,0.0,0.0,4.884437052666189,11.233427778707268,57.38672027179785,73.15504583222413,0.0,0.0,21.229402767805304,0.0,20.5648239749533,0.0,0.0,66.08458602008616,94.05165716015813,0.0,0.0,74.44779174336867,43.964504098736,0.0,20.47760489949664,23.044038332599772,106.36767952606644,4.8563167642609,0.0,98.77212219398396,10.728093302578019,0.0,0.0,85.06505089655107,0.0,0.0,0.0,0.0,49.0328611461151,0.0,0.0,0.0,51.53044054476579,0.0,0.0,59.71731207514886,0.0,0.0,0.0,0.0,66.68702367045034,21.070616390084126,0.0,50.87768598162586,12.394163104350922,23.84517324927318,95.77360026423663,0.0,9.45803027051064,0.0,114.23473904026037,0.0,0.0,0.0,0.0,0.0,0.0,0.0,50.85634897421338,0.0,0.0,0.0,0.0,10.763614915219396,0.0,25.4061990082254,0.0,0.0,10.728093302578019,0.0,10.515164648406207
720575940890134196,0.0,0.0,0.0,0.0,17.58432428704248,0.0,0.0,0.0,0.0,0.0,0.0,0.0,0.0,0.0,0.0,0.0,0.0,0.0,0.0,0.0,75.7973901130894,90.5750745222612,0.0,0.0,0.0,0.0,17.525484243311045,0.0,0.0,0.0,0.0,26.620942535958147,0.0,3.2526531771644547,28.651988796752562,0.0,0.0,0.0,56.464699204950094,0.0,0.0,7.12771852632604,0.0,0.0,13.499969008413096,0.0,0.0,0.0,0.0,0.0,82.25329126999692,0.0,22.81772961292804,32.1562808438718,7.6822423732197,0.0,0.0,16.79297231909014,56.265561112853675,5.699310323430369,12.627797150872617,0.0,0.0,0.0,0.0,0.0,18.64767726218468,175.92480190117064,0.0,0.0,0.0,39.27751656349888,15.14129197239943,7.933682024329635,0.0,51.44160509336564,0.0,0.0,0.0,0.0,0.0,0.0,161.8795840226716,51.14512357464359,11.466385674133093,56.5864101698045,0.0,0.0,15.60074835915524,22.312412391799167,0.0,0.0,0.0,0.0,0.0,0.0,0.0,0.0,0.0,0.0,164.8052238670588,0.0,0.0,0.0,91.15898731397878,70.15239300057253,0.0,0.0,7.902849885591108,0.0,0.0,0.0,20.977290834803675,142.12371708951088,0.0,54.33647854271459,0.0,0.0,0.0,0.0,18.24920660342776,0.0,0.0,0.0,0.0,0.0,0.0,77.49437116015093,0.0,0.0,0.0,0.0,0.0,0.0,0.0,0.0,0.0,0.0,0.0,0.0,8.886114440662682,0.0,0.0,0.0,0.0,10.107002460651904,0.0,0.0,0.0,0.0,0.0,0.0,0.0,0.0,0.0,41.07447117682814,0.0,0.0,0.0,0.0,34.544023954476174,22.481865963898475,0.0,0.0,0.0,0.0,8.144833610626643,0.0,90.61925441563685,0.0,0.0,0.0,0.0,0.0,0.0,7.955689531680289,0.0,155.53400224613497,0.0,6.063139418973367,0.0,9.843241870091344,0.0,0.0,0.0,16.50147454398592,0.0,0.0,41.066387483348564,0.0,0.0,0.0,6.407619788711584,0.0,0.0,0.0,0.0,0.0,0.0,51.22461595353249,2.5969917693362063,0.0,32.94437489172609,0.0,0.0,0.0,0.0,0.0,289.5220613201648,0.0,14.032095850199546,0.0,0.0,0.0,0.0,0.0,0.0,0.0,0.0,0.0,0.0,0.0,0.0
720575940890245126,88.77708144818604,0.0,12.766551254203478,23.5336108856104,242.33829978630192,15.811246102523004,59.010391109208214,107.09158003376244,0.0,19.81797524285548,104.8098354400807,172.71665344230863,158.57255764359522,32.55268736930451,156.58494473142846,102.68399513426117,140.88796682810843,119.78649312466524,341.5056013692072,51.71083212499769,20.52707485088615,15.64119801568697,17.427547719016207,428.0911080801439,43.631838485409226,129.7702053312349,158.6328603977239,42.45089949136214,26.807992725444922,28.842363125488344,14.546806155447575,123.05742989318497,127.07079627636804,34.91242860694588,132.2948683047055,7.730693060913728,25.38049282230017,90.13149894920224,0.0,64.15356555340823,141.9100559615642,9.757578632968263,28.803659735514902,201.20737633199792,69.18850323310107,0.0,51.525470388176124,9.4497212293773,88.32568630496361,13.479224030546812,48.31294342197962,249.63390882180948,533.0035961202353,0.0,192.22507879457905,182.371721981427,0.0,0.0,127.1091573826432,74.4017326798917,158.69229640911334,54.79316916115949,5.905647265092048,266.1145441367568,81.89291627562794,111.3800643658606,13.703803980261757,28.639344177053694,215.61426576324945,0.0,199.32984927863595,116.20692810776508,493.6510027131955,5.847832388197468,0.0,27.22893520671379,148.27198908052324,45.747645577277964,169.09919539858896,305.58598270764054,74.85308989332488,180.49216345311137,97.22587143904224,0.0,109.37050444113189,78.81994703212503,351.63723741817967,0.0,172.89702530469714,80.55729595698992,57.21947750635491,0.0,54.925695472353446,195.67751827314365,171.76906304919422,0.0,166.513850659564,25.71081938686713,247.17603372948247,201.4487774045933,9.215290303312337,50.244656624609426,115.60518485455404,6.122679593117971,142.09993845651294,175.121944694233,65.72165138781533,0.0,44.310852712290846,14.534598094211727,242.22247732380367,180.59852394979688,124.69825505123346,67.54485660149251,61.54793630187429,9.349370496791087,80.92547087427327,187.5657724791668,214.44753381240744,163.58623298294688,22.19715892064233,334.2100283520408,200.31318975701362,53.3959142754481,349.9901411303546,0.0,0.0,50.58057661502309,298.20830200808405,49.293786153422396,208.94161121110207,109.57544427840556,205.68202262818397,187.41388626147685,223.70297716714276,156.11569865200207,70.1134871860772,278.40170584178856,46.362534810673544,0.0,102.49985384590153,115.80860693495384,116.33400685090416,153.73466682963374,8.726613835311912,9.658653390416564,282.42078139916975,245.55669788221476,52.32852132956014,184.7170106937937,126.0829847041399,93.72742824853162,36.36648599448616,136.8219641770836,0.0,35.76493952342207,188.3347844111356,30.1089749038482,418.5731114978405,76.67054241721094,32.87040563128501,0.0,70.66984762385901,282.91158236998973,229.6174997673161,22.240547992942247,80.65048508177529,191.6452727005476,68.60491963458783,15.668936302493327,94.26570271139764,168.73315446455715,217.13588331248488,389.6392013115491,159.09741773892517,94.99092105142532,0.0,38.15262131394318,203.84760289099813,75.20971696779469,34.65820664998289,265.90413314801623,83.01019053824508,284.8436914309975,86.81182951470188,14.231350496062094,61.95637788005163,123.4315452403844,125.76621937897453,5.156306067360902,76.17667539878892,64.79502806866876,75.10998708970028,402.9019418104051,91.92743035941432,145.01466476502998,0.0,0.0,128.12550483750226,122.45707398986556,101.07441111927616,17.69515513032608,74.28646233109889,398.41897701790066,41.03890689430774,209.94368249785438,4.912752532899334,6.55487751752557,352.978169653837,15.050540838620218,112.15835667756097,37.14960824743679,0.0,73.2625834982096,308.9788848668032,198.51865407195,109.36524670677018,45.58598971261508,88.94897431597585,259.9792036937404,71.6728489565503,239.58301472574422,73.5179364044341
720575940890900801,16.025919011205893,260.79548459508993,0.0,0.0,0.0,185.1740569218972,0.0,0.0,0.0,0.0,0.0,7.409256234151854,0.0,0.0,40.14412146706802,0.0,9.269942653707904,0.0,0.0,22.667081410251225,0.0,43.092974414239634,182.89933581507384,34.22252318520061,0.0,0.0,0.0,0.0,15.260298741592912,0.0,48.04738371085882,0.0,176.83897284716812,0.0,0.0,0.0,0.0,43.657821079294074,0.0,68.40689508679131,57.82303961016829,0.0,403.6849660275137,0.0,25.04183884056161,0.0,154.364561621764,0.0,0.0,0.0,0.0,18.730789506937636,213.11123197686467,0.0,0.0,0.0,663.1091478586229,0.0,0.0,0.0,60.85204159751761,23.396010404006816,0.0,0.0,0.0,0.0,0.0,0.0,0.0,0.0,0.0,58.09339936940393,25.04403386984887,0.0,585.691999852391,0.0,0.0,0.0,0.0,0.0,48.354394776172995,9.269942653707904,0.0,7.019756360095533,16.025919011205893,0.0,0.0,13.776897890524866,0.0,73.7726987674768,0.0,0.0,0.0,29.065348852352752,0.0,0.0,16.154774200082272,0.0,0.0,0.0,0.0,0.0,0.0,0.0,0.0,0.0,0.0,0.0,0.0,0.0,0.0,0.0,0.0,0.0,0.0,0.0,0.0,0.0,20.176089182586153,0.0,101.1291610809516,0.0,17.89694162141769,15.056487099656017,0.0,0.0,0.0,0.0,8.626998967709785,5.810290156226612,51.913594193313074,0.0,0.0,0.0,0.0,0.0,0.0,13.218964591964328,0.0,14.06148117566023,0.0,0.0,13.218964591964328,0.0,0.0,0.0,0.0,8.616662777054037,0.0,0.0,0.0,0.0,0.0,7.378089038376063,0.0,10.729196122219625,21.845963559674118,0.0,0.0,0.0,0.0,0.0,9.136180260474987,8.515109043654844,24.216785133173747,0.0,0.0,0.0,0.0,0.0,0.0,1.6235474277026833,15.439132087607552,0.0,9.269942653707904,0.0,70.4155932538498,0.0,0.0,0.0,0.0,0.0,157.3680259110054,9.309539533515384,13.642867099630195,9.950548915019885,61.78620241968569,48.52841460243785,0.0,191.14248707249538,0.0,98.46636749626371,0.0,0.0,25.308003722734746,0.0,0.0,0.0,0.0,11.97619278622072,0.0,143.12780736426365,0.0,4.6056839852059,0.0,0.0,0.0,0.0,199.7062175565209,0.0,13.266409517636106,17.925773341817706,5.456470388272797,38.595136860573824,0.0,39.02709867849972,0.0,14.537466208855403,0.0,4.6056839852059,0.0,0.0,0.0
720575940890962241,94.83534755994796,88.67391991005978,3.7994108731456975,23.026820884143298,110.85973170525838,8.214789069653891,49.32835051019533,182.7179423859949,0.0,0.0,49.62898040100091,73.02667762573127,38.78418495828552,0.0,79.11866956063464,65.37724623025808,79.60518154341878,32.584241837416,207.58909588745485,73.9973961169453,0.0,67.60243365147055,24.122921213332685,157.16925006090563,9.006298499230743,116.18359444304198,123.35665557474725,38.97949031343684,0.0,0.0,7.523967933298059,112.5758061362826,97.5804320162327,0.0,33.69357028080644,0.0,34.91881725897048,14.619690338982144,30.926137205677975,13.715375910892497,18.22140610975665,0.0,22.286980799008518,196.73796131883725,128.94944486542025,5.192621784801971,0.0,0.0,22.389212711079498,13.346097855485192,11.611043010904627,240.58515799301838,226.14348638391576,0.0,81.31811720750328,67.44406306839372,33.070896986617555,0.0,156.16284585757253,116.89775390351568,16.181175542862306,0.0,0.0,187.0668793864361,0.0,27.43468237919505,0.0,34.306768249173494,45.82589706317805,15.469245617109332,108.90717052472924,78.63239064462564,99.08484818043469,0.0,0.0,31.43999023380536,156.0935304656483,56.11731019602151,149.5639738271092,104.75517120579845,13.766605062467633,134.95713681862148,101.85355978768445,0.0,43.152591658979745,0.0,109.96781146650984,0.0,141.75307922705034,115.73622051817095,116.74599368579227,0.0,63.19582566544576,95.38183880898808,9.04741531476318,0.0,113.16083125789335,0.0,21.69993757113786,237.17655255298294,34.5884210944594,31.30227024702204,32.50763975415613,0.0,17.653585667351848,172.0316338756959,17.53319601523186,0.0,0.0,61.178520064427516,83.06512238718882,159.29017590311287,73.2973916765361,0.0,8.686306264709044,0.0,8.641816749526274,54.87465776485261,85.40610251394465,0.0,9.342730240970793,165.40396381655665,203.01926987898236,240.00571352107875,155.41286560963533,0.0,0.0,25.101422672906313,97.88874935185005,0.0,131.44664821823713,9.658929256693703,49.011165539376385,91.06091835180017,164.1599975107815,104.77732460131182,88.88819194240385,170.17122672386537,12.023713699858888,21.23697582010421,0.0,78.20768000352378,49.470923373156324,45.779014074296896,56.54035219981538,23.8602284000404,130.99670336590881,70.69026301550281,47.49019449895972,176.66649324945098,66.77088313162638,0.0,5.582703147273239,0.0,0.0,25.338501652460273,48.11054532455899,41.95816141231646,173.74870304368815,0.0,0.0,9.015416198722077,38.7734135476323,167.0999834041022,78.0375575053665,0.0,0.0,9.913173246162478,0.0,0.0,0.0,135.99659371689725,192.2634782719696,158.24519967329016,26.52322833176253,0.0,16.664982897472775,49.12124938076214,36.55625818013938,31.976705721011452,63.059117957280094,177.34811702194025,94.03042342890784,214.9855858891314,38.82739837770876,18.89328118866177,36.864510712536514,106.3066646928458,90.30289331677044,26.32380467263361,23.89252302580584,104.73199880124704,83.5615687407974,99.63224963674267,26.87592625620265,66.08106829950671,0.0,0.0,204.91636644246861,49.01168144685725,0.0,48.51910225213708,0.0,237.96001819091316,0.0,39.35967111986567,0.0,0.0,97.23575211615103,0.0,45.36412066941669,0.0,9.467513600272405,161.9449047991143,209.3132761516469,9.847962137429601,184.0536698486888,34.23210727110341,14.619981274369499,37.56078806872785,98.6512965221808,132.70505656447568,9.088171685198438
720575940891164342,121.09527848930952,0.0,0.0,0.0,0.0,0.0,78.06189248360803,0.0,0.0,0.0,0.0,32.570324617524356,72.49790927767101,0.0,0.0,162.17599945707713,10.19961870635597,0.0,183.90499297640403,0.0,0.0,0.0,0.0,159.79741781237155,0.0,227.4572830977861,0.0,109.96341707398776,0.0,0.0,0.0,15.040865485448085,73.77660501921129,0.0,0.0,0.0,0.0,6.706845813463171,0.0,56.15050765789624,0.0,0.0,0.0,0.0,12.08209165566672,0.0,0.0,0.0,0.0,0.0,0.0,80.03152993259346,19.53605824858429,0.0,0.0,0.0,0.0,0.0,0.0,0.0,0.0,17.26929472716219,0.0,404.4054756429097,0.0,0.0,0.0,0.0,0.0,0.0,0.0,18.560642856903705,72.42324175924892,0.0,0.0,0.0,0.0,275.92968370693995,151.64386896374774,0.0,14.14649566564837,101.93625302995184,0.0,0.0,18.991738947670022,0.0,21.054785303136082,0.0,114.22327084222292,0.0,0.0,0.0,227.28873399997812,7.0176502778257195,41.20847584444769,0.0,138.1673957997723,0.0,7.0176502778257195,0.0,0.0,0.0,0.0,0.0,0.0,98.63198407065555,17.877344792965186,0.0,0.0,0.0,166.5113141944219,27.140023897216007,0.0,0.0,0.0,0.0,0.0,22.7073626566828,6.051096027857966,0.0,0.0,5.4570674900852705,291.0896773346939,12.037558082322075,35.70042611163643,0.0,0.0,0.0,93.44800550431705,0.0,35.557020133776696,0.0,0.0,0.0,0.0,7.0176502778257195,97.72397138909162,97.31951033381816,18.44006030506439,0.0,0.0,79.60947315134537,108.96877394381944,0.0,0.0,0.0,97.26359726426368,131.48820695202164,0.0,17.459562544502354,0.0,0.0,0.0,0.0,0.0,0.0,0.0,195.7263680942802,235.68935542361484,0.0,0.0,0.0,0.0,62.352831824060225,0.0,0.0,0.0,0.0,0.0,0.0,0.0,0.0,82.05157733566244,311.9947803606115,85.02038233917949,0.0,0.0,0.0,0.0,0.0,7.1257424135963445,61.50906633052153,14.474427070724289,175.29234183957493,0.0,0.0,0.0,0.0,0.0,0.0,62.82868688715527,22.296297413275312,0.0,109.45239739440865,0.0,0.0,0.0,0.0,253.59969395221611,0.0,0.0,0.0,0.0,79.3595346620084,0.0,156.13038922035366,0.0,0.0,0.0,0.0,0.0,0.0,0.0,284.185523391644,128.15951163538853,76.4144350435966,367.82655958297556,0.0,35.356615152943256,5.3647195357887645,10.421997923515436,283.7678131853402,0.0
720575940891181902,214.6255911514345,72.00234890091137,24.41657736890717,29.080697205822812,178.99138033026003,90.75060391787983,60.639400811392555,202.74335548958837,0.0,36.55360100661505,0.0,598.9033059190491,441.81334995631295,0.0,149.04459945780232,367.2590004321848,175.40806014298207,32.22386818304965,539.8130051854756,34.30414012710881,0.0,23.67077053773564,30.95913441041324,276.1241103569642,66.17590280623068,311.8978238714987,344.0125373880662,398.21762454033785,99.63188547971572,54.201255672095606,45.670895872035686,251.71726175006776,245.86697834065137,36.36164207419196,68.89057108429573,4.976344441454992,37.766067416616444,71.89952716972711,0.0,375.80657396235284,191.69813029016248,0.0,75.12142927853613,92.0480722601189,126.94332586060983,0.0,174.12547168917135,14.640892622363312,39.929931545012515,9.474969763543491,41.16155578504787,273.3370484438386,367.89740156532525,0.0,105.28072045290023,108.88519096958464,0.0,0.0,409.67400055785873,107.78190193213824,86.47413243601233,197.26879716840799,12.848139463794356,843.6144000889095,35.33243233787749,231.47589141455592,0.0,6.251930407828691,124.22289703684324,104.35218685459664,32.519034111782105,68.65047524270688,305.89608564367353,0.0,0.0,57.93894881036213,33.89383209065957,304.7188880433073,597.2601652582337,263.3334758079934,45.52514542028203,585.6278304562572,23.984377325466898,0.0,291.9332801927576,0.0,120.4065007619882,42.97850707825502,118.79522283585628,313.04443952703616,106.7024199456254,0.0,277.8084155100479,304.4881895617379,184.8227169449861,0.0,424.0022909536529,14.777793841785892,121.10288111834329,135.6723909683722,0.0,0.0,21.38987328652839,8.13296917050996,107.69486163972458,266.41130658242605,104.35051886662684,0.0,0.0,32.68161220103472,658.2989877169167,273.87495797738393,187.03866583725227,0.0,10.53780667177928,0.0,48.069671839335165,87.4402621670148,57.299007890468985,0.0,0.0,251.50330036084665,592.7970488360764,200.8027931778597,59.94880570126719,0.0,0.0,0.0,300.45378300390627,67.09934255600861,205.9914499583211,20.884590693263387,308.7172342595918,103.45657666806352,213.05468854233362,307.4690299785443,169.63498504993223,149.7255133801469,19.573285646608703,0.0,0.0,330.741565263423,471.3978055619168,165.9163245595606,94.44327455195932,0.0,548.2291586955039,213.32926942223799,0.0,148.79668267032486,48.231586261263786,42.07337874109543,108.6314514984065,105.69062743861345,0.0,60.2161159119075,12.882464746380796,388.43847194744757,1034.35180459613,114.52051960884235,0.0,0.0,77.79103279133469,303.65560588044406,111.91950821856916,14.403151579431004,62.90526273613998,219.36518740413968,0.0,0.0,85.3613133817818,222.259629143736,395.3940526548661,648.6721007633156,521.3920588425951,8.072714993690962,49.69036422702192,0.0,35.6690808465155,161.07470838061354,111.73705466644198,473.327538469683,294.9580831684366,458.8881557281324,236.40416049619583,0.0,138.51255407664536,124.60590275192584,113.52101032584915,0.0,226.75567634260287,281.3019650235372,197.42169693662447,669.4502534223953,99.9118207779059,24.487819264421642,0.0,0.0,485.7644647108062,117.12793589633924,64.65027359591167,24.88408875328449,35.711213871317945,105.39985919980353,0.0,424.9268697138172,9.531148571699614,0.0,371.9213686673999,35.26631521249899,301.9519416006451,41.65434958822366,76.76293352653391,641.8601193169511,138.83083854388383,207.0373341758949,555.6025132882093,70.2121056680826,568.3164858100274,65.09426583541772,290.58702784814,433.8411125184279,47.39050814942043
720575940906210525,107.12046474903852,60.743184858039484,0.0,0.0,117.72674948782095,55.34657595146269,60.57407444686249,116.46433458150051,0.0,0.0,42.22938082291926,325.4682475809804,173.7225042159938,0.0,314.3822311131893,134.80290697961317,185.04679254251772,44.09722368709791,291.57470732032846,11.136429328929017,0.0,31.34261326489486,28.844239640684624,250.0703998311084,35.54263309751625,201.13481988538496,115.0877421448736,286.7826149970333,57.89870443180668,0.0,0.0,218.9903360845935,137.4814997023052,75.1416200161867,148.64795842160692,0.0,3.709708206647255,25.89955172138317,0.0,11.010502495370812,0.0,0.0,20.347543634044243,176.84568663332607,75.18112423294329,0.0,80.70564462284523,0.0,57.33674287569463,0.0,0.0,254.80368174284538,297.3034076430911,0.0,60.09595413636146,172.645453685448,33.15008186128719,0.0,145.07463050421083,40.98606936674877,167.39153462392466,74.54925379864825,7.192055121689984,173.89883906919044,40.795951053021035,14.087713446661704,0.0,17.148712043071463,179.26614426188047,0.0,26.314312751353235,66.66711910991917,406.8021412852069,0.0,0.0,0.0,46.40851047568289,47.84854904058557,266.44302626252255,89.22459692838028,15.833800750161348,325.9744799452198,89.01578735203036,13.921893384314204,168.64265072773395,30.21847723831449,96.17927413854909,0.0,141.86536692542606,30.18376231149089,125.36791951930289,0.0,42.8434346326752,367.8443729758879,0.0,0.0,314.9866514497251,17.264899532448677,53.20968358105543,123.55951035737334,0.0,58.372456748887736,10.075563852493492,0.0,51.42281214240087,177.33172252244924,97.20674911473807,0.0,0.0,8.3920082867705,223.29162557132872,173.366100329954,48.99059356586082,103.03257812031765,57.9824781470532,0.0,0.0,71.64952488758189,58.29383242194491,0.0,35.904312846471335,187.01363967756316,219.45170580183688,420.208600021189,176.93842182436026,0.0,0.0,0.0,168.47857735504482,61.55444354076565,76.92075069718372,76.81677456957122,147.32959069044801,95.76132665567363,153.0577245087467,187.9390765290194,77.02691212407157,142.09386821300063,32.64635272567669,10.897672322076504,63.379660478394406,514.6670557553778,312.0426870401379,85.93108906153996,13.203049425610253,44.37913888877827,281.99175621713295,196.1286132736357,0.0,105.30523910578027,102.4130648995557,0.0,16.08964144691326,174.006329642125,0.0,79.6780295575633,46.70865687627612,154.31514971730905,276.774474064933,36.268105350179,0.0,0.0,69.20580591923046,303.48640671484225,49.86520957452528,35.58228785814968,27.76127631129803,110.20225356080712,0.0,0.0,46.238280127930175,132.0904063784168,202.6533588387569,192.29597334163324,406.2957209622054,7.247097116919836,5.492278418719439,11.717090814937604,99.09616040296169,80.40310517404392,0.0,326.62743567655724,128.93479771377207,199.6504443352873,184.1762249109221,27.177802829501168,103.61734408690931,159.2529423286926,15.67312928750741,13.08176745636423,89.32291903676317,40.689471986067794,17.013860431634857,378.1740870382771,116.47539825633206,65.1338766690977,0.0,0.0,109.15330785246336,132.8781156446235,74.77265036010326,36.654749179465725,54.78153049005271,267.94835571742885,0.0,102.25814895093194,0.0,0.0,228.3738061874683,0.0,150.83345750317292,22.374017498346713,0.0,323.20912152684144,180.724352667718,43.74737812337269,177.3766073280935,99.636426734655,333.9099207766245,53.64401213793684,203.15802066861576,160.90343887294708,25.506609468830387
720575940891184310,29.942655620354014,0.0,0.0,31.309637848224607,0.0,0.0,0.0,10.348056405496942,0.0,57.03251825657909,19.093716521184998,8.145439756690484,32.90256417643776,0.0,33.96581403186602,0.0,23.042891761674195,0.0,20.142462762144643,0.0,0.0,0.0,0.0,7.199689609796993,49.503240912599196,0.0,0.0,0.0,0.0,108.67030188455098,45.87969791886171,0.0,24.90829340049485,0.0,0.0,18.837420176941063,0.0,60.055403895423424,0.0,82.29292335447455,20.93344028004883,22.636283589797262,0.0,95.35270811230768,0.0,0.0,0.0,0.0,10.173169269919676,0.0,0.0,35.33877821111374,47.57716994414895,0.0,0.0,69.04400723766167,0.0,0.0,12.36297529310451,10.173169269919676,0.0,0.0,50.64307026917217,18.443058146377705,0.0,0.0,0.0,0.0,10.173169269919676,47.43698107509596,29.005954797504852,0.0,93.91131078068965,0.0,0.0,0.0,30.618874965306652,16.606828765742772,0.0,0.0,49.5950161454311,42.554706201756126,0.0,0.0,8.613429055446854,0.0,195.707362455718,37.43784616956633,19.15124704592449,0.0,79.63185969044551,0.0,15.366775252173207,5.328463255319954,61.807637670959814,0.0,0.0,37.2121136754027,0.0,106.13703603377732,0.0,0.0,9.980976373309721,45.618738269637234,23.97025021630921,0.0,17.527006726774033,0.0,0.0,0.0,63.11727036133512,77.55754471539757,0.0,0.0,26.35274955224441,0.0,10.140737891755599,6.658741732076219,29.059241773018982,0.0,0.0,13.58631776324461,0.0,0.0,58.75623613552462,13.266783086065304,42.30538295912117,0.0,31.698956707905605,0.0,96.16066745569044,0.0,24.79516885132934,89.70037156191151,78.68403948941511,63.760517272866615,0.0,8.425190695977886,0.0,15.619505942459357,0.0,0.0,0.0,0.0,40.07657790183168,0.0,0.0,11.68781028011837,0.0,58.07340288372174,37.89613773424298,0.0,0.0,70.71982107227821,0.0,0.0,41.82772605339138,0.0,44.05767849529385,16.347768399370892,0.0,0.0,11.68781028011837,21.262114296352653,20.50954279433186,5.6416404976034435,0.0,42.91228615624992,0.0,0.0,0.0,6.663664744592259,0.0,40.92836850493388,0.0,17.628095812953752,0.0,0.0,10.173169269919676,0.0,14.115528169388671,0.0,60.638833363981796,9.431746282727934,0.0,0.0,0.0,40.05251357065293,7.304764410366025,0.0,0.0,88.16359774845081,14.447112445832396,59.16363536163604,0.0,29.388868910273253,0.0,0.0,73.77525058220124,0.0,6.037397526475932,40.84670806945445,10.173169269919676,71.77341790436874,0.0,13.325777597246615,0.0,35.04689981222889,16.614650413990184,16.04601090304151,13.130916076549,0.0,103.44751583079706,0.0,109.62803725596969,51.07432055703768,12.216376998358447,0.0,25.810686853341114,24.56916490080055,0.0,42.974612427350756,6.123118049011466
720575940891185846,49.543314252374344,20.146795982822134,10.163784681937202,26.09412179706591,7.569066754080299,0.0,65.0620991584232,25.43545677586842,0.0,32.08289948837986,0.0,16.633328279536453,15.745605597175368,0.0,76.30862100726611,35.91076514143188,78.1544203082402,68.3856835734836,7.3219287640017345,151.82016937063545,34.080145643229606,8.280856114158015,0.0,0.0,30.768484549948845,68.05869356968665,63.926038906218665,0.0,0.0,115.5907917417905,26.73450627479905,0.0,67.55906524971535,11.891959651957285,15.436750044572166,11.565347281517825,9.568062999635067,93.14844569623348,0.0,174.74452337131223,0.0,137.57897801129258,65.17239877233116,100.15488305877996,86.22710417126031,3.75803369286514,39.474632344101565,0.0,0.0,0.0,64.74378511344521,125.32102665688183,113.48494895884224,0.0,75.91678054204472,54.93478390819964,0.0,0.0,111.53011503363115,0.0,21.624556096056907,59.24031833686515,100.15503358028144,62.17993345888828,61.620131126692925,165.91108776067986,0.0,0.0,55.33832990802342,8.470573223087289,60.01130529849782,61.389678776357755,34.50349613507627,0.0,0.0,7.2784966874927,0.0,30.90034315457542,35.31734533200741,96.38663094767817,79.06233467517121,86.40361681896478,30.942514808288262,22.109779051722672,15.684635477158139,0.0,111.34490184668893,14.114176663634503,0.0,65.21957995378554,25.01541177162152,45.84458492841721,39.4498358275105,53.30782586127002,137.27234630655053,11.713523561946204,22.90028890747528,47.787814551872536,23.476140018783983,99.55714472884094,0.0,44.496673285622464,0.0,45.01686448121298,0.0,51.40441471669055,139.11426463030332,45.03117723309002,0.0,0.0,14.064479460569416,212.16465065817897,30.82164732839728,0.0,40.589434711740125,0.0,131.97812333073728,130.94107945504163,193.91203340761297,7.103033116075294,8.577639089229315,32.0213374904962,52.08499197965149,26.46849724779351,0.0,10.324129160475643,24.412191894639093,0.0,0.0,78.32374603289549,56.661034769039496,0.0,71.90635269674605,0.0,15.981789927348018,29.682677945933758,23.618152871372278,44.01005022097602,12.120243948864719,7.3556955589956035,0.0,25.42173977857503,22.61393895071151,29.118728450457183,110.449298229429,92.8054327195016,122.39615828069107,0.0,0.0,16.184779876713073,24.996781683198694,0.0,41.2322346120684,40.45435109544671,14.451190459475129,52.42782626638928,33.30131044300083,35.91076514143188,13.38063838296142,113.13941438511186,0.0,0.0,0.0,35.627321654960014,28.647259882500432,16.082829917747297,45.32216906681756,11.572947648185856,0.0,12.73514036957982,59.313363743906926,36.10023173722681,109.41373836365814,74.62954966405115,0.0,34.66323823938231,21.856964350284063,0.0,0.0,54.775999083315654,61.578628735005196,112.14469741395452,134.84194787476497,130.19039206473607,116.43635594677828,0.0,0.0,29.724695717608185,217.011383904065,0.0,12.292612270059603,159.75605899405463,57.426599813996496,59.90096607472723,36.83575789472458,0.0,0.0,62.611800912582005,37.28865939482089,77.26029030722279,56.70104779450053,70.7551462095714,0.0,0.0,0.0,12.292612270059603,95.50878133163391,54.40714760061844,181.71488136139212,335.43117162501136,68.82362585834076,0.0,16.258142853374807,38.76754142927183,0.0,114.42110115989323,46.10347609041716,184.88397285718779,0.0,0.0,54.32059284442611,7.295346670274961,181.66541158177984
720575940891518756,49.087681066513326,50.74792513408034,0.0,0.0,0.0,0.0,0.0,0.0,30.547792115391278,8.925963066432436,0.0,33.248894254285595,0.0,0.0,10.297008851201072,0.0,0.0,18.02822532322322,0.0,57.26769122822079,115.90301322112778,191.11875376514377,13.981321121688106,12.639078014747243,17.095257409161118,0.0,39.29504358159884,0.0,0.0,34.4348169167127,54.2045738263265,0.0,70.23173206989618,0.0,133.7510233991379,43.32272200722569,0.0,71.27922227840561,0.0,0.0,0.0,155.98137212076622,92.6252024262945,0.0,0.0,0.0,14.455767073200505,21.650282408463845,0.0,0.0,9.309565089876623,25.43668058298379,201.40392097117328,3.984755450463679,0.0,22.964788219943593,107.66248085976498,61.776031504591536,11.70123112202296,0.0,6.894002459634819,0.0,42.81510777078433,0.0,108.46829088418333,0.0,37.38517194024328,39.01094377232608,28.862036406273344,0.0,10.919366162268872,15.582463416621792,0.0,0.0,45.35633777297739,40.906269262333986,0.0,0.0,0.0,0.0,11.957769340800601,17.07129164051353,198.53674322703066,56.81637575860189,59.067941144299596,133.95223030851122,21.02423282049013,0.0,0.0,13.970774080800846,0.0,0.0,0.0,16.514134850452287,10.743757905476444,23.322189592717564,0.0,55.104287553690845,11.959082889349393,0.0,39.067528230874494,8.534504221840688,15.646416219103514,15.463642185174487,31.161507176271787,61.899020972318304,31.27271980428982,23.25754680707369,11.248950279434032,0.0,0.0,0.0,0.0,195.4508316067504,9.806352148886784,5.135669753846943,0.0,5.232142125081918,0.0,0.0,46.6337570203888,12.367615445533954,0.0,0.0,0.0,0.0,0.0,36.49755948884088,0.0,0.0,0.0,0.0,0.0,0.0,8.534504221840688,16.705200091746075,0.0,24.83881345083481,0.0,10.30033676909699,0.0,15.295826933167849,9.805251353798393,0.0,47.53222172845888,0.0,5.075842736304563,0.0,0.0,0.0,0.0,0.0,0.0,14.080751995416756,19.149007713910706,58.26651384428304,16.70596412669935,0.0,9.805251353798393,58.132493171626685,0.0,122.36083601600001,0.0,0.0,9.61663852517898,45.30259519739129,82.60324568077768,0.0,37.49194224557653,0.0,21.049317341144,8.678034458318944,0.0,0.0,42.728050390875836,0.0,71.79187296765738,56.55278918276467,0.0,0.0,0.0,18.33975557563908,0.0,0.0,58.53193168413734,84.24307894048863,0.0,0.0,18.887827395411446,24.67174374947188,0.0,11.181696631204037,0.0,40.19602229625087,61.609732948538266,0.0,17.599672647548008,56.33341215848379,0.0,118.58961554371126,0.0,60.72313821970381,0.0,0.0,6.143437922586216,0.0,25.809546498530857,31.2323291636086,136.41544013293966,0.0,68.55061865425584,0.0,14.371291872624116,0.0,0.0,10.516878548894777,0.0,68.93686072209061,0.0,0.0,0.0,0.0,0.0
720575940891783079,7.173967814579529,57.04649872319448,0.0,0.0,0.0,160.319326767006,0.0,0.0,8.835751934328567,144.39604403584252,0.0,28.935067349385168,64.41751486786583,0.0,0.0,0.0,6.31608589749676,0.0,0.0,23.251280853513805,0.0,134.73673799237093,25.28090630268553,0.0,0.0,0.0,0.0,0.0,129.81080792398748,64.66042758770558,81.82753103771134,0.0,67.50232417382824,0.0,12.807694130950788,0.0,0.0,103.72389403653192,0.0,41.49224193100813,176.87026070082837,0.0,146.48924222318095,0.0,14.530089681748066,0.0,348.92572321223645,0.0,0.0,0.0,0.0,54.05946184867104,388.41569689916133,0.0,0.0,28.24725469963247,0.0,0.0,0.0,0.0,9.811154062168777,16.73638297552421,47.026631570601424,0.0,0.0,74.07155228633533,0.0,0.0,0.0,83.51999683698278,7.374410790439673,60.510106556058886,0.0,0.0,39.37309202251803,0.0,0.0,0.0,0.0,0.0,114.97360692580335,48.49928105939475,242.1983716405644,182.1075063530513,0.0,0.0,15.740801737517412,52.79344058773814,0.0,25.44118183801934,0.0,0.0,0.0,72.74690472646752,0.0,0.0,0.0,100.77589436024628,35.07121128708973,0.0,7.432604665022206,0.0,0.0,42.07575899099828,0.0,0.0,69.16182587654735,0.0,0.0,0.0,18.894362587290455,0.0,45.349006816938285,26.899038819226444,0.0,0.0,0.0,0.0,0.0,0.0,0.0,0.0,0.0,28.128428450251985,0.0,25.823872030655078,7.608440209179127,0.0,0.0,43.46804965368521,35.18825638389175,0.0,0.0,0.0,0.0,0.0,0.0,14.646096053910123,0.0,78.34111511397595,0.0,0.0,0.0,0.0,0.0,7.329004348998795,35.920059303301386,0.0,0.0,0.0,0.0,0.0,0.0,5.801077809252143,0.0,60.23139674610801,0.0,0.0,31.682905585585193,9.903254340424551,49.462127056439755,0.0,0.0,0.0,15.77334037100775,98.88960819211806,0.0,0.0,49.88506844454088,0.0,165.68279570374503,0.0,13.49021446019868,0.0,28.702476712486597,0.0,98.48095382700802,0.0,0.0,0.0,0.0,24.223265423915887,23.11838205784292,7.377860180733009,0.0,291.21316084710855,26.061726611407618,48.92506334337396,10.253278210917985,125.35149303318107,0.0,68.6017910121569,0.0,40.32372517539965,123.67761382485772,0.0,0.0,0.0,0.0,111.84283632102071,0.0,12.459550592910476,10.237539101301154,0.0,0.0,7.182428761126822,7.376339807947479,66.20101937045959,357.61042558161444,0.0,22.594581497413078,8.224709998440419,93.57850013126094,23.11838205784292,0.0,70.92451726063906,0.0,40.65079326982511,0.0,0.0,0.0,17.582391372372197,0.0
720575940891783335,42.590827200627295,0.0,0.0,0.0,71.04012578505754,0.0,24.751346045370134,33.453582090203405,172.54518750635583,0.0,0.0,27.557534180915457,0.0,0.0,12.423900890429595,13.653345303403631,140.6873187040531,74.87708298713709,5.922643408507884,43.133465370503686,8.532661697522219,24.50165021337264,0.0,0.0,0.0,0.0,14.987668937659212,30.280653733912246,0.0,5.6545802493715795,0.0,11.408069326867672,5.370456995444074,32.35505521572416,73.71147788078082,145.26631198043785,23.279045649377505,8.461478591583461,0.0,8.552196207239115,52.93241985878251,6.410690546645762,0.0,17.556001376884254,20.53023529564817,46.28451459077426,15.3262289589292,47.43787752721988,8.760440415433008,16.53221597394781,0.0,38.36514744361125,87.16440732938698,0.0,0.0,26.995854284552436,17.30099351964696,18.289578143626883,10.592250297714125,65.84309115345118,35.62652579766365,13.653345303403631,78.68387804385033,0.0,74.12237117135469,0.0,0.0,60.15383362257192,25.545297309650472,0.0,0.0,23.99556327053705,37.667622867969406,0.0,0.0,4.6124744286510815,25.59163519811174,0.0,48.66905156343764,0.0,16.35409617601917,28.39035147450671,19.66778463530853,73.13935557509738,56.40100482509651,46.21360266287187,10.2037381009562,0.0,34.96778671867353,64.97601103191796,15.252211617569253,12.710869882214759,0.0,5.720017612151408,0.0,0.0,27.26320696781889,2.8302334719145312,33.24984509242309,0.0,0.0,0.0,25.31342419933813,23.28190827405684,8.624136137333744,71.58871418387248,6.427370554460034,15.085035552828783,0.0,11.121547589246497,28.91997940970659,9.232953402885483,0.0,51.3957284885452,19.353878399106776,0.0,0.0,32.55475833004635,53.962950902433555,0.0,0.0,21.44191890219093,7.404800297564792,78.91112273869905,0.0,41.545670961253215,30.009255512792347,0.0,0.0,0.0,21.626296259059327,60.747312889915435,7.628043145134461,0.0,50.202965921382244,22.86133179248928,24.751346045370134,13.497207032333709,13.653345303403631,0.0,10.250944878980679,68.68814235739492,45.485154739221855,0.0,8.228469103860721,11.121547589246497,75.30798050408343,0.0,4.8872875536274885,0.0,42.12365784093392,0.0,0.0,107.8185252769049,6.104002086142209,0.0,89.93197923970327,7.730701894895745,37.75445284432611,86.56573299078963,64.84141204625764,0.0,0.0,11.264356445118596,0.0,0.0,62.91917252205868,0.0,14.005450462921292,0.0,0.0,32.209420885312525,62.12836455485296,5.166762820110371,63.17307157018599,0.0,14.607478597442597,0.0,34.42280825831187,13.496210014853176,37.456916293066804,48.77346592516951,4.409429266390748,33.79253902239129,102.19962647035857,20.03755390792152,39.76143819243235,87.39240418056386,3.3049188940627157,0.0,27.149555318256805,44.093664057035824,14.622169031016423,67.87826084472121,10.380503097646226,0.0,0.0,95.98814122756177,22.94067105444028,131.16455353369489,0.0,8.552196207239115,17.60848873988824,0.0,0.0,20.46516216930919,5.362226014104319,74.44181576385192,142.33901148623582,0.0,12.00162857239926,0.0,0.0,33.24227551890679,0.0,11.575552030511231,33.140359868520754,6.427370554460034,28.62090277792268,0.0,7.119716317034637,0.0,44.69609134034316
720575940892204542,30.02727178783127,0.0,0.0,28.773267157588112,0.0,0.0,9.48604896579738,46.059721851675214,0.0,23.54752189569977,66.26819100128716,0.0,0.0,129.59906555822843,81.67980091132694,6.799459100378345,158.11224425105516,73.48714518845478,46.755232339643676,4.7324386290457605,32.2234838476666,24.65657179504823,0.0,107.59959630729637,16.712982781945367,0.0,21.78172938721654,8.29945069051271,0.0,0.0,17.481287121271247,31.37821786999172,75.8898729840351,105.48695458656911,199.94156727625597,46.62836141062519,24.50777796197281,14.913594626211168,26.836616813803843,7.684881678635833,0.0,0.0,17.061815230781896,138.19243469216815,0.0,20.706644884034656,40.88305271761697,20.484645799498146,13.322730815548935,54.4656156702538,21.8787036997404,87.14461110225474,204.4389577610656,26.05450353744273,9.56914380741418,61.69789298912885,0.0,210.13965651115038,128.35866436803244,0.0,8.915263377045905,0.0,61.78417687776592,19.2432157299402,163.65392595466898,60.63303100854793,0.0,230.06331639017725,77.3101627260241,13.6161638739291,34.05902303648522,101.8265352284845,64.47788399007158,38.211901102634656,0.0,203.3801728443493,77.77388197764955,76.38860019745916,0.0,0.0,0.0,64.1424701118536,0.0,4.747482938357967,37.75440471191157,199.5362046963449,94.33578095060034,85.37357469853433,15.44266295304549,78.13339861824254,168.62145169779188,0.0,99.42316278852256,80.7930428428686,39.39946572087726,0.0,26.55101237953391,6.932472462717268,101.71197473216834,142.35813397065283,100.20328784387736,0.0,31.787818850516732,18.61240271613114,44.03396103275608,11.014980886900087,14.72268536941075,0.0,56.00573787033207,0.0,7.0480929243745125,168.20917631564313,0.0,297.1263610730049,37.297651019726814,62.56348493403695,0.0,63.82101617017217,57.944918528230296,80.44259639754188,0.0,26.259391900227026,0.0,111.95167874704785,28.66590851803961,0.0,0.0,0.0,0.0,0.0,82.09218485313299,0.0,33.55425607204028,34.83432336579908,29.15885857602889,158.54699770273672,0.0,118.4043339622712,0.0,44.91347125925982,79.51466347102102,48.18760381133019,0.0,4.311068374990403,44.98525279586114,0.0,7.272840977707831,0.0,0.0,95.42124392345525,169.26515317624796,4.87791730141405,0.0,60.304878331495445,0.0,0.0,129.73909639066036,11.733417647677616,0.0,52.84678390002803,64.39727632425657,56.72495594901417,0.0,76.76832990035099,45.364140606717925,10.427283916049497,108.43260861199836,20.74955943926157,74.72972316984256,0.0,34.084031409493534,110.41191404410701,69.24335638318898,0.0,0.0,177.44127815695157,0.0,134.9708291470575,13.772086384412574,6.306761615864482,37.65961387144114,63.71129912260978,35.79412201973624,98.05848839200048,29.384959191007727,18.10757014198072,0.0,186.34133330631522,167.41495348309866,0.0,0.0,77.47081388532833,29.53947619366107,63.4368403889745,0.0,0.0,0.0,0.0,221.510216319606,13.666473446685455,122.09483502781265,17.3564398411454,95.41686099021048,81.9040944479646,0.0,0.0,18.420318325211742,14.163646248699544,122.81921237964505,0.0,16.330897877005807,0.0,74.90544247157834,0.0,29.97372572279509,7.138005899538428,44.13080128288224,68.28197934393381,0.0,66.47476455822145,124.22802298696556,75.04360734586653,16.88037308745221
720575940892205566,65.10643596871634,40.99153059152169,16.047115164993563,38.582653336748656,0.0,0.0,0.0,151.41066606314322,0.0,9.04029612344567,37.5028419791831,0.0,0.0,18.350995502059572,174.54065832825634,0.0,207.01824825393518,145.17941333005012,24.24901017107076,21.78787655820381,16.866370195317817,15.325582715524252,19.331509867288442,0.0,70.66660520314888,0.0,80.89613301279854,3.6552085384669786,0.0,8.345889089903487,0.0,14.851064214669206,136.8482310776151,84.22984933658796,395.5040808625098,72.98738112759764,37.48068110081642,48.751021859857566,20.49545181355129,38.22402656588849,0.0,53.33924289073559,4.778158861603785,211.24696227020428,0.0,4.842500304128305,8.467536862069473,89.95932742691629,71.57653295775184,84.87637764544733,133.06591082186512,156.3387686473889,114.26381839529337,90.714677940127,0.0,22.27167209124971,0.0,40.42242859157003,340.6117209653504,4.546318742738077,10.647358859567229,9.198876425923528,11.862648500017139,0.0,230.0531141394917,225.64180413593266,7.04106126637229,126.54931040625682,21.589245128867617,16.77846380649749,158.8565948206638,29.81526545553592,31.68120724446902,21.699494726043408,0.0,173.77091903232025,11.201925827758597,0.0,0.0,0.0,18.263219963884,122.32663775956271,0.0,0.0,30.625518584078012,9.444718360247291,283.4198858297853,6.370856698679167,44.30627099408353,134.0821768084337,164.3804905518159,0.0,10.388831229028119,34.95370977760183,48.627928937618975,5.057811937863802,16.134449913006115,32.382404109780474,0.0,243.76998838662092,20.65679582916619,43.23483758113688,28.75323672901532,70.89918003002401,36.9601724156455,0.0,216.8644970973729,3.946380115108389,115.15126388797938,0.0,0.33061495731439616,86.33384987386468,0.0,41.73183598273537,91.53712414544111,227.64270880778048,159.74400636338834,157.85017348776142,157.827851314892,51.82205397818085,7.657418413686342,191.41446768279576,41.305982771630575,179.98815008308415,0.0,0.0,0.0,10.135818626525774,0.0,0.0,36.11060301496586,0.0,17.245318200380943,173.4577577290075,88.30117150369632,159.35410784070206,0.0,170.37898002796004,0.0,0.0,43.73173247346009,49.02135332568517,3.6552085384669786,15.932107183139737,90.85448585945585,0.0,0.0,1.6358581845624636,0.0,7.792400542571955,81.2630341248017,7.410585804436588,0.0,82.24869357315892,18.927482990286663,0.0,43.466081503034246,0.0,0.0,107.5256627677312,0.0,26.34074234797773,0.0,214.2047311124333,132.24300150241405,27.02079926727555,114.0710318421274,0.0,6.44507270730353,7.73762997697317,0.0,198.04298815159981,107.3724105319416,0.0,8.647323293803716,96.81744291654336,15.976555598887723,54.996340114202084,0.0,3.6552085384669786,84.50884825424569,48.84739729456398,79.17075116797265,122.4501549884892,182.8933363150534,0.0,0.0,200.8222055750888,61.4696015937481,53.389496145361,3.6552085384669786,102.76051449572542,81.06147503548598,65.90063963678489,14.092868849359704,55.50483579821342,0.0,112.55200810259899,215.60562013706448,0.0,62.470696370506445,20.589325056616065,131.09000106144458,0.0,26.893539915353756,0.0,0.0,0.0,81.36883844460145,81.07796742479506,186.05062551725086,0.0,0.0,3.6552085384669786,0.0,9.114867811707583,0.0,125.4464557186088,3.6552085384669786,0.0,181.0155671327565,0.0,91.45067785731544
720575940893156522,27.938524937182112,0.0,0.0,0.0,69.73927622595438,17.71972500083587,24.638037897382727,0.0,0.0,52.0186820755088,0.0,8.381622944731573,84.74544250642163,0.0,0.0,0.0,3.971583184439844,0.0,13.45955370501649,16.945696871090213,0.0,26.955301353602792,20.417480181613115,4.0035338400765745,11.984086852099779,58.67115314871691,20.527880642208707,0.0,59.00369193530856,76.93592411918597,121.32439314280607,8.95457655937654,20.293510301518346,0.0,24.168479658546122,16.736053845113585,0.0,94.01195058464992,27.59130987822992,119.08265672539946,4.786680310973516,0.0,83.37155087113398,0.0,155.31643023474987,0.0,49.05591768445754,0.2543147655957082,0.0,0.0,65.94427671342503,24.12528764433524,57.98918699316252,78.4425854253999,149.43680376101267,15.967085391256317,0.0,15.627708930030822,21.649307300642707,0.0,12.371045627210812,53.0099743216915,88.8457431629417,45.9664642940833,0.0,37.445628402532265,0.0,40.320614135666084,0.0,89.30856377906755,0.0,43.99433339794603,0.0,0.0,0.0,10.522934714083014,0.0,0.0,7.400081232523335,141.43039983831648,54.72444902400154,89.14494012075355,98.7458347252578,27.697787075454734,40.817543755003335,7.631459674855136,21.961807377908283,45.41912591800493,27.292004686165644,15.810129290231117,0.0,0.0,0.0,56.68673444384847,15.053022982686423,0.0,0.0,12.14220599882196,0.0,0.0,124.73302170088793,0.0,0.0,10.474354130063455,0.0,53.64034165100558,104.29045545143629,0.0,14.386688225671659,0.0,30.816176661408583,0.0,197.6479680322404,102.96105083012752,0.0,36.221091978556736,8.113453207021088,0.0,7.819130149587308,0.0,26.60498979667589,20.293510301518346,38.83895121794805,11.039910121632063,0.0,8.428417414489992,0.0,29.41140837206093,0.0,123.65896829462739,94.99608632465079,0.0,0.0,0.0,0.0,0.0,16.982524332015963,0.0,27.43258022274654,57.28402577156217,0.0,33.72603253122964,14.405026150998232,0.0,17.954584971156777,90.68307393232409,83.283133479198,27.16204378224636,0.0,0.0,0.0,0.0,6.542905364302218,20.388504243457575,0.0,96.1469074721762,0.0,0.0,83.27363458072668,34.12753949504686,0.0,0.0,0.0,15.27700338615294,8.119735614596902,8.861131586885593,0.0,0.0,0.0,0.0,29.982886613638986,25.937100891392504,19.421533066363637,33.42899455315504,29.947096312954837,0.0,7.820744208957421,37.73544127591225,0.0,42.42782333997453,0.0,77.7862731103887,40.845129965871074,65.6164990034803,0.0,5.532484292317113,42.09951246849504,0.0,40.31505315808438,84.43848597603457,0.0,96.70687258771271,0.0,47.17784273372678,19.013402179416584,0.0,0.0,0.0,6.13406227578451,83.59071616819055,0.0,25.244425958149805,0.0,0.0,10.74845103079844,6.823845040939305,22.079428621468885,32.81848098428665,233.76624090525155,26.53867697649887,8.225567152753579,26.259960789344117,129.96651406611596,15.644492465980646,0.0,65.00552913723281,14.468408169715552,19.14302350426049,7.358423648765636,0.0,0.0,52.767382036457334,0.0
720575940893395733,73.25482767680774,155.26947010543813,13.876142819720236,0.0,488.5671134402176,51.168929631346096,203.5269091124979,354.46252242123586,0.0,0.0,32.23010035564708,82.11218696441696,12.78216175509826,54.54367182203788,123.0890824350614,114.191577422617,110.75771814758588,31.15932057228434,233.20521552373904,19.597921015938784,0.0,86.36650924649624,85.68813458933978,169.89507934821282,87.10554703460753,161.58219962626615,342.0330002094129,86.77068147768058,18.89032440191283,0.0,7.9559225662145785,445.1034994621994,72.82603090581901,69.65026225197515,135.21589952926254,0.0,51.276159766923726,121.6627014790416,14.249948175667628,89.20757092885897,15.983013467739283,15.442016472172343,70.10415161674513,167.53151180630783,130.18640713777071,0.0,104.47079882872582,6.708342942019568,324.4257767892603,27.452521609936863,133.21208631222984,254.3538945457396,355.7314346884235,0.0,175.0879468134773,81.23254951124346,40.56646830136136,31.926420277159718,436.8168969070931,400.36517472257265,312.5266789363511,268.65788486100774,13.541082757516227,88.74246804737749,81.95698522140592,0.0,26.637203675560933,100.54139104728398,449.71751204667197,0.0,144.81842817113136,153.74992197310635,561.251353454748,5.069392905424898,30.505016726372958,149.57885560660773,110.44756101479071,97.42979990085675,73.23622838192183,241.98527987680248,56.02398416050391,162.97170875501382,11.728596606406308,25.833348538858285,122.6192100540126,118.31105574713949,105.18019046892208,26.952130364315643,645.7819742433685,266.8543563477993,93.27092627554063,0.0,105.0192407469096,158.23182750267605,47.72883837133405,0.0,258.19840071121905,0.0,130.47711856915134,147.39312527640635,21.533231260148103,78.04367434124941,131.62572524253136,26.039681147533518,448.4775382420469,354.6634675807348,49.123955449125425,6.506983793071647,0.0,321.6674032483066,50.655546721954714,100.67210115597956,77.19459428236001,135.15802625929558,9.797181920187688,51.59737280377777,0.0,65.36742148291152,14.8429862000316,38.269241805273566,29.59232423219391,491.9894102059968,141.03846892765438,156.84044853723023,184.39468950180571,13.196699284849979,0.0,28.75922005312377,62.26600797973087,175.68926507237893,112.94698409078448,223.0813680946305,446.54370770002265,169.53481429661792,392.35073996516047,250.4273826771923,146.0214578498318,226.98071921498973,150.4845821738576,10.326829287880932,45.445672675396764,223.17069268454344,127.08302666991968,294.5865277175039,90.83764783735562,126.41505955381385,317.25939117974997,14.242674331872568,240.5767530044364,252.61482514998355,200.95027291281386,152.08838880220637,252.7788543752485,63.035665813541605,0.0,108.26677243447438,53.60602704685126,82.06817766073175,102.18117684443796,161.87987245211409,5.625076603942285,17.350605221339265,221.01164953991233,113.48006071420612,345.8497721054955,7.307151791383007,150.86437175329027,499.78463099896896,109.21608633616243,0.0,10.366806911251947,296.5563705735303,189.0836214282257,65.63277471963738,101.10470907876568,13.79094500685004,149.22686034829556,35.197899575158345,371.60339950132317,307.625863517646,33.738207456162726,443.1876309742656,56.21534346535432,248.8707155620817,288.6415320655529,0.0,64.60439086827502,305.3176860364992,114.27271985185725,163.08515956934332,208.2376106914214,100.64300128092736,308.40601448448257,225.94472356905243,287.0557847223101,360.22726601648213,0.0,13.377692319992448,407.9637426197615,182.71383916806684,108.57117559519031,64.86864677371535,42.350230359472015,279.310549153577,11.54923242047877,40.62113391947339,0.0,0.0,561.2857690100919,0.0,412.2301808914861,0.0,0.0,108.37733855401517,186.90633832718817,34.02781095083186,193.72810126039136,75.75435203762079,54.57126769554471,44.8140252379426,169.6507164957294,58.896694632993814,56.03187339284367
720575940894116163,53.93829915598472,134.25045093364247,0.0,7.183696740088327,90.01034282768158,39.402260563456835,8.491042872142105,11.894776991067415,0.0,11.418942632564601,2.8298666336132783,53.75306406054548,52.28575368891331,20.02113912547347,0.0,92.40036732520588,27.911373364466975,0.0,106.54967358975969,12.532389566461964,29.53383428868967,72.63974093392923,68.91601101010536,12.328704585641185,0.0,54.598287798191485,9.731038851214144,14.3858520680047,17.823913662111476,0.0,38.799453266123884,57.687284752319925,13.29980640693047,5.627395437985809,60.29719114393421,0.0,0.0,82.01861628533149,28.41828660437169,33.74661264987723,0.0,0.0,86.82622513899763,0.0,21.01358305926768,0.0,0.0,11.452386269443,0.0,0.0,14.18629913938759,12.854009927948997,164.93148225504024,22.78879343167517,0.0,9.628727107624238,23.33801042639329,23.252032340865316,0.0,0.0,41.645717426431496,6.145314257305959,7.201873212358245,120.39292376116634,0.0,31.12710662328933,7.759858065083061,12.504528426854256,48.328680219359455,11.813684679518373,0.0,23.540177225980223,19.885205225305544,0.0,32.63648684364151,12.121079425155797,0.0,66.36715492925028,56.45055214909539,0.0,12.945033780069439,69.42735614236051,60.74702435588536,49.07703358822328,14.678289854110904,180.09744268162052,0.0,20.25077082093867,56.71734515375155,0.0,1.0647547909087767,0.0,32.131952412059384,25.88634133282661,85.01454151324609,0.0,99.0724781563527,0.0,30.632339952247605,8.503964237533983,18.630451256153638,0.0,0.0,5.510742885329248,0.0,17.084810993910782,10.814895105713456,0.0,8.823005028286726,12.854009927948997,127.74264792165448,48.738420563972355,16.912068411924743,58.07333752766535,0.0,32.56112061687309,44.57275710700816,35.826153042289846,70.65585930874902,0.0,113.35514426862876,0.0,48.0345845491816,17.589245994903635,6.420554455423156,0.0,0.0,15.562736787475092,6.420554455423156,24.241639759060288,32.99037718149029,63.47754688532437,69.6472710520939,0.0,69.6472710520939,46.85594277004402,92.8507778829069,32.164823824514976,59.90361422865997,21.552257767132684,17.758419426563414,76.17196560904254,30.61304765211946,49.03482095663901,6.77435088919018,33.466096889894864,103.6767571451326,7.2362948687148,0.0,5.499353157300842,0.0,0.0,46.54374587970173,23.84500872750116,0.0,30.925043755183204,0.0,61.705970000977004,90.90509748805785,22.20060861101597,28.27863065975425,35.82815874646898,1.4235095818175532,26.07221502202175,7.635298661950699,5.388974428922889,41.22221523465277,92.45440413425852,18.16176954028859,0.0,0.0,50.11719539907578,35.36259692397546,84.8683135614479,15.317822859063227,0.0,14.584075490704285,51.55242331560369,26.80443099639658,44.865608560693566,0.0,98.93896388102358,39.03303870675814,29.958344019830964,7.314321530634774,165.0086273840075,0.0,0.0,12.598536970740604,17.240413934219497,113.67173003663252,27.18029648158797,0.0,79.75193162052652,45.96553032778838,0.0,0.0,5.094730870146686,69.14285505284857,59.16096323939192,0.0,59.96132185857754,5.279707769385125,23.50536544933394,20.302690045870367,73.63530665239482,0.0,0.0,175.90708865025098,17.125835921991737,55.677030092846934,17.276454980226337,0.0,88.57647600463504,6.420554455423156,150.3501222962764,90.28049552859723,7.411948250197408,54.41616503821195,0.0,51.48460857289569,69.29638447498559,2.6391779036242977
720575940894178664,96.13469431050677,0.0,70.45091530886538,36.53925507938165,254.55235031911397,0.0,0.0,723.0909092591239,0.0,0.0,731.6319011960419,0.0,0.0,0.0,301.47382782944595,0.0,174.81909947253763,249.9085468592799,24.984451041732335,18.726961331283523,103.05013294539344,0.0,0.0,0.0,37.12078721645254,0.214448128926321,56.148832958307416,0.0,0.0,0.0,0.0,29.320543772240352,5.910485985185161,87.6493752447799,222.69560422806038,9.572197568105848,232.8997274858711,5.652373928273888,0.0,0.0,0.0,106.363521145009,0.0,835.0310019600488,0.0,0.0,0.0,0.0,156.98087649074054,110.05886358659278,172.8610991946325,69.66883663229673,9.126509736336551,4.246073196258006,0.0,6.718105520640256,0.0,0.0,202.9627242487799,124.17409203447967,70.13348566170846,0.0,12.362305134498,0.0,76.97905959093795,122.74339693236467,0.0,82.2686420089923,167.31030215487797,0.0,278.5655971757951,0.0,164.34028997665632,0.0,0.0,65.25298194335531,741.0578955707877,0.0,0.0,0.0,0.0,4.719491533696847,10.384526129202941,0.0,0.0,8.130955261084715,382.4622232525333,0.0,267.1607800923075,149.99630510596657,544.0493667973611,0.0,5.945715414948662,114.29856978552692,0.0,0.0,52.149015370467,10.948147209626791,0.0,950.9459467398076,0.0,30.60199838332509,278.0213174018472,0.0,67.31854987726946,109.45970173960256,87.73666625246734,0.0,0.0,69.83039533154951,0.0,544.7243633792289,0.0,12.9645771242274,290.95422569512505,20.43237066115986,51.316840614037545,276.25772851378906,387.93514392073973,6.238908939620196,0.0,495.52953768889114,0.0,144.20178403519716,130.42837148294342,0.0,0.0,28.878577371398272,0.0,0.0,0.0,37.09525680563667,33.40132004729186,662.5102697992248,408.74889758974126,346.0857227710675,14.119120848514033,170.56824346962551,8.823830178279959,0.0,19.911334666679434,25.50388368551769,0.0,6.970147773931846,67.2330620636906,0.0,0.0,0.0,31.17459777619313,335.4544463798444,721.5385197566598,381.88363961188736,42.564593496120814,47.85451488121129,0.0,0.0,218.0937286100582,0.0,0.0,26.367748990571318,0.0,0.0,231.56142818946444,54.93523751081872,266.5309529890169,0.0,51.13170389116052,292.54654137643286,22.830508621976296,0.0,0.0,555.366264283745,58.20408370179037,0.0,0.0,2.12384765728608,0.0,9.157216212474944,18.69914931871341,70.10158650844947,55.4889074941084,20.846168025974794,26.14270778128876,67.60885533245698,79.24749933933674,0.0,0.0,227.73948539837005,106.43655956549361,0.0,46.25790457456958,14.457699270737328,235.21846284854715,18.69914931871341,0.0,220.5707626256395,31.684077545212666,0.0,1201.1947709702683,0.0,0.0,0.0,133.39165309345682,0.0,3.993254246357156,0.0,0.0,0.0,18.5871534294184,0.0,56.22869813396452,0.0,0.0,0.0,12.72833062419848,12.758566087128836,0.0,107.721154711703,0.0,0.0,329.48559105053437,0.0,49.81302749929043
720575940894647347,64.10160101457899,4.077157561474846,0.0,0.0,85.66750654765978,0.0,0.0,87.91169796010307,0.0,0.0,31.29577533449838,92.19058231711156,26.394205509769463,0.0,72.14450553758196,24.779897061708244,138.77184100242468,44.24513087880236,260.3038926638047,36.039211736173016,0.0,4.607406241761402,12.45135498589397,0.0,0.0,84.05041215161556,96.73831903688335,29.132173577457333,0.0,0.0,17.696593046501395,74.74359029191828,68.37822966437753,0.0,78.22803093707441,18.8365544235029,0.0,0.0,0.0,5.2401456840697485,24.11742936211777,101.10358840397369,0.0,95.77718751194804,0.0,0.0,12.344803945955682,44.294944195923485,0.0,0.0,64.25085505283684,229.21592375379,94.57974296653498,0.0,14.636753317544756,113.7639354869877,0.0,0.0,19.46397488599118,7.91286885140442,0.0,53.32968695445542,47.202592766746605,165.0889461215742,10.955985935410645,24.599372792042733,0.0,0.0,5.284630604424817,0.0,60.22280783114426,0.0,130.7667302137487,0.0,0.0,48.28665460414318,114.1713630205346,247.47410499579408,112.87732472087592,0.0,0.0,222.5397593427385,0.0,0.0,48.05443880793614,0.0,36.655638978160766,0.0,100.69916890146759,44.63501817077094,104.68852917619648,0.0,259.1981403012437,178.92275995330598,17.1485619617012,11.556831204981902,173.8547518261404,7.8740797102616815,0.0,119.5379415678832,0.0,20.78947903200921,18.630829778712673,5.2401456840697485,0.0,0.0,105.54507811227155,0.0,0.0,7.6806767746669005,48.73598447771795,113.26077716172664,0.0,0.0,8.624014673833333,0.0,0.0,117.14711875145004,93.2099740082614,0.0,0.0,113.90407330544477,163.74938369218074,149.653632193051,154.06489366851252,0.0,0.0,0.0,21.177022714137536,10.042573025462737,0.0,31.687081660395986,208.28900556040443,42.017187084996415,90.07099814275664,288.6037070501014,59.58552818402258,75.65460922782093,21.32407647151376,0.0,0.0,136.8720595201513,121.90223415156548,48.15045611575827,103.1233033644978,0.0,46.82500563318941,5.307263160047747,4.0482148663233435,159.87440009416412,44.687362218774055,0.0,44.13489058596688,80.63823674129361,33.80654931164509,5.1392001841368495,26.12241305068376,104.88807087169356,89.77147727628167,57.71472328286836,0.0,0.0,74.77814533803861,131.84744213053645,38.52911485544498,0.0,18.23837276359621,140.20612374818256,0.0,0.0,0.0,204.37780150131016,215.37228771177092,94.34426910143829,182.63296027529827,0.0,0.0,0.0,12.876235629445391,30.974311572316584,37.866029479450496,100.37751994892818,60.97179411801685,173.67871059668587,178.4737193596084,0.0,0.0,115.4128491405862,58.96782219813885,31.10760134204268,126.09370691008796,89.8727592084542,12.761954028452672,243.87259143951007,13.967460915304045,22.73196665201743,0.0,60.30538190578221,406.4850272092589,0.0,35.95069827121652,54.77865847122777,3.7480047376382783,156.01249411859158,0.0,38.01870469126536,0.0,24.443918717712265,0.0,0.0,146.122020189027,0.0,0.0,39.26617313961609,145.49660111442464,45.69730114924837,321.37907885741765,85.39284599538512,72.66079879094876,6.818049475928182,218.07787843535598,161.3760596332547,24.335118761117783
720575940894647859,199.47288246880842,31.339060914862763,14.530767541259905,16.972006329301323,237.06480789964525,43.61238528032536,94.38786405224624,221.04383194117983,0.0,109.05413529808757,35.897287994716095,167.19946528322802,5.875766912765037,0.0,395.4257819060987,61.09532110085725,466.73512461241063,154.19051661713985,198.09859228655552,200.48665607791645,18.57530545654687,168.82034944920017,85.30503877528385,75.12476882254128,55.52210360809743,122.32650588635828,608.018273994351,164.45155901761896,31.770501027210212,143.9498311288274,11.03613724019728,130.16228059525423,175.0123732627644,96.39862733165165,493.78457638920804,45.536431341187175,118.33198036907271,110.20543083355511,0.0,228.25360659328436,66.07064160003614,12.84616470267922,28.62531661353137,245.97419692874263,139.65152619895403,15.206570903227023,131.82228664959112,99.06550024655266,23.084105556818077,75.65074901817361,41.816040559091,505.24151401830875,430.6944890531507,0.0,160.0862464057315,249.25868957900704,0.0,0.0,877.8208442664193,204.83565425368502,102.98653908654444,247.17133392179932,148.4064803282504,228.52553358613864,254.58708394911108,10.107296107424624,0.0,44.439805430907306,452.1263207993815,125.80010572861832,208.1841923546465,167.65800935828227,262.2398093464696,0.0,13.459677382741244,26.041700658871427,89.54718263945627,86.54468327936667,22.360393406077907,232.98187055912425,48.98449448188825,287.41332714380326,61.55690388193789,53.48044469565336,301.7050582441013,0.0,456.9589008481129,193.4013696806201,218.09465901140968,527.0966955057561,92.73700685632824,0.0,99.76317185529795,367.7958825024444,61.186524724842776,0.0,311.27690980146747,156.71847846368922,15.221707779122474,157.36004278060375,0.0,0.0,93.09237395061686,158.11695373999794,139.97556287892553,188.53569768036317,259.94681508067123,0.0,0.0,140.11519589067734,96.48349941745246,252.53162630560522,115.92550001978823,0.0,122.009945413375,0.0,11.42211889294441,185.16794401322568,238.29677081364719,0.0,18.799372925460407,433.90476775454516,93.51847160939988,306.0688779989271,18.86057408026616,0.0,111.88830494752808,0.0,58.53851507865825,193.11996329336733,76.63225625864828,102.08455060170867,460.8727606775863,113.98061845167149,462.22001459811105,368.3475015158312,50.38661133687334,371.51275475784547,149.10746305634314,37.00258089475877,0.0,509.0803353244902,140.15599992303765,282.339393713805,38.036628376055525,42.01576468497004,226.65521773441714,52.597751716128045,42.434149879432795,59.00167177683654,325.84315783051466,36.522351857381004,196.63181624845166,361.3902400005485,1.8583457697640662,131.12092744178221,119.7320727515843,61.16821197281559,203.13933914837904,386.3236571869942,0.0,0.0,102.1605848253552,275.2747257540459,292.9702964945784,19.01981693229953,250.11262364366,298.28532923396864,0.0,0.0,0.0,504.603930710764,199.6059256261212,80.74433900532277,131.37850389218045,0.0,66.70529430991499,8.151116069101958,107.12191762878473,260.94901570817933,120.86750120349848,499.6898840074843,120.37024668356605,386.7878558415426,666.5555856148146,23.236450584313193,72.65223950344797,482.658314217737,47.128126069496325,34.700285313071966,129.5095992480134,361.002546876774,371.27577795822987,505.1202663030824,101.06927473545252,51.69032356555916,0.0,26.0340984984941,393.2244648665921,184.61508251459227,213.41988976630995,139.64359140319087,33.40261375957942,89.25477398534449,0.0,61.55806891182902,0.0,25.401956408116376,388.36403850979707,6.485978241974555,376.2647078290782,19.934967179647714,43.794970986041776,83.62707562572221,29.898384609048026,108.71035620847073,33.309343210228185,94.88585578463704,195.5219060060904,65.47910074038963,261.7980760866668,50.57941364489819,208.47523301202892
720575940894662868,155.3876660080985,0.0,0.0,5.4456800991493,0.0,0.0,0.0,0.0,11.610816896025712,91.99561775370401,0.0,109.37627146195767,143.53295561946453,24.40328406802723,96.97035881083946,0.0,101.07648621487546,36.870581497248494,0.0,0.0,0.0,41.413759195178095,0.0,22.606807502891485,0.0,0.0,0.0,0.0,0.0,46.121315979124745,60.84701243809801,0.0,34.61591588331185,0.0,0.0,34.63394985227539,0.0,184.80617881936038,0.0,57.39445113728739,92.87385185929367,0.0,22.58651885825369,0.0,0.0,0.0,0.0,0.0,19.55621382043619,35.75793957251577,0.0,21.217390043144565,23.431627921753712,0.0,0.0,21.872765577204394,0.0,0.0,9.390387281459413,0.0,0.0,0.0,34.18070372994389,33.32288810927417,0.0,45.009354731645416,0.0,0.0,26.790446130204764,80.78158625185394,47.50824874596222,13.815577401855801,0.0,0.0,0.0,0.0,0.0,0.0,58.50774555727782,0.0,48.99784189838923,120.41718706232554,0.0,0.0,6.087834861407722,0.0,36.72434330606521,75.89601520585036,0.0,12.775599737414565,0.0,0.0,40.5418501033958,43.14240910944338,164.69286302547016,0.0,0.0,21.026086290268548,0.0,33.89712722697611,0.0,50.942119100545526,0.0,58.01718142976065,15.78383568662172,0.0,108.39956761590888,0.0,0.0,0.0,97.43345889173372,16.45758742313531,0.0,0.0,44.72597085598682,0.0,32.15901313169333,0.0,50.91096057443417,10.746810263256503,0.0,0.0,5.515065989117362,36.475123250574356,0.0,46.73530234530088,227.53221581166295,0.0,0.0,0.0,128.8589224602914,0.0,0.0,0.0,34.42657520626993,0.0,0.0,54.267323560795894,0.0,17.587615794956946,17.17990269607709,0.0,2.563850229635109,0.0,10.981844712598852,0.0,58.27496071121622,10.366786948877568,0.0,0.0,0.0,0.0,0.0,34.67107047933225,0.0,0.0,0.0,0.0,173.82698752072068,15.170830308539138,0.0,0.0,0.0,20.980618914198132,8.488526247072386,46.492462847301866,18.211871261937034,0.0,11.12740530940775,0.0,0.0,11.598553076600798,33.59231791879893,112.3597349134005,36.54500941427035,17.95526108550043,0.0,0.0,0.0,0.0,39.91896925038215,26.504691868287512,40.795284345241804,139.00358710594608,0.0,0.0,0.0,0.0,13.0167999267203,0.0,0.0,56.79133666462927,0.0,104.09367081464498,0.0,8.692217103517283,6.833163292288132,0.0,15.130062392151839,0.0,35.33658230471851,13.872652761580367,29.55094359227334,0.0,0.0,64.71869944003153,47.41334273239867,49.78262863545086,38.55716249659457,7.808521999504532,9.44176286191817,4.879780064648403,31.32588780593546,15.604581010718137,0.0,109.36314771094183,4.956180216172339,9.713348589896773,83.95545017286172,59.78429608976086,0.0,26.10349088287755,24.32701708097174
720575940894664404,212.0288802288592,95.32281238532715,7.6427265101487825,59.42424356228047,159.41630128773116,21.26339045905489,45.38119877290868,23.95075900790498,0.0,10.682787194929384,0.0,46.1995087066768,22.217977948489605,0.0,104.88662323289351,0.0,147.1146364315394,25.86486089938653,128.18813526946963,16.538436415427807,0.0,52.862247367102654,66.75791920022631,88.5538597836957,43.48966740512881,61.61344890405476,243.1907857498279,47.308236554344084,9.17438873185933,9.444182378199718,13.643428855196369,121.7065421391534,157.34708803518794,8.574689845828157,47.130679693596704,0.0,0.0,62.67429408153871,0.0,98.08107882135968,22.61915543213994,0.0,66.24156577354809,0.0,127.58757299529326,8.880461821029805,0.0,37.57267448537492,0.0,7.766358090634271,26.016466414833037,123.22673321007437,206.02360831988474,7.142391376189789,117.94260574863576,14.494386835793735,0.0,0.0,136.6698493908811,138.62429215588557,91.52142441382604,106.95818388867502,65.26479863805939,14.781534010902378,38.00447157021738,138.87852311219893,0.0,0.0,19.747462249113124,11.821715770900491,47.54777951392329,214.6484981143109,86.92720494466664,0.0,0.0,0.0,10.0617990039697,77.38437871344982,110.75948463861532,122.38905536356953,123.92340882846727,291.09503923402985,26.45988995058736,0.0,186.73043745707892,67.85719787018478,19.500008288077513,45.29451629736709,174.0143452477732,127.68918220101244,0.0,0.0,142.5831583956478,142.23478153127232,82.33586364791437,0.0,64.92794355382664,11.290851326436965,27.435753525726074,63.052199497187836,0.0,0.0,4.933972779269355,0.0,11.99107371971283,220.54467803116157,14.00761540797197,0.0,0.0,89.08802383902591,75.57733020858913,41.40232142921349,127.06180937815094,95.2080714306189,0.0,0.0,102.15311608033913,87.97865651130756,51.52175948477984,0.0,38.117017295580645,76.82134207776993,130.40437585961473,47.053306712007746,68.3492461501569,11.290851326436965,0.0,0.0,5.928033948527386,92.30322776986763,162.76285640030432,51.54413637617172,84.70577177867534,21.06490122083518,29.16382019137543,129.40924124913937,14.236185088898957,48.76770749038146,2.6760220676105217,0.0,0.0,85.24243093055478,55.90356072299173,44.92156959766298,48.92996646434549,172.71679663524577,96.62200411639672,29.88560266225512,71.98616783286246,74.47427863319182,17.4211991570134,0.0,50.46846945218013,126.46638882383364,4.458422870611213,107.85635041356916,0.0,7.898113464853477,143.3198764665308,73.25194367088311,0.0,0.0,126.69702267311811,117.01404580159527,87.82612752242694,31.157159729522746,33.079326990015176,67.41387490265218,27.500383954942343,0.0,20.350626324816687,28.541395326021178,275.22852963798107,178.48359415427464,73.26291482041812,0.0,122.42841088599803,0.0,68.54970592554821,86.89764445817919,29.278132713354978,280.6649599258362,187.48512446008746,175.0790542867934,270.5227833092608,0.0,7.874477430935284,82.4238176546542,68.16481422160022,6.38502221135241,22.849336090781545,114.70137134322755,0.0,312.0924307920873,126.21266098549721,0.0,0.0,19.2418749026202,267.47770724204014,147.35879593457273,20.503920137386167,25.35463247680022,0.0,175.78910938029216,0.0,69.9969350862338,1.1577591502553544,0.0,249.88631168913673,39.94129169710072,285.5670919494906,0.0,34.76671877395306,54.266218306893364,84.82201289350193,84.91213434181843,122.90105367266088,93.32198263652992,19.791765217882297,54.2223651423108,104.42856392305367,52.67264185520748,0.0
720575940895289006,81.09403047319654,0.0,0.0,0.0,714.3583400694181,23.52792112757724,40.13326747241549,48.75360451108131,0.0,0.0,0.0,42.55245837127301,143.65778494783723,0.0,33.92413259140256,36.64978632710132,122.32923703958987,7.683581969600253,393.2298896544245,0.0,0.0,22.83977533108525,28.757214942723333,654.1579120739908,0.0,381.4711641435319,697.3714769869323,21.305349988330278,40.80575946155061,0.0,0.0,544.0734787163623,31.578972551339646,0.0,0.0,0.0,0.0,0.0,0.0,0.0,0.0,0.0,72.91899342433084,4.872419705790146,536.9019184309348,0.0,38.947464826831315,0.0,3.1437220340172702,0.0,0.0,30.964738307671787,641.3498180211508,0.0,682.9667113847679,12.188490508959196,0.0,14.85690478734324,0.0,442.4782364125881,122.76822651357824,120.5187223976679,0.0,96.47298282318044,0.0,0.0,0.0,0.0,390.0690967017701,0.0,32.41988030421125,382.7838742211904,939.3667687390517,0.0,0.0,0.0,13.800508176449132,25.80118316671309,50.24987099334869,971.062572327752,30.48591818711293,55.159769406257844,227.92897962982852,13.916674761115232,214.7942145955621,76.15878903124622,23.124499593431864,0.0,339.3892596059751,0.0,0.0,0.0,25.80118316671309,322.4474787904975,0.0,0.0,173.7262297353081,0.0,551.1253149010661,48.75747461955208,0.0,25.161141107023717,12.910324955969717,0.0,194.12074798520285,819.9449640490898,0.0,0.0,0.0,278.61030612416107,22.33753941557881,5.8340013310321,657.3050769695973,96.98867486242453,0.0,0.0,0.0,0.0,0.0,0.0,0.0,109.86020710345994,341.50582770683945,63.427043075897494,346.6781837008118,0.0,0.0,0.0,406.9254790567618,143.2673983670846,0.0,1048.660097997775,177.3271456510033,4.872419705790146,32.08746963057344,51.54678009595636,95.34894289368047,291.90901724832327,4.693852512235062,0.0,55.32717955098291,105.7623284334956,66.94085128748624,174.78233321241882,0.0,136.29056422897466,1046.5468654926215,428.38589333349364,283.53221892907123,288.1022645413038,101.99317988180789,0.0,0.0,20.5653724626006,0.0,72.47405269970294,6.220331002348656,29.13057146491916,197.18983711449397,0.0,40.005680535659266,0.0,141.35726391720766,121.24122322448635,213.545511869558,0.0,0.0,245.39615194155297,25.09453913262293,0.0,143.99080144726923,55.47809984433753,84.6713088467929,223.84371274279417,59.97143099260852,0.0,0.0,0.0,1332.0093929635632,40.80262278972223,0.0,417.5371827618577,66.41639509853485,62.36516997291647,0.0,0.0,0.0,120.29052290732358,0.0,0.0,11.955103582456461,3.664735218430613,0.0,119.90752440131877,55.07226899629492,26.183033089025784,0.0,0.0,62.86167618351367,340.55691727995406,19.358852882582955,0.0,3.9459948248776295,516.5350565285577,0.0,0.0,0.0,0.0,915.3615765549544,0.0,28.757214942723333,6.0514626399973315,0.0,63.08065384346906,467.7598550664776,35.39366148424026,263.65491238801343,0.0,0.0,57.60999304403503,39.022402867346536,250.51929493796317,0.0
720575940895353262,334.3990277204513,171.49269745889725,12.44480396969192,10.881909705706368,185.8306224732713,188.19455741025217,111.50705466064916,537.4903682170308,62.75091659630735,0.0,265.729741274683,210.54899654409888,32.01607942677792,22.20031740609165,368.87886021491266,119.33377950484459,496.0997695612427,156.04332053495952,210.30683573142394,39.70240861286971,11.916509602646627,171.32105303120613,77.93121987165777,71.42113530033629,81.77378589334339,51.82043459482376,445.4466764931326,133.32891816041433,148.12784944257686,27.148837970871618,42.42727135189307,219.1748021365412,280.15931101188374,89.57139584965134,359.8418927541366,93.16702096554191,246.81572478766566,17.9257618714221,0.0,106.98945443101312,10.540775585035087,0.0,42.371691761739385,546.9340647463486,1.5906062769118554,16.396677439419634,216.38029996833978,49.91415720595105,145.78058289061389,130.2374314938223,256.1550546021176,454.26892421754394,324.6646136544255,54.06462711758784,42.69064243715644,169.53473963762727,5.8203936934023535,0.0,292.5411440925156,317.0341225551192,167.78290996308797,151.9770761284722,16.396677439419634,244.89632720026242,71.18445719802314,85.11010819314612,0.0,123.2316545150957,242.0561324936727,0.0,365.67295833744583,121.49604209451304,409.0893641503184,0.0,11.22595084336381,213.8075764588816,289.7649763507926,109.80448358645204,93.52042738979108,72.91907971671496,43.1231536769523,653.6943180191582,254.86425742157905,146.0084642566884,176.30938699699186,26.751781065142563,338.75632973305903,0.0,348.6550486378053,353.5891874619484,527.757669883236,8.443341058552344,356.65566675174097,292.2254498862412,291.4531324008911,0.0,186.1562398190724,70.08677195604008,20.66717000303351,906.4332484956853,88.31343864016623,69.26240566967327,232.04111523245493,0.0,108.07525225211275,352.9412479243283,233.1140999203076,9.064184721158979,8.643956261969919,44.79346057050981,113.9659609193924,857.3077594041298,88.96761895808153,25.241843601343106,179.29463749122564,30.844378313124164,58.17014484202843,666.8541192565842,430.9095788087294,20.122867672449544,27.848626937952357,474.6901950303581,126.55775347804445,461.0257902510184,222.5807420434122,43.93003031430995,5.517001065171021,26.02740359338708,24.29511482162464,185.55874946687504,45.33424804095114,59.44288313166177,299.5587536270777,458.187339226793,310.9004487088056,541.4558452214021,64.64474566249335,415.3016578804646,29.910232823217807,0.0,22.33252973156151,284.1081700015215,234.1781188184727,200.63384488429966,176.4689257662603,43.351891512710544,184.40254019161983,54.15459937204384,51.01212950616784,285.63642161990145,356.7415207649564,158.6073985304421,104.0616176800486,389.9875664861292,21.42763966964049,186.48375495170697,257.1998788469242,82.25774026204427,196.72037392387685,145.56640332641902,7.765320991009508,1.3647894526263016,120.46220486501097,464.7713224691771,197.15038914193173,11.763660760160187,208.9712820434013,401.8948873592205,16.427104583986022,0.0,45.8929571668859,654.4244581487296,688.327939792236,30.146986356615425,214.71036114228966,41.82427874190545,24.07961736641229,69.72576419515956,58.77963680218267,230.98076449304162,201.38436884931002,346.5513311930016,138.649799044064,529.2225634636809,286.29329635379577,210.89321958459735,74.00472679613772,463.2761877902836,53.28325672230269,98.2627215633968,108.9109434871955,118.2095925565045,537.864605451498,467.35537649673995,211.33655062185252,110.03036370467456,0.0,0.0,994.3305906419102,375.9117163135287,55.80327695348169,98.22095092682942,204.04897182084417,245.00416859560437,0.0,88.9284953633015,45.13844079002549,0.0,299.5343766976163,56.723412350706795,258.3864872047764,77.10705861347218,0.0,120.33652152217333,82.37649702681092,155.71820505213972,205.9521688901889,71.02829250829878,87.00889810944335,12.688952943536044,549.1353464259635,76.72844426502027,102.03940110862268
720575940896732090,30.162647332682933,7.240148209705308,0.0,21.847338613906288,209.5815200236712,28.117640237640504,15.293517800095696,185.5351885913965,0.0,0.0,105.56764869910596,0.0,0.0,0.0,330.79172620157044,0.0,99.38019705869412,299.02460844820774,64.98419878260208,17.636759824233504,0.0,79.34598137501133,0.0,31.67493311330256,0.0,22.133270449141925,57.32921568122557,0.0,0.0,0.0,0.0,131.36536286955973,46.77737279310969,0.0,53.81258629760744,0.0,418.01322510401144,3.8273350234184766,0.0,0.0,0.0,0.0,11.534839781892009,263.49279235091933,33.28305569715332,0.0,20.57891041099502,0.0,573.0625342163555,170.13164236490547,0.0,86.17485655446207,195.4809333674576,0.0,104.44216462523632,0.0,0.0,0.0,24.6789399010893,34.414879986438024,21.876356769471744,32.178767971911114,0.0,0.0,0.0,17.22301893934712,0.0,0.0,168.33276558072964,0.0,348.84531814441493,54.21904068427393,379.5799107300701,0.0,0.0,0.0,209.1027890457284,0.0,0.0,44.97699334276375,0.0,31.89536797764468,18.77498799159732,0.0,22.009024596485492,4.935135189360366,492.0076705174411,0.0,68.39063617176069,26.34173570819297,16.244559647855183,0.0,0.0,59.12511325541476,0.0,0.0,56.99737305726554,0.0,43.52201361126723,169.57116043566324,0.0,895.8601450054742,249.26106656012377,0.0,140.29019661030787,24.983232543330292,0.0,0.0,0.0,22.37605886553565,0.0,96.27539467356908,11.110401219790049,0.0,161.68392006610588,0.0,0.0,213.2480408698919,117.18117001707029,0.0,0.0,441.7012740071533,25.98126397229468,107.36733288411604,289.5998374548752,0.0,0.0,0.0,15.443207233741536,51.88770647507299,74.0066231188588,9.896320233109357,147.54467816313635,443.8148341992864,483.0941760898299,126.61558808028892,0.0,154.10888969293214,0.0,0.0,0.0,6.697837963297694,0.0,30.960234238912168,0.0,27.39187518953196,40.115662420719495,10.671263521622208,61.41399362295808,240.23747742442077,143.46446789829886,152.5200106701118,10.98548347594072,6.414093209235739,0.0,59.750701445061104,161.16607945775647,0.0,0.0,4.478572685227067,0.0,0.0,25.745117820302518,54.959047113595766,371.4217123944762,0.0,0.0,90.42045982601525,0.0,0.0,8.885298184312076,252.66395799730248,38.72239126361176,5.891180507621358,0.0,0.0,0.0,0.0,79.50347694869897,27.406548319466886,100.07181738909814,52.41378466619087,44.8928371903379,80.32965662354421,16.323205892888627,0.0,0.0,230.9195374175139,31.79170401205141,0.0,0.0,0.0,110.2921534930768,6.391898850525558,0.0,993.2561647043508,0.0,0.0,120.73751299833283,34.73136684461257,29.31453314981584,0.0,268.0357051954543,254.4492118362879,0.0,0.0,0.0,0.0,32.66633738567704,0.0,0.0,0.0,0.0,0.0,180.1551926849032,0.0,66.90661002892791,0.0,0.0,148.52949518622515,30.908006144009327,19.354288485282865,12.799597144142252
720575940896736698,48.79722844637233,134.36809763165448,81.23955157993115,0.0,0.0,110.06826723826138,9.839243002044993,49.71363857372675,0.0,0.0,0.0,0.0,0.0,0.0,38.726855894248935,0.0,84.14853469071711,24.990660394270833,0.0,73.21442161011326,23.309095407479038,96.3010130087754,81.47169145632186,19.314273311373704,87.42876622056609,14.320713755872216,52.10639850288279,0.0,101.15736405556416,0.0,84.13186313782214,27.752786949394416,168.20500849312475,120.00999386557004,99.1370189032374,23.131694634517626,36.07780625122437,40.512626546710806,11.463713501613778,108.90531593566789,0.0,147.66873299687336,168.90583532201413,54.66249867043283,11.808628368807021,6.073320568965521,173.98012335547358,31.94120677981945,15.721001253222814,30.425472718347528,146.48315460067855,72.65878552285852,242.40677301073424,19.436632604688906,0.0,63.05887536141057,0.0,0.0,333.05696214972,8.652400303655442,46.655378448527934,48.09436004918498,47.97509007254508,0.0,145.01367185943067,33.55211663079309,0.0,44.52559061792518,125.6311821310678,0.0,58.82025965533514,40.67936093174765,68.84777385817482,0.0,20.6238533489471,143.80479761945034,17.788518334321356,0.0,0.0,11.84120346953136,0.0,27.69242093135746,162.74454359004787,0.0,94.1282070610461,0.0,88.80944081051851,26.682353743187406,17.637235273988804,145.389149816841,0.0,0.0,0.0,82.40108955228689,65.0913840004431,7.135005981608494,0.0,14.677857344126464,0.0,0.0,88.79004586375525,0.0,7.770140375262746,0.0,52.203923733837996,12.032194408962976,82.50886860659445,8.210004151725391,0.0,0.0,0.0,19.617568806694877,28.60761669156285,0.0,17.483733661540505,14.515696967718208,13.350908529781004,86.06491679057537,17.698257554411157,0.0,13.444301423202912,159.17467794185615,0.0,38.43448708061281,16.75897645568609,8.560460468221729,0.0,11.97569030045871,0.0,93.43231324800367,0.0,0.0,104.04714060106787,1.751754620373527,73.57954109616146,41.7971168730708,0.0,103.41757014757215,9.839243002044993,25.117567001469244,0.0,73.97449068853209,0.0,46.114515194165534,112.24598218803987,11.808628368807021,50.61623888404198,0.0,0.0,36.0732497670598,19.88994972900222,0.0,11.038563004047564,5.92781232795016,27.911923751509235,90.23107011617587,138.872555600844,0.0,6.440373862337147,66.88759270961785,0.0,0.0,21.112822678994576,50.46783423870586,101.55641338161313,0.0,152.2513485616814,4.635832000010529,0.0,0.0,0.0,115.97905817983788,28.119616962681487,0.0,0.0,0.0,87.87048674613848,7.93532068978137,0.0,45.39004642769983,95.53101597537021,77.01351342588853,36.52886969062484,30.969573038758423,140.86100672896833,28.39102388034256,0.0,150.20124961982063,209.02261387177148,82.96692978362407,0.0,63.88373901174957,139.04740165034946,27.262196578703918,88.19960617830243,0.0,5.932673446812432,39.56416596574013,7.77024186689429,81.03623797713523,87.06349105033249,14.911522311690987,7.863622835347,36.0732497670598,0.0,0.0,0.0,0.0,152.59850201481873,0.0,118.96575990232596,36.31088307399153,0.0,0.0,36.0732497670598,17.252724191157824,0.0,27.86114355959927,0.0,59.28360650240705,32.20333283451404,0.0,91.57870748539567
720575940896872522,0.0,69.34103199959716,0.0,0.0,63.48691574398712,32.377219855039,32.555528989767964,0.0,0.0,0.0,0.0,0.0,10.325836656473392,0.0,0.0,0.0,27.397483770104287,0.0,5.7572942578766835,3.880133050807366,29.130194182794526,39.67911304673832,88.88643490718293,15.820661302566894,16.632780082148663,31.92535632668633,0.0,0.0,88.2930671353977,0.0,10.52602885920479,4.3153689069322665,10.616200787737004,0.0,47.44413981861495,10.06861811592101,0.0,0.0,0.0,0.0,0.0,10.30384612960353,34.55661549087989,0.0,84.7687897033155,0.0,53.20388710374606,0.0,0.0,0.0,35.998547267446206,0.0,176.746512204586,12.437105698283403,80.45554481558088,11.467437841758406,0.0,0.0,2.750358464099352,0.0,49.31663702219077,47.91286964822858,0.0,0.0,0.0,0.0,0.0,51.08860050051978,26.090004339373802,0.0,7.735365721480868,40.66532099726233,10.992347890535038,0.0,6.095292387440379,14.39856846410334,0.0,0.0,0.0,80.31662418700049,0.0,10.642971674593136,19.572841771765656,40.18492702351404,9.820526908703643,0.0,0.0,0.0,0.0,12.58569961488988,0.0,9.522637811822108,0.0,56.61866819179406,0.0,0.0,0.0,0.0,29.56392369720006,0.0,0.0,0.0,0.0,0.0,0.0,44.02153235584865,7.996131407935688,0.0,6.3772286585367235,0.0,0.0,0.0,83.86718281372293,0.0,0.0,0.0,0.0,0.0,0.0,0.0,14.927358572288652,0.0,31.54955444024492,0.0,0.0,3.856937286168455,0.0,0.0,13.818230554758333,85.23862649138933,0.0,18.60441923493848,5.7572942578766835,0.0,0.0,0.0,20.146363565177033,31.02348076055889,10.541773983416457,0.0,0.0,16.38206862734342,17.198889724265268,0.0,8.615066636658984,25.60879649796688,73.83908852220658,20.544726260897704,0.0,0.0,0.0,0.0,0.0,0.0,37.628823437283366,112.53888564738776,0.0,0.0,0.0,41.951227545291836,0.0,0.0,0.0,10.642971674593136,47.836810193760655,16.93335474406606,19.393612884337838,4.3153689069322665,0.0,48.990204986711156,13.221425209914148,0.0,10.610077285070311,16.083130914350075,0.0,0.0,26.4054809576178,21.44440635017944,18.60441923493848,10.541773983416457,9.761765422855916,16.28886829178433,0.0,0.0,48.475605928619856,90.25880030373008,12.631622744440639,20.25403677958694,61.37395489937444,7.834820439145009,0.0,0.0,17.567774318763306,22.04616254966101,75.62364648578405,0.0,0.0,8.840759037718351,0.0,48.35565009135804,25.13976572283872,54.21151426337903,0.0,31.65599313644922,0.0,0.0,0.0,36.327560132156506,123.34731822545126,0.0,5.089545796261793,40.07590415848712,0.0,0.0,16.38097042502002,0.0,0.0,74.74921314089673,0.0,39.69635924549141,5.254349140108154,0.0,0.0
720575940897454998,200.47973478930072,15.063622295541442,40.053955480432236,32.46828112211563,153.8335567637906,33.06336105701332,117.75060718081777,176.21760268659324,0.0,28.260029551423273,45.4790667204964,194.61685895234936,130.50525457762907,48.01554494431011,262.1387261143344,64.17635594691257,474.90657613929585,298.07179847162195,232.0509684061048,101.45401255873165,86.06870891824705,52.34690975658861,62.393669743273165,152.42000370503206,202.28506608575432,177.22992706700572,233.5391986064613,83.90718480986872,107.5873226651045,26.545457913842846,13.910425119600164,172.9937056536691,168.99593314769493,191.2353199194417,395.7319022342239,0.0,27.446334879756794,174.58323252060765,85.86185469286741,117.03577310140936,37.77225823734933,32.971695488364794,24.703083380430915,281.0989963576753,127.14988026303496,0.0,154.90411930507491,0.0,35.04237486991191,122.26968506405812,133.4246809257851,313.53550888948735,447.9684830923965,0.0,126.2887256976515,82.99147888585875,0.0,37.08049053556373,357.3093791135068,79.21947661563644,133.41762152764662,97.40666490078588,38.97191848484825,146.90307967926776,113.79621807646312,50.86038806291558,0.0,192.90326890060612,186.47157681898435,91.89511679528749,252.20676689519124,220.099335605403,177.39241040814477,0.0,0.0,230.77208139552937,91.13195234863251,81.32580448996482,92.60805244131537,161.479221377044,85.48131303654709,333.1707305112584,106.20591314343116,59.28854360765228,111.61572932022584,131.83200098465443,261.6422386929424,69.93314358817166,80.82308814442196,359.0219610658175,92.2102418169736,0.0,90.21042916906687,272.20813820294273,235.829833099824,0.0,214.41517879413448,37.58788790943929,61.46876994548719,293.04763823416687,0.0,29.39820399283376,171.43167179136637,39.41174940087728,244.29599372761132,132.2590155163821,284.0629232877133,0.0,4.5308832792927,25.524847575704438,91.27952523503208,276.47047868160496,176.0775265681257,35.628585007773665,182.02213986485012,123.71908021951086,70.92454413781947,307.4288276598695,315.4912063913543,79.75221997462222,0.0,247.3918690750391,240.7080487074805,468.12043156608775,128.63595853193922,0.0,0.0,32.8549848391452,74.5016273842943,92.36914272870794,58.674022630305984,14.762548669422479,229.7032687633836,155.78485333200436,152.94742956568956,198.2665724308813,55.23191053217373,325.54760988477545,41.60915481920841,65.29983178829112,129.40340972982955,280.8752716529409,160.09578056291525,99.08163012557937,76.86138958168546,0.0,210.2196331024751,127.38235474950632,9.875403514125141,144.8301529187669,122.49292395727896,0.0,103.94625696194615,344.00579353235946,8.903359945273827,36.28206621550661,110.94430156399028,88.2052648429049,223.7551885344896,313.16428007698556,159.20710127294632,52.33790630352984,92.32324265715748,390.45875423954357,130.97389837288267,110.80717194596689,173.94855925329082,115.77032238875675,29.983543783793042,0.0,162.29095687549628,210.7363070778114,459.9410134595197,32.1569566361535,195.6608811565788,256.79911057161166,17.73077942019848,111.24967199459124,29.614543168373945,73.82376732013756,226.5312107104145,362.57292315916135,302.71151861461044,427.6638677888552,275.49084462105753,38.77746370501214,83.93337357260229,305.35293007498944,111.31937855462934,12.101036385582283,82.3463419917053,153.47314846350596,245.4350508329191,386.0602196974332,85.19071483092793,26.9488375057822,0.0,15.86768141209045,229.7958268697315,105.41752989998133,240.70734395345534,127.0345799146042,243.6492070434804,108.03471199120746,0.0,69.00740464962898,9.387050260987872,53.96811397254741,473.6026739329435,107.40023495241876,409.75592803150005,15.384272922835237,112.51211002759604,155.94150988549268,148.47738052821921,158.3831725952207,136.94176213305684,66.88368875387265,109.83301957768352,0.0,168.96035032354678,104.41333349409618,94.4558350831247
720575940897460886,46.55144704569752,203.92747328412642,10.681606646507218,5.602496325218049,43.4397336342529,185.2728662080228,84.7626577665642,204.92772180405254,0.0,51.46026036685901,100.73148827817431,279.9589619143972,161.5458666166531,0.0,217.8392434611088,59.24455112338784,202.15998475340183,104.68374754851,205.0654618268612,33.63529166571078,47.16516037854477,175.53555789518845,122.25901656804271,144.10136517930502,26.453624915088895,106.36958934643323,169.30311637257063,95.94128554924518,114.91226507813231,111.59178332509597,83.52315622736145,143.45946499865536,297.9733412442488,96.36679688071784,371.3024010485614,23.176060018725874,200.45545019841597,169.83052180019308,0.0,325.8668157385572,38.16866856760963,31.625030820976004,171.30114548190033,133.5221426767888,65.93081918941623,5.9074964951837705,206.9122128861209,0.0,39.25843070589937,118.96609930777075,59.89284258455626,276.3205415063387,200.6208708551872,0.0,137.33168173837748,59.26620628359924,10.019376394470811,7.0560653469205565,503.27531793585644,121.87820415894407,151.28819614113303,289.2652602718679,20.45883116237008,215.32417668073967,33.16198725152361,11.401910951658328,0.0,225.00900538466084,183.08799414559718,56.42859096959285,159.22799330272647,224.68715974011457,125.87216448134451,8.19847259613117,0.0,109.1746418494196,96.59915399981573,25.85056641922812,203.97704796285848,178.17465296539248,85.07096242488423,297.75757069041964,85.4374243291065,117.4165195217796,230.2668539329189,0.0,309.77387517044104,76.03292430356544,84.98774208245622,173.6010088046254,80.76253552225475,0.0,98.59435484457241,313.72097419314895,111.51259862343035,21.124305187502724,165.46251199505082,57.8923195992486,0.0,123.01535770860887,76.2056380577988,0.0,114.82179863950611,27.814064047093648,161.6929096472998,154.24547737190755,190.44893918123788,0.0,15.03308132751324,14.755000114360685,104.43222451070312,126.38644103386405,170.882330763993,0.0,190.27473865728956,20.25790174421169,5.851603618839086,78.14812926359662,143.14050215776993,0.0,12.599557519873935,186.2381008430731,168.78291654703145,222.43789230970376,12.851151934608227,0.0,0.0,0.0,85.33466264904172,218.79901151362427,193.99371021649995,5.01591511186245,120.288182424572,61.6328032357044,183.8402579151992,228.73589340497387,69.13210164702828,138.52403483394565,47.20429631897501,18.26278503296493,0.0,232.57108722067724,128.96713222754326,86.4686047911569,71.15400975385207,55.61265426245777,293.7407884392438,174.2367445095008,0.0,71.36012516825573,138.40429370624767,88.20191938992484,81.41658269165077,87.9001649221904,0.0,188.57473725146951,54.52115901211757,12.59430608174004,295.6295559316607,54.673952226673165,0.0,0.0,104.87320982234556,117.36963052536028,226.4042432437071,42.73292869142267,111.3877513428446,69.68499430801323,8.30140040442266,12.839080340700523,151.99041436598486,344.65402602943055,304.1613013440912,73.72823767104192,214.43073429107469,37.06768503881305,128.13934890936372,6.949467189164614,0.0,107.8952263634461,0.0,425.6672502715815,175.95063165474934,244.5018464305693,317.0036188840759,52.09365401243782,65.41204422640412,233.47027310027198,62.34805398822586,58.75231976232435,46.41329661040362,87.9846345545513,299.79223870574043,363.09049734333706,259.2969253071699,64.8997979350613,0.0,41.55111314504701,276.6301196381045,243.4913045989869,140.99238367859087,55.729197901072006,236.6674240608482,57.83096479229362,0.0,72.50511560062064,13.084170990079743,3.701896423340559,358.2461809821528,50.11772552591624,208.15757188273813,119.41389388726972,10.4495878945119,62.14595571027618,23.618163399811802,30.827915944453977,116.86391646262733,203.74404129259779,207.8956832690476,37.05033440497634,164.40221230451397,59.209319948462074,69.92487221182691
720575940899153235,27.02217372790813,0.0,6.367873265544815,0.0,620.0916153992017,27.91853355565621,111.40241515150805,689.505871825152,0.0,0.0,42.385715873263464,58.931456190902054,13.9703867918265,0.0,33.8409979364229,84.59388721213095,187.37505841773168,135.4605284124581,168.2606455162526,35.089115597530196,17.346783302500256,0.0,26.798007558157437,152.25757480154803,12.68372692884844,219.34391465500826,414.912970847764,43.93893607648647,53.19609171028895,0.0,0.0,319.93666957577744,75.59024482629594,26.962386475394315,147.96352032669913,0.0,236.116149399608,0.0,0.0,5.732772774962403,54.91156954388125,0.0,72.8432612760847,20.963406538917464,101.13142811388148,0.0,117.86519140124815,0.0,264.8266805222449,64.98990379550608,84.29162446957871,24.69827529084573,193.1435504705863,0.0,30.999381909587704,0.0,7.2342305977865395,0.0,47.89420111239125,787.6568082697871,348.38127724956775,121.63043851749981,0.0,65.10922324651901,0.0,8.73294848448361,0.0,11.797702370317118,242.27329986612284,1.8729239142785847,36.731867576092924,108.92493697940192,576.1228060171495,0.0,8.477233393162166,21.740891074674742,94.90292095477193,24.977057919756888,93.86669220512933,277.99260132003747,16.378443485883874,62.25249702327733,58.32425984458151,0.0,99.91232280956447,11.892316632100913,69.51025680580281,0.0,875.7041129470275,379.53732313049005,63.168739229776754,0.0,4.01074968054602,166.42059701119632,0.0,0.0,127.60165934884651,0.0,8.955890018228507,48.789363515498195,35.426507841922785,0.0,267.94566247164244,5.104881633148534,77.64373977122447,545.4637941546944,21.28709653331484,0.0,0.0,331.1290251523729,47.07769825023433,12.332940858182956,200.66683384321917,10.997999680980353,74.34364258560804,0.0,0.0,45.75164348333557,51.15582864330839,0.0,0.0,376.38584222822897,130.59243526154071,38.2990539627808,72.893837216364,0.0,0.0,0.0,127.30483413249681,67.55888152068012,154.9583493248155,336.6155181607903,311.1892197353888,161.45508089312503,253.607213002242,192.91135201734926,133.75993981184985,90.87755757122683,136.98994394616025,23.98635990779336,0.0,133.48554953164344,95.18336650921688,285.1500929175062,0.0,22.124249699742634,255.15063664609832,77.51151414305734,327.9596480063614,168.06316650003657,341.87793518322366,233.0014378143433,164.61522310762138,0.0,0.0,11.823790764133442,28.133910239692433,57.515594607758096,125.53180680058664,0.0,0.0,0.0,355.16619870854794,16.180899390605394,181.8990625380897,16.950110499547087,0.0,850.6906756390557,0.0,0.0,43.278879086386425,330.99157580424685,108.89815197742455,17.6910834583812,143.3118314259694,5.502561918146859,0.0,0.0,204.62902392659518,131.91324468916707,34.693401715435684,300.6081690756127,109.11104844846022,27.926501400018257,0.0,0.0,48.07941205767921,134.7187546426758,45.987899764612145,67.92736374055337,131.2625538389072,4.6415162684702045,226.9436428006483,197.1711814385906,0.0,93.68854785303567,0.0,0.0,568.5417220563382,8.981913029556432,27.059628728443425,42.58121253355967,123.4258557431004,172.3198393768382,0.0,106.89124124526442,0.0,0.0,343.3270784908488,0.0,15.33400990362334,0.0,11.739615662751273,84.64505430498339,13.969587943290401,23.625591943771667,26.35172183449955,84.34370263795715,43.432276470194466,29.419445821939746,128.90916644511205,42.635361619678875,23.65709300194367
720575940899281090,85.30534419516623,110.14156284137444,0.0,0.0,92.44047078829831,193.8143633592156,373.44660110327146,65.49316528796689,0.0,55.87790316881776,0.0,768.596441466835,377.24663837389437,0.0,64.40098553623801,216.58717586130803,186.5078269448941,11.565181181964512,24.406419304906482,49.93574330332754,24.741097663746856,96.54266026124658,65.56846639541742,41.35990599150321,51.22589028849144,328.5260981783882,101.58976723207329,384.7621771484342,142.92737069866814,0.0,129.03938809861677,103.88138545848469,316.1931964819902,0.0,67.90724406757155,21.62016390891565,0.0,346.16089642913124,0.0,465.70599042475305,501.8440216085939,25.512911010334413,48.82634211583719,13.121545820583371,111.07700801204416,17.066210355931652,206.1482921436872,0.0,7.331008907687501,0.0,177.52570423556637,174.81736525390076,429.1747048119588,40.770484233427226,73.26893445640364,73.83775368973622,35.69690173359322,10.421572093925505,204.36882296754962,64.77487005221194,166.74371545871952,340.39368113239397,50.11237022673778,513.5056260598376,29.800100148186413,6.455717966077864,0.0,224.60904504951702,54.95726499488041,38.0400341271026,32.14007450140574,271.05820472733524,59.484819131066075,0.0,9.09033995323745,86.1767010841744,0.0,79.08231427774669,469.6945632855397,240.99899196098684,307.7733522940408,533.2116820459966,106.5346815251307,46.28447927932676,117.08616354255709,24.497167175377992,45.13649640663364,157.3780469160978,212.22891195725612,156.03927810362157,1.7107609874913183,0.0,25.776347859320303,251.76076086017525,267.1187815969754,0.0,240.73175736453584,82.65986029186092,18.134519313080013,0.0,124.82751157438712,0.0,0.0,165.32920838592554,116.08060643467144,435.9215959842093,76.35616462137327,0.0,0.0,0.0,859.5242181890316,86.01855986144571,187.9999832698108,20.794537958472887,25.399501229761334,0.0,14.540908379751883,0.0,7.9926713765628685,0.0,0.0,89.38670708373037,334.2020919716141,219.26464153801322,0.0,27.188584231687184,0.0,29.242183852874426,67.90636785410935,168.9933125580455,446.8767788971536,0.0,226.6723456816348,0.0,137.2989337176967,98.94617989682692,247.80721371052056,7.565663714573086,296.553040626224,54.63246026703125,0.0,468.7867610183283,356.48491287368387,251.59061393657277,37.05902063562213,148.34151120614825,382.1815359194465,117.8436697683993,0.0,9.291146836158854,11.640766013801667,0.0,207.8665077462492,210.3896769713404,0.0,186.89289525910243,7.362505800820416,283.8519482172431,533.6169031804602,28.791477140375275,0.0,0.0,48.677200231463296,57.199635646937374,70.69882964540172,33.68075321793961,98.61465449527017,40.88247091382082,0.0,0.0,143.72234596604798,164.00511456071365,420.8864969914692,205.22922944145552,650.6063455160352,11.481858820948744,83.27326406446007,21.819378360784242,0.0,343.64634213588107,0.0,285.66353419400826,255.88446103528048,221.83577914477766,49.23066903056794,55.418501191018294,636.9535828869801,168.196877326495,62.88029921354343,37.23555513900433,224.6559815252936,408.1781143541404,50.52605827741693,601.4013554002809,216.9066838444508,0.0,0.0,0.0,165.67692019266735,125.40423289058036,6.432358511757367,215.55647903510214,7.331008907687501,0.0,0.0,499.2098004491736,0.0,12.00145255779202,1156.5478268531426,0.0,194.44524991215707,258.0808481884396,11.086157366625,404.57614401690205,0.0,240.57455960784642,99.95024321495185,174.6998803998893,824.7843299738975,0.0,61.76234628849304,39.11056352118204,80.00840820492982
720575940899282056,82.070792216048,167.14703418695404,12.949161595306096,0.0,14.015213335230085,32.9179786975583,40.6341351346705,112.64841842629032,0.0,28.905226023395585,106.37852813508869,205.72477406194693,0.0,0.0,120.46366531571431,67.2146588454149,156.94492703582412,85.31318330613713,62.729340784563526,5.7679348860999955,0.0,99.2959526893533,131.67442433021986,0.0,27.84734491084512,35.981598790129766,108.45944262747848,112.70376499250449,5.902016860637868,12.041144205390513,28.008142632746107,77.77662532131886,153.25637372609134,19.51977452197314,151.81878925880244,0.0,61.503245620613896,25.462744368505305,11.51371807434926,63.1019164519458,17.42088095072013,34.413498267702785,169.44357921791973,150.20336921147384,0.0,0.0,14.263729897970375,0.0,67.0923595427774,45.634631647894125,65.51162095826334,204.1899159231651,121.08038867694036,0.0,0.0,18.477252226802,20.700360494589304,0.0,365.31532658876216,27.995125278242917,136.43692518904072,33.25212878195709,13.356205176976736,149.01108962638074,16.61989983794702,23.701216963442114,0.0,138.17366505513647,66.29212357648716,8.515146917977408,114.23968311768525,56.321382618791915,74.64406247300533,0.0,15.266789795138449,83.32652056263663,31.182842194155853,39.20005282820056,40.49112188971318,0.0,45.18850019016902,113.76527454548756,90.40376256756203,16.07860939310995,38.79924499596129,0.0,90.29628453507712,54.44500450021161,164.01710337175956,108.46950445068228,138.6671353793936,0.0,75.5699144631297,238.21650779676145,44.39044135697378,0.0,93.54429438009203,62.68570019997016,0.0,122.50725901281314,2.2048660964256053,0.0,104.1652798489736,64.32440838410903,90.62218551909002,44.71523821975746,91.5385198589118,0.0,0.0,0.0,0.0,208.29700273136683,0.0,0.0,17.6289718362926,0.0,68.8233370566675,50.999088816417405,106.63568344120384,0.0,10.126600395581791,73.32308694597626,35.217118612729315,331.6503571383261,0.0,0.0,0.0,0.0,0.0,0.0,36.99385031419264,0.0,78.72113315336522,26.84439628261336,178.9217661648837,173.63149377025758,27.5458707630036,74.86736755366555,19.891774427934863,8.087450683824558,0.0,184.38752912774524,42.49756581575772,55.415268350360925,12.805744191744564,0.0,7.48419834479531,0.0,0.0,20.261840882159092,106.59864669873714,32.471424457891644,9.0463100729355,136.43542296786504,0.0,34.36146504824973,28.570830781660398,59.05274231373104,114.92041298120992,78.30543537605067,0.0,0.0,0.0,112.88336213739463,67.90660044341233,7.0921198341095755,90.51843095223369,79.9704896822439,22.867027851961684,0.0,0.0,325.8922304494006,137.46702595436918,0.0,132.85249251526182,21.320270154826,53.86159641239168,22.956736166747,0.0,37.6712326677776,33.877014712754885,141.77630885170663,58.88448400179183,319.3063113907438,135.31870758512417,30.932249510852024,27.482735410380744,101.7791071098098,84.79003209619559,64.11310100857573,51.9120347609466,37.441446430488455,227.81551688040506,199.33771503264876,12.05887005594586,0.0,0.0,0.0,199.38753051800052,196.3869152810387,87.10444504194686,215.6918053098595,30.453384612265936,0.0,0.0,121.87186146856376,0.0,7.194761438189643,135.9155684021858,0.0,168.5328361475132,34.94140235521636,59.58197863735641,90.90803115626997,0.0,9.57307761084264,145.00466919518212,18.90143645631748,195.29146883611492,0.0,176.73661648963247,0.0,18.7785932024614
720575940899283650,69.62159023967263,407.6437654704833,7.859773278307658,5.383304320595817,655.9074077180052,358.55469463000145,454.5066200229829,171.76813777099588,0.0,9.766048768641967,0.0,178.8352265550587,14.881506507985089,0.0,86.92145091940579,73.47390098112974,177.81257154202098,81.80328739539239,111.014492455071,131.79516102992076,24.87761404624968,134.71756148751058,54.02913688584873,0.0,0.0,483.2865140916751,552.9301533725902,143.14278114079804,256.22874766410285,52.43249062075258,0.0,199.34160356500948,108.01489282147513,23.537940914089635,437.9701281858982,41.07720835365015,108.58651491488692,14.067496825026996,26.52641411913324,271.7122072820445,0.0,20.76033910717293,47.90907778981641,57.02619521823576,479.89497026801735,0.0,398.9476613329412,77.070605026371,27.81361334998377,74.94185626195065,174.58276731149334,232.9225214944176,452.15861822490524,0.0,494.9180209484216,86.65865165929016,0.0,0.0,804.4963409051577,227.4917731914353,368.3879328966475,725.44335024913,39.36284050957936,41.63138874648315,120.05333122011268,8.492493435895591,8.162735163853332,115.471403751273,285.5149271437619,6.0164533073180575,26.76229102274171,512.0523798986674,170.39895621474162,10.72716748844434,0.0,170.56913739915214,7.690955789159261,0.0,29.616269113029922,814.9176543584817,0.0,432.62902081545684,412.6874260977302,58.53721952185093,336.4527662581746,6.272021844380198,89.34562162956927,16.20509697681029,476.7430034060668,344.1327862323712,15.86509238119368,0.0,0.0,119.54354883412964,85.62737570786008,0.0,235.90559754370776,71.46736102371689,123.34512971659755,0.0,0.0,0.0,9.644793717121663,36.064798105370855,249.7564867793833,581.312455581851,168.69797758358033,0.0,26.595078776278946,20.226673275451777,0.0,63.73482868099305,704.4505790465065,101.37533483957584,43.96356678593293,16.747404963552473,7.14259572632469,26.20142160434812,40.686195089851495,0.0,11.858884258725826,309.77163227619957,400.0426523587675,242.03712129317148,0.0,0.0,0.0,54.66312357011497,58.5804418574204,1022.7745964008598,10.376363384547691,93.84100462553933,330.91251793145886,5.567533082046368,265.59683192840987,175.8618704209442,107.12293773946925,98.49020515911572,376.8742454796684,0.0,44.32478607103797,458.13420608824816,250.6297541313002,646.3854607003548,67.18081195963123,605.3553745374028,651.0668348271819,119.55534309622148,15.941315822784208,53.19694803111021,114.81691780571782,0.0,646.0074553401207,242.8481565270665,0.0,508.6602486197044,90.2917070961696,0.0,137.78575317141113,157.97014971064618,0.0,0.0,224.4064058117678,151.68681930567706,317.8154789681217,0.0,168.5249384372607,80.88091711036496,12.471044924944165,9.193258371572483,289.08761356731964,379.9691651778806,199.22081828789996,3.6466423082163377,113.4608978169112,6.621387041743632,70.6554509128159,27.059608826872143,76.48841107964323,795.2565642363592,56.624257426484256,456.635309378624,90.18337211471514,166.90022583752256,438.30611399397696,0.0,42.16845234235117,200.6031464864964,111.56666708013879,31.89210446507363,118.33219096114732,187.13073378031373,387.45814285273514,256.4759802595822,443.1939444932346,0.0,7.144034548642102,97.19575992333544,87.48419186673934,820.383254019576,178.2889821571905,25.226049367243093,21.473193535484718,0.0,0.0,0.0,0.0,0.0,1370.5712027478155,17.50454602732373,481.6713464213655,191.649399158847,0.0,0.0,21.903705814207065,11.27179049083805,7.274192952797723,30.313636350920067,11.535977117659257,8.67047933543713,157.20163050630933,0.0,57.77593767638305
720575940899291016,55.546297257103994,3.850473172761696,0.0,9.961960370867502,37.061562509394584,0.0,0.0,80.02425283615625,4.799302616112025,7.482722249493706,16.16654435344378,12.62498540652185,0.0,140.57475200627152,150.03514995595248,0.0,78.17202931414342,101.00645408850504,45.49377144543854,102.11560507553496,55.368078801770814,0.0,9.04312139504964,49.424732503503165,24.51787123452637,0.0,36.29764920758886,7.649226926338062,0.0,19.063082581469562,22.05155897346312,95.7119792159313,33.9816248567634,31.205874702944048,100.83444852256196,0.0,70.8778966038926,66.75205542639023,63.24024260676277,125.15686511217308,0.0,57.4166050371827,0.0,79.91283097962271,0.0,7.766162753855059,0.0,0.0,11.252745034206955,36.88725464315312,189.8479760502705,132.09239791171697,228.67731655678273,50.811919826455295,34.562544450668234,54.76460997601625,0.0,57.76855738244062,326.8051622955533,27.43959575846098,16.847210556956533,0.0,76.56017097478458,39.389265582937576,37.15309709553792,44.988487589352296,9.54261742774565,309.90943008399233,146.22253728961604,55.44764849295684,105.26131070149737,72.1763666418539,200.53407996414504,0.0,0.0,129.9486273404332,31.741077334567798,0.0,0.0,11.126036246765135,93.48919829883828,113.40216475926813,82.86174306731854,0.0,69.56052582835888,380.609792165121,145.30296417949006,17.908842528448655,62.996423983111654,123.0827114634386,47.15872110404831,0.0,0.0,93.11087370036992,74.41696610502704,0.0,28.676935531436026,39.10549745426656,18.903174649785498,10.837092595354738,105.31116020481262,34.42122391191107,36.77015419488534,9.21602338063415,105.55421552851855,8.325926487887607,51.905326582576066,0.0,0.0,0.0,26.87808669223508,73.8201721988829,0.0,189.7727755747338,78.51533533772603,91.234946140014,16.311991244327956,102.01520159445883,118.84669615522569,0.0,19.118387222789952,34.834939753149676,11.126036246765135,72.60185486782203,38.35569565029121,0.0,0.0,32.93498600788502,24.384265604877864,0.0,90.3552796994783,45.54112336528083,89.03001359159522,10.695112692302809,100.257303726513,65.94954107727753,0.0,106.61611915913356,0.0,18.692273480654585,71.19682975769855,11.522955237812527,4.526990709433805,67.22613283826783,109.850811994166,0.0,22.136136181665556,11.126036246765135,0.0,25.09596122950291,51.68238924487554,0.0,0.0,113.06740002716349,0.0,0.0,97.74743379423589,0.0,90.25997753336587,86.91759489683629,130.68928437038372,72.71819541635737,43.21249670636099,46.270539416508,189.66540225440363,0.0,55.04024557245503,46.108433506843696,130.06151684058088,0.0,0.0,105.23064922304236,123.096024743099,11.193819234832041,30.075834856501864,81.85585359374808,57.6057015712302,197.2020611935353,42.27392194099407,0.0,14.98723153909661,92.05934561744893,73.68395063245852,58.95354247861723,113.12819855838865,52.257931145414034,0.0,64.4656514594888,255.76872405174743,9.467622623746552,25.07263970334625,211.53109807573242,22.95209451672368,70.9317790523981,42.86853432815664,65.7904979232516,0.0,9.998182491896744,63.12280249545757,45.75378836500169,57.13289578386722,20.91558520087357,43.62779539876641,104.6981537667089,0.0,11.610641724863635,13.287054011461791,28.015111300038328,174.03745741625363,28.190530119239572,193.52386928719503,0.0,25.65702404437134,0.0,51.494182236447585,106.9246612308101,30.786707098904202,111.23286876899068,18.840688662598144,125.937794285069,41.15073852742747,6.992707664956017,62.62554204903696
720575940899432749,43.906076527673186,0.0,7.166415921134372,34.39057881675156,67.43321598195779,0.0,0.0,228.73463788964202,25.519567797747378,14.320172128454384,0.0,0.0,0.0,22.12311303084606,89.64187710132066,0.0,95.42573257841511,179.64173363096253,53.34546109558746,47.54094854204053,13.329554202427897,14.890152608691443,0.0,26.910466499726013,89.27234054345251,0.0,132.20543705059535,0.0,0.0,0.0,0.0,54.692785064825564,6.452456488581418,42.94356823946955,169.0231717499187,3.5025945374326257,67.71885865610885,6.280689825931448,0.0,34.771006762127726,0.0,0.0,0.0,70.69026381752657,6.185270057402507,9.204931966423894,0.0,0.0,75.00293130392107,67.85408553563056,80.81036997985541,0.0,149.69305625331484,0.0,0.0,7.564769429696762,0.0,25.519620963234964,30.433832347024456,25.08832897386973,43.510744758506824,0.0,62.035352240882474,4.350506373996636,29.154858540540317,41.22963218824607,0.0,69.72139318362926,70.4199955629346,0.0,163.05191431260164,26.109913878194998,87.43515123994425,0.0,0.0,144.70599750918564,26.212165426528824,0.0,0.0,0.0,0.0,6.220306795293899,0.0,0.0,18.42673256662366,0.0,97.1092154119728,0.0,74.45012562349913,140.00214496280307,55.8036737506709,0.0,0.0,108.75137953878631,0.0,0.0,120.97475690699072,0.0,31.69465263875123,10.398863772615664,10.875509078996188,45.16270607345589,98.49321030510956,0.0,112.16039443076318,20.431445700735743,11.53553554392688,0.0,0.0,53.50079146982123,0.0,122.67325904963654,7.061058027256377,7.094751912257397,80.23201019806758,20.30289800935502,90.10131816301154,124.22694527090387,178.0856589551423,6.929517799941843,4.576460149052082,193.9518010341898,9.937395287665904,63.24820653086094,33.09723424814861,0.0,9.648951121167084,0.0,24.62288934194404,0.0,6.138435602679734,8.401600096066296,83.76235734962064,100.08697307093723,70.93527747179952,76.28604665866042,5.700282843211271,149.0243306445482,0.0,0.0,50.06727748854768,0.0,9.937395287665904,28.043312139803028,72.35395039303485,0.0,11.5062144964771,19.036000428274768,0.0,104.79900206237936,86.17770337726196,24.22330591336592,18.5596943882928,6.1656396381879075,0.0,0.0,57.32933759114448,0.0,0.0,27.41000318451335,15.002345210898213,10.875509078996188,48.48629912314064,12.75434405045801,77.02011848574953,0.0,52.40810836612764,83.10391570148887,109.91628445898772,0.0,0.0,52.92860658886444,24.38455696089421,4.070783575103645,0.0,169.26710004352898,0.0,41.66170784236202,15.91094439983947,31.68390429605155,64.02464202870677,10.191498070080508,79.17612831880616,80.0893344397574,27.90523804431866,0.0,0.0,78.39140828291042,139.79318559110212,0.0,7.491245528347833,0.0,129.7734087940588,17.22777374300566,6.441738637683955,33.77723281091727,0.0,0.0,30.649564694939706,31.51461534486476,42.81326401947573,0.0,225.92142575428386,73.94010560560918,0.0,0.0,57.4841228244619,26.58505433625169,0.0,55.470647785028014,90.07930529563747,0.0,0.0,12.982272892867423,69.7401803196372,9.908061528742575,6.668298178233876,82.58588542988619,0.0,31.33300416889942,101.57550327804888,4.070783575103645,98.15293311673217
720575940899433005,6.257714937412445,10.103363361906428,13.838147270430532,0.0,13.904359073419277,0.0,0.0,54.21173588420117,0.0,0.0,23.009981725993466,0.0,0.0,84.59617790623909,30.64989940497247,0.0,8.950300026401262,11.808692101403155,0.0,39.745049827519516,15.690313322974488,0.0,0.0,0.0,10.06425929350122,0.0,0.0,0.0,0.0,0.0,0.0,10.752041250223419,0.0,5.774755106488053,147.41110261964758,0.0,57.368951022346245,0.0,0.0,0.0,0.0,0.0,0.0,27.442694862554816,0.0,0.0,10.103363361906428,0.0,110.5039955193091,36.771135730257754,29.698439896634504,0.0,20.0676180773549,4.257206811982656,0.0,0.0,0.0,154.82673550533582,41.45449200725971,34.21142740025298,34.79938216360151,13.438384951041947,0.0,0.0,60.00430001555894,0.0,17.190565058870735,92.89991615312607,32.42775199336161,0.0,11.30764473211996,13.904359073419277,31.111970722644717,4.257206811982656,0.0,6.681076173102836,42.490898377974126,0.0,0.0,0.0,0.0,0.0,0.0,0.0,12.49344730025911,58.64147799153804,9.127034577206938,0.0,68.70331952836861,62.91441171079639,7.333777873705175,0.0,0.0,0.0,0.0,0.0,0.0,0.0,0.0,36.033004719478605,77.007027838195,0.0,89.33586142334568,0.0,161.8063571061893,21.43716110218236,37.32332873017667,27.05481026387898,15.343378117289577,0.0,0.0,7.333777873705175,0.0,29.27875380323942,18.84363916126105,46.49742967953484,0.0,0.0,0.0,49.33956834564138,0.0,58.803514951530595,0.0,7.535994429141087,0.0,2.818319295557542,0.0,0.0,0.0,4.482188967114045,0.0,11.804107722255548,3.335021589135519,109.3649849389632,100.64493750298679,24.135067339860505,0.0,0.0,0.0,0.0,88.52417892610724,0.0,0.0,5.287202164799563,4.515858840498968,0.0,7.131047236182789,0.0,0.0,7.3396458644557505,23.42293499520983,78.85529818061181,0.0,0.0,15.32398936254228,0.0,14.023658188260177,0.0,0.0,123.14758322024728,73.780711597877,78.22371497489644,15.740357868681315,14.585552329020473,30.80489497844741,3.335021589135519,14.926608043750482,14.148695218382244,110.45013086776865,0.0,0.0,33.57359944554282,15.201952708886243,0.0,0.0,121.02558393098445,0.0,27.75886197821689,0.0,0.0,42.13337546128916,20.8428392796486,22.11287008907847,0.0,36.07225551064103,0.0,0.0,49.67040169028752,54.59061088337209,0.0,0.0,0.0,46.008180237411,49.080695502372954,0.0,76.15382164149922,16.904847881563768,0.0,59.79143626237042,23.915333042697675,0.0,0.0,51.04487510693471,0.0,0.0,0.0,0.0,0.0,0.0,0.0,65.23814636901221,0.0,0.0,0.0,0.0,0.0,0.0,24.64221428282397,0.0,0.0,11.30764473211996,0.0,13.386537925535725
720575940899433261,97.89885112800916,0.0,21.059576061161593,44.15366586237188,47.99947259212054,0.0,0.0,56.70594389192795,0.0,94.51704336422607,185.4690629407526,0.0,0.0,43.52524209891019,85.43602374672822,0.0,158.5104475841304,98.87139543485726,125.30064981461508,131.08058177062705,37.73472948823326,7.030538829833371,0.0,91.58681647814537,0.0,38.50038724376511,63.46342383366345,0.0,0.0,62.33458077103166,7.188325361237982,77.50359829036071,48.30011299270446,0.0,115.65732580425036,8.467734112041558,49.958466290843454,12.619464649136122,20.563713112318382,7.541531071839017,0.0,18.833186269069916,0.0,174.82914856405475,25.611103219611135,53.69460952371868,0.0,26.254996613577575,17.618663852991645,138.93333797534032,78.03155878185544,143.43533637721308,189.7971635641699,0.0,28.681044344488733,0.0,0.0,7.176858350209961,103.97026826717689,45.539784678677265,7.782997681508132,0.0,71.93045336156099,15.531447663602872,166.43148731058827,44.08879998715085,12.685391448467989,60.75263524965027,112.52763380457712,13.257559629561518,204.25430488543844,13.927854066456705,252.4230077367768,3.293956302441152,0.0,53.25063278731878,165.86477403896907,54.68740535414513,27.49807566993052,41.808467467680124,66.78122950301575,88.43729720833399,15.197325711283712,0.0,60.62285198625236,56.598330169933014,141.84648265493217,9.198565602016386,88.09669468337191,126.1313192879987,134.2712809635298,11.320222292265417,26.66141557106951,126.31067530184481,62.06800931528144,0.0,76.0646680724001,9.105636714961213,122.04234065767157,185.84223158599906,3.90000656832868,69.33264488127634,21.74813171872907,24.61570135067295,20.97866551371409,58.939706767636004,18.949379849898744,57.92127221200479,0.0,4.445756244896427,5.975028948547609,117.03603609696914,0.0,113.082509382329,90.80014651865392,58.76358716745226,45.96090986245824,227.7009600803477,141.47450041355032,11.989833536607188,28.50463257706672,123.50054035959336,69.00457893930299,54.593097995623914,319.2660491487383,0.0,0.0,5.255013317622141,68.62794657816313,0.0,96.17102437815424,71.45640584539208,147.63492746980373,111.98511763886792,175.87531270354265,235.12719599455204,11.668483179230758,171.34459825729132,0.0,6.062635997056967,57.72800503437744,56.7698937136558,11.809521459781084,7.50482718065819,29.62120022739974,0.0,85.89072425148352,9.873071890177698,0.0,273.67513748173246,122.52246689645764,7.618757978549085,0.0,202.466346746238,0.0,0.0,122.19763101566468,0.0,0.0,125.47752307416731,47.2249898207933,0.0,58.36775787745953,185.58952768157152,110.39274836856279,3.914688365630143,32.013619832151385,137.6844012894388,115.54857221043237,0.0,0.0,104.65778780956748,90.15863473399939,71.68811288542128,0.0,103.44371106078549,0.0,48.51018626380634,160.65539526732803,27.678948721845465,124.69070321085228,90.03677606624058,71.79037118909841,90.1507981017488,48.87466968813565,6.759698323574084,0.0,242.76453337989534,228.7911370226183,0.0,8.041998186527712,132.85862566973273,38.57291848379279,46.935741265232124,0.0,30.493905819418686,0.0,133.77603722179822,178.012606197478,38.06791800021306,94.4113328162843,0.0,107.32194012798259,324.22854173005965,0.0,0.0,0.0,55.256506154898695,172.87173788810023,139.52711063366934,18.557864129445136,0.0,9.198565602016386,9.447695263494145,209.2837678709912,15.30403777166675,156.6305483676153,122.95501625276825,0.0,60.373220386516074,136.5571899531272,44.960078003765936,4.573942846532167
720575940899433517,48.56430144365677,44.6865306450762,108.91817587939548,22.699237132744805,190.5598439256296,18.25175322470882,0.0,68.24821107269472,0.0,0.0,0.0,13.688304863688154,19.413425509270287,19.25580855885868,82.91944847661169,5.645239448296092,125.51371945533344,109.52412384497616,115.62994349166536,4.263364010869561,78.43771663805373,18.117775853259026,13.1398266582526,157.20295596956936,7.594353716557217,57.106475189849846,60.81512393011104,0.0,5.363222562321895,24.78130335192119,17.892597808897026,68.57189277577224,56.97386143563225,148.34074360461327,64.87600134092773,0.0,83.4607417602615,44.2434791798117,13.294844690415525,0.0,0.0,149.57086872080646,21.19128679893359,46.24383576651821,84.55347892105355,0.0,27.096939265947718,31.70299168465652,53.03144088424732,127.27217273709776,10.71228792019842,113.2249890707616,195.96891517554823,97.06947336309968,87.36525746806467,0.0,0.0,142.503417200187,40.309426933597614,60.53037554914935,40.67996029564471,68.62986364266087,18.8245567438429,74.10074795408435,0.0,31.366004491019382,35.4476333599024,168.07512784473172,58.18038050610412,13.071560682204284,157.16629948244997,11.460608613142753,264.5556540093705,6.530505271529836,20.58074712090097,202.0024695531579,17.63278348643599,0.0,32.807187754465296,111.58381332380733,59.30129002487006,74.46070291950903,0.0,0.0,45.73722127288313,65.67318065481156,50.244933913634405,49.38047416245376,100.03064114332422,6.6801756404725605,7.051036139736392,0.0,0.0,112.65281128575472,22.57473426455883,71.13847651878012,36.43523925791296,3.823739053584585,30.703655069412505,9.400987030478477,0.0,66.02520013831403,120.92924596530416,6.168096157467076,112.5852043508295,79.24731565049639,39.086922942100415,0.0,12.285867457670713,44.914850463565564,11.753928548468911,48.67562525879989,93.06676905630435,0.0,58.755904587799826,15.390092737742469,114.11045975057128,137.96552662025258,137.72567147793342,0.0,0.0,85.7880460355236,114.09526714266839,90.53321555660624,24.118764206994026,0.0,0.0,44.41182792747134,126.363328793911,14.134905403309507,116.66424787945621,97.94895998085263,97.09854870339855,99.81148741616036,62.38351106294192,113.94739828876536,24.118918641590824,93.40872676763965,5.645239448296092,0.0,11.733206679293058,18.60843330537183,48.00802087561079,66.83695417879862,60.631472636210226,0.0,47.79006915083285,141.82169188493702,60.55559630295634,61.01815521369272,75.96205175466957,13.928486446903706,21.46207251240028,6.044454986963609,0.0,19.906399150489012,95.6341082390766,0.0,38.58125247340423,0.0,0.0,29.464552373944482,85.40879296201473,90.83262348756858,27.354569312460328,12.302198478719724,47.586523968424984,123.46384663076,6.895598022411966,42.916293442363404,14.134905403309507,88.65998032829272,32.47141356350119,78.441379337936,24.11216041533475,85.18268662231607,0.0,32.77255953350457,81.8712964809533,0.0,14.941595713413323,36.14229880810513,73.43542705583573,15.38086764411417,16.914096532733705,0.0,0.0,103.13059716409778,22.88724262272681,54.84042488520266,32.77930658680087,79.97451684225415,104.30101374271244,161.53044963941076,22.752329717555945,96.86986425607725,54.39546989219882,17.728157994458392,164.3135325224199,0.0,51.15355309914172,47.79786468066891,150.69467535699445,151.6519361440694,8.549784554904635,0.0,11.375146459966343,0.0,74.91646246997324,11.636241558891745,56.69454357642031,9.072093155213192,18.55725602946341,13.498029409499756,78.03943175752778,32.86374302498235,16.456952948575154,37.650614701601434,0.0,76.57470538450134,62.9520801506079,82.13231625263614,18.72557867249806
720575940899433773,31.74175001242961,0.0,51.91848209205792,76.45179906690194,0.0,0.0,0.0,0.0,0.0,0.0,0.0,0.0,0.0,13.134534035400097,0.0,0.0,18.55616309464958,78.63583967269716,0.0,62.81333635599009,33.36748107163809,0.0,0.0,0.0,93.8469290749545,0.0,0.0,0.0,0.0,8.106257861144352,0.0,0.0,0.0,234.59240896686444,334.9261288451921,0.0,0.0,0.0,73.06307384169817,0.0,0.0,12.342294462405082,0.0,0.0,0.0,10.386453129079976,0.0,5.884633815970772,17.47719360987073,25.091090814761753,102.63173459048451,0.0,0.0,0.0,0.0,13.16327778909356,0.0,0.0,87.27787012907694,0.0,38.32050731765304,0.0,44.11360246937869,0.0,0.0,0.0,0.0,112.88451988334424,0.0,0.0,104.02422253106768,0.0,7.5207935367239545,15.8782067255952,0.0,181.59910737565278,0.0,0.0,0.0,0.0,48.38950063974455,0.0,0.0,0.0,27.06543664170446,0.0,21.2515562484662,0.0,0.0,57.15914895952462,0.0,0.0,0.0,0.0,0.0,0.0,0.0,23.31804493310002,0.0,0.0,27.25646879785749,0.0,61.83517793426726,0.0,57.96271688144592,0.0,17.445359923724755,0.0,11.021279052464116,0.0,0.0,20.030395771727232,0.0,0.0,62.84333181823857,68.08199956742484,19.199203381599666,157.04056712071412,44.46817069360741,50.747400551252255,19.46317191635792,0.0,0.0,25.366693553869137,0.0,0.0,0.0,6.541967653629652,0.0,0.0,0.0,0.0,0.0,0.0,0.0,0.0,0.0,130.76572654167586,0.0,0.0,0.0,0.0,0.0,0.0,38.75034518880634,0.0,0.0,0.0,0.0,0.0,0.0,0.0,0.0,14.265407479488498,0.0,0.0,77.72481945973975,0.0,0.0,63.4211396865874,8.924959457081423,37.19730575068307,0.0,0.0,10.345860256033577,0.0,106.23515382862587,0.0,66.34332720720442,0.0,0.0,0.0,0.0,0.0,0.0,21.423684357345582,0.0,68.98466051185046,0.0,0.0,74.56658473526025,0.0,15.152816107044451,0.0,7.311670127844682,0.0,0.0,21.231358184905964,217.28308920594,0.0,0.0,0.0,9.352947945590477,66.72330171563286,0.0,0.0,10.031389016139554,32.05751192510266,0.0,0.0,21.84445012440184,0.0,155.56526328694363,0.0,0.0,0.0,8.246772466916878,5.344468607529592,49.178787962567206,32.45384719497013,22.709790345715387,0.0,0.0,0.0,0.0,0.0,0.0,32.45851825199205,0.0,0.0,0.0,0.0,11.998706844052244
720575940899434029,46.25213692589148,0.0,0.0,0.0,0.0,0.0,0.0,22.065286271022373,0.0,0.0,6.542178726639478,0.0,0.0,0.0,81.72306125599303,0.0,8.951803429218108,9.895366008222336,0.0,6.842125585947815,0.0,0.0,0.0,0.0,8.951803429218108,0.0,0.0,0.0,0.0,13.939518230655963,0.0,0.0,24.511590335930887,17.60905253332746,132.31057873176633,12.736773492725332,3.2009191190571267,24.048667130531342,19.512145636727283,63.412818861358204,0.0,0.0,0.0,25.259440367774815,0.0,14.192074224948925,0.0,0.0,0.0,23.595964359894946,0.0,32.85935906485829,7.873337658136132,0.0,0.0,51.45780277347051,0.0,42.7056601162512,114.43113950723249,0.0,0.0,0.0,17.917388817100218,0.0,16.820016364532844,66.63913679177789,0.0,32.210988192794325,8.730923114052827,0.0,13.270652744729599,0.0,0.0,5.4479029875757385,0.0,7.891457036948328,0.0,0.0,0.0,0.0,44.32679835147097,17.338903137655233,0.0,0.0,0.0,0.0,100.80961478744216,7.330005779415205,0.0,24.15002214394805,0.0,0.0,0.0,34.39045674412976,25.099432911639717,0.0,0.0,0.0,0.0,0.0,0.0,4.719270122374384,15.95964203040254,0.0,17.05968201042952,0.0,55.21498534743501,0.0,30.03640625924357,0.0,0.0,40.88094715550978,0.0,0.0,15.067635084311409,50.85859117715723,9.712623542457191,0.0,8.35183328004483,160.9883145841501,0.0,26.45361148085964,0.0,54.87665578720992,0.0,0.0,0.0,14.76977230017885,0.0,0.0,15.78249079715672,0.0,0.0,0.0,0.0,8.41839993379497,0.0,34.05408678971644,0.0,0.0,69.68608238296467,11.086814149566882,0.0,0.0,28.327814863630138,0.0,0.0,0.0,0.0,0.0,23.312931546702888,0.0,0.0,44.11746745387501,0.0,0.0,119.34876852367329,0.0,0.0,54.73071843698352,129.44418757388502,18.830727948030372,0.0,31.736822684685343,28.349729105500057,0.0,6.001546675684807,0.0,31.3210459719508,0.0,0.0,37.52326695965776,31.202440446545967,0.0,0.0,33.532134591324834,0.0,10.718791447394667,0.0,0.0,17.623117287521865,0.0,36.12162482642356,15.490513904291648,0.0,0.0,0.0,41.33906324753442,18.503164528788993,0.0,0.0,26.610608974210788,0.0,0.0,0.0,0.0,58.09131640752849,0.0,8.708613866135408,0.0,0.0,8.951803429218108,139.50925384089246,5.369827790812244,7.450765062981571,0.0,37.32475329241759,0.0,0.0,4.37845164833325,92.99502492187017,0.0,0.0,0.0,0.0,0.0,0.0,52.811621265292345,0.0,2.023927038477913,0.0,0.0,11.086814149566882
720575940900033476,79.8459339653928,8.191305154428681,0.0,8.915642349739192,59.44990066548636,0.0,0.0,117.17128336606571,16.117773308392817,135.96391902862055,135.83876192255912,68.9293424000192,10.176489707640723,0.0,131.7075418628926,35.94551341690375,82.85628852915981,41.727396203256355,107.59262121659836,140.00360059524527,22.37128561001112,4.5360166779768605,28.59936054366093,91.70376682767089,47.9126406818402,26.08148875748478,51.3318325658327,68.97413094745234,0.0,74.98016303622258,12.9108304614443,0.0,113.3122570871052,8.944866968280433,130.1948341822392,11.683347439562628,79.3245969464305,134.57138327159436,82.83668643535492,169.3754799320612,140.2106136708555,7.737786801304709,0.0,201.31292964897563,8.244291490425605,0.0,30.179596006005024,34.008463957272724,78.19946907482134,37.533601634027306,5.181271643421226,258.6100023135288,306.823992830865,16.306581700234535,0.0,98.42424867702904,23.54688905773217,0.0,163.64931833183994,62.25355522690253,15.081294493170969,8.191305154428681,178.71456263071084,96.08487974649593,48.458832010004485,94.25697544416056,0.0,143.5842479678449,0.0,143.1825448034107,101.25941461857492,31.607505133530562,146.6671429668841,0.0,22.108403322026177,41.871106026605474,142.15284788472414,29.22586607247809,23.93267660265402,0.0,169.08837913648648,221.99431223813107,22.545533874887784,79.99055220071943,26.52707752649082,40.82274048394196,110.27093028659377,18.908800229984617,57.72687212147951,130.36740502685535,165.29806418841568,19.93280735981083,44.40920136615179,68.63308896213819,312.5573335712588,0.0,37.74786773394983,44.60914221301235,7.773370874129803,391.8097886225253,20.210803824869,55.955221391902896,75.65403100153827,56.24406948363055,120.68863396729441,10.692195601457025,82.81083395060715,21.71304944299826,20.5488750097577,5.814178944590447,21.309324809077765,62.42708856648426,0.0,53.08019711530626,36.3347552370177,9.025130959862032,228.80918039739174,197.1105480250877,105.8421582785256,0.0,10.942430682390135,233.3262906971925,171.74047902036014,131.56544423860518,199.38099229963976,13.5251036081151,0.0,24.811378716489262,23.27905967849256,8.191305154428681,67.04895611511613,0.0,27.507763978068763,188.72694618281784,167.92231173601184,122.76914280087509,0.0,105.07927345649769,0.0,9.538947138071078,29.458317949335438,68.84240230619945,59.75388488891552,7.764535697678004,85.67704364101708,0.0,25.56703096183762,33.465917623985185,0.0,82.05587304680863,42.105173188392676,23.669445170200223,0.0,162.9282940089801,20.44318492379875,7.695456443613326,91.47741907481932,40.50037486171888,89.63572542769127,92.54734761871742,24.622599688327515,0.0,16.983448840599763,109.5992744195553,116.57665678779452,24.660043966540158,8.944866968280433,40.69891430205319,12.576759094183123,0.0,0.0,67.48824337601812,187.9522494560766,154.07712315097206,84.05260013743346,35.19458178528609,30.219767414340364,0.0,8.697224898725228,20.23120238524063,82.6018212787461,67.73257149344575,87.08574739592645,30.62659142945538,79.27127038344378,100.41664552394093,68.59190508034234,159.45313358879793,102.82280297653107,5.858138129092682,0.0,112.70147523219497,124.4822330657492,138.61200736812972,24.18167980264605,121.21812960093133,0.0,4.87841847076629,171.12332872130523,54.2713095177133,8.762391055870292,34.156821446806774,84.3101333267128,150.42852363964292,12.241494195943037,26.059620751392256,38.672818711046666,55.58083976613593,153.2553016838904,150.59213988829845,152.04438297530422,10.759111432564115,31.520932940668366,17.6043898047788,96.352370136817,191.08791563937558,70.82130305366235,97.89935967258128,51.34227947760739,62.569653915847155,59.02695112308282,68.90462984086555,118.55005793793005
720575940900956101,263.75996069676654,108.76474616327647,0.0,15.00273943278226,463.53508875215823,62.683396958969766,258.0929267681058,284.2138903400952,0.0,129.3619510433258,47.528789314265644,384.5917951270604,504.7985172822862,9.633834572947888,226.55125644596842,207.53660052517773,290.65296488733867,30.95081605892393,600.544478938151,26.74745993414842,111.04637607491644,59.536432678615924,35.431991720454405,368.79130254679876,0.0,432.4158911761256,555.9574501477007,197.86381986755998,145.27453931776608,7.733957220919425,35.48280599592689,415.7187893604989,195.22543082074793,39.543219135079624,160.4838449424401,0.0,190.47533589114076,215.96530894380948,41.46193218078656,302.4214314072507,177.35617854214195,38.58179780419806,71.21608972986176,72.21139676570918,422.31437947897007,8.26974147368475,120.26439945381996,8.26974147368475,127.10440969541827,41.09453224899354,18.312718186255555,339.21348144569686,584.6217801151258,24.501599299789422,311.6034011781079,32.4271709123538,0.0,18.472326613567354,228.2753548516505,266.5010002967132,308.74963281349176,439.2755871690648,39.44880428761693,763.7041377538018,5.614863834188366,119.82945185727996,9.916388816957788,68.87582821011083,242.02022632415347,79.17752260991656,99.05790414382079,365.06883088138926,523.1473612001267,47.62925833360307,15.18079318782079,91.66161739602646,117.6034276090486,85.92109865551066,382.76588175932204,596.7194101187168,138.21466638082603,553.5971750319751,121.00379429815526,0.0,60.251670895634334,111.76942345124763,300.6075316709905,28.5335483639985,517.8271268798378,313.17609733839373,36.56410642481919,0.0,103.51570851174453,404.9275310332505,358.8173828162713,0.0,417.52572164202064,53.81581535742778,171.8782809597457,114.14298240814584,51.485894257738394,13.676020661839472,146.899236018936,34.71607144389188,203.19096554815295,527.5892991710712,70.40272512870969,0.0,20.43718805577813,99.59998797938457,537.8789032130397,172.4208757704695,449.7256985091489,20.197513427139175,69.11156097674893,31.50597710085383,52.59036245577762,60.793051799038544,80.8393759896105,30.42490861442585,0.0,509.02107358120577,738.287689639663,249.6475679201711,182.6730785553074,0.0,0.0,12.068975430087779,320.5894051639288,282.8239600503746,338.74378351588666,137.48081181537128,464.9135330830057,209.84282476024785,347.6786048165238,271.9740359928519,238.62243780671676,242.75749237858943,258.709788028178,0.0,171.37802541163194,570.790186337566,369.94796064407444,476.5119156568591,63.02960929848495,224.5568817300385,759.7110182052547,336.2042524642035,41.93764744740464,284.83274199261666,237.20599949212948,142.98438711514,338.6318797524287,117.08512294999052,0.0,120.62774428823619,65.78649738832598,42.61723677534566,825.4680074291866,48.80312216583932,27.962732037197462,12.171180050486685,168.5717705845189,232.2211781009669,274.3987269908161,0.0,93.03805908001348,385.89671721272464,82.04327631496054,0.0,136.2938807344904,412.2266858884436,371.3626476693501,713.2848188540908,326.00100816421417,57.71354756756043,38.76552633498309,115.45442757906889,173.4736658216085,517.868850984192,0.0,532.4488013364146,218.95242008341808,624.0723270586633,70.20400068249148,0.0,8.481815261268578,295.6700282116207,103.88434921828372,22.931216105296464,225.7400738993476,122.28561695003424,378.1105210193241,696.1523471522648,70.1748417678471,134.38363746447388,0.0,0.0,408.098392959223,149.63745839950548,116.4843237070066,27.317771455176402,72.0925396665851,351.8651461024852,5.478582736789336,313.6334717337968,26.528728724783186,0.0,669.1137109146044,65.72780232881833,323.3959143513671,45.74886195053236,24.284737974161033,207.65342930622188,280.54337860984367,211.7064151372375,227.78482005594688,50.50222856364541,233.50307582499732,88.19710461534417,226.42799469530783,496.4818325854903,31.602584214614037
720575940900963269,13.38993243586268,32.92268843797321,8.462945464880148,0.0,8.397021476990759,0.0,0.0,108.12058960243084,0.0,31.714595752869105,0.0,37.3541792795363,0.0,0.0,96.69350045266565,14.649780529672539,31.02614916342572,48.07461239708627,8.397021476990759,50.853882103534886,11.406950654321331,7.234016321507066,17.648070061839004,0.0,20.920588386203494,0.0,103.90194379174557,4.802801074621145,0.0,0.0,15.374132509179212,0.0,64.44159785753695,75.33588151839793,114.75039520973249,2.3928489072596375,25.032389708955204,34.6558386985822,0.0,74.09607649464633,12.705213803110487,0.0,32.70465206669703,9.174896532958495,0.0,0.0,32.46193620381449,7.112433468524733,37.62162310799414,0.0,75.94133693743912,95.25596616093996,76.6141618250774,0.0,0.0,115.05364620279433,22.57925369088796,0.0,106.19495902067827,15.958673288109498,6.761805240201271,4.575760994191513,44.131079454018405,20.211391079621013,104.91895450441297,0.0,0.0,0.0,27.037945736917017,127.51562392224012,7.059498381989828,36.00956807303645,36.93762071017808,0.0,26.914866515262002,46.37381894709856,0.0,0.0,0.0,0.0,87.36290887643327,73.1611780726524,0.0,0.0,101.89852584051246,0.0,43.16782845484722,14.66904909862052,0.0,23.89823104642436,5.5616105499484725,0.0,0.0,50.10766196634784,0.0,0.0,14.649780529672539,0.0,0.0,0.0,0.0,0.0,21.781030725935608,33.185432617599034,0.0,0.0,44.74675398277534,0.0,0.0,4.610382305189018,27.982488501702182,43.55568695600046,0.0,0.0,29.237488222914077,0.0,0.0,58.82566776405588,24.815698256296304,0.0,90.08812009324224,95.82522892948596,0.0,73.32981521211536,0.0,0.0,0.0,0.0,0.0,0.0,40.62624651427648,0.0,41.41070978377558,4.610382305189018,55.92345799482425,85.92940524755103,8.397021476990759,59.515527527500616,8.397021476990759,15.740811988006065,0.0,48.36192966335406,8.838469706982252,37.99994181349793,14.033442493475855,0.0,12.416418756920324,0.0,0.0,7.526256833728693,36.87538596023687,6.772127488745709,0.0,71.48064515963891,9.469628233273891,11.583590975931468,40.79707271606662,0.0,66.92744430227536,66.3759003564739,0.0,0.0,0.0,82.99441047283386,85.32235700484557,30.69541602877977,62.05464076076204,54.43959467897064,0.0,0.0,0.0,97.58400044326656,62.262637889199915,0.0,58.80082294966698,0.0,0.0,0.0,0.0,6.49506806219823,43.7036230167247,85.2171423020653,135.04696691287546,59.163243106562454,235.68767581011306,0.0,51.685597079127476,4.864629141428631,38.090643951885376,26.256901945465902,20.211391079621013,121.78437655786288,75.2352697902219,57.260046371750406,18.86134241845545,19.042631439955844,0.0,22.39898349317833,34.18018552950081,16.46241819447723,24.960686856083598,65.36659302191464,0.0,0.0,0.0,0.0,0.0,0.0,112.12310036802884,0.0,165.49208535508293,36.717268172826486,52.176652488204525,19.656422316086267,0.0,28.873560802672777,8.397021476990759,33.33510433595419,58.48786891432805,0.0,26.072346909140652,0.0,29.49202535479887
720575940901384751,85.38612565648282,36.98716342453067,6.073787798231972,0.0,707.7699216994844,23.52755803781083,128.40994224095172,552.345735431792,0.0,0.0,554.6416837490219,69.79572016743626,47.10598991566734,9.508069318432264,400.104949500305,59.850030099498795,215.32133526310005,126.19695444222928,870.7466481841149,57.07121515616645,0.0,77.20791399112521,13.88457853704313,210.61360286296176,66.87189617962294,402.3704467756399,596.2606587211374,118.67906669855113,60.3907482821015,8.534254605983193,0.0,529.1175260175064,53.73301550102096,8.090046615482684,141.27509139741122,0.0,176.2059166961354,0.0,0.0,25.14986741121038,0.0,40.80643966788903,68.03759019510193,539.6953696842373,188.05706217225259,13.09825729280046,41.47729899194726,0.0,162.6285961616539,22.5340225413868,18.696945577932375,345.52212867688934,462.0495648723589,0.0,291.08027651636445,43.85892383686658,0.0,6.975646319158057,148.58429269611796,302.97285778565646,221.13104129268496,263.9494642387978,8.617726317366165,213.6087451842561,56.80587333688413,3.974337609642207,0.0,67.97772506773376,255.03872238646562,0.0,145.49122246890258,216.74483554233012,695.3247976127135,0.0,0.0,89.08565731803202,642.1467505319871,134.5889329003766,86.52713349666531,420.7939400163909,5.45890794052475,158.82137733118105,31.481637043924554,0.0,77.06206327307763,8.453607968973522,186.41540062880296,0.0,900.5724639849354,89.46321278840799,576.1192372312389,2.1326374127539913,135.62141900170977,320.6198984104455,81.36476522403674,0.0,543.544083827434,4.034595921526715,128.73604581572243,831.4657623708852,18.838466635450008,92.24569627641544,179.7545518041344,0.0,133.27857563196463,410.4341796391243,65.90649104001035,5.158637441937862,0.0,252.36967637891075,48.92242609279431,322.56945433213207,285.48260973457946,0.0,146.43246842226466,0.0,12.214790155748883,197.6241068702595,174.1597796152508,0.0,6.225125576158998,682.6942394362397,369.94747484990063,334.4790643861395,858.2334393615175,5.191068854722327,0.0,0.0,287.54860432911613,137.10549881387624,56.36201482074742,166.15042656283885,826.4114458136735,289.0672892776004,349.7266302972727,1054.4404884160017,199.01937300219822,310.0979588137872,86.01021352289268,0.0,0.0,228.52294627852015,151.6497774271037,242.28074663621547,78.2758082706765,127.4236785378852,445.7026349024123,157.27970242133824,192.1493375517545,887.9179491774709,743.9381094240839,217.2127739552324,215.14963608116676,45.34777443676464,6.283548789753944,44.18250039246297,192.87840558087524,35.51310858076338,277.019010958756,141.37649410574332,17.423207135137204,0.0,551.2500402137538,492.747070681402,287.646619549065,0.0,0.0,715.3616088077017,28.426248142208816,0.0,59.969187871213045,455.0175614250864,211.58529900846614,383.85188131915976,107.64060401848798,30.88742481716276,40.11447008728951,0.0,272.52883409237944,340.683787085856,61.72981591714457,470.9347075549277,105.391292151304,309.86269544322175,111.5847342448792,0.0,0.0,672.5059047389587,64.69173737424951,13.88457853704313,198.82337573344665,32.64856074155511,292.3715791339918,351.95825618793793,34.97164758556034,184.68665280301357,0.0,30.865304347308587,1119.8789475730393,156.63721002738492,42.59511210081617,5.06110900757988,55.776569552869304,766.22084939963,0.0,33.79806197504138,0.0,0.0,343.87574985014083,14.051937599361352,127.28910582045565,59.85349056904566,0.0,89.15307280607145,657.1309998239132,0.0,635.4940080575062,0.0,43.88409234144328,52.2537531712848,839.7717370165218,415.8676500314134,33.887999039221654
720575940902624978,180.59070170900327,0.0,0.0,0.0,664.6740303336616,0.0,156.0049147580175,246.6379231183155,0.0,0.0,47.59627762835769,200.8031868281945,400.2878712156381,0.0,123.84725744286476,202.49698740102625,162.78496551379183,83.32047991045798,1384.8305586230629,6.292770191010413,0.0,0.0,0.0,598.0406752523843,0.0,966.9634594862111,373.04899838528075,52.27544503205958,0.0,0.0,0.0,483.81645938273294,113.98128177146693,0.0,0.0,0.0,0.0,0.0,0.0,0.0,0.0,0.0,8.832116499653305,23.57942266066364,474.4936406375991,0.0,0.0,0.0,0.0,8.82583633452452,0.0,242.85052725166744,420.91641907194503,0.0,529.3431172696614,0.0,0.0,0.0,0.0,216.88520631555554,159.3608029419356,198.85145086449452,0.0,395.2784750059893,0.0,0.0,0.0,0.0,221.63065377606648,0.0,33.96387303129115,125.41241036324666,829.9113433567148,0.0,0.0,0.0,110.04910415640204,145.6693084983487,424.6177281341157,870.9164936386106,22.879810311924118,163.269193686291,0.0,0.0,107.87058602700716,0.0,52.018492310258125,0.0,382.8789156247958,4.126883865720284,113.335876554363,0.0,65.97644415325969,605.3482704144981,0.0,0.0,648.6374251231176,0.0,225.66472682585425,159.8797286557581,0.0,6.026803375243671,13.442712170796828,0.0,69.36961181642994,614.8624371955232,0.0,0.0,0.0,171.0730924292,346.84565850439117,12.945234650770221,544.9675847393563,0.0,6.114255734740982,0.0,0.0,0.0,11.633089432001823,0.0,0.0,251.60712055663944,1064.730553739584,222.09754516735998,492.4730166068265,0.0,0.0,0.0,748.6219945183655,85.25125219916254,177.27197628828452,269.88685689109957,867.5614019447199,6.020184881104483,151.03479721577196,445.923219530835,506.1312728886362,118.9781567185616,118.94621368727692,0.0,0.0,373.47274886925044,325.15791435952497,418.1664749338358,0.0,104.91980071302412,811.0350355310256,711.7356012113131,151.82541540772013,718.4494677012776,232.7618986254651,18.61843956418089,155.28832281086434,27.04756250426751,0.0,35.08166427793071,44.010327452117515,129.78626819638154,464.52840315985037,0.0,0.0,0.0,364.2931466814743,639.2275008510708,195.25203302563085,0.0,0.0,559.2508578652527,0.0,0.0,0.0,336.0218926771403,219.14559691658982,678.8538280670305,141.53929909420572,0.0,0.0,0.0,456.66697958965403,135.65447310134192,21.664945069750647,569.6937301930483,94.10146145374956,321.832816910033,0.0,0.0,27.509256055857602,332.7965605321944,0.0,0.0,268.4637282588101,27.62982149073756,60.85413745557765,280.97647389618055,13.075827769618114,0.0,0.0,0.0,395.6918810792794,38.96257273677073,0.0,0.0,5.184659923041916,1021.7342929431852,0.0,48.50195914478345,0.0,0.0,249.4790409055065,0.0,19.164517603911282,0.0,0.0,320.06252329660214,953.3344936168021,7.408052004768123,895.7751750119694,0.0,6.379637256346342,251.60762222299869,271.40829342942357,656.3278548792849,0.0
720575940902629074,42.71253998726424,142.8731176195538,9.496937567981716,0.0,45.99292707289232,102.72411634453334,95.25344608349336,8.493277016098912,0.0,97.57116123869736,0.0,239.41573510531066,158.00679338938744,0.0,60.704192428021436,50.13165639851634,32.74111931396869,46.6754373470114,33.956354395773,42.74554829515224,12.344247155064016,205.5357378996332,27.16904201541412,0.0,61.45982486485386,56.077191809733456,113.152685578687,114.92095547865766,175.30187245275175,0.0,60.089414404060435,54.48337879750266,161.07446130832162,7.5319180218345085,276.58930838931326,49.58270860748705,8.493277016098912,194.3713287064896,0.0,121.38798496594676,274.0081729786115,11.704838128200816,63.54196499694509,6.062299764717982,51.67397810841225,0.0,303.9507248524851,16.765165218812673,0.0,24.62962429998711,86.01962980597483,79.36334312866931,273.28133615503873,10.692778579966527,30.32719746315722,11.154892911765776,31.51780527505873,7.277814649564095,276.09709912942685,0.0,75.36059115533523,195.43111729507226,6.272628721592855,143.54911884113343,43.241627763707264,10.509079103954646,0.0,106.88888932647835,33.08573102453699,95.73035717016764,37.292591772572045,209.94248502866677,0.0,0.0,11.50658222969461,11.704838128200816,0.0,11.597353082381032,47.434516897498035,153.87709939316008,108.6554916907706,222.7502067806045,304.9184568464445,107.71838349528572,53.70700379533651,6.89461140115104,95.5730726739926,181.63010047837383,25.145889965802294,38.805223694953135,0.0,0.0,0.0,99.16439452269458,22.56316511142225,0.0,41.5881088023532,24.711926687239558,0.0,0.0,64.50666302722372,0.0,0.0,106.9469258846972,49.15374263277868,85.61499063678639,119.25311516387448,0.0,9.608243001789917,0.0,158.56137142681715,33.71878607508122,116.75969486690897,61.57549008569491,5.58350357108062,0.0,0.0,23.700922307295738,35.05422154842035,0.0,3.1943822687894854,150.15198828007442,159.06190143243614,224.01674636412218,0.0,0.0,0.0,15.005074661053012,20.147989000187124,150.02407774686912,115.45807260476941,0.0,0.0,0.0,36.48852795880844,23.681469108911813,38.69330486892554,96.52120884237557,91.51712605626089,46.17243960633174,0.0,112.99278530364815,147.88896239048987,70.12032708806724,14.43365701120078,28.324897924365203,196.07603705255585,21.12414046778655,0.0,0.0,8.777618771588756,0.0,69.51786556081525,100.36049896459056,0.0,271.25473599322305,63.91837008711201,51.6333285306511,169.54639619813335,124.92841300006368,15.844836400446223,0.0,51.236033925772745,102.66053152245564,67.8508077978854,37.82419266318325,27.271968007811807,0.0,10.692778579966527,0.0,116.64783745812116,64.61031355270654,107.81342827179546,25.0627591789612,180.82799220359342,0.0,25.00569208481724,5.734750494108481,0.0,68.55470876597352,8.667004180988439,93.84487998597076,102.25759769036908,116.88710199180395,180.8176175575665,138.70980698031585,129.49931704422727,86.30244831396118,146.92440857465053,55.55874387220501,34.35992448691955,167.70060499178956,64.33439316200784,227.2282812558249,320.75090195788056,0.0,0.0,12.734212558718601,12.64771188631131,251.0909919028444,153.20933593123203,22.673592004664926,23.681469108911813,0.0,0.0,80.98141775873816,0.0,0.0,432.30602790893954,12.718221241351644,196.02094584770757,110.33247898671627,21.966322370672867,87.06599284546479,0.0,133.88136403855728,12.080658185694602,95.57664568801862,193.73500368855258,0.0,50.123284599532056,0.0,47.83820854234637
720575940902634194,79.56229861941901,9.618220434327482,0.0,12.080023300150476,0.0,19.332307734281805,0.0,0.0,4.478158421519035,49.467741969332955,0.0,26.096540161299398,7.4248630400753814,0.0,0.0,5.1268614110491875,26.109933225412384,0.0,5.363440826468738,49.29828815095541,0.0,50.20035211165812,7.833898611577967,0.0,30.12490729073736,10.490302237517925,14.789360656592777,33.8343029792131,6.890928436741912,125.96432024136365,42.64021978661983,0.0,77.99519790236798,0.0,0.0,6.0272559949994555,0.0,162.78281224531,0.0,133.30235051315302,42.20328390162365,12.677990412838623,10.219585834436552,0.0,0.0,0.0,145.15818488741786,0.0,0.0,0.0,24.221606187445445,12.210413605150809,379.17899426047654,9.771428770631625,5.367714123502413,11.210815499859644,106.28054201372235,0.0,23.455334751999786,0.0,0.0,0.0,107.43141771493488,30.07527319335974,0.0,238.7721971758229,0.0,20.643584979220414,0.0,145.43205849683287,0.0,5.367714123502413,0.0,0.0,0.0,32.18212667942515,0.0,27.469367906516705,30.802452386817052,0.0,36.834644665682774,82.47803793514795,155.78774966314612,8.419798714144578,15.854752240432404,9.456973208942612,7.42474202684589,73.58882173558987,0.0,64.25262324461234,0.0,0.0,0.0,41.644735543118124,165.30872051659105,0.0,0.0,124.02708773860284,6.608933074153871,0.0,32.857584899647755,0.0,0.0,57.01985325662959,11.965394155085056,0.0,126.04377583692376,0.0,0.0,0.0,29.207154151098226,0.0,25.429630143577732,140.88429365628812,0.0,0.0,145.93823488378308,0.0,0.0,0.0,7.0475416281507295,0.0,25.732942130508388,6.702849616758336,0.0,9.915164907939849,0.0,0.0,0.0,0.0,86.27820038871607,0.0,0.0,0.0,0.0,0.0,0.0,12.600014640018118,0.0,100.8874783848508,0.0,0.0,0.0,0.0,36.38697697958487,0.0,23.6915978937275,0.0,0.0,0.0,0.0,0.0,0.0,19.254824879354448,0.0,3.749814153248784,0.0,0.0,25.772000975422024,31.165543525037684,14.60337220015007,0.0,0.0,0.0,6.6113129860624955,67.64278723637413,4.807278682467768,0.0,0.0,0.0,64.2267046013418,8.807557438724928,79.84055914208368,62.711255276400074,35.78338584612794,0.0,0.0,0.0,0.0,0.0,4.424485669950054,7.0932130702472715,67.25914347202475,9.388583940321423,0.0,63.440223964479515,19.001734746441088,9.98956812940198,87.03866769426924,18.778128564648803,0.0,72.97470132722765,0.0,31.06839052255048,38.72809595625105,0.0,0.0,0.0,0.0,2.9527862293509495,6.3374069916543245,102.10646707282517,0.0,0.0,0.0,60.60321821828006,42.886481827432746,103.5995658194351,132.36289714502138,102.04346787198696,110.0564124546258,10.5773910531846,12.449378767097908,16.793574772437196,0.0,72.42061062561628,9.091031916191755,101.64990950691192,42.64000450850529,0.0,0.0,14.771209817085268,138.41608488709662
720575940902703006,195.1866555317657,20.342783342721116,9.515269979475484,7.427788487406748,302.4690748895505,6.512326289016746,42.566357887231035,265.0400147585712,0.0,47.231703958355205,192.2214854002007,188.79605085260528,40.54385067559465,0.0,438.6139587435611,0.0,320.72034048296746,117.19659754920642,374.8974994883505,34.10474115138286,18.04225782921169,150.76429051947213,0.0,262.3906845588298,0.0,81.23158177433253,321.82184806777684,28.936396964548962,0.0,0.0,22.35412871493692,374.09064151855364,116.94123038816598,17.20863170683961,76.02124004248613,0.0,93.4549465171376,33.672193842112556,0.0,26.58376474749629,15.86081770868142,7.1433126373151845,6.76577181480428,302.70734381399404,185.0925160567128,0.0,6.136039434941268,0.0,64.00986416468444,66.58396855718749,11.05606612034783,369.21766493287925,351.4802574315328,0.0,224.75020057103708,23.35822754311212,0.0,25.01010210070993,129.14008571518497,276.5235697586871,54.100095163806046,103.80677476876477,15.862877745238672,244.53275082248226,7.7040551361555245,79.54083308264894,0.0,31.598123310993003,313.073006728871,47.622733946683596,250.27605433590534,134.32204092439932,744.9271020477175,0.0,0.0,18.67032791925892,310.4633048167299,60.00912860434591,8.343789513040551,259.3839421148417,57.920380319359985,334.6754920090405,54.057971691768685,7.647274275558779,272.7299211681288,70.27635121172918,198.6561982500568,9.510728176855112,351.15777633331936,215.57927390063463,303.83995519083,0.0,39.454339507496364,321.39740429281153,108.4122541428024,0.0,223.86370370124564,14.191661759923528,77.62981825147051,368.97513244902996,30.079739197086223,89.19593863354807,142.697846583242,32.77298581474003,120.77211697275939,402.7482307755116,49.53410537495306,0.0,0.0,88.70455034733985,73.26684040802897,125.27374062786325,103.59730679551251,143.25926159382595,50.58861928205133,8.095269372975041,37.939189004752414,135.79447693778278,33.454874374482976,90.85845597734287,0.0,457.8332405630612,63.082076780701584,282.65766217410453,408.9614320653562,0.0,0.0,0.0,138.65157776246727,131.0923792892124,82.87012654451088,336.00935652042494,248.59111043414438,193.9133722697623,325.12790879454053,332.56840789132525,39.31937216842633,210.01482462617057,14.093737663114748,0.0,57.580822867247974,168.22827982332075,56.6365306994756,206.33982045347656,50.65332058425415,97.17555793450144,386.6200669779445,100.3561550990798,135.60776976768594,437.5401024217225,287.5736350704049,48.30395886099482,103.3375718057529,238.9155410005198,0.0,66.31421166178593,101.75836600565505,22.814779506868778,304.7146833231634,119.05841398224968,8.641445911781688,0.0,196.90965083131405,283.5859742802364,239.38735060120646,0.0,110.23170556565168,297.03696528142103,47.64492492521686,0.0,0.0,270.8436390224424,405.65485535763753,264.01640295872306,148.17410905824246,9.283675600563324,37.80184211907584,11.398479954361711,322.294737197487,229.2022029024925,0.0,327.28496643817783,87.4698877884661,454.7919115128311,166.56409324577527,0.0,16.75275283397727,406.6531047885958,59.863199752732264,14.460926260024173,41.167819817277454,110.41563800969502,235.5548980211208,446.46886600765566,26.303893044346196,129.09130182191856,0.0,0.0,360.6647418013966,229.43105143043599,101.52891443708182,17.246979375913135,109.25033191784088,508.3450151383967,0.0,77.23335011243454,0.0,0.0,281.595421994118,0.0,187.18504777480481,0.0,0.0,71.89787346259385,403.66604679685076,151.91476896062107,234.1980817090385,0.0,138.05780588845698,259.722199359749,313.94784822224165,96.30856656445276,9.018732269442177
720575940903188925,139.64627097497075,0.0,0.0,28.863835129614,330.34853686917063,18.668650752993884,96.82047721323052,379.7601848542568,0.0,0.0,36.160996200416456,177.70725495294838,164.21050310254935,0.0,152.39240049387362,121.77854507724874,160.14038106484793,66.14492237029185,230.3568275725257,82.08827096261663,0.0,0.0,17.04996091983239,348.9188462732393,0.0,267.4402849386514,189.02126426576598,160.77972265992278,39.67805748175893,0.0,0.0,215.11474099281503,150.51570411848627,0.0,78.23149703804157,0.0,71.14238114097337,38.216697356181946,34.364276186651466,173.7531121329016,11.881731481723676,7.548067976305363,114.94606796495084,82.20546926444413,211.97144854089768,0.0,14.90158149798955,0.0,71.24244032030052,20.75435006183489,26.504517938393967,289.38689009758923,261.37617008888253,30.55348006094969,75.303622220666,14.116974538929586,0.0,0.0,34.55950327937451,164.27680406459984,122.74007295991807,107.57996994971143,14.345469960401712,250.0253172293737,81.68826473313847,69.34631450188397,0.0,42.132489207138214,310.6116760117168,0.0,133.54526733111908,53.23735218527432,586.946886793284,0.0,0.0,71.22704571204648,83.69262720785116,93.35411392506032,200.04100232527196,115.65546692195032,12.577762409306311,233.28842548802885,58.55602389089242,10.243209863780859,85.02989233718701,78.71112595606179,114.3692597166536,48.21165055581907,223.6746201614264,85.45671921857237,136.67989515887277,0.0,82.13608741301995,213.41340003065278,158.81591989087968,0.0,325.27252959684057,83.28652969072407,261.1659988052456,113.83127375330689,15.808204315161799,73.35169117776218,29.92975262532524,44.18029224227832,60.75173052757006,199.0851318248533,96.83166049337149,26.285889558689444,23.36331112652106,135.95379951083777,168.70288440225826,92.70072905019978,154.61504372628016,196.56842560462303,76.9886802241838,50.56848900964113,0.0,106.20659660912379,46.55022650452951,33.674394343578264,34.369677677861326,287.5979526426172,272.25823086702565,160.0604469948187,114.55642343744668,0.0,0.0,0.0,70.74232925479242,92.09317552372673,155.14994070220027,351.07085458380334,247.56671378888427,121.383673733323,108.0435166410066,285.2186906323107,111.5470148806786,252.4139238495265,81.09980499946076,0.0,58.0297207004183,249.3361536960911,188.4664341557205,58.25058522824322,108.77605516371304,41.16748003911739,239.8601341612734,104.66471760083802,129.8090521958084,186.5500270073097,165.78765126400876,89.2434853297364,138.4100694056738,50.98202036598404,66.3283525305434,68.5070963086534,52.74442516972449,110.43122557305978,519.0173089400612,81.68362744670745,47.192974039487495,0.0,80.80624222403301,99.62966855478214,149.5432452508477,18.834376902529222,43.57969352432471,284.94562929897415,50.10627685305785,0.0,50.76798858631619,175.18985812493233,326.33640605146593,348.39893365462774,194.1575533825437,6.878458151887232,0.0,6.680194991786451,347.43289306568875,175.94948404563704,11.257630179923176,160.40021913965057,135.82070587196665,224.27197044788448,81.47301079274196,46.67911322835339,7.765804591259381,144.39794661236007,90.27160225389625,0.0,145.08740532018598,146.10170391736273,150.84565299637515,299.8019708035683,7.577790716496603,170.72304943105456,0.0,0.0,409.4817857546159,92.42550337764156,59.34308213001801,26.053767735131316,31.819569385264142,174.84294266899477,0.0,172.33197317959727,0.0,0.0,429.4607731132898,2.871991316348371,172.4574327836416,0.0,21.162934199718386,232.6858184981672,103.36504199873735,103.5978872814253,245.6221402804425,18.798096031192706,208.17512720794304,0.0,228.1596250868521,263.5255461307724,31.273144271001406
720575940903370509,269.64904092864833,0.0,7.878387596439994,10.178265958346625,223.32055812128564,0.0,0.0,77.91266859125024,0.0,0.0,216.83449881220167,24.0564484329531,42.270646303133574,0.0,250.45528553185153,9.613703882455265,141.99633933036432,233.64689108289798,244.7382617978921,25.367300197854203,15.29442170990173,0.0,0.0,188.5483019605863,56.988840174930424,82.97103340587059,30.854465684425133,13.340771702280856,0.0,0.0,0.0,146.67242333735095,109.327050246638,166.99908016909745,166.06341401336024,0.0,457.24265032470913,10.178265958346625,0.0,25.37693267846018,11.62865081813013,0.0,0.0,220.47833478844296,12.42695108075448,0.0,0.0,2.5313558981160793,302.1983520886134,325.27418759952775,91.91112644208025,388.27547928037535,198.776533564928,0.0,24.841763904163003,2.9515555220933924,0.0,39.6757348832704,28.46448588993255,35.797232792913356,29.55912849395511,0.0,23.624324867091005,104.11771797934134,36.04769679427787,14.63683479007994,19.00530096105418,0.0,36.87243046044648,4.59044183603278,254.9130812891648,0.0,289.94913756284546,0.0,0.0,94.21465687233346,201.51588904862274,62.138854602013204,73.3997000293174,0.0,5.699428137054703,121.780752338147,0.0,0.0,24.56083680667385,104.25727815599609,419.0771006646693,0.0,182.8032183210108,38.30327443306288,242.9203872151836,29.607924570521543,56.291832907990376,81.63985303163743,55.67812427445842,0.0,114.74136635216404,10.715676730672243,0.0,487.8946706310368,0.0,231.75651791236797,351.2592392103266,0.0,202.19083268901352,61.331069471230464,64.67478540449765,0.0,0.0,0.0,98.74312755475968,240.93968354751678,0.0,116.42047920578332,166.68070563964727,27.711424972021582,0.0,329.106023246731,94.21595104852648,7.043099818907699,0.0,369.7736637676136,87.44017359808,254.9865983116917,395.9973074519096,0.0,0.0,0.0,93.78678712031639,0.0,178.13335084137978,24.47287165310094,154.26295056552934,824.0288582344682,471.6271042832292,256.1323790168057,0.0,206.8263775539107,0.0,0.0,41.32574995519489,21.30638581311436,13.346043165203609,18.07928165393642,33.10635086146499,0.0,39.76833770387474,99.32797887977387,33.15070854608191,264.5748347640374,77.27505148802686,156.66326054476346,0.0,33.48946945391122,14.937973600031198,0.0,231.58093607687104,38.697697098166145,103.0228503553903,35.51573736355031,65.16339026383174,0.0,83.79591159153091,211.44140668121273,255.86202502687158,0.0,90.4528277008564,174.6253917140743,2.711235075852619,2.9515555220933924,0.0,301.4883560482525,210.1767742717616,138.28415742179348,23.445362241172116,26.565988438330585,0.0,0.0,55.65090532674792,0.0,127.84279775466632,40.45615238955435,106.73444410143473,228.76152602383465,10.91126908915468,6.678361153621821,0.0,249.30008107414852,123.90410585954676,0.0,28.852961287743447,41.60014827679837,109.4885723208869,295.295136093758,0.0,436.7679306111856,17.189830585788624,0.0,347.36626086172464,0.0,92.56297814479161,0.0,288.16179123219064,387.21318487112507,0.0,25.515372142819682,0.0,0.0,6.1529848325022956,0.0,19.496017367834142,0.0,0.0,65.44369141358143,278.66557977430233,113.52706348347053,254.90892263236228,60.31113392444406,31.072664684438585,55.55570842015858,274.44904548810075,141.38408777165733,54.62550191721376
720575940903414541,49.76020183072018,15.807438240593678,29.942670777675264,25.470267216408512,142.5841744542168,25.34782447679447,0.0,149.84050144403764,0.0,0.0,90.24348905928844,13.099233647230616,0.0,45.862713667518676,105.98733236664303,22.75226744355308,187.1282844786655,96.02369694187344,196.48945980018573,69.4484050290311,0.0,35.24861912048316,7.4374453088450245,74.98919661189892,34.46097591205454,117.64485394568065,99.17818727724448,0.0,16.04615874041032,7.953603045742331,19.736462643568572,69.45524008490858,119.32413959974424,0.0,99.24768285126083,20.9090581460687,107.49513269533679,0.0,0.0,3.552099828336614,0.0,13.79652768884591,19.36905816581544,172.380062717185,71.86882143591374,0.0,76.40590361225986,0.0,38.2103978844344,52.98922102242332,18.080855728963304,128.06686712379727,191.45388665026294,0.0,57.52106960042323,30.223003997125165,28.618615299553618,41.25098449703345,114.4746575421178,76.43723158645972,36.53518372099857,38.235162501891615,26.07137142916597,0.0,66.828409312157,44.385740253759046,0.0,0.0,82.31124958665913,0.0,96.80856081263813,39.839851317651174,114.48868580785624,0.0,0.0,29.840483991946794,95.06648552135871,30.728712770981677,0.0,138.33137349896685,8.537291701920381,69.61710885105204,36.162098404899766,0.0,0.0,12.533461783788495,143.7886391154794,0.0,179.69156957239355,135.91769972674558,182.4918812439483,11.114271818881072,84.4261288476236,128.71401931081553,21.601068805477617,0.0,148.66411356698538,0.0,25.63435064590236,281.5088412197223,12.767218450156381,0.0,94.6998623735051,5.528213210404752,94.56406726640765,88.94360683546054,111.51352405035506,0.0,0.0,45.86263459030266,12.47793921251557,218.74016931675823,89.01181336669032,0.0,25.371160731607407,12.44732148468014,32.22562363670736,103.4236742140024,113.49428925830992,38.96668317929227,20.882069719587655,184.061759466602,77.30575574444772,54.21053384744757,88.50645210902738,0.0,0.0,0.0,114.36907354625679,39.94179731930424,122.9071109454706,0.0,224.5697369118533,78.3700633950749,119.89287971840245,234.7502374109214,77.50321931783219,88.97492243210029,86.57947664867467,27.68454369546928,33.19331604864337,50.24139696267448,13.878968192952469,156.1665892397416,19.811636713923544,25.67458868270668,109.07763345657841,89.64262347935248,0.0,81.36103144879533,149.33739723030524,36.56804718760517,117.64665578559018,78.35116181585927,9.875464048643412,36.34393233013999,53.828854510821046,0.0,0.0,87.60088034466878,50.47926112912283,6.005328894112459,130.689825555662,164.62477191617563,167.4337948537895,0.0,19.362044970409475,166.71178828966617,18.590123870229217,0.0,10.369998681730053,243.73893903353206,86.75455201183614,57.4417414646208,0.0,45.95106687439724,0.46089044251318556,0.0,47.282846060415174,128.2442277349717,51.79284575038699,94.37604647597684,30.813182676772197,82.41287553216547,20.715724908509525,0.0,0.0,172.28450126419463,9.994598346925326,0.0,88.16135312492605,67.8382924646812,103.22665987398804,39.86837756882749,0.0,7.175606530527158,0.0,0.0,278.5958288411222,49.11870046496739,0.0,20.410866917243474,38.48621432858721,122.87533812434644,0.0,16.141145301197092,23.436487875325657,0.0,59.5877662731832,74.54699656888214,9.45142185194121,0.0,10.826568769232448,13.61923110926065,66.90280124591577,0.0,136.8402134241215,9.539149121353844,0.0,9.525134903142916,206.18714395181118,18.39043928680941,0.0
720575940903415565,174.59790368940818,0.0,0.0,67.36987657110193,118.91899283252225,0.0,28.55472565362213,108.02370753057532,0.0,4.604270631543294,42.96949496216511,53.9231484105723,28.815596770945287,38.68629935776356,73.70276675088382,57.887250800216364,201.86873532875504,142.10466931587646,211.11653188545546,14.509000962776119,5.086715048214313,33.452285338072215,0.0,214.81635697526255,63.989253012493535,62.28821743187521,61.43864439764362,76.17222721770825,0.0,54.40319953463583,0.0,198.49324180279865,123.52749693241633,0.0,12.079869799662005,17.63273308287205,0.0,0.0,3.8259119844772895,145.2772216577477,0.0,20.007857275902985,5.439406623543436,97.41344100306517,53.18634533554204,0.0,0.0,0.0,0.0,19.03286385653308,25.006452856506527,282.1537401983417,255.4117737901967,0.0,75.57818942425602,107.95690641356131,0.0,50.87458213005712,40.65961467739327,71.32975919993805,30.54046741590979,64.63442194041838,10.707838628370126,143.12903775647257,0.0,7.761305485552797,0.0,15.560926963801236,87.64262308812357,0.0,226.1743490081086,71.03022146093237,403.19578952402287,0.0,0.0,2.686165146058931,58.98501725350165,93.64141976929696,55.713202491719564,76.90501010401194,73.69837559215425,69.37776479358067,0.0,13.47612988672365,18.79670046070814,49.75180231279074,125.09441772846833,0.0,167.65507311314303,88.96052161522108,112.34431537146756,0.0,116.7350867561271,215.17375232024304,219.26880152755368,0.0,127.19494172656428,34.0430418286581,40.100063370155304,66.69396086749013,0.0,49.57855391155087,0.0,0.0,109.9482170270003,124.01570370257869,114.76087960111352,0.0,0.0,43.218168759728,31.70567397648735,162.27955603250643,31.984965201513724,28.765252087934336,19.76512548633859,5.442842988194523,12.35236881172961,266.10063836181524,146.94104070600108,9.855426851391526,0.0,109.53547400814843,170.1974991114916,67.10251835106402,267.878598606428,0.0,0.0,24.579850398722666,96.88126379132444,7.695619313964806,110.88123700352492,124.09374999640816,255.24835087639303,51.13249853718975,23.62120253198669,151.14798443567622,44.29418308995289,238.3836375626609,34.97305799729403,4.604270631543294,68.43962968486609,40.928744263554314,64.01169236178417,63.76069514283032,39.119914503732275,0.0,123.71780713808342,106.74363614923574,68.19216302299432,251.8384056145696,132.954651386116,0.0,0.0,29.5605455174762,0.0,0.0,25.56037043220865,26.86358734887961,23.07711565591752,6.894351289304232,25.77739804556577,0.0,137.06573007346975,209.3483966193976,113.50974298303892,0.0,0.0,278.2319111385825,37.558861790595216,31.108825003409148,5.873304589676041,110.7956136688546,149.30678926599776,142.1097090595239,17.528078063695457,89.66364972054669,15.126446610210738,0.0,194.629788762543,19.64634686779587,37.15776771960978,99.01662688021602,64.26919217565775,126.67275585911985,0.0,0.0,0.0,299.809766519137,40.72635167024112,0.0,70.78674127978243,75.17278941792976,10.21042874708412,200.4149938938951,15.541285265724525,8.030881938345928,0.0,0.0,285.1353893928353,23.229085770879617,49.55764628948793,11.097668891842671,33.97476540499836,439.4568562447924,19.515174159668984,0.0,16.473670449566082,9.395708885563156,65.01202788073576,23.067093929049374,0.0,0.0,0.0,38.66279069119907,320.47380862261474,25.35441344180507,243.93699139722546,0.0,25.604801090787454,251.710295717836,229.98433421771068,138.36010526680803,35.618849572273376
720575940903679779,48.819260594312254,0.0,0.0,0.0,44.902099907654915,4.72149761818887,137.46241479070045,0.0,0.0,0.0,0.0,235.02785107819724,32.675767789542974,0.0,7.894791915477101,188.6498152469522,75.27726921672796,0.0,122.82886401603315,70.10952011674343,0.0,12.239076773814057,40.17075136879987,0.0,0.0,139.30725898708235,126.40829796002264,241.72845819321583,4.72149761818887,0.0,0.0,44.16991404851442,83.39634447833569,0.0,18.213620962082363,13.262394169423123,0.0,29.041995950662365,0.0,9.19951871824396,147.21131435329622,39.25994572297165,0.0,0.0,6.006165620203911,0.0,35.47458786096534,8.985038745172806,0.0,0.0,0.0,12.56851133910062,11.80637515602694,0.0,6.006165620203911,25.721901249378938,0.0,0.0,45.12336839378755,0.0,64.03343676716717,220.35398411695184,22.636272196565493,126.66082895304116,0.0,0.0,0.0,0.0,18.535541628002882,12.603229033199925,0.0,27.945237291543137,37.64769046625266,0.0,0.0,0.0,0.0,33.19266531208171,189.1693813054871,47.38235258438514,0.0,112.27394425851558,0.0,0.0,40.2393886113675,0.0,25.863979389654492,0.0,158.33702985068115,63.50059113814184,0.0,0.0,18.180274693842918,81.19632150996294,0.0,0.0,182.65793859398207,0.0,0.0,22.940628687283564,0.0,0.0,0.0,24.648757084286878,3.1134117222257527,201.6155857132623,29.462872153423998,0.0,0.0,3.921791032729443,152.95134794447688,16.555782029181437,6.006165620203911,0.0,12.617597388444675,0.0,0.0,0.0,0.0,0.0,0.0,37.53870170533277,105.82715434082982,58.76578387983173,0.0,0.0,0.0,0.0,0.0,81.8742786929482,96.68743971397704,0.0,136.2075475898057,0.0,44.246123746346086,84.7471239327256,143.3413582143208,19.717795100688072,117.489767901792,0.0,0.0,179.24491720772772,283.74880834311176,121.2068800227092,70.45030684565977,18.22370243868777,53.801745610390064,6.407867179018828,0.0,0.0,5.150272976668828,0.0,115.64664800292516,0.0,13.758326279604976,41.07288377453465,0.0,196.93829383141406,127.77218965206679,19.97518402676208,0.0,0.0,12.510930615585218,4.428661026583663,21.1463930569616,13.533962282189385,0.0,43.760105973330575,0.0,0.0,0.0,38.07279681256218,93.57651029446653,81.82016988257091,250.16575086241676,0.0,0.0,0.0,0.0,135.78717064156336,0.0,221.52000563434575,62.316082709424506,31.95451289352802,39.38619707038974,0.0,104.57997746571964,0.772149111247303,0.0,41.31081574805446,170.6068941084208,35.185436279658695,6.373901027314802,162.55172567831613,0.772149111247303,0.0,0.0,3.264111794538106,90.3776020235182,9.28025662678668,25.203433905341157,78.64580530130034,0.0,11.876491841857193,0.0,113.95163444604518,0.0,57.59780649000823,226.16163283848417,0.0,51.948601041290445,5.058685418314283,0.0,274.34712716954056,6.407867179018828,14.698292849525503,128.51775197650431,13.651233451392683,183.02558847223577,0.0,75.84866889441402,44.67899520745262,0.0
720575940903751971,13.10973314293003,116.35539764446774,15.90685227159998,0.0,0.0,29.211609499646663,0.0,45.459500615117854,0.0,0.0,79.413750156909,7.132541295402831,0.0,0.0,70.99240177620361,25.46413350978228,36.55122551093115,56.41866822248962,34.355057482633654,42.090400282491686,58.17751649604058,115.62716633718468,117.86246669181612,6.830651938398201,0.0,11.823051790800603,22.944387860832368,20.025476544812374,0.0,0.0,38.944940711393066,14.52569084420401,24.081443880608454,65.74545511097004,101.77783343083526,14.784816937904605,56.79809969990503,28.849002372369,12.933164071708356,0.0,0.0,41.070722404416166,130.80248470627726,97.80760278068635,0.0,0.0,21.44432152628834,32.62376229244957,12.168162876543429,21.69953292107224,34.549680819322745,67.97211005755362,179.95317589767322,0.0,0.0,53.04981772581645,0.0,0.0,78.87212757127826,7.941046908031472,6.9116997049690445,14.385637025310674,11.851095286975948,14.4555550544467,96.93868053805508,0.0,0.0,14.066122638313269,84.09358947281534,0.0,38.52257408678043,86.65944748017709,32.842238514841036,0.0,11.105618307702837,75.90893811905003,80.97953215029264,19.3982750211225,13.565566504933967,0.0,0.0,27.256196727011627,145.27493682992673,24.236421218473108,46.37981797335208,7.421253156886704,109.311881378276,0.0,12.181076008010196,41.86068822528285,35.51517281257212,8.431502485130084,39.40659239007152,7.983581149731917,0.0,31.090245730592756,36.89894872887727,0.0,6.692456415911647,56.34406717006533,0.0,28.527945256084028,0.0,0.0,0.0,0.0,43.063575060786285,8.431502485130084,0.0,0.0,0.0,82.87107180095136,0.0,24.923266159996512,60.99296726447708,0.0,0.0,16.411988307284584,20.174217822585756,0.0,33.489830002307045,176.93231265269551,19.35706226592393,82.9526763132011,64.56064226304164,3.44588334103173,0.0,0.0,17.83712878078227,0.0,31.25793142045729,0.0,22.393177022976943,76.81322101840648,57.90719594271609,48.549201688486825,4.872584176918484,136.9354836871874,0.0,0.0,0.0,42.65930336441561,0.0,0.0,0.0,0.0,4.928152045706089,12.503912859285169,0.0,49.87039138027593,24.629420048391644,51.23067426000758,0.0,34.85888414846406,12.899946442884666,0.0,139.92860571640955,0.0,31.773087120848142,177.526560196409,7.03459509949457,0.0,0.0,78.38064721824723,80.63629619305195,13.369702552817168,43.888726264824335,11.332155262378608,10.619760382662344,9.178398433216389,0.0,97.80004117748993,46.24774158884919,16.576001239497206,34.98561348180539,0.0,122.91945335284532,29.893590253744918,0.0,21.061858496731354,28.18422329429714,13.294569454991969,13.348089774110633,79.64176576575014,130.04522572554723,45.25116073042105,0.0,27.962330353919754,54.12887277609087,74.20478264834394,28.915367579145364,26.368912537740734,21.334714949502693,29.623865328939615,75.92283048405129,34.92645796139106,0.0,26.87709495022291,119.78760177597135,147.62107433219825,78.84305544550986,73.17867449229638,16.51376799521971,78.79509971825966,0.0,17.77905624313644,0.0,0.0,73.00691229941891,0.0,155.71681879038894,0.0,0.0,2.95399795721311,34.347208476928124,0.0,36.91546733833481,103.55105743184275,15.43347172511191,5.265652035310279,42.34836262299268,0.0,7.495059771656943
720575940904086480,230.03713745722976,0.0,0.0,0.0,553.7342957709765,7.788756929256824,541.2401154601786,138.1860542053882,0.0,0.0,0.0,654.6142495054263,248.50882395439928,0.0,160.62640994975163,823.2798206866544,111.61166438817838,0.0,914.3309183194712,98.19836198458006,0.0,0.0,46.53019087771463,57.735413284516376,0.0,1117.8117881082915,387.1189602747915,998.9878836078602,15.845163570366923,0.0,0.0,332.3002109460294,110.00025122325044,0.0,78.59775437273542,16.43617396003441,25.251382854727748,39.559681343316825,0.0,31.988950609626766,211.82747293082096,13.798013932318598,0.0,0.0,113.5765948926617,16.33951189988937,0.20888334064735756,16.071083235130857,12.424339065024524,0.0,0.0,294.0211185885776,93.00243923836412,0.0,46.97283061679137,81.28283397758143,0.0,0.0,89.40121631504438,99.6418882269715,200.20345241533067,662.3802592559573,20.967338033468373,874.6953992951151,35.93602627519756,13.372648628299036,0.0,0.0,73.32649709604529,0.0,46.428408487368316,15.756359056644092,266.4304126305749,0.0,0.0,2.9303549273082945,18.677648934015757,206.61596398560872,682.6389681636449,469.89063617175054,0.0,364.45233635370226,0.0,0.0,21.682214430529626,0.0,30.530291699871647,0.0,1103.3358612954592,91.39149231837627,40.81087285146408,0.0,187.23617695132012,475.92457881174084,6.59863909038835,4.579117799530392,1268.4627400946347,33.51209626082084,20.40035884172134,0.0,0.0,0.0,10.318571919526468,0.0,0.0,745.7303744125074,160.06492641695027,4.978701016008685,0.0,163.792369622512,635.1721726999959,99.88451129853765,67.607636793571,0.0,0.0,0.0,0.0,14.09690341187434,23.700637100796584,0.0,0.0,327.86727493382386,796.619989534459,305.4530124179502,121.22009383022889,7.9465776687559195,0.0,0.0,207.9415883950665,258.19706765979146,78.75206374152152,30.808754663746857,853.9500993234301,10.253692472861,268.6611329725148,350.71056433232525,1014.7622830300344,80.92069848916513,984.0357847182197,0.0,0.0,1059.9524638086884,1071.9559730239655,723.8205703603875,31.285381073725564,84.03215966833415,348.00791259961466,177.48117624689377,12.83603992395565,158.49940693444043,109.59532115630617,20.86913962792489,756.5235009756658,76.05315848473015,10.50046509933852,0.0,14.913137720853117,643.9452854798116,831.7858607002184,67.05564551934329,0.0,0.0,352.15800373411923,143.2079994276415,139.23323869225644,0.0,50.27004410018625,400.3350202174916,0.0,11.649568114102884,0.0,741.9852856869297,555.7216337632458,313.1289088001901,833.8688093239555,0.0,0.0,0.0,100.83901589899376,686.5544863911931,9.421232952861404,541.0131258913893,64.64055647987607,444.20693542431223,135.11788300434057,0.0,44.07041601816163,50.68565313826369,23.182931664749802,47.1952850856315,1105.7537508043533,68.96720816285368,73.59352716495809,602.2401521382349,0.0,8.935354309813581,0.0,28.813826437009567,583.087529073069,0.0,0.0,35.24628535700569,4.7296625087859265,144.0302442059541,0.0,682.7904913965648,0.0,0.0,318.38941827818456,0.0,203.56709061950212,1.365846257819671,0.0,982.5797168836605,168.32092352038856,45.21461417915116,769.6431271590702,0.0,889.9681451184771,0.0,342.71872940732266,250.3535169247146,5.173915217882162
720575940905041878,16.273051908884288,69.37877279736719,0.0,0.0,0.0,0.0,0.0,0.0,0.0,44.6722516392656,0.0,0.0,0.0,0.0,0.0,0.0,0.0,0.0,0.0,17.7852429478846,0.0,130.74143012978368,37.87181210123446,0.0,0.0,0.0,0.0,0.0,0.0,23.17703226733645,85.42480612758139,0.0,0.0,0.0,59.756504111472445,0.0,0.0,149.0590740410373,18.5188214881616,8.142316150163087,0.0,0.0,100.82118090698803,0.0,0.0,0.0,16.067950334060352,0.0,0.0,0.0,0.0,0.0,66.04962304815344,3.2787156403079543,0.0,9.369566281971391,87.2418028220273,0.0,45.63305599413844,0.0,0.0,0.0,11.63251229398419,0.0,0.0,64.27431215837852,0.0,171.33598511505585,29.914039151803987,163.1788692058286,0.0,48.29379530235046,0.0,0.0,9.223118447467154,0.0,0.0,0.0,0.0,0.0,67.30869526224923,16.273051908884288,27.58748338252933,46.258727163459206,5.917014331570333,14.055012909791028,0.0,44.692962126126034,0.0,26.147971769808795,0.0,0.0,0.0,0.0,8.888462982469544,0.0,0.0,17.84285614613818,0.0,0.0,0.0,0.0,0.0,28.046533368166244,19.612604267179535,0.0,20.661253748270465,0.0,0.0,0.0,10.46499758297532,0.0,0.0,0.0,0.0,0.0,0.0,0.0,0.0,0.0,6.869881913495683,0.0,0.0,0.0,0.0,0.0,0.0,23.58771580826915,0.0,0.0,25.771573306439894,0.0,0.0,0.0,0.0,0.0,0.0,6.8855055425051495,0.0,58.082613731981226,0.0,0.0,0.0,0.0,0.0,0.0,0.0,0.0,0.0,0.0,0.0,0.0,0.0,0.0,0.0,0.0,0.0,0.0,0.0,0.0,0.0,0.0,0.0,0.0,16.016728274030033,42.54546221297322,16.760009092728684,0.0,0.0,0.0,0.0,0.0,14.786113929519328,0.0,0.0,0.0,114.44373347528516,87.13383877385962,0.0,0.0,0.0,0.0,82.7290144568785,18.725908293008658,0.0,85.04541056225958,0.0,0.0,25.706241000868776,71.13718504987237,0.0,16.15433908662963,30.84776657876809,0.0,87.01077029135578,0.0,0.0,0.0,0.0,0.0,0.0,63.48645496523693,0.0,0.0,0.0,0.0,3.117958306328037,7.465514088209427,107.48803641878172,0.0,0.0,0.0,39.61563782950054,0.0,0.0,51.909641865849025,0.0,0.0,0.0,0.0,0.0,0.0,6.871296353824253
720575940905042134,16.383619015932837,0.0,14.15134013715008,0.0,0.0,0.0,0.0,0.0,0.0,0.0,0.0,0.0,0.0,38.01047068108417,7.561931356224641,0.0,17.59530029003988,124.00200381984064,0.0,29.293244935686957,216.17398433573348,7.91057434233187,0.0,0.0,0.0,0.0,4.828619973456984,0.0,0.0,0.0,0.0,10.245971237171373,15.743738426293765,89.68340581382418,300.6642013625193,36.82225343435661,6.132228593442329,26.40539254261812,73.91213319488966,0.0,0.0,21.677586480510726,0.0,0.0,0.0,0.0,0.0,17.248053584430533,8.084505899968626,33.388600241295165,104.2458643001366,0.0,88.86158323701198,110.4055736885154,0.0,18.19238431012618,0.0,49.794544878865935,85.75988191833127,0.0,0.0,0.0,95.62105780684429,0.0,145.14361353942337,2.3005321666953495,7.694871911808659,253.1491486300417,0.0,0.0,29.68568388433252,0.0,0.0,0.0,0.0,111.39007041788368,6.684938135863882,0.0,0.0,0.0,0.0,0.0,34.042062450061174,0.0,0.0,51.46259612724978,48.39110318460681,0.0,0.0,93.68867793331304,0.0,45.43493506814464,0.0,0.0,0.0,0.0,0.0,0.0,0.0,0.0,25.157906471357123,0.0,44.31980146895844,8.668623586951078,28.695822712694728,0.0,40.29150201901411,61.5543284223191,64.81484387668623,0.0,0.0,19.871858222987786,0.0,44.3545690707422,32.139917519974446,108.80253876288191,0.0,79.08325861706861,10.033368933815236,107.11840828252707,5.699842252120216,11.133845832386303,0.0,45.51967406693672,0.0,9.782194187937979,0.0,7.460760854282331,0.0,0.0,0.0,0.0,0.0,0.0,0.0,0.0,0.0,83.4466596142111,0.0,0.0,55.66052808159972,36.03573754763944,0.0,0.0,16.06867606104259,0.0,0.0,0.0,0.0,0.0,11.088257049358447,0.0,0.0,63.12829489492829,0.0,0.0,188.59969538160297,0.0,0.0,140.4729080831284,78.58796282223369,4.954318563205768,0.0,7.561931356224641,8.24841662767312,0.0,97.84448493166236,0.0,70.91821227099936,0.0,0.0,7.561931356224641,0.0,0.0,0.0,158.79517283618299,0.0,236.2794071753201,0.0,0.0,170.45133700146116,7.175791161476671,35.80357271160087,0.0,63.70942470431485,83.38107752720678,0.0,77.23656260219855,167.32252884356978,0.0,0.0,58.7423095503166,41.30433227345305,85.5135465253185,0.0,0.0,0.0,51.92208628324672,0.0,0.0,76.83256239070504,0.0,131.14579495076904,0.0,50.358994444639535,0.0,0.0,0.0,123.18343977771971,0.0,10.571550763284161,0.0,0.0,0.0,0.0,0.0,0.0,41.12783231950365,0.0,0.0,0.0,0.0,32.918305351268764
720575940905042902,101.20717512000503,32.287339119836034,0.0,0.0,186.9703362621704,146.43312079277175,0.0,140.6551693666802,0.0,0.0,6.7344468830913025,113.74922037655247,118.3772366761491,0.0,76.4995760543929,50.62398825558246,172.40737142344358,45.40308293447313,118.64928917534316,39.829957298774964,0.0,96.03762877456133,10.62615520036486,216.13706394115607,0.0,97.50370170045434,145.55295454120093,41.7607010817667,130.25761750091831,0.0,60.2822087367079,89.34216420830647,183.94690851198752,0.0,92.38106162673824,0.0,0.0,106.11738411769862,0.0,25.76955283903029,85.47018998112246,0.0,97.0279295309062,36.04700330562437,45.98012127022893,0.0,242.7115126066067,12.022854233146175,24.1988390010902,4.655048821473683,10.077885595830525,299.51698544094495,218.3332026525064,0.0,52.585506756448204,30.9901142293005,0.0,0.0,71.13427921049906,104.29282429484711,81.08372314229196,65.63933266924613,11.055526992865008,240.51355004215378,2.837539955665823,18.994989072304023,0.0,47.21199941253143,62.06108796160096,18.677052511928824,4.78803688043382,60.24093801213919,74.1983759632471,0.0,0.0,2.4248795846392044,45.356538727093856,53.287346605858694,40.10668265961855,43.751371079542324,23.984835616042606,133.72838014071527,122.2765007524484,0.0,50.539302658814485,125.69100907069688,84.50414130668035,10.069426088616877,116.56078765747183,29.03302749248971,23.932787601635628,0.0,29.4939071733978,174.30690886638376,5.9172030045885275,0.0,130.51565169546274,0.0,49.14211279778926,10.597481360699378,50.88318547521384,22.131953755016067,29.26386188574817,15.561226055925268,0.0,116.2668011881244,16.597351748630928,0.0,8.528042554841223,54.1715263376408,74.6580870438707,37.67067697557637,77.10963228431734,153.6925200388177,11.749335915692942,0.0,0.0,47.04787288150544,34.48159228010739,0.0,0.0,85.62604016194491,43.213278504053704,114.58582393390864,25.69641301090875,0.0,0.0,0.0,38.18327432473631,73.83683226235165,139.83577420969434,32.21171423695016,131.2306019086037,50.05672146162071,74.0596064235235,153.43509918725204,61.87861761798622,41.287636667297356,34.26291704618024,11.40443887423537,0.0,126.77881397127686,50.66676717016698,67.26754338615842,13.766232438763142,29.4145361077544,85.19025918684588,97.82436818281413,38.59028648626828,79.08387930310819,40.45193767013613,18.204402486920124,44.11154667431157,14.764401259793228,0.0,51.399000791243466,43.352214146794815,54.2233960329154,245.90909630889283,8.147315791626529,10.694040779447059,0.0,95.02175848833107,65.26147671333698,34.83282497899106,10.069426088616877,16.03936455110194,179.35306327599892,0.0,0.0,107.66233738333311,215.43327591693048,132.33624185086933,95.95777617526612,82.49234689369484,3.8557802632583646,8.176398945295727,7.540130198009076,63.50112907618073,47.78871030286983,34.84836845047431,220.00007563753007,117.89570664072403,169.77136041313344,80.95993253934584,0.0,72.59583339645587,129.86000398693727,60.81011073812988,16.03905709573103,91.15783413881243,141.0413166708026,6.7344468830913025,217.692998874738,119.2957647712079,8.729302966908454,0.0,7.421358221806382,134.72862278654165,94.94790596533883,0.0,8.458539791586036,32.98181903490012,76.72611603456505,0.0,151.2407300487784,0.0,0.0,296.87236708234724,0.0,106.60784914775259,84.38431742346957,0.0,44.503301073703156,48.72716594114373,165.76565659019934,80.76147351858332,7.948506627956434,69.21004067740209,14.660327743679328,82.13049742771184,65.84132549126143,17.351125130050345
720575940905043670,110.9771378345761,43.91718231463337,9.90621626759915,6.826625078898585,200.7066571333213,18.01541873228133,274.45889638210576,52.59816362027955,0.0,52.95290106676792,5.707251693374959,352.4713856991514,307.6220302491932,0.0,74.65173614818805,180.5291494500182,133.05933762816068,5.012251533149699,324.8097320501931,9.10443421932801,0.0,22.842514176873912,4.257691967059287,331.95026318200456,27.89225426102164,461.5073553564081,72.58666009804965,130.2948587537718,84.04467410435065,0.0,26.922507418604145,77.44389463712298,100.96476996920387,0.0,95.4800058354504,22.48626535631633,11.377533695022768,156.78766228376224,0.0,38.024919801071945,299.5870437520949,0.0,118.8753727425214,15.989679795121639,354.2893553108835,0.0,212.62396130410656,0.0,0.0,21.61893208121592,0.0,99.33431949108918,359.3173077187576,0.0,179.40106327420054,14.302570582017449,0.0,0.0,117.6888693822966,106.0007595189688,208.79276436141132,292.7494859450159,7.848815293990274,315.61676310923167,41.02174076265314,106.09290768100897,0.0,0.0,159.348414012786,119.37526762878753,77.82157823981353,261.4874144316035,117.96232918212645,0.0,0.0,34.253690662176616,9.529558808412396,61.75362031320803,354.9654107513901,308.1904549641062,50.35568454725109,422.4569787812223,32.38635940961547,33.34890418516561,205.18919647355096,15.048868338757524,68.60445845490204,75.93926393554541,223.3875118591128,143.6383463799021,53.05144086353106,0.0,73.60081302073735,236.19170087296288,75.51796605070493,0.0,159.28057417938697,0.0,100.0430892973779,64.94318429347241,0.0,0.0,4.546218914737861,8.600605265182539,80.79480499216137,281.5185292029078,0.0,0.0,0.0,0.0,373.11767312872394,39.72873820600997,228.72294256142067,42.29947261364518,9.529558808412396,0.0,7.938121874582507,65.21554214046293,47.485867152910274,0.0,0.0,98.29031318682135,568.9470349770106,69.24226846851874,66.34575925747895,0.0,0.0,0.0,158.7248767362749,216.38749883179196,300.64245776765495,68.3099567637058,121.95431243506064,0.0,111.39789708509718,123.41749358560016,183.38746240973404,219.62789009251802,150.5284645730758,4.484098539155715,0.0,232.7197947742702,200.02686476940954,158.30989979354163,20.29422518476503,202.81174638036998,579.9796044425484,249.8069092655101,16.787653828027214,19.56533393555912,27.558721762071727,9.902824654921439,120.49098689936991,88.09442031475666,0.0,51.182909418717564,12.220250827249128,119.07010121892972,509.45090836712484,4.762411202582227,0.0,0.0,24.002209260613878,181.2479553857259,122.96241166492378,0.0,0.0,77.06300262952199,8.025069470978059,0.0,126.17661327423296,51.06666788910447,153.26739942979745,331.0752528907319,273.0619153121752,12.494097423939243,41.87077806403917,5.543811520944614,53.97075692665146,206.45788327000935,0.0,446.2392174220197,64.98849013083408,116.79669567011256,0.0,0.0,205.95743568382778,166.4894622307938,24.89224043384848,5.3181370939231165,105.5817949336514,26.854434688796893,42.631953351841005,266.2245738076657,68.8396752882624,0.0,0.0,0.0,105.90050006687596,182.86105099110267,18.47848308940921,21.865351668523765,17.42816268295626,117.3675599221032,0.0,199.97345206476078,0.0,0.0,616.5773357921556,28.60785613839925,80.67219975658637,29.536952201580974,52.60889408174393,211.2694007576087,161.361489166158,129.1500937667,358.5738321371975,13.91148677630521,72.067433150272,48.516633980753504,141.80225777602894,330.9616740099329,6.076958214272553
720575940905043926,41.99270881902677,60.27177115261622,0.0,27.08763497724329,72.2269175436626,50.42587314439198,167.47882138863187,18.75266253012411,0.0,24.996776445278865,8.960616988143242,65.95081995791007,85.56536379962357,0.0,43.80783217028698,140.51955939628388,50.036815998975975,32.50058909820972,157.06563903394127,131.56024769686135,69.82331425551361,55.09551241298872,5.476981881751653,71.51584884750062,40.838239073131426,193.7771408568795,20.473323701266953,59.019627216518394,80.32151371365309,34.53036370449768,13.073690116232815,138.80764141521902,87.66003161719864,0.0,44.52942010698393,0.0,0.0,110.50842184990994,22.788734335429908,236.4876261559739,42.08601787452291,17.77917295678107,43.0916337430234,93.43774793976729,119.65655540372356,18.56886868767724,82.88325725094357,3.599432929570129,7.889358968107576,0.0,71.20047526308159,68.04059345385996,246.0546806303229,12.058360554994906,127.40879986725912,34.3653842830574,19.613158413288286,0.0,13.887467780999994,41.569825691424356,177.60118959095746,225.4237522259409,105.26729413580607,124.40909208516774,37.50763042419164,172.7725367655027,0.0,75.23450240203985,24.685718665482284,55.21324935950695,44.55532757821831,173.35907975622467,147.05179495555433,0.0,1.8614241859393577,43.39226174780341,3.1795411707313486,56.057005455498654,77.13890807248417,212.8498331809829,140.02958212920447,97.3509841511516,74.5041531062866,18.39968890255296,170.90992397645604,84.3109620285169,38.41788474497364,56.17679331821835,122.97817856414142,56.923854333318424,32.244094269642844,11.63038643542047,58.0813369921886,175.4014909867859,56.50879527432947,0.0,79.80179663827245,11.601940689129012,132.594785420917,18.335749575368602,37.818889120989084,47.95448131409759,0.0,19.820993482245363,53.49387012541675,164.434107601028,36.37567585944802,0.0,0.0,15.317305891581164,122.94830140251005,60.8045396610153,142.35790255770263,102.79833317110509,0.0,9.723448256582333,113.54058710924856,105.77772934250936,35.15941088267741,0.0,0.0,30.46535374666426,230.26538083323376,100.27240800287095,34.632631574285654,0.0,0.0,6.562131236043144,70.46908582635272,80.0442497079431,96.86282313156032,15.317305891581164,107.5056866213846,12.251432515652676,31.13020602764978,89.58635267432733,100.45851080266617,67.88280573248733,88.06983958441008,5.323095220136891,0.0,111.74334135197584,112.09339225704977,196.1405017001421,31.22451816603678,63.67284069513097,227.22455251258324,56.62108446943528,8.114625215082118,63.712545847862124,0.0,0.0,143.81674348065042,63.99116968216399,9.218846963284522,90.28710585873247,54.15063793849999,42.64304690465507,152.3452859982457,46.38118309455422,68.71149642196323,0.0,18.9912472513975,75.8367126327982,116.67397225971068,0.0,21.496659592479112,9.002390395623136,0.0,0.0,37.55527385902837,69.84354919049376,84.06615820892472,132.89214045903017,48.94072450033533,0.0,69.74859327172412,20.84001122820302,14.365438337526264,107.18695973588308,98.93375372918238,319.1555024187395,131.94031873842735,116.73107329267549,18.892652249956953,15.649393124805488,81.31518412887331,93.53159849229377,74.3625025388051,0.0,105.98889572038108,92.26260438234976,0.0,159.91204372334278,41.27875214028005,0.0,0.0,0.0,164.3296140583711,132.9524673156526,16.11166273575275,16.517498969410365,8.2734522624679,140.83928466985293,0.0,68.45794161954818,0.0,0.0,283.2342864378437,0.0,83.27348224744259,24.94788327637668,15.900301301856562,96.05901434324356,122.90381169760113,136.33014081817933,170.81237849354218,45.89886537479241,55.52891336195215,68.4675263565658,49.56367748272348,98.33384387509301,34.44788463469625
720575940905061686,4.3966665383045,31.441020982253562,0.0,0.0,478.3342024962093,145.76778446230804,454.79282377878684,40.15508283318681,0.0,0.0,0.0,99.84196797221756,132.64257675511843,0.0,60.999182652966994,170.7756012614381,132.52755854680842,41.65778998742967,259.794392210244,0.0,4.0285569345094805,112.0527009025336,11.568969643747115,30.281361927742932,6.366825313311663,596.6103719429237,214.68441780582452,78.58924167490451,230.453955135489,0.0,0.0,202.17082713054666,18.17566356778881,30.30019349793669,62.56720268347593,28.94930597693149,19.858871578847644,0.0,0.0,0.0,0.0,34.92351503822562,68.78828558390448,43.57487577182113,577.6253686398919,0.0,203.0343885994124,0.0,0.0,0.0,73.04673238669706,78.28435871004632,361.3316736288232,58.548168094658735,574.5758286912559,29.49681338364663,0.0,0.0,75.62051379185797,34.372642023360385,282.00580519325655,649.4463843215957,0.0,186.1573242382904,0.0,0.0,0.0,82.52067269739072,39.45960828751039,0.0,12.437685044229523,218.41675503099307,143.59141868504707,0.0,0.0,95.58868595853876,18.076131632504293,0.0,199.21840194673027,976.3057866710795,0.0,73.55874212610226,18.801126348576158,0.0,221.1080865172038,6.116207322118112,16.672233436627664,0.0,381.06803023064697,0.0,8.592626398139908,0.0,9.428349667561168,133.029859726011,0.0,0.0,346.4917252944396,0.0,91.51961092235237,0.0,72.90395681244847,0.0,4.971165725421366,0.0,56.33422535521867,522.5808897324895,0.0,0.0,0.0,42.438738047863865,5.57471970630648,7.075158642458923,623.1985978111829,11.648664336197212,5.820649287655982,0.0,0.0,0.0,23.109226964116708,0.0,11.619768087508834,51.42536780606496,372.2993594969106,52.3064052965087,0.0,0.0,0.0,91.15249417311928,74.640205513412,638.8916644897946,0.0,28.47672484371358,294.42501484162204,0.0,125.13566372224936,75.55889484432802,229.2119064278976,49.95146088753908,382.3758778819656,23.139242490500884,0.0,363.14036613631407,200.40234821598978,536.1037839868588,0.0,597.4076526252803,800.7803490423859,157.59130002776294,0.0,12.544703654354464,44.13847196469576,7.512270320353087,551.6564475304652,19.15116427003048,0.0,190.42025073957183,3.533958691847013,0.0,140.64275191124528,45.57895557235636,0.0,0.0,193.88969475667125,72.0964989259971,80.07123661564209,0.0,66.64137278801469,151.19457141140984,7.999371731467146,44.5139186092504,147.75578342004243,209.6313814015236,138.85421756069582,29.20405150608843,112.54253662424588,0.0,11.705320811268832,39.552961764480564,40.122465282998824,739.3545658805162,0.0,395.59577555676213,23.593083571371977,44.92515737550092,14.965882117821481,6.412711969463409,65.2770982164187,42.982387074766756,6.03950031905319,5.152816268832006,214.0230882989821,16.684640249473734,85.29875562689388,36.49497665773286,134.98907158390574,0.0,11.34732899789199,24.011906168430478,182.48639007025898,325.9855423694535,0.0,14.86986807160496,0.0,16.005770790722973,0.0,4.766400836310819,0.0,0.0,1033.028212434143,0.0,34.078876781365274,50.14270619658876,0.0,71.9351734289268,13.484626884068893,0.0,78.90845023825491,0.0,115.86844216079896,0.0,88.02140546731778,46.37905632837507,23.730170723459466
720575940893177002,36.980668638520626,103.500107941696,0.0,6.68996297152634,50.749178502128004,189.1665980602885,28.54657675011449,7.536301724016378,0.0,29.384348574215142,0.0,137.68589417647084,217.0428306717476,37.57211116902188,49.72488180082702,63.65070529690237,78.68890734096837,86.62133497968237,87.68220707321196,13.572574976958084,9.173553551243662,44.82557241540878,140.6579617884637,215.10196121405087,0.0,52.27474769620096,24.19907390901534,0.0,34.89338080651153,0.0,32.51247822134748,125.18784484521436,56.99846823443577,0.0,11.844511660549564,0.0,4.469737570611085,105.96749037213525,12.918678954025049,14.907467462995001,105.93673370487106,18.327542375900464,82.35674541088008,16.01743719719767,72.32550810939962,0.0,378.4694469527566,15.171102135549512,0.0,0.0,14.485058975044652,153.54812486827512,366.39098677319305,0.0,82.0403843125175,0.0,42.17918317426146,53.753100051852016,0.0,0.0,21.487656734109255,49.12785750628784,0.0,193.07220117222556,0.0,63.39416157252435,0.0,32.448430671298205,66.31298688906853,16.774876323396917,123.20740668720724,106.9927875845966,101.7767369175105,0.0,0.0,17.584425144904586,33.789056323025406,11.41017259785195,140.8285925637369,89.89848843243135,9.861790167888879,167.942784913353,223.0956300447927,127.25587013368224,113.46154400275653,206.41695004664123,67.1859660265686,0.0,17.61717484656453,30.76773501221219,7.7575674225908635,3.574167315613526,33.44185487051628,87.45916331578692,20.249632308455258,0.0,86.07367666213464,0.0,131.6474644625223,0.0,0.0,66.53449978314544,14.608118988757553,35.67912096777573,14.214121739936171,95.5204417376066,56.4939189574415,0.0,0.0,0.0,125.0108485635004,14.27411485007347,270.57166633335686,213.6858141261799,31.80704249696549,0.0,66.01886293051963,72.90563685531765,75.27874532406699,66.79324930192301,7.481616212435641,125.18048113030768,234.0356863982887,63.24896681723469,118.42390643948808,0.0,0.0,0.0,139.46320692390614,19.950082286520512,311.31432285851764,81.85130244650024,56.014916773864286,40.00500603865154,69.83167619183692,47.59617257473722,67.3857360510875,49.49605058390592,23.78925992530527,38.85777335772557,64.6760992666518,88.16879705808037,122.09494762268592,17.96564957325128,0.0,0.0,170.05318218892288,136.79248483157164,0.0,64.0957210862648,16.075109609720585,0.0,0.0,24.96726985636347,3.722007612486108,89.11312444951504,25.6527904608844,7.266344251687138,190.31604442591262,24.49027489993153,75.03027600787439,0.0,14.9165639808845,124.62734995569751,90.45581542549562,0.0,0.0,13.581177774644852,73.19367435341681,0.0,155.507724569084,49.260449879183064,200.39990745529693,232.17272285680775,110.36727251459236,45.341531437413444,0.0,46.73314183492328,54.974913329974875,14.27411485007347,34.17955991632744,115.00837292735537,125.02405925160016,136.05056919021038,50.360511167330884,67.20079584959936,27.94176610217449,105.10738110738663,14.10126752672847,102.94356016765282,39.604235050048864,59.94267233394476,4.605505322231614,105.93337056686715,204.5829963512021,6.712103267567112,0.0,0.0,47.809635879700096,325.347740229062,103.01468986701697,67.98058422205432,20.69614918315463,161.8829076546167,0.0,58.00979611379876,0.0,0.0,641.074130536249,20.062499718356406,114.4000284231406,55.94660204768813,0.0,51.63831884306938,122.9260680014081,119.59069293018122,82.15286213257642,43.16687660487606,34.26121896126651,115.77643961348532,32.96586878073921,224.82123828782724,0.0
720575940907584340,197.47154554109292,0.0,0.0,0.0,629.0090358676805,63.91049360944372,315.5950653464016,23.00881048278163,0.0,0.0,0.0,215.31414363278387,664.8375021527486,0.0,70.1611007734727,291.81124282213653,270.1246978164688,9.988889334413955,973.1668911267097,0.0,0.0,47.24138086789493,8.42101569321559,725.2792927321095,0.0,1101.3616416316515,174.6101966903124,88.47796990071024,131.2198044151857,0.0,0.0,521.0599684729219,97.05714176368835,0.0,0.0,0.0,0.0,0.0,0.0,15.001077770262436,48.487396410135325,0.0,78.65792260616739,20.772072435679185,909.7301288382956,0.0,164.9840276772774,0.0,0.0,17.624437994532823,0.0,263.06068963087097,756.3313928425058,0.0,826.1374351085848,25.03031843545354,0.0,0.0,6.24271257960566,85.50320566394154,299.72270067037806,591.5884131928254,0.0,667.7861508931154,0.0,0.0,0.0,0.0,68.31332453937107,0.0,71.25504078630166,260.98681710968833,402.3611791304257,0.0,0.0,0.0,12.81397347930359,107.56805368859156,633.7996862963441,1518.7320727698927,93.46552336562695,451.1113860189144,55.67431574197784,0.0,160.80877004086372,0.0,46.13167466412184,0.0,244.73262247365864,0.0,17.954463288173137,0.0,114.43155572328179,566.5631915638486,0.0,0.0,483.1609966370802,0.0,393.4303194890106,45.95637707729041,0.0,73.94825460296167,13.459226259115873,0.0,0.0,675.163954113727,0.0,0.0,0.0,37.67162921765146,254.36442290187068,49.56667338918823,1105.5065548103828,0.0,8.053659077470734,0.0,0.0,28.10390520934356,13.3022637232621,0.0,0.0,177.83132385231033,1342.305800703038,263.5161044831177,170.702207225287,0.0,0.0,0.0,707.2132745317509,392.9201205051286,267.52521413217846,59.8534013768745,403.7345870543968,0.0,36.24321256562836,128.3540646300451,331.39651440442105,66.96590452188025,140.7581981401846,0.0,0.0,582.3653702217264,498.2230561729918,380.54825124726653,0.0,189.47034990890097,1147.435551502972,770.4968547706087,19.03715017138531,520.1739827776006,58.60437214514926,0.0,132.1450660809127,18.77712972759904,0.0,121.3384372079616,0.0,82.91157948174789,664.2336175502718,0.0,0.0,0.0,134.6048021276102,456.05984753677774,113.17223914382312,0.0,0.0,144.35364214900008,0.0,0.0,233.6908905633195,261.5466336192796,223.84491649852063,731.9705793832566,310.7397016587442,0.0,0.0,0.0,136.70708906842682,181.6584335132796,0.0,424.05201507907145,249.16569701200223,290.6902263932322,0.0,0.0,51.62795901085691,134.44545092070737,4.121356673350272,14.729010976471193,190.221606963062,53.47103377932635,7.238218083383004,248.5478744645468,128.14092398323973,13.679102396775056,0.0,0.0,197.53166158745452,31.129218362687055,20.90508028193644,0.0,20.658522683971857,515.0424196303891,0.0,61.67961755436008,0.0,0.0,685.5821081423234,0.0,16.335591286039104,50.772220875289236,0.0,237.80863172308437,575.8628243832467,48.54789939904657,863.2612044212959,0.0,70.03935608134745,76.90703619350641,59.74686591260512,485.86910249671354,9.297466718844179
720575940908386564,49.017924938365425,34.85548309397325,0.0,0.0,772.8173661228058,16.67860796417792,12.169765076842578,1039.2200155662536,0.0,0.0,88.41516208028604,18.75272678007485,27.772952924564006,0.0,118.64868074529464,16.307752630869793,115.85312748190042,15.129597194468056,182.66718251886022,0.0,0.0,10.983928903325628,9.343994152889204,42.35646994504878,0.0,72.25230738490441,784.9222070124632,43.14335804568544,0.0,0.0,0.0,390.2741107238392,57.676376895598764,11.781880256081768,35.365623316570925,0.0,202.95398957762308,0.0,0.0,51.28765658784344,0.0,0.0,6.4425014030212955,113.45585818943199,48.596164586902425,0.0,46.3186375900058,0.0,342.51367769761424,36.09927476626557,11.921614297355621,135.38432030071726,78.26303692629266,0.0,32.19620378957652,0.0,10.699535897386903,0.0,163.6379823309483,1164.4158240719028,216.53393646545962,15.556836958369363,0.0,65.15845781505125,0.0,0.0,5.521408847806278,7.94959252544388,553.4418120673487,4.492537166942814,14.196834592118336,192.37482224822224,908.9680187292008,0.0,8.532943039349423,113.55343831353325,153.55200122560862,7.08080379956128,32.8164927809975,110.95876774590272,21.68505633173494,102.15699042433948,0.0,0.0,30.414129408807646,117.39279694295605,11.936786544964553,0.0,1064.2673929164866,254.73305834807576,320.75942735846286,0.0,55.851178343863715,116.4660215794288,17.998090541643826,0.0,256.10834548215047,21.27516531982373,0.0,267.81103481382365,0.0,67.5161164759557,273.460642297187,0.0,238.29794663529916,460.74915013524554,11.97249080416683,0.0,0.0,805.8023511127425,18.88058484234204,63.12817355728029,0.0,65.90109108019706,34.56495999586085,16.328619467838244,0.0,0.0,6.338250689316177,0.0,0.0,810.5279700818992,46.442139010356705,86.2129107216937,61.05048075468361,0.0,0.0,0.0,51.39834644226525,15.556836958369363,29.94059850873784,456.3309589162284,563.5926413819753,296.0876196785669,296.8020102574632,534.0868996170221,93.00534178244162,308.58054591034414,50.71959656749193,0.0,0.0,122.32091121253053,62.56847150716327,196.66924649763706,8.62887593194911,6.684783942668357,118.46453707337855,17.921770171292764,743.8391217105051,461.6767333042053,688.1388742602223,253.1083229901403,157.64911324754777,49.93673875203599,0.0,0.0,5.6742551900654945,0.0,67.06849270140916,6.7383870907596215,0.0,0.0,516.9716581072179,138.90790800036805,412.78094367311803,0.0,32.50433048084924,1232.464825968772,91.92850093563071,0.0,0.0,214.39300119305065,110.0615609514697,29.11680768083282,11.558053957198608,55.86406427107527,0.0,0.0,389.7856901914101,239.0026173732016,20.584770924413373,132.21638051395763,7.568794201256648,187.2721656265947,63.84466228321272,0.0,11.854572757396543,282.54143969452247,5.9497794140801785,6.752069887052572,215.0090697970405,113.15090629058932,645.3904801078922,217.31592284349196,31.16005943450858,203.67717786194157,0.0,0.0,1013.6239161948645,0.0,108.70840989642495,0.0,40.468602488045505,99.7803565327103,0.0,0.0,0.0,0.0,57.1484193102982,0.0,51.30518001068365,0.0,0.0,22.410346855648285,24.4670448735952,9.37265978623412,115.53941275027589,38.595630180464966,22.57374469945689,0.0,647.6176616837415,38.13072895950882,30.051434002472284
720575940908781145,19.79875210164742,0.0,0.0,0.0,48.191739224945124,10.28603144579434,13.000939995365107,171.30918764727033,0.0,0.0,111.51504236414345,99.51767936089627,39.48707072476428,52.78691599084784,199.7151708184341,26.38268559959744,242.18678695221374,120.989958449254,222.7800408170623,19.239043864513455,7.789188714451491,0.0,23.49595351701777,63.67536932701939,39.07044752361103,30.40301797953245,71.6881291726362,70.41562828944141,16.43506893492834,0.0,0.0,84.18237779348428,157.4349335588949,17.086206551422045,11.086011927106508,0.0,122.02925314470377,0.0,0.0,12.195313603129431,37.5650656937509,0.0,0.0,231.36268875858252,10.72050651287984,0.0,22.157727373149598,0.0,66.27297531579069,9.795503569991336,0.0,268.398146375636,151.64976998700536,0.0,64.22925048900618,66.89506392705461,10.610527395246688,66.58180112212253,142.54800545572763,57.53031219014571,13.899897922124307,83.4848764686516,0.0,72.36765701252601,0.0,0.0,0.0,41.54688638880961,31.539093406069288,0.0,243.16912052650716,31.793533361915966,265.2933492147625,0.0,0.0,110.14432350952916,127.904131491751,20.348327359560223,52.990999566289624,47.485060363357015,10.72050651287984,181.6756578520493,0.0,4.196680017150459,77.5653401283226,0.0,264.2213598367346,2.847013874219794,35.98189730535201,25.478141111170043,279.4378054484285,0.0,89.37196566097361,68.96858907403731,0.0,0.0,164.891819195845,22.47527183433265,14.722080327948891,400.96189217849405,0.0,119.38192989867262,134.96858142179715,0.0,17.346634572816015,70.31904086815607,105.07478564441408,0.0,12.820290688537364,7.692172529389758,9.768167609277498,341.7595434947031,0.0,14.394259934634313,47.78237342805992,33.6270838129929,0.0,281.8660311009278,131.0932774783852,0.0,0.0,217.6885181619026,64.96303590629677,253.36170327365312,171.0581778973733,0.0,0.0,0.0,54.5505951759324,25.98692143557145,205.3542265463125,55.55032204577061,122.80202547408743,242.03926239971122,186.5498543159889,210.49986084142128,0.0,203.78691900574012,12.685090610430212,0.0,58.76237626704231,127.11069935211141,129.25479135543455,6.8716230745487845,0.0,0.0,53.56274492274053,14.410106192719157,70.01053856388998,201.5823281525974,66.4848877950791,66.34731820283213,26.559205580210058,38.22944418736694,0.0,30.08249913639511,23.46881970659366,5.768717602388847,66.54591232337262,23.556796338987997,10.400937471675952,61.23505610575482,0.0,290.47118628042506,167.97712132851777,0.0,15.367703284292617,103.49979816662568,17.452718325730874,0.0,0.0,227.4352323856957,240.48616790069144,65.20249753583144,111.13092276484902,114.54488579237518,0.0,10.330068865118388,84.62896446851498,10.09108458934202,82.26269342817005,45.93796477409867,25.64651669182349,354.1618050770508,45.26436329887456,0.0,76.48788445627439,52.66087007572608,57.12810812118604,4.858783408406698,51.52137619128575,61.82857399582355,201.5896665061804,274.4816497603065,26.82245778327173,156.03463648884244,0.0,0.0,210.41505205007,0.0,135.84573049999477,2.847013874219794,91.21152082006189,119.03504151201736,0.0,25.1288649449994,0.0,0.0,16.303224772711065,0.0,91.72757967133656,10.646548267041041,0.0,51.98684651883352,81.79625264921836,15.78687116156668,133.349408907905,36.17030856126021,34.70260162380559,85.89691279824322,265.5066004935071,62.43301622336192,24.24367644431976
720575940908782425,71.20908979865165,0.0,15.098088322102496,68.41480771398192,124.99616651540701,5.980995872537092,35.40115836299086,103.40025222838013,0.0,18.89850531702409,112.42554812257988,34.140800834313396,22.231940255316676,47.845442208899485,307.1719198469661,25.92745153535294,53.335172250914255,154.79566868621188,43.71909731038034,46.93080732919273,41.77692843694089,25.795136375923683,30.99504481330193,53.18519866138831,61.20680902159053,29.200792474009994,135.84222633232014,16.826730271611034,0.0,17.837892722825472,0.0,115.59418418845418,104.33720203731303,88.63489612933648,272.9142237902625,0.0,57.40353243691604,24.23079208254719,140.91683557547938,11.527423732700107,0.0,17.50579098645075,0.0,189.67985947207492,14.246253297573109,0.0,0.0,36.06713938327966,147.29420382531958,103.11305174948977,16.4794357477975,219.3798615700109,337.82096770105045,0.0,186.348897373788,66.42402448666392,0.0,0.0,256.6867340193232,87.36196740064834,84.41116237460822,66.01947792809736,9.740488644530796,26.287099651023357,32.917058869007406,179.19002427782112,23.184858824534064,180.3445400499132,210.3301239543244,7.640577176367846,286.40380352815544,48.9916795204082,150.77315412466882,13.149559570965852,0.0,181.23904778742187,78.25176999803547,25.353645612775328,63.35971440374614,155.6828992917568,50.107986715106,105.71072433546017,38.02803534829157,0.0,17.566583734357216,49.13213731711245,251.9488818287226,0.0,125.97429217625573,164.28051290584594,125.53493903497485,0.0,54.39510769205197,194.80767454864116,68.96968194725046,0.0,22.021030301465597,28.6193694575247,103.62573586629141,301.40731827273055,0.0,120.85086390947531,14.787352630762529,0.0,161.09221151652793,95.41272693891095,130.15287051179382,0.0,6.029061323261024,17.918794114254617,3.9748284729444308,227.08400789431585,67.25750701512922,0.0,127.81577289009908,99.4606742087169,175.48741495002471,286.5811459825149,283.14783590702825,43.51410395337209,24.131646248172103,236.61342600712823,95.69996717566768,175.10160861408932,97.65175683917636,0.0,0.0,11.833722819784228,113.44461598196482,0.0,43.603138917199715,77.73874712440173,42.852715056257644,119.77517244789533,177.46462408084022,120.95424864514493,33.78145823729548,442.2821709502429,25.92745153535294,0.0,114.70601329134252,73.15083032635722,56.94852697846152,92.7432210192256,60.052247165893,5.925010534169027,90.73781880632949,108.97311957438643,39.71068895430384,61.41887399774409,101.03719288297039,22.84491932038944,10.289160453301331,138.44630577933037,0.0,0.0,126.03933409486146,0.0,10.156316826177102,68.58686021826102,75.92097850277048,0.0,0.0,147.480501280767,196.8749439986444,0.0,27.706072458456646,23.33185383041701,11.299668960392186,0.0,4.355153471491538,135.8480707394578,209.28438762288096,92.00853746396466,28.730435661457392,74.37908052290993,0.0,173.270847838014,152.42045547120418,11.549517981978804,164.36791574324565,97.51408181505293,144.44113017708207,164.6112372152874,18.993329642660264,0.0,9.903223438878513,137.66239977251018,111.64389301953803,0.0,11.549517981978804,86.03078351914556,134.33675386003074,60.59715326257871,0.0,81.5103677785503,0.0,15.148857744013728,238.6749506830045,35.083411730392825,111.53598124792177,23.07211120041097,106.82124009249488,168.74122232513304,0.0,0.0,16.23113136833668,0.0,182.3276199814753,74.15650260778997,107.0885362303718,0.0,0.0,16.049801244097612,27.052465915357686,36.28018166701771,0.0,92.98047705802725,26.891027861615264,131.57391694180853,76.99932844299401,11.004216108005156,8.094052899836354
720575940909393947,23.990385632643722,7.815966144074797,5.59013560549652,8.51167432117747,88.09184493352025,6.162866955176756,0.0,196.18626047738272,0.0,0.0,118.87534024774324,0.0,18.152449595132456,15.010227697596923,101.90518653048547,0.0,135.26382713760955,72.06551855686469,31.28522423599894,24.08313382214483,0.0,52.160448617506326,27.29951177996718,48.590854433133444,0.0,34.23391654176787,51.07978776313336,0.0,24.37061803864164,0.0,32.75985999837971,225.14442882458582,22.07955381590949,27.483048428091855,23.562696005157335,11.364396152075376,481.7254462728959,0.0,0.0,19.245154755773598,0.0,15.904595242075517,10.281850270769132,157.20753528917228,16.129596140656744,0.0,36.763875572936506,16.760633644756847,523.3222849282366,223.55103458118958,0.0,0.0,79.18697206785784,11.519409288392042,56.455490761220425,31.416762807266927,0.0,11.644642683907708,86.92575931924924,55.30079364050343,51.88259389607178,21.96114599396941,21.658303906304898,0.0,0.0,0.0,21.107753706628596,14.415414594822428,93.6936909906433,0.0,185.75580808671947,26.97533178815547,237.67427752025904,0.0,0.0,178.91657860244567,134.57818772575732,0.0,0.0,24.524061731231093,0.0,9.405985007534591,0.0,0.0,0.0,14.197879951890192,139.63060508858166,0.0,396.76595837986025,34.96928466969564,145.4926885310335,0.0,0.0,49.97221015210899,0.0,56.80528948302204,43.19630064330755,13.4901425613888,14.533864848089513,216.5023843240822,3.7047906792123926,44.24203254320214,545.1564489521529,0.0,364.77717535663083,45.18968293191632,22.347369932520763,0.0,0.0,6.423064285682076,0.0,142.74368109109463,35.68472393048549,0.0,130.76334109751048,50.120858339034896,0.0,32.840713521935186,61.35190177018049,15.010227697596923,9.760031679840578,381.65378609604875,44.39919808785942,9.534579473276372,90.6428847368946,0.0,0.0,0.0,5.731289032950583,35.31572960808192,0.0,33.16648276792871,43.01858063679066,417.1806440751992,405.20644060106815,100.30467682437097,4.9183346775102645,30.956042307908017,0.0,0.0,12.711250779668902,9.971611450106927,0.0,30.241627146216377,39.39461536804933,0.0,18.335298120160328,42.525007972557894,24.402356314040556,221.7257502148559,305.5002582286196,409.58208582631846,8.18113952843084,0.0,48.02202691817201,0.0,13.884328932252757,0.0,21.146447957071658,50.1755011714436,0.0,9.642178448057036,49.36015189034204,57.87410987487635,179.96618883252697,10.240751731507997,46.49368768365825,224.03442423818174,54.44058227211669,45.93313635435625,36.721011119080885,227.01890854136735,24.01972833540864,0.0,0.0,104.2203574020393,19.319484511617933,0.0,0.0,44.64246325125857,5.31892017115265,39.57150327664965,2.1501316820139182,29.303604943987082,65.02186255652711,67.69791323103884,0.0,149.8376822962866,28.438243696505467,86.43150666646939,0.0,2.1501316820139182,428.9022845159556,181.32475015431464,58.557329886522965,492.8005500963215,0.0,72.4750456536804,322.6895626411042,12.292629241002084,142.5371053592423,5.921937072049471,161.57624881515292,117.1023840234237,0.0,0.0,0.0,5.482862304296153,48.33199063385902,0.0,88.95015010700725,0.0,0.0,0.0,107.69639901588913,0.0,13.131298358402303,163.46712171546426,0.0,0.0,124.89340972793275,0.0,12.042856575452388
720575940909769176,29.50734086113229,82.90652791791581,9.787270241207018,10.753121710542997,266.6631021208411,0.0,268.344165702609,86.93843982179456,0.0,0.0,0.0,117.28312377342239,0.0,0.0,95.80422581446099,167.50840379383504,53.72153228749473,0.0,206.2511770423269,14.011838078720123,0.0,62.15678723700633,36.878976858901076,0.0,0.0,218.4308306491835,318.74143621948735,222.8494988811061,43.23494237233166,0.0,9.70077522024793,102.97169468857048,43.975311978316135,50.576409276999996,131.0026190291683,0.0,6.317620415368227,8.714216891803462,0.0,106.84415648807578,27.39745196975279,0.0,9.598292249433522,9.421342511863491,88.81625967432097,0.0,87.24227455823967,4.899880594168215,15.880673037880705,0.0,71.3551132226338,165.05051307400322,81.09144316330685,0.0,97.06191422784296,25.287608761587038,0.0,0.0,316.10600286595024,153.50062862922962,214.11725782860293,322.02060006054853,0.0,174.11106935016193,15.578553666020008,0.0,0.0,16.84061982403517,51.02096183528057,0.0,19.292710809263863,100.89221867969927,197.43550626625392,0.0,10.43948047785159,45.6877405074245,16.118598997333994,8.854968279985746,102.86844916685774,207.9054764770738,0.0,148.00607324415768,16.969106629957206,0.0,289.395865921437,0.0,5.196304355372119,15.698275586321865,319.5257370394207,105.83503419535961,0.0,0.0,59.05023911685862,234.08684828691167,26.121559289356345,0.0,464.10823114155875,33.81042844851767,0.0,0.0,0.0,0.0,16.118598997333994,0.0,83.7773358505342,174.13536580559438,0.0,0.0,0.0,53.38644566847292,3.931011685157564,41.88350598185088,3.00841552980967,0.0,12.23855019342036,0.0,0.0,9.639575746583894,0.0,0.0,68.6873486922145,231.0317841035573,161.39427884862886,129.57106851330596,0.3437571817431601,0.0,0.0,0.0,6.922040567551693,299.29294868741033,6.568787968839049,44.86627789040774,417.4636990439157,0.0,113.43174539556964,216.1538275033145,176.6912263441198,52.50035472787615,244.667198092639,0.0,0.0,408.8629116381713,269.5894894667743,427.6856619194045,68.25196044912809,101.32157594279417,187.6078390961511,18.7160274276812,26.09876717857481,54.77383988192838,66.11414865471531,0.0,338.96157054822004,134.83826590332302,0.0,78.6506798943285,0.0,61.49046133068245,128.8700076899942,16.261068902989173,0.0,0.0,255.47268705018035,117.70222355482028,62.98446294332213,0.0,138.6101869514045,191.00316626128188,0.0,0.0,0.0,273.54747501355183,119.44203136348432,7.559069852765548,96.66944278220203,12.862107861027983,54.400286854984934,0.0,74.24565668993318,464.92456510740794,13.67021226191285,513.2047178713539,31.01121895611217,195.2105578962676,339.6393159788352,0.0,7.425953847215728,154.08848655757723,27.066694409873488,5.449695606540676,335.84834070446453,107.38665580801384,130.57293027770172,193.92372852516522,111.49171374184276,0.0,0.0,0.0,349.1586045369126,58.90745649247487,54.83862200680721,5.966934865515475,0.0,20.78014297606075,0.0,75.85981013563229,0.0,0.0,445.4465874798831,0.0,394.6510826372413,0.0,0.0,81.12746733176665,0.0,0.0,105.1601889965205,10.16278311975064,180.1789494149689,0.0,228.74298340446973,0.0,82.05760881614799
720575940909797811,4.25303000812362,0.0,0.0,0.0,0.0,0.0,8.15130979630052,0.0,0.0,13.574240480692932,4.586491060712971,62.17935259476643,0.0,0.0,44.92020257055355,8.147588857165672,34.26212516517693,39.01736823401722,0.0,31.54063493485892,16.501022753724644,0.0,0.0,0.0,12.892620745261818,0.0,0.0,8.3144043512246,0.0,42.841205045700754,77.07746490149088,0.0,50.79036876918767,0.0,25.1538134590688,114.7630566444483,31.799351247905797,109.34621573554091,0.0,33.64269477202776,28.55165173948771,40.98373822357692,0.0,21.010947681602083,0.0,104.840790907092,12.085937591962587,91.74675742369264,0.0,0.0,0.0,20.94115341326673,26.487242177296004,0.0,0.0,174.13364078412118,0.0,0.0,11.321872945621964,0.0,0.0,0.0,126.53781697420224,0.0,27.968963828895525,69.14945993709884,0.0,0.0,9.836418897441893,51.3719320767286,88.13387271407572,0.0,0.0,0.0,0.0,7.039048502109609,0.0,0.0,18.72921024440876,0.0,57.034951733619366,38.4507612848732,0.0,0.0,0.0,0.0,22.14994946796633,29.317894182551463,0.0,40.31204286035765,0.0,34.265350087552534,0.0,32.03216416010039,70.61690964513583,0.0,0.0,69.65539735140281,0.0,10.600644125534338,0.0,0.0,0.0,23.04770745049861,0.0,0.0,68.83211986606213,0.0,0.0,0.0,25.53452209559044,8.147588857165672,0.0,0.0,4.586491060712971,0.0,132.94826557910275,75.2908607049013,136.02789315266736,0.0,0.0,10.854867967730621,26.880520040709275,0.0,0.0,119.94619648755223,40.451958379237574,0.0,0.0,0.0,34.75149189250877,0.0,13.374779732970621,0.0,0.0,22.32609556756513,0.0,28.072596385208698,0.0,23.769670637198132,0.0,13.03805461743354,35.44510510466824,0.0,125.97022431304192,0.0,0.0,0.0,0.0,0.0,0.0,0.0,0.0,19.62431667089308,36.568305040592485,8.147588857165672,0.0,0.0,16.46571414752512,120.84669891420761,0.0,0.0,0.0,10.576711843764881,0.0,70.35871108006322,6.231943550702816,0.0,0.0,11.161695081260332,0.0,31.799351247905797,14.334212764365777,0.0,7.8340450609736125,0.0,0.0,0.0,0.0,0.0,20.265721119382675,10.890239761706093,18.82216373997613,0.0,29.67276171593909,0.0,22.74496908022889,0.0,14.704671889175765,0.0,0.0,40.9822311143119,0.0,0.0,0.0,0.0,0.0,19.053160935498003,13.078858884918782,0.0,0.0,37.68236935594939,0.0,0.0,0.0,0.0,41.914685610933226,103.68510991738124,31.419601450591575,178.66020099896133,15.608237277986836,11.32936481283125,69.81620306564233,36.906465935761126,0.0,12.11275381590644,0.0,38.54056555945132,70.29440892485675,0.0,0.0,0.0,89.2406667033447
720575940910295881,48.36199522929198,50.43157726438013,0.0,0.0,0.0,39.37664363959096,0.0,11.095243941212612,0.0,135.03766380535615,0.0,54.85248740985683,146.19264144273916,0.0,37.125317203072655,0.0,71.97155248072251,68.77477135608048,5.543583869688402,0.0,0.0,34.28413702480873,16.963640282225096,112.11042597538196,56.29004421424892,0.0,5.543583869688402,10.716435749761857,120.40901559184965,150.5803226488273,14.586317452933853,34.75103778699452,45.62466005321196,0.0,0.0,0.0,7.5350084487469156,103.16303371298557,0.0,146.4545719670523,228.40265316871316,0.0,26.666037619136567,0.0,131.11771658744112,0.0,240.3786235362056,5.736372992267387,44.97240817488343,6.902485077130189,0.0,34.0317729471947,222.17754936089491,0.0,53.59178009467955,24.8724501891884,13.422670912197226,0.0,0.0,13.446812425942381,17.8979497627699,26.94913464625834,8.969841980763926,169.65762538448834,0.0,93.11135348399735,0.0,0.0,51.34520012931719,162.0529138045267,52.224389615426276,121.5032028105936,65.57953601018242,0.0,0.0,0.0,16.284696248233207,23.515178058864183,24.27158079004441,31.884247557070236,86.65570137320299,90.45479531907232,22.394516342197278,0.0,18.094063999845897,0.0,0.0,153.77109798040084,0.0,10.237447982743811,0.0,0.0,0.0,256.25026384079,227.21175003613763,0.0,0.0,76.03406788168365,8.00386810609185,0.0,0.0,75.3306075403478,0.0,34.708045703574356,27.208118378367494,14.569734781006611,111.76904531794568,0.0,0.0,0.0,150.4186768728157,0.0,58.87647278967917,0.0,12.34885497860302,0.0,22.79567255332463,17.780768660639737,28.40302745762537,0.0,0.0,44.03978735689144,37.302523846219096,87.5934907001363,19.14431698073371,0.0,23.41132936396921,0.0,52.138048641932336,43.8697735813426,232.16669772843602,0.0,29.722140288859865,7.749302911937639,32.944526364565256,9.328364185364677,0.0,66.45746222005366,0.0,21.679204917789733,0.0,24.08554272343855,17.64900298263507,21.738309869688823,0.0,0.0,101.91922870205968,75.21874427722615,0.0,0.0,36.315993689671814,0.0,0.0,50.35544425553344,0.0,31.38722081516474,35.23623861796378,13.929477317708095,175.1142859919392,30.668289182748502,0.0,0.0,0.0,70.63854744377483,86.73872978916168,37.19687144698231,0.0,0.0,0.0,0.0,174.37986910266113,0.0,117.75618021046766,104.66494968818012,91.44430578202072,10.855245338240968,0.0,0.0,0.0,0.0,17.919016211806255,168.08104456251718,97.6921529101,61.47967981868112,0.0,0.0,253.98122671132182,112.13731956125064,12.836501225126574,6.299179500031645,0.0,46.506957733125496,0.0,122.44378452083865,56.84248798857877,11.112504578010446,0.0,0.0,0.0,82.16818880677563,23.616162179200572,128.1937424424835,30.20029051778513,29.461318592078243,0.0,23.515178058864183,51.99776430624462,0.0,345.5577823278578,13.160644869209857,36.215629785778525,179.95446433846297,35.01827893488115,26.833715854710448,8.927347431666895,146.46186055828028,11.826071672308416,31.469081620198274,112.24819153484724,115.63518650276535,12.588591833336956,108.12817436878098,77.23939302279638
720575940889813349,133.8233963478409,0.0,0.0,46.920715184770486,0.0,0.0,0.0,0.0,0.0,15.806300700482684,0.0,0.0,14.283464711911057,0.0,10.056311867140426,0.0,13.550510248720592,173.87309935432427,0.0,23.53499288435474,0.0,0.0,0.0,22.81040421679536,53.54088219361285,0.0,0.0,0.0,0.0,0.0,20.65297736448655,0.0,33.901841598979395,0.0,48.08969271610447,6.490018275492066,0.0,53.705298120063546,0.0,57.739251417296195,0.0,0.0,0.0,0.0,23.845529731838965,15.054131715376489,0.0,0.0,7.200560370709463,126.0129528726778,0.0,7.290867374177479,51.561547181586164,0.0,25.260841047212182,13.60820847848712,0.0,0.0,108.11231881396364,0.0,0.0,0.0,41.35787340255298,0.0,0.0,32.058187507410324,0.0,0.0,24.299506665229245,10.636749934655178,101.83988358506065,30.727838045768515,22.02610048668605,0.0,0.0,26.05574589082752,0.0,0.0,0.0,0.0,54.3843552219106,10.680773916316795,0.0,0.0,47.99306449636742,0.0,48.55945884649204,7.149068801959296,14.102266821986364,0.0,0.0,0.0,0.0,27.362979158296636,79.13024698825537,0.0,0.0,6.6990090919964675,0.0,0.0,7.827964695221686,12.59310342196756,42.722559883414654,0.0,0.0,0.0,0.0,0.0,0.0,0.0,0.0,0.0,0.0,0.0,46.291641582802875,106.96906892601761,17.412898834999172,93.56424586629376,61.153061536425874,0.0,0.0,9.907490677768175,0.0,10.195164843338551,0.0,84.21899553150581,0.0,0.0,0.0,0.0,99.09684473249844,0.0,0.0,12.804865301369452,0.0,0.0,0.0,180.92180099081529,0.0,0.0,20.190228026764395,0.0,0.0,10.380744517654385,9.637333541216961,0.0,0.0,25.182660279572065,0.0,0.0,0.0,0.0,0.0,0.0,0.0,0.0,69.07997932973095,0.0,8.970978543797385,0.0,0.0,0.0,0.0,9.907490677768175,25.909393318083897,15.698942636490065,25.041342171329877,0.0,0.0,0.0,0.0,0.0,4.121388023753554,8.180905540433072,0.0,16.623204365355313,0.0,17.26921837573117,0.0,0.0,19.81719059838895,0.0,22.81040421679536,34.43953470357271,0.0,0.0,0.0,25.98518061591337,31.898997799862162,0.0,0.0,15.698942636490065,38.10223000225453,34.22512118599899,0.0,0.0,0.0,0.0,0.0,0.0,0.0,0.0,78.93035846374804,0.0,0.0,0.0,7.243450530201096,25.921470579292144,0.0,2.9594797441495646,0.0,0.0,0.0,0.0,0.0,67.68459403995567,0.0,31.81110528642739,0.0,53.369400348201886,0.0,29.487776859781526,64.83953982580888
720575940912535686,108.67066339617965,0.0,0.0,0.0,89.66012446959124,0.0,351.65146598365584,69.1062782380763,0.0,39.26196035413642,16.079996607234378,453.278764223007,8.776411210503149,0.0,35.431736846104386,585.3238535749297,68.1495844427285,0.0,302.6024471648387,104.05125152550302,47.0295279274064,0.0,0.0,0.0,0.0,450.9698400158911,36.504585169307745,863.8279461397054,5.265051807150076,0.0,49.10752448197997,137.13494119539695,139.00343839024774,0.0,0.0,31.02502608171524,0.0,50.5309526093793,0.0,261.0074201888932,215.3540209533521,95.0336951393052,0.0,123.9387265511002,50.44711481923352,10.524199297730611,13.802837303047312,10.397741992910978,0.0,0.0,52.99541951708946,198.8865444843078,92.64898369771538,0.0,7.3346648317385155,65.87783675314607,0.0,0.0,154.39241751069528,7.728256766285009,166.4919289657137,323.9395828159088,92.80054758013112,729.5589109541656,37.91838792528249,0.0,0.0,0.0,28.61832674065863,3.4665996307621105,29.185516751028022,1.7169601771736,47.529527279001044,0.0,0.0,0.0,3.4873921847133857,625.0791366392262,269.29739704664007,171.5247473286708,13.961410337430355,384.8048815106792,0.0,0.0,44.6233558292712,0.0,8.10709581679168,34.92310551020578,381.65934425488103,194.61420112108445,100.63055869134084,23.103013318373915,490.4737236837281,355.0148393135612,145.99820590438173,0.0,379.0381447991164,38.359856215931096,0.0,64.20538039276813,0.0,0.0,0.0,35.371429912157765,0.0,308.74755778800306,87.68839004301951,97.65608895890635,0.0,1.7169601771736,553.4844327372675,145.83263011210056,20.539704241379653,0.0,0.0,0.0,0.0,5.800994960908111,28.80895569996148,0.0,0.0,40.58021931434448,211.3010222509171,183.22307044102482,0.0,21.41080843177256,0.0,0.0,0.0,59.02974109020902,11.877234206801992,0.0,143.61967636844722,0.0,60.16856937551674,179.8633648995063,353.199312641626,51.219590266793105,327.22629686635213,0.0,0.0,502.71105396643526,627.1256689496838,184.97063590819212,110.6488618771124,42.375349675575485,112.19688638576301,40.03739702403404,0.0,5.774444713662919,9.424692990171636,0.0,150.07288444395817,79.61699126316445,79.74549951086618,33.052513048308626,85.57892413499148,665.9791203269687,434.4333198027306,54.83968221294285,0.0,0.0,27.19445338089405,137.34298811797763,10.26013635481328,33.50631774889158,0.0,110.7760323508776,0.0,0.0,0.0,276.3630505943128,392.79916939646165,64.98439909950399,609.9381214819648,0.0,0.0,0.0,0.0,180.64017786301469,8.772552418853937,153.91843506659393,25.986878686086712,364.68041984276937,126.62442326940425,0.0,75.45558312000881,10.734265364448772,17.42622144639259,8.769133552479168,352.86928498562384,155.32633409944467,0.0,471.9561858216681,8.45420253383971,0.0,0.0,14.602601675017148,646.3178200230406,0.0,14.522541798143825,44.25366767231749,0.0,19.589746511779346,0.0,682.8068317208563,0.0,23.448289761882304,158.957570133362,0.0,145.981859831571,0.0,0.0,703.5328793976503,15.513054505544668,149.31205976409075,529.0722895364436,104.14793642892877,633.0462319515008,0.0,251.70957818839886,50.90873290849946,5.030893807812066
720575940912929024,272.6368502170221,228.03354295857335,0.0,20.753199542499512,187.33013049261922,212.45255519854763,98.60888790551351,54.33861490031585,0.0,133.45531114887083,0.0,221.42350454086332,327.8323542659853,0.0,106.99731805390924,58.66554339720576,217.65777656198992,110.6888339698723,202.188292384782,45.43661025297736,0.0,227.8620080757342,131.98836751472354,372.4419247366521,12.711275392606744,175.09941554495714,249.83435500732406,67.00180275942633,214.49753676886277,203.84333581295093,220.6416728952685,279.9317950954496,316.61199221691334,0.0,87.20881065937125,0.0,48.17381553000908,174.756118088952,0.0,188.54178552615468,146.33027237921314,0.0,219.83836519292728,38.1879855737944,216.80060549839718,3.177957371530384,406.6472682067266,4.714002039283894,70.26526933133947,62.526253868807906,28.63351355027488,278.51145112926065,814.2504230107148,3.602803790050193,204.718358088024,79.98546103613084,58.36264284324565,16.56691746271878,85.6373273417163,177.02873050492298,85.98953191460402,193.0013051659732,64.02306171664446,333.0265979258355,9.480627466103952,103.48834000497548,0.0,91.0594443521347,98.17162718708414,75.87004724020092,202.47155474617534,179.64334430758242,202.5836468248448,0.0,0.0,83.29580216125707,65.44535133359156,58.036280792224495,260.1645326395719,197.32965025367616,211.9705179771788,548.914684696696,135.36520897859543,10.156411475266985,125.0514484254101,61.48543592208889,130.58384752468547,105.56693837821413,348.9340651464003,85.47911228545134,39.86587480957752,0.0,132.5377158544959,362.5173842070415,247.92805226349375,0.0,127.92727404315069,61.32539765888035,161.52193702696798,25.85348981611095,80.52747370337424,0.0,96.49508902421015,97.61949415576822,51.19715217955665,451.3522697410904,156.20544832211814,0.0,0.0,141.58488796383614,179.58237535862946,151.7324186038829,168.4060867877291,114.25998232643605,10.726893207644427,30.181331077461447,153.6005115964116,76.47164976166464,74.44508914550957,0.0,16.05997869248681,189.2965861771958,326.8991135028533,142.97209063642083,50.92938834918676,0.0,38.22712753143076,18.630922155686747,244.67507502903854,266.11278143909794,398.72457285137284,125.87251860281405,133.52305739245082,106.5162679470329,69.54083083960901,175.8061489459848,56.53799017876667,180.63644278297448,12.071538586420527,70.37507085249891,10.998877932614084,208.9139923457553,182.16168782090878,128.1676829933182,54.82059969388878,93.17635099254568,319.59712225440677,201.38083028550398,126.0023508113672,119.02148185665364,85.85914514912216,49.51366311619709,39.95213689310779,129.01327406068572,0.0,181.1017009418444,66.7521083973576,52.00446168916553,414.0509602168176,46.49065079168392,0.0,7.747930569362656,162.21037586179568,247.68764198962361,101.7119294466855,49.537911525997686,61.1373940826968,179.5842068561299,29.86991001176041,0.0,235.92191046782762,135.66577684387047,305.7871724370637,443.7116224682749,263.9364783412838,6.353495445801271,0.0,6.132811634019422,128.39671680950477,57.72973995092957,18.313798466081796,371.2010457559859,222.42884570794968,301.5525345016567,85.73416604743866,100.25055758930627,54.89044978344924,182.75128793898332,97.00331085414935,179.45196899491538,126.93869618506243,115.26204930052613,84.8562989702431,458.9534787946968,192.4960363339777,10.90163219851537,0.0,0.0,339.0150840173011,146.8479389334486,0.0,124.08546378052525,50.62629764371811,257.1482851266544,0.0,75.34907324781564,16.56802133854596,0.0,754.824462903592,53.57105790152958,112.9318395376804,79.20106679594574,92.80184400448971,211.0234538674227,128.8278627156287,163.21880207759264,295.3594193871592,69.53656708754974,145.88474792276824,109.95451338054936,257.3381162317075,235.0742831359261,75.98893481734157
720575940913573871,22.062114315339123,13.048413038116575,15.424719339000683,8.052030367469838,0.0,11.482708804631985,0.0,7.1185682820038405,0.0,0.0,0.0,0.0,0.0,19.67389159198277,39.13731755001931,0.0,38.59152327962149,17.093279280682005,0.0,63.033532516779246,34.07821419513596,49.16559300365996,7.924020038519347,29.61686718807493,23.534959889575983,0.0,27.46063857397129,0.0,0.0,0.0,0.0,0.0,9.994482277903266,0.0,111.28985749558741,6.629155049627152,7.023660195928732,0.0,116.94414050098212,0.0,0.0,16.936151588074225,65.50958289404493,12.029676576165729,0.0,0.0,5.952374048968052,17.88456403576732,0.0,4.582549317792444,8.365046593796697,20.60995933485554,114.74412546828941,84.13585570421266,0.0,32.6117529845104,0.0,15.240243557414313,258.88155964168686,0.0,0.0,7.91093141997568,25.862517101046105,0.0,40.18562547034398,0.0,18.751209177627263,186.70228268671636,14.950340910260872,0.0,2.536577615076715,65.5393974662551,7.023660195928732,41.41647094485945,0.0,10.762559134904302,27.386561992661818,0.0,0.0,0.0,0.0,0.0,108.55329121368186,36.00633488696023,65.32675009049237,22.65792796190305,26.787233724063405,0.0,0.0,0.0,0.0,11.676421361692855,0.0,0.0,0.0,10.165441367049258,0.0,0.0,0.0,0.0,120.82866778824012,0.0,0.0,27.18862153667562,0.0,8.240699455763567,21.37011431036507,0.0,118.68246196771709,0.0,0.0,0.0,0.0,0.0,36.58622581736306,9.00323889179225,0.0,34.28997316026979,32.26224790230761,121.79513206706072,7.220706779250599,76.56220901318828,0.0,91.98039444570468,0.0,0.0,0.0,159.50088030741935,0.0,10.827529209130669,0.0,0.0,28.748089648562836,0.0,45.231293070745664,7.1185682820038405,0.0,10.80843122626299,0.0,0.0,86.56893047379269,22.30928669055664,0.0,16.45850034867587,33.685509519021174,0.0,12.81974524732054,0.0,0.0,0.0,29.10187130817966,0.0,5.796085051391807,17.793451384796505,0.0,24.71580111244029,50.50020798367257,0.0,0.0,79.28254188115466,12.416690022237985,258.3567480864961,26.038499582315257,72.68123166137816,0.0,0.0,84.58854961623304,0.0,0.0,0.0,0.0,22.30928669055664,57.732295797447975,0.0,0.0,0.0,0.0,219.4589984457685,0.0,55.247142096489235,32.565287100221845,31.604180002985814,18.545531010357376,0.0,95.7714268185274,64.7733990566648,0.0,14.950340910260872,101.60219554287177,0.0,0.0,21.900778930328137,15.43779623528749,13.136548825890728,7.023660195928732,0.0,90.4444670283025,9.31174137472546,0.0,41.08325938371757,29.469631166279726,0.0,0.0,0.0,12.064317348845258,0.0,0.0,0.0,41.564666713845504,0.0,5.708538777454045,0.0,0.0,0.0,0.0,0.0,0.0,43.57377724480219,0.0,23.431596856526042,10.836978285836643,0.0,55.463616655061685
720575940914883824,49.59416346443586,125.99277957971636,0.0,0.0,986.5451294705758,128.9062315633361,910.5010981081966,254.12970330394776,0.0,58.8886036118786,21.996007073398932,380.1485659513063,235.4701534275079,0.0,63.057332076530244,672.507601639031,128.4881924634876,0.0,814.2898515481435,27.47029430174683,0.0,41.991785456151,77.48650892219929,111.02969286381412,54.83132736887418,1411.3037797884317,467.6317122265712,660.1931995109277,229.92997576206744,16.73097594666684,8.002567242710246,610.8124716813206,219.0960979661589,0.0,96.1431067670042,2.89652888796497,0.0,52.17889842916365,0.0,100.16190538256824,142.06602718979713,6.303676620735738,71.94580340359826,55.4679137323808,827.9781368183324,0.0,169.27082422666712,0.0,16.600719605071692,0.0,0.0,122.30571927291157,419.62621029009017,0.0,630.9567147037799,31.542987022430278,0.0,0.0,174.52481862081763,420.45637979655856,502.7662011753265,1197.6137352006651,11.294853760758961,661.3374175263764,6.912121481912985,3.842313597813812,0.0,0.0,187.9206571505181,61.43053422175039,0.0,396.2439107207557,278.7996552469213,0.0,0.0,25.427881704964516,47.477118649820156,71.72822567622765,387.0657386034235,1394.6550194338602,62.48885815022376,323.1879795325147,63.55649730777737,14.857879045676258,232.85459717777437,8.291280564080072,0.0,126.77317758015323,1372.6296541098718,113.83579043981409,93.73174256129373,0.0,93.27089365101114,668.0550293717806,25.516373351524713,0.0,1020.6513520163996,86.63718903473904,120.49318848075484,62.873337792718445,0.0,0.0,23.751485481791537,296.4384654002676,37.34213398797406,1233.666876282785,146.15276738355925,0.0,0.0,310.109527348783,315.3865116714962,74.4698647767358,645.1421098373133,0.0,0.0,35.1030209645106,0.0,0.0,0.0,0.0,15.829851656583504,202.1298815879893,862.5408266023119,132.70352200536954,124.06761168164611,0.0,0.0,0.0,190.5776423931936,1006.8037951226148,145.88433377412431,152.3708466018649,902.3372698019316,45.00295475261578,131.44367974871955,363.84262433226166,821.2806746685472,123.30243644677722,1013.2596725161676,63.77335386014217,0.0,889.1697434406386,884.9022115909969,1119.505290034384,11.216453783221908,785.365641127714,1130.3111437711611,345.5559103633073,261.1809991887426,145.11651461246123,232.73275114169806,6.009722296322366,1048.5220416631742,65.93437647078629,0.0,367.29374912367444,0.0,194.93415079737386,398.9038806076072,133.5936512331692,0.0,0.0,785.9714239189718,197.84451142433105,108.06714418430083,23.778951306281307,40.48916166140754,647.5410966324215,0.0,0.0,76.4753151956965,550.8466945181319,425.9457546668037,152.33012370140486,535.2705781685642,0.0,56.461361796557156,0.0,224.89106549827247,1202.0130530522638,9.492513939223784,853.628725628173,90.55926768388987,164.11310493537587,184.1917281485963,0.0,142.2309955196599,114.18101612089464,18.913638696367943,116.98476514995194,941.6493501365331,72.37236401699836,74.63011117904246,471.65450948423495,251.7217750771184,0.0,0.0,23.924241380088194,948.6417938127008,164.00947481745797,21.832380849116692,180.29834437696314,5.139149688031597,108.94139251096284,0.0,299.1825742683393,0.0,0.0,1521.085644860438,0.0,33.77853287892889,88.50589722634152,49.570541774839946,476.51288871991284,154.55993288178146,48.384547182881214,373.72052155718956,26.53892984316579,552.3454970191876,0.0,363.7015487292477,203.03019220418355,92.57368174118139
720575940915253823,290.35470926410034,12.213458458657037,7.489507817296837,51.8920730251567,72.91067552103702,0.0,97.11835341003288,41.18561661468046,0.0,18.68311832828449,10.915597116380889,178.72214340239864,190.64447088949066,0.0,221.68463022249776,96.11506221088855,167.9347427555854,129.98115782801986,319.2089968454844,88.06392733269765,35.91969535181452,25.297667380642604,0.0,349.15214716984906,135.0211268066644,235.97537208134824,53.016194946544914,115.07577195514368,0.0,33.75286379263001,15.022797618004576,93.05341220431636,163.03445742469597,55.314173543534736,129.67898863021915,0.0,9.291614491676555,135.68114566884938,0.0,109.5765510789317,44.084594907639534,12.031772221676711,21.94782734910038,89.07716061579815,118.72617067922532,23.26800260945816,29.100104223392353,7.833149361482048,0.0,94.59558172359851,122.2791070723657,321.7918607686992,319.1180992025,0.0,56.63122229395675,26.12134138052525,9.460808520230275,0.0,177.5596787100275,16.716567639916075,113.17622791196956,172.07898502557128,62.19325580322951,367.7214898454053,117.43966372178112,127.6488557211584,0.0,0.0,46.04551656323024,76.13293375824482,219.38999573349344,91.085141536143,126.90679398692008,0.0,0.0,16.022281523818226,18.17622190503569,88.37883134235403,260.486070908316,231.1391991350234,141.31015162190442,397.63943054410515,23.27408058105677,0.0,51.46524336462994,0.0,373.2683172597599,57.57770050488945,76.9652784079368,265.677584048764,60.45657441843168,11.399614781797354,125.63161554933308,159.52608919507117,223.5355875520655,5.287925800429502,153.81026457064564,11.961744713557412,25.007470653867852,149.29352969086034,0.0,0.0,10.601867386398824,71.30033546115584,15.966805945395489,224.49137895765404,94.8295412381011,16.719365736624297,18.067603002341457,0.0,157.26935205636244,131.5160284155498,35.67318423904186,0.0,24.921677701744738,0.0,44.085588321131205,106.64484692896545,81.87750901002438,0.0,24.558305697872154,72.30030124623646,461.5546119490638,257.45799073029275,122.02003894822988,12.24128103295139,0.0,0.0,176.55109783285232,84.95882138585682,271.58532171159163,0.0,95.81481274248696,27.602188072222386,45.375870859121164,61.03365440452394,74.83378615451647,138.1363054267615,100.68087003391067,0.0,0.0,251.46604208027637,109.9080533453712,69.00426159042632,93.42376949508152,70.48964254259772,308.4816742459985,209.16115893545359,0.0,92.47183437783814,46.4924660245192,0.0,64.95815629149774,304.61782916873335,0.0,12.221621895448244,68.13948150920623,44.10782328952752,357.28611477946697,161.30576468342204,0.0,0.0,41.38904719188089,197.9354486979537,61.03696381787566,9.905481061494239,139.217412809157,14.335675731636739,0.0,8.929806394160831,9.043281668430767,160.60552514211932,356.2561422083383,504.89041916362464,165.9508115735048,9.371942949777264,12.107534285390372,0.0,67.77968312818889,93.17959582555966,47.03020743449108,277.875455701175,156.95181595164945,401.2540598341867,58.52005905483229,0.0,18.309158467972047,249.2818512418188,88.45845525978062,0.0,17.307133782810702,147.38262085986645,7.489507817296837,250.76801436320355,0.0,5.128076622418691,0.0,28.79576505825845,173.3517260865284,51.89489735706331,71.75346710190902,56.329243162837884,30.784104214489016,240.95433939068,0.0,49.94112219127905,8.564945604241831,0.0,223.7831869572307,39.692198772618546,137.46655128554409,0.0,30.61709709044872,162.91769424089708,146.2399670455239,191.01132751674615,398.6705783813198,33.23137693246675,101.82421424465537,46.88158125777502,42.744413262398666,448.7441694388309,50.29231521963075
720575940915256127,47.51733565870541,0.0,30.31020115789666,0.0,37.88856001547597,0.0,24.75083342759212,212.85360805254047,0.0,0.0,69.13798088955164,47.74343532571093,89.9055924812017,55.38542914827689,35.187870750655016,66.97979561236995,43.546012369905455,66.18820479648285,86.73420681171466,44.07199022046944,19.28786438710083,40.56898240127962,0.0,59.11361712165185,3.59155954983347,32.1881773660236,0.0,38.20418334031957,0.0,0.0,57.595096378320086,69.36716853290677,62.75061632300419,75.19958840143812,181.1239179930813,24.67790976886157,162.01066445210142,62.446055486902814,3.231391452238419,19.201334711441397,0.0,7.287929367714684,6.419065306834656,118.20653291718358,0.0,46.76345375082079,0.0,36.34199699516566,31.57347036161024,157.16493069420798,73.11395349139386,132.56019353747718,150.80115204602743,2.511376514981376,83.016855260928,41.747783339898874,0.0,41.8421929119167,302.15055857858533,61.443362301323496,55.93456643463157,0.0,15.909282219228361,76.26348600423525,71.71341802739205,7.700076573514287,6.499102094798306,28.223083550168152,189.4680562126766,12.040511262209062,0.0,31.13508185991049,146.52420506652228,12.342956933805027,0.0,49.62334180936469,102.7121869805096,95.00067987087121,39.77800061287572,0.0,22.127275274995423,22.8333949973764,0.0,0.0,13.703940666300245,35.27813739874408,205.206825111434,11.69174733743807,27.27023517862345,165.02977457152159,58.609147203537546,0.0,66.20117882984069,54.88748107148847,0.0,29.88584657254025,7.266076832212873,18.5661934681099,21.403312428132185,86.56479512955012,5.342065955396762,11.478419740026537,57.664233263458534,0.0,65.26121735406875,54.308007913097654,40.73635910185295,10.800932923572487,36.760258085463214,18.522953105026716,25.382541286274236,75.64532306525713,0.0,0.0,155.60512137484528,31.7500704953639,0.0,0.0,61.04696868704623,32.41008972621508,17.571515495241016,200.43066149100545,88.05065806018884,116.5454712097985,7.256651916834126,28.304026641470085,0.0,0.0,0.0,0.0,21.252617273106015,46.689780457894514,0.0,68.62408086449658,172.0553143842143,72.14728673422015,5.8410329094938085,244.3423789576521,0.0,0.0,81.26762869397707,8.379037261582713,25.23546034527426,0.0,16.32430820605102,0.0,59.05440370897873,4.7892661138961214,17.157250573354023,33.05122366267105,137.15910401841404,35.80857822924348,0.0,44.792441738210634,57.29018792149644,0.0,151.39877513810288,26.019089833977763,103.62679455604784,60.09646266306876,49.64767058824617,10.471672281487267,0.0,90.12261313567275,310.55076459631465,5.590013243413671,40.561134616204825,25.701608882780448,59.652363098638,86.82514749652033,7.903048307705589,185.97085024706405,79.436561361135,108.11259736327973,10.091023474823412,54.385281731765296,0.0,26.48891897453833,47.90749990496361,10.053705577250096,14.042323083573153,165.56777803527183,65.28796947230714,145.08862978900208,160.18915418948825,0.0,0.0,198.70649683268422,50.002936281009056,0.0,5.932740207495559,20.79200847096429,129.9158291554624,10.20483827616968,0.0,42.95386981555773,0.0,36.76293328134196,115.34920648258664,52.95002370814341,99.39025138031346,0.0,123.58167195696906,57.69794307818243,0.0,67.97189560338217,0.0,36.11565545185071,25.538167788175045,0.0,98.67883222479033,0.0,0.0,32.908751611917296,22.230684723510794,47.831599132856965,112.90322086649377,71.92138526030915,23.124077077820655,67.5176094968741,66.04837853432237,59.851221380456245,7.789707797189409
720575940915578005,15.533909871460006,41.434437423915014,0.0,0.0,0.0,0.0,11.696216993733831,0.0,8.955631877042928,12.485509038863773,0.0,54.91802420941493,7.433873206125318,0.0,92.7569215448667,10.396384020360548,95.56975817634249,70.73640178224011,12.69363090418969,7.634406271252032,22.07642687369415,55.22269736596661,54.82088486688769,0.0,129.5892880969248,7.11782190842476,6.517032001140977,20.609290053796883,0.0,170.75285236379668,108.88747574469508,0.0,80.33658957616318,46.453299658757224,121.2803167147908,0.0,23.962248206700774,99.41146254977781,0.0,22.530712585449482,15.37508643817364,14.339697791619475,24.68453032434077,11.603348044986465,0.0,16.587807186672194,24.36458845477101,14.785703750660868,14.703986134443417,13.479145887959024,34.91436226323493,134.97977627251993,99.44627377066547,24.5443008079344,0.0,72.42170894994732,0.0,0.0,93.57625026551939,0.0,33.423409146984596,0.0,152.21307224549767,21.39554586213926,21.80339747414115,92.2878964505649,0.0,12.989305558761302,8.655053523689311,44.378790069292535,0.0,5.796229162611302,0.0,0.0,0.0,76.70279775140888,0.0,0.0,8.51226595021407,0.0,94.34561718235328,84.21496328196505,29.663815676317363,0.0,41.151198455605495,0.0,35.03338029664819,130.4246734208064,0.0,135.55260751419672,6.778689414875405,0.0,0.0,54.89711208477667,56.82173252788268,0.0,20.246307863478048,61.643047395818215,0.0,5.014452175909984,0.0,0.0,8.655053523689311,23.909537726936186,49.19620623731088,0.0,111.97949586558181,0.0,0.0,0.0,26.16154651996069,45.98742119821003,0.0,0.0,57.30676619538151,0.0,58.17306388974757,44.88491698156045,99.35515475839745,0.0,0.0,24.34345163540168,0.0,62.47865804850821,0.0,21.84423948846696,0.0,0.0,4.509699072308559,0.0,115.69302251669926,0.0,0.0,16.914291746611465,0.0,25.72423756567367,0.0,61.68463886402527,0.0,8.270948815729422,0.0,46.372020989002706,25.62709897770694,0.0,80.31969032577643,0.0,7.433873206125318,0.0,0.0,0.0,44.756929900735244,0.0,0.0,88.38535785907278,0.0,11.862919492204945,22.29552270771923,15.37508643817364,23.904151664530637,102.89902723572833,0.0,0.0,0.0,30.779370353094283,34.584199379077205,30.364941126959714,71.93687041411863,0.0,0.0,50.0245729357018,0.0,135.2106481314158,80.02549985654498,35.54031744968918,29.03843629492102,5.41249991166689,104.42833035666479,48.43946215109444,0.0,0.0,32.89007683132416,43.138897034288426,65.36389214210477,63.250928011527094,42.20817142194593,0.0,70.22814665000074,11.603348044986465,74.19324152906027,127.61338970583397,0.0,82.7047076648047,74.80531439046463,61.22642771155965,25.23825518101164,0.0,0.0,5.502790970120923,19.58248113710902,0.0,5.759667372011927,147.2125672348115,26.64464363550345,11.622319577218645,0.0,10.0382795387703,154.49593652939163,67.77413495185961,142.2226351031554,87.71539276053252,164.30486848232266,15.575428262516859,63.491431527320714,9.886316910778616,0.0,31.781705006256523,11.627314269901524,75.5980101054283,57.91035896603802,9.772727775751788,22.060641009398157,17.2372412246166,53.91962240439251
720575940916016480,55.44373456599526,91.12398460307331,0.0,20.436071877094623,398.51012114840006,26.750455159200094,80.40739966768349,414.9970520813964,0.0,0.0,224.6928596100906,0.0,0.0,105.02622735405136,188.1211820272985,62.39623360391443,179.00102411352051,134.05136532055627,144.19124255431592,56.760001016993456,30.648010152708036,84.75400239960149,93.4855866698176,0.0,90.74249651546772,106.17752613153552,166.28281263561576,25.217454109740927,19.154379412495604,2.1601416620212666,75.15079693330564,238.9621046551655,61.99570848675839,17.505027607230407,408.3397542951808,0.0,402.2086311927668,0.0,66.44869514924119,112.4102939512945,0.0,34.82379482395495,104.63029546003668,295.3914511570392,47.531872175536165,16.546771702375402,11.982767980083008,3.021919299054824,280.43453656965715,150.83058178801724,134.57496537552925,110.85762742119401,123.662283421354,57.77316197886201,14.712313166212608,12.057477546902806,0.0,74.76820357727824,60.17898311247036,352.0296260658684,243.30667052946308,120.27371956320127,6.720888374342765,25.278630565805457,5.175810106506321,0.0,30.66937303368989,157.0825186268822,301.7707206967782,11.30336459604968,165.1328017273679,128.2581279158888,340.51645766676694,0.0,25.53695405993816,303.76284967465403,247.16802238566092,74.25246437822636,0.0,78.00979658803976,7.496618777627527,119.61217004619532,42.763786359082744,74.28744092537582,138.73059338169807,67.28283806556132,149.51058893187465,12.05537105182016,681.5625832710093,304.4936183301308,288.8430400637401,0.0,217.4291808553426,93.94071234398643,120.44507310865444,0.0,186.93760940698888,39.716103272449914,5.383514565390921,462.7601390222168,105.32937947197992,18.621751135697462,304.50738620208205,0.0,431.3542007161642,300.7543560371065,174.78886923571878,0.0,9.500252112036222,190.5229362803755,0.0,311.65730480633266,29.741257586345636,22.25868450781989,40.416542756148104,109.89400012413692,0.0,79.63411249106319,123.68486847093564,51.919989968050245,29.11751208781545,346.5773259005672,137.64080363162768,116.97005337544492,55.22478517088051,0.0,0.0,21.050306916324306,19.630269743006206,197.54915312850213,9.84644580866546,97.02457843223637,177.58187303204872,247.50636012983384,499.2964976606246,343.624651702368,84.67640928602198,315.79355992015996,146.9054894627183,0.0,91.98549616954902,114.82619511403318,0.0,126.87571851478685,55.279653138636085,35.30725786865511,44.77028969048157,26.362924438187083,243.97751397179718,155.93624450733898,347.90358627591127,325.68549454058075,105.19673011129456,9.69824401064062,0.0,73.41436337534998,83.68223655150628,0.0,0.0,86.39773646220425,36.87679655504046,24.62663851959309,213.0648817632208,299.8058441143259,301.0605053811977,0.0,39.868307374012645,405.3308144462502,72.36682660799872,0.0,8.946190283171815,594.6541313501695,130.1073253304493,0.0,23.35409110395077,86.66776344339182,130.78938597429195,132.05717324530684,185.48778673976346,174.30231353058952,0.0,107.94763963618071,12.717011862,200.8584369322251,17.860409789010678,18.57140448902466,0.0,202.56874233299382,111.18779632670861,90.83708992335666,195.56262074175402,30.955978364925105,364.7572381423545,140.3248045472938,46.56982293693596,139.7972503203218,0.0,0.0,695.2121095602649,54.95710928011856,91.90615119777688,21.696503224997244,59.13077197387397,34.179083025848115,54.069657358458315,2.9401729510374652,0.0,13.463506258070947,237.62123661152484,0.0,156.91513583938848,23.779653533953663,5.497535188497903,10.396039438421068,7.989243125683162,79.80212163937122,36.75841786694829,23.98738968327662,4.812844547747901,0.0,351.0322494496187,0.0,45.873888381246694
720575940916299357,9.619895002984856,0.0,0.0,0.0,29.246334777173757,0.0,0.0,16.06739155442828,0.0,0.0,0.0,0.0,0.0,149.88089497009256,0.0,0.0,25.64011115340093,0.0,0.0,0.0,43.14319780825522,0.0,0.0,0.0,41.16677624962116,0.0,5.582703170631843,0.0,0.0,0.0,0.0,0.0,0.0,0.0,20.851039838122908,0.0,0.0,6.014427632429384,15.911525572097068,0.0,0.0,10.17011240565172,0.0,0.0,0.0,62.14146427500702,0.0,37.8343611936919,0.0,8.980879869296105,34.65371371942264,6.885334652095463,67.76962276651456,59.63191935946398,6.2941324729821915,0.0,0.0,10.429065951291985,30.61123933028635,5.582703170631843,0.0,0.0,41.097543753280085,0.0,0.0,3.1817800442519593,217.6336546795233,24.74549659563541,40.628326238517246,0.0,0.0,5.0900294157365265,0.0,6.332693298866127,0.0,19.749074785338255,0.0,0.0,0.0,10.089461688275598,12.588253596187204,0.0,31.044132343391365,0.0,0.0,0.0,22.334984220617695,0.0,2.1685799076522696,12.4846976595611,0.0,0.0,0.0,7.019879977073524,0.0,0.0,0.0,4.6251389418073625,0.0,0.0,33.1015132584003,40.23222358196454,0.0,0.0,35.09457022667403,5.582703170631843,17.721383405238875,0.0,49.041841930771874,11.040881226320167,0.0,60.972983640275274,0.0,13.96100849469003,34.54318455504076,50.14479078198076,12.080714126337476,108.32120904403632,20.975131495649766,97.62213654710467,72.41942694818498,11.040881226320167,0.0,0.0,0.0,0.0,0.0,126.32784448543721,5.3723772408769515,0.0,0.0,14.11046293752224,8.527759766890398,0.0,9.21276094042234,3.0695817112020736,0.0,77.88400974835521,0.0,0.0,41.89725685388819,0.0,0.0,7.019879977073524,27.66246971860665,0.0,0.0,0.0,7.894447726483701,0.0,6.216015211038539,0.0,0.0,22.6615814628472,0.0,0.0,13.625573118964072,0.0,0.0,44.911681434753035,123.73731543341245,0.0,0.0,0.0,58.874491586198424,0.0,28.08251211812878,8.527759766890398,130.5013192885523,13.04227076600308,0.0,0.0,5.203653674146628,0.0,0.0,174.57110490666895,0.0,147.69987665518087,7.894447726483701,0.0,60.58676307295414,37.170655584454735,0.0,0.0,0.0,23.304103347816216,0.0,18.724211238849858,230.29957566928937,0.0,0.0,0.0,7.202033384297321,12.624570398508686,0.0,0.0,36.30322855504005,0.0,0.0,4.466680437434053,29.584314718521917,0.0,63.59016106525884,19.482840178399197,45.773921462999404,0.0,10.060422889549349,6.53446562179921,2.2759886450623217,0.0,36.51593486244458,0.0,0.0,0.0,10.084261539089026,0.0,0.0,58.74465359086496,0.0,61.65689724974139,0.0,0.0,36.764205181253885
720575940917422227,58.96582263972593,235.69456223559663,0.0,0.0,133.2613652938601,935.8853510522116,60.227298886529326,64.34364329237741,0.0,0.0,0.0,164.56423678211638,301.89018863634715,0.0,17.152200503454882,6.645247620498352,60.34096090240541,56.02311818294642,6.534622377845439,7.763795000081402,0.0,134.9213133219344,75.89492576758761,145.60684282405526,0.0,26.75290864587533,50.1868706821289,8.941912515906205,920.4411715457177,0.0,11.777993069787534,148.5677191391039,197.7241802710549,11.412487061331422,0.0,0.0,4.9021144308491,116.17668987218885,0.0,100.5738547973434,909.0267913104155,0.0,322.5455457923955,13.698894531548804,314.5116098872182,0.0,1849.134730674165,0.0,80.43898420372967,0.0,8.234666186275248,35.05056010840375,486.4437102878834,0.0,312.89036237151043,12.470872332123495,45.20394549896588,0.0,0.0,74.71031420796893,245.14995607699157,186.1757155964557,0.0,61.113082647053,0.0,10.249146021471201,0.0,0.0,64.90355738329546,8.546802245689458,10.213774710491373,369.4237712935868,178.08717319791995,0.0,0.0,64.09321136908648,0.0,0.0,97.02793108308715,247.29671796816586,147.88304092708876,245.6844011453637,425.6955964082036,178.10803196202542,88.04386833705288,8.608820188414454,26.952604233023767,71.90031595513348,95.13798385478637,114.21157392183417,0.0,0.0,0.0,199.37011121471596,12.589620328341894,0.0,0.0,0.0,89.93975654516441,12.634517677815044,0.0,15.607963455056083,40.255893479352046,52.937911281682965,68.55132280801453,171.84432025409643,0.0,0.0,0.0,0.0,298.77045531649986,0.0,949.9313950919172,7.381906220994692,14.650068121849499,0.0,0.0,0.0,0.0,0.0,0.0,43.477292404671964,46.891057219524214,134.8862025478443,17.41127251037975,0.0,0.0,0.0,54.94446005781642,417.34973258557824,386.97972943149705,66.6823095983819,0.0,31.533994186636065,56.20131886564447,5.865213495255273,17.931843362325253,60.38327640185924,6.304740372244669,11.083506351363443,0.0,24.098006649184253,20.19727882403757,61.25687453399101,0.0,118.14968296374333,246.08422573812516,88.13956848930611,62.91869378062392,6.667971514430854,27.80104348897438,23.637714597422292,60.4308462902405,33.835421356775626,0.0,460.52253660315364,37.49441975042245,0.0,199.39283690842265,0.0,0.0,0.0,49.75947551770048,35.98845247808334,108.722220280007,10.873537376671768,0.0,58.959741242895774,1.3899238288481854,0.0,1045.5021565496331,97.9166201094108,118.60207719077232,88.61752798621895,254.1227490488487,12.472037455583775,11.37839651086032,0.0,66.44449944340313,90.00272411714613,0.0,117.08634224542972,127.31444493647201,70.51731962572006,0.0,16.701189332995867,521.8134659935969,66.35574299952019,0.0,8.801475968674497,0.0,86.64480070877393,43.5035555889149,222.06140460718603,483.3235763155389,79.96100846197461,0.0,0.0,15.86556483938096,448.74689984156083,33.561851041686836,45.097327598280216,33.550858696908634,59.4189294976938,0.0,104.35710980733616,0.0,0.0,1652.8352950604794,0.0,139.52853241916998,487.9397596140189,22.044757711655624,19.894321044739687,17.881995662471496,121.12374609953376,0.0,56.2163068215675,23.001670916753618,123.8930688199922,5.755977032785273,51.59369971277003,7.441486399170977
720575940917429907,175.8805622589054,43.83392753099519,13.228140474087954,9.625544978575256,120.13109839481903,35.87432260521238,14.924227988972744,460.8687726181568,0.0,0.0,354.97054617459116,161.26701666774048,0.0,10.59841408098118,323.966140116364,50.38991928018305,133.78914781549733,338.08177813874585,124.47077583574304,30.62562416457075,41.73895843362567,0.0,12.634170537906602,8.750695036835328,137.27781714314432,4.4225974670337544,274.0894041684527,79.50971198309767,14.675152535621756,41.48880455032029,0.0,48.32477666085819,150.27172457524296,132.94846479940648,326.9778418637245,57.40452307930532,281.3077839930931,42.69338053285712,0.0,47.26049297189046,0.0,34.11489941043296,8.836899085835682,576.5020157192212,0.0,11.832623839514367,24.172393599595125,117.78452396162133,168.71278678430332,153.8701082588268,327.0259647089893,421.2477182532394,275.3262940827919,29.582973517704414,0.0,154.70003186389886,11.827889375056296,22.27957003236632,522.7049674290331,51.89778431421028,182.5176409279383,77.63606057272412,84.04450545894231,126.62118052403993,26.694491548352257,34.051714401091076,9.569307416061797,153.88163226845072,176.91868784269394,0.0,370.48440145970335,80.879077669673,200.351926869513,0.0,4.8489971132678376,305.471873049482,289.1265079484015,124.66418144124744,30.037378910356086,9.656782302411925,30.783411207163052,258.9228709570017,63.14408525183305,0.0,131.79934160926837,98.90519660082238,366.20720567704353,26.904934042547485,219.6194510776225,279.85379091185604,531.3406588008921,31.552957468491762,116.710092638786,188.84327663643586,69.15962419825411,0.0,187.61727911540035,96.24063366163965,0.0,760.6376671788303,116.25339890284681,99.52284214303351,98.56114619436437,15.17441251101205,244.601972980828,74.14146118323454,407.40651465162404,0.0,0.0,25.046768630505962,13.227321329287351,722.8200525436863,5.335821475625777,17.09277519691378,113.34526289802912,23.30640221561005,42.55205049913051,317.94940797362574,363.34300706247575,0.0,11.827889375056296,402.3186250289927,12.868530210899253,312.90420895269943,143.31637636572322,6.729793480832074,0.0,16.12415697351134,5.402928486545293,73.41070713701374,49.37419637285359,4.526880781498305,172.17272244012824,266.5550340158953,439.8761915345765,669.3137403854389,7.609847205240611,412.7393196817821,12.65552976894018,0.0,14.0302275831325,167.43461285419096,148.00736493173514,118.98286953029353,237.6994478512245,6.775449437945665,89.7718398938239,14.066795013387578,0.0,194.28732392132366,415.5377574288356,116.23501116446181,130.71462778169155,167.59842900538473,65.27916668081369,59.867828375545415,231.4865238975399,48.3408869712378,85.5252168078572,158.66901634925674,2.9995972383562743,0.0,98.06341147234266,199.18873017384453,329.6210418152526,43.03940133272493,127.0320071216665,263.7815406235588,5.230201718055403,0.0,0.0,715.1991746374408,117.95148938267582,17.402386240455083,110.65745575168408,143.50469102578208,44.8795216704828,32.01969222514398,15.660671694485409,253.84116122122526,132.667401794885,103.94189212788888,88.29731972994304,235.28223165488652,341.2786378389477,14.974908288537732,25.885976243053697,293.95070848174464,84.26336395785256,16.858248997761486,66.23126983834253,65.76470009505992,454.8955284472344,188.07160765354743,0.0,140.6047556538387,0.0,30.621854479132608,656.2575771859414,138.93967849611144,159.4881673695955,53.745469494181584,229.19272159141744,76.17682345935894,0.0,66.45300768408599,26.949054765803208,35.12519918216211,164.75480556978457,43.073976127711795,280.86357634613216,19.57744778273077,0.0,90.06857035493415,27.03846358148763,120.0733678094564,160.96875590999937,92.03936471572388,93.27879682946272,11.763790186085613,401.0604663866651,20.192455744714373,39.17080115000646
720575940937894317,92.30780066524318,0.0,16.42482399734261,0.0,151.2907668915254,20.858376459846646,198.3869436630106,161.24823469659617,14.021159953789084,60.1370121544975,13.915191325790397,288.50813501220364,309.06656051243135,0.0,33.01188078665108,198.19195194779223,84.73444654410868,0.0,150.00197336744037,0.0,7.5260088523703255,0.0,5.7282775841505185,49.578511600386456,80.04806250657504,232.70025176828,190.52827170163258,185.2072116729656,43.09354170471581,90.66861737754697,12.724569643698459,92.4835836113664,133.05675522025092,0.0,16.90909985205174,4.036863065202876,17.351854705974116,115.85766624710278,105.93923286866918,200.7371678113314,154.87908447395935,12.349395525637599,18.716509664496108,15.006480071161784,96.8690806823078,0.0,138.92883039198142,15.514203636288105,0.0,18.2377070152407,30.906384202522982,183.50799947994702,251.88400771124816,0.0,113.94482603121392,59.88937108721297,0.0,0.0,106.88788732056015,46.90351844758679,50.376290937565614,126.58212532323708,137.7462982561463,436.6415551777659,5.295957710625175,10.451124364680362,0.0,37.76422448504418,184.03016399883893,67.89214982899233,21.74555647729272,144.63212221272215,151.5986405044068,0.0,0.0,83.93009834286424,23.68496743105621,88.46962234544083,261.74858892009973,188.70638763681958,265.8510249597596,158.54567881279527,53.74317733650937,27.497283590224882,99.27173998901466,6.068239177857721,0.0,20.53029810484202,158.18204564650856,95.18410123967924,51.972286985031886,0.0,140.89733697580152,114.59092694749776,162.24062687449472,3.595630533372889,183.05735762553675,59.33403076960672,58.40794511840867,24.222853402771925,8.834678570648725,0.0,0.0,36.334137239348784,147.7275701810464,210.46343993151896,83.46250863335298,0.0,6.967255507520778,45.66303575514153,261.5335203994116,84.22149383566995,126.06536585586181,70.99963202231014,11.68693218037679,47.2916734052006,36.68562235839109,0.0,0.0,0.0,5.658587682416077,168.67255633686298,370.26005233732,86.24955748823507,11.836495985703154,12.334571168449507,66.69589682477945,0.0,92.19978679172884,115.65886458286464,112.8336636657648,95.11497464050592,144.52708042143198,18.05598982262428,116.23024307948916,112.32754381830276,67.40411480381516,47.863650216282444,107.81716294383828,0.0,55.36870699985661,138.26560811187554,214.63630815849027,83.71091249924608,141.95625576382326,13.859182242360655,380.17973477028335,116.61633424496503,0.0,30.977973688884273,38.027808187533125,25.022593578618938,71.55993438290032,46.458575523257856,0.0,61.81189064686936,0.0,171.68727102124086,478.25460970938417,27.204242932664965,8.64623912135029,18.477354349805466,63.11042614244204,65.2632811765055,65.19418237621056,1.984018383628273,18.1418968541306,139.2959385672473,7.507485820794659,0.0,16.982238807699716,133.2850372369295,214.8078952305793,179.7743936293647,234.72342289240265,32.566309083181935,0.0,126.23032136625974,105.14666926008788,185.70352086021214,8.62289024152618,214.97722640096885,131.99084642949407,259.30507793335994,26.736635404747584,65.68964963671033,133.41624625218407,166.79067818050547,92.37188333464825,11.82871721687387,172.68722239431943,108.33966885787544,165.77773082012024,277.1718666275843,26.022575428696545,5.628977608431942,0.0,0.0,208.39921816241105,69.79959458664898,0.0,45.391804862235304,26.40218581433045,43.72715013645667,23.652516019130115,239.49755719569038,10.918683496354275,15.157999851767569,489.6259761107934,148.39899847579025,120.02703297900393,0.0,74.4830117519249,180.03392556587653,0.0,104.81133405381765,205.29541263768508,40.271832641095386,162.08805534852755,0.0,142.25884511286577,108.69587364913464,55.84522044847528
720575940922814762,264.694961713359,0.0,0.0,0.0,29.301295368228157,0.0,308.0357910968824,0.0,0.0,71.5015321628993,7.354379949782906,817.5996747099417,493.0474792855477,0.0,160.0454609448125,320.10824160383504,155.82226654772634,18.652801638034322,288.0009160532483,13.593767381061378,0.0,0.0,0.0,245.1893729660394,0.0,326.98951550554904,127.4463930879322,553.327818752464,6.493504532388179,19.44983989765981,32.34576283075826,95.22154127764749,344.5966408192854,0.0,78.63910850504219,0.0,20.62586789851786,50.78910627424097,0.0,293.62581154687166,332.3313774463293,0.0,91.26257433527034,29.01011422945969,67.11768969427389,0.0,136.41629233175138,0.0,20.62586789851786,60.50895497871327,0.0,228.4551942264284,196.32647118740357,0.0,15.001842919047903,36.18190766305078,0.0,0.0,116.23337390582306,0.0,114.31740648675472,266.48177230869885,8.292856587685357,834.9513186883822,0.0,43.32080678503331,0.0,0.0,21.38749938980121,24.61128739493258,108.58884687031859,40.8160009873851,105.84130753023416,0.0,0.0,0.0,79.37760457087097,474.3313936785605,592.5635400573074,142.2474843019596,80.55290029716697,633.6191795661247,0.0,0.0,35.451467191315736,0.0,192.8206423587303,33.60845510108337,196.6830969087532,68.01495953297918,103.82986805049187,0.0,393.5761903661117,337.8113659225595,143.93203595639594,0.0,304.7191715557248,26.574109690271772,67.6717986557076,265.3200517604978,0.0,16.406288980140342,63.34916144347867,93.1203555151319,16.394909974271886,274.9814754491505,151.07581226357388,0.0,0.0,0.0,680.8811337251732,172.91599946887487,36.892024723143386,0.0,29.88023016413215,0.0,38.206663907734274,19.91323127415414,15.98578460694805,10.466568694063117,0.0,133.47462398124665,572.5125757495385,220.84450386606096,138.62704269174338,0.0,18.993313813688218,0.0,105.93018070282855,63.44345300974349,301.62242856834905,0.0,125.8873021301264,137.9845277242447,49.0081843717423,103.43328622877428,210.23950285049796,0.0,158.53481211241214,29.61797360506084,0.0,407.9213963124392,612.8711467534498,164.69401896671798,70.58236950333037,0.0,266.96810945837944,154.23448365889632,0.0,95.42628868986417,23.554118855822225,0.0,108.20692586691652,211.68288021121387,0.0,48.57283240983341,38.69823778674233,378.3552300940957,1003.7157764279756,16.287303456405134,0.0,0.0,0.0,204.3646807669688,18.200815772619,0.0,109.34249990134876,36.911225145158724,0.0,0.0,0.0,112.55436760482183,526.4090395813005,694.3958627300921,817.0566181030963,0.0,0.0,0.0,0.0,120.42241104110468,0.0,385.1564230140819,220.73314778511246,697.2750841860759,30.766193352123945,0.0,258.88912400770465,148.93716799214073,0.0,18.096175093295916,114.83227774119801,244.41447618370478,13.123186688123809,743.3126791984257,32.83927079079914,5.486110255760298,0.0,0.0,579.717131171467,0.0,59.87478561832551,57.4598444408572,61.01369791031415,168.9953318543866,0.0,510.187966851273,6.137794354704632,0.0,238.49290097119038,27.633526570016162,288.5638752803641,43.443211097737006,50.194831878357405,580.682004438551,126.38667806995576,294.30830074225133,368.0589770223473,10.14383478822844,637.7041268876577,68.9516694596259,332.2819415090949,492.3714976993717,55.003141353942766
720575940917852811,80.42079143942243,25.111307691209227,0.0,0.0,121.70542796541953,28.1795547832462,14.392690827179203,0.0,0.0,68.04122604471787,0.0,239.37014769497344,98.05755753771733,0.0,82.23030951301673,95.72361551425332,119.53963106946601,5.401057047002552,142.73073151325087,27.024304334118344,0.0,109.52719264220072,171.8142035060562,137.72809837662737,16.27548903923195,48.24233351666438,108.98714757626871,203.90530880864512,57.887531942999814,30.32301484620988,46.49352884977677,87.15457986409142,88.02411186979029,0.0,65.22282056620656,0.0,0.0,204.0001093644875,0.0,189.70490911168258,138.48531576159786,0.0,111.74503542717943,0.0,82.45745600523824,0.0,135.71620358393974,27.623836479904266,0.0,0.0,16.085902465908536,44.33545738261863,210.02858401100212,0.0,90.83863595923262,49.730228832441156,111.46373242209343,54.17600721821936,134.5426953962188,30.79968394056328,22.748266739184942,69.68232614448851,0.0,157.0536909035361,0.0,62.70817687317384,0.0,40.09785148912202,49.68120546261001,65.35051974579676,28.677159069276627,139.67366049730884,103.1692977488777,0.0,64.9073162545114,0.0,11.814522919111266,59.93980703843059,48.576621871997844,61.61587180336709,47.0223129992373,140.22145064907284,66.9049214617705,40.09785148912202,111.5551474053446,76.56523716269803,16.602908427216786,115.68381454424363,66.79275684146971,129.56764215944787,16.988152456020227,0.0,35.059195313184595,179.05417947705106,54.215667879080236,0.0,97.12300791189178,8.038349509956628,120.79742397849651,14.620983075288285,0.0,0.0,0.0,73.018249271512,29.251199316236825,151.26199883419048,223.54741047520827,0.0,0.0,0.0,228.9240245898656,10.91670238075421,138.7243845645056,50.62200206288505,0.0,0.0,22.484015979811236,0.0,9.754243784365528,0.0,0.0,21.811201595782276,107.14381725661667,143.00034349819063,104.84690769137532,6.151157671281883,0.0,0.0,131.3854705059239,90.22629360638368,133.40370582803175,100.53256127943239,31.63802325781969,7.4039654251556515,0.0,36.80035686028883,17.631487875343467,18.67124609198427,0.0,25.883937862268485,44.07370588399407,82.12722239577946,78.72971677147856,9.708157118983504,0.0,95.65278220393108,215.24601252761576,43.429406898052946,0.0,63.814423428874534,0.0,0.0,0.0,34.31533651971637,0.0,75.32679814058898,8.343059477859981,130.39561140874173,133.2280624432285,24.169174865780356,143.69643702010882,0.0,0.0,114.6531220064112,8.802951849137958,21.345686178817772,28.5898630872472,0.0,40.43827726774391,0.0,64.82291468887888,11.869678466352964,167.651217539199,142.53716096342478,183.48046571932585,0.0,53.84299086346021,12.14407582628957,102.72985794525977,32.43805367785919,0.0,101.70408901297913,246.07965619924641,232.1527711774155,80.72613904928691,39.408574459486815,151.05165765507823,103.14028170471045,7.000513385549061,28.96173946811074,25.643691789858448,157.54922450232732,10.76257390334583,107.6413062664688,97.6720306667546,0.0,0.0,0.0,55.139915108566086,108.4155293964794,7.723256345391923,294.2983065665517,0.0,157.53797048512678,0.0,167.24892323392655,0.0,9.217950340272342,504.60852635233545,137.303784863908,57.75676131227576,26.11655787537562,39.45444342038389,160.97742098288148,120.9677895914144,288.88884102777473,154.22243641348362,20.418507939581506,365.3511164837008,9.70071361810922,52.421287511459404,70.86124833639379,12.16475744218074
720575940917853067,257.48755795593104,0.0,42.75531896447794,85.79269821611727,26.406054465874107,0.0,0.0,47.11716306384251,15.417958872062915,31.784067233428033,108.56392954260339,59.761940011822034,0.0,45.08378098136248,303.3674341215844,6.57126888348045,210.5376575809147,332.1120036496746,61.01995591277491,170.39760736827108,70.78316598434134,13.18461524587143,7.984663015393235,3.016976021935499,212.02314929102118,0.0,95.08961114397168,82.29353399895297,0.0,184.5518135211436,25.62953004773641,27.468194475720427,119.77882539509804,50.58135180831798,510.7058714806612,33.487082439396325,156.74250784276953,91.04988124108556,30.904687594381162,114.16727617551938,63.84279350075662,69.12631883319563,0.0,145.32356528181487,0.0,33.308676867084934,8.991742347812277,72.82784242551146,190.3862766938894,215.9027528141152,89.39241784259497,229.8992286614184,197.44299091827236,24.842494629153496,25.219188780158934,270.34031899335326,8.511702797687681,135.66241726603872,327.5317624660201,0.0,13.80230730166518,9.024775512301296,193.05022117775323,41.40252888939645,150.0176845623503,37.322998143012754,16.095176011747903,131.59041946852102,46.18009747496131,0.0,363.4833489509515,58.925921084553046,33.38336277581702,30.920999530483623,0.0,58.91428318181478,83.5167720502503,12.261591243664556,29.213539863049935,0.0,44.12324448576599,263.7076880410147,44.26426218394259,29.755165004493303,16.86557443244441,58.54369404375152,424.21478620196706,63.810798996627256,30.54212166715684,345.7576424934874,177.45023220850678,11.677261545477783,44.17424727513113,248.1049821410377,127.10623750220472,0.0,65.08891594597826,69.59548366837052,8.449118711801926,322.4601683342072,2.582400191015697,126.29958652861593,97.97561018040712,33.80555499731804,130.12140974945467,15.188311937909972,304.0905338802133,3.5708807816709363,18.65958522654487,4.204098376412792,27.83769672543724,399.91345762098314,0.0,179.96743264050062,95.88075360473178,128.24758211298428,63.33825616528854,289.7785469404216,264.50166048214226,32.286382239760684,61.302159230590014,156.3796157955964,0.0,276.6204010354297,46.65057724033299,24.006579609169822,0.0,0.0,10.347494269314073,0.0,139.56515910990248,0.0,22.326646934462822,210.90068835466792,189.5417413190966,110.63145225877557,0.0,238.54951098436882,0.0,14.327264767143303,43.93748695404966,78.38955976352361,78.95855613775171,13.770772297045209,247.98146312371276,0.0,3.160024710617801,0.0,8.750521546669022,40.38005717401537,87.09836763064023,40.454367946074655,0.0,324.41253252598796,10.16308681064644,4.887399886057776,281.6838967405425,35.61463573056882,88.60852340263544,229.02116137720046,24.784266235170033,16.63181783726954,0.0,160.32141322262555,202.3638244311782,0.0,62.87422510340827,18.800763089938332,94.666258578095,0.0,0.0,217.06287642564448,139.79290710957238,0.0,109.49311519816966,87.04060532727014,0.0,10.960165329915915,3.160024710617801,0.0,165.7459935604203,79.73939906684114,229.6058563195215,219.12557184360466,227.4753441878817,14.736723422101822,44.747560772190965,111.76528314028272,216.9857670066761,24.987229826486377,11.97915266514875,31.864595408509327,106.20616813792734,296.7063011638934,0.0,151.3763334523492,0.0,18.14637323031002,171.02135550376073,26.85207734498651,86.53023600801185,231.13497612797784,387.4627490616232,33.11354382763542,0.0,19.007487483229863,82.30796815603635,15.564881686330576,132.25151267879065,40.01792431192995,195.50098034431866,0.0,96.66950099399513,53.005399369316365,45.873977175608935,136.1852484278571,53.175625186484275,156.2579778693669,89.16708455131804,22.33427541298904,155.94596996331268,27.82861836127049,65.52943331339749
720575940917975893,94.00158438808029,81.7416890180989,0.0,0.0,5.352732028733612,73.24043366047331,0.0,0.0,0.0,27.72142955036724,0.0,0.0,24.187235542673758,0.0,7.560415627938334,0.0,26.80811517411712,0.0,32.408525159330196,60.16408727383229,60.33490536436638,170.9413439046437,156.10858350601066,87.89327256106439,103.47391190644261,7.474908877600413,14.80586159961198,0.0,41.30431075163159,96.51791353482388,193.4574487711032,0.0,69.09431275707033,7.025729679377988,154.3681630579077,37.66639613191958,0.0,168.9355540703566,0.0,0.0,5.931414404478193,77.01626737022175,44.7191844787281,0.0,17.706527415391886,8.46409282940092,164.64973099018877,0.0,7.9005527480464695,0.0,140.9514552510419,43.91988082830101,83.86737369001823,0.0,6.685395285338369,18.598980965783888,22.96995268452465,0.0,101.65003439356332,0.0,56.993218400196774,0.0,23.720582492842823,8.191409473236243,102.3988894163055,17.557757197321543,0.0,47.038260492444444,5.559203684163083,33.03298894320012,8.191409473236243,50.55157676508741,34.96616416791256,0.0,0.0,81.53823417242485,0.0,0.0,18.197552172034687,18.719094531205844,40.17452707756825,60.17198743216333,193.39062025873332,0.0,167.06458908347176,0.0,19.94080020124072,69.45783518951183,0.0,40.7047323132328,0.0,3.5894872521633783,0.0,45.20863229060801,6.822032159435618,0.0,18.705723147956522,133.10799503017154,14.925998690773573,0.0,0.0,0.0,0.0,115.74090762926653,56.395153945211646,17.816688822687833,66.24199696619742,0.0,0.0,0.0,18.719094531205844,0.0,14.555487079732,5.4292257474104835,0.0,0.0,0.0,0.0,0.0,0.0,9.739121170613965,8.191409473236243,42.18516528998956,46.483646374576146,0.0,11.144430315732677,0.0,9.299838767211426,14.433547344101187,0.0,29.72567677409546,0.0,0.0,0.0,0.0,4.635429170485317,0.0,0.0,0.0,140.1430117455482,0.0,21.35929774218944,14.80586159961198,0.0,0.0,0.0,11.863374778421425,26.669236378033407,0.0,5.238013076326131,0.0,0.0,0.0,13.53193140454694,7.155857969059452,17.569036138446208,29.414898507316522,0.0,26.20892327187569,59.66218891847225,0.0,0.0,13.375817623279225,24.21711568609395,37.6871063246359,115.04970629934168,54.95187847332363,0.0,0.0,0.0,33.66677949703805,0.0,43.854293542300574,12.87383137498602,27.58941947495789,0.0,52.13926151346631,36.63038699170085,0.0,9.305975582052607,16.7859698925142,45.83600912952557,6.152427045864146,36.055707855674655,55.81275414655845,0.0,18.088157830133103,28.97760442831113,75.08267624408764,193.62332899062002,0.0,19.04317395042489,8.722691747823232,0.0,72.88028859637741,0.0,0.0,10.90699801129277,0.0,81.91576510259178,19.57001281149899,90.49915923763064,0.0,16.01377668741117,0.0,1.6644190077214323,88.2278205938595,75.60372668430503,86.63026798978241,0.0,97.76524483218972,0.0,6.963394031215889,11.230814270356111,6.400426863406119,39.394726992996205,45.02464499710466,85.74676210798341,0.0,9.744631642797758,21.35929774218944,45.86951340491451,0.0
720575940918316341,53.66479508695482,26.097061220488918,10.127490081012581,0.0,1143.2376680054317,0.0,148.50119498366865,1011.5006628059248,0.0,0.0,39.1753640782123,39.0613259403711,8.115552192498802,42.81731195170822,278.12714286052164,84.13125777550569,203.31331701565813,30.56344522341348,586.3357576792864,21.39310484782707,10.35976338637809,52.117588904398616,31.69119556639374,305.1716282739599,33.509361986804,261.5240944241534,990.2980833303748,144.90891134598414,0.0,0.0,0.0,1010.4559097584369,103.59067782146136,30.900955233694212,117.028092139032,0.0,129.12363332531456,0.0,22.000442415375677,6.161912271667932,0.0,0.0,55.92936362276577,192.91163862688384,44.62372931287108,0.0,0.0,0.0,240.1073673586444,62.72507915476728,85.04928867970128,343.1599314042904,285.0746189160536,0.0,113.10492576343712,7.89888239139653,12.82271623828458,56.18133434273912,372.843448299975,1508.4905060586593,408.0205497034552,174.26502805855236,0.0,100.99942221216577,2.3382682160094466,0.0,0.0,207.46518738263526,971.7057938052312,0.0,63.37572466271854,453.9571675266281,1738.20687702487,0.0,4.84602441551244,177.69685261089657,131.88020157309,50.15996988851443,77.89024339581094,364.7421537194798,0.0,110.1842935719162,0.0,0.0,227.9764810625428,156.89398202972055,182.0785798114716,0.0,1487.7053527634869,452.1132113890449,214.58969536131173,0.0,106.9795012654274,326.7885685149997,0.0,0.0,515.9103644152289,0.0,256.6339907991148,179.23589100930727,50.05501575971425,154.98263894899196,146.7447739140738,0.0,587.9656886157208,1404.0692110209495,30.204762231321933,0.0,0.0,784.1203679905756,21.01329726410227,108.79162463588472,107.06788708203264,26.19641487621682,58.374693353730926,42.04450957734151,0.0,75.83060024092177,47.74907511501627,33.36521374886002,11.778274930243207,779.0949364918736,206.9997001767832,404.1975694238346,365.859141183725,0.0,0.0,0.0,98.01053534200659,74.35486919331846,24.555313291300628,1002.6967898053289,952.3080413776656,349.03258656873845,411.98943829821275,712.3521385556032,224.63744052214653,395.0561704991945,159.11761397079206,0.0,68.48945969128954,478.1428876260145,159.20674456454717,448.6510739139939,17.04873063739423,129.53441245076334,565.75613804277,41.05427846770179,753.1921117025497,560.7059627039274,566.8394312542391,87.33770609248435,417.7130258428371,80.71494661065167,0.0,14.257544487169486,52.54461831811232,37.789248102048234,185.67205507862425,104.30718604626844,4.917956380954919,69.68534886942368,556.4386157134223,317.80404878703825,468.58308210267717,0.0,87.14680492709256,1445.449391239185,8.197642347904,0.0,27.116157151000202,676.1506125211506,299.74474890991775,37.53894699154728,134.76813377114917,77.76663621579534,8.99787731750765,16.510788797132456,1204.824358430934,406.340231286441,1.9514541184738652,727.2192624185565,29.56927658279702,228.18030681876505,164.31969819109688,0.0,16.604705466427784,441.09382204685613,41.7150129217768,10.678808103764561,351.3042099453884,17.357531806783985,421.4164590999122,425.22199148103545,13.37078845526654,338.1123264008454,0.0,2.3382682160094466,835.7954727257513,111.38893027393343,290.75788253259515,47.649458393900815,144.25388901959528,378.9684331139535,0.0,75.52986362598257,0.0,0.0,342.25440074254806,0.0,122.77409106909467,11.407815998303482,0.0,65.60557002079598,280.21963553581185,0.0,300.01656823490504,27.746188011994864,147.45814486053177,30.02086335500433,543.4567612551234,102.71365644116068,89.26660677940893
720575940918750769,19.256701561901227,63.285310224659746,0.0,15.997530301705783,485.60045977414256,89.25091651315336,241.1468304831869,508.58941749688086,0.0,0.0,26.23856619903237,73.61508324995326,26.56935342802689,38.38181015656157,74.08843144368615,95.91770107236137,105.31507314882512,0.0,200.85351376111598,8.717299462216035,0.0,27.02317971515888,19.839245695251048,26.30458494906441,87.7327305320866,268.72632193572724,390.58072284597824,203.6854023978024,152.08545284123784,0.0,0.0,374.3406068959489,27.438224599671045,5.2610295807949985,173.6768757716906,0.0,32.66580992399476,34.63367526081041,19.05879637599662,21.465302942522552,13.319373865835963,0.0,120.97123703703899,72.9784329901588,221.54399659486762,0.0,123.46773868126316,0.0,21.835286676777066,0.0,23.488188213611824,262.7984164734497,181.98311840325928,0.0,136.69363830734213,57.32762356945446,0.0,11.10095262508505,111.4628818187633,431.3436155461685,305.52724205850626,468.19787254389354,0.0,258.6284936383941,0.0,0.0,0.0,22.680063415546392,233.9399951486735,0.0,57.47798053242388,202.187278288309,299.4758352674126,0.0,0.0,29.770418035738064,55.56331833712461,96.95183108678782,106.63016440825817,339.0618043607345,0.0,108.57702326803799,15.859080320959976,0.0,225.06524821915704,11.358474494379596,0.0,37.26602260105616,575.0708518509288,101.52124941916891,195.1199960597894,0.0,264.59109803343597,133.22561505487076,10.707937763350735,0.0,512.5423631329012,37.13299660308894,23.10899015013578,85.50263282229842,9.235983808334268,0.0,36.986326447544805,0.0,88.712564071253,637.0987371101501,0.0,0.0,0.0,193.22746810612145,80.05389019282082,246.36164042453703,157.2470819175413,0.0,0.0,70.37366752459927,0.0,75.0445657357524,17.728536831947565,43.56245334749174,0.0,224.6286696041763,258.89771153291827,59.380223660314876,22.563001518705207,0.0,0.0,0.0,13.894496837885551,399.73264244434637,8.203909870148108,58.05919257481456,733.833198799568,135.17156519614412,252.4668544491184,341.40304918250047,192.51553819031,171.8282011380366,361.1672667838772,0.0,0.0,281.5992342676863,188.086104273759,544.7804130121416,15.319582168725937,232.69691159054275,464.21908161868845,104.04300710503016,89.50182358807847,138.8310881746571,195.56650847091376,77.32991556447953,556.1272409671419,47.0442260237584,0.0,181.6572798990084,0.0,116.13936218732866,91.48045050995638,0.0,0.0,0.0,346.93821258633585,133.7160431879343,210.6119397077785,0.0,14.136168895657773,507.72942660530845,9.579307700361202,0.0,149.49414495768485,254.3921812596289,240.26166359329528,13.894496837885551,125.74688561182103,7.822405419973931,10.991669940685775,9.12228666925929,27.89979454414194,1026.2239094427823,26.070370221472185,469.7806393746738,9.431744351406945,157.75882070965528,56.56876689500784,0.0,21.775589708281807,145.6473245278817,10.109970910001168,5.2610295807949985,426.7728171339805,7.2478909646344905,292.66244829469,171.13568269396316,68.56543388772168,24.035009042856682,0.0,0.0,563.2115885047717,94.16319365976568,15.87350871132933,16.767748782050862,19.39847099430516,14.177271573765355,0.0,70.95342094495051,0.0,0.0,594.6858828492304,0.0,8.847575754565272,23.93249830173841,0.0,93.02717066028491,0.0,26.857745029219384,195.8227953273484,0.0,179.0860972031726,10.260729007182052,377.109584293737,0.0,39.9390386448996
720575940918815793,97.81666355846309,0.0,8.544815630595775,10.229894625735541,0.0,0.0,0.0,39.36864057464066,0.0,0.0,0.0,38.11233661442479,0.0,119.18693741115361,67.6406516441464,8.508022415635454,71.63593389372996,9.804943554622156,0.0,69.71811902736786,14.870215422513436,13.836188768065368,10.51617218421824,7.910839187698948,8.220825807409229,0.0,98.9238025553811,0.0,0.0,0.0,6.634914597189207,22.015073398570646,53.44224184653413,20.643666000362295,305.5111056093632,7.323750004617786,36.56496230075667,11.472070513329164,37.17284667010557,11.98087325761646,0.0,10.730054757446913,0.0,13.40200382065818,0.0,0.0,0.0,88.5915526726675,30.843706213163095,51.303575270665355,45.94704957861709,78.27912833927864,88.2986438057494,24.596717374751634,0.0,55.42651708325636,0.0,11.115612800657303,241.95628071096604,37.820175375931704,10.411736739929783,14.72441331617696,0.0,14.210043323835222,145.24178828238703,7.8525264840858675,29.98365383519529,9.015738234907046,60.37680947435112,0.0,11.43776715487218,29.74408181366547,13.836188768065368,100.99554692807286,0.0,92.7900318076212,0.0,33.223066152477024,0.0,0.0,4.497176809854924,74.15502903996415,0.0,0.0,6.536368073266278,0.0,42.66373527407287,11.472070513329164,6.732353001731538,127.83299900408151,0.0,0.0,66.62740087821847,25.22905694525926,45.38585457053645,44.597642036560764,30.469092296169755,0.0,0.0,5.159717758253888,25.125972561009323,0.0,10.928081863992608,0.0,42.40924934822631,0.0,18.237019972051282,0.0,12.021998981871057,0.0,0.0,30.74929802067085,0.0,0.0,0.0,209.14810382169463,32.06208616383991,37.075875945247674,20.586119574707425,70.5978275092417,62.180130025550405,70.55064428756319,9.759414941648922,14.319309889062707,0.0,0.0,0.0,27.340712421935063,0.0,0.0,0.0,0.0,15.312466078139954,25.282556771843538,14.354474907850934,0.0,0.0,57.30136627317667,0.0,0.0,125.02050003844006,0.0,8.035918028709006,0.0,72.71420321829477,0.0,0.0,0.0,0.0,0.0,0.0,0.0,0.0,156.02845934861955,35.179970551368704,0.0,23.20712508794289,14.210043323835222,73.30671908126146,48.831554295536804,6.455366866893249,156.51968602529342,0.0,9.880281269824728,34.231630776210395,0.0,59.820481482012866,0.0,34.118483173785265,10.6766140554617,0.0,64.59590523443569,9.830438600791927,54.58323256591325,47.59283864283377,118.61605920790896,0.0,114.91103238742967,0.0,0.0,40.748082891304804,25.233646348393698,19.76113762331137,72.89921685925175,95.24848760539746,0.0,0.0,100.16334158872661,99.3950113981995,6.2833918603537,0.0,33.15538742445886,37.26285985890327,173.63017468871143,0.0,19.62832053151688,0.0,50.60988412215781,60.03255669525727,55.417087756947055,59.44411982104638,7.224314046523965,143.8591097032905,0.0,22.801116779231524,3.7027947024955368,0.0,8.735351876806444,0.0,0.0,229.4224496455256,0.0,0.0,8.035918028709006,0.0,38.10525347206797,31.09036012703483,42.59460889091676,3.6185509857755327,0.0,14.72441331617696,9.759414941648922,8.51569219093767
720575940919632133,16.29314493446204,58.03232639296235,9.894864392916952,0.0,24.46150502786151,94.32299164922645,129.08996155838864,74.53881338393202,19.137691832465677,188.41556690519826,0.0,99.74098347313158,39.95582576763142,0.0,60.45996289122492,98.9657222236864,106.74389689917223,36.57463130032175,13.27103376639679,12.755588681902037,15.803230377399535,37.400580692888646,214.2999640324301,0.0,14.926186383065282,119.88195377217932,23.988467398323454,54.94147550287733,110.19331322045404,366.4849741179959,77.46146291032609,0.0,127.46861301189264,45.73294549349717,186.23420027517986,0.0,12.599225566822875,170.84101445203729,129.72348434190843,112.27139293586609,46.40473525422761,12.842767764196156,81.50274450012266,52.1517843788025,27.126947097530525,0.0,110.79736279888644,35.36716826734692,11.422354709385019,13.042764501955205,46.532745354310016,67.46160199646039,285.32691652977405,17.9080059624,27.704160619928878,84.18260661444111,0.0,0.0,217.46132183634816,18.528573775905503,153.65651615011942,127.01726611479563,40.56045379831985,73.63308376205757,14.1470059394864,87.50921705228356,8.785962247499148,213.65830771052038,43.61667439622909,73.79419427413318,0.0,22.15512373481355,38.52626921617117,0.0,27.14129866917026,16.016338187943806,18.51919356599638,11.648505224298981,47.865227433988736,14.758583975045537,37.70729001544957,73.45668303171807,125.84589928770984,206.000349719875,37.231174814523385,10.30205060173412,82.01630490956738,74.28554398286752,35.477754207365976,47.700882987001314,8.8729042626021,0.0,38.20495031174918,152.0163887528075,69.34137279418897,0.0,27.0514824182558,71.00173168839297,0.0,27.187250301724582,36.54793691251081,0.0,0.0,79.27807997497892,63.45426910643916,90.47193179845068,190.36666389825535,0.0,7.053535139929241,0.0,38.80844485479814,39.96616852634956,32.19660566390586,35.283948109772574,13.386993964682171,69.25343791353245,24.213296488614898,19.6644652051905,23.396032219237036,0.0,102.8121694467043,47.122083358705034,129.83797154604179,77.7525225077954,0.0,20.94677898229019,0.0,90.95156162749552,0.0,214.45012421354681,99.9832128133124,0.0,5.496884508692756,0.0,31.267807016009865,96.92047179556458,66.51225867210177,86.692195917826,71.06958892244722,60.70921586289242,0.0,88.14500550215939,123.30631709539817,20.00262449617302,0.0,75.2569969404568,34.627209215803816,16.099304882210404,0.0,6.237775410112757,54.5263717456122,0.0,49.50202900757655,207.5472540986166,0.0,138.68183440147072,8.832670564249362,77.79906588702423,43.44213844761856,193.99772026939826,0.0,0.0,20.220343613682477,108.19155966556852,75.70848472692451,29.570109782339838,94.68039706839903,0.0,23.862970994324662,0.0,82.39876510121935,116.4716924909046,146.8502764838669,45.3917813741697,41.54279869288209,0.0,18.73546573573589,47.35691929031239,0.0,93.52556763601835,5.718841942903549,144.10528278006723,86.58542410995997,86.97265919039774,98.48548893716776,135.9115787086996,29.7304543192202,78.00117614558208,107.33106513754909,86.83914595796986,46.51315378412437,163.71326605767612,39.613388535072176,42.67942357462043,107.50613978761484,0.0,0.0,6.731410287171322,31.051594891755833,123.63849309014111,79.99941266869736,194.12051592039148,7.878286079527333,0.0,10.82383670968081,47.80319079869477,35.42058770277417,25.70639504229823,300.46121271273495,115.05391664372551,76.25326460520665,92.03361743628192,63.99824359923514,133.05226586534772,0.0,61.72546477107276,69.99667641104499,82.23896788961589,128.47148285300108,0.0,24.131594827766794,11.422023609429358,0.0
720575940920027261,147.44255434534065,39.642777221437065,0.0,10.330616127168303,91.240553949897,34.84796939746637,0.0,39.505619090634326,0.0,0.0,0.0,26.630485485204858,26.58643486082037,0.0,39.01076854406192,26.937797259503544,29.44589326237161,2.35869884682212,69.45279246726858,106.809295722399,27.82549912813072,0.0,250.18725354887866,19.60235340770739,48.126893107500635,12.521401694339678,2.665252663546053,21.759588536311846,14.062947939086827,50.67026382768296,193.16984851248654,37.78365376625673,101.08844496960135,0.0,0.0,14.04358034579948,0.0,134.85482883026359,10.828736807202192,11.593113554054373,4.556789471665449,17.927028094036217,142.30603791199806,51.10732296647084,42.6399553231784,0.0,57.61282701917187,18.414553648421357,11.585639436589139,48.31195236518582,9.162650095358758,37.486674762037666,103.69379452167924,6.854809115492734,29.75956388784152,126.14193493038954,20.272886182549495,0.0,18.605344962505182,0.0,45.94335748186057,37.49952694381639,28.479128069912985,19.72829286426537,56.690134085163635,0.0,0.0,86.12261712660539,66.94361701219947,34.07633544181766,66.29698451789022,28.859056925169263,73.18261609671009,0.0,0.0,0.0,0.0,0.0,0.0,58.16453874450864,22.775880018571204,74.13552669762755,108.39936833318616,11.372075629377216,9.999402387334689,0.0,55.914035801546724,11.094130514180083,34.21287986909,47.75609462983187,24.293002219004325,0.0,0.0,75.16136768211052,39.89936056855954,0.0,18.102007014727945,18.39415045876475,21.187201144677037,2.35869884682212,0.0,17.25841586862952,0.0,0.0,7.788797614262081,14.984212742900173,6.449616216531939,0.0,0.0,0.0,3.5073896987296185,102.34820252786835,54.93346088008822,0.0,0.0,0.0,0.0,86.95492029462397,22.24557378555157,0.0,21.552597907144737,17.229648700759505,42.280965582181196,46.853566727998555,27.616924228525,8.74936827255982,0.0,18.72521834642646,32.92703178181618,32.80975398248602,34.95991674451981,0.0,79.25812799905077,0.0,58.25346437531664,16.8050788685013,34.21287986909,108.3377460367976,19.096248068807878,37.84829477157837,0.0,35.52299669319115,11.96112697216199,45.60262906582733,56.34360274869325,0.0,10.5349049069167,11.602222117920196,0.0,67.9035946800868,35.21544013629844,0.0,26.893367760409326,104.21270008990724,31.182165189744605,0.0,16.444650139401713,14.068126466233469,11.602222117920196,0.0,14.219591566090635,0.0,6.5748463744681995,14.62104557817838,25.70320423245589,66.59376383415481,10.97312402376641,42.70147199467018,0.0,0.0,32.55480428753657,92.52443920033673,50.91752625450156,14.984212742900173,15.468516670891608,58.05098820059301,91.95243614508425,0.0,5.824394819371021,7.797119691601445,11.013048199341988,0.0,29.33976605672671,0.0,17.247341796711122,40.106673992394306,21.87710042598621,3.0992734686446366,39.599270708463386,221.92938051542555,51.0179587375913,7.447043474342819,13.584727716515728,20.65068807743339,38.95534811336892,9.181502962306977,0.0,0.0,53.835709168080754,24.08239413322175,21.547323070525337,44.702958425330216,53.78690682000142,10.779761325886756,0.0,3.1418399743308667,23.18536905034326,21.429859910291007,53.898146744694074,0.0,37.765018333382415,24.30064040070564,16.648423060872197,31.049659779503138,26.985365703068084,14.075234161659086,18.102007014727945,57.848207402001925,28.75255934820716,0.0,25.899126706329398,0.0,0.0
720575940920037245,115.58133635435034,0.0,16.304308456215043,34.599861467026855,27.515014263270523,0.0,12.148860148575183,127.42584097947784,0.0,19.573276506322145,15.282703090045379,213.197139814877,176.54225824335498,0.0,106.02267590930661,52.57804660650312,152.97900887819796,34.86479029198321,94.99465485008047,21.516025491704628,4.326294743233587,9.462813322695874,0.0,216.7315273194674,51.3368663945125,96.44640979986906,52.40641632658579,57.50383057983583,0.0,36.36388614631102,0.0,93.97849792515515,133.39213333654902,10.089573241140867,0.0,0.0,25.097663389328105,8.760618170782175,0.0,223.05183902851056,95.58500290659173,0.0,0.0,60.84614027865077,0.0,9.498661855058694,4.902302389401364,0.0,82.61920558249645,33.182569017020086,0.0,116.30807857076178,114.90903542810348,0.0,20.042720825536318,0.0,0.0,0.0,136.0734109599994,42.345816300954716,3.7777068599046615,12.148860148575183,107.8342253326947,242.9457995887228,24.354207366907428,32.08677274550238,0.0,0.0,43.80552582774765,58.21848210567835,105.50824151921128,77.2653696374904,147.491744155494,0.0,0.0,7.1443841382037645,111.79090644727111,16.365972120891566,138.38732200694523,46.3322500993269,114.18766975503672,176.03344962259155,0.0,0.0,58.441985366166016,0.0,103.02515710843124,17.068725923385088,43.24831873538383,70.86204025603011,50.19381241286337,0.0,20.154741524789753,40.28649935294725,184.97546341165665,0.0,41.55510662539125,9.017346390993344,23.296279174946637,181.5292871494636,0.0,54.29638331507177,81.22220186905162,0.0,20.131566216017454,132.96655396990153,16.798723986986783,0.0,0.0,9.271220723734167,159.63752512825204,93.92661585286237,8.43872801808701,0.0,65.32875586318228,10.424546046458131,43.311979540537855,118.1073299430255,55.57512264789122,0.0,0.0,106.94388501332264,178.40888241424423,97.20920179994191,157.99578298653398,18.020716776020112,0.0,0.0,70.78514635593092,0.0,224.5513831722604,18.44979474357141,50.812966026391166,41.79619170555615,100.94904028104679,37.78046662992006,27.364185949791224,104.96664459542231,12.148860148575183,0.0,0.0,48.01029940971425,53.93647140141185,0.0,91.27187128841811,7.100472076699316,129.0652559789756,90.26781190020849,25.895040548163493,50.277144904784,99.76600155357728,52.35193556839204,0.0,88.69471349239416,0.0,0.0,47.513102103305535,53.602915781545626,182.04508044195296,54.94737058308629,0.0,0.0,0.0,142.00581352939506,111.4196277519156,0.0,44.37549951725846,111.41226550786354,0.0,0.0,0.0,37.80902056187974,93.36572889724945,174.96930006871264,167.26575233151055,7.6899921439645675,0.0,0.0,35.34875749094749,7.100472076699316,41.58219846536148,53.75484433453285,128.6729163652744,173.51952199827798,73.9302975068746,0.0,18.20268270795368,132.55973360214912,18.2631098508381,0.0,34.62305513986001,126.05185059037372,103.6031542225058,141.20826096133356,0.0,122.31095326093991,0.0,0.0,90.882558955589,23.291052950710707,53.42006888150389,0.0,19.50231526144985,139.1994833759465,0.0,102.8865566256317,36.40173960215659,26.0413420676336,8.43872801808701,158.13298418711557,64.59766483803268,0.0,0.0,79.55915020479134,124.7595569309868,58.98464975113956,107.50952829431093,40.36009433752745,72.70622359554088,52.462605743912725,93.57581587302575,115.74803411462788,30.931847111342538
720575940920932008,137.07448205375098,0.0,11.412457487784629,20.318673359557664,92.13692942171474,0.0,2.2122570742121663,20.32804940643598,0.0,0.0,16.74341970501254,69.89581435507658,59.019228384386125,47.342172271823614,82.82850057570106,49.193177726213634,362.8879258159552,21.601995932786703,184.9180484847621,119.86910421558105,107.42206911455892,0.0,12.95028733633865,58.888768920581725,172.7115547713585,62.97120913306188,20.06795548083196,28.375814769289562,0.0,75.43311305315929,94.90916797740297,121.29259740946581,151.7998998683049,141.8584322505797,53.681252854524466,120.6104889215339,0.0,43.727987040737816,0.0,46.38012093816248,11.751144727017452,236.14816834362716,26.056119807403466,77.49791976133783,47.847592523549366,24.186048446522875,6.393342135670386,54.627668380780335,21.97070192117231,18.688081913853217,108.836239213352,157.85018754657642,261.5312137592688,53.00764913693188,37.99153266929681,272.1878487749211,15.057643822336201,33.21411838984428,101.29896498880235,8.407785106075385,32.23921278191584,6.210936345095713,83.49769207661879,88.66519826462078,271.18196750111974,37.29574744414586,34.788404085988134,26.65689678702599,53.50906498668963,9.696296141281424,157.42286390198015,2.184106611322025,71.99308921507055,0.0,24.118564288839934,84.09918553788917,6.354163010118102,61.4294995887256,38.37731549646907,84.82132522671967,34.8035889870014,119.66387106102238,7.392713216239497,0.0,12.02323005150703,0.0,84.15552771159483,12.322724975890777,35.59979429016213,170.9897775578681,60.66914749124134,94.08290134102924,162.76186722270612,173.37016526068754,38.34842084991498,0.0,128.321198522881,42.93536884991644,44.519624027661045,174.01269799134465,0.0,10.704936436410403,0.0,38.583093634510575,5.229308435865723,42.45336155300598,89.83270328782581,83.03389774846207,11.804049314612874,0.0,52.00502629100464,316.1703397468454,40.24620124004342,0.0,50.20436546848419,17.49196900585707,42.330269993810425,301.2763551605438,135.80583527737468,48.5896773117483,9.617816492521404,29.690866785199702,120.09745709419609,139.0173095181638,74.03057708133449,52.554246983726365,5.340658703103704,27.28031910795232,66.02750453832948,0.0,24.328338384895368,0.0,78.60155157413855,42.06554433890973,14.518719581266199,69.50250266038348,21.01528787212152,169.05908678544492,18.991899783414407,13.392357293169928,18.935342245093736,109.24795582997262,10.680869168345897,34.542138241050694,216.21217738014897,0.0,23.781450441451057,47.8242811887625,0.0,75.08735170442928,12.588609675102639,0.0,0.0,140.0742918655112,136.1790386286913,4.7664850497061,69.5578947417878,12.714930398670397,168.26211686221512,165.461394821849,0.0,0.0,9.315106908193817,158.98576347979548,13.071919551588742,83.60231666558799,180.04604726178775,26.875977755256244,49.267452814033355,45.058678832072154,0.0,169.1814628468693,100.52496017191369,92.50259185936332,80.02713510444715,72.43786070106717,0.0,0.0,51.42403313667709,0.0,96.58019927490496,64.72724966403581,58.69981559502778,206.15856666456008,168.126466530213,0.0,16.693159843298922,49.169768661740086,87.24845847799462,8.429148890778137,48.09929529823367,77.16341644153792,0.0,124.55764530503444,40.48819314252318,54.22392580681751,3.8984628060300897,121.54160642510344,147.73619623735425,0.0,43.37070645972583,54.824382389716604,19.146760499100044,106.93057140826576,85.19334918772796,37.42591774908986,47.84252708574371,182.6151662396902,9.53185376175529,0.0,125.90742593250023,0.0,4.7483397926335,103.53247850305537,95.22345062554146,149.18262708407642,131.08402697568778,153.1896189485461,61.454730671253735,27.178626942276363,58.72268013476766,39.37794904825379,75.91358250064327
720575940920054001,19.389379058663952,325.287828700635,0.0,0.0,0.0,31.9614833396047,0.0,0.0,0.0,0.0,0.0,0.0,0.0,0.0,0.0,0.0,0.0,0.0,0.0,18.82143108221842,116.58480392659354,293.08241404043264,267.1428197899956,0.0,26.84183757527916,0.0,0.0,0.0,0.0,0.0,72.35730543262939,0.0,13.520890267082367,9.363191306022294,58.68715267313377,0.0,0.0,244.6667879019291,98.97461879844519,20.286148337674668,0.0,58.97086573732452,202.59654897950176,0.0,0.0,0.0,17.416763782807273,0.0,4.780831752948435,0.0,63.464467758015616,0.0,205.8909642567825,62.7726886118848,0.0,0.0,0.0,32.54268183741309,155.51739949999907,0.0,6.934145659423383,5.676827166552598,13.789552905026824,0.0,0.0,0.0,8.1631856548672,300.2560014074546,22.70776507940684,33.746644135142766,0.0,23.24612839743168,0.0,0.0,17.138304804654364,61.88868415405249,0.0,0.0,0.0,0.0,145.82879666155617,0.0,281.8620289980355,370.31867655727837,5.307706100060104,43.85888565341903,0.0,23.509745042575588,0.0,19.84941387160607,0.0,0.0,0.0,31.7467075249033,19.71536103046329,0.0,0.0,13.63484392675924,0.0,0.0,196.6392369402811,0.0,0.0,226.30411892994442,31.83643564444401,52.25105418595962,43.75521662427588,0.0,32.87946434333939,0.0,0.0,0.0,7.825662806562635,39.85717453447018,0.0,82.7270348359755,0.0,0.0,0.0,0.0,29.29409853399121,0.0,0.0,73.55963535765808,0.0,0.0,14.933843979832051,9.24451483586266,0.0,14.537275262136808,31.59296008505354,0.0,0.0,0.0,0.0,0.0,0.0,7.977567104437708,0.0,165.8506042835624,0.0,0.0,0.0,0.0,13.63484392675924,0.0,0.0,0.0,0.0,0.0,0.0,0.0,0.0,37.73416599440891,0.0,101.79708502390284,37.48177687499243,0.0,0.0,9.646931642722043,64.58414347840346,33.66158126444667,0.0,0.0,0.0,101.70369490559467,49.902941991087566,0.0,69.84557046241005,0.0,13.190172400839113,0.0,0.0,0.0,0.0,3.03481284431182,143.5777138207573,233.95703468299254,0.0,8.127594140945627,0.0,0.0,29.59920135839581,0.0,33.34118297760588,444.79912675573075,0.0,0.0,167.08921834740744,143.47180871436544,0.0,13.906053957069341,20.80029935015237,15.733932414182657,74.86227667945937,0.0,0.0,0.0,0.0,358.397606900187,15.68584178656738,165.78646151234835,11.929147389233535,0.0,0.0,0.0,0.0,47.49382372725812,259.3516726175894,0.0,23.98442399685955,0.0,72.11293334891157,0.0,0.0,0.0,0.0,17.096575267434226,43.33618647199295,0.0,0.0,0.0,0.0
720575940920456848,81.68994468955614,92.26901816848002,0.0,0.0,100.46669832255772,120.30675843742344,4.492072521739267,95.09709973002272,13.055431673249172,91.05181767711105,50.08805256836032,181.03924678040485,146.70024747411946,0.0,32.7696653446606,35.710074517304776,63.86925670773453,0.0,28.626184076412354,35.62241045839001,0.0,265.8782114675374,0.0,217.64282575832203,28.4691345699851,98.26662146038244,31.48456140392657,48.88657128199162,112.1776188185288,74.09472131884587,27.611510307184194,81.0013469189064,77.81936387327913,25.10132514874569,38.73347842339371,43.41664823452668,16.535203664687614,48.339655787326095,11.502645763776524,118.75714082429701,161.19804272350498,0.0,47.19361869446501,72.62456836940504,182.85115779880408,14.974723793782415,187.76606937953608,136.82685148595533,39.67224565047984,0.0,11.17754671596763,77.36534948363159,237.2201354791644,0.0,112.12966420834779,193.31009062494417,0.0,0.0,61.3749020882021,84.81446527616862,47.387737360592745,154.76066408962646,74.83869667328352,117.86619005998169,25.10132514874569,27.621704919111448,0.0,52.958678194413444,61.60968964051362,169.9830350138625,4.165824262130165,246.69318781637998,67.96961528521953,0.0,0.0,0.0,0.0,8.717118758948887,20.87367346567408,106.4410531555952,126.84668502254671,154.6767591019776,257.6366417431189,69.90364081378452,132.46285131364994,0.0,28.518322225229728,34.9810372675484,130.78701700250323,92.8943824109595,143.64785310968466,0.0,24.647553575101604,182.02199861643717,125.05777428080877,0.0,4.762052172588337,35.44163523692461,58.089880059220015,102.62163979892861,0.0,0.0,22.64371827817136,43.469259478059904,11.226891716310284,92.17081466833108,73.94202392973591,0.0,0.0,37.69885342524556,180.98562023286522,30.55008836352952,179.29187907027736,22.209777174083783,0.0,0.0,0.0,0.0,12.472810104044823,0.0,0.0,112.27790246055396,59.673958473525914,38.24831675895104,0.0,13.9666863205166,5.963225658148449,0.0,31.28945659309892,133.6676178128801,118.50860335052712,23.224925970330755,37.82897859380185,92.30067812586553,48.28510432353591,105.99371923693914,11.333522609255787,50.998359980575216,0.0,26.991694250085633,0.0,63.8355990121555,11.182022195477362,16.535203664687614,0.0,46.462002948843775,133.6252332357248,146.05862512872923,47.49272678342398,58.269977624273466,40.55292974017354,78.21992706547952,0.0,34.989510217983884,0.0,102.10456565302884,0.0,38.36387500491213,104.11195856034632,99.34695593028,0.0,0.0,14.866263546629144,81.33082260352187,45.12373230606722,13.548827715460256,14.844629882944286,90.2542664295898,0.0,0.0,176.23801732894046,54.211366573497536,88.15792806287538,22.196843169512015,113.56098189957147,0.0,88.02669519032517,6.906424599329704,6.179016950204216,76.72969206183917,11.841434100821115,107.58461204480392,103.42972472647968,78.6547444215089,66.28193322776868,73.92984229231809,63.16185570812178,170.7006081447511,9.872793245424152,2.472832253330533,0.0,78.64906174237686,103.85658837435903,55.747946525954276,85.7665260859148,19.777151911477116,0.0,0.0,154.92603922651782,300.9023342841313,20.757518215806797,10.93994816694324,0.0,0.0,0.0,115.01581573038571,46.86205953537086,57.43391013621452,570.5874488911668,12.717621615384315,90.63046363436992,71.97178017497262,76.78595579480869,62.715706462959524,0.0,155.86123600699108,0.0,9.413007236057696,140.3604680836349,0.0,119.3609713779046,112.60341372086732,51.65230967345715
720575940920881320,30.35645654794491,0.0,7.902405439034215,37.580612658674376,31.897780115357723,0.0,0.0,158.1545224906291,0.0,0.0,69.88987687064073,0.0,4.875890888888352,0.0,78.29435460871501,0.0,79.33264953372921,25.272478416213705,20.759294299865424,45.6139782598916,7.565095164530854,46.93551192818433,0.0,9.010397663353709,16.220804172033816,0.0,57.489224182043685,0.0,0.0,44.493336811372,0.0,20.23488695268729,69.86085602648859,16.157635235847657,178.99277013618322,0.0,46.11325271034953,12.905731849706976,32.75983471005557,0.0,0.0,19.351653007170107,0.0,120.563496215957,17.624132217225835,0.0,0.0,27.804473581291983,27.479018441024625,8.396454838011694,110.8746232201508,212.3804848045875,109.78564837311117,25.876221020440678,0.0,9.61220337926319,0.0,73.62621569282238,104.48567957087731,42.9298554979412,42.77925354867001,13.273287218403308,36.702452310837366,7.113156685124111,120.44666882270663,48.359167672663354,0.0,45.44996557207133,78.29363929810766,0.0,83.10786951015633,57.25910101734368,72.52235501157105,7.051143697596206,0.0,95.91831571531908,116.19545511940728,13.490575891090492,0.0,0.0,42.07767204053842,57.268287721449994,186.63527387208055,0.0,57.58355501243839,41.82107785337956,130.6943891514228,0.0,103.18884029906717,137.07206985416886,84.01577095733157,10.967068224850696,5.543056194076419,57.22314700771296,4.042594015512177,0.0,11.316684347116968,47.5382740803377,9.010397663353709,105.71678194417872,161.61256473529608,62.49805032536877,0.0,0.0,138.96281613922906,42.75925830816235,80.9817591021036,10.80289761469149,24.201433183411773,6.2715176923195886,0.0,97.54828934898627,0.0,16.19954866560801,104.45147271289747,36.26744267487781,16.298281230655217,92.41590378261938,56.673874466275166,55.16212254112046,0.0,156.8846805267842,0.0,16.184601641575803,32.46509002489213,0.0,3.7285283960297257,28.39589327487247,4.90121016763861,0.0,11.461804839928156,31.193359443256536,11.422984361984138,115.40354887631408,14.722247936302484,73.3264163173262,0.0,163.77751991412472,0.0,0.0,6.716881914863869,33.25694403425337,0.0,4.497660593655603,17.343026848431645,0.0,7.540967957884514,7.3373777823015995,6.2715176923195886,51.63964895772813,59.977091372367504,0.0,11.422984361984138,97.94582167384768,29.114558353804455,0.0,75.26205967304087,0.0,0.0,113.12052426934531,20.32860047553313,19.99663963379936,0.0,16.53898423724561,99.91431412005332,0.0,122.26197859730047,105.06379117336371,36.82013591645705,0.0,0.0,67.35185641770174,25.910212086435646,0.0,0.0,63.08519251731583,4.812937175878764,106.56598257347328,7.22850845968815,21.13316301470957,53.63644267418599,10.282470936702158,36.21886106912378,73.54562948816495,132.76948563161596,50.317103444406236,0.0,61.92587047105805,73.3008150191726,0.0,13.03996254621862,50.369426088358686,119.68736375083212,10.80289761469149,0.0,18.674282222411414,0.0,0.0,74.35820004258112,42.00428169923619,75.11583339775717,14.525661552826453,28.403018843257925,29.65371708492341,0.0,0.0,24.713548802106487,0.0,10.061724118828023,27.0056421435638,69.28778492351019,0.0,0.0,0.0,20.759294299865424,19.00829390910787,36.47387524043685,41.25899363452877,0.0,31.67619536021933,54.6764043611052,5.301780241659757,34.34038050552441
720575940921525267,0.0,63.70309155244977,0.0,0.0,0.0,0.0,0.0,0.0,0.0,12.096729884172888,0.0,0.0,0.0,0.0,0.0,0.0,0.0,0.0,0.0,52.21261584598217,7.941275472952924,64.98124637116975,336.9685635338472,0.0,34.26029298164621,0.0,0.0,0.0,0.0,90.448164124925,143.31057818221367,10.125304173895039,97.82023881528424,21.072002713931802,170.4648497106747,17.98213083954266,0.0,375.096774420521,0.0,41.95174749564997,0.0,15.334084616283956,263.8518718328146,0.0,0.0,0.0,0.0,0.0,0.0,0.0,43.09749180671598,0.0,209.03947333500687,0.0,0.0,30.92093325721795,10.956202695194595,0.0,75.13391345745255,18.30121532289364,41.218216217690355,0.0,5.579359866962395,0.0,33.20977815626989,3.4303433318819705,0.0,40.836324723357095,28.036256261144988,7.324620045475804,0.0,23.957347539057505,0.0,0.0,32.86791317972718,74.99414934736014,0.0,0.0,0.0,0.0,10.370150045780395,0.0,239.17364462994564,127.9005514708516,9.371662939176128,19.013293260603575,5.477918921004634,20.25067026325328,0.0,19.561845699831537,0.0,0.0,0.0,0.0,0.0,0.0,0.0,16.59424158944025,0.0,0.0,0.0,0.0,0.0,47.82106164349448,7.2808179798116965,0.0,21.983922264319887,0.0,0.0,0.0,0.0,0.0,0.0,0.0,0.0,7.771844275518047,0.0,0.0,0.0,0.0,36.38791789770142,5.9068775972890295,0.0,0.0,0.0,28.793593440784,0.0,8.68360860683439,0.0,0.0,36.64530109373991,0.0,0.0,0.0,0.0,0.0,0.0,15.759521779948315,0.0,137.25774499227057,0.0,0.0,0.0,0.0,0.0,0.0,0.0,0.0,0.0,0.0,0.0,0.0,0.0,0.0,7.846246405010834,20.576553629237505,5.579589863736321,0.0,0.0,29.085371084501904,0.0,0.0,0.0,0.0,48.8766447902456,94.7462179195462,91.69134719325415,0.0,0.0,68.19259389055807,0.0,0.0,0.0,0.0,0.0,47.845365400183724,253.46309427701246,51.29209792067809,0.0,0.0,0.0,0.0,16.31901123089568,0.0,29.013092167265885,137.5257865152312,0.0,0.0,8.436538538028376,222.41285706610356,0.0,0.0,29.03373299277065,6.016372893770188,27.09468011046639,0.0,0.0,5.703331859286702,0.0,46.82308151056907,21.57654053423458,38.47820637385039,43.81343738858655,0.0,0.0,0.0,13.721614586577997,0.0,39.55105653896428,0.0,68.0513790019534,0.0,52.903530729338485,0.0,0.0,44.634023474028396,0.0,8.878998990385139,0.0,0.0,0.0,0.0,0.0
720575940922709290,111.4462277108069,24.803071675669408,0.0,0.0,272.9876927663784,0.0,145.47103786328037,83.36148114125716,0.0,0.0,88.34267700651449,240.39761358837706,151.0012441997101,0.0,100.86940435775753,274.9380313367592,66.4951586097732,0.0,654.177002214543,20.361111651319632,0.0,0.0,17.611483686363716,50.978292848197874,0.0,350.865124481134,247.1100164110989,170.3582683912682,0.0,0.0,0.0,317.2826674003342,24.99327631341999,0.0,60.836004566666126,0.0,0.0,13.4711689004171,0.0,28.37620236410072,49.8126693629032,0.0,0.0,38.887254445509306,17.38498096281706,0.0,0.0,10.141948392607212,0.0,0.0,0.0,141.0611279976286,61.960309758814894,0.0,32.05110838490589,0.0,0.0,0.0,88.22604171857678,35.90193012988542,82.12354096846235,169.06838323085356,0.0,579.2168491618588,9.850177893975284,0.0,0.0,0.0,44.454622209931784,0.0,11.086413324555227,21.137557362616487,262.28632860105085,0.0,0.0,0.0,55.61007656431738,307.67316861180683,237.2725604730989,144.7690091040117,0.0,196.35528684611072,0.0,0.0,60.841206760942484,0.0,47.167236844292,0.0,612.382892338984,0.0,90.91685155680668,0.0,300.52725193999544,164.81946856597744,15.779990400123516,0.0,650.3117660445084,0.0,11.648208814390168,68.07391226214702,0.0,0.0,0.0,33.33215099754714,0.0,210.46267102394415,12.106647930038191,0.0,0.0,46.79079182768046,271.8553255828358,127.5942622025183,28.907276145388597,0.0,24.5347185603797,0.0,0.0,0.0,0.0,0.0,0.0,193.7132074301656,298.68199351634604,181.29981615520646,177.9055815887209,0.0,0.0,0.0,128.9893166442375,145.051346691282,41.84901572216496,0.0,561.845245355329,0.0,81.77117373575602,247.12708535552625,276.9665092404289,103.60731143014957,243.00458225541445,0.0,0.0,445.4255587839142,250.99172965402906,295.0866197858575,6.399256041944054,27.280936196488344,292.8746036471119,60.74405992280201,0.0,210.12336945126228,75.15495444498585,7.3243229487200106,368.7282910781877,29.251390879266363,0.0,25.63931847336381,0.0,250.1049369106765,376.03645939540223,12.70836058720855,0.0,0.0,240.0553163717381,188.59726768022614,85.44129449782285,43.5999542957386,10.873179591511283,299.0706710726569,0.0,0.0,5.327641748878859,217.10006977199646,373.65875018395053,312.6039211000085,225.44850264604,0.0,17.272184723747706,0.0,89.75955495345278,408.8435818740599,10.8219324299449,427.5401140904572,95.03108667591803,355.22566891165684,74.63890865092696,0.0,4.19986680841266,59.236773288462864,0.0,17.19375229436429,378.20236326002816,2.212522598754643,77.73212123832982,515.4580072437842,0.0,0.0,0.0,11.028910873387543,473.09274481134963,0.0,17.352375724212646,26.008189958706595,0.0,183.89373580279536,0.0,388.91900700428295,0.0,0.0,245.5645212741205,0.0,29.92155626337205,0.0,0.0,359.7817300372002,196.91947459763782,10.270059691465509,549.5171635204576,0.0,167.62570976507214,5.327641748878859,428.49629495552824,191.8020412546531,10.271133416845489
720575940922795818,19.628877885632786,90.6701812736615,0.0,25.333129556550446,45.206120653510695,17.80139385745038,0.0,80.70480496424653,0.0,24.3533430076244,0.0,113.03254238452213,0.0,0.0,43.236928563773844,4.1997605403627984,15.26106744705142,0.0,16.538843802520454,166.07931556318067,44.4728062994646,121.44390072169419,41.30633200751382,0.0,26.81511710528995,0.0,92.6776409584676,82.84825468095441,0.0,44.41034919285825,40.613970671846836,3.688256436086877,108.6786639004238,39.17135616734867,38.720362389954005,6.176471130157029,10.764934538060533,126.01826723660572,0.0,101.55112346869865,34.81846609978025,41.248049436900416,52.72192852443555,0.0,0.0,0.0,14.891695308269307,10.824215419993438,14.134571127153562,6.842293864018087,44.850250309300115,41.70187860147648,138.98236126801274,0.0,0.0,63.84801613389687,0.0,0.0,137.00297695218214,128.60558180400278,14.25824167678005,5.0670677370286,63.59660257691768,18.490359651240052,83.07757770580126,47.330307963275004,0.0,0.0,103.11508882997332,0.0,0.0,17.260856932042607,63.8137241052317,0.0,0.0,0.0,0.0,43.40466817012261,7.48469144059561,0.0,34.3964763116769,89.40813469538878,99.42559010931164,129.62450299078887,59.22387395480313,16.786006095686265,10.669692731866457,0.0,87.94946519870041,109.11432926055801,14.118051644339015,21.203768616775637,24.914308518882564,63.46924615885713,25.829050367010808,0.0,19.32046998409727,18.730669556059947,0.0,0.0,0.0,0.0,0.0,28.36602156837288,8.99870448927063,65.68350585168136,76.44526080707715,0.0,0.0,57.98962696939828,74.50951536786158,4.857409359696993,17.753670061270473,82.31963066283642,8.892999354055393,0.0,25.22146628157285,0.0,27.12770723085156,0.0,8.475530015851806,111.86812751870336,27.88123530350937,76.61789397339707,0.0,0.0,0.0,0.0,0.0,0.0,12.18748654443336,35.811637256256056,46.954574053466374,47.21142723465514,0.0,22.20232766508234,0.0,13.14061364197566,0.0,46.40258231437841,15.604108476851488,42.251682048495596,38.70077265094333,0.0,24.76906473042632,0.0,0.0,0.0,57.20465652221712,28.7086858032264,45.58116885878738,0.0,0.0,37.50292433545647,29.111473454371012,0.0,0.0,42.24738379138908,26.691775783831503,138.41123790042812,6.777009991718207,0.0,3.688256436086877,45.094110641145086,34.58047967979332,20.06579087890402,12.218418362706533,77.86802387747088,0.0,0.0,0.0,0.0,15.530041877728488,21.25001379416588,85.54629017531956,0.0,7.355487110176465,0.0,16.372300065033976,9.553916997111596,46.216643923962415,75.70190396976692,34.3713944099451,33.436377508663426,55.72008233705604,123.8053443862847,16.538843802520454,18.47117396430115,37.46683629257954,90.16978244154927,0.0,68.76012063457598,26.051019842837185,125.79016478205189,0.0,0.0,0.0,21.8356009510985,52.890464151106585,99.95647736467188,10.00171428701013,61.32975353554895,13.14061364197566,0.0,0.0,51.75456152950184,0.0,0.0,147.84202895588822,92.51890802108504,53.4120472483263,0.0,70.66608666458764,52.80096800209566,0.0,72.78466788067179,18.490359651240052,26.724245364025528,147.52809297137895,0.0,22.45786612987654,41.746215150403884,14.203186246469562
720575940922949405,14.639580990663847,28.067081492447645,10.788210551090568,15.575497315270571,237.75290871345678,54.096783745989555,40.62161272766877,532.4647829131806,0.0,7.320886539409441,154.01134638404383,10.677359504929303,0.0,2.469151669269273,71.22251220216178,7.151798589757388,149.81563268084608,380.59246794271354,56.81016172891733,0.0,12.818082238887332,57.42808756802358,61.562040625961785,0.0,67.86083641886543,59.95214265688343,292.1197151898927,28.40138361322794,75.65550556218774,0.0,0.0,104.94765869754517,9.033654309773691,77.66499226310285,472.4855128787227,105.63929498872191,323.5138490428582,0.0,49.461651328448404,37.91889552842384,0.0,42.456710325288,49.20600591525747,198.28189505604348,5.196755674533223,0.0,84.96639016057485,0.0,268.5292791980841,269.0225084815385,82.17462586922143,178.01997573280823,151.47495275596557,16.40993487851734,14.388776439297231,41.59061887838912,0.0,14.840547431419841,624.2797596618551,164.1767178996511,243.70258685664092,109.41072417893407,6.878789128935978,36.812108215316115,159.84943260609083,32.53702794723907,14.313976339959169,126.87667198519752,234.80029267616203,8.667524158487387,63.13287152325571,36.344511529660636,265.3372177580853,12.938948078977832,6.049901045713099,317.5654735349212,125.30992891955123,23.704342272206624,9.478848628926015,30.09333472648597,0.0,31.355157349467902,105.85332154870395,0.0,133.47336260172835,97.27605541544132,201.3869566863449,0.0,269.5494489083773,336.13659837969897,259.8288085863807,0.0,69.07524579475479,49.943580541093574,14.569433456316684,8.284698244045405,251.123400819617,0.0,0.0,318.06806099337587,129.66763495999788,11.777316929155711,255.0632249701568,43.43381155594508,161.21285812148102,147.73015946756743,190.2965362296066,0.0,8.285285869485511,123.81368556813634,0.0,314.77173701413085,7.987077950296158,28.646832381606064,188.10688529887722,250.3311168447304,75.34179577587553,155.1164160912106,173.06512169227528,110.37259176091624,74.36098384981958,319.92804247245186,63.11833876211913,184.3733504658486,12.218089205781427,10.32285719495554,0.0,45.12358619091413,0.0,72.43234061273368,20.730696838282295,15.902767055836755,304.7188847396371,168.61669444744868,460.2458614513589,399.5857344285166,26.479475054229816,382.4766359300443,82.72258728460993,0.0,37.274211956872605,135.59780799986424,44.04817241017081,177.65436398737663,33.52869954695512,6.401698489001072,21.270811954025756,0.0,66.76538041026905,123.04393253611305,330.42240656023506,87.44039204515913,189.97808170136284,70.27148349940951,0.0,91.09547067997654,108.78626300020747,0.0,11.057808094196254,100.84264685503828,16.10492164480882,112.59048787369821,115.17841763507299,34.85508196373614,458.608412367582,0.0,133.1471432500538,288.2741518180612,82.2363679411762,0.0,5.020868173968753,462.82338822722056,108.55088231683386,0.0,21.44923426411251,221.68730517322564,57.042892630841756,217.66588867012584,11.185025787884166,333.34056603095786,51.52918691398232,157.67199941439256,11.483583051287287,60.40528352983408,168.25186427692591,12.930292118004239,29.50767107792326,266.0101831332168,101.67457696143536,21.309383384051532,96.81473687475884,63.997568389983876,395.2612578691883,67.93525281578748,154.95115043156673,86.0866467847757,0.0,13.882902961044339,418.7447343496706,84.32852078553395,121.21315611678676,10.58645555850405,177.25875268618822,0.0,0.0,0.0,0.0,12.305879798999959,275.21741353065926,68.66866838956803,185.38255080149736,0.0,0.0,6.098822561225414,0.0,44.7259325487877,79.25992481842806,142.87555405346453,18.43364960192035,0.0,347.33320088436767,0.0,17.821874481222295
720575940922957341,151.94732995700653,15.743454912518109,29.00854166145716,43.53755755393532,125.18087018886628,56.3557379314176,47.175886349427,58.055622031027035,0.0,108.76908791183573,0.0,240.16275038710424,264.3123763223396,0.0,64.37728993100906,32.68659044478602,120.85644789723624,100.2709131147798,114.10221440515323,104.93459893191809,13.652158083039769,16.454860663463595,7.84230742290565,184.4671113549932,15.308232363266189,22.88441598479422,64.78251610767008,40.31446286691469,90.75205550642242,48.75881675778635,44.9610303321952,129.97942113395834,153.19939073936828,58.09494086775517,67.99124636315027,59.52275403144999,0.0,246.4238608231562,0.0,232.58212162734293,237.7734432544672,44.00651234964689,146.83928979639197,0.0,180.8325147671169,24.70881003336406,105.36062399087015,4.7007017852801365,0.0,7.550872645554008,0.0,188.72384708219602,359.431699200494,0.0,86.08141600874507,112.59127758236646,0.0,0.0,116.4919368889452,105.97579420097291,121.69336742556543,69.8053127030664,137.42220929899486,166.71798537757277,179.99037406477578,106.36888513079563,0.0,3.2262483242924747,53.98619077802785,282.6856353831461,127.14231105292914,26.998976935853126,216.0835492372583,0.0,0.0,0.0,32.020329370811226,13.7527661401266,52.58418234536059,123.28312481990704,185.2092989343266,347.34250665767553,0.0,0.0,79.22217830948051,0.0,196.55337248219044,99.24666696300588,120.05105492653328,173.84248677492053,0.0,16.24451217706511,17.660464837674194,193.4943227997608,265.3563020925375,0.0,61.834091867100156,64.64335083456025,16.4577308340234,45.324676022106445,0.0,0.0,0.0,104.85048646511937,24.541840819417917,110.4748183312966,151.2435430050015,33.02566587105099,0.0,79.50794845057979,111.48806917049447,130.04028137266468,77.46476245127883,0.0,60.32956575354677,0.0,52.73129105161653,252.9652855116087,158.18185536236356,0.0,0.0,28.556664264798805,143.5555888228639,141.956940139469,14.05600667092204,39.31892816257552,0.0,0.0,70.46038563397707,81.00470006528737,276.9582939041222,17.435248317849553,112.71726046265955,25.464857497203685,44.830539401151704,74.78329592115811,31.205543302492188,198.2923852776186,15.63555641334285,56.96081056447006,0.0,95.88421875487961,46.345237293820205,76.74874237624938,102.28717610617777,6.7672016522965235,142.86230936932768,112.49439519617827,84.67373791923721,52.304388026556474,66.50245818299692,0.0,26.740553123728482,129.02703319876412,31.37766967017773,167.92710491944746,139.13433192392915,19.54717148097676,406.67752974457295,182.15770490092743,0.0,0.0,90.64017457671156,83.43145985184054,0.0,25.543470078452206,120.16408163372384,146.77812298907384,0.0,0.0,29.224286200958957,172.10754930589115,150.88261089027455,205.43889903701867,171.73058202859403,0.0,5.579421501311435,0.0,18.931224869999365,65.80893231982965,69.4972134857673,442.8631059644496,287.38139836065193,239.8477964298273,88.49906178369874,0.0,192.15643207354418,158.56302282238744,105.80392103854416,0.0,38.27435847194015,292.40548466174886,27.59258621951318,234.21591365821484,120.82162310165992,0.0,12.209503843123834,0.0,90.4727769706564,0.0,17.62180329172716,84.92498996994601,7.465192972700516,34.06782160341399,0.0,58.35379661219809,31.54580013013319,35.799814728778266,207.0939362960976,247.88976412113598,196.83977560708354,83.80828300200221,89.12251632889587,103.27416410250504,54.142668165609976,310.9602293447485,55.393161317370975,97.25337548451012,157.1602783192544,50.051764162174045,37.244433381662745,144.98937147344677,118.38619376526243
720575940923272236,86.88454744900545,43.402698930376125,0.0,0.0,17.47897615744476,5.642776703183664,0.0,25.9107780430706,0.0,0.0,0.0,27.255243919043547,0.0,0.0,21.811798460727303,0.0,38.03918705917297,0.0,0.0,6.1235076414379925,10.89368716944932,37.90938504687224,0.0,0.0,0.0,0.0,31.12771140358343,0.0,2.91567916616352,0.0,0.0,14.183434845427772,0.0,32.77639622227537,129.84131898896405,0.0,0.0,33.44377633950103,8.019244757791222,66.53564431653011,33.31334605325972,106.46532575290972,0.0,14.786915143900867,0.0,0.0,54.96827937597475,6.1235076414379925,0.0,0.0,8.261998966100546,50.62672986756945,91.27423235308756,17.707691042029474,0.0,17.389928258184604,24.76662070242047,0.0,45.69819276028266,43.739838241719795,13.551540676995476,28.374290162933786,0.0,0.0,72.13032163614123,0.0,0.0,49.14456711579869,14.281724043076782,0.0,52.02518074474691,53.35568896290564,26.055128003182094,21.655974631316845,0.0,17.80683939658986,0.0,0.0,0.0,0.0,19.73525289050033,93.12165640835475,13.151001846397637,0.0,65.0547887269588,0.0,6.1235076414379925,16.145281623355924,0.0,104.22137880557844,0.0,0.0,0.0,7.6635427180608895,8.504803598265076,9.019922076191156,42.88011596653596,7.469706054071349,0.0,0.0,46.92934625162333,0.0,0.0,25.982619227942518,92.40977844509435,24.39624939565252,57.373006816948255,0.0,0.0,0.0,33.73554681579046,48.4163106358384,0.0,76.0189859372758,0.0,0.0,0.0,14.924198379896495,13.921209413899454,0.0,7.629772987162339,9.979749566751895,7.08887802940819,61.88208300195688,0.0,0.0,0.0,33.066576633809625,0.0,0.0,45.070633844346695,0.0,0.0,0.0,20.677709026201278,0.0,0.0,15.483070142046065,0.0,0.0,0.0,0.0,24.194537260065463,7.470634119846527,50.783845280227695,0.0,24.231987965637956,0.0,0.0,0.0,0.0,0.0,7.470634119846527,47.086741136823214,0.0,36.84930976768498,0.0,0.0,25.422715440607213,32.31360559830904,0.0,0.0,22.724530585424393,0.0,26.896832282915128,0.0,72.11724122216943,0.0,0.0,0.0,0.0,30.992505970226322,0.0,0.0,36.492894505329865,10.780981408496674,16.863195952328212,78.98542713768921,0.0,8.012436022199537,0.0,31.59085664013822,39.46179181514669,27.1376831563393,41.334663398827274,43.15643823602134,14.039076374539482,47.02424097873674,50.53022458737721,54.98547656932751,0.0,40.558883448368825,80.27936589618149,46.8058285443932,73.07207214413533,0.0,0.0,0.0,0.0,0.0,8.631889499743815,33.79968788730961,0.0,0.0,0.0,0.0,0.0,0.0,52.35196048786896,0.0,92.7353119654884,0.0,0.0,0.0,0.0,44.117027695492595,0.0,80.37615199735393,17.963764364278106,0.0,0.0,0.0,0.0
720575940924182661,122.03030581134631,34.30289668214509,13.753121392216707,56.0594476889682,300.78670441400794,0.0,30.26300034455836,398.3668462329173,0.0,12.709566705636083,276.64921336017085,101.22191941313038,66.09632587386017,0.0,336.6736758184007,45.839121851942416,156.5816765645738,317.4815749766777,255.54410093199712,30.18032178732852,6.502883603410343,13.4891721182451,70.36515152851169,138.1924655598663,82.69571825499499,57.2037040414392,172.61543023151887,22.20130428218369,20.6759814831602,0.0,0.0,153.5775209290143,207.52059801262703,48.91269482997632,108.34527614798667,24.00304578168579,251.87170951610216,113.85676121056598,8.495070671881713,137.8905860767568,65.20334664523476,4.299412933318259,33.62659995702811,526.8205643375085,9.876225275978571,0.0,44.12034488336436,0.0,394.9103185696605,337.7182347801619,52.18980290353121,333.89731642148564,238.45423469969444,10.05828549801868,50.86469825766939,4.5279426697809955,0.0,0.0,313.9771430267728,75.99185723892948,86.03254631769184,0.0,22.067051877291124,148.35023378196558,30.823905756016238,58.38709700137857,7.546792231725936,73.81275141448786,226.42326050561493,61.75589084843383,299.7681226829548,62.563962270410315,470.66978934658164,0.0,0.0,248.69991452188862,409.9999697568603,73.65327302803635,32.312104660853265,7.844238693970054,22.690675382173122,192.66604376636784,60.326312256357284,0.0,9.876225275978571,331.76595831176394,353.4407636910151,40.67898265642059,352.9898360311633,136.48397909221652,451.7970265519308,0.0,124.22166932599116,168.0400171912462,136.37201169034458,0.0,98.73381086498016,0.0,133.5441459698533,522.4980171658145,13.4505669917882,370.8398705699731,382.9892335608714,40.51246315888339,496.64741082796195,51.29810942116554,57.56302738669773,0.0,0.0,96.37897268888108,82.87544324370329,320.22876115033205,20.017692627993043,115.57572297948917,195.79248575183001,27.954045822077344,7.636807491206569,353.5136166831968,105.18142191400227,0.0,6.01125348162646,682.6378362009825,94.63416617722058,187.29264303876968,495.1232605982672,0.0,0.0,17.161930700040372,36.692862354603086,0.0,141.50774083907902,141.40496495955048,165.37903958159913,304.3573880629281,727.5820393650151,493.5579415313528,74.83513361936363,273.04264504145914,6.79076340927345,0.0,29.60177461346586,51.74870865037571,38.70162047559347,32.157780237897995,43.24853906883238,0.0,127.34678434709704,84.30801178621877,107.71303722219504,539.7551721840605,435.2683465420447,213.77653289993253,19.72023930454493,8.87146679997498,0.0,0.0,84.8850474457305,45.99349772987876,151.46868930342447,31.451973997116998,0.0,0.0,187.79863544402124,302.5389787252884,216.01662301015637,0.0,12.913676410982985,282.9648845909345,151.48179685128846,49.214118612783075,46.73077196978635,505.56541591567316,266.7518177126522,252.2996252466516,42.34647167692613,225.69631139015766,0.0,0.0,248.1291261209772,15.973203649819093,41.08540330053346,89.93946484497792,125.07764568481116,262.81480269240546,52.32975306600805,0.0,0.0,395.4168451237065,97.6923012050612,36.396881798024744,49.157668651532084,90.02490596259041,461.2455803322475,330.7681375696351,68.72532762595968,441.4571159934556,0.0,0.0,771.4975619341577,41.745213346460844,350.41547241753943,102.8134763291751,397.0441024740347,452.7015268644553,5.861214643378275,48.340949503790846,0.0,0.0,162.9621144185512,0.0,44.51357014725714,24.68128202330501,0.0,22.20130428218369,328.6802189859497,113.79186492273321,157.92710861569734,0.0,0.0,56.450694072524556,356.96507257071664,152.56414261634782,13.326798708616199
720575940927109144,107.6646988305406,0.0,0.0,3.485874388155718,388.8477275808191,0.0,85.71406352129283,415.1390393539893,0.0,8.742430437486924,479.22806136938357,47.51065891699567,13.828926217501015,0.0,206.56151921900408,91.626449037205,179.51049340839384,122.85869598089836,334.48626969630806,64.09321230562206,0.0,0.0,0.0,369.7581303821671,20.600467791138655,197.97030543312403,233.61132239295284,84.86179835167486,0.0,0.0,15.029485555767831,377.648425032982,98.18629168768224,92.83630334301256,79.41156735913147,34.16832102110626,174.50660720668887,0.0,16.911453319240106,24.29408305156844,6.507592837141648,0.0,0.0,445.82449455513006,63.83378494065301,17.03281120044448,19.960523212703663,0.0,194.76270638199392,170.31282796196592,48.96902608826116,522.2959955076669,322.41286270053064,0.0,47.01369070238061,0.0,0.0,6.551847832639118,177.2922352090178,134.1145932324337,29.339487899151365,3.527029214641366,11.180483462142243,179.02439736227223,6.008204701035599,99.66001701767941,12.955631850542064,35.350761947602,289.9203579269571,5.63702802329176,136.02403007176588,79.62779428676716,601.9932840196975,15.421956666104915,0.0,131.33124864181818,399.3026357915097,168.17663002461484,35.498231457615596,99.554900416558,81.18470415321272,184.92909956106968,16.96342491707481,6.155295314194818,100.2915584726774,46.80767649635548,406.9878315155239,9.141156910244447,460.5343423164369,97.12182636423236,455.5581611894774,0.0,210.68185593800513,190.63287874021745,81.90961618772236,53.77963723561663,146.40397070505506,11.323627352352963,138.76189887197484,757.950913328419,0.0,65.22268008554047,295.4507563992526,34.148817177891324,163.39897838883945,114.56332973764005,111.56612899736477,0.0,10.339803453008392,48.34049225416841,61.12152303335116,166.75849319534822,57.978506982735645,119.20490399623122,99.00526355479624,82.65289388895576,67.29027183973066,202.0390119649685,111.35466488248188,78.22717950476098,16.20781394378329,469.22013425701454,110.84230019472604,211.20854462799585,398.4538053159471,10.948520048712929,0.0,0.0,125.27033090847135,3.527029214641366,145.78381038069736,224.52440681227637,321.11568689414753,521.6992818597502,317.50832384006634,385.97169912555273,51.55359358216824,112.54710456464647,0.0,21.267321083306932,132.66424327959882,74.66136827124853,82.16365295659992,62.48949460883728,27.635373154292278,4.545822821049798,214.30756788306118,100.2350268271899,54.91997987208036,455.7027726073094,442.76098448152044,186.30753372995096,30.96847460860882,51.0001020909608,0.0,0.0,123.79821515254645,68.50533407514399,159.6281149904616,109.35905510304157,21.159986502941127,0.0,255.837636077678,228.83592115139567,190.98506420321,0.0,29.73607360422421,371.4852885640895,26.76583890817526,9.778994407103434,0.0,547.8400243414424,198.16280655371156,221.80130540745037,41.61017924956977,35.03893417691792,0.0,14.624192524918527,299.8133426861929,50.29442683012625,44.27909694434544,275.8607054335888,86.31685865214021,383.8665388026122,69.76574701540888,0.0,0.0,533.9112059633563,84.13158432691937,0.0,91.31335822619043,166.31625978223948,263.79262067021244,329.4526715942433,0.0,276.0962033184825,0.0,7.032260693883469,922.497800529438,67.23613481535386,145.4309738359334,0.0,208.99906667993693,393.4869019824709,0.0,31.083618369082245,32.86708119505358,53.94129538016103,200.76594146884784,13.421624187216173,46.04973871651026,0.0,0.0,85.19302168775813,233.17238042860922,33.336819051091986,418.3615941117792,4.711960405697151,54.36824020880868,147.1030734529797,504.04276674060947,160.08164077122183,16.07237611828479
720575940927184920,27.029303166084958,52.05036961926383,25.32973752602324,0.0,99.00398012998336,0.0,8.633892327816794,97.2201343115436,0.0,118.64510372099106,19.95090718854521,23.565386450943816,46.09820938562059,0.0,46.37376047875562,0.0,14.128929546940192,0.0,44.77256943506927,112.37721791990084,13.301640076246697,80.3809716327375,37.90296657789016,4.754239263387398,4.466155268482896,0.0,91.65554987828648,0.0,0.0,38.014181747211644,50.456754135888595,40.8941524962842,50.24492347231701,6.8877411877645605,217.59028580322425,39.57512481670799,5.750056584889591,263.0124034155161,25.778140417245474,38.41359011132664,48.96810548392505,25.624914631926256,142.4380137658618,18.415322843266093,0.0,8.764100512655672,64.84179650250094,29.957785540351402,32.66156974774284,12.26602700735384,151.02166455176135,22.457609209116487,194.87840012642144,44.868323989146006,0.0,65.04701533089109,81.04231128388463,0.0,257.77829623215297,213.4469811023321,37.31311538507856,33.26504893194352,106.14174940189535,0.0,100.39132163075139,38.24371366748405,0.0,149.6407145722925,124.44990330614644,48.628189616387175,7.0812771072649285,71.92230481793412,79.57051309965469,7.0362832736144325,60.38750601829882,57.05367547126512,30.5944247891622,0.0,13.218843941676253,0.0,133.3604487619414,123.98804785417245,202.3731800388518,156.7158854955671,65.16219196697092,89.25593061094415,33.58481445950401,207.1892479502248,110.10371859713275,178.57787122818297,33.08696578180648,10.405901513542663,0.0,23.590631717975526,12.282788157066454,23.13407267377196,60.158359257998384,55.07558343280392,18.04259073928841,6.028337726166547,28.526196932789187,23.944238174325776,20.95488943310217,149.143747601628,192.2662881598389,61.075016553021754,27.32543320191979,0.0,6.227131031094212,126.9919708089786,52.72193234222623,0.0,8.7225098435393,149.67710935657524,20.799268790292928,60.927805144860756,0.0,7.5367118597138925,7.019259353324667,37.83889863019306,0.0,159.13476557987434,29.117480438975786,42.40616068695081,52.471430906227994,9.101822193822132,0.0,13.970775227296516,0.0,11.448532247145765,57.58740206859993,64.48214812181685,93.3107138793268,41.34315291565525,47.84087771388119,77.877036098956,24.81250630886305,53.61315949110942,23.5512959363249,43.28487819665887,29.844770028410743,26.25486867617518,0.0,78.65304723682851,47.36982881585989,9.32477453193008,88.25297284341426,0.0,90.55766938355792,96.2454674473122,76.31747127195497,6.111235800531175,68.36464126916559,61.20399735276291,14.552998346665198,0.0,45.18945218064052,0.0,62.57578570757198,127.96987680507877,44.07238165053981,0.0,98.81612468735028,16.06845779088709,52.57109176610403,29.54849322198859,117.5056708947091,120.62902052437995,0.0,9.101822193822132,0.0,47.586663877235964,50.335283235464956,8.461843555655927,33.55094932243063,25.606088732060023,112.95149596902615,94.90696424209148,51.99438197435985,82.17624555429684,0.0,84.2054742474834,76.94870228322704,14.133078555511563,37.13760188965866,259.97128149142725,6.081850960469359,82.46851530396647,110.33343980684799,65.23158954866466,27.952627208228737,164.91313029572345,61.29724538850809,47.34526981802995,46.96500579133232,42.85151755641896,10.261023072633398,19.7531339659454,47.63734855047425,90.53309263312232,52.02999822648664,135.01650030288903,18.19728773695915,67.04072566343015,0.0,34.83090398675755,0.0,16.603484843939533,545.8402627751889,74.48860687108483,97.17705168844326,0.0,75.8412335471616,0.0,32.85337835762674,200.01389590464305,15.064827642658404,102.71629762686771,29.901083409174028,0.0,47.76374993839253,33.73071350091366,27.942780831287386
720575940927244256,22.38026017705512,0.0,72.62042934993735,10.731162833718958,0.0,0.0,0.0,0.0,0.0,0.0,0.0,0.0,0.0,10.917036729003584,0.0,0.0,0.0,73.11716441825894,0.0,7.1344367284678425,29.437382404502145,0.0,0.0,8.811336190932277,0.0,0.0,0.0,0.0,0.0,0.0,0.0,0.0,0.0,92.1296848895589,130.5865787359541,11.667668264399085,0.0,0.0,19.32850757178533,0.0,0.0,33.058360625186346,0.0,0.0,0.0,0.0,0.0,0.0,36.06399073211586,108.9784446336142,57.215329821127,0.0,25.877550259543156,32.63103634452578,0.0,0.0,0.0,0.0,54.50781316188559,0.0,47.47772124893215,0.0,0.0,0.0,11.667668264399085,0.0,30.910495971938552,49.229047655754,26.649388840871133,0.0,41.08352298024307,0.0,9.04122450485894,14.849900098945776,0.0,0.0,0.0,0.0,0.0,0.0,4.574079283713797,0.0,15.849835429802992,0.0,6.712479945842406,136.98668994723477,55.496513122311214,0.0,8.527827812499465,8.564519740474996,0.0,0.0,0.0,0.0,0.0,9.986190895831003,0.0,0.0,0.0,0.0,0.0,24.661518991406737,8.564287314340909,0.0,218.46287827239894,0.0,16.083404851275724,0.0,39.37969088753532,0.0,0.0,0.0,0.0,145.84415752387457,78.93065563987147,233.2941629060357,0.0,70.775748898954,17.350326877204953,73.21911537001505,30.66516078960453,0.0,0.0,19.184692162107535,0.0,0.0,0.0,27.339482115236738,0.0,0.0,0.0,0.0,0.0,0.0,6.784476298644283,0.0,0.0,18.468235614457182,0.0,0.0,50.61025528347988,0.0,0.0,0.0,0.0,0.0,0.0,0.0,0.0,0.0,0.0,0.0,0.0,0.0,0.0,0.0,52.80304176090977,0.0,0.0,5.933384286374168,3.9804007850795657,21.48815162239332,0.0,0.0,29.43892271774646,0.0,162.43676087357977,0.0,110.73750858771544,32.65555776079151,0.0,0.0,0.0,0.0,0.0,146.97544781441258,0.0,33.56498342517657,0.0,0.0,59.104611138184524,0.0,7.425577985457843,0.0,9.264374419971528,0.0,0.0,27.35362279829756,48.34126352750378,0.0,0.0,0.0,0.0,67.78892159171279,0.0,0.0,10.115861376358236,68.59817603848505,0.0,0.0,99.73246012952296,0.0,208.638837489348,0.0,10.08327721962325,0.0,0.0,0.0,0.0,0.0,17.893058524113354,0.0,0.0,0.0,0.0,0.0,0.0,41.774377332304695,0.0,0.0,0.0,0.0,0.0
720575940927244512,35.895069803869305,49.64435474177302,0.0,0.0,5.897043704742774,6.044056247195677,0.0,0.0,0.0,118.42707968234404,0.0,64.14362836353293,22.65032339283431,0.0,67.98449505550992,0.0,12.84070758795206,49.41436915971531,0.0,75.1309030840813,11.953161477381384,74.8692170674874,72.95880122997879,0.0,5.970992171129101,0.0,39.86394055726688,30.585255744298543,0.0,129.161412582416,110.71942802732727,0.0,52.86256279684874,18.50025737749108,69.26340411459513,25.64307896569416,0.0,107.48143481827867,0.0,8.076758781516167,63.37968885421145,69.29138503869449,83.37956936112121,19.972481956624996,0.0,12.634522840584104,28.29341974091476,4.550259963611421,0.0,13.754696604529993,0.0,73.12573336164614,107.88033022056516,12.720400144034713,0.0,36.8416700535717,138.80976970792608,0.0,85.9087409976825,0.0,0.0,34.644741388814886,39.93979067742778,0.0,32.45834485262804,12.484858598329621,0.0,147.52673445051244,36.390456374875356,54.73213504471573,0.0,19.66184253895493,0.0,0.0,63.58001535177816,18.496332843100987,0.0,6.405428663988547,12.280458747208405,0.0,84.3133743363624,131.69895738760005,78.46787346225906,58.29990712223853,56.66302746660703,59.94988570400668,45.335022046585145,169.84424203782456,0.0,180.28478950285347,0.0,34.93769993848106,0.0,81.70604806565792,17.985704401021408,0.0,7.589444704172039,108.86646447119386,0.0,5.174245749865489,10.599827633590296,0.0,20.288864446615012,141.30164852772901,19.445534900514154,0.0,151.57300901346508,3.418131088080057,0.0,0.0,30.72739656744138,26.698846418499333,0.0,0.0,0.0,12.866878136991868,0.0,0.0,32.44009521816225,33.63440826976514,55.86365343658546,63.090231188050545,3.1584198976703526,73.44202142979333,0.0,30.56022435186772,44.65396953458233,30.746756890656783,0.0,0.0,89.51168096833155,0.0,38.23526834332048,0.0,0.0,13.512546132528188,0.0,29.279441116583666,0.0,157.86725071785392,0.0,39.744647719493585,12.280458747208405,7.226742960199663,10.257839155614588,0.0,22.06392775688288,0.0,0.0,0.0,0.0,0.0,9.122038849538052,13.512546132528188,19.28505758478169,10.27267849009691,39.2392665660224,0.0,13.757815082659109,113.62570517482969,0.0,0.0,0.0,31.320271278376637,36.607883732781495,116.58816764054285,16.210069589939984,0.0,0.0,6.254413839459954,0.0,20.623515755239467,16.469324233817414,0.0,34.1874716170618,23.66786533364893,140.49643822858127,14.727782529234352,0.0,6.399399775566811,0.0,8.923398946419999,131.38807248220172,10.908519286461367,132.55891071579154,81.46584395542483,32.4485014391711,15.889317129688614,51.91436756640004,0.0,0.0,98.49014660106356,26.474487898431384,73.28306332243103,58.9806277197556,0.0,0.0,0.0,0.0,11.850940447938033,37.86571705581511,237.2014513384633,1.0674265627650517,0.0,0.0,26.04334260598577,6.582175120581121,55.16830276430119,59.93395460815243,29.69154594808153,86.23096412739312,4.701437005507661,169.5402961250572,11.3328804736858,0.0,159.90631161664098,0.0,27.204305264126166,87.34460863494853,0.0,36.91933420522657,0.0,0.0
720575940927244768,64.46136183205091,62.012248888817446,9.214271653975352,9.958508621097229,0.0,5.9728618250415595,0.0,39.48799657516956,0.0,15.362706999202844,0.0,110.14854064623947,0.0,198.69511343194296,199.6805058916674,0.0,254.83162550772602,112.59158020369648,9.436180919783713,74.65597428245341,43.25043068006897,72.21830202163304,22.160238661516154,12.263080123435657,34.33835869637605,0.0,85.75812596444284,28.641877774353368,0.0,0.0,9.35237645506899,37.6934588439205,190.63552375420812,127.83498671934277,168.1117157282053,0.0,65.37242744284258,81.96340796865783,105.44449342797157,192.0836312139191,0.0,0.0,54.30633824252802,80.66027847895641,0.0,32.84141490896779,29.993418547116732,43.07901646098966,34.44085031835115,32.11054476847112,51.60074175472292,296.29167035267085,178.4150502753127,79.30541592381874,0.0,179.96197756786427,62.68586721405943,141.7910922006403,301.91741172419313,40.982825862131676,97.45768177484001,26.226516248209176,78.89263388277367,38.07573046323297,61.955444809146826,44.747206294826235,25.73692835071828,88.37616494798922,42.06219066391851,27.670692381384864,119.85298362159801,27.62202377681935,72.58180882572846,5.487819801973386,6.423020432695759,80.57423175141504,17.3657253314704,37.24716634720256,12.051559871317476,0.0,82.86430965554888,316.5678126026771,99.80035292591296,14.73543937683996,49.63115383186686,172.5951623170312,87.32397589240122,36.580885843462134,20.852597891866097,220.8948982016922,8.863617832019603,0.0,87.45185452105929,106.6299371947741,78.12725637599101,0.0,69.34456289414591,61.702446319037584,0.0,65.33934521511563,53.604376132487765,0.0,146.7337908196979,24.63753959673196,158.8169549748567,18.465772563878126,161.9438104011726,0.0,26.260716385229323,0.0,59.46609049877456,182.9657735492949,0.0,16.582628143176823,29.63046983750061,141.61096944186247,83.04979302998105,228.5545179946053,144.0862363174158,141.84973220026126,10.019017200776391,174.02241621167502,5.569348949000863,198.16764552621999,0.0,8.488801324746815,0.0,76.97101212882218,0.0,9.572829306304367,32.84087433481429,5.581758939389466,26.057779738885852,11.006433973832516,254.12635368158774,36.11888704794931,0.0,296.6927808034444,0.0,8.50205076718272,224.28332680630265,79.34684820245464,41.1659274581136,41.26550455624949,146.29785044320738,0.0,4.3034517219453985,6.57537979150051,0.0,0.0,114.76013865096856,28.211633442660364,0.0,170.51793264030158,0.0,6.115984361976297,32.51832983364698,0.0,136.49692217608637,188.9371873392033,106.51328880460588,92.10405085755511,4.570038947784669,179.33744359320175,97.21245408392814,12.918881870625148,96.16196123918627,18.299798751803312,89.53749256875686,19.52390294983916,0.0,240.9368924869461,294.00155389727036,10.984817041897745,104.58924410632724,86.87298600485448,78.96533764910477,202.5069344445857,0.0,14.00621986756838,59.52729412752252,115.3736317494172,138.93582033644518,278.3136590728032,259.9090464755816,41.24050317293872,17.256495760754937,67.80842190610471,201.5699180384753,29.931338013528517,14.115237906875802,106.0999835705883,268.9626045677366,205.96490410017293,80.63240853582892,13.895733616093455,28.42314205676299,18.27028096892696,266.0388795004142,128.8167234024065,84.81129372019272,34.651827267235845,169.22873572105476,0.0,11.702706975822945,8.44626064303382,27.01314538654562,0.0,182.56018905529157,46.768169579767005,395.56690880784845,0.0,17.258235924637,48.02216636443163,0.0,100.00216717164346,22.1114850647452,47.619366533625495,104.61676848915415,0.0,96.7780440113044,5.257698939882312,24.928498206186383
720575940927248352,205.526295924544,0.0,0.0,0.0,1381.4675366974825,9.116980661017042,315.0406115970391,680.1789011421799,0.0,0.0,171.529159120381,332.1270036199631,533.2787456092495,0.0,238.5396843334892,282.6826443928307,242.07115392001822,69.63208039971487,2413.1229075058354,34.3947568325179,0.0,0.0,6.587722097475718,937.656831293934,9.87103304770271,1036.392309791832,902.0432391538288,226.21236146065135,121.27531394029744,0.0,0.0,1279.251983410348,215.94840335419354,0.0,0.0,0.0,97.7732044829024,18.480576616588763,0.0,7.983067141606072,44.770707878293976,0.0,118.02858887511924,398.0537447414119,530.7631483461149,0.0,85.77991067020679,0.0,185.58749759112595,52.87282294295509,0.0,676.3492609835127,912.0659616544176,0.0,507.47937269233057,36.49012254012153,0.0,40.59352808382116,38.74848145202457,505.6738996619831,310.8313634253362,458.74620440609067,0.0,527.2412920926106,0.0,0.0,0.0,4.358835132134536,699.4988582824384,0.0,343.9870076136993,66.76370164595468,2530.8635390750583,10.21914476876731,0.0,23.80722140838329,655.3409012856966,51.56192486441001,600.575826749788,1111.1845327769815,30.70000265167945,412.6146827559828,13.779481430449895,0.0,121.6723646369403,4.666791817079125,173.6576812078553,0.0,899.190700302722,45.30208612492296,413.3183560323009,0.0,108.86416674833572,655.431128967437,0.0,0.0,1274.8705878396534,0.0,430.5887174806723,745.0176108417108,0.0,330.02077422111483,368.5839046507084,0.0,289.10440738113084,1002.4713535988826,13.83395246610878,0.0,0.0,503.67049676694444,258.7559781314488,203.4236709659765,614.2353840570111,51.89635986440661,41.12203677448564,0.0,0.0,65.55777521770288,37.62996624538728,0.0,0.0,956.8878387988464,1346.9301144634107,487.678203255856,2327.3938542244596,0.0,0.0,0.0,1260.001103118577,187.9240220581068,287.8653971434054,896.9979464214356,1574.1596262828823,304.42113451981135,640.0913372954379,1290.5538910024366,512.7793081092024,520.718824433878,417.2744336003322,0.0,20.281974071467463,827.8791147435595,492.98084177783886,558.3954570259798,0.0,39.03672868773116,1253.5506566701629,909.3412315174734,459.0880865658068,2569.892620785948,979.6439274901315,200.0127103957473,405.9740328013691,71.04140621612568,0.0,22.752439270736655,244.39657763147252,44.47818549290404,652.0819441666064,0.0,13.237168542810428,55.11146763302161,734.4777075502426,1134.7834774738724,768.1427170147525,0.0,0.0,1320.214102038735,38.038098652364035,0.0,150.46119563774502,630.3423223622813,317.5800805392605,947.2067654853082,301.03625305029726,81.12160614228839,0.0,0.0,1287.2790892968899,270.34915185985847,16.45440375106282,754.4392771587452,52.192591022340345,626.367865608782,4.541505386797549,0.0,137.6797691148724,1044.3020821700768,0.0,0.0,401.8976127922378,25.712437119657558,245.88226590161105,505.0097655946334,36.259000311191805,588.2439007416305,0.0,0.0,819.2855032162739,52.01128529124803,146.65115922763363,12.723400352907973,49.32694455847887,2833.8421333121537,0.0,59.527943713484895,0.0,0.0,531.6648315393304,0.0,23.494339438169686,52.06738321150139,0.0,329.7697596765777,2314.4853252394278,0.0,1451.3176729750255,0.0,191.2504367317973,590.5414353235816,994.1850543225939,832.0517014316707,13.559565699318208
720575940928343548,51.29065309761992,5.651244584117405,0.0,10.048271765515087,0.0,11.927369761370786,75.61847604646871,29.47050998027365,0.0,88.84738364298072,1.5305925484459815,198.68902757958674,140.1874628960033,20.26188010770489,80.4839912123859,166.6051666829354,120.8751728799446,5.279439306785048,71.62509028395988,22.100568366314082,47.45754248188998,58.179727843882134,0.0,65.30666343363181,9.067190063772717,80.51851309285021,57.694635641773765,34.89094647688621,13.972592604273274,26.44804788516885,41.589716742217135,14.48169592749418,32.87669734046347,18.92318644598265,135.86063718899373,0.0,6.853067297520913,119.91639441880588,0.0,65.64131065359068,89.98893310755888,0.0,63.11099126815729,70.74353370222528,29.27176264163013,21.9976582699689,32.43766088684669,49.651983944814184,5.223310985451834,0.0,36.28910111332275,221.3275883824883,97.46550537556516,0.0,0.0,66.92768918775184,0.0,0.0,147.19904887428606,0.0,55.33664539345627,103.0323431177256,20.2066907376157,198.15910653172284,70.88703305465748,50.06573050648822,4.072656602392306,231.5187839344421,40.235999895254785,138.55633045519681,8.823607731290897,43.15702116251666,21.732867871134488,0.0,0.0,154.45098271034442,0.0,67.69563618673064,120.35023601502667,17.93153846897915,63.500046950380124,197.81910438477757,76.41212501029082,0.0,57.49990422226011,22.64004806145456,142.75695230298263,76.31703986091371,34.39460526877527,159.86769548421586,26.40824887839786,0.0,110.03176321042915,85.29661825491277,215.53806739665214,7.950805914956935,58.28371259225139,30.90140390154616,0.0,40.12610944194263,9.066468752555073,0.0,0.0,49.22107211532945,67.91081117788971,111.89733028422056,38.471143650782835,0.0,0.0,0.0,86.5319361854773,106.55693692655508,0.0,39.52977766230018,33.819637230068246,17.642171973929816,23.450645737272144,12.961835773640178,7.447270530404643,0.0,22.13576199031057,55.413764743602336,91.66684432120663,112.89983918404404,0.0,0.0,0.0,0.0,5.27917143342921,35.171584627003234,121.92722919222285,0.0,14.098211301006488,7.441085405139188,67.2996354106367,0.0,33.82900403794032,74.19369973108567,39.27904494875543,22.912890168525298,16.664847777184193,123.92941971429158,115.47950152583404,39.14131530961464,23.63544070529507,0.0,70.81479334949594,9.093495806355131,0.0,13.993318874866699,39.65833582181987,0.0,0.0,58.09832322621277,0.0,32.35615367677449,3.3770643805883838,37.830277973459324,277.9302749203822,58.652882637988725,38.18329158801256,0.0,0.0,89.71365114266213,45.400801533050945,14.891927160950445,46.296146960095356,7.477137232344333,36.179955574528186,0.0,0.0,89.60379260501232,202.4150711676809,149.4075696446059,153.8199374145039,20.3964544452883,0.0,77.29156298965178,0.0,23.76524753054069,11.196065496704897,126.9110036698723,95.53410664826818,242.21904991669348,259.16561844894255,0.0,70.30803000891603,94.66311996685616,59.62058980455661,0.0,37.34753566362422,120.31182130929946,76.54281692674981,193.5124990700676,49.019741065495545,0.0,0.0,8.607997517804906,134.27842496858847,75.30104645833154,8.552765650171947,9.067190063772717,19.71468185521999,0.0,0.0,154.06136831735242,8.771394961407088,0.291617900685126,119.14967889068974,0.0,198.502017562364,0.0,74.03047601143055,64.88815934245635,0.0,172.89301647624112,114.53528793048119,11.89874568601938,54.88150894643124,0.0,107.70858535927613,74.8928346049386,11.806406969760708
720575940909443355,91.67458995175748,100.4330708565948,3.233546882755524,0.0,53.46933225056178,110.66059754784952,0.0,44.435634033596195,0.0,53.82129442455401,0.0,205.34895903250677,230.07336243701167,0.0,27.38046447896889,74.4513535942183,79.73014015668663,9.697859812243454,101.06796464505028,32.87117945768561,5.791527873256282,66.56353772793766,34.02295747155915,159.37449953481067,14.95833811872334,119.87348902818306,146.21780979591605,28.458166240061882,152.68854261764727,10.038586130615666,91.53394988139272,119.01978215806594,80.8443779124672,0.0,96.65620726494986,11.859215450326895,51.553117844501806,91.54924816791515,0.0,36.23531117853027,150.3108329224202,0.0,99.26717431600403,0.0,131.8911465997224,0.0,233.15649081293665,0.0,9.464087844122998,27.463248359459584,12.692170316724209,156.53461950075484,166.4619587892469,0.0,93.10206517595752,11.99406046524172,0.0,0.0,0.0,26.12909350545779,49.650790225973275,110.64193307075637,18.66731733360908,170.9061428178827,7.665339635098362,70.01938753733988,0.0,62.43109896204407,61.45635848522305,168.98927991327255,29.15295999375897,222.3217548204945,81.06873257359702,0.0,0.0,13.918963670061155,0.0,75.23311170282902,77.73416292207156,83.23579595839085,54.78262505046652,202.37089946680217,86.5083090294562,18.660191616809044,24.036834082716616,51.94624331600593,11.938149489778818,150.9569199528024,33.584289910508474,85.19673200527556,0.0,5.791527873256282,19.3153074922909,135.65761961143886,69.61517456187165,0.0,117.78751954303938,17.881306567431587,91.06036785220188,12.24485377669126,50.80298501323739,0.0,21.685430424158874,0.0,56.92341326112885,59.3100712467752,36.37821869259358,0.0,0.0,0.0,209.93019585959746,15.849725308577195,171.09151640319115,72.76442333940632,11.865368836666784,0.0,0.0,0.0,0.0,0.0,0.0,139.45565587999857,157.75901405459803,72.35055874874018,0.0,0.0,0.0,0.0,71.54200313837171,88.35035012054813,107.84363719747908,48.59128178651723,59.309210531218,0.0,42.47868075765592,61.520112954097684,42.792338671070986,74.36343430562614,12.63616503894836,45.44207782917492,11.91540999299052,59.627835308308484,89.34416828091933,9.716187186646644,20.80063797174396,0.0,173.89214558433386,88.93724708610937,0.0,24.914053267103608,0.0,0.0,12.223193945953604,113.42503218161413,0.0,120.69198280041887,5.791527873256282,42.65689967815886,270.76337117956416,77.54856726365901,12.572517463599759,0.0,0.0,105.29863464315832,62.43340395160111,20.42486357057984,8.233724144471369,57.587425018795294,20.249384988029185,0.0,143.73635504741748,44.21750371165554,146.42396036750304,153.76947647409554,113.81946490154878,0.0,0.0,0.0,70.40349603566102,0.0,0.0,168.58688850365388,105.84370496986408,92.43864700361092,35.119705101132396,12.288697218295157,67.63822361135526,7.485098139637788,9.645663891022195,0.0,90.88988285390188,128.0905554325966,59.87861719937337,274.7745437813529,128.32799475322594,0.0,0.0,0.0,30.09164379238772,191.63350376397088,0.0,40.13749370335766,25.31545433960831,16.5007821713986,0.0,88.31462049145779,0.0,57.043296476717906,471.66225279992995,0.0,176.86450862918488,87.75720363992724,109.53628922578064,67.07202136156641,16.465967520775347,167.3277169755997,124.28385282631437,0.0,42.83564950070561,6.605420310807781,67.44018710976204,103.36441442461535,0.0
720575940932846484,18.222509529922746,0.0,15.764766679549588,0.0,40.42871582776802,0.0,22.255032905005585,40.36494470670035,0.0,30.5857463636926,17.90236265415843,170.12682551439931,58.14304037923498,0.0,44.4214216268912,26.323821998492466,78.32847131014405,42.20268936077083,62.19975924739818,24.822089346363665,18.890040341136196,25.421658081783036,27.420190163407625,69.730034390958,0.0,21.701960795344526,70.30892862645993,0.0,0.0,54.03419903474264,43.37427197381413,41.517939028127344,40.40536268437571,22.135263044694156,104.47464337820249,22.843634534565485,53.69184976837896,146.69661157221782,17.427526859895515,7.601555195653038,107.05751010811883,34.05129408726377,14.65045652695997,3.3211923465339086,0.0,0.0,46.695520931377175,123.57475758879268,35.97388188493317,0.0,54.475723048244255,44.48653995627709,31.51675445232058,0.0,39.44607233459536,18.538820102615063,0.0,0.0,95.07098854173115,0.0,0.0,27.01019446967127,18.222509529922746,8.46825908437291,0.0,93.4112757264892,0.0,0.0,43.8611344571214,172.74653329379674,13.994319770370799,30.400345729669638,92.18248571765034,0.0,0.0,0.0,21.1360494801694,0.0,28.252819605002646,0.0,14.095499152836421,160.1348089319394,0.0,0.0,48.167424300705676,0.0,49.99722652696072,71.11633898230758,35.01585901637441,18.436971768378402,53.32550097412102,6.386880841234026,8.46825908437291,119.90482945254165,104.81831524741489,0.0,64.97723402794747,46.50075259666181,11.993970937020054,17.90236265415843,0.0,0.0,26.774164198526073,11.978418402408183,0.0,13.252438322515847,40.292690360390445,0.0,0.0,0.0,96.57258143781684,8.46825908437291,0.0,0.0,55.042995183162105,0.0,55.528339427205246,0.0,0.0,0.0,0.0,129.77778537518657,33.66019377764553,61.63657431441493,36.255160799867774,10.127542322340753,0.0,6.333081898482159,17.272501457278594,0.0,77.293464831371,0.0,57.38562349156864,9.868765196519906,60.284543889382945,117.14043322314018,48.04364615021388,114.67404959296368,0.0,0.0,0.0,0.0,14.465946992532785,0.0,36.915364615147894,0.0,15.305410930595531,12.283696270886436,6.122174402771806,64.097825616192,52.75759710691127,37.91616195034037,7.5180590895105,52.210610270741704,26.49650044497824,13.252438322515847,39.34375198244622,38.274271976073045,102.57838537685599,28.202804618573516,0.0,0.0,17.744269013158906,68.30213930933054,171.42321575191008,26.018277237351466,8.818706524941456,53.371370792170765,0.0,0.0,0.0,88.65702875053908,23.4605691961144,17.36676155988477,130.12981163460663,0.0,0.0,0.0,39.802614099120916,29.6337922653194,31.786221582812935,42.75554187259515,165.32331898412866,97.79680865245602,52.42123879966425,0.0,62.17340330744991,43.90864688024952,68.3928261167563,0.0,48.066410958958684,8.753692076863537,69.51797972256983,153.8714068467089,0.0,39.31734053532855,5.482700951513023,0.0,70.88706612936474,12.818895651223048,3.9031126452969835,6.96319972868349,0.0,31.055797906727953,0.0,63.26530436161214,15.440007794434518,20.424935037770705,52.00905175651318,45.24859315441849,102.4764220864385,3.2775332146289666,49.15030412636651,60.31745347111938,32.50767957593944,124.87455046868376,49.9092484734346,39.07147667675905,0.0,145.83042084186837,67.23420014993465,48.06953992620475,31.424860909285634
720575940909430811,0.0,0.0,0.0,0.0,0.0,0.0,0.0,0.0,0.0,0.0,0.0,0.0,0.0,0.0,0.0,0.0,0.0,0.0,0.0,0.0,0.0,0.0,0.0,0.0,0.0,0.0,0.0,0.0,0.0,0.0,0.0,0.0,0.0,0.0,0.0,0.0,0.0,0.0,0.0,0.0,0.0,0.0,0.0,0.0,0.0,0.0,0.0,0.0,0.0,0.0,0.0,0.0,0.0,0.0,0.0,0.0,0.0,0.0,0.0,0.0,0.0,0.0,0.0,0.0,0.0,0.0,0.0,0.0,0.0,0.0,0.0,0.0,0.0,0.0,0.0,0.0,0.0,0.0,0.0,0.0,0.0,0.0,0.0,0.0,0.0,0.0,0.0,0.0,0.0,0.0,0.0,0.0,0.0,0.0,0.0,0.0,0.0,0.0,0.0,0.0,0.0,0.0,0.0,0.0,0.0,0.0,0.0,0.0,0.0,0.0,0.0,0.0,0.0,0.0,0.0,0.0,0.0,0.0,0.0,0.0,0.0,0.0,0.0,0.0,0.0,0.0,0.0,0.0,0.0,0.0,0.0,0.0,0.0,0.0,0.0,0.0,0.0,0.0,0.0,0.0,0.0,0.0,0.0,0.0,0.0,0.0,0.0,0.0,0.0,0.0,0.0,0.0,0.0,0.0,0.0,0.0,0.0,0.0,0.0,0.0,0.0,0.0,0.0,0.0,0.0,0.0,0.0,0.0,0.0,0.0,0.0,0.0,0.0,0.0,0.0,0.0,0.0,0.0,0.0,0.0,0.0,0.0,0.0,0.0,0.0,0.0,0.0,0.0,0.0,0.0,0.0,0.0,0.0,0.0,0.0,0.0,0.0,0.0,0.0,0.0,0.0,0.0,0.0,0.0,0.0,0.0,0.0,0.0,0.0,0.0,0.0,0.0,0.0,0.0,0.0,0.0,0.0,0.0,0.0,0.0,0.0,0.0,0.0
720575940937848237,0.0,402.9220039019629,0.0,0.0,99.61321233401664,498.53611656329616,60.87016895996846,0.0,0.0,0.0,0.0,156.08948636021407,4.23810054741508,0.0,0.0,57.05111634629853,18.895439418510787,0.0,0.0,63.62237568274676,0.0,168.49226287026823,230.45024437453435,8.395259368261515,0.0,22.816399678003137,33.182853170220255,24.240210946701815,448.727695393958,0.0,0.0,45.150290242473325,165.69598730669443,0.0,47.29846012818992,0.0,0.0,1.7944966564471498,0.0,0.0,115.49020737639628,0.0,121.67791988631951,0.0,148.19785705382802,0.0,440.6918588960457,0.0,0.0,0.0,68.25670759726381,0.0,265.39206186494187,13.74400033791897,92.59839185811376,24.8757220861475,15.705825584062655,0.0,145.07551356105404,0.0,112.10000428608475,63.75389114675831,0.0,0.0,0.0,0.0,0.0,164.62895488299512,59.14366051183341,0.0,0.0,115.02289212928285,15.45844153770993,0.0,0.0,9.457577580419516,0.0,0.0,22.592388601017646,0.0,5.267368068863655,12.27770656503017,172.79346130061535,5.878780376194619,144.0847929215803,0.0,0.0,0.0,7.93968239448329,5.447092819547014,0.0,0.0,0.0,0.0,0.0,0.0,0.0,0.0,0.0,0.0,99.118411434714,0.0,0.0,113.38784858146572,10.72691028252278,138.75442548284784,77.82370706773209,0.0,0.0,0.0,71.30977562481463,0.0,317.6312319495301,0.0,0.0,0.0,0.0,0.0,0.0,0.0,51.39434660963498,0.0,32.0273535115218,39.91371645542657,0.0,0.0,0.0,13.74400033791897,0.0,312.3523031299821,38.1213074217229,0.0,0.0,0.0,0.0,0.0,0.0,8.395624370996305,4.329833197612035,0.0,0.0,16.861825049937988,11.147011735643556,8.970390579254719,0.0,86.61390996152964,42.99911029849111,0.0,0.0,0.0,0.0,0.0,6.916160552658774,12.117621422705364,0.0,604.941138043262,0.0,42.560710593890775,13.526934985107147,8.101116602498333,0.0,0.0,19.583684118709105,0.0,5.906782594031138,0.0,10.096042052450684,0.0,0.0,0.0,36.583110568463,40.90358841187633,31.373808104837142,0.0,57.20816000888527,0.0,6.8588723313162285,12.544288909871,14.71671511995167,77.91931779124957,0.0,26.474754293600306,18.760726509147588,0.0,67.31265354240465,43.2173314419883,364.126350005339,129.54149660611967,8.293295839124527,61.08765297751408,5.348393127427743,45.34065292555087,75.79110099770689,8.765376337924852,653.5769525000909,0.0,0.0,0.0,0.0,405.2647915956139,0.0,168.83236290508336,0.0,0.0,0.0,1.359163805433326,0.0,0.0,478.4758693143567,0.0,111.10276202197882,422.6231784963998,0.0,78.3906033780615,0.0,0.0,0.0,63.546260412864285,33.09218586803062,0.0,4.438967158845707,0.0,0.0
720575940937856941,0.0,11.481250560520092,0.0,0.0,0.0,6.20296989533184,2.453896136758848,0.0,0.0,17.845399340439428,0.0,65.4453411974571,57.518482074976056,0.0,0.0,2.453896136758848,10.54049718788577,0.0,0.0,0.0,0.0,0.0,0.0,16.71150575108172,53.15600011784952,0.0,0.0,0.0,11.418992501179261,39.66880744255959,13.777412090692927,0.0,54.867634282707435,0.0,0.0,0.0,0.0,84.1302556885807,0.0,8.388640515525225,55.16378663003007,9.611609348737417,0.0,0.0,8.893101128320742,0.0,40.75921390798289,0.0,0.0,0.0,0.0,17.285913334697973,22.72531382556209,0.0,0.0,6.070482773956175,4.20238696996613,0.0,0.0,0.0,0.0,0.0,36.56753431527228,31.701449308065328,0.0,0.0,0.0,0.0,0.0,22.96527670491511,0.0,11.012892332308986,0.0,0.0,0.0,0.0,0.0,0.0,22.106306514854126,9.354380333704485,7.037177370954132,37.44750825582897,0.0,0.0,0.0,0.0,15.303787468793264,5.215446468799455,0.0,27.98908776443917,0.0,0.0,0.0,9.354380333704485,0.0,0.0,0.0,46.30039826264058,0.0,0.0,0.0,0.0,0.0,22.314045370191682,0.0,16.839991858284662,0.0,0.0,0.0,0.0,16.510283471070203,0.0,0.0,0.0,0.0,0.0,0.0,0.0,17.27905154600255,0.0,5.777918493922072,0.0,2.453896136758848,33.65294083231122,12.12418287756162,44.9594395163402,0.0,0.0,5.159063738234966,0.0,50.93475137170943,0.0,0.0,0.0,0.0,12.12418287756162,9.124579468764809,11.2502234733503,0.0,36.576543209313115,0.0,9.124579468764809,0.0,0.0,4.18182298427465,0.0,26.99689299729803,11.2502234733503,0.0,0.0,0.0,0.0,0.0,0.0,6.4365667679091425,12.343052603759116,0.0,0.0,59.26566053278011,16.749819605148684,0.0,0.0,0.0,5.461282277731421,0.0,17.366708130276102,0.0,0.0,0.0,24.85382350496742,6.140082708427275,0.0,0.0,51.71307809042456,16.510283471070203,0.0,0.0,0.0,0.0,0.0,13.109317766446937,19.00094040080776,25.81889962674421,19.00094040080776,0.0,0.0,168.73445597687925,20.365265154150418,0.0,0.0,0.0,17.581590993899344,0.0,10.761554629852446,0.0,0.0,0.0,0.0,0.0,0.0,13.377977409876065,8.661673534635993,0.0,5.402783911804006,0.0,4.046930947897837,3.983323646020147,36.34492776662681,33.91692203427106,0.0,22.63692293320288,68.09794621804227,10.549450328143935,50.30502193555571,0.0,0.0,0.0,7.977871408924013,25.476851186176752,0.0,0.0,11.62450024447423,0.0
720575940937857965,201.76879643592017,0.0,0.0,37.73218492327357,0.0,0.0,74.72833084208986,51.77012135854608,0.0,9.2180088956549,0.0,263.03040797158985,234.14947152145126,0.0,130.98981188472553,167.16535382896296,97.55672330299072,21.588044391556828,190.199642643548,21.400334326110773,0.0,0.0,0.0,328.570088208849,34.04933366481894,169.628962425959,13.444131385450888,193.98384648184668,9.742409244758761,12.987830753733991,8.370178346605048,66.93586499965278,169.53843766296734,21.87400779672469,151.20285986637268,60.4002210937106,0.0,66.25369824803114,0.0,118.7201900161532,149.07337401433472,59.91773104709614,8.766297213488155,44.4857114970414,126.6101812215328,0.0,0.0,0.0,0.0,14.597212107683273,18.167869115497325,253.89233017411306,183.65500860694692,24.798517715914222,16.464526048803535,18.36435777832905,0.0,0.0,331.2495104830053,17.917895655449783,0.0,7.788753484345918,20.116650173342297,473.73047671409995,31.942121067200272,16.965048197737477,0.0,0.0,89.27634518278943,0.0,23.997705943112038,119.91257210126346,49.32802697652563,0.0,0.0,21.479282034061544,21.858958813312544,218.57959534077534,233.6891400993616,38.05160219324757,14.32216791999515,276.3831237010153,82.80246899789039,8.561850662227473,62.7807150143991,4.985340025947523,61.15895338273066,0.0,53.02566178903299,111.50493159944308,56.59842586517241,5.846683966252529,188.75687160853477,174.4604839197068,146.69635043893854,0.0,134.22473747154777,24.28694380291297,111.79602188295013,68.61059132938507,41.508265373480945,0.0,0.0,51.437515814281404,53.5799818112731,94.18225243600868,37.68095855833476,0.0,0.0,0.0,356.9648298159612,115.48740890098034,12.899676220498892,36.0646764939622,7.77707221919127,5.464190832132193,0.0,84.37426026429489,45.9444862078014,0.0,0.0,65.5200127856709,374.5694575766371,83.62384445698054,49.53306317835181,0.0,0.0,37.143015519651506,131.32419062415605,0.0,143.83020569148496,6.775199963334869,103.71833774358163,0.0,52.485397528169116,117.09865715840768,123.53159014501968,58.38313245086774,37.29334855257088,0.0,0.0,223.5594640803586,198.22849288344264,17.642150257526183,31.952363314878625,0.0,154.903074962222,104.37686369182076,0.0,24.94292883257797,62.06796549483133,0.0,0.0,28.823521823236913,0.0,11.149496238422541,0.0,152.9167384176492,374.7878132489176,25.842342299155366,0.0,0.0,0.0,304.2486267785886,0.0,0.0,8.476693638986886,56.50688475970969,0.0,0.0,69.08199302821403,75.9784053647853,317.1808401725591,403.7824178882758,228.44892623684945,0.0,0.0,0.0,25.984517357724755,5.976786166568112,18.6951671355667,181.89019159468825,122.11633920281136,310.26471211344756,37.693517144928244,0.0,49.744744114539756,56.045522393421194,137.54605320947869,20.64568577517864,111.25273974807652,159.6779641147416,0.0,269.9033054673989,5.394262147795116,0.0,9.770091650290532,4.214451358124804,205.37598203486814,71.29657012267089,81.34373222304633,12.26816121089608,37.85486909799844,57.28669839353758,0.0,229.66525948297732,0.0,0.0,170.77938686678328,120.80960522641284,48.65731232646035,0.0,0.0,255.1444338189616,79.70801742318034,86.14169916576506,317.5999985859479,34.0438338845625,295.5439360921577,12.949559234064289,139.19177353060135,283.9011882347551,57.96395152588016
720575940937862061,159.18283633157554,7.190216354070308,0.0,0.0,616.9356676362328,100.98980367266175,28.059908489850763,334.98807146375503,0.0,0.0,201.4399138841544,269.6702724343528,338.8139424022223,0.0,332.491642419516,254.52839245774004,159.28347461962676,111.82985073428299,2039.9028226687205,8.695439267387853,0.0,16.045572543677075,14.086733583980404,768.5262476774225,0.0,935.6114064667524,450.5891260425345,91.50109959352545,161.4462503713794,0.0,0.0,836.5205187879917,142.19444004121593,0.0,0.0,0.0,0.0,0.0,0.0,9.540488276292905,34.61936463850128,0.0,36.18234705498286,169.7106099590616,261.0617682068491,0.0,165.29250470909003,0.0,53.35125453469298,38.25448846702272,0.0,336.64285004109087,734.5794905231497,0.0,621.7984711056723,0.0,0.0,0.0,0.0,133.31935348365323,153.07711466655502,28.70664488718334,0.0,496.3942650137682,0.0,0.0,0.0,0.0,258.81990893976416,0.0,324.02707071556523,95.60441261418784,2019.1342379422704,0.0,0.0,0.0,647.5194165202005,218.12607808635022,555.065466511351,652.1692960539222,16.71372702319247,236.15156247620885,49.768403726373485,0.0,15.40329521363585,0.0,132.5542170506371,0.0,562.8808983394625,30.58488120786917,290.1456753281733,0.0,198.76998914723688,653.1333432575981,0.0,0.0,796.2752912870533,0.0,615.0247966215846,631.5844434004664,0.0,73.36106708530717,175.92062523735473,0.0,104.92852111040754,551.2355808714779,0.0,0.0,0.0,128.43681800329972,385.5628620502233,92.67879703022238,423.0774463373476,0.0,33.571525387612965,0.0,0.0,25.676135039227212,0.0,0.0,0.0,517.5379218226263,1297.5034365810832,326.8721223830469,1778.7433088664834,0.0,0.0,0.0,851.6317265043122,76.879047109347,293.7897308113261,201.5461853076213,912.9664469144273,121.27533772982396,407.0405128597608,1113.5031896359176,436.35023785686934,193.48259680592048,32.09428544646241,0.0,0.0,405.5491343150975,293.81690674265764,229.08547600739368,0.0,4.5647635474695365,857.7289326055147,687.8666416108647,136.17595807656733,1856.014213012518,528.4149003926944,45.098915915969286,28.53225600538307,8.049989731648129,0.0,14.374782288557611,193.7493733992024,167.22718898300624,602.2385883825497,0.0,0.0,0.0,683.5821792582527,1034.5283165573205,487.6777506283895,0.0,0.0,841.5928652588624,0.0,0.0,160.05986105468398,341.2982559768327,192.90797619009774,766.8097454981347,181.11665597148036,22.33698380574095,0.0,0.0,591.7837431390992,51.599749704897754,0.0,490.78095974916135,38.628432801679004,470.11055017805234,4.465771639846798,0.0,41.149048863942255,728.4433521080086,0.0,0.0,292.9893552285188,10.4701148079899,35.461488981670904,540.9123246991977,55.185385141605245,141.0958410075833,0.0,0.0,521.730527404673,56.16111793524588,27.19504328396466,0.0,21.387713644559728,2266.9671950761945,0.0,116.8057139439432,0.0,0.0,380.2291702939928,0.0,26.573435839636304,39.96365507023736,0.0,301.09494940421393,2137.427940442277,0.0,1580.5052134129348,0.0,8.59305390904285,452.1249535787451,992.4624342381704,939.5950574305192,0.0
720575940939715909,156.71668609385262,8.846860533773436,0.0,5.360317231321011,0.0,0.0,19.373050900769268,0.0,35.70333252773241,9.650270038085877,0.0,29.297865959941394,132.82788428140765,19.96963436653125,47.149879869893,32.888007669981086,59.2036735318711,0.0,41.02024524907424,36.54785258848681,32.06335884397872,114.9269168083296,83.00845679275706,111.78645359530388,124.7603954437812,48.82659581232532,0.0,113.56009267800918,0.0,190.907345088604,73.85968556221869,0.0,32.630166126184754,0.0,98.78411905278489,56.262192979098906,0.0,155.7862871044485,0.0,131.49257401801722,36.20467294883655,7.223731745274197,113.25844811383678,25.568184809643803,45.217615330675535,14.997180105389456,0.0,17.270209935252726,0.0,0.0,54.878994699179884,203.1242743825437,106.61453457421055,8.126645409092944,8.174580179348284,131.11740757800288,0.0,8.488546709059628,43.79199529167847,0.0,0.0,19.84909046312978,134.48880312569824,89.39647789713324,42.16108366722016,44.72929149886624,0.0,135.62718109998295,8.317639645790923,65.76919094894242,69.83075714342282,78.23312233075316,33.08403572665059,0.0,0.0,121.07743927540872,0.0,32.888007669981086,47.17203856373954,0.0,75.32768693032594,186.21429092665358,58.06321503934144,51.9249747548327,82.8469802105649,139.17623429478815,139.52342093874293,5.540268932847655,9.453225551361944,109.1626758499267,28.048604906894543,6.760907011519986,122.20002503844741,84.77463950985062,121.84624517465491,0.0,9.218511660577745,53.77569272561239,0.0,37.92162591499774,17.18476047362402,34.57093423653574,0.0,123.5490560937663,118.61343148192476,8.803286801634478,93.19255549612137,11.463058050791044,11.707920691459073,0.0,55.794642826101,92.22790509413154,0.0,0.0,20.79868267333188,0.0,21.588464717069172,56.33971694645174,37.57077999185936,30.13016590121045,0.0,25.332186050682925,59.07204573792231,62.27977719783703,9.623896235040084,57.97696629049618,94.71276385336208,68.69055454181206,53.35437764340959,0.0,139.18216208204734,0.0,0.0,0.0,0.0,5.197346607492673,10.29537545111756,52.38196085666872,0.0,63.175266788937265,0.0,33.47548796753921,41.10624358009592,0.0,82.59544268446503,0.0,23.972075120860605,19.602841468999667,0.0,0.0,5.634626601269447,0.0,0.0,78.13012313361935,54.93745719105058,0.0,5.842558329396321,15.341384025363741,161.9712467581258,36.06395800761892,37.211370412684055,18.163679449159126,0.0,63.703596751500584,27.429631272061762,0.0,8.371499729597634,0.0,20.64332316101784,0.0,8.62335278071345,14.528336219667816,132.24367896333,157.66210215203492,15.703991945862395,53.62081800636376,27.28817165259582,113.42459454597405,0.0,0.0,15.308777254760082,259.5323593581188,44.10415724223394,282.33678066308534,3.993217120242389,56.326317640922824,0.0,59.09107922679809,143.15277995272476,30.648165085835412,0.0,78.55666988792672,17.734760879619927,162.4340334588705,0.0,0.0,0.0,0.0,95.39523073620386,27.7526811349395,25.95358916217174,33.83916320764561,44.29154974307088,12.595026289569068,0.0,29.96307544819359,41.46173982586524,28.417992669996508,47.25846178672019,57.53964465554089,26.72030840254898,0.0,27.526066211301263,47.759210082717836,0.0,123.29900779869166,94.35433498964005,43.381760013174414,12.533606201333955,30.335006939089475,55.73208732982112,23.45420438076638,57.2172700705773
720575940940380075,114.66851520035756,15.723216465373017,11.287978064962095,10.350634804610523,79.28649061967724,5.732786494049437,31.768496039288774,55.200809886936455,0.0,35.06571568733112,76.64260000834308,48.83872779848116,115.78943636401334,0.0,320.8016415001253,18.79638377946116,266.3821293305326,99.89315043209122,188.9169236324756,87.29162628682776,6.608610291893092,49.25537400800726,6.078592870358625,143.84609326575324,110.63452892325044,44.33099612762578,72.90974278263197,17.900978569507362,14.737242166809105,7.503656625321199,20.01786590682184,25.236076023460132,63.997568998211854,48.69174370549434,153.2617775837639,0.0,5.412901250459461,35.73948647104,0.0,128.03556191976287,35.92195221624435,12.57924237739348,17.378075150454478,281.3013402242226,78.20414814249533,0.0,14.347814830364376,0.0,0.0,23.45845638155833,93.82758909996451,269.8697520208952,260.0268049403658,0.0,140.64412355884298,86.5709916286656,0.0,26.481132848534614,237.64263867349726,35.551695710859846,86.68210419660775,51.67709762325325,27.963833283906627,46.81499195443931,112.11670667618793,30.00101104466945,0.0,46.80823547705798,174.26812366046553,0.0,151.52525577903177,59.09224743067326,287.77828379361205,0.0,0.0,40.660747925298246,120.08333011646887,42.76090789524352,52.37748841822404,139.28123633970523,0.0,137.79461592247577,36.82926742286216,5.060697239178178,149.7179306476742,35.247571774366904,142.8903169275946,9.384825574864728,78.8647042020736,200.67151001674364,128.0946858427021,0.0,57.76543658580324,132.8783111981138,287.7789002559728,0.0,103.98907984566688,0.0,34.367215892560836,388.8907706523835,6.578646381770486,50.50642106430404,0.0,43.24927105698087,64.86394899151256,215.7511431039955,25.23526036140729,10.044744851011165,0.0,0.0,32.908079641232405,324.46982838116537,78.41761708298891,53.17461483529311,48.80158335575799,18.519407372628343,13.951217341284442,124.06994678585684,215.8368126996677,0.0,0.0,142.5181237860194,123.65524526427349,156.28130532512193,256.1684938380327,0.0,0.0,4.768698355096716,134.57231652741947,69.56545905133855,87.82808274794897,5.305211661520846,217.6370913981016,48.32716022831591,130.1862910991818,115.72841398255018,36.016882893053825,228.06791498185785,7.32967597850416,0.0,35.723198340736516,242.88518794639006,47.912053236959274,54.563517369707554,60.804073598920745,29.95955671143506,153.8932164062254,89.57841830614299,0.0,253.1805631572543,217.62664884318013,0.0,73.56996080179093,208.94420383239338,22.301962237033635,23.04110023507324,49.41783397781542,0.0,79.2135093508237,203.37797949319645,30.910131786042236,0.0,79.02264394292506,343.4047988462119,141.0317283910477,0.0,116.00031614779752,105.81419382064848,17.705364707873347,38.53614097250001,0.0,162.14950675421778,101.16809052452852,221.24083188213282,33.98673615061332,0.0,47.359001210704704,11.959561767881508,21.169374737382604,85.84465710712072,50.25211187516127,142.69601706195195,82.34650895697452,204.4048727178344,101.5292608062248,0.0,7.32967597850416,528.9052423257435,73.74599014197342,21.39979798587776,28.15979205228845,275.98252794752256,54.19269816159165,71.22761898874302,18.063386266005523,0.0,0.0,42.97476722224409,206.4133641239888,84.78420157556404,53.26002377920375,14.361319609716167,10.378490627305371,292.79982137723647,0.0,54.34669167964437,0.0,0.0,229.40314585689723,32.132104536392276,159.2936300647407,0.0,0.0,0.0,181.41073784358798,78.12492258175726,152.76643946857345,66.71894230047393,26.48146233675999,29.980196835119063,267.0024967835451,150.9647301602448,25.36814441491944
720575940941106028,119.6518296149158,48.98507722836709,0.0,16.123499714516882,32.41545787101877,18.652528956519596,99.1286723840937,113.1254438965172,0.0,119.0393200018205,0.0,658.6314593872058,0.0,0.0,4.972315249024083,184.5473414007175,136.91355524007065,0.0,70.36141871477767,9.444838213016459,0.0,0.0,88.95626829762344,0.0,55.008423779736155,67.45470478553281,190.66909732932328,733.2869572060722,35.41467346865822,140.05223197241304,140.04332969020865,86.4195333751513,229.16919761085282,0.0,21.23919065358181,17.025944260431825,0.0,182.6446627677695,0.0,523.666156025634,169.88817303861825,47.15918808540661,0.0,0.0,0.0,0.0,27.199516236445458,14.342596560489115,20.280845301748393,10.399850140847446,5.305863957177546,119.4212177296995,86.70417220055234,0.0,0.0,76.868756928355,0.0,0.0,294.7630060420428,75.9147623692005,75.02550091022654,88.90846596190738,41.44664641059861,571.0786804330174,11.506815656420011,32.926265199342566,0.0,0.0,96.36765376751522,57.436780568317616,42.793151799233044,42.661676105590026,131.80229124539292,0.0,0.0,33.613344995275035,0.0,232.9609681694116,121.8138689721286,37.79046780496143,205.5367777631411,318.8394564334858,0.0,30.629157726917047,62.4688255059407,0.0,24.020982933942193,57.474830345462195,115.453721035567,168.47063602765297,11.094441013727145,25.67229136563411,73.27889526556606,237.0115870433905,240.63090339268277,0.0,224.03298225246795,81.43524205013436,0.0,17.817827059241587,0.0,0.0,0.0,95.42554515832482,128.4063570203092,172.55381911897354,214.59807554820108,0.0,0.0,0.0,337.54242231092246,171.36631567191606,0.0,0.0,6.074571055590391,0.0,37.02985035638693,27.638161284586317,0.0,0.0,0.0,123.34018169669216,76.94885599194886,233.5936694674229,0.0,0.0,60.73937839727388,0.0,0.0,109.1381019567787,148.40039674361043,8.731922634287436,140.85628810548667,0.0,67.83609464679893,82.76352423489219,61.63204997125014,20.088188130355036,66.9235645328025,121.72659939781212,0.0,427.304788539391,367.56005418658594,225.36041759123484,52.75351719831686,0.0,39.90585538515216,0.0,0.0,20.17687892973153,16.01047061623481,0.0,145.75452349016447,180.0336535793089,0.0,39.600456060819965,0.0,326.96207900314687,279.11683303453844,189.89697258239738,0.0,0.0,7.912334726904954,37.97876243828492,18.667846900473446,74.32525569020245,29.840282088312133,69.85828288974004,0.0,0.0,0.0,121.57103402917775,329.71653626320216,0.0,560.5819998854208,13.342523234890121,47.72433248903492,13.086076907786989,0.0,229.34059821419325,39.91620452279046,372.9774817875101,107.30954507401192,211.2680905129524,77.10395720384302,16.892969188432787,91.26068150070704,67.06956137135754,48.18831184868105,67.23685723003581,75.28321488351557,288.3978556751925,62.57576699276657,455.5753537089913,80.17157192035529,0.0,0.0,41.288450851242075,158.08000069299842,0.26612027356065904,0.0,159.6951196589103,11.193204148002355,0.0,0.0,504.1755349195754,43.47660162798692,117.20655252603936,540.2026985869019,65.6956513408563,91.45522466523539,3.0366567142171337,56.86464337566439,424.43175463030764,0.0,195.04755509160873,180.44321215285652,39.820937683721624,1053.6277712895906,0.0,165.7214084700164,0.0,112.80537864253067
720575940941124460,257.5924211883121,17.679870651973552,0.0,0.0,1430.8815355143784,67.7111958072417,82.07636601381792,365.5475982984905,0.0,47.8826070704546,108.58015650180697,201.29137199537712,506.71699484721756,0.0,99.45076472066016,169.3403337319077,212.13316280800748,46.5740991573252,1676.7438133771616,14.309319418909725,10.189484017359092,53.134684306574805,10.050227609125672,1309.6234251855567,0.0,900.4429279969382,926.3545442292224,143.28008610747486,95.70458511184162,0.0,0.0,922.9979397779216,167.70568219053882,0.0,21.175578688703936,0.0,43.89094981323593,80.74963779873299,0.0,25.889768852133415,36.8198439511227,10.703629934603411,90.3680256137424,172.59126886560264,536.600491280169,0.0,181.5122121792356,0.0,116.32638943745505,30.32956083796656,0.0,365.84888074583307,964.7186401835833,0.0,932.0090699202719,7.765874274555217,0.0,0.0,34.30608192745076,564.2139126020608,139.5925771149873,249.8610522838877,0.0,680.8772804572864,0.0,21.063806446484495,0.0,9.329693493526033,908.5174799253822,17.715580545575197,154.50346198310737,255.87750255334475,2153.128944718844,0.0,0.0,0.0,291.50523256254064,155.8847585404058,538.1924463231051,1442.1193557149484,26.858994699971362,360.5530673580908,157.61289686791838,12.702545208304265,413.67518947539685,121.25465937554452,82.65305957888967,0.0,622.9508070921979,30.75222554909,122.61608631045925,0.0,175.49197128772835,807.8905241954678,110.92073084161379,0.0,731.7083931476294,0.0,720.7388803422067,220.78054630312292,0.0,243.96212837238807,136.59979199217506,0.0,338.4042444298086,1134.613404795258,2.7829716451847313,0.0,0.0,429.95116407974643,346.15152801743034,59.23998637744202,781.339611067858,237.75357621939852,43.875175500692016,0.0,0.0,2.7829716451847313,0.0,0.0,0.0,526.33771408827,1218.463881905158,268.65118585013084,1107.0104255462952,0.0,0.0,0.0,1033.029833235176,190.32436409518758,225.88825962779208,1375.1512850556528,775.7345584078415,55.67476542686712,262.0173385050216,673.9611509068565,299.29360080450806,459.39485866698794,121.17042328494752,14.977547123948185,140.9223515215525,610.441243147529,286.2940102324498,509.7149018129964,0.0,109.63895088923894,1488.6003826134297,873.3908495924782,528.0366905287143,1263.6503947478607,507.4106613175859,82.47055433523933,150.9066562288847,0.0,0.0,50.189014222509,24.50476847794044,103.402646523929,774.9045591016076,0.0,0.0,0.0,517.8733998904629,798.8505292983035,405.35243903429273,0.0,0.0,930.051956575041,62.31628306276479,0.0,143.9904129225761,386.6906807611614,322.8843585707573,1089.2956715559228,178.28513100061582,25.848648650210265,10.09913912119052,5.37544061169618,1804.9915002984305,167.4847464467085,8.747568737971058,1097.8352874467407,109.2167149032482,448.353165532207,10.932385820205175,12.801749299205584,64.0213065219032,407.8479461733128,10.25413843717067,0.0,191.78897776435628,13.456161036891226,46.68466685998216,602.0092446998781,108.22818640614885,256.1726743317745,0.0,0.0,489.36609585228786,368.0334094545486,160.30906305494835,68.73794591908933,120.98816304321471,1758.6350492869547,0.0,154.96356399446628,0.0,0.0,1016.6386533428724,23.452817450747308,22.88855888427631,19.84308577584873,19.731725674944066,263.37328696608506,1330.0841143355826,13.190921584069189,1247.3766685170976,0.0,23.730103236310534,200.5718549761482,474.8744985424491,791.8041040882189,13.435357433648527
720575940946223236,141.97558201460086,0.0,0.0,7.535254831935645,147.08873683645078,0.0,71.30743408073754,156.33442355361908,0.0,0.0,102.76649719504239,44.79700275319461,12.487507947275668,0.0,43.33757568922515,93.15455072516474,39.82562026938023,130.62035184493396,106.56555836034791,20.390745337113145,28.068490032769088,5.312593421836948,0.0,0.0,38.56621359707274,35.75097112750751,147.16779260405667,87.86080273177149,0.0,0.0,13.200169919356327,90.04786997051625,9.272537567913783,0.0,34.35776982980596,0.0,77.61657490817815,52.506301983718636,46.77670086369744,5.528415273181511,12.757460057679976,5.652527967190048,0.0,159.04348828764637,0.0,0.0,0.0,0.0,51.86021628836005,54.3563881672222,104.52161532300538,21.98872092564682,97.53023583630576,31.08822103872897,106.66953117928092,47.940751382823876,0.0,0.0,43.05296994155476,113.43536388559589,7.26307872581115,10.812706800820221,0.0,84.85519098869906,5.6689185793435755,62.60641869217482,4.114408036914288,75.88841325396302,174.7201339377895,0.0,125.672550360854,80.56948652913633,169.13905513234303,0.0,0.0,51.92316989683142,164.43031812660436,114.11467275200074,8.29595811144394,4.6536641848200855,0.0,216.38860919739008,52.7309038903972,0.0,67.70042098353323,43.9930446958394,120.3219686329937,25.78928887865007,188.71373633154957,74.73036967423478,93.13662906177535,0.0,132.06765322781678,38.320365931436754,57.272148508166055,0.0,19.600376360589458,19.732296202822667,23.19060472502151,205.79415907544117,80.55104445482263,83.7193596333253,194.46372010489287,0.0,84.97033783074478,89.01747892239709,0.0,0.0,15.437794448898552,88.78553514279696,51.494092669715904,90.73722819041552,0.0,157.73778730320205,71.48371787779844,0.0,26.12513605459152,101.86871745500355,56.26827465532791,0.0,0.0,140.65695093469037,45.72792083312269,95.92515669535966,228.50859868269464,0.0,0.0,9.016134791520987,19.507016152833085,0.0,36.755519255377806,60.88796433900106,115.66596237521455,213.4552157630506,194.77324365596724,241.9191252035216,0.0,160.18020755813887,0.0,0.0,19.509364477663127,65.00159115117994,71.06118277562125,18.94607202616366,15.249116762482725,6.537243857799702,91.93876105695053,3.3960296081566113,54.232490779167726,143.42619247322264,174.78103804085737,96.25031031820124,8.951455116267695,24.435109213019064,0.0,0.0,47.34526446305077,86.43804306064412,37.78343566134145,5.414728668748478,10.465904615677392,32.89400647285095,105.4118026159641,100.1501827581356,175.6587901152298,0.0,60.25233299703352,134.9700587396291,39.611090353178135,0.0,0.0,75.47908582600098,101.34261662270056,11.41930457879186,72.44047036829134,0.0,17.403032113463986,58.878792058654334,87.73206807838713,29.05708732388981,15.167513972764537,69.60553313163597,18.20556397096944,153.09951957772748,0.0,10.28491642104009,0.0,191.6157237640301,38.36805983314962,0.0,35.47302609399443,11.543963017340156,20.003895790364684,105.08618877359308,0.0,95.5342539016714,0.0,0.0,359.731052549133,73.29373258705174,14.676811591420945,0.0,26.63517052697908,194.4749431648001,0.0,67.26383300269624,0.0,0.0,113.34084606727711,0.0,7.326275649162866,0.0,0.0,80.63688813035176,70.72181801008145,0.0,199.57011807027305,2.759671764902486,57.056253029642484,50.17957249964777,251.98399818148184,0.0,0.0
720575940948987670,392.24810794456266,6.569080196758927,0.0,0.0,110.75433248875076,149.05031931741104,157.63997346715308,0.0,0.0,10.623556246387588,0.0,835.7147051793826,1611.99308122573,0.0,18.47558050077797,229.53972082940206,125.1987760853364,0.0,677.155803087534,10.447752221927713,0.0,0.0,40.049838415048974,626.6610468230326,0.0,679.4178802604379,77.33262276065372,77.09445365442615,213.73340739374106,0.0,106.50328566967866,105.79279759071044,372.1394857917039,0.0,0.0,0.0,0.0,270.05188419638625,0.0,472.515225490944,1236.030258699951,0.0,359.596681725908,0.0,530.4864788825702,0.0,597.0024014637656,0.0,0.0,0.0,0.0,249.36483547411623,582.8516067895114,0.0,264.65257070187295,0.0,55.89382866162465,0.0,5.706963782808909,30.4659224597601,83.61649485909201,208.74172148362103,0.0,1159.2385157217977,0.0,156.6117972867258,0.0,0.0,36.92840014544219,112.4284416512271,113.01450600495171,315.3895567006399,79.3190564967492,0.0,30.329008193566814,0.0,0.0,232.78318342942822,1282.911865801453,538.3961238059031,427.45228044602345,775.0932007399479,28.230138915714377,0.0,196.47804146277755,0.0,142.90564351046913,52.117501973680376,36.41232629129702,13.376040079596589,0.0,0.0,108.24020507105472,432.145707138933,141.67512142620964,0.0,166.41122176698775,0.0,36.86929229705661,0.0,0.0,0.0,0.0,97.56013216385571,22.59715917064996,562.0242256673595,0.0,0.0,0.0,0.0,1674.9608624154116,0.0,330.1989395126948,0.0,0.0,0.0,0.0,0.0,0.0,0.0,0.0,100.33345253713695,1233.9721526461906,190.48532121967577,105.67692547926201,0.0,0.0,0.0,520.4226688460441,84.20349666072364,899.0366989904674,10.974181686924139,18.640914050977077,0.0,0.0,13.049377681072132,173.68009001365684,134.45481266610673,50.85426721941505,11.145991472866248,0.0,363.88508127893783,440.3137971676638,76.49058074125712,0.0,0.0,1272.6969012645075,715.4623637886646,0.0,76.45537702800489,0.0,0.0,7.7015816826520895,34.12823394745155,0.0,161.00643080285582,0.0,194.2784720079868,2100.883526758786,0.0,0.0,0.0,11.084683979716653,295.8286080373936,47.723836126472655,39.2986639219432,0.0,18.351027807085767,0.0,0.0,154.04659611187893,9.81990698122146,281.3691047790721,1694.8485968296213,735.8049492122673,0.0,0.0,0.0,25.60182212488741,16.04305814390421,0.0,697.8293090701816,361.774423455901,651.1802795630123,0.0,0.0,550.921337909804,103.8330444771414,0.0,25.60128942117204,29.692393749127792,267.7631755309686,0.0,579.9232555323171,110.68757340800346,0.0,0.0,0.0,257.1898464040632,62.411935709991795,9.602982367212187,83.65876588522744,0.0,298.45145530370485,0.0,529.595192605412,0.0,0.0,688.2189589646363,0.0,43.496962324165565,144.25598205490803,19.0850326646439,480.18669708879236,228.25321970554518,485.4628027812133,630.1092978167234,47.250674548735724,349.57120078101786,23.7743287509389,28.192904336038698,991.3055780075912,0.0
