post_id,post_coord,pre_axon_id,pre_axon_coord,pre_id,overlap
720575940865160474,"22364,2792,812",720575940904099536,"29320,4453,1733",720575940881624259,0.000000
720575940865160474,"22364,2792,812",720575940900924101,"24306,3929,1314",720575940903762211,0.000000
720575940865160474,"22364,2792,812",720575940911437161,"27344,3514,1565",720575940878345595,0.000000
720575940865160474,"22364,2792,812",720575940932822676,"22490,3798,2283",720575940924205189,0.000000
720575940865160474,"22364,2792,812",720575940898806193,"24461,3600,2248",720575940885439590,22.084721
720575940865160474,"22364,2792,812",720575940905063126,"30532,4598,1070",720575940898889927,0.000000
720575940865160474,"22364,2792,812",720575940890101684,"25384,4074,1605",720575940883908636,0.000000
720575940865160474,"22364,2792,812",720575940890209582,"21636,4289,2083",720575940888829455,0.000000
720575940865160474,"22364,2792,812",720575940927269708,"23751,4351,1605",720575940882093178,0.000000
720575940865160474,"22364,2792,812",720575940881780816,"27295,4519,1330",720575940899607728,0.000000
720575940865160474,"22364,2792,812",720575940890729167,"29556,5160,1151",720575940894196379,0.000000
720575940865160474,"22364,2792,812",720575940929722145,"32485,5455,1334",720575940919043143,0.000000
720575940865160474,"22364,2792,812",720575940882092320,"44973,7063,1558",720575940869469147,0.000000
720575940865160474,"22364,2792,812",720575940882092576,"44111,5787,1151",720575940908400644,0.000000
720575940865160474,"22364,2792,812",720575940878946100,"13153,5700,2154",720575940917797795,0.000000
720575940865160474,"22364,2792,812",720575940882093088,"24136,3911,1002",720575940869469403,18.607427
720575940865160474,"22364,2792,812",720575940847560045,"41727,5321,1579",720575940905121334,0.000000
720575940865160474,"22364,2792,812",720575940898736274,"20994,6297,2199",720575940884791610,0.000000
720575940881844049,"36293,2701,3171",720575940904099536,"29320,4453,1733",720575940881624259,0.000000
720575940881844049,"36293,2701,3171",720575940900924101,"24306,3929,1314",720575940903762211,0.000000
720575940881844049,"36293,2701,3171",720575940911437161,"27344,3514,1565",720575940878345595,30.705992
720575940881844049,"36293,2701,3171",720575940932822676,"22490,3798,2283",720575940924205189,0.000000
720575940881844049,"36293,2701,3171",720575940898806193,"24461,3600,2248",720575940885439590,0.000000
720575940881844049,"36293,2701,3171",720575940905063126,"30532,4598,1070",720575940898889927,0.000000
720575940881844049,"36293,2701,3171",720575940890101684,"25384,4074,1605",720575940883908636,0.000000
720575940881844049,"36293,2701,3171",720575940890209582,"21636,4289,2083",720575940888829455,0.000000
720575940881844049,"36293,2701,3171",720575940927269708,"23751,4351,1605",720575940882093178,0.000000
720575940881844049,"36293,2701,3171",720575940881780816,"27295,4519,1330",720575940899607728,0.000000
720575940881844049,"36293,2701,3171",720575940890729167,"29556,5160,1151",720575940894196379,0.000000
720575940881844049,"36293,2701,3171",720575940929722145,"32485,5455,1334",720575940919043143,0.000000
720575940881844049,"36293,2701,3171",720575940882092320,"44973,7063,1558",720575940869469147,0.000000
720575940881844049,"36293,2701,3171",720575940882092576,"44111,5787,1151",720575940908400644,8.948982
720575940881844049,"36293,2701,3171",720575940878946100,"13153,5700,2154",720575940917797795,0.000000
720575940881844049,"36293,2701,3171",720575940882093088,"24136,3911,1002",720575940869469403,0.000000
720575940881844049,"36293,2701,3171",720575940847560045,"41727,5321,1579",720575940905121334,7.405318
720575940881844049,"36293,2701,3171",720575940898736274,"20994,6297,2199",720575940884791610,0.000000
720575940902401208,"43341,3453,2176",720575940904099536,"29320,4453,1733",720575940881624259,0.000000
720575940902401208,"43341,3453,2176",720575940900924101,"24306,3929,1314",720575940903762211,0.000000
720575940902401208,"43341,3453,2176",720575940911437161,"27344,3514,1565",720575940878345595,0.000000
720575940902401208,"43341,3453,2176",720575940932822676,"22490,3798,2283",720575940924205189,0.000000
720575940902401208,"43341,3453,2176",720575940898806193,"24461,3600,2248",720575940885439590,0.000000
720575940902401208,"43341,3453,2176",720575940905063126,"30532,4598,1070",720575940898889927,0.000000
720575940902401208,"43341,3453,2176",720575940890101684,"25384,4074,1605",720575940883908636,0.000000
720575940902401208,"43341,3453,2176",720575940890209582,"21636,4289,2083",720575940888829455,0.000000
720575940902401208,"43341,3453,2176",720575940927269708,"23751,4351,1605",720575940882093178,0.000000
720575940902401208,"43341,3453,2176",720575940881780816,"27295,4519,1330",720575940899607728,0.000000
720575940902401208,"43341,3453,2176",720575940890729167,"29556,5160,1151",720575940894196379,0.000000
720575940902401208,"43341,3453,2176",720575940929722145,"32485,5455,1334",720575940919043143,0.000000
720575940902401208,"43341,3453,2176",720575940882092320,"44973,7063,1558",720575940869469147,0.000000
720575940902401208,"43341,3453,2176",720575940882092576,"44111,5787,1151",720575940908400644,0.000000
720575940902401208,"43341,3453,2176",720575940878946100,"13153,5700,2154",720575940917797795,0.000000
720575940902401208,"43341,3453,2176",720575940882093088,"24136,3911,1002",720575940869469403,0.000000
720575940902401208,"43341,3453,2176",720575940847560045,"41727,5321,1579",720575940905121334,0.000000
720575940902401208,"43341,3453,2176",720575940898736274,"20994,6297,2199",720575940884791610,0.000000
720575940896702138,"5689,2462,2592",720575940904099536,"29320,4453,1733",720575940881624259,17.924076
720575940896702138,"5689,2462,2592",720575940900924101,"24306,3929,1314",720575940903762211,0.000000
720575940896702138,"5689,2462,2592",720575940911437161,"27344,3514,1565",720575940878345595,27.439839
720575940896702138,"5689,2462,2592",720575940932822676,"22490,3798,2283",720575940924205189,13.747113
720575940896702138,"5689,2462,2592",720575940898806193,"24461,3600,2248",720575940885439590,0.000000
720575940896702138,"5689,2462,2592",720575940905063126,"30532,4598,1070",720575940898889927,0.000000
720575940896702138,"5689,2462,2592",720575940890101684,"25384,4074,1605",720575940883908636,0.000000
720575940896702138,"5689,2462,2592",720575940890209582,"21636,4289,2083",720575940888829455,0.000000
720575940896702138,"5689,2462,2592",720575940927269708,"23751,4351,1605",720575940882093178,0.000000
720575940896702138,"5689,2462,2592",720575940881780816,"27295,4519,1330",720575940899607728,0.000000
720575940896702138,"5689,2462,2592",720575940890729167,"29556,5160,1151",720575940894196379,0.000000
720575940896702138,"5689,2462,2592",720575940929722145,"32485,5455,1334",720575940919043143,0.000000
720575940896702138,"5689,2462,2592",720575940882092320,"44973,7063,1558",720575940869469147,0.000000
720575940896702138,"5689,2462,2592",720575940882092576,"44111,5787,1151",720575940908400644,0.000000
720575940896702138,"5689,2462,2592",720575940878946100,"13153,5700,2154",720575940917797795,0.000000
720575940896702138,"5689,2462,2592",720575940882093088,"24136,3911,1002",720575940869469403,0.000000
720575940896702138,"5689,2462,2592",720575940847560045,"41727,5321,1579",720575940905121334,0.000000
720575940896702138,"5689,2462,2592",720575940898736274,"20994,6297,2199",720575940884791610,0.000000
720575940898432765,"29367,2807,368",720575940904099536,"29320,4453,1733",720575940881624259,8.681830
720575940898432765,"29367,2807,368",720575940900924101,"24306,3929,1314",720575940903762211,0.000000
720575940898432765,"29367,2807,368",720575940911437161,"27344,3514,1565",720575940878345595,69.090319
720575940898432765,"29367,2807,368",720575940932822676,"22490,3798,2283",720575940924205189,0.000000
720575940898432765,"29367,2807,368",720575940898806193,"24461,3600,2248",720575940885439590,15.178662
720575940898432765,"29367,2807,368",720575940905063126,"30532,4598,1070",720575940898889927,0.000000
720575940898432765,"29367,2807,368",720575940890101684,"25384,4074,1605",720575940883908636,0.000000
720575940898432765,"29367,2807,368",720575940890209582,"21636,4289,2083",720575940888829455,0.000000
720575940898432765,"29367,2807,368",720575940927269708,"23751,4351,1605",720575940882093178,0.000000
720575940898432765,"29367,2807,368",720575940881780816,"27295,4519,1330",720575940899607728,0.000000
720575940898432765,"29367,2807,368",720575940890729167,"29556,5160,1151",720575940894196379,0.000000
720575940898432765,"29367,2807,368",720575940929722145,"32485,5455,1334",720575940919043143,0.000000
720575940898432765,"29367,2807,368",720575940882092320,"44973,7063,1558",720575940869469147,0.000000
720575940898432765,"29367,2807,368",720575940882092576,"44111,5787,1151",720575940908400644,57.536021
720575940898432765,"29367,2807,368",720575940878946100,"13153,5700,2154",720575940917797795,0.000000
720575940898432765,"29367,2807,368",720575940882093088,"24136,3911,1002",720575940869469403,20.241885
720575940898432765,"29367,2807,368",720575940847560045,"41727,5321,1579",720575940905121334,0.000000
720575940898432765,"29367,2807,368",720575940898736274,"20994,6297,2199",720575940884791610,0.000000
720575940888731665,"19953,2666,2072",720575940904099536,"29320,4453,1733",720575940881624259,8.877009
720575940888731665,"19953,2666,2072",720575940900924101,"24306,3929,1314",720575940903762211,0.000000
720575940888731665,"19953,2666,2072",720575940911437161,"27344,3514,1565",720575940878345595,42.888948
720575940888731665,"19953,2666,2072",720575940932822676,"22490,3798,2283",720575940924205189,0.000000
720575940888731665,"19953,2666,2072",720575940898806193,"24461,3600,2248",720575940885439590,112.499633
720575940888731665,"19953,2666,2072",720575940905063126,"30532,4598,1070",720575940898889927,22.480563
720575940888731665,"19953,2666,2072",720575940890101684,"25384,4074,1605",720575940883908636,0.000000
720575940888731665,"19953,2666,2072",720575940890209582,"21636,4289,2083",720575940888829455,20.599267
720575940888731665,"19953,2666,2072",720575940927269708,"23751,4351,1605",720575940882093178,5.742106
720575940888731665,"19953,2666,2072",720575940881780816,"27295,4519,1330",720575940899607728,0.000000
720575940888731665,"19953,2666,2072",720575940890729167,"29556,5160,1151",720575940894196379,0.000000
720575940888731665,"19953,2666,2072",720575940929722145,"32485,5455,1334",720575940919043143,0.000000
720575940888731665,"19953,2666,2072",720575940882092320,"44973,7063,1558",720575940869469147,0.000000
720575940888731665,"19953,2666,2072",720575940882092576,"44111,5787,1151",720575940908400644,79.316944
720575940888731665,"19953,2666,2072",720575940878946100,"13153,5700,2154",720575940917797795,0.000000
720575940888731665,"19953,2666,2072",720575940882093088,"24136,3911,1002",720575940869469403,42.295564
720575940888731665,"19953,2666,2072",720575940847560045,"41727,5321,1579",720575940905121334,0.000000
720575940888731665,"19953,2666,2072",720575940898736274,"20994,6297,2199",720575940884791610,0.000000
720575940879773686,"17785,2905,250",720575940904099536,"29320,4453,1733",720575940881624259,48.655856
720575940879773686,"17785,2905,250",720575940900924101,"24306,3929,1314",720575940903762211,0.000000
720575940879773686,"17785,2905,250",720575940911437161,"27344,3514,1565",720575940878345595,0.000000
720575940879773686,"17785,2905,250",720575940932822676,"22490,3798,2283",720575940924205189,0.000000
720575940879773686,"17785,2905,250",720575940898806193,"24461,3600,2248",720575940885439590,5.732391
720575940879773686,"17785,2905,250",720575940905063126,"30532,4598,1070",720575940898889927,0.000000
720575940879773686,"17785,2905,250",720575940890101684,"25384,4074,1605",720575940883908636,0.000000
720575940879773686,"17785,2905,250",720575940890209582,"21636,4289,2083",720575940888829455,15.208560
720575940879773686,"17785,2905,250",720575940927269708,"23751,4351,1605",720575940882093178,0.000000
720575940879773686,"17785,2905,250",720575940881780816,"27295,4519,1330",720575940899607728,0.000000
720575940879773686,"17785,2905,250",720575940890729167,"29556,5160,1151",720575940894196379,0.000000
720575940879773686,"17785,2905,250",720575940929722145,"32485,5455,1334",720575940919043143,0.000000
720575940879773686,"17785,2905,250",720575940882092320,"44973,7063,1558",720575940869469147,0.000000
720575940879773686,"17785,2905,250",720575940882092576,"44111,5787,1151",720575940908400644,0.000000
720575940879773686,"17785,2905,250",720575940878946100,"13153,5700,2154",720575940917797795,0.000000
720575940879773686,"17785,2905,250",720575940882093088,"24136,3911,1002",720575940869469403,0.000000
720575940879773686,"17785,2905,250",720575940847560045,"41727,5321,1579",720575940905121334,0.000000
720575940879773686,"17785,2905,250",720575940898736274,"20994,6297,2199",720575940884791610,0.000000
720575940884939979,"28653,2517,2583",720575940904099536,"29320,4453,1733",720575940881624259,18.709451
720575940884939979,"28653,2517,2583",720575940900924101,"24306,3929,1314",720575940903762211,0.000000
720575940884939979,"28653,2517,2583",720575940911437161,"27344,3514,1565",720575940878345595,0.000000
720575940884939979,"28653,2517,2583",720575940932822676,"22490,3798,2283",720575940924205189,0.000000
720575940884939979,"28653,2517,2583",720575940898806193,"24461,3600,2248",720575940885439590,0.000000
720575940884939979,"28653,2517,2583",720575940905063126,"30532,4598,1070",720575940898889927,0.000000
720575940884939979,"28653,2517,2583",720575940890101684,"25384,4074,1605",720575940883908636,0.000000
720575940884939979,"28653,2517,2583",720575940890209582,"21636,4289,2083",720575940888829455,0.000000
720575940884939979,"28653,2517,2583",720575940927269708,"23751,4351,1605",720575940882093178,0.000000
720575940884939979,"28653,2517,2583",720575940881780816,"27295,4519,1330",720575940899607728,0.000000
720575940884939979,"28653,2517,2583",720575940890729167,"29556,5160,1151",720575940894196379,0.000000
720575940884939979,"28653,2517,2583",720575940929722145,"32485,5455,1334",720575940919043143,0.000000
720575940884939979,"28653,2517,2583",720575940882092320,"44973,7063,1558",720575940869469147,0.000000
720575940884939979,"28653,2517,2583",720575940882092576,"44111,5787,1151",720575940908400644,0.000000
720575940884939979,"28653,2517,2583",720575940878946100,"13153,5700,2154",720575940917797795,0.000000
720575940884939979,"28653,2517,2583",720575940882093088,"24136,3911,1002",720575940869469403,0.000000
720575940884939979,"28653,2517,2583",720575940847560045,"41727,5321,1579",720575940905121334,0.000000
720575940884939979,"28653,2517,2583",720575940898736274,"20994,6297,2199",720575940884791610,0.000000
720575940880850833,"34054,3109,377",720575940904099536,"29320,4453,1733",720575940881624259,11.254942
720575940880850833,"34054,3109,377",720575940900924101,"24306,3929,1314",720575940903762211,0.000000
720575940880850833,"34054,3109,377",720575940911437161,"27344,3514,1565",720575940878345595,18.053590
720575940880850833,"34054,3109,377",720575940932822676,"22490,3798,2283",720575940924205189,0.000000
720575940880850833,"34054,3109,377",720575940898806193,"24461,3600,2248",720575940885439590,0.000000
720575940880850833,"34054,3109,377",720575940905063126,"30532,4598,1070",720575940898889927,0.000000
720575940880850833,"34054,3109,377",720575940890101684,"25384,4074,1605",720575940883908636,0.000000
720575940880850833,"34054,3109,377",720575940890209582,"21636,4289,2083",720575940888829455,0.000000
720575940880850833,"34054,3109,377",720575940927269708,"23751,4351,1605",720575940882093178,24.050148
720575940880850833,"34054,3109,377",720575940881780816,"27295,4519,1330",720575940899607728,25.161769
720575940880850833,"34054,3109,377",720575940890729167,"29556,5160,1151",720575940894196379,0.000000
720575940880850833,"34054,3109,377",720575940929722145,"32485,5455,1334",720575940919043143,0.000000
720575940880850833,"34054,3109,377",720575940882092320,"44973,7063,1558",720575940869469147,0.000000
720575940880850833,"34054,3109,377",720575940882092576,"44111,5787,1151",720575940908400644,29.900329
720575940880850833,"34054,3109,377",720575940878946100,"13153,5700,2154",720575940917797795,0.000000
720575940880850833,"34054,3109,377",720575940882093088,"24136,3911,1002",720575940869469403,0.000000
720575940880850833,"34054,3109,377",720575940847560045,"41727,5321,1579",720575940905121334,0.000000
720575940880850833,"34054,3109,377",720575940898736274,"20994,6297,2199",720575940884791610,0.000000
720575940915676096,"23578,2619,1257",720575940904099536,"29320,4453,1733",720575940881624259,0.000000
720575940915676096,"23578,2619,1257",720575940900924101,"24306,3929,1314",720575940903762211,0.000000
720575940915676096,"23578,2619,1257",720575940911437161,"27344,3514,1565",720575940878345595,10.356976
720575940915676096,"23578,2619,1257",720575940932822676,"22490,3798,2283",720575940924205189,0.000000
720575940915676096,"23578,2619,1257",720575940898806193,"24461,3600,2248",720575940885439590,0.000000
720575940915676096,"23578,2619,1257",720575940905063126,"30532,4598,1070",720575940898889927,0.000000
720575940915676096,"23578,2619,1257",720575940890101684,"25384,4074,1605",720575940883908636,0.000000
720575940915676096,"23578,2619,1257",720575940890209582,"21636,4289,2083",720575940888829455,15.147119
720575940915676096,"23578,2619,1257",720575940927269708,"23751,4351,1605",720575940882093178,0.000000
720575940915676096,"23578,2619,1257",720575940881780816,"27295,4519,1330",720575940899607728,0.000000
720575940915676096,"23578,2619,1257",720575940890729167,"29556,5160,1151",720575940894196379,0.000000
720575940915676096,"23578,2619,1257",720575940929722145,"32485,5455,1334",720575940919043143,0.000000
720575940915676096,"23578,2619,1257",720575940882092320,"44973,7063,1558",720575940869469147,16.471550
720575940915676096,"23578,2619,1257",720575940882092576,"44111,5787,1151",720575940908400644,21.388086
720575940915676096,"23578,2619,1257",720575940878946100,"13153,5700,2154",720575940917797795,0.000000
720575940915676096,"23578,2619,1257",720575940882093088,"24136,3911,1002",720575940869469403,25.103841
720575940915676096,"23578,2619,1257",720575940847560045,"41727,5321,1579",720575940905121334,0.000000
720575940915676096,"23578,2619,1257",720575940898736274,"20994,6297,2199",720575940884791610,0.000000
720575940895281326,"36999,2825,4021",720575940904099536,"29320,4453,1733",720575940881624259,0.000000
720575940895281326,"36999,2825,4021",720575940900924101,"24306,3929,1314",720575940903762211,0.000000
720575940895281326,"36999,2825,4021",720575940911437161,"27344,3514,1565",720575940878345595,11.990880
720575940895281326,"36999,2825,4021",720575940932822676,"22490,3798,2283",720575940924205189,0.000000
720575940895281326,"36999,2825,4021",720575940898806193,"24461,3600,2248",720575940885439590,0.000000
720575940895281326,"36999,2825,4021",720575940905063126,"30532,4598,1070",720575940898889927,0.000000
720575940895281326,"36999,2825,4021",720575940890101684,"25384,4074,1605",720575940883908636,0.000000
720575940895281326,"36999,2825,4021",720575940890209582,"21636,4289,2083",720575940888829455,0.000000
720575940895281326,"36999,2825,4021",720575940927269708,"23751,4351,1605",720575940882093178,0.000000
720575940895281326,"36999,2825,4021",720575940881780816,"27295,4519,1330",720575940899607728,0.000000
720575940895281326,"36999,2825,4021",720575940890729167,"29556,5160,1151",720575940894196379,0.000000
720575940895281326,"36999,2825,4021",720575940929722145,"32485,5455,1334",720575940919043143,16.877183
720575940895281326,"36999,2825,4021",720575940882092320,"44973,7063,1558",720575940869469147,0.000000
720575940895281326,"36999,2825,4021",720575940882092576,"44111,5787,1151",720575940908400644,67.953379
720575940895281326,"36999,2825,4021",720575940878946100,"13153,5700,2154",720575940917797795,0.000000
720575940895281326,"36999,2825,4021",720575940882093088,"24136,3911,1002",720575940869469403,0.000000
720575940895281326,"36999,2825,4021",720575940847560045,"41727,5321,1579",720575940905121334,7.460173
720575940895281326,"36999,2825,4021",720575940898736274,"20994,6297,2199",720575940884791610,0.000000
720575940894563284,"31434,2687,859",720575940904099536,"29320,4453,1733",720575940881624259,14.238942
720575940894563284,"31434,2687,859",720575940900924101,"24306,3929,1314",720575940903762211,0.000000
720575940894563284,"31434,2687,859",720575940911437161,"27344,3514,1565",720575940878345595,0.000000
720575940894563284,"31434,2687,859",720575940932822676,"22490,3798,2283",720575940924205189,0.000000
720575940894563284,"31434,2687,859",720575940898806193,"24461,3600,2248",720575940885439590,0.000000
720575940894563284,"31434,2687,859",720575940905063126,"30532,4598,1070",720575940898889927,0.000000
720575940894563284,"31434,2687,859",720575940890101684,"25384,4074,1605",720575940883908636,0.000000
720575940894563284,"31434,2687,859",720575940890209582,"21636,4289,2083",720575940888829455,0.000000
720575940894563284,"31434,2687,859",720575940927269708,"23751,4351,1605",720575940882093178,0.000000
720575940894563284,"31434,2687,859",720575940881780816,"27295,4519,1330",720575940899607728,0.000000
720575940894563284,"31434,2687,859",720575940890729167,"29556,5160,1151",720575940894196379,0.000000
720575940894563284,"31434,2687,859",720575940929722145,"32485,5455,1334",720575940919043143,0.000000
720575940894563284,"31434,2687,859",720575940882092320,"44973,7063,1558",720575940869469147,0.000000
720575940894563284,"31434,2687,859",720575940882092576,"44111,5787,1151",720575940908400644,0.000000
720575940894563284,"31434,2687,859",720575940878946100,"13153,5700,2154",720575940917797795,0.000000
720575940894563284,"31434,2687,859",720575940882093088,"24136,3911,1002",720575940869469403,0.000000
720575940894563284,"31434,2687,859",720575940847560045,"41727,5321,1579",720575940905121334,0.000000
720575940894563284,"31434,2687,859",720575940898736274,"20994,6297,2199",720575940884791610,0.000000
720575940898821041,"11903,3126,706",720575940904099536,"29320,4453,1733",720575940881624259,0.000000
720575940898821041,"11903,3126,706",720575940900924101,"24306,3929,1314",720575940903762211,0.000000
720575940898821041,"11903,3126,706",720575940911437161,"27344,3514,1565",720575940878345595,0.000000
720575940898821041,"11903,3126,706",720575940932822676,"22490,3798,2283",720575940924205189,0.000000
720575940898821041,"11903,3126,706",720575940898806193,"24461,3600,2248",720575940885439590,0.000000
720575940898821041,"11903,3126,706",720575940905063126,"30532,4598,1070",720575940898889927,0.000000
720575940898821041,"11903,3126,706",720575940890101684,"25384,4074,1605",720575940883908636,0.000000
720575940898821041,"11903,3126,706",720575940890209582,"21636,4289,2083",720575940888829455,59.436959
720575940898821041,"11903,3126,706",720575940927269708,"23751,4351,1605",720575940882093178,0.000000
720575940898821041,"11903,3126,706",720575940881780816,"27295,4519,1330",720575940899607728,0.000000
720575940898821041,"11903,3126,706",720575940890729167,"29556,5160,1151",720575940894196379,0.000000
720575940898821041,"11903,3126,706",720575940929722145,"32485,5455,1334",720575940919043143,0.000000
720575940898821041,"11903,3126,706",720575940882092320,"44973,7063,1558",720575940869469147,0.000000
720575940898821041,"11903,3126,706",720575940882092576,"44111,5787,1151",720575940908400644,0.000000
720575940898821041,"11903,3126,706",720575940878946100,"13153,5700,2154",720575940917797795,0.000000
720575940898821041,"11903,3126,706",720575940882093088,"24136,3911,1002",720575940869469403,5.557825
720575940898821041,"11903,3126,706",720575940847560045,"41727,5321,1579",720575940905121334,0.000000
720575940898821041,"11903,3126,706",720575940898736274,"20994,6297,2199",720575940884791610,0.000000
720575940884015788,"33944,2830,457",720575940904099536,"29320,4453,1733",720575940881624259,6.194358
720575940884015788,"33944,2830,457",720575940900924101,"24306,3929,1314",720575940903762211,0.000000
720575940884015788,"33944,2830,457",720575940911437161,"27344,3514,1565",720575940878345595,0.000000
720575940884015788,"33944,2830,457",720575940932822676,"22490,3798,2283",720575940924205189,0.000000
720575940884015788,"33944,2830,457",720575940898806193,"24461,3600,2248",720575940885439590,0.000000
720575940884015788,"33944,2830,457",720575940905063126,"30532,4598,1070",720575940898889927,0.000000
720575940884015788,"33944,2830,457",720575940890101684,"25384,4074,1605",720575940883908636,0.000000
720575940884015788,"33944,2830,457",720575940890209582,"21636,4289,2083",720575940888829455,0.000000
720575940884015788,"33944,2830,457",720575940927269708,"23751,4351,1605",720575940882093178,0.000000
720575940884015788,"33944,2830,457",720575940881780816,"27295,4519,1330",720575940899607728,0.000000
720575940884015788,"33944,2830,457",720575940890729167,"29556,5160,1151",720575940894196379,0.000000
720575940884015788,"33944,2830,457",720575940929722145,"32485,5455,1334",720575940919043143,0.000000
720575940884015788,"33944,2830,457",720575940882092320,"44973,7063,1558",720575940869469147,0.000000
720575940884015788,"33944,2830,457",720575940882092576,"44111,5787,1151",720575940908400644,0.000000
720575940884015788,"33944,2830,457",720575940878946100,"13153,5700,2154",720575940917797795,0.000000
720575940884015788,"33944,2830,457",720575940882093088,"24136,3911,1002",720575940869469403,0.000000
720575940884015788,"33944,2830,457",720575940847560045,"41727,5321,1579",720575940905121334,0.000000
720575940884015788,"33944,2830,457",720575940898736274,"20994,6297,2199",720575940884791610,0.000000
720575940887194266,"26998,2358,1654",720575940904099536,"29320,4453,1733",720575940881624259,63.167865
720575940887194266,"26998,2358,1654",720575940900924101,"24306,3929,1314",720575940903762211,0.000000
720575940887194266,"26998,2358,1654",720575940911437161,"27344,3514,1565",720575940878345595,35.254262
720575940887194266,"26998,2358,1654",720575940932822676,"22490,3798,2283",720575940924205189,13.353253
720575940887194266,"26998,2358,1654",720575940898806193,"24461,3600,2248",720575940885439590,28.452411
720575940887194266,"26998,2358,1654",720575940905063126,"30532,4598,1070",720575940898889927,0.000000
720575940887194266,"26998,2358,1654",720575940890101684,"25384,4074,1605",720575940883908636,20.171968
720575940887194266,"26998,2358,1654",720575940890209582,"21636,4289,2083",720575940888829455,0.000000
720575940887194266,"26998,2358,1654",720575940927269708,"23751,4351,1605",720575940882093178,25.690272
720575940887194266,"26998,2358,1654",720575940881780816,"27295,4519,1330",720575940899607728,0.000000
720575940887194266,"26998,2358,1654",720575940890729167,"29556,5160,1151",720575940894196379,0.000000
720575940887194266,"26998,2358,1654",720575940929722145,"32485,5455,1334",720575940919043143,12.292395
720575940887194266,"26998,2358,1654",720575940882092320,"44973,7063,1558",720575940869469147,27.488026
720575940887194266,"26998,2358,1654",720575940882092576,"44111,5787,1151",720575940908400644,14.015868
720575940887194266,"26998,2358,1654",720575940878946100,"13153,5700,2154",720575940917797795,0.000000
720575940887194266,"26998,2358,1654",720575940882093088,"24136,3911,1002",720575940869469403,0.000000
720575940887194266,"26998,2358,1654",720575940847560045,"41727,5321,1579",720575940905121334,0.000000
720575940887194266,"26998,2358,1654",720575940898736274,"20994,6297,2199",720575940884791610,0.000000
720575940881974650,"18262,2342,1860",720575940904099536,"29320,4453,1733",720575940881624259,6.395233
720575940881974650,"18262,2342,1860",720575940900924101,"24306,3929,1314",720575940903762211,16.625762
720575940881974650,"18262,2342,1860",720575940911437161,"27344,3514,1565",720575940878345595,101.961803
720575940881974650,"18262,2342,1860",720575940932822676,"22490,3798,2283",720575940924205189,0.000000
720575940881974650,"18262,2342,1860",720575940898806193,"24461,3600,2248",720575940885439590,28.098383
720575940881974650,"18262,2342,1860",720575940905063126,"30532,4598,1070",720575940898889927,0.000000
720575940881974650,"18262,2342,1860",720575940890101684,"25384,4074,1605",720575940883908636,6.211687
720575940881974650,"18262,2342,1860",720575940890209582,"21636,4289,2083",720575940888829455,0.000000
720575940881974650,"18262,2342,1860",720575940927269708,"23751,4351,1605",720575940882093178,10.065883
720575940881974650,"18262,2342,1860",720575940881780816,"27295,4519,1330",720575940899607728,0.000000
720575940881974650,"18262,2342,1860",720575940890729167,"29556,5160,1151",720575940894196379,0.000000
720575940881974650,"18262,2342,1860",720575940929722145,"32485,5455,1334",720575940919043143,10.639025
720575940881974650,"18262,2342,1860",720575940882092320,"44973,7063,1558",720575940869469147,0.000000
720575940881974650,"18262,2342,1860",720575940882092576,"44111,5787,1151",720575940908400644,44.824905
720575940881974650,"18262,2342,1860",720575940878946100,"13153,5700,2154",720575940917797795,0.000000
720575940881974650,"18262,2342,1860",720575940882093088,"24136,3911,1002",720575940869469403,48.352401
720575940881974650,"18262,2342,1860",720575940847560045,"41727,5321,1579",720575940905121334,0.000000
720575940881974650,"18262,2342,1860",720575940898736274,"20994,6297,2199",720575940884791610,0.000000
720575940890018996,"17861,2655,713",720575940904099536,"29320,4453,1733",720575940881624259,0.000000
720575940890018996,"17861,2655,713",720575940900924101,"24306,3929,1314",720575940903762211,0.000000
720575940890018996,"17861,2655,713",720575940911437161,"27344,3514,1565",720575940878345595,20.072677
720575940890018996,"17861,2655,713",720575940932822676,"22490,3798,2283",720575940924205189,11.622947
720575940890018996,"17861,2655,713",720575940898806193,"24461,3600,2248",720575940885439590,0.000000
720575940890018996,"17861,2655,713",720575940905063126,"30532,4598,1070",720575940898889927,0.000000
720575940890018996,"17861,2655,713",720575940890101684,"25384,4074,1605",720575940883908636,4.524769
720575940890018996,"17861,2655,713",720575940890209582,"21636,4289,2083",720575940888829455,54.616740
720575940890018996,"17861,2655,713",720575940927269708,"23751,4351,1605",720575940882093178,0.000000
720575940890018996,"17861,2655,713",720575940881780816,"27295,4519,1330",720575940899607728,0.000000
720575940890018996,"17861,2655,713",720575940890729167,"29556,5160,1151",720575940894196379,0.000000
720575940890018996,"17861,2655,713",720575940929722145,"32485,5455,1334",720575940919043143,0.000000
720575940890018996,"17861,2655,713",720575940882092320,"44973,7063,1558",720575940869469147,33.647870
720575940890018996,"17861,2655,713",720575940882092576,"44111,5787,1151",720575940908400644,0.000000
720575940890018996,"17861,2655,713",720575940878946100,"13153,5700,2154",720575940917797795,0.000000
720575940890018996,"17861,2655,713",720575940882093088,"24136,3911,1002",720575940869469403,0.000000
720575940890018996,"17861,2655,713",720575940847560045,"41727,5321,1579",720575940905121334,0.000000
720575940890018996,"17861,2655,713",720575940898736274,"20994,6297,2199",720575940884791610,0.000000
720575940963340820,"34789,2792,906",720575940904099536,"29320,4453,1733",720575940881624259,27.183044
720575940963340820,"34789,2792,906",720575940900924101,"24306,3929,1314",720575940903762211,4.227089
720575940963340820,"34789,2792,906",720575940911437161,"27344,3514,1565",720575940878345595,66.486199
720575940963340820,"34789,2792,906",720575940932822676,"22490,3798,2283",720575940924205189,0.000000
720575940963340820,"34789,2792,906",720575940898806193,"24461,3600,2248",720575940885439590,12.180300
720575940963340820,"34789,2792,906",720575940905063126,"30532,4598,1070",720575940898889927,7.798721
720575940963340820,"34789,2792,906",720575940890101684,"25384,4074,1605",720575940883908636,0.000000
720575940963340820,"34789,2792,906",720575940890209582,"21636,4289,2083",720575940888829455,14.223724
720575940963340820,"34789,2792,906",720575940927269708,"23751,4351,1605",720575940882093178,47.175504
720575940963340820,"34789,2792,906",720575940881780816,"27295,4519,1330",720575940899607728,31.837442
720575940963340820,"34789,2792,906",720575940890729167,"29556,5160,1151",720575940894196379,0.000000
720575940963340820,"34789,2792,906",720575940929722145,"32485,5455,1334",720575940919043143,0.000000
720575940963340820,"34789,2792,906",720575940882092320,"44973,7063,1558",720575940869469147,0.000000
720575940963340820,"34789,2792,906",720575940882092576,"44111,5787,1151",720575940908400644,38.109327
720575940963340820,"34789,2792,906",720575940878946100,"13153,5700,2154",720575940917797795,0.000000
720575940963340820,"34789,2792,906",720575940882093088,"24136,3911,1002",720575940869469403,0.000000
720575940963340820,"34789,2792,906",720575940847560045,"41727,5321,1579",720575940905121334,8.789341
720575940963340820,"34789,2792,906",720575940898736274,"20994,6297,2199",720575940884791610,0.000000
720575940918311989,"8943,2467,2972",720575940904099536,"29320,4453,1733",720575940881624259,0.000000
720575940918311989,"8943,2467,2972",720575940900924101,"24306,3929,1314",720575940903762211,0.000000
720575940918311989,"8943,2467,2972",720575940911437161,"27344,3514,1565",720575940878345595,0.000000
720575940918311989,"8943,2467,2972",720575940932822676,"22490,3798,2283",720575940924205189,0.000000
720575940918311989,"8943,2467,2972",720575940898806193,"24461,3600,2248",720575940885439590,0.000000
720575940918311989,"8943,2467,2972",720575940905063126,"30532,4598,1070",720575940898889927,0.000000
720575940918311989,"8943,2467,2972",720575940890101684,"25384,4074,1605",720575940883908636,0.000000
720575940918311989,"8943,2467,2972",720575940890209582,"21636,4289,2083",720575940888829455,80.303236
720575940918311989,"8943,2467,2972",720575940927269708,"23751,4351,1605",720575940882093178,0.000000
720575940918311989,"8943,2467,2972",720575940881780816,"27295,4519,1330",720575940899607728,0.000000
720575940918311989,"8943,2467,2972",720575940890729167,"29556,5160,1151",720575940894196379,0.000000
720575940918311989,"8943,2467,2972",720575940929722145,"32485,5455,1334",720575940919043143,0.000000
720575940918311989,"8943,2467,2972",720575940882092320,"44973,7063,1558",720575940869469147,0.000000
720575940918311989,"8943,2467,2972",720575940882092576,"44111,5787,1151",720575940908400644,0.000000
720575940918311989,"8943,2467,2972",720575940878946100,"13153,5700,2154",720575940917797795,0.000000
720575940918311989,"8943,2467,2972",720575940882093088,"24136,3911,1002",720575940869469403,0.000000
720575940918311989,"8943,2467,2972",720575940847560045,"41727,5321,1579",720575940905121334,0.000000
720575940918311989,"8943,2467,2972",720575940898736274,"20994,6297,2199",720575940884791610,0.000000
720575940890704372,"6483,2370,1819",720575940904099536,"29320,4453,1733",720575940881624259,0.000000
720575940890704372,"6483,2370,1819",720575940900924101,"24306,3929,1314",720575940903762211,0.000000
720575940890704372,"6483,2370,1819",720575940911437161,"27344,3514,1565",720575940878345595,12.606907
720575940890704372,"6483,2370,1819",720575940932822676,"22490,3798,2283",720575940924205189,0.000000
720575940890704372,"6483,2370,1819",720575940898806193,"24461,3600,2248",720575940885439590,0.000000
720575940890704372,"6483,2370,1819",720575940905063126,"30532,4598,1070",720575940898889927,0.000000
720575940890704372,"6483,2370,1819",720575940890101684,"25384,4074,1605",720575940883908636,0.000000
720575940890704372,"6483,2370,1819",720575940890209582,"21636,4289,2083",720575940888829455,48.812514
720575940890704372,"6483,2370,1819",720575940927269708,"23751,4351,1605",720575940882093178,0.000000
720575940890704372,"6483,2370,1819",720575940881780816,"27295,4519,1330",720575940899607728,0.000000
720575940890704372,"6483,2370,1819",720575940890729167,"29556,5160,1151",720575940894196379,0.000000
720575940890704372,"6483,2370,1819",720575940929722145,"32485,5455,1334",720575940919043143,0.000000
720575940890704372,"6483,2370,1819",720575940882092320,"44973,7063,1558",720575940869469147,0.000000
720575940890704372,"6483,2370,1819",720575940882092576,"44111,5787,1151",720575940908400644,0.000000
720575940890704372,"6483,2370,1819",720575940878946100,"13153,5700,2154",720575940917797795,0.000000
720575940890704372,"6483,2370,1819",720575940882093088,"24136,3911,1002",720575940869469403,0.000000
720575940890704372,"6483,2370,1819",720575940847560045,"41727,5321,1579",720575940905121334,0.000000
720575940890704372,"6483,2370,1819",720575940898736274,"20994,6297,2199",720575940884791610,0.000000
720575940905050934,"25416,2229,2938",720575940904099536,"29320,4453,1733",720575940881624259,13.051224
720575940905050934,"25416,2229,2938",720575940900924101,"24306,3929,1314",720575940903762211,0.000000
720575940905050934,"25416,2229,2938",720575940911437161,"27344,3514,1565",720575940878345595,10.040884
720575940905050934,"25416,2229,2938",720575940932822676,"22490,3798,2283",720575940924205189,0.000000
720575940905050934,"25416,2229,2938",720575940898806193,"24461,3600,2248",720575940885439590,0.000000
720575940905050934,"25416,2229,2938",720575940905063126,"30532,4598,1070",720575940898889927,0.000000
720575940905050934,"25416,2229,2938",720575940890101684,"25384,4074,1605",720575940883908636,0.000000
720575940905050934,"25416,2229,2938",720575940890209582,"21636,4289,2083",720575940888829455,0.000000
720575940905050934,"25416,2229,2938",720575940927269708,"23751,4351,1605",720575940882093178,0.000000
720575940905050934,"25416,2229,2938",720575940881780816,"27295,4519,1330",720575940899607728,0.000000
720575940905050934,"25416,2229,2938",720575940890729167,"29556,5160,1151",720575940894196379,0.000000
720575940905050934,"25416,2229,2938",720575940929722145,"32485,5455,1334",720575940919043143,8.811627
720575940905050934,"25416,2229,2938",720575940882092320,"44973,7063,1558",720575940869469147,0.000000
720575940905050934,"25416,2229,2938",720575940882092576,"44111,5787,1151",720575940908400644,40.633701
720575940905050934,"25416,2229,2938",720575940878946100,"13153,5700,2154",720575940917797795,0.000000
720575940905050934,"25416,2229,2938",720575940882093088,"24136,3911,1002",720575940869469403,0.000000
720575940905050934,"25416,2229,2938",720575940847560045,"41727,5321,1579",720575940905121334,0.000000
720575940905050934,"25416,2229,2938",720575940898736274,"20994,6297,2199",720575940884791610,0.000000
720575940913491825,"29098,2500,280",720575940904099536,"29320,4453,1733",720575940881624259,0.000000
720575940913491825,"29098,2500,280",720575940900924101,"24306,3929,1314",720575940903762211,0.000000
720575940913491825,"29098,2500,280",720575940911437161,"27344,3514,1565",720575940878345595,15.598955
720575940913491825,"29098,2500,280",720575940932822676,"22490,3798,2283",720575940924205189,4.560761
720575940913491825,"29098,2500,280",720575940898806193,"24461,3600,2248",720575940885439590,26.296912
720575940913491825,"29098,2500,280",720575940905063126,"30532,4598,1070",720575940898889927,0.000000
720575940913491825,"29098,2500,280",720575940890101684,"25384,4074,1605",720575940883908636,0.000000
720575940913491825,"29098,2500,280",720575940890209582,"21636,4289,2083",720575940888829455,0.000000
720575940913491825,"29098,2500,280",720575940927269708,"23751,4351,1605",720575940882093178,0.000000
720575940913491825,"29098,2500,280",720575940881780816,"27295,4519,1330",720575940899607728,0.000000
720575940913491825,"29098,2500,280",720575940890729167,"29556,5160,1151",720575940894196379,0.000000
720575940913491825,"29098,2500,280",720575940929722145,"32485,5455,1334",720575940919043143,15.780296
720575940913491825,"29098,2500,280",720575940882092320,"44973,7063,1558",720575940869469147,17.123827
720575940913491825,"29098,2500,280",720575940882092576,"44111,5787,1151",720575940908400644,0.000000
720575940913491825,"29098,2500,280",720575940878946100,"13153,5700,2154",720575940917797795,0.000000
720575940913491825,"29098,2500,280",720575940882093088,"24136,3911,1002",720575940869469403,41.745920
720575940913491825,"29098,2500,280",720575940847560045,"41727,5321,1579",720575940905121334,0.000000
720575940913491825,"29098,2500,280",720575940898736274,"20994,6297,2199",720575940884791610,0.000000
720575940902518994,"20000,2277,2229",720575940904099536,"29320,4453,1733",720575940881624259,0.000000
720575940902518994,"20000,2277,2229",720575940900924101,"24306,3929,1314",720575940903762211,0.000000
720575940902518994,"20000,2277,2229",720575940911437161,"27344,3514,1565",720575940878345595,0.000000
720575940902518994,"20000,2277,2229",720575940932822676,"22490,3798,2283",720575940924205189,0.000000
720575940902518994,"20000,2277,2229",720575940898806193,"24461,3600,2248",720575940885439590,0.000000
720575940902518994,"20000,2277,2229",720575940905063126,"30532,4598,1070",720575940898889927,0.000000
720575940902518994,"20000,2277,2229",720575940890101684,"25384,4074,1605",720575940883908636,0.000000
720575940902518994,"20000,2277,2229",720575940890209582,"21636,4289,2083",720575940888829455,52.684194
720575940902518994,"20000,2277,2229",720575940927269708,"23751,4351,1605",720575940882093178,0.000000
720575940902518994,"20000,2277,2229",720575940881780816,"27295,4519,1330",720575940899607728,0.000000
720575940902518994,"20000,2277,2229",720575940890729167,"29556,5160,1151",720575940894196379,0.000000
720575940902518994,"20000,2277,2229",720575940929722145,"32485,5455,1334",720575940919043143,0.000000
720575940902518994,"20000,2277,2229",720575940882092320,"44973,7063,1558",720575940869469147,0.000000
720575940902518994,"20000,2277,2229",720575940882092576,"44111,5787,1151",720575940908400644,0.000000
720575940902518994,"20000,2277,2229",720575940878946100,"13153,5700,2154",720575940917797795,0.000000
720575940902518994,"20000,2277,2229",720575940882093088,"24136,3911,1002",720575940869469403,0.000000
720575940902518994,"20000,2277,2229",720575940847560045,"41727,5321,1579",720575940905121334,0.000000
720575940902518994,"20000,2277,2229",720575940898736274,"20994,6297,2199",720575940884791610,0.000000
720575940914014910,"7905,2349,1900",720575940904099536,"29320,4453,1733",720575940881624259,0.000000
720575940914014910,"7905,2349,1900",720575940900924101,"24306,3929,1314",720575940903762211,0.000000
720575940914014910,"7905,2349,1900",720575940911437161,"27344,3514,1565",720575940878345595,8.372038
720575940914014910,"7905,2349,1900",720575940932822676,"22490,3798,2283",720575940924205189,0.000000
720575940914014910,"7905,2349,1900",720575940898806193,"24461,3600,2248",720575940885439590,0.000000
720575940914014910,"7905,2349,1900",720575940905063126,"30532,4598,1070",720575940898889927,0.000000
720575940914014910,"7905,2349,1900",720575940890101684,"25384,4074,1605",720575940883908636,0.000000
720575940914014910,"7905,2349,1900",720575940890209582,"21636,4289,2083",720575940888829455,14.941048
720575940914014910,"7905,2349,1900",720575940927269708,"23751,4351,1605",720575940882093178,0.000000
720575940914014910,"7905,2349,1900",720575940881780816,"27295,4519,1330",720575940899607728,0.000000
720575940914014910,"7905,2349,1900",720575940890729167,"29556,5160,1151",720575940894196379,0.000000
720575940914014910,"7905,2349,1900",720575940929722145,"32485,5455,1334",720575940919043143,0.000000
720575940914014910,"7905,2349,1900",720575940882092320,"44973,7063,1558",720575940869469147,0.000000
720575940914014910,"7905,2349,1900",720575940882092576,"44111,5787,1151",720575940908400644,0.000000
720575940914014910,"7905,2349,1900",720575940878946100,"13153,5700,2154",720575940917797795,0.000000
720575940914014910,"7905,2349,1900",720575940882093088,"24136,3911,1002",720575940869469403,0.000000
720575940914014910,"7905,2349,1900",720575940847560045,"41727,5321,1579",720575940905121334,0.000000
720575940914014910,"7905,2349,1900",720575940898736274,"20994,6297,2199",720575940884791610,0.000000
720575940889952699,"18634,2416,1086",720575940904099536,"29320,4453,1733",720575940881624259,0.000000
720575940889952699,"18634,2416,1086",720575940900924101,"24306,3929,1314",720575940903762211,0.000000
720575940889952699,"18634,2416,1086",720575940911437161,"27344,3514,1565",720575940878345595,0.000000
720575940889952699,"18634,2416,1086",720575940932822676,"22490,3798,2283",720575940924205189,0.000000
720575940889952699,"18634,2416,1086",720575940898806193,"24461,3600,2248",720575940885439590,0.000000
720575940889952699,"18634,2416,1086",720575940905063126,"30532,4598,1070",720575940898889927,0.000000
720575940889952699,"18634,2416,1086",720575940890101684,"25384,4074,1605",720575940883908636,0.000000
720575940889952699,"18634,2416,1086",720575940890209582,"21636,4289,2083",720575940888829455,18.069649
720575940889952699,"18634,2416,1086",720575940927269708,"23751,4351,1605",720575940882093178,0.000000
720575940889952699,"18634,2416,1086",720575940881780816,"27295,4519,1330",720575940899607728,0.000000
720575940889952699,"18634,2416,1086",720575940890729167,"29556,5160,1151",720575940894196379,0.000000
720575940889952699,"18634,2416,1086",720575940929722145,"32485,5455,1334",720575940919043143,0.000000
720575940889952699,"18634,2416,1086",720575940882092320,"44973,7063,1558",720575940869469147,0.000000
720575940889952699,"18634,2416,1086",720575940882092576,"44111,5787,1151",720575940908400644,0.000000
720575940889952699,"18634,2416,1086",720575940878946100,"13153,5700,2154",720575940917797795,0.000000
720575940889952699,"18634,2416,1086",720575940882093088,"24136,3911,1002",720575940869469403,0.000000
720575940889952699,"18634,2416,1086",720575940847560045,"41727,5321,1579",720575940905121334,0.000000
720575940889952699,"18634,2416,1086",720575940898736274,"20994,6297,2199",720575940884791610,0.000000
720575940909802419,"29532,2709,2636",720575940904099536,"29320,4453,1733",720575940881624259,33.553700
720575940909802419,"29532,2709,2636",720575940900924101,"24306,3929,1314",720575940903762211,0.000000
720575940909802419,"29532,2709,2636",720575940911437161,"27344,3514,1565",720575940878345595,0.000000
720575940909802419,"29532,2709,2636",720575940932822676,"22490,3798,2283",720575940924205189,0.000000
720575940909802419,"29532,2709,2636",720575940898806193,"24461,3600,2248",720575940885439590,0.000000
720575940909802419,"29532,2709,2636",720575940905063126,"30532,4598,1070",720575940898889927,0.000000
720575940909802419,"29532,2709,2636",720575940890101684,"25384,4074,1605",720575940883908636,0.000000
720575940909802419,"29532,2709,2636",720575940890209582,"21636,4289,2083",720575940888829455,0.000000
720575940909802419,"29532,2709,2636",720575940927269708,"23751,4351,1605",720575940882093178,0.000000
720575940909802419,"29532,2709,2636",720575940881780816,"27295,4519,1330",720575940899607728,0.000000
720575940909802419,"29532,2709,2636",720575940890729167,"29556,5160,1151",720575940894196379,0.000000
720575940909802419,"29532,2709,2636",720575940929722145,"32485,5455,1334",720575940919043143,0.000000
720575940909802419,"29532,2709,2636",720575940882092320,"44973,7063,1558",720575940869469147,0.000000
720575940909802419,"29532,2709,2636",720575940882092576,"44111,5787,1151",720575940908400644,0.000000
720575940909802419,"29532,2709,2636",720575940878946100,"13153,5700,2154",720575940917797795,0.000000
720575940909802419,"29532,2709,2636",720575940882093088,"24136,3911,1002",720575940869469403,0.000000
720575940909802419,"29532,2709,2636",720575940847560045,"41727,5321,1579",720575940905121334,0.000000
720575940909802419,"29532,2709,2636",720575940898736274,"20994,6297,2199",720575940884791610,0.000000
720575940883900444,"34082,2929,995",720575940904099536,"29320,4453,1733",720575940881624259,0.000000
720575940883900444,"34082,2929,995",720575940900924101,"24306,3929,1314",720575940903762211,0.000000
720575940883900444,"34082,2929,995",720575940911437161,"27344,3514,1565",720575940878345595,0.000000
720575940883900444,"34082,2929,995",720575940932822676,"22490,3798,2283",720575940924205189,0.000000
720575940883900444,"34082,2929,995",720575940898806193,"24461,3600,2248",720575940885439590,0.000000
720575940883900444,"34082,2929,995",720575940905063126,"30532,4598,1070",720575940898889927,0.000000
720575940883900444,"34082,2929,995",720575940890101684,"25384,4074,1605",720575940883908636,0.000000
720575940883900444,"34082,2929,995",720575940890209582,"21636,4289,2083",720575940888829455,0.000000
720575940883900444,"34082,2929,995",720575940927269708,"23751,4351,1605",720575940882093178,0.000000
720575940883900444,"34082,2929,995",720575940881780816,"27295,4519,1330",720575940899607728,0.000000
720575940883900444,"34082,2929,995",720575940890729167,"29556,5160,1151",720575940894196379,0.000000
720575940883900444,"34082,2929,995",720575940929722145,"32485,5455,1334",720575940919043143,0.000000
720575940883900444,"34082,2929,995",720575940882092320,"44973,7063,1558",720575940869469147,0.000000
720575940883900444,"34082,2929,995",720575940882092576,"44111,5787,1151",720575940908400644,0.000000
720575940883900444,"34082,2929,995",720575940878946100,"13153,5700,2154",720575940917797795,0.000000
720575940883900444,"34082,2929,995",720575940882093088,"24136,3911,1002",720575940869469403,0.000000
720575940883900444,"34082,2929,995",720575940847560045,"41727,5321,1579",720575940905121334,0.000000
720575940883900444,"34082,2929,995",720575940898736274,"20994,6297,2199",720575940884791610,0.000000
720575940917098044,"17753,2177,2587",720575940904099536,"29320,4453,1733",720575940881624259,0.000000
720575940917098044,"17753,2177,2587",720575940900924101,"24306,3929,1314",720575940903762211,0.000000
720575940917098044,"17753,2177,2587",720575940911437161,"27344,3514,1565",720575940878345595,0.000000
720575940917098044,"17753,2177,2587",720575940932822676,"22490,3798,2283",720575940924205189,0.000000
720575940917098044,"17753,2177,2587",720575940898806193,"24461,3600,2248",720575940885439590,0.000000
720575940917098044,"17753,2177,2587",720575940905063126,"30532,4598,1070",720575940898889927,0.000000
720575940917098044,"17753,2177,2587",720575940890101684,"25384,4074,1605",720575940883908636,0.000000
720575940917098044,"17753,2177,2587",720575940890209582,"21636,4289,2083",720575940888829455,0.000000
720575940917098044,"17753,2177,2587",720575940927269708,"23751,4351,1605",720575940882093178,0.000000
720575940917098044,"17753,2177,2587",720575940881780816,"27295,4519,1330",720575940899607728,0.000000
720575940917098044,"17753,2177,2587",720575940890729167,"29556,5160,1151",720575940894196379,0.000000
720575940917098044,"17753,2177,2587",720575940929722145,"32485,5455,1334",720575940919043143,0.000000
720575940917098044,"17753,2177,2587",720575940882092320,"44973,7063,1558",720575940869469147,0.000000
720575940917098044,"17753,2177,2587",720575940882092576,"44111,5787,1151",720575940908400644,0.000000
720575940917098044,"17753,2177,2587",720575940878946100,"13153,5700,2154",720575940917797795,0.000000
720575940917098044,"17753,2177,2587",720575940882093088,"24136,3911,1002",720575940869469403,0.000000
720575940917098044,"17753,2177,2587",720575940847560045,"41727,5321,1579",720575940905121334,0.000000
720575940917098044,"17753,2177,2587",720575940898736274,"20994,6297,2199",720575940884791610,0.000000
720575940890939713,"24252,2246,3590",720575940904099536,"29320,4453,1733",720575940881624259,0.000000
720575940890939713,"24252,2246,3590",720575940900924101,"24306,3929,1314",720575940903762211,0.000000
720575940890939713,"24252,2246,3590",720575940911437161,"27344,3514,1565",720575940878345595,31.557186
720575940890939713,"24252,2246,3590",720575940932822676,"22490,3798,2283",720575940924205189,0.000000
720575940890939713,"24252,2246,3590",720575940898806193,"24461,3600,2248",720575940885439590,53.944471
720575940890939713,"24252,2246,3590",720575940905063126,"30532,4598,1070",720575940898889927,9.075919
720575940890939713,"24252,2246,3590",720575940890101684,"25384,4074,1605",720575940883908636,6.410378
720575940890939713,"24252,2246,3590",720575940890209582,"21636,4289,2083",720575940888829455,35.424763
720575940890939713,"24252,2246,3590",720575940927269708,"23751,4351,1605",720575940882093178,22.559479
720575940890939713,"24252,2246,3590",720575940881780816,"27295,4519,1330",720575940899607728,0.000000
720575940890939713,"24252,2246,3590",720575940890729167,"29556,5160,1151",720575940894196379,14.928227
720575940890939713,"24252,2246,3590",720575940929722145,"32485,5455,1334",720575940919043143,0.000000
720575940890939713,"24252,2246,3590",720575940882092320,"44973,7063,1558",720575940869469147,0.000000
720575940890939713,"24252,2246,3590",720575940882092576,"44111,5787,1151",720575940908400644,9.713184
720575940890939713,"24252,2246,3590",720575940878946100,"13153,5700,2154",720575940917797795,0.000000
720575940890939713,"24252,2246,3590",720575940882093088,"24136,3911,1002",720575940869469403,57.050415
720575940890939713,"24252,2246,3590",720575940847560045,"41727,5321,1579",720575940905121334,0.000000
720575940890939713,"24252,2246,3590",720575940898736274,"20994,6297,2199",720575940884791610,0.000000
720575940924431938,"19801,2613,1251",720575940904099536,"29320,4453,1733",720575940881624259,0.000000
720575940924431938,"19801,2613,1251",720575940900924101,"24306,3929,1314",720575940903762211,0.000000
720575940924431938,"19801,2613,1251",720575940911437161,"27344,3514,1565",720575940878345595,0.000000
720575940924431938,"19801,2613,1251",720575940932822676,"22490,3798,2283",720575940924205189,0.000000
720575940924431938,"19801,2613,1251",720575940898806193,"24461,3600,2248",720575940885439590,0.000000
720575940924431938,"19801,2613,1251",720575940905063126,"30532,4598,1070",720575940898889927,0.000000
720575940924431938,"19801,2613,1251",720575940890101684,"25384,4074,1605",720575940883908636,0.000000
720575940924431938,"19801,2613,1251",720575940890209582,"21636,4289,2083",720575940888829455,11.372398
720575940924431938,"19801,2613,1251",720575940927269708,"23751,4351,1605",720575940882093178,0.000000
720575940924431938,"19801,2613,1251",720575940881780816,"27295,4519,1330",720575940899607728,0.000000
720575940924431938,"19801,2613,1251",720575940890729167,"29556,5160,1151",720575940894196379,0.000000
720575940924431938,"19801,2613,1251",720575940929722145,"32485,5455,1334",720575940919043143,0.000000
720575940924431938,"19801,2613,1251",720575940882092320,"44973,7063,1558",720575940869469147,0.000000
720575940924431938,"19801,2613,1251",720575940882092576,"44111,5787,1151",720575940908400644,0.000000
720575940924431938,"19801,2613,1251",720575940878946100,"13153,5700,2154",720575940917797795,0.000000
720575940924431938,"19801,2613,1251",720575940882093088,"24136,3911,1002",720575940869469403,64.876225
720575940924431938,"19801,2613,1251",720575940847560045,"41727,5321,1579",720575940905121334,0.000000
720575940924431938,"19801,2613,1251",720575940898736274,"20994,6297,2199",720575940884791610,0.000000
720575940899779727,"21958,2308,2261",720575940904099536,"29320,4453,1733",720575940881624259,0.000000
720575940899779727,"21958,2308,2261",720575940900924101,"24306,3929,1314",720575940903762211,0.000000
720575940899779727,"21958,2308,2261",720575940911437161,"27344,3514,1565",720575940878345595,50.057947
720575940899779727,"21958,2308,2261",720575940932822676,"22490,3798,2283",720575940924205189,11.834890
720575940899779727,"21958,2308,2261",720575940898806193,"24461,3600,2248",720575940885439590,0.000000
720575940899779727,"21958,2308,2261",720575940905063126,"30532,4598,1070",720575940898889927,0.000000
720575940899779727,"21958,2308,2261",720575940890101684,"25384,4074,1605",720575940883908636,0.000000
720575940899779727,"21958,2308,2261",720575940890209582,"21636,4289,2083",720575940888829455,0.000000
720575940899779727,"21958,2308,2261",720575940927269708,"23751,4351,1605",720575940882093178,0.000000
720575940899779727,"21958,2308,2261",720575940881780816,"27295,4519,1330",720575940899607728,0.000000
720575940899779727,"21958,2308,2261",720575940890729167,"29556,5160,1151",720575940894196379,0.000000
720575940899779727,"21958,2308,2261",720575940929722145,"32485,5455,1334",720575940919043143,0.000000
720575940899779727,"21958,2308,2261",720575940882092320,"44973,7063,1558",720575940869469147,0.000000
720575940899779727,"21958,2308,2261",720575940882092576,"44111,5787,1151",720575940908400644,0.000000
720575940899779727,"21958,2308,2261",720575940878946100,"13153,5700,2154",720575940917797795,0.000000
720575940899779727,"21958,2308,2261",720575940882093088,"24136,3911,1002",720575940869469403,0.000000
720575940899779727,"21958,2308,2261",720575940847560045,"41727,5321,1579",720575940905121334,0.000000
720575940899779727,"21958,2308,2261",720575940898736274,"20994,6297,2199",720575940884791610,9.063406
720575940930825549,"46316,3362,1139",720575940904099536,"29320,4453,1733",720575940881624259,10.376210
720575940930825549,"46316,3362,1139",720575940900924101,"24306,3929,1314",720575940903762211,0.000000
720575940930825549,"46316,3362,1139",720575940911437161,"27344,3514,1565",720575940878345595,43.781893
720575940930825549,"46316,3362,1139",720575940932822676,"22490,3798,2283",720575940924205189,0.000000
720575940930825549,"46316,3362,1139",720575940898806193,"24461,3600,2248",720575940885439590,0.000000
720575940930825549,"46316,3362,1139",720575940905063126,"30532,4598,1070",720575940898889927,0.000000
720575940930825549,"46316,3362,1139",720575940890101684,"25384,4074,1605",720575940883908636,0.000000
720575940930825549,"46316,3362,1139",720575940890209582,"21636,4289,2083",720575940888829455,0.000000
720575940930825549,"46316,3362,1139",720575940927269708,"23751,4351,1605",720575940882093178,0.000000
720575940930825549,"46316,3362,1139",720575940881780816,"27295,4519,1330",720575940899607728,0.000000
720575940930825549,"46316,3362,1139",720575940890729167,"29556,5160,1151",720575940894196379,0.000000
720575940930825549,"46316,3362,1139",720575940929722145,"32485,5455,1334",720575940919043143,0.000000
720575940930825549,"46316,3362,1139",720575940882092320,"44973,7063,1558",720575940869469147,0.000000
720575940930825549,"46316,3362,1139",720575940882092576,"44111,5787,1151",720575940908400644,9.673078
720575940930825549,"46316,3362,1139",720575940878946100,"13153,5700,2154",720575940917797795,0.000000
720575940930825549,"46316,3362,1139",720575940882093088,"24136,3911,1002",720575940869469403,0.000000
720575940930825549,"46316,3362,1139",720575940847560045,"41727,5321,1579",720575940905121334,0.000000
720575940930825549,"46316,3362,1139",720575940898736274,"20994,6297,2199",720575940884791610,0.000000
720575940901717479,"29535,2433,3983",720575940904099536,"29320,4453,1733",720575940881624259,5.754542
720575940901717479,"29535,2433,3983",720575940900924101,"24306,3929,1314",720575940903762211,0.000000
720575940901717479,"29535,2433,3983",720575940911437161,"27344,3514,1565",720575940878345595,0.000000
720575940901717479,"29535,2433,3983",720575940932822676,"22490,3798,2283",720575940924205189,0.000000
720575940901717479,"29535,2433,3983",720575940898806193,"24461,3600,2248",720575940885439590,0.000000
720575940901717479,"29535,2433,3983",720575940905063126,"30532,4598,1070",720575940898889927,0.000000
720575940901717479,"29535,2433,3983",720575940890101684,"25384,4074,1605",720575940883908636,0.000000
720575940901717479,"29535,2433,3983",720575940890209582,"21636,4289,2083",720575940888829455,0.000000
720575940901717479,"29535,2433,3983",720575940927269708,"23751,4351,1605",720575940882093178,0.000000
720575940901717479,"29535,2433,3983",720575940881780816,"27295,4519,1330",720575940899607728,0.000000
720575940901717479,"29535,2433,3983",720575940890729167,"29556,5160,1151",720575940894196379,0.000000
720575940901717479,"29535,2433,3983",720575940929722145,"32485,5455,1334",720575940919043143,0.000000
720575940901717479,"29535,2433,3983",720575940882092320,"44973,7063,1558",720575940869469147,0.000000
720575940901717479,"29535,2433,3983",720575940882092576,"44111,5787,1151",720575940908400644,0.000000
720575940901717479,"29535,2433,3983",720575940878946100,"13153,5700,2154",720575940917797795,0.000000
720575940901717479,"29535,2433,3983",720575940882093088,"24136,3911,1002",720575940869469403,0.000000
720575940901717479,"29535,2433,3983",720575940847560045,"41727,5321,1579",720575940905121334,0.000000
720575940901717479,"29535,2433,3983",720575940898736274,"20994,6297,2199",720575940884791610,0.000000
720575940925790278,"25142,2570,2442",720575940904099536,"29320,4453,1733",720575940881624259,0.000000
720575940925790278,"25142,2570,2442",720575940900924101,"24306,3929,1314",720575940903762211,0.000000
720575940925790278,"25142,2570,2442",720575940911437161,"27344,3514,1565",720575940878345595,0.000000
720575940925790278,"25142,2570,2442",720575940932822676,"22490,3798,2283",720575940924205189,0.000000
720575940925790278,"25142,2570,2442",720575940898806193,"24461,3600,2248",720575940885439590,0.000000
720575940925790278,"25142,2570,2442",720575940905063126,"30532,4598,1070",720575940898889927,0.000000
720575940925790278,"25142,2570,2442",720575940890101684,"25384,4074,1605",720575940883908636,0.000000
720575940925790278,"25142,2570,2442",720575940890209582,"21636,4289,2083",720575940888829455,0.000000
720575940925790278,"25142,2570,2442",720575940927269708,"23751,4351,1605",720575940882093178,0.000000
720575940925790278,"25142,2570,2442",720575940881780816,"27295,4519,1330",720575940899607728,0.000000
720575940925790278,"25142,2570,2442",720575940890729167,"29556,5160,1151",720575940894196379,0.000000
720575940925790278,"25142,2570,2442",720575940929722145,"32485,5455,1334",720575940919043143,0.000000
720575940925790278,"25142,2570,2442",720575940882092320,"44973,7063,1558",720575940869469147,0.000000
720575940925790278,"25142,2570,2442",720575940882092576,"44111,5787,1151",720575940908400644,0.000000
720575940925790278,"25142,2570,2442",720575940878946100,"13153,5700,2154",720575940917797795,0.000000
720575940925790278,"25142,2570,2442",720575940882093088,"24136,3911,1002",720575940869469403,0.000000
720575940925790278,"25142,2570,2442",720575940847560045,"41727,5321,1579",720575940905121334,0.000000
720575940925790278,"25142,2570,2442",720575940898736274,"20994,6297,2199",720575940884791610,0.000000
720575940898677394,"30196,2494,713",720575940904099536,"29320,4453,1733",720575940881624259,0.000000
720575940898677394,"30196,2494,713",720575940900924101,"24306,3929,1314",720575940903762211,0.000000
720575940898677394,"30196,2494,713",720575940911437161,"27344,3514,1565",720575940878345595,0.000000
720575940898677394,"30196,2494,713",720575940932822676,"22490,3798,2283",720575940924205189,0.000000
720575940898677394,"30196,2494,713",720575940898806193,"24461,3600,2248",720575940885439590,0.000000
720575940898677394,"30196,2494,713",720575940905063126,"30532,4598,1070",720575940898889927,0.000000
720575940898677394,"30196,2494,713",720575940890101684,"25384,4074,1605",720575940883908636,0.000000
720575940898677394,"30196,2494,713",720575940890209582,"21636,4289,2083",720575940888829455,0.000000
720575940898677394,"30196,2494,713",720575940927269708,"23751,4351,1605",720575940882093178,0.000000
720575940898677394,"30196,2494,713",720575940881780816,"27295,4519,1330",720575940899607728,0.000000
720575940898677394,"30196,2494,713",720575940890729167,"29556,5160,1151",720575940894196379,0.000000
720575940898677394,"30196,2494,713",720575940929722145,"32485,5455,1334",720575940919043143,0.000000
720575940898677394,"30196,2494,713",720575940882092320,"44973,7063,1558",720575940869469147,0.000000
720575940898677394,"30196,2494,713",720575940882092576,"44111,5787,1151",720575940908400644,0.000000
720575940898677394,"30196,2494,713",720575940878946100,"13153,5700,2154",720575940917797795,0.000000
720575940898677394,"30196,2494,713",720575940882093088,"24136,3911,1002",720575940869469403,0.000000
720575940898677394,"30196,2494,713",720575940847560045,"41727,5321,1579",720575940905121334,0.000000
720575940898677394,"30196,2494,713",720575940898736274,"20994,6297,2199",720575940884791610,0.000000
720575940875863357,"43651,3371,1203",720575940904099536,"29320,4453,1733",720575940881624259,0.000000
720575940875863357,"43651,3371,1203",720575940900924101,"24306,3929,1314",720575940903762211,0.000000
720575940875863357,"43651,3371,1203",720575940911437161,"27344,3514,1565",720575940878345595,0.000000
720575940875863357,"43651,3371,1203",720575940932822676,"22490,3798,2283",720575940924205189,0.000000
720575940875863357,"43651,3371,1203",720575940898806193,"24461,3600,2248",720575940885439590,0.000000
720575940875863357,"43651,3371,1203",720575940905063126,"30532,4598,1070",720575940898889927,0.000000
720575940875863357,"43651,3371,1203",720575940890101684,"25384,4074,1605",720575940883908636,0.000000
720575940875863357,"43651,3371,1203",720575940890209582,"21636,4289,2083",720575940888829455,0.000000
720575940875863357,"43651,3371,1203",720575940927269708,"23751,4351,1605",720575940882093178,0.000000
720575940875863357,"43651,3371,1203",720575940881780816,"27295,4519,1330",720575940899607728,0.000000
720575940875863357,"43651,3371,1203",720575940890729167,"29556,5160,1151",720575940894196379,0.000000
720575940875863357,"43651,3371,1203",720575940929722145,"32485,5455,1334",720575940919043143,0.000000
720575940875863357,"43651,3371,1203",720575940882092320,"44973,7063,1558",720575940869469147,0.000000
720575940875863357,"43651,3371,1203",720575940882092576,"44111,5787,1151",720575940908400644,15.013584
720575940875863357,"43651,3371,1203",720575940878946100,"13153,5700,2154",720575940917797795,0.000000
720575940875863357,"43651,3371,1203",720575940882093088,"24136,3911,1002",720575940869469403,0.000000
720575940875863357,"43651,3371,1203",720575940847560045,"41727,5321,1579",720575940905121334,0.000000
720575940875863357,"43651,3371,1203",720575940898736274,"20994,6297,2199",720575940884791610,0.000000
720575940894664201,"22764,2181,1856",720575940904099536,"29320,4453,1733",720575940881624259,0.000000
720575940894664201,"22764,2181,1856",720575940900924101,"24306,3929,1314",720575940903762211,0.000000
720575940894664201,"22764,2181,1856",720575940911437161,"27344,3514,1565",720575940878345595,0.000000
720575940894664201,"22764,2181,1856",720575940932822676,"22490,3798,2283",720575940924205189,0.000000
720575940894664201,"22764,2181,1856",720575940898806193,"24461,3600,2248",720575940885439590,0.000000
720575940894664201,"22764,2181,1856",720575940905063126,"30532,4598,1070",720575940898889927,0.000000
720575940894664201,"22764,2181,1856",720575940890101684,"25384,4074,1605",720575940883908636,0.000000
720575940894664201,"22764,2181,1856",720575940890209582,"21636,4289,2083",720575940888829455,19.529791
720575940894664201,"22764,2181,1856",720575940927269708,"23751,4351,1605",720575940882093178,0.000000
720575940894664201,"22764,2181,1856",720575940881780816,"27295,4519,1330",720575940899607728,0.000000
720575940894664201,"22764,2181,1856",720575940890729167,"29556,5160,1151",720575940894196379,0.000000
720575940894664201,"22764,2181,1856",720575940929722145,"32485,5455,1334",720575940919043143,0.000000
720575940894664201,"22764,2181,1856",720575940882092320,"44973,7063,1558",720575940869469147,0.000000
720575940894664201,"22764,2181,1856",720575940882092576,"44111,5787,1151",720575940908400644,0.000000
720575940894664201,"22764,2181,1856",720575940878946100,"13153,5700,2154",720575940917797795,0.000000
720575940894664201,"22764,2181,1856",720575940882093088,"24136,3911,1002",720575940869469403,0.000000
720575940894664201,"22764,2181,1856",720575940847560045,"41727,5321,1579",720575940905121334,0.000000
720575940894664201,"22764,2181,1856",720575940898736274,"20994,6297,2199",720575940884791610,0.000000
720575940882103072,"31305,2441,3678",720575940904099536,"29320,4453,1733",720575940881624259,0.000000
720575940882103072,"31305,2441,3678",720575940900924101,"24306,3929,1314",720575940903762211,0.000000
720575940882103072,"31305,2441,3678",720575940911437161,"27344,3514,1565",720575940878345595,0.000000
720575940882103072,"31305,2441,3678",720575940932822676,"22490,3798,2283",720575940924205189,0.000000
720575940882103072,"31305,2441,3678",720575940898806193,"24461,3600,2248",720575940885439590,0.000000
720575940882103072,"31305,2441,3678",720575940905063126,"30532,4598,1070",720575940898889927,0.000000
720575940882103072,"31305,2441,3678",720575940890101684,"25384,4074,1605",720575940883908636,0.000000
720575940882103072,"31305,2441,3678",720575940890209582,"21636,4289,2083",720575940888829455,0.000000
720575940882103072,"31305,2441,3678",720575940927269708,"23751,4351,1605",720575940882093178,0.000000
720575940882103072,"31305,2441,3678",720575940881780816,"27295,4519,1330",720575940899607728,0.000000
720575940882103072,"31305,2441,3678",720575940890729167,"29556,5160,1151",720575940894196379,0.000000
720575940882103072,"31305,2441,3678",720575940929722145,"32485,5455,1334",720575940919043143,0.000000
720575940882103072,"31305,2441,3678",720575940882092320,"44973,7063,1558",720575940869469147,0.000000
720575940882103072,"31305,2441,3678",720575940882092576,"44111,5787,1151",720575940908400644,0.000000
720575940882103072,"31305,2441,3678",720575940878946100,"13153,5700,2154",720575940917797795,0.000000
720575940882103072,"31305,2441,3678",720575940882093088,"24136,3911,1002",720575940869469403,8.525368
720575940882103072,"31305,2441,3678",720575940847560045,"41727,5321,1579",720575940905121334,0.000000
720575940882103072,"31305,2441,3678",720575940898736274,"20994,6297,2199",720575940884791610,0.000000
720575940883198167,"30313,2701,1640",720575940904099536,"29320,4453,1733",720575940881624259,8.941609
720575940883198167,"30313,2701,1640",720575940900924101,"24306,3929,1314",720575940903762211,0.000000
720575940883198167,"30313,2701,1640",720575940911437161,"27344,3514,1565",720575940878345595,4.969894
720575940883198167,"30313,2701,1640",720575940932822676,"22490,3798,2283",720575940924205189,0.000000
720575940883198167,"30313,2701,1640",720575940898806193,"24461,3600,2248",720575940885439590,24.318823
720575940883198167,"30313,2701,1640",720575940905063126,"30532,4598,1070",720575940898889927,0.000000
720575940883198167,"30313,2701,1640",720575940890101684,"25384,4074,1605",720575940883908636,0.000000
720575940883198167,"30313,2701,1640",720575940890209582,"21636,4289,2083",720575940888829455,0.000000
720575940883198167,"30313,2701,1640",720575940927269708,"23751,4351,1605",720575940882093178,0.000000
720575940883198167,"30313,2701,1640",720575940881780816,"27295,4519,1330",720575940899607728,0.000000
720575940883198167,"30313,2701,1640",720575940890729167,"29556,5160,1151",720575940894196379,0.000000
720575940883198167,"30313,2701,1640",720575940929722145,"32485,5455,1334",720575940919043143,0.000000
720575940883198167,"30313,2701,1640",720575940882092320,"44973,7063,1558",720575940869469147,0.000000
720575940883198167,"30313,2701,1640",720575940882092576,"44111,5787,1151",720575940908400644,0.000000
720575940883198167,"30313,2701,1640",720575940878946100,"13153,5700,2154",720575940917797795,0.000000
720575940883198167,"30313,2701,1640",720575940882093088,"24136,3911,1002",720575940869469403,0.000000
720575940883198167,"30313,2701,1640",720575940847560045,"41727,5321,1579",720575940905121334,0.000000
720575940883198167,"30313,2701,1640",720575940898736274,"20994,6297,2199",720575940884791610,0.000000
720575940927796016,"9633,3120,1219",720575940904099536,"29320,4453,1733",720575940881624259,0.000000
720575940927796016,"9633,3120,1219",720575940900924101,"24306,3929,1314",720575940903762211,0.000000
720575940927796016,"9633,3120,1219",720575940911437161,"27344,3514,1565",720575940878345595,0.000000
720575940927796016,"9633,3120,1219",720575940932822676,"22490,3798,2283",720575940924205189,0.000000
720575940927796016,"9633,3120,1219",720575940898806193,"24461,3600,2248",720575940885439590,0.000000
720575940927796016,"9633,3120,1219",720575940905063126,"30532,4598,1070",720575940898889927,0.000000
720575940927796016,"9633,3120,1219",720575940890101684,"25384,4074,1605",720575940883908636,0.000000
720575940927796016,"9633,3120,1219",720575940890209582,"21636,4289,2083",720575940888829455,8.766787
720575940927796016,"9633,3120,1219",720575940927269708,"23751,4351,1605",720575940882093178,0.000000
720575940927796016,"9633,3120,1219",720575940881780816,"27295,4519,1330",720575940899607728,0.000000
720575940927796016,"9633,3120,1219",720575940890729167,"29556,5160,1151",720575940894196379,0.000000
720575940927796016,"9633,3120,1219",720575940929722145,"32485,5455,1334",720575940919043143,0.000000
720575940927796016,"9633,3120,1219",720575940882092320,"44973,7063,1558",720575940869469147,0.000000
720575940927796016,"9633,3120,1219",720575940882092576,"44111,5787,1151",720575940908400644,0.000000
720575940927796016,"9633,3120,1219",720575940878946100,"13153,5700,2154",720575940917797795,0.000000
720575940927796016,"9633,3120,1219",720575940882093088,"24136,3911,1002",720575940869469403,0.000000
720575940927796016,"9633,3120,1219",720575940847560045,"41727,5321,1579",720575940905121334,0.000000
720575940927796016,"9633,3120,1219",720575940898736274,"20994,6297,2199",720575940884791610,0.000000
720575940940386475,"21576,2354,2436",720575940904099536,"29320,4453,1733",720575940881624259,47.639504
720575940940386475,"21576,2354,2436",720575940900924101,"24306,3929,1314",720575940903762211,17.995294
720575940940386475,"21576,2354,2436",720575940911437161,"27344,3514,1565",720575940878345595,14.900298
720575940940386475,"21576,2354,2436",720575940932822676,"22490,3798,2283",720575940924205189,0.000000
720575940940386475,"21576,2354,2436",720575940898806193,"24461,3600,2248",720575940885439590,7.136593
720575940940386475,"21576,2354,2436",720575940905063126,"30532,4598,1070",720575940898889927,0.000000
720575940940386475,"21576,2354,2436",720575940890101684,"25384,4074,1605",720575940883908636,0.000000
720575940940386475,"21576,2354,2436",720575940890209582,"21636,4289,2083",720575940888829455,31.757466
720575940940386475,"21576,2354,2436",720575940927269708,"23751,4351,1605",720575940882093178,9.796943
720575940940386475,"21576,2354,2436",720575940881780816,"27295,4519,1330",720575940899607728,10.921874
720575940940386475,"21576,2354,2436",720575940890729167,"29556,5160,1151",720575940894196379,12.681189
720575940940386475,"21576,2354,2436",720575940929722145,"32485,5455,1334",720575940919043143,0.000000
720575940940386475,"21576,2354,2436",720575940882092320,"44973,7063,1558",720575940869469147,35.737814
720575940940386475,"21576,2354,2436",720575940882092576,"44111,5787,1151",720575940908400644,12.161541
720575940940386475,"21576,2354,2436",720575940878946100,"13153,5700,2154",720575940917797795,38.257654
720575940940386475,"21576,2354,2436",720575940882093088,"24136,3911,1002",720575940869469403,28.237997
720575940940386475,"21576,2354,2436",720575940847560045,"41727,5321,1579",720575940905121334,11.083737
720575940940386475,"21576,2354,2436",720575940898736274,"20994,6297,2199",720575940884791610,0.000000
720575940921478163,"23718,2487,236",720575940904099536,"29320,4453,1733",720575940881624259,6.042816
720575940921478163,"23718,2487,236",720575940900924101,"24306,3929,1314",720575940903762211,0.000000
720575940921478163,"23718,2487,236",720575940911437161,"27344,3514,1565",720575940878345595,8.622362
720575940921478163,"23718,2487,236",720575940932822676,"22490,3798,2283",720575940924205189,13.384006
720575940921478163,"23718,2487,236",720575940898806193,"24461,3600,2248",720575940885439590,0.000000
720575940921478163,"23718,2487,236",720575940905063126,"30532,4598,1070",720575940898889927,0.000000
720575940921478163,"23718,2487,236",720575940890101684,"25384,4074,1605",720575940883908636,29.077270
720575940921478163,"23718,2487,236",720575940890209582,"21636,4289,2083",720575940888829455,8.670473
720575940921478163,"23718,2487,236",720575940927269708,"23751,4351,1605",720575940882093178,29.106263
720575940921478163,"23718,2487,236",720575940881780816,"27295,4519,1330",720575940899607728,8.586532
720575940921478163,"23718,2487,236",720575940890729167,"29556,5160,1151",720575940894196379,14.495740
720575940921478163,"23718,2487,236",720575940929722145,"32485,5455,1334",720575940919043143,38.061781
720575940921478163,"23718,2487,236",720575940882092320,"44973,7063,1558",720575940869469147,0.000000
720575940921478163,"23718,2487,236",720575940882092576,"44111,5787,1151",720575940908400644,10.452116
720575940921478163,"23718,2487,236",720575940878946100,"13153,5700,2154",720575940917797795,10.426427
720575940921478163,"23718,2487,236",720575940882093088,"24136,3911,1002",720575940869469403,11.192764
720575940921478163,"23718,2487,236",720575940847560045,"41727,5321,1579",720575940905121334,0.000000
720575940921478163,"23718,2487,236",720575940898736274,"20994,6297,2199",720575940884791610,22.011181
720575940928355836,"40673,3103,1892",720575940904099536,"29320,4453,1733",720575940881624259,0.000000
720575940928355836,"40673,3103,1892",720575940900924101,"24306,3929,1314",720575940903762211,0.000000
720575940928355836,"40673,3103,1892",720575940911437161,"27344,3514,1565",720575940878345595,0.000000
720575940928355836,"40673,3103,1892",720575940932822676,"22490,3798,2283",720575940924205189,0.000000
720575940928355836,"40673,3103,1892",720575940898806193,"24461,3600,2248",720575940885439590,0.000000
720575940928355836,"40673,3103,1892",720575940905063126,"30532,4598,1070",720575940898889927,0.000000
720575940928355836,"40673,3103,1892",720575940890101684,"25384,4074,1605",720575940883908636,0.000000
720575940928355836,"40673,3103,1892",720575940890209582,"21636,4289,2083",720575940888829455,0.000000
720575940928355836,"40673,3103,1892",720575940927269708,"23751,4351,1605",720575940882093178,0.000000
720575940928355836,"40673,3103,1892",720575940881780816,"27295,4519,1330",720575940899607728,0.000000
720575940928355836,"40673,3103,1892",720575940890729167,"29556,5160,1151",720575940894196379,0.000000
720575940928355836,"40673,3103,1892",720575940929722145,"32485,5455,1334",720575940919043143,0.000000
720575940928355836,"40673,3103,1892",720575940882092320,"44973,7063,1558",720575940869469147,11.197372
720575940928355836,"40673,3103,1892",720575940882092576,"44111,5787,1151",720575940908400644,19.093951
720575940928355836,"40673,3103,1892",720575940878946100,"13153,5700,2154",720575940917797795,0.000000
720575940928355836,"40673,3103,1892",720575940882093088,"24136,3911,1002",720575940869469403,0.000000
720575940928355836,"40673,3103,1892",720575940847560045,"41727,5321,1579",720575940905121334,0.000000
720575940928355836,"40673,3103,1892",720575940898736274,"20994,6297,2199",720575940884791610,0.000000
720575940888802138,"37041,3108,1790",720575940904099536,"29320,4453,1733",720575940881624259,0.000000
720575940888802138,"37041,3108,1790",720575940900924101,"24306,3929,1314",720575940903762211,0.000000
720575940888802138,"37041,3108,1790",720575940911437161,"27344,3514,1565",720575940878345595,11.635126
720575940888802138,"37041,3108,1790",720575940932822676,"22490,3798,2283",720575940924205189,0.000000
720575940888802138,"37041,3108,1790",720575940898806193,"24461,3600,2248",720575940885439590,0.000000
720575940888802138,"37041,3108,1790",720575940905063126,"30532,4598,1070",720575940898889927,0.000000
720575940888802138,"37041,3108,1790",720575940890101684,"25384,4074,1605",720575940883908636,0.000000
720575940888802138,"37041,3108,1790",720575940890209582,"21636,4289,2083",720575940888829455,3.976521
720575940888802138,"37041,3108,1790",720575940927269708,"23751,4351,1605",720575940882093178,0.000000
720575940888802138,"37041,3108,1790",720575940881780816,"27295,4519,1330",720575940899607728,0.000000
720575940888802138,"37041,3108,1790",720575940890729167,"29556,5160,1151",720575940894196379,0.000000
720575940888802138,"37041,3108,1790",720575940929722145,"32485,5455,1334",720575940919043143,0.000000
720575940888802138,"37041,3108,1790",720575940882092320,"44973,7063,1558",720575940869469147,0.000000
720575940888802138,"37041,3108,1790",720575940882092576,"44111,5787,1151",720575940908400644,19.056087
720575940888802138,"37041,3108,1790",720575940878946100,"13153,5700,2154",720575940917797795,0.000000
720575940888802138,"37041,3108,1790",720575940882093088,"24136,3911,1002",720575940869469403,20.722185
720575940888802138,"37041,3108,1790",720575940847560045,"41727,5321,1579",720575940905121334,7.561881
720575940888802138,"37041,3108,1790",720575940898736274,"20994,6297,2199",720575940884791610,0.000000
720575940882393805,"13304,2866,4018",720575940904099536,"29320,4453,1733",720575940881624259,0.000000
720575940882393805,"13304,2866,4018",720575940900924101,"24306,3929,1314",720575940903762211,0.000000
720575940882393805,"13304,2866,4018",720575940911437161,"27344,3514,1565",720575940878345595,0.000000
720575940882393805,"13304,2866,4018",720575940932822676,"22490,3798,2283",720575940924205189,0.000000
720575940882393805,"13304,2866,4018",720575940898806193,"24461,3600,2248",720575940885439590,0.000000
720575940882393805,"13304,2866,4018",720575940905063126,"30532,4598,1070",720575940898889927,0.000000
720575940882393805,"13304,2866,4018",720575940890101684,"25384,4074,1605",720575940883908636,0.000000
720575940882393805,"13304,2866,4018",720575940890209582,"21636,4289,2083",720575940888829455,0.000000
720575940882393805,"13304,2866,4018",720575940927269708,"23751,4351,1605",720575940882093178,0.000000
720575940882393805,"13304,2866,4018",720575940881780816,"27295,4519,1330",720575940899607728,0.000000
720575940882393805,"13304,2866,4018",720575940890729167,"29556,5160,1151",720575940894196379,0.000000
720575940882393805,"13304,2866,4018",720575940929722145,"32485,5455,1334",720575940919043143,0.000000
720575940882393805,"13304,2866,4018",720575940882092320,"44973,7063,1558",720575940869469147,0.000000
720575940882393805,"13304,2866,4018",720575940882092576,"44111,5787,1151",720575940908400644,0.000000
720575940882393805,"13304,2866,4018",720575940878946100,"13153,5700,2154",720575940917797795,0.000000
720575940882393805,"13304,2866,4018",720575940882093088,"24136,3911,1002",720575940869469403,0.000000
720575940882393805,"13304,2866,4018",720575940847560045,"41727,5321,1579",720575940905121334,0.000000
720575940882393805,"13304,2866,4018",720575940898736274,"20994,6297,2199",720575940884791610,0.000000
720575940886574602,"10527,2648,1282",720575940904099536,"29320,4453,1733",720575940881624259,0.000000
720575940886574602,"10527,2648,1282",720575940900924101,"24306,3929,1314",720575940903762211,0.000000
720575940886574602,"10527,2648,1282",720575940911437161,"27344,3514,1565",720575940878345595,0.000000
720575940886574602,"10527,2648,1282",720575940932822676,"22490,3798,2283",720575940924205189,0.000000
720575940886574602,"10527,2648,1282",720575940898806193,"24461,3600,2248",720575940885439590,0.000000
720575940886574602,"10527,2648,1282",720575940905063126,"30532,4598,1070",720575940898889927,0.000000
720575940886574602,"10527,2648,1282",720575940890101684,"25384,4074,1605",720575940883908636,0.000000
720575940886574602,"10527,2648,1282",720575940890209582,"21636,4289,2083",720575940888829455,0.000000
720575940886574602,"10527,2648,1282",720575940927269708,"23751,4351,1605",720575940882093178,0.000000
720575940886574602,"10527,2648,1282",720575940881780816,"27295,4519,1330",720575940899607728,0.000000
720575940886574602,"10527,2648,1282",720575940890729167,"29556,5160,1151",720575940894196379,0.000000
720575940886574602,"10527,2648,1282",720575940929722145,"32485,5455,1334",720575940919043143,0.000000
720575940886574602,"10527,2648,1282",720575940882092320,"44973,7063,1558",720575940869469147,0.000000
720575940886574602,"10527,2648,1282",720575940882092576,"44111,5787,1151",720575940908400644,0.000000
720575940886574602,"10527,2648,1282",720575940878946100,"13153,5700,2154",720575940917797795,0.000000
720575940886574602,"10527,2648,1282",720575940882093088,"24136,3911,1002",720575940869469403,0.000000
720575940886574602,"10527,2648,1282",720575940847560045,"41727,5321,1579",720575940905121334,0.000000
720575940886574602,"10527,2648,1282",720575940898736274,"20994,6297,2199",720575940884791610,0.000000
720575940941106028,"29347,3155,1813",720575940904099536,"29320,4453,1733",720575940881624259,213.651007
720575940941106028,"29347,3155,1813",720575940900924101,"24306,3929,1314",720575940903762211,176.047136
720575940941106028,"29347,3155,1813",720575940911437161,"27344,3514,1565",720575940878345595,456.895823
720575940941106028,"29347,3155,1813",720575940932822676,"22490,3798,2283",720575940924205189,167.246851
720575940941106028,"29347,3155,1813",720575940898806193,"24461,3600,2248",720575940885439590,263.425014
720575940941106028,"29347,3155,1813",720575940905063126,"30532,4598,1070",720575940898889927,145.446249
720575940941106028,"29347,3155,1813",720575940890101684,"25384,4074,1605",720575940883908636,24.538947
720575940941106028,"29347,3155,1813",720575940890209582,"21636,4289,2083",720575940888829455,5.593328
720575940941106028,"29347,3155,1813",720575940927269708,"23751,4351,1605",720575940882093178,98.109045
720575940941106028,"29347,3155,1813",720575940881780816,"27295,4519,1330",720575940899607728,31.426498
720575940941106028,"29347,3155,1813",720575940890729167,"29556,5160,1151",720575940894196379,21.726021
720575940941106028,"29347,3155,1813",720575940929722145,"32485,5455,1334",720575940919043143,83.769635
720575940941106028,"29347,3155,1813",720575940882092320,"44973,7063,1558",720575940869469147,0.000000
720575940941106028,"29347,3155,1813",720575940882092576,"44111,5787,1151",720575940908400644,65.061127
720575940941106028,"29347,3155,1813",720575940878946100,"13153,5700,2154",720575940917797795,0.000000
720575940941106028,"29347,3155,1813",720575940882093088,"24136,3911,1002",720575940869469403,130.677440
720575940941106028,"29347,3155,1813",720575940847560045,"41727,5321,1579",720575940905121334,0.000000
720575940941106028,"29347,3155,1813",720575940898736274,"20994,6297,2199",720575940884791610,0.000000
720575940922949405,"23048,3069,1851",720575940904099536,"29320,4453,1733",720575940881624259,0.000000
720575940922949405,"23048,3069,1851",720575940900924101,"24306,3929,1314",720575940903762211,50.358261
720575940922949405,"23048,3069,1851",720575940911437161,"27344,3514,1565",720575940878345595,159.132522
720575940922949405,"23048,3069,1851",720575940932822676,"22490,3798,2283",720575940924205189,39.239708
720575940922949405,"23048,3069,1851",720575940898806193,"24461,3600,2248",720575940885439590,120.406830
720575940922949405,"23048,3069,1851",720575940905063126,"30532,4598,1070",720575940898889927,69.018999
720575940922949405,"23048,3069,1851",720575940890101684,"25384,4074,1605",720575940883908636,42.843145
720575940922949405,"23048,3069,1851",720575940890209582,"21636,4289,2083",720575940888829455,46.761935
720575940922949405,"23048,3069,1851",720575940927269708,"23751,4351,1605",720575940882093178,92.659449
720575940922949405,"23048,3069,1851",720575940881780816,"27295,4519,1330",720575940899607728,21.504271
720575940922949405,"23048,3069,1851",720575940890729167,"29556,5160,1151",720575940894196379,79.480927
720575940922949405,"23048,3069,1851",720575940929722145,"32485,5455,1334",720575940919043143,12.592195
720575940922949405,"23048,3069,1851",720575940882092320,"44973,7063,1558",720575940869469147,39.391761
720575940922949405,"23048,3069,1851",720575940882092576,"44111,5787,1151",720575940908400644,13.101074
720575940922949405,"23048,3069,1851",720575940878946100,"13153,5700,2154",720575940917797795,49.995146
720575940922949405,"23048,3069,1851",720575940882093088,"24136,3911,1002",720575940869469403,148.984464
720575940922949405,"23048,3069,1851",720575940847560045,"41727,5321,1579",720575940905121334,0.000000
720575940922949405,"23048,3069,1851",720575940898736274,"20994,6297,2199",720575940884791610,0.000000
720575940899282056,"29678,3655,1401",720575940904099536,"29320,4453,1733",720575940881624259,30.418841
720575940899282056,"29678,3655,1401",720575940900924101,"24306,3929,1314",720575940903762211,376.981815
720575940899282056,"29678,3655,1401",720575940911437161,"27344,3514,1565",720575940878345595,232.129770
720575940899282056,"29678,3655,1401",720575940932822676,"22490,3798,2283",720575940924205189,159.405658
720575940899282056,"29678,3655,1401",720575940898806193,"24461,3600,2248",720575940885439590,200.013253
720575940899282056,"29678,3655,1401",720575940905063126,"30532,4598,1070",720575940898889927,67.287585
720575940899282056,"29678,3655,1401",720575940890101684,"25384,4074,1605",720575940883908636,144.466072
720575940899282056,"29678,3655,1401",720575940890209582,"21636,4289,2083",720575940888829455,6.541065
720575940899282056,"29678,3655,1401",720575940927269708,"23751,4351,1605",720575940882093178,46.182621
720575940899282056,"29678,3655,1401",720575940881780816,"27295,4519,1330",720575940899607728,89.594215
720575940899282056,"29678,3655,1401",720575940890729167,"29556,5160,1151",720575940894196379,38.900890
720575940899282056,"29678,3655,1401",720575940929722145,"32485,5455,1334",720575940919043143,0.000000
720575940899282056,"29678,3655,1401",720575940882092320,"44973,7063,1558",720575940869469147,0.000000
720575940899282056,"29678,3655,1401",720575940882092576,"44111,5787,1151",720575940908400644,26.157930
720575940899282056,"29678,3655,1401",720575940878946100,"13153,5700,2154",720575940917797795,11.561248
720575940899282056,"29678,3655,1401",720575940882093088,"24136,3911,1002",720575940869469403,102.630921
720575940899282056,"29678,3655,1401",720575940847560045,"41727,5321,1579",720575940905121334,0.000000
720575940899282056,"29678,3655,1401",720575940898736274,"20994,6297,2199",720575940884791610,0.000000
720575940917429907,"26042,2994,1393",720575940904099536,"29320,4453,1733",720575940881624259,94.373639
720575940917429907,"26042,2994,1393",720575940900924101,"24306,3929,1314",720575940903762211,199.886212
720575940917429907,"26042,2994,1393",720575940911437161,"27344,3514,1565",720575940878345595,129.163834
720575940917429907,"26042,2994,1393",720575940932822676,"22490,3798,2283",720575940924205189,115.971778
720575940917429907,"26042,2994,1393",720575940898806193,"24461,3600,2248",720575940885439590,348.639884
720575940917429907,"26042,2994,1393",720575940905063126,"30532,4598,1070",720575940898889927,191.131100
720575940917429907,"26042,2994,1393",720575940890101684,"25384,4074,1605",720575940883908636,304.161092
720575940917429907,"26042,2994,1393",720575940890209582,"21636,4289,2083",720575940888829455,44.958165
720575940917429907,"26042,2994,1393",720575940927269708,"23751,4351,1605",720575940882093178,116.720048
720575940917429907,"26042,2994,1393",720575940881780816,"27295,4519,1330",720575940899607728,98.559704
720575940917429907,"26042,2994,1393",720575940890729167,"29556,5160,1151",720575940894196379,162.432820
720575940917429907,"26042,2994,1393",720575940929722145,"32485,5455,1334",720575940919043143,101.185974
720575940917429907,"26042,2994,1393",720575940882092320,"44973,7063,1558",720575940869469147,0.000000
720575940917429907,"26042,2994,1393",720575940882092576,"44111,5787,1151",720575940908400644,190.532900
720575940917429907,"26042,2994,1393",720575940878946100,"13153,5700,2154",720575940917797795,203.707868
720575940917429907,"26042,2994,1393",720575940882093088,"24136,3911,1002",720575940869469403,251.652363
720575940917429907,"26042,2994,1393",720575940847560045,"41727,5321,1579",720575940905121334,6.416031
720575940917429907,"26042,2994,1393",720575940898736274,"20994,6297,2199",720575940884791610,0.000000
720575940890134196,"23025,5024,2001",720575940904099536,"29320,4453,1733",720575940881624259,257.740069
720575940890134196,"23025,5024,2001",720575940900924101,"24306,3929,1314",720575940903762211,95.301103
720575940890134196,"23025,5024,2001",720575940911437161,"27344,3514,1565",720575940878345595,61.548058
720575940890134196,"23025,5024,2001",720575940932822676,"22490,3798,2283",720575940924205189,145.777567
720575940890134196,"23025,5024,2001",720575940898806193,"24461,3600,2248",720575940885439590,308.327492
720575940890134196,"23025,5024,2001",720575940905063126,"30532,4598,1070",720575940898889927,87.311331
720575940890134196,"23025,5024,2001",720575940890101684,"25384,4074,1605",720575940883908636,42.977536
720575940890134196,"23025,5024,2001",720575940890209582,"21636,4289,2083",720575940888829455,271.117936
720575940890134196,"23025,5024,2001",720575940927269708,"23751,4351,1605",720575940882093178,0.000000
720575940890134196,"23025,5024,2001",720575940881780816,"27295,4519,1330",720575940899607728,215.318353
720575940890134196,"23025,5024,2001",720575940890729167,"29556,5160,1151",720575940894196379,0.000000
720575940890134196,"23025,5024,2001",720575940929722145,"32485,5455,1334",720575940919043143,89.055187
720575940890134196,"23025,5024,2001",720575940882092320,"44973,7063,1558",720575940869469147,165.560040
720575940890134196,"23025,5024,2001",720575940882092576,"44111,5787,1151",720575940908400644,85.796821
720575940890134196,"23025,5024,2001",720575940878946100,"13153,5700,2154",720575940917797795,118.612536
720575940890134196,"23025,5024,2001",720575940882093088,"24136,3911,1002",720575940869469403,70.550878
720575940890134196,"23025,5024,2001",720575940847560045,"41727,5321,1579",720575940905121334,356.692256
720575940890134196,"23025,5024,2001",720575940898736274,"20994,6297,2199",720575940884791610,0.000000
720575940888793434,"23420,3524,1951",720575940904099536,"29320,4453,1733",720575940881624259,189.839602
720575940888793434,"23420,3524,1951",720575940900924101,"24306,3929,1314",720575940903762211,70.634949
720575940888793434,"23420,3524,1951",720575940911437161,"27344,3514,1565",720575940878345595,152.459131
720575940888793434,"23420,3524,1951",720575940932822676,"22490,3798,2283",720575940924205189,199.858911
720575940888793434,"23420,3524,1951",720575940898806193,"24461,3600,2248",720575940885439590,120.315522
720575940888793434,"23420,3524,1951",720575940905063126,"30532,4598,1070",720575940898889927,133.163717
720575940888793434,"23420,3524,1951",720575940890101684,"25384,4074,1605",720575940883908636,11.334229
720575940888793434,"23420,3524,1951",720575940890209582,"21636,4289,2083",720575940888829455,176.151950
720575940888793434,"23420,3524,1951",720575940927269708,"23751,4351,1605",720575940882093178,134.581276
720575940888793434,"23420,3524,1951",720575940881780816,"27295,4519,1330",720575940899607728,71.264583
720575940888793434,"23420,3524,1951",720575940890729167,"29556,5160,1151",720575940894196379,33.817136
720575940888793434,"23420,3524,1951",720575940929722145,"32485,5455,1334",720575940919043143,36.892266
720575940888793434,"23420,3524,1951",720575940882092320,"44973,7063,1558",720575940869469147,0.000000
720575940888793434,"23420,3524,1951",720575940882092576,"44111,5787,1151",720575940908400644,62.484411
720575940888793434,"23420,3524,1951",720575940878946100,"13153,5700,2154",720575940917797795,82.634190
720575940888793434,"23420,3524,1951",720575940882093088,"24136,3911,1002",720575940869469403,81.900860
720575940888793434,"23420,3524,1951",720575940847560045,"41727,5321,1579",720575940905121334,104.715942
720575940888793434,"23420,3524,1951",720575940898736274,"20994,6297,2199",720575940884791610,61.473784
720575940920044149,"26733,3643,2051",720575940904099536,"29320,4453,1733",720575940881624259,13.051224
720575940920044149,"26733,3643,2051",720575940900924101,"24306,3929,1314",720575940903762211,0.000000
720575940920044149,"26733,3643,2051",720575940911437161,"27344,3514,1565",720575940878345595,23.061040
720575940920044149,"26733,3643,2051",720575940932822676,"22490,3798,2283",720575940924205189,24.953057
720575940920044149,"26733,3643,2051",720575940898806193,"24461,3600,2248",720575940885439590,48.728820
720575940920044149,"26733,3643,2051",720575940905063126,"30532,4598,1070",720575940898889927,18.961551
720575940920044149,"26733,3643,2051",720575940890101684,"25384,4074,1605",720575940883908636,0.000000
720575940920044149,"26733,3643,2051",720575940890209582,"21636,4289,2083",720575940888829455,0.000000
720575940920044149,"26733,3643,2051",720575940927269708,"23751,4351,1605",720575940882093178,0.000000
720575940920044149,"26733,3643,2051",720575940881780816,"27295,4519,1330",720575940899607728,0.000000
720575940920044149,"26733,3643,2051",720575940890729167,"29556,5160,1151",720575940894196379,0.000000
720575940920044149,"26733,3643,2051",720575940929722145,"32485,5455,1334",720575940919043143,0.000000
720575940920044149,"26733,3643,2051",720575940882092320,"44973,7063,1558",720575940869469147,0.000000
720575940920044149,"26733,3643,2051",720575940882092576,"44111,5787,1151",720575940908400644,0.000000
720575940920044149,"26733,3643,2051",720575940878946100,"13153,5700,2154",720575940917797795,0.000000
720575940920044149,"26733,3643,2051",720575940882093088,"24136,3911,1002",720575940869469403,48.421903
720575940920044149,"26733,3643,2051",720575940847560045,"41727,5321,1579",720575940905121334,0.000000
720575940920044149,"26733,3643,2051",720575940898736274,"20994,6297,2199",720575940884791610,0.000000
720575940937221662,"24889,2507,2057",720575940904099536,"29320,4453,1733",720575940881624259,29.956042
720575940937221662,"24889,2507,2057",720575940900924101,"24306,3929,1314",720575940903762211,0.000000
720575940937221662,"24889,2507,2057",720575940911437161,"27344,3514,1565",720575940878345595,79.951093
720575940937221662,"24889,2507,2057",720575940932822676,"22490,3798,2283",720575940924205189,32.273355
720575940937221662,"24889,2507,2057",720575940898806193,"24461,3600,2248",720575940885439590,20.307646
720575940937221662,"24889,2507,2057",720575940905063126,"30532,4598,1070",720575940898889927,0.000000
720575940937221662,"24889,2507,2057",720575940890101684,"25384,4074,1605",720575940883908636,22.406231
720575940937221662,"24889,2507,2057",720575940890209582,"21636,4289,2083",720575940888829455,83.103893
720575940937221662,"24889,2507,2057",720575940927269708,"23751,4351,1605",720575940882093178,64.438190
720575940937221662,"24889,2507,2057",720575940881780816,"27295,4519,1330",720575940899607728,66.814172
720575940937221662,"24889,2507,2057",720575940890729167,"29556,5160,1151",720575940894196379,0.000000
720575940937221662,"24889,2507,2057",720575940929722145,"32485,5455,1334",720575940919043143,31.334449
720575940937221662,"24889,2507,2057",720575940882092320,"44973,7063,1558",720575940869469147,85.945640
720575940937221662,"24889,2507,2057",720575940882092576,"44111,5787,1151",720575940908400644,70.808838
720575940937221662,"24889,2507,2057",720575940878946100,"13153,5700,2154",720575940917797795,56.259870
720575940937221662,"24889,2507,2057",720575940882093088,"24136,3911,1002",720575940869469403,7.551565
720575940937221662,"24889,2507,2057",720575940847560045,"41727,5321,1579",720575940905121334,57.263088
720575940937221662,"24889,2507,2057",720575940898736274,"20994,6297,2199",720575940884791610,0.000000
720575940881936635,"23672,2720,1354",720575940904099536,"29320,4453,1733",720575940881624259,0.000000
720575940881936635,"23672,2720,1354",720575940900924101,"24306,3929,1314",720575940903762211,0.000000
720575940881936635,"23672,2720,1354",720575940911437161,"27344,3514,1565",720575940878345595,8.084346
720575940881936635,"23672,2720,1354",720575940932822676,"22490,3798,2283",720575940924205189,4.040304
720575940881936635,"23672,2720,1354",720575940898806193,"24461,3600,2248",720575940885439590,53.450130
720575940881936635,"23672,2720,1354",720575940905063126,"30532,4598,1070",720575940898889927,0.000000
720575940881936635,"23672,2720,1354",720575940890101684,"25384,4074,1605",720575940883908636,0.000000
720575940881936635,"23672,2720,1354",720575940890209582,"21636,4289,2083",720575940888829455,15.018109
720575940881936635,"23672,2720,1354",720575940927269708,"23751,4351,1605",720575940882093178,20.066752
720575940881936635,"23672,2720,1354",720575940881780816,"27295,4519,1330",720575940899607728,0.000000
720575940881936635,"23672,2720,1354",720575940890729167,"29556,5160,1151",720575940894196379,0.000000
720575940881936635,"23672,2720,1354",720575940929722145,"32485,5455,1334",720575940919043143,0.000000
720575940881936635,"23672,2720,1354",720575940882092320,"44973,7063,1558",720575940869469147,0.000000
720575940881936635,"23672,2720,1354",720575940882092576,"44111,5787,1151",720575940908400644,0.000000
720575940881936635,"23672,2720,1354",720575940878946100,"13153,5700,2154",720575940917797795,0.000000
720575940881936635,"23672,2720,1354",720575940882093088,"24136,3911,1002",720575940869469403,73.867443
720575940881936635,"23672,2720,1354",720575940847560045,"41727,5321,1579",720575940905121334,0.000000
720575940881936635,"23672,2720,1354",720575940898736274,"20994,6297,2199",720575940884791610,0.000000
720575940889249143,"27063,2677,1351",720575940904099536,"29320,4453,1733",720575940881624259,4.090788
720575940889249143,"27063,2677,1351",720575940900924101,"24306,3929,1314",720575940903762211,0.000000
720575940889249143,"27063,2677,1351",720575940911437161,"27344,3514,1565",720575940878345595,13.753186
720575940889249143,"27063,2677,1351",720575940932822676,"22490,3798,2283",720575940924205189,0.000000
720575940889249143,"27063,2677,1351",720575940898806193,"24461,3600,2248",720575940885439590,24.223660
720575940889249143,"27063,2677,1351",720575940905063126,"30532,4598,1070",720575940898889927,0.000000
720575940889249143,"27063,2677,1351",720575940890101684,"25384,4074,1605",720575940883908636,0.000000
720575940889249143,"27063,2677,1351",720575940890209582,"21636,4289,2083",720575940888829455,0.000000
720575940889249143,"27063,2677,1351",720575940927269708,"23751,4351,1605",720575940882093178,0.000000
720575940889249143,"27063,2677,1351",720575940881780816,"27295,4519,1330",720575940899607728,0.000000
720575940889249143,"27063,2677,1351",720575940890729167,"29556,5160,1151",720575940894196379,0.000000
720575940889249143,"27063,2677,1351",720575940929722145,"32485,5455,1334",720575940919043143,0.000000
720575940889249143,"27063,2677,1351",720575940882092320,"44973,7063,1558",720575940869469147,0.000000
720575940889249143,"27063,2677,1351",720575940882092576,"44111,5787,1151",720575940908400644,0.000000
720575940889249143,"27063,2677,1351",720575940878946100,"13153,5700,2154",720575940917797795,0.000000
720575940889249143,"27063,2677,1351",720575940882093088,"24136,3911,1002",720575940869469403,75.015569
720575940889249143,"27063,2677,1351",720575940847560045,"41727,5321,1579",720575940905121334,0.000000
720575940889249143,"27063,2677,1351",720575940898736274,"20994,6297,2199",720575940884791610,0.000000
720575940909393947,"24010,3371,1405",720575940904099536,"29320,4453,1733",720575940881624259,0.000000
720575940909393947,"24010,3371,1405",720575940900924101,"24306,3929,1314",720575940903762211,68.620717
720575940909393947,"24010,3371,1405",720575940911437161,"27344,3514,1565",720575940878345595,157.572844
720575940909393947,"24010,3371,1405",720575940932822676,"22490,3798,2283",720575940924205189,76.039812
720575940909393947,"24010,3371,1405",720575940898806193,"24461,3600,2248",720575940885439590,83.412102
720575940909393947,"24010,3371,1405",720575940905063126,"30532,4598,1070",720575940898889927,80.167264
720575940909393947,"24010,3371,1405",720575940890101684,"25384,4074,1605",720575940883908636,180.478380
720575940909393947,"24010,3371,1405",720575940890209582,"21636,4289,2083",720575940888829455,0.000000
720575940909393947,"24010,3371,1405",720575940927269708,"23751,4351,1605",720575940882093178,139.204089
720575940909393947,"24010,3371,1405",720575940881780816,"27295,4519,1330",720575940899607728,89.717988
720575940909393947,"24010,3371,1405",720575940890729167,"29556,5160,1151",720575940894196379,86.835209
720575940909393947,"24010,3371,1405",720575940929722145,"32485,5455,1334",720575940919043143,7.018938
720575940909393947,"24010,3371,1405",720575940882092320,"44973,7063,1558",720575940869469147,0.000000
720575940909393947,"24010,3371,1405",720575940882092576,"44111,5787,1151",720575940908400644,22.282481
720575940909393947,"24010,3371,1405",720575940878946100,"13153,5700,2154",720575940917797795,46.875240
720575940909393947,"24010,3371,1405",720575940882093088,"24136,3911,1002",720575940869469403,326.653126
720575940909393947,"24010,3371,1405",720575940847560045,"41727,5321,1579",720575940905121334,0.000000
720575940909393947,"24010,3371,1405",720575940898736274,"20994,6297,2199",720575940884791610,0.000000
720575940904086480,"26565,3498,1959",720575940904099536,"29320,4453,1733",720575940881624259,175.344519
720575940904086480,"26565,3498,1959",720575940900924101,"24306,3929,1314",720575940903762211,78.958690
720575940904086480,"26565,3498,1959",720575940911437161,"27344,3514,1565",720575940878345595,240.744671
720575940904086480,"26565,3498,1959",720575940932822676,"22490,3798,2283",720575940924205189,246.753770
720575940904086480,"26565,3498,1959",720575940898806193,"24461,3600,2248",720575940885439590,362.504469
720575940904086480,"26565,3498,1959",720575940905063126,"30532,4598,1070",720575940898889927,174.890099
720575940904086480,"26565,3498,1959",720575940890101684,"25384,4074,1605",720575940883908636,55.734874
720575940904086480,"26565,3498,1959",720575940890209582,"21636,4289,2083",720575940888829455,78.825080
720575940904086480,"26565,3498,1959",720575940927269708,"23751,4351,1605",720575940882093178,87.113147
720575940904086480,"26565,3498,1959",720575940881780816,"27295,4519,1330",720575940899607728,5.304441
720575940904086480,"26565,3498,1959",720575940890729167,"29556,5160,1151",720575940894196379,0.000000
720575940904086480,"26565,3498,1959",720575940929722145,"32485,5455,1334",720575940919043143,54.929796
720575940904086480,"26565,3498,1959",720575940882092320,"44973,7063,1558",720575940869469147,0.000000
720575940904086480,"26565,3498,1959",720575940882092576,"44111,5787,1151",720575940908400644,77.841690
720575940904086480,"26565,3498,1959",720575940878946100,"13153,5700,2154",720575940917797795,27.747910
720575940904086480,"26565,3498,1959",720575940882093088,"24136,3911,1002",720575940869469403,66.614899
720575940904086480,"26565,3498,1959",720575940847560045,"41727,5321,1579",720575940905121334,0.000000
720575940904086480,"26565,3498,1959",720575940898736274,"20994,6297,2199",720575940884791610,0.000000
720575940877501751,"24954,3315,1329",720575940904099536,"29320,4453,1733",720575940881624259,0.000000
720575940877501751,"24954,3315,1329",720575940900924101,"24306,3929,1314",720575940903762211,84.518642
720575940877501751,"24954,3315,1329",720575940911437161,"27344,3514,1565",720575940878345595,139.549658
720575940877501751,"24954,3315,1329",720575940932822676,"22490,3798,2283",720575940924205189,102.011069
720575940877501751,"24954,3315,1329",720575940898806193,"24461,3600,2248",720575940885439590,137.043644
720575940877501751,"24954,3315,1329",720575940905063126,"30532,4598,1070",720575940898889927,48.649867
720575940877501751,"24954,3315,1329",720575940890101684,"25384,4074,1605",720575940883908636,171.669106
720575940877501751,"24954,3315,1329",720575940890209582,"21636,4289,2083",720575940888829455,4.743694
720575940877501751,"24954,3315,1329",720575940927269708,"23751,4351,1605",720575940882093178,47.257189
720575940877501751,"24954,3315,1329",720575940881780816,"27295,4519,1330",720575940899607728,69.497396
720575940877501751,"24954,3315,1329",720575940890729167,"29556,5160,1151",720575940894196379,56.658015
720575940877501751,"24954,3315,1329",720575940929722145,"32485,5455,1334",720575940919043143,0.000000
720575940877501751,"24954,3315,1329",720575940882092320,"44973,7063,1558",720575940869469147,0.000000
720575940877501751,"24954,3315,1329",720575940882092576,"44111,5787,1151",720575940908400644,9.300446
720575940877501751,"24954,3315,1329",720575940878946100,"13153,5700,2154",720575940917797795,39.562464
720575940877501751,"24954,3315,1329",720575940882093088,"24136,3911,1002",720575940869469403,113.144522
720575940877501751,"24954,3315,1329",720575940847560045,"41727,5321,1579",720575940905121334,0.000000
720575940877501751,"24954,3315,1329",720575940898736274,"20994,6297,2199",720575940884791610,0.000000
720575940914883824,"24110,3636,1887",720575940904099536,"29320,4453,1733",720575940881624259,69.588795
720575940914883824,"24110,3636,1887",720575940900924101,"24306,3929,1314",720575940903762211,192.332832
720575940914883824,"24110,3636,1887",720575940911437161,"27344,3514,1565",720575940878345595,55.009248
720575940914883824,"24110,3636,1887",720575940932822676,"22490,3798,2283",720575940924205189,148.402410
720575940914883824,"24110,3636,1887",720575940898806193,"24461,3600,2248",720575940885439590,250.793737
720575940914883824,"24110,3636,1887",720575940905063126,"30532,4598,1070",720575940898889927,246.445559
720575940914883824,"24110,3636,1887",720575940890101684,"25384,4074,1605",720575940883908636,254.126819
720575940914883824,"24110,3636,1887",720575940890209582,"21636,4289,2083",720575940888829455,0.000000
720575940914883824,"24110,3636,1887",720575940927269708,"23751,4351,1605",720575940882093178,153.647031
720575940914883824,"24110,3636,1887",720575940881780816,"27295,4519,1330",720575940899607728,63.433655
720575940914883824,"24110,3636,1887",720575940890729167,"29556,5160,1151",720575940894196379,161.042442
720575940914883824,"24110,3636,1887",720575940929722145,"32485,5455,1334",720575940919043143,95.757407
720575940914883824,"24110,3636,1887",720575940882092320,"44973,7063,1558",720575940869469147,17.669354
720575940914883824,"24110,3636,1887",720575940882092576,"44111,5787,1151",720575940908400644,59.463727
720575940914883824,"24110,3636,1887",720575940878946100,"13153,5700,2154",720575940917797795,80.434427
720575940914883824,"24110,3636,1887",720575940882093088,"24136,3911,1002",720575940869469403,225.729571
720575940914883824,"24110,3636,1887",720575940847560045,"41727,5321,1579",720575940905121334,13.850994
720575940914883824,"24110,3636,1887",720575940898736274,"20994,6297,2199",720575940884791610,8.784934
720575940881607875,"27727,3165,1749",720575940904099536,"29320,4453,1733",720575940881624259,135.486462
720575940881607875,"27727,3165,1749",720575940900924101,"24306,3929,1314",720575940903762211,172.957070
720575940881607875,"27727,3165,1749",720575940911437161,"27344,3514,1565",720575940878345595,378.139706
720575940881607875,"27727,3165,1749",720575940932822676,"22490,3798,2283",720575940924205189,174.112916
720575940881607875,"27727,3165,1749",720575940898806193,"24461,3600,2248",720575940885439590,426.254616
720575940881607875,"27727,3165,1749",720575940905063126,"30532,4598,1070",720575940898889927,104.296336
720575940881607875,"27727,3165,1749",720575940890101684,"25384,4074,1605",720575940883908636,7.382985
720575940881607875,"27727,3165,1749",720575940890209582,"21636,4289,2083",720575940888829455,0.000000
720575940881607875,"27727,3165,1749",720575940927269708,"23751,4351,1605",720575940882093178,95.619907
720575940881607875,"27727,3165,1749",720575940881780816,"27295,4519,1330",720575940899607728,0.000000
720575940881607875,"27727,3165,1749",720575940890729167,"29556,5160,1151",720575940894196379,8.302292
720575940881607875,"27727,3165,1749",720575940929722145,"32485,5455,1334",720575940919043143,10.247903
720575940881607875,"27727,3165,1749",720575940882092320,"44973,7063,1558",720575940869469147,0.000000
720575940881607875,"27727,3165,1749",720575940882092576,"44111,5787,1151",720575940908400644,47.410677
720575940881607875,"27727,3165,1749",720575940878946100,"13153,5700,2154",720575940917797795,0.000000
720575940881607875,"27727,3165,1749",720575940882093088,"24136,3911,1002",720575940869469403,201.793638
720575940881607875,"27727,3165,1749",720575940847560045,"41727,5321,1579",720575940905121334,0.000000
720575940881607875,"27727,3165,1749",720575940898736274,"20994,6297,2199",720575940884791610,0.000000
720575940922709290,"25951,3364,1746",720575940904099536,"29320,4453,1733",720575940881624259,115.169012
720575940922709290,"25951,3364,1746",720575940900924101,"24306,3929,1314",720575940903762211,292.443382
720575940922709290,"25951,3364,1746",720575940911437161,"27344,3514,1565",720575940878345595,248.368896
720575940922709290,"25951,3364,1746",720575940932822676,"22490,3798,2283",720575940924205189,227.655704
720575940922709290,"25951,3364,1746",720575940898806193,"24461,3600,2248",720575940885439590,511.138239
720575940922709290,"25951,3364,1746",720575940905063126,"30532,4598,1070",720575940898889927,216.284046
720575940922709290,"25951,3364,1746",720575940890101684,"25384,4074,1605",720575940883908636,106.523525
720575940922709290,"25951,3364,1746",720575940890209582,"21636,4289,2083",720575940888829455,18.978237
720575940922709290,"25951,3364,1746",720575940927269708,"23751,4351,1605",720575940882093178,102.463135
720575940922709290,"25951,3364,1746",720575940881780816,"27295,4519,1330",720575940899607728,25.779796
720575940922709290,"25951,3364,1746",720575940890729167,"29556,5160,1151",720575940894196379,33.856473
720575940922709290,"25951,3364,1746",720575940929722145,"32485,5455,1334",720575940919043143,95.403266
720575940922709290,"25951,3364,1746",720575940882092320,"44973,7063,1558",720575940869469147,0.000000
720575940922709290,"25951,3364,1746",720575940882092576,"44111,5787,1151",720575940908400644,85.191119
720575940922709290,"25951,3364,1746",720575940878946100,"13153,5700,2154",720575940917797795,43.498106
720575940922709290,"25951,3364,1746",720575940882093088,"24136,3911,1002",720575940869469403,136.587069
720575940922709290,"25951,3364,1746",720575940847560045,"41727,5321,1579",720575940905121334,0.000000
720575940922709290,"25951,3364,1746",720575940898736274,"20994,6297,2199",720575940884791610,0.000000
720575940891164342,"29472,3690,1480",720575940904099536,"29320,4453,1733",720575940881624259,146.674045
720575940891164342,"29472,3690,1480",720575940900924101,"24306,3929,1314",720575940903762211,421.052023
720575940891164342,"29472,3690,1480",720575940911437161,"27344,3514,1565",720575940878345595,146.911321
720575940891164342,"29472,3690,1480",720575940932822676,"22490,3798,2283",720575940924205189,191.779785
720575940891164342,"29472,3690,1480",720575940898806193,"24461,3600,2248",720575940885439590,132.075129
720575940891164342,"29472,3690,1480",720575940905063126,"30532,4598,1070",720575940898889927,91.625240
720575940891164342,"29472,3690,1480",720575940890101684,"25384,4074,1605",720575940883908636,138.015837
720575940891164342,"29472,3690,1480",720575940890209582,"21636,4289,2083",720575940888829455,9.382869
720575940891164342,"29472,3690,1480",720575940927269708,"23751,4351,1605",720575940882093178,0.000000
720575940891164342,"29472,3690,1480",720575940881780816,"27295,4519,1330",720575940899607728,13.022207
720575940891164342,"29472,3690,1480",720575940890729167,"29556,5160,1151",720575940894196379,114.976348
720575940891164342,"29472,3690,1480",720575940929722145,"32485,5455,1334",720575940919043143,59.095204
720575940891164342,"29472,3690,1480",720575940882092320,"44973,7063,1558",720575940869469147,0.000000
720575940891164342,"29472,3690,1480",720575940882092576,"44111,5787,1151",720575940908400644,0.000000
720575940891164342,"29472,3690,1480",720575940878946100,"13153,5700,2154",720575940917797795,18.055176
720575940891164342,"29472,3690,1480",720575940882093088,"24136,3911,1002",720575940869469403,49.174849
720575940891164342,"29472,3690,1480",720575940847560045,"41727,5321,1579",720575940905121334,0.000000
720575940891164342,"29472,3690,1480",720575940898736274,"20994,6297,2199",720575940884791610,0.000000
720575940903679779,"27377,3483,1808",720575940904099536,"29320,4453,1733",720575940881624259,127.616699
720575940903679779,"27377,3483,1808",720575940900924101,"24306,3929,1314",720575940903762211,260.861401
720575940903679779,"27377,3483,1808",720575940911437161,"27344,3514,1565",720575940878345595,469.165912
720575940903679779,"27377,3483,1808",720575940932822676,"22490,3798,2283",720575940924205189,286.072488
720575940903679779,"27377,3483,1808",720575940898806193,"24461,3600,2248",720575940885439590,328.717411
720575940903679779,"27377,3483,1808",720575940905063126,"30532,4598,1070",720575940898889927,258.986026
720575940903679779,"27377,3483,1808",720575940890101684,"25384,4074,1605",720575940883908636,126.468063
720575940903679779,"27377,3483,1808",720575940890209582,"21636,4289,2083",720575940888829455,110.096535
720575940903679779,"27377,3483,1808",720575940927269708,"23751,4351,1605",720575940882093178,34.113829
720575940903679779,"27377,3483,1808",720575940881780816,"27295,4519,1330",720575940899607728,40.985787
720575940903679779,"27377,3483,1808",720575940890729167,"29556,5160,1151",720575940894196379,89.029576
720575940903679779,"27377,3483,1808",720575940929722145,"32485,5455,1334",720575940919043143,110.880986
720575940903679779,"27377,3483,1808",720575940882092320,"44973,7063,1558",720575940869469147,0.000000
720575940903679779,"27377,3483,1808",720575940882092576,"44111,5787,1151",720575940908400644,72.398905
720575940903679779,"27377,3483,1808",720575940878946100,"13153,5700,2154",720575940917797795,10.841130
720575940903679779,"27377,3483,1808",720575940882093088,"24136,3911,1002",720575940869469403,119.505318
720575940903679779,"27377,3483,1808",720575940847560045,"41727,5321,1579",720575940905121334,0.000000
720575940903679779,"27377,3483,1808",720575940898736274,"20994,6297,2199",720575940884791610,0.000000
720575940878916148,"28423,3857,1850",720575940904099536,"29320,4453,1733",720575940881624259,161.217058
720575940878916148,"28423,3857,1850",720575940900924101,"24306,3929,1314",720575940903762211,240.171871
720575940878916148,"28423,3857,1850",720575940911437161,"27344,3514,1565",720575940878345595,435.512684
720575940878916148,"28423,3857,1850",720575940932822676,"22490,3798,2283",720575940924205189,256.897837
720575940878916148,"28423,3857,1850",720575940898806193,"24461,3600,2248",720575940885439590,335.168907
720575940878916148,"28423,3857,1850",720575940905063126,"30532,4598,1070",720575940898889927,336.886417
720575940878916148,"28423,3857,1850",720575940890101684,"25384,4074,1605",720575940883908636,87.759432
720575940878916148,"28423,3857,1850",720575940890209582,"21636,4289,2083",720575940888829455,74.177972
720575940878916148,"28423,3857,1850",720575940927269708,"23751,4351,1605",720575940882093178,31.811901
720575940878916148,"28423,3857,1850",720575940881780816,"27295,4519,1330",720575940899607728,0.000000
720575940878916148,"28423,3857,1850",720575940890729167,"29556,5160,1151",720575940894196379,62.018789
720575940878916148,"28423,3857,1850",720575940929722145,"32485,5455,1334",720575940919043143,88.546047
720575940878916148,"28423,3857,1850",720575940882092320,"44973,7063,1558",720575940869469147,0.000000
720575940878916148,"28423,3857,1850",720575940882092576,"44111,5787,1151",720575940908400644,43.094518
720575940878916148,"28423,3857,1850",720575940878946100,"13153,5700,2154",720575940917797795,21.061253
720575940878916148,"28423,3857,1850",720575940882093088,"24136,3911,1002",720575940869469403,54.035326
720575940878916148,"28423,3857,1850",720575940847560045,"41727,5321,1579",720575940905121334,0.000000
720575940878916148,"28423,3857,1850",720575940898736274,"20994,6297,2199",720575940884791610,0.000000
720575940894647347,"29476,3288,1417",720575940904099536,"29320,4453,1733",720575940881624259,109.916822
720575940894647347,"29476,3288,1417",720575940900924101,"24306,3929,1314",720575940903762211,462.666479
720575940894647347,"29476,3288,1417",720575940911437161,"27344,3514,1565",720575940878345595,36.073821
720575940894647347,"29476,3288,1417",720575940932822676,"22490,3798,2283",720575940924205189,103.187622
720575940894647347,"29476,3288,1417",720575940898806193,"24461,3600,2248",720575940885439590,257.264672
720575940894647347,"29476,3288,1417",720575940905063126,"30532,4598,1070",720575940898889927,56.796176
720575940894647347,"29476,3288,1417",720575940890101684,"25384,4074,1605",720575940883908636,57.874431
720575940894647347,"29476,3288,1417",720575940890209582,"21636,4289,2083",720575940888829455,0.000000
720575940894647347,"29476,3288,1417",720575940927269708,"23751,4351,1605",720575940882093178,8.963917
720575940894647347,"29476,3288,1417",720575940881780816,"27295,4519,1330",720575940899607728,50.724936
720575940894647347,"29476,3288,1417",720575940890729167,"29556,5160,1151",720575940894196379,46.946209
720575940894647347,"29476,3288,1417",720575940929722145,"32485,5455,1334",720575940919043143,21.940726
720575940894647347,"29476,3288,1417",720575940882092320,"44973,7063,1558",720575940869469147,0.000000
720575940894647347,"29476,3288,1417",720575940882092576,"44111,5787,1151",720575940908400644,0.000000
720575940894647347,"29476,3288,1417",720575940878946100,"13153,5700,2154",720575940917797795,0.000000
720575940894647347,"29476,3288,1417",720575940882093088,"24136,3911,1002",720575940869469403,33.514391
720575940894647347,"29476,3288,1417",720575940847560045,"41727,5321,1579",720575940905121334,0.000000
720575940894647347,"29476,3288,1417",720575940898736274,"20994,6297,2199",720575940884791610,0.000000
720575940875116119,"25896,3493,2062",720575940904099536,"29320,4453,1733",720575940881624259,187.433330
720575940875116119,"25896,3493,2062",720575940900924101,"24306,3929,1314",720575940903762211,212.691645
720575940875116119,"25896,3493,2062",720575940911437161,"27344,3514,1565",720575940878345595,462.812873
720575940875116119,"25896,3493,2062",720575940932822676,"22490,3798,2283",720575940924205189,344.749531
720575940875116119,"25896,3493,2062",720575940898806193,"24461,3600,2248",720575940885439590,459.135138
720575940875116119,"25896,3493,2062",720575940905063126,"30532,4598,1070",720575940898889927,296.414547
720575940875116119,"25896,3493,2062",720575940890101684,"25384,4074,1605",720575940883908636,12.718734
720575940875116119,"25896,3493,2062",720575940890209582,"21636,4289,2083",720575940888829455,51.096434
720575940875116119,"25896,3493,2062",720575940927269708,"23751,4351,1605",720575940882093178,76.658506
720575940875116119,"25896,3493,2062",720575940881780816,"27295,4519,1330",720575940899607728,38.516269
720575940875116119,"25896,3493,2062",720575940890729167,"29556,5160,1151",720575940894196379,0.000000
720575940875116119,"25896,3493,2062",720575940929722145,"32485,5455,1334",720575940919043143,75.777146
720575940875116119,"25896,3493,2062",720575940882092320,"44973,7063,1558",720575940869469147,0.000000
720575940875116119,"25896,3493,2062",720575940882092576,"44111,5787,1151",720575940908400644,39.244186
720575940875116119,"25896,3493,2062",720575940878946100,"13153,5700,2154",720575940917797795,14.058242
720575940875116119,"25896,3493,2062",720575940882093088,"24136,3911,1002",720575940869469403,13.144589
720575940875116119,"25896,3493,2062",720575940847560045,"41727,5321,1579",720575940905121334,0.000000
720575940875116119,"25896,3493,2062",720575940898736274,"20994,6297,2199",720575940884791610,0.000000
720575940909769176,"24672,3214,1906",720575940904099536,"29320,4453,1733",720575940881624259,160.156517
720575940909769176,"24672,3214,1906",720575940900924101,"24306,3929,1314",720575940903762211,160.648400
720575940909769176,"24672,3214,1906",720575940911437161,"27344,3514,1565",720575940878345595,127.508094
720575940909769176,"24672,3214,1906",720575940932822676,"22490,3798,2283",720575940924205189,304.645077
720575940909769176,"24672,3214,1906",720575940898806193,"24461,3600,2248",720575940885439590,377.941942
720575940909769176,"24672,3214,1906",720575940905063126,"30532,4598,1070",720575940898889927,213.309825
720575940909769176,"24672,3214,1906",720575940890101684,"25384,4074,1605",720575940883908636,60.378203
720575940909769176,"24672,3214,1906",720575940890209582,"21636,4289,2083",720575940888829455,54.612187
720575940909769176,"24672,3214,1906",720575940927269708,"23751,4351,1605",720575940882093178,83.213137
720575940909769176,"24672,3214,1906",720575940881780816,"27295,4519,1330",720575940899607728,17.617393
720575940909769176,"24672,3214,1906",720575940890729167,"29556,5160,1151",720575940894196379,8.257192
720575940909769176,"24672,3214,1906",720575940929722145,"32485,5455,1334",720575940919043143,78.970406
720575940909769176,"24672,3214,1906",720575940882092320,"44973,7063,1558",720575940869469147,0.000000
720575940909769176,"24672,3214,1906",720575940882092576,"44111,5787,1151",720575940908400644,29.821170
720575940909769176,"24672,3214,1906",720575940878946100,"13153,5700,2154",720575940917797795,67.382750
720575940909769176,"24672,3214,1906",720575940882093088,"24136,3911,1002",720575940869469403,53.032789
720575940909769176,"24672,3214,1906",720575940847560045,"41727,5321,1579",720575940905121334,0.000000
720575940909769176,"24672,3214,1906",720575940898736274,"20994,6297,2199",720575940884791610,0.000000
720575940894178664,"26656,3353,1553",720575940904099536,"29320,4453,1733",720575940881624259,0.000000
720575940894178664,"26656,3353,1553",720575940900924101,"24306,3929,1314",720575940903762211,289.325796
720575940894178664,"26656,3353,1553",720575940911437161,"27344,3514,1565",720575940878345595,151.527960
720575940894178664,"26656,3353,1553",720575940932822676,"22490,3798,2283",720575940924205189,103.176333
720575940894178664,"26656,3353,1553",720575940898806193,"24461,3600,2248",720575940885439590,178.642953
720575940894178664,"26656,3353,1553",720575940905063126,"30532,4598,1070",720575940898889927,73.530500
720575940894178664,"26656,3353,1553",720575940890101684,"25384,4074,1605",720575940883908636,152.807217
720575940894178664,"26656,3353,1553",720575940890209582,"21636,4289,2083",720575940888829455,0.000000
720575940894178664,"26656,3353,1553",720575940927269708,"23751,4351,1605",720575940882093178,47.353677
720575940894178664,"26656,3353,1553",720575940881780816,"27295,4519,1330",720575940899607728,103.396550
720575940894178664,"26656,3353,1553",720575940890729167,"29556,5160,1151",720575940894196379,124.584380
720575940894178664,"26656,3353,1553",720575940929722145,"32485,5455,1334",720575940919043143,41.533039
720575940894178664,"26656,3353,1553",720575940882092320,"44973,7063,1558",720575940869469147,0.000000
720575940894178664,"26656,3353,1553",720575940882092576,"44111,5787,1151",720575940908400644,13.014232
720575940894178664,"26656,3353,1553",720575940878946100,"13153,5700,2154",720575940917797795,59.371491
720575940894178664,"26656,3353,1553",720575940882093088,"24136,3911,1002",720575940869469403,197.329918
720575940894178664,"26656,3353,1553",720575940847560045,"41727,5321,1579",720575940905121334,0.000000
720575940894178664,"26656,3353,1553",720575940898736274,"20994,6297,2199",720575940884791610,0.000000
720575940912535686,"29331,3275,1631",720575940904099536,"29320,4453,1733",720575940881624259,92.100460
720575940912535686,"29331,3275,1631",720575940900924101,"24306,3929,1314",720575940903762211,193.246796
720575940912535686,"29331,3275,1631",720575940911437161,"27344,3514,1565",720575940878345595,367.834570
720575940912535686,"29331,3275,1631",720575940932822676,"22490,3798,2283",720575940924205189,234.425501
720575940912535686,"29331,3275,1631",720575940898806193,"24461,3600,2248",720575940885439590,231.720093
720575940912535686,"29331,3275,1631",720575940905063126,"30532,4598,1070",720575940898889927,148.246961
720575940912535686,"29331,3275,1631",720575940890101684,"25384,4074,1605",720575940883908636,65.222309
720575940912535686,"29331,3275,1631",720575940890209582,"21636,4289,2083",720575940888829455,22.414810
720575940912535686,"29331,3275,1631",720575940927269708,"23751,4351,1605",720575940882093178,21.656488
720575940912535686,"29331,3275,1631",720575940881780816,"27295,4519,1330",720575940899607728,0.000000
720575940912535686,"29331,3275,1631",720575940890729167,"29556,5160,1151",720575940894196379,21.815593
720575940912535686,"29331,3275,1631",720575940929722145,"32485,5455,1334",720575940919043143,17.972881
720575940912535686,"29331,3275,1631",720575940882092320,"44973,7063,1558",720575940869469147,0.000000
720575940912535686,"29331,3275,1631",720575940882092576,"44111,5787,1151",720575940908400644,16.698137
720575940912535686,"29331,3275,1631",720575940878946100,"13153,5700,2154",720575940917797795,42.171380
720575940912535686,"29331,3275,1631",720575940882093088,"24136,3911,1002",720575940869469403,33.113410
720575940912535686,"29331,3275,1631",720575940847560045,"41727,5321,1579",720575940905121334,0.000000
720575940912535686,"29331,3275,1631",720575940898736274,"20994,6297,2199",720575940884791610,0.000000
720575940918750769,"26136,3247,1701",720575940904099536,"29320,4453,1733",720575940881624259,210.402667
720575940918750769,"26136,3247,1701",720575940900924101,"24306,3929,1314",720575940903762211,163.936093
720575940918750769,"26136,3247,1701",720575940911437161,"27344,3514,1565",720575940878345595,210.202610
720575940918750769,"26136,3247,1701",720575940932822676,"22490,3798,2283",720575940924205189,252.472754
720575940918750769,"26136,3247,1701",720575940898806193,"24461,3600,2248",720575940885439590,536.106453
720575940918750769,"26136,3247,1701",720575940905063126,"30532,4598,1070",720575940898889927,246.622036
720575940918750769,"26136,3247,1701",720575940890101684,"25384,4074,1605",720575940883908636,10.069353
720575940918750769,"26136,3247,1701",720575940890209582,"21636,4289,2083",720575940888829455,73.977499
720575940918750769,"26136,3247,1701",720575940927269708,"23751,4351,1605",720575940882093178,144.537650
720575940918750769,"26136,3247,1701",720575940881780816,"27295,4519,1330",720575940899607728,31.103581
720575940918750769,"26136,3247,1701",720575940890729167,"29556,5160,1151",720575940894196379,0.000000
720575940918750769,"26136,3247,1701",720575940929722145,"32485,5455,1334",720575940919043143,31.721248
720575940918750769,"26136,3247,1701",720575940882092320,"44973,7063,1558",720575940869469147,0.000000
720575940918750769,"26136,3247,1701",720575940882092576,"44111,5787,1151",720575940908400644,10.646744
720575940918750769,"26136,3247,1701",720575940878946100,"13153,5700,2154",720575940917797795,121.558212
720575940918750769,"26136,3247,1701",720575940882093088,"24136,3911,1002",720575940869469403,135.699424
720575940918750769,"26136,3247,1701",720575940847560045,"41727,5321,1579",720575940905121334,0.000000
720575940918750769,"26136,3247,1701",720575940898736274,"20994,6297,2199",720575940884791610,0.000000
720575940899153235,"23499,4406,1901",720575940904099536,"29320,4453,1733",720575940881624259,0.000000
720575940899153235,"23499,4406,1901",720575940900924101,"24306,3929,1314",720575940903762211,228.348655
720575940899153235,"23499,4406,1901",720575940911437161,"27344,3514,1565",720575940878345595,92.677177
720575940899153235,"23499,4406,1901",720575940932822676,"22490,3798,2283",720575940924205189,72.284840
720575940899153235,"23499,4406,1901",720575940898806193,"24461,3600,2248",720575940885439590,163.042564
720575940899153235,"23499,4406,1901",720575940905063126,"30532,4598,1070",720575940898889927,260.306413
720575940899153235,"23499,4406,1901",720575940890101684,"25384,4074,1605",720575940883908636,69.383743
720575940899153235,"23499,4406,1901",720575940890209582,"21636,4289,2083",720575940888829455,0.000000
720575940899153235,"23499,4406,1901",720575940927269708,"23751,4351,1605",720575940882093178,172.966889
720575940899153235,"23499,4406,1901",720575940881780816,"27295,4519,1330",720575940899607728,36.875181
720575940899153235,"23499,4406,1901",720575940890729167,"29556,5160,1151",720575940894196379,22.778002
720575940899153235,"23499,4406,1901",720575940929722145,"32485,5455,1334",720575940919043143,127.852063
720575940899153235,"23499,4406,1901",720575940882092320,"44973,7063,1558",720575940869469147,0.000000
720575940899153235,"23499,4406,1901",720575940882092576,"44111,5787,1151",720575940908400644,15.271883
720575940899153235,"23499,4406,1901",720575940878946100,"13153,5700,2154",720575940917797795,35.029580
720575940899153235,"23499,4406,1901",720575940882093088,"24136,3911,1002",720575940869469403,66.320841
720575940899153235,"23499,4406,1901",720575940847560045,"41727,5321,1579",720575940905121334,0.000000
720575940899153235,"23499,4406,1901",720575940898736274,"20994,6297,2199",720575940884791610,0.000000
720575940905061686,"23328,4595,2001",720575940904099536,"29320,4453,1733",720575940881624259,368.122754
720575940905061686,"23328,4595,2001",720575940900924101,"24306,3929,1314",720575940903762211,271.302960
720575940905061686,"23328,4595,2001",720575940911437161,"27344,3514,1565",720575940878345595,127.238257
720575940905061686,"23328,4595,2001",720575940932822676,"22490,3798,2283",720575940924205189,364.835645
720575940905061686,"23328,4595,2001",720575940898806193,"24461,3600,2248",720575940885439590,274.646207
720575940905061686,"23328,4595,2001",720575940905063126,"30532,4598,1070",720575940898889927,116.938097
720575940905061686,"23328,4595,2001",720575940890101684,"25384,4074,1605",720575940883908636,32.131142
720575940905061686,"23328,4595,2001",720575940890209582,"21636,4289,2083",720575940888829455,14.941151
720575940905061686,"23328,4595,2001",720575940927269708,"23751,4351,1605",720575940882093178,16.975785
720575940905061686,"23328,4595,2001",720575940881780816,"27295,4519,1330",720575940899607728,102.603665
720575940905061686,"23328,4595,2001",720575940890729167,"29556,5160,1151",720575940894196379,15.472614
720575940905061686,"23328,4595,2001",720575940929722145,"32485,5455,1334",720575940919043143,19.904120
720575940905061686,"23328,4595,2001",720575940882092320,"44973,7063,1558",720575940869469147,0.000000
720575940905061686,"23328,4595,2001",720575940882092576,"44111,5787,1151",720575940908400644,0.000000
720575940905061686,"23328,4595,2001",720575940878946100,"13153,5700,2154",720575940917797795,37.673496
720575940905061686,"23328,4595,2001",720575940882093088,"24136,3911,1002",720575940869469403,102.870364
720575940905061686,"23328,4595,2001",720575940847560045,"41727,5321,1579",720575940905121334,0.000000
720575940905061686,"23328,4595,2001",720575940898736274,"20994,6297,2199",720575940884791610,0.000000
720575940908386564,"24082,4044,1651",720575940904099536,"29320,4453,1733",720575940881624259,18.447681
720575940908386564,"24082,4044,1651",720575940900924101,"24306,3929,1314",720575940903762211,197.438634
720575940908386564,"24082,4044,1651",720575940911437161,"27344,3514,1565",720575940878345595,175.743990
720575940908386564,"24082,4044,1651",720575940932822676,"22490,3798,2283",720575940924205189,64.687646
720575940908386564,"24082,4044,1651",720575940898806193,"24461,3600,2248",720575940885439590,199.098542
720575940908386564,"24082,4044,1651",720575940905063126,"30532,4598,1070",720575940898889927,264.400352
720575940908386564,"24082,4044,1651",720575940890101684,"25384,4074,1605",720575940883908636,157.220562
720575940908386564,"24082,4044,1651",720575940890209582,"21636,4289,2083",720575940888829455,0.000000
720575940908386564,"24082,4044,1651",720575940927269708,"23751,4351,1605",720575940882093178,224.302807
720575940908386564,"24082,4044,1651",720575940881780816,"27295,4519,1330",720575940899607728,27.637992
720575940908386564,"24082,4044,1651",720575940890729167,"29556,5160,1151",720575940894196379,67.535759
720575940908386564,"24082,4044,1651",720575940929722145,"32485,5455,1334",720575940919043143,117.335926
720575940908386564,"24082,4044,1651",720575940882092320,"44973,7063,1558",720575940869469147,0.000000
720575940908386564,"24082,4044,1651",720575940882092576,"44111,5787,1151",720575940908400644,13.014232
720575940908386564,"24082,4044,1651",720575940878946100,"13153,5700,2154",720575940917797795,88.163008
720575940908386564,"24082,4044,1651",720575940882093088,"24136,3911,1002",720575940869469403,129.991727
720575940908386564,"24082,4044,1651",720575940847560045,"41727,5321,1579",720575940905121334,0.000000
720575940908386564,"24082,4044,1651",720575940898736274,"20994,6297,2199",720575940884791610,0.000000
720575940895353262,"28209,3839,1501",720575940904099536,"29320,4453,1733",720575940881624259,65.074723
720575940895353262,"28209,3839,1501",720575940900924101,"24306,3929,1314",720575940903762211,291.204993
720575940895353262,"28209,3839,1501",720575940911437161,"27344,3514,1565",720575940878345595,245.048088
720575940895353262,"28209,3839,1501",720575940932822676,"22490,3798,2283",720575940924205189,228.964574
720575940895353262,"28209,3839,1501",720575940898806193,"24461,3600,2248",720575940885439590,210.515249
720575940895353262,"28209,3839,1501",720575940905063126,"30532,4598,1070",720575940898889927,90.365337
720575940895353262,"28209,3839,1501",720575940890101684,"25384,4074,1605",720575940883908636,423.802585
720575940895353262,"28209,3839,1501",720575940890209582,"21636,4289,2083",720575940888829455,10.687255
720575940895353262,"28209,3839,1501",720575940927269708,"23751,4351,1605",720575940882093178,143.659593
720575940895353262,"28209,3839,1501",720575940881780816,"27295,4519,1330",720575940899607728,239.432805
720575940895353262,"28209,3839,1501",720575940890729167,"29556,5160,1151",720575940894196379,156.897305
720575940895353262,"28209,3839,1501",720575940929722145,"32485,5455,1334",720575940919043143,37.004442
720575940895353262,"28209,3839,1501",720575940882092320,"44973,7063,1558",720575940869469147,0.000000
720575940895353262,"28209,3839,1501",720575940882092576,"44111,5787,1151",720575940908400644,26.115306
720575940895353262,"28209,3839,1501",720575940878946100,"13153,5700,2154",720575940917797795,198.137022
720575940895353262,"28209,3839,1501",720575940882093088,"24136,3911,1002",720575940869469403,242.935776
720575940895353262,"28209,3839,1501",720575940847560045,"41727,5321,1579",720575940905121334,0.000000
720575940895353262,"28209,3839,1501",720575940898736274,"20994,6297,2199",720575940884791610,0.000000
720575940916016480,"25082,3347,1751",720575940904099536,"29320,4453,1733",720575940881624259,17.939028
720575940916016480,"25082,3347,1751",720575940900924101,"24306,3929,1314",720575940903762211,480.205561
720575940916016480,"25082,3347,1751",720575940911437161,"27344,3514,1565",720575940878345595,186.711321
720575940916016480,"25082,3347,1751",720575940932822676,"22490,3798,2283",720575940924205189,159.062105
720575940916016480,"25082,3347,1751",720575940898806193,"24461,3600,2248",720575940885439590,288.399089
720575940916016480,"25082,3347,1751",720575940905063126,"30532,4598,1070",720575940898889927,377.349121
720575940916016480,"25082,3347,1751",720575940890101684,"25384,4074,1605",720575940883908636,302.861452
720575940916016480,"25082,3347,1751",720575940890209582,"21636,4289,2083",720575940888829455,28.830377
720575940916016480,"25082,3347,1751",720575940927269708,"23751,4351,1605",720575940882093178,309.805205
720575940916016480,"25082,3347,1751",720575940881780816,"27295,4519,1330",720575940899607728,65.276454
720575940916016480,"25082,3347,1751",720575940890729167,"29556,5160,1151",720575940894196379,286.726088
720575940916016480,"25082,3347,1751",720575940929722145,"32485,5455,1334",720575940919043143,187.652818
720575940916016480,"25082,3347,1751",720575940882092320,"44973,7063,1558",720575940869469147,0.000000
720575940916016480,"25082,3347,1751",720575940882092576,"44111,5787,1151",720575940908400644,37.727004
720575940916016480,"25082,3347,1751",720575940878946100,"13153,5700,2154",720575940917797795,107.360815
720575940916016480,"25082,3347,1751",720575940882093088,"24136,3911,1002",720575940869469403,269.913924
720575940916016480,"25082,3347,1751",720575940847560045,"41727,5321,1579",720575940905121334,0.000000
720575940916016480,"25082,3347,1751",720575940898736274,"20994,6297,2199",720575940884791610,0.000000
720575940896736698,"25900,4921,1401",720575940904099536,"29320,4453,1733",720575940881624259,0.000000
720575940896736698,"25900,4921,1401",720575940900924101,"24306,3929,1314",720575940903762211,296.998103
720575940896736698,"25900,4921,1401",720575940911437161,"27344,3514,1565",720575940878345595,144.383343
720575940896736698,"25900,4921,1401",720575940932822676,"22490,3798,2283",720575940924205189,50.305544
720575940896736698,"25900,4921,1401",720575940898806193,"24461,3600,2248",720575940885439590,35.681751
720575940896736698,"25900,4921,1401",720575940905063126,"30532,4598,1070",720575940898889927,56.369756
720575940896736698,"25900,4921,1401",720575940890101684,"25384,4074,1605",720575940883908636,296.611092
720575940896736698,"25900,4921,1401",720575940890209582,"21636,4289,2083",720575940888829455,5.170008
720575940896736698,"25900,4921,1401",720575940927269708,"23751,4351,1605",720575940882093178,240.380910
720575940896736698,"25900,4921,1401",720575940881780816,"27295,4519,1330",720575940899607728,110.335806
720575940896736698,"25900,4921,1401",720575940890729167,"29556,5160,1151",720575940894196379,222.276640
720575940896736698,"25900,4921,1401",720575940929722145,"32485,5455,1334",720575940919043143,0.000000
720575940896736698,"25900,4921,1401",720575940882092320,"44973,7063,1558",720575940869469147,0.000000
720575940896736698,"25900,4921,1401",720575940882092576,"44111,5787,1151",720575940908400644,66.950333
720575940896736698,"25900,4921,1401",720575940878946100,"13153,5700,2154",720575940917797795,143.175813
720575940896736698,"25900,4921,1401",720575940882093088,"24136,3911,1002",720575940869469403,291.174869
720575940896736698,"25900,4921,1401",720575940847560045,"41727,5321,1579",720575940905121334,0.000000
720575940896736698,"25900,4921,1401",720575940898736274,"20994,6297,2199",720575940884791610,0.000000
720575940927109144,"28146,3085,1601",720575940904099536,"29320,4453,1733",720575940881624259,221.695133
720575940927109144,"28146,3085,1601",720575940900924101,"24306,3929,1314",720575940903762211,1007.608371
720575940927109144,"28146,3085,1601",720575940911437161,"27344,3514,1565",720575940878345595,446.608848
720575940927109144,"28146,3085,1601",720575940932822676,"22490,3798,2283",720575940924205189,377.538583
720575940927109144,"28146,3085,1601",720575940898806193,"24461,3600,2248",720575940885439590,804.975228
720575940927109144,"28146,3085,1601",720575940905063126,"30532,4598,1070",720575940898889927,295.047734
720575940927109144,"28146,3085,1601",720575940890101684,"25384,4074,1605",720575940883908636,409.788456
720575940927109144,"28146,3085,1601",720575940890209582,"21636,4289,2083",720575940888829455,12.874730
720575940927109144,"28146,3085,1601",720575940927269708,"23751,4351,1605",720575940882093178,312.975721
720575940927109144,"28146,3085,1601",720575940881780816,"27295,4519,1330",720575940899607728,212.426785
720575940927109144,"28146,3085,1601",720575940890729167,"29556,5160,1151",720575940894196379,181.889277
720575940927109144,"28146,3085,1601",720575940929722145,"32485,5455,1334",720575940919043143,176.971888
720575940927109144,"28146,3085,1601",720575940882092320,"44973,7063,1558",720575940869469147,0.000000
720575940927109144,"28146,3085,1601",720575940882092576,"44111,5787,1151",720575940908400644,139.913004
720575940927109144,"28146,3085,1601",720575940878946100,"13153,5700,2154",720575940917797795,113.295619
720575940927109144,"28146,3085,1601",720575940882093088,"24136,3911,1002",720575940869469403,605.800056
720575940927109144,"28146,3085,1601",720575940847560045,"41727,5321,1579",720575940905121334,0.000000
720575940927109144,"28146,3085,1601",720575940898736274,"20994,6297,2199",720575940884791610,0.000000
720575940893395733,"23540,3581,1701",720575940904099536,"29320,4453,1733",720575940881624259,328.261700
720575940893395733,"23540,3581,1701",720575940900924101,"24306,3929,1314",720575940903762211,703.701116
720575940893395733,"23540,3581,1701",720575940911437161,"27344,3514,1565",720575940878345595,359.700856
720575940893395733,"23540,3581,1701",720575940932822676,"22490,3798,2283",720575940924205189,611.293941
720575940893395733,"23540,3581,1701",720575940898806193,"24461,3600,2248",720575940885439590,950.204719
720575940893395733,"23540,3581,1701",720575940905063126,"30532,4598,1070",720575940898889927,432.117972
720575940893395733,"23540,3581,1701",720575940890101684,"25384,4074,1605",720575940883908636,244.759713
720575940893395733,"23540,3581,1701",720575940890209582,"21636,4289,2083",720575940888829455,66.039638
720575940893395733,"23540,3581,1701",720575940927269708,"23751,4351,1605",720575940882093178,237.228553
720575940893395733,"23540,3581,1701",720575940881780816,"27295,4519,1330",720575940899607728,105.830668
720575940893395733,"23540,3581,1701",720575940890729167,"29556,5160,1151",720575940894196379,197.794518
720575940893395733,"23540,3581,1701",720575940929722145,"32485,5455,1334",720575940919043143,228.677500
720575940893395733,"23540,3581,1701",720575940882092320,"44973,7063,1558",720575940869469147,0.000000
720575940893395733,"23540,3581,1701",720575940882092576,"44111,5787,1151",720575940908400644,93.613489
720575940893395733,"23540,3581,1701",720575940878946100,"13153,5700,2154",720575940917797795,86.065497
720575940893395733,"23540,3581,1701",720575940882093088,"24136,3911,1002",720575940869469403,411.666576
720575940893395733,"23540,3581,1701",720575940847560045,"41727,5321,1579",720575940905121334,0.000000
720575940893395733,"23540,3581,1701",720575940898736274,"20994,6297,2199",720575940884791610,0.000000
720575940903370509,"27381,4018,1401",720575940904099536,"29320,4453,1733",720575940881624259,95.365553
720575940903370509,"27381,4018,1401",720575940900924101,"24306,3929,1314",720575940903762211,663.814187
720575940903370509,"27381,4018,1401",720575940911437161,"27344,3514,1565",720575940878345595,236.507401
720575940903370509,"27381,4018,1401",720575940932822676,"22490,3798,2283",720575940924205189,180.038745
720575940903370509,"27381,4018,1401",720575940898806193,"24461,3600,2248",720575940885439590,246.067067
720575940903370509,"27381,4018,1401",720575940905063126,"30532,4598,1070",720575940898889927,203.110489
720575940903370509,"27381,4018,1401",720575940890101684,"25384,4074,1605",720575940883908636,424.932363
720575940903370509,"27381,4018,1401",720575940890209582,"21636,4289,2083",720575940888829455,0.000000
720575940903370509,"27381,4018,1401",720575940927269708,"23751,4351,1605",720575940882093178,147.809234
720575940903370509,"27381,4018,1401",720575940881780816,"27295,4519,1330",720575940899607728,162.477802
720575940903370509,"27381,4018,1401",720575940890729167,"29556,5160,1151",720575940894196379,104.448351
720575940903370509,"27381,4018,1401",720575940929722145,"32485,5455,1334",720575940919043143,22.811226
720575940903370509,"27381,4018,1401",720575940882092320,"44973,7063,1558",720575940869469147,0.000000
720575940903370509,"27381,4018,1401",720575940882092576,"44111,5787,1151",720575940908400644,29.066377
720575940903370509,"27381,4018,1401",720575940878946100,"13153,5700,2154",720575940917797795,136.726138
720575940903370509,"27381,4018,1401",720575940882093088,"24136,3911,1002",720575940869469403,324.277020
720575940903370509,"27381,4018,1401",720575940847560045,"41727,5321,1579",720575940905121334,0.000000
720575940903370509,"27381,4018,1401",720575940898736274,"20994,6297,2199",720575940884791610,0.000000
720575940897460886,"24040,4466,2001",720575940904099536,"29320,4453,1733",720575940881624259,234.358252
720575940897460886,"24040,4466,2001",720575940900924101,"24306,3929,1314",720575940903762211,363.809353
720575940897460886,"24040,4466,2001",720575940911437161,"27344,3514,1565",720575940878345595,268.252200
720575940897460886,"24040,4466,2001",720575940932822676,"22490,3798,2283",720575940924205189,397.757478
720575940897460886,"24040,4466,2001",720575940898806193,"24461,3600,2248",720575940885439590,479.830700
720575940897460886,"24040,4466,2001",720575940905063126,"30532,4598,1070",720575940898889927,443.525015
720575940897460886,"24040,4466,2001",720575940890101684,"25384,4074,1605",720575940883908636,193.820254
720575940897460886,"24040,4466,2001",720575940890209582,"21636,4289,2083",720575940888829455,239.219583
720575940897460886,"24040,4466,2001",720575940927269708,"23751,4351,1605",720575940882093178,329.037330
720575940897460886,"24040,4466,2001",720575940881780816,"27295,4519,1330",720575940899607728,181.286622
720575940897460886,"24040,4466,2001",720575940890729167,"29556,5160,1151",720575940894196379,110.373830
720575940897460886,"24040,4466,2001",720575940929722145,"32485,5455,1334",720575940919043143,261.111373
720575940897460886,"24040,4466,2001",720575940882092320,"44973,7063,1558",720575940869469147,0.000000
720575940897460886,"24040,4466,2001",720575940882092576,"44111,5787,1151",720575940908400644,64.097309
720575940897460886,"24040,4466,2001",720575940878946100,"13153,5700,2154",720575940917797795,63.885504
720575940897460886,"24040,4466,2001",720575940882093088,"24136,3911,1002",720575940869469403,140.826015
720575940897460886,"24040,4466,2001",720575940847560045,"41727,5321,1579",720575940905121334,21.671402
720575940897460886,"24040,4466,2001",720575940898736274,"20994,6297,2199",720575940884791610,7.261120
720575940881935355,"23984,4629,1751",720575940904099536,"29320,4453,1733",720575940881624259,154.614707
720575940881935355,"23984,4629,1751",720575940900924101,"24306,3929,1314",720575940903762211,428.337171
720575940881935355,"23984,4629,1751",720575940911437161,"27344,3514,1565",720575940878345595,246.083439
720575940881935355,"23984,4629,1751",720575940932822676,"22490,3798,2283",720575940924205189,158.363376
720575940881935355,"23984,4629,1751",720575940898806193,"24461,3600,2248",720575940885439590,493.067596
720575940881935355,"23984,4629,1751",720575940905063126,"30532,4598,1070",720575940898889927,203.382565
720575940881935355,"23984,4629,1751",720575940890101684,"25384,4074,1605",720575940883908636,375.011487
720575940881935355,"23984,4629,1751",720575940890209582,"21636,4289,2083",720575940888829455,285.015721
720575940881935355,"23984,4629,1751",720575940927269708,"23751,4351,1605",720575940882093178,282.251034
720575940881935355,"23984,4629,1751",720575940881780816,"27295,4519,1330",720575940899607728,206.932893
720575940881935355,"23984,4629,1751",720575940890729167,"29556,5160,1151",720575940894196379,200.651509
720575940881935355,"23984,4629,1751",720575940929722145,"32485,5455,1334",720575940919043143,397.257738
720575940881935355,"23984,4629,1751",720575940882092320,"44973,7063,1558",720575940869469147,27.374246
720575940881935355,"23984,4629,1751",720575940882092576,"44111,5787,1151",720575940908400644,30.932996
720575940881935355,"23984,4629,1751",720575940878946100,"13153,5700,2154",720575940917797795,133.435976
720575940881935355,"23984,4629,1751",720575940882093088,"24136,3911,1002",720575940869469403,227.054645
720575940881935355,"23984,4629,1751",720575940847560045,"41727,5321,1579",720575940905121334,83.032895
720575940881935355,"23984,4629,1751",720575940898736274,"20994,6297,2199",720575940884791610,38.728302
720575940869443690,"23054,4753,2001",720575940904099536,"29320,4453,1733",720575940881624259,395.031687
720575940869443690,"23054,4753,2001",720575940900924101,"24306,3929,1314",720575940903762211,528.623506
720575940869443690,"23054,4753,2001",720575940911437161,"27344,3514,1565",720575940878345595,216.655727
720575940869443690,"23054,4753,2001",720575940932822676,"22490,3798,2283",720575940924205189,356.051705
720575940869443690,"23054,4753,2001",720575940898806193,"24461,3600,2248",720575940885439590,445.852671
720575940869443690,"23054,4753,2001",720575940905063126,"30532,4598,1070",720575940898889927,225.114735
720575940869443690,"23054,4753,2001",720575940890101684,"25384,4074,1605",720575940883908636,504.247750
720575940869443690,"23054,4753,2001",720575940890209582,"21636,4289,2083",720575940888829455,196.744592
720575940869443690,"23054,4753,2001",720575940927269708,"23751,4351,1605",720575940882093178,388.358817
720575940869443690,"23054,4753,2001",720575940881780816,"27295,4519,1330",720575940899607728,227.517798
720575940869443690,"23054,4753,2001",720575940890729167,"29556,5160,1151",720575940894196379,363.911326
720575940869443690,"23054,4753,2001",720575940929722145,"32485,5455,1334",720575940919043143,390.541197
720575940869443690,"23054,4753,2001",720575940882092320,"44973,7063,1558",720575940869469147,37.397598
720575940869443690,"23054,4753,2001",720575940882092576,"44111,5787,1151",720575940908400644,50.626821
720575940869443690,"23054,4753,2001",720575940878946100,"13153,5700,2154",720575940917797795,192.037144
720575940869443690,"23054,4753,2001",720575940882093088,"24136,3911,1002",720575940869469403,215.472112
720575940869443690,"23054,4753,2001",720575940847560045,"41727,5321,1579",720575940905121334,17.508137
720575940869443690,"23054,4753,2001",720575940898736274,"20994,6297,2199",720575940884791610,50.677998
720575940937848237,"27879,4164,1951",720575940904099536,"29320,4453,1733",720575940881624259,234.652731
720575940937848237,"27879,4164,1951",720575940900924101,"24306,3929,1314",720575940903762211,0.000000
720575940937848237,"27879,4164,1951",720575940911437161,"27344,3514,1565",720575940878345595,81.910321
720575940937848237,"27879,4164,1951",720575940932822676,"22490,3798,2283",720575940924205189,5.907414
720575940937848237,"27879,4164,1951",720575940898806193,"24461,3600,2248",720575940885439590,15.486768
720575940937848237,"27879,4164,1951",720575940905063126,"30532,4598,1070",720575940898889927,0.000000
720575940937848237,"27879,4164,1951",720575940890101684,"25384,4074,1605",720575940883908636,68.911639
720575940937848237,"27879,4164,1951",720575940890209582,"21636,4289,2083",720575940888829455,121.666492
720575940937848237,"27879,4164,1951",720575940927269708,"23751,4351,1605",720575940882093178,9.768653
720575940937848237,"27879,4164,1951",720575940881780816,"27295,4519,1330",720575940899607728,75.454232
720575940937848237,"27879,4164,1951",720575940890729167,"29556,5160,1151",720575940894196379,17.055356
720575940937848237,"27879,4164,1951",720575940929722145,"32485,5455,1334",720575940919043143,6.487694
720575940937848237,"27879,4164,1951",720575940882092320,"44973,7063,1558",720575940869469147,0.000000
720575940937848237,"27879,4164,1951",720575940882092576,"44111,5787,1151",720575940908400644,39.089369
720575940937848237,"27879,4164,1951",720575940878946100,"13153,5700,2154",720575940917797795,156.992407
720575940937848237,"27879,4164,1951",720575940882093088,"24136,3911,1002",720575940869469403,0.000000
720575940937848237,"27879,4164,1951",720575940847560045,"41727,5321,1579",720575940905121334,17.864007
720575940937848237,"27879,4164,1951",720575940898736274,"20994,6297,2199",720575940884791610,0.000000
720575940891183798,"25609,4439,1801",720575940904099536,"29320,4453,1733",720575940881624259,264.752686
720575940891183798,"25609,4439,1801",720575940900924101,"24306,3929,1314",720575940903762211,272.281686
720575940891183798,"25609,4439,1801",720575940911437161,"27344,3514,1565",720575940878345595,143.834925
720575940891183798,"25609,4439,1801",720575940932822676,"22490,3798,2283",720575940924205189,263.403909
720575940891183798,"25609,4439,1801",720575940898806193,"24461,3600,2248",720575940885439590,334.664453
720575940891183798,"25609,4439,1801",720575940905063126,"30532,4598,1070",720575940898889927,216.279439
720575940891183798,"25609,4439,1801",720575940890101684,"25384,4074,1605",720575940883908636,340.970108
720575940891183798,"25609,4439,1801",720575940890209582,"21636,4289,2083",720575940888829455,335.306656
720575940891183798,"25609,4439,1801",720575940927269708,"23751,4351,1605",720575940882093178,227.801731
720575940891183798,"25609,4439,1801",720575940881780816,"27295,4519,1330",720575940899607728,329.280696
720575940891183798,"25609,4439,1801",720575940890729167,"29556,5160,1151",720575940894196379,210.232076
720575940891183798,"25609,4439,1801",720575940929722145,"32485,5455,1334",720575940919043143,343.952190
720575940891183798,"25609,4439,1801",720575940882092320,"44973,7063,1558",720575940869469147,24.151720
720575940891183798,"25609,4439,1801",720575940882092576,"44111,5787,1151",720575940908400644,24.983937
720575940891183798,"25609,4439,1801",720575940878946100,"13153,5700,2154",720575940917797795,65.670187
720575940891183798,"25609,4439,1801",720575940882093088,"24136,3911,1002",720575940869469403,180.945355
720575940891183798,"25609,4439,1801",720575940847560045,"41727,5321,1579",720575940905121334,127.902200
720575940891183798,"25609,4439,1801",720575940898736274,"20994,6297,2199",720575940884791610,56.708496
720575940924182661,"23810,4449,1551",720575940904099536,"29320,4453,1733",720575940881624259,0.000000
720575940924182661,"23810,4449,1551",720575940900924101,"24306,3929,1314",720575940903762211,289.341827
720575940924182661,"23810,4449,1551",720575940911437161,"27344,3514,1565",720575940878345595,169.025904
720575940924182661,"23810,4449,1551",720575940932822676,"22490,3798,2283",720575940924205189,70.308641
720575940924182661,"23810,4449,1551",720575940898806193,"24461,3600,2248",720575940885439590,49.361696
720575940924182661,"23810,4449,1551",720575940905063126,"30532,4598,1070",720575940898889927,101.864638
720575940924182661,"23810,4449,1551",720575940890101684,"25384,4074,1605",720575940883908636,648.423528
720575940924182661,"23810,4449,1551",720575940890209582,"21636,4289,2083",720575940888829455,72.622194
720575940924182661,"23810,4449,1551",720575940927269708,"23751,4351,1605",720575940882093178,408.587021
720575940924182661,"23810,4449,1551",720575940881780816,"27295,4519,1330",720575940899607728,262.310760
720575940924182661,"23810,4449,1551",720575940890729167,"29556,5160,1151",720575940894196379,351.361046
720575940924182661,"23810,4449,1551",720575940929722145,"32485,5455,1334",720575940919043143,48.297263
720575940924182661,"23810,4449,1551",720575940882092320,"44973,7063,1558",720575940869469147,0.000000
720575940924182661,"23810,4449,1551",720575940882092576,"44111,5787,1151",720575940908400644,26.607987
720575940924182661,"23810,4449,1551",720575940878946100,"13153,5700,2154",720575940917797795,411.219063
720575940924182661,"23810,4449,1551",720575940882093088,"24136,3911,1002",720575940869469403,455.166276
720575940924182661,"23810,4449,1551",720575940847560045,"41727,5321,1579",720575940905121334,46.125810
720575940924182661,"23810,4449,1551",720575940898736274,"20994,6297,2199",720575940884791610,0.000000
720575940900956101,"27443,4543,1701",720575940904099536,"29320,4453,1733",720575940881624259,363.634514
720575940900956101,"27443,4543,1701",720575940900924101,"24306,3929,1314",720575940903762211,289.438086
720575940900956101,"27443,4543,1701",720575940911437161,"27344,3514,1565",720575940878345595,230.724278
720575940900956101,"27443,4543,1701",720575940932822676,"22490,3798,2283",720575940924205189,242.253741
720575940900956101,"27443,4543,1701",720575940898806193,"24461,3600,2248",720575940885439590,307.645843
720575940900956101,"27443,4543,1701",720575940905063126,"30532,4598,1070",720575940898889927,515.340341
720575940900956101,"27443,4543,1701",720575940890101684,"25384,4074,1605",720575940883908636,609.218336
720575940900956101,"27443,4543,1701",720575940890209582,"21636,4289,2083",720575940888829455,333.309018
720575940900956101,"27443,4543,1701",720575940927269708,"23751,4351,1605",720575940882093178,393.127768
720575940900956101,"27443,4543,1701",720575940881780816,"27295,4519,1330",720575940899607728,447.766733
720575940900956101,"27443,4543,1701",720575940890729167,"29556,5160,1151",720575940894196379,412.729037
720575940900956101,"27443,4543,1701",720575940929722145,"32485,5455,1334",720575940919043143,509.570879
720575940900956101,"27443,4543,1701",720575940882092320,"44973,7063,1558",720575940869469147,23.042974
720575940900956101,"27443,4543,1701",720575940882092576,"44111,5787,1151",720575940908400644,56.307394
720575940900956101,"27443,4543,1701",720575940878946100,"13153,5700,2154",720575940917797795,92.183184
720575940900956101,"27443,4543,1701",720575940882093088,"24136,3911,1002",720575940869469403,216.621327
720575940900956101,"27443,4543,1701",720575940847560045,"41727,5321,1579",720575940905121334,31.047548
720575940900956101,"27443,4543,1701",720575940898736274,"20994,6297,2199",720575940884791610,46.078248
720575940902703006,"23497,4571,1701",720575940904099536,"29320,4453,1733",720575940881624259,72.452295
720575940902703006,"23497,4571,1701",720575940900924101,"24306,3929,1314",720575940903762211,292.192118
720575940902703006,"23497,4571,1701",720575940911437161,"27344,3514,1565",720575940878345595,58.118807
720575940902703006,"23497,4571,1701",720575940932822676,"22490,3798,2283",720575940924205189,124.910261
720575940902703006,"23497,4571,1701",720575940898806193,"24461,3600,2248",720575940885439590,156.272581
720575940902703006,"23497,4571,1701",720575940905063126,"30532,4598,1070",720575940898889927,118.835562
720575940902703006,"23497,4571,1701",720575940890101684,"25384,4074,1605",720575940883908636,326.230959
720575940902703006,"23497,4571,1701",720575940890209582,"21636,4289,2083",720575940888829455,192.878521
720575940902703006,"23497,4571,1701",720575940927269708,"23751,4351,1605",720575940882093178,243.040883
720575940902703006,"23497,4571,1701",720575940881780816,"27295,4519,1330",720575940899607728,63.526600
720575940902703006,"23497,4571,1701",720575940890729167,"29556,5160,1151",720575940894196379,272.741542
720575940902703006,"23497,4571,1701",720575940929722145,"32485,5455,1334",720575940919043143,193.806222
720575940902703006,"23497,4571,1701",720575940882092320,"44973,7063,1558",720575940869469147,39.330048
720575940902703006,"23497,4571,1701",720575940882092576,"44111,5787,1151",720575940908400644,94.987411
720575940902703006,"23497,4571,1701",720575940878946100,"13153,5700,2154",720575940917797795,69.282845
720575940902703006,"23497,4571,1701",720575940882093088,"24136,3911,1002",720575940869469403,128.526885
720575940902703006,"23497,4571,1701",720575940847560045,"41727,5321,1579",720575940905121334,17.682186
720575940902703006,"23497,4571,1701",720575940898736274,"20994,6297,2199",720575940884791610,0.000000
720575940861450226,"25365,5108,2051",720575940904099536,"29320,4453,1733",720575940881624259,380.412612
720575940861450226,"25365,5108,2051",720575940900924101,"24306,3929,1314",720575940903762211,11.791276
720575940861450226,"25365,5108,2051",720575940911437161,"27344,3514,1565",720575940878345595,84.649110
720575940861450226,"25365,5108,2051",720575940932822676,"22490,3798,2283",720575940924205189,0.000000
720575940861450226,"25365,5108,2051",720575940898806193,"24461,3600,2248",720575940885439590,8.405289
720575940861450226,"25365,5108,2051",720575940905063126,"30532,4598,1070",720575940898889927,26.678845
720575940861450226,"25365,5108,2051",720575940890101684,"25384,4074,1605",720575940883908636,249.745090
720575940861450226,"25365,5108,2051",720575940890209582,"21636,4289,2083",720575940888829455,348.577911
720575940861450226,"25365,5108,2051",720575940927269708,"23751,4351,1605",720575940882093178,113.115672
720575940861450226,"25365,5108,2051",720575940881780816,"27295,4519,1330",720575940899607728,114.008853
720575940861450226,"25365,5108,2051",720575940890729167,"29556,5160,1151",720575940894196379,44.787100
720575940861450226,"25365,5108,2051",720575940929722145,"32485,5455,1334",720575940919043143,91.906227
720575940861450226,"25365,5108,2051",720575940882092320,"44973,7063,1558",720575940869469147,6.311518
720575940861450226,"25365,5108,2051",720575940882092576,"44111,5787,1151",720575940908400644,61.050873
720575940861450226,"25365,5108,2051",720575940878946100,"13153,5700,2154",720575940917797795,190.255622
720575940861450226,"25365,5108,2051",720575940882093088,"24136,3911,1002",720575940869469403,23.398144
720575940861450226,"25365,5108,2051",720575940847560045,"41727,5321,1579",720575940905121334,261.945217
720575940861450226,"25365,5108,2051",720575940898736274,"20994,6297,2199",720575940884791610,22.576802
720575940888806490,"27062,5015,1901",720575940904099536,"29320,4453,1733",720575940881624259,830.833338
720575940888806490,"27062,5015,1901",720575940900924101,"24306,3929,1314",720575940903762211,0.000000
720575940888806490,"27062,5015,1901",720575940911437161,"27344,3514,1565",720575940878345595,70.138310
720575940888806490,"27062,5015,1901",720575940932822676,"22490,3798,2283",720575940924205189,49.020621
720575940888806490,"27062,5015,1901",720575940898806193,"24461,3600,2248",720575940885439590,35.145124
720575940888806490,"27062,5015,1901",720575940905063126,"30532,4598,1070",720575940898889927,35.592840
720575940888806490,"27062,5015,1901",720575940890101684,"25384,4074,1605",720575940883908636,362.459310
720575940888806490,"27062,5015,1901",720575940890209582,"21636,4289,2083",720575940888829455,630.206554
720575940888806490,"27062,5015,1901",720575940927269708,"23751,4351,1605",720575940882093178,148.861539
720575940888806490,"27062,5015,1901",720575940881780816,"27295,4519,1330",720575940899607728,244.244093
720575940888806490,"27062,5015,1901",720575940890729167,"29556,5160,1151",720575940894196379,57.895976
720575940888806490,"27062,5015,1901",720575940929722145,"32485,5455,1334",720575940919043143,140.267681
720575940888806490,"27062,5015,1901",720575940882092320,"44973,7063,1558",720575940869469147,132.381993
720575940888806490,"27062,5015,1901",720575940882092576,"44111,5787,1151",720575940908400644,86.269675
720575940888806490,"27062,5015,1901",720575940878946100,"13153,5700,2154",720575940917797795,203.725527
720575940888806490,"27062,5015,1901",720575940882093088,"24136,3911,1002",720575940869469403,99.447638
720575940888806490,"27062,5015,1901",720575940847560045,"41727,5321,1579",720575940905121334,558.052541
720575940888806490,"27062,5015,1901",720575940898736274,"20994,6297,2199",720575940884791610,138.390861
720575940883197911,"29792,4577,1801",720575940904099536,"29320,4453,1733",720575940881624259,303.826513
720575940883197911,"29792,4577,1801",720575940900924101,"24306,3929,1314",720575940903762211,10.055109
720575940883197911,"29792,4577,1801",720575940911437161,"27344,3514,1565",720575940878345595,157.496541
720575940883197911,"29792,4577,1801",720575940932822676,"22490,3798,2283",720575940924205189,20.031067
720575940883197911,"29792,4577,1801",720575940898806193,"24461,3600,2248",720575940885439590,75.387648
720575940883197911,"29792,4577,1801",720575940905063126,"30532,4598,1070",720575940898889927,96.453949
720575940883197911,"29792,4577,1801",720575940890101684,"25384,4074,1605",720575940883908636,192.503309
720575940883197911,"29792,4577,1801",720575940890209582,"21636,4289,2083",720575940888829455,282.939955
720575940883197911,"29792,4577,1801",720575940927269708,"23751,4351,1605",720575940882093178,285.172443
720575940883197911,"29792,4577,1801",720575940881780816,"27295,4519,1330",720575940899607728,134.440880
720575940883197911,"29792,4577,1801",720575940890729167,"29556,5160,1151",720575940894196379,34.215413
720575940883197911,"29792,4577,1801",720575940929722145,"32485,5455,1334",720575940919043143,76.814616
720575940883197911,"29792,4577,1801",720575940882092320,"44973,7063,1558",720575940869469147,0.000000
720575940883197911,"29792,4577,1801",720575940882092576,"44111,5787,1151",720575940908400644,0.000000
720575940883197911,"29792,4577,1801",720575940878946100,"13153,5700,2154",720575940917797795,198.130403
720575940883197911,"29792,4577,1801",720575940882093088,"24136,3911,1002",720575940869469403,16.439559
720575940883197911,"29792,4577,1801",720575940847560045,"41727,5321,1579",720575940905121334,192.731851
720575940883197911,"29792,4577,1801",720575940898736274,"20994,6297,2199",720575940884791610,11.944856
720575940878956340,"25910,4602,1701",720575940904099536,"29320,4453,1733",720575940881624259,150.890413
720575940878956340,"25910,4602,1701",720575940900924101,"24306,3929,1314",720575940903762211,533.023013
720575940878956340,"25910,4602,1701",720575940911437161,"27344,3514,1565",720575940878345595,127.134876
720575940878956340,"25910,4602,1701",720575940932822676,"22490,3798,2283",720575940924205189,211.239573
720575940878956340,"25910,4602,1701",720575940898806193,"24461,3600,2248",720575940885439590,289.718528
720575940878956340,"25910,4602,1701",720575940905063126,"30532,4598,1070",720575940898889927,310.048072
720575940878956340,"25910,4602,1701",720575940890101684,"25384,4074,1605",720575940883908636,651.529582
720575940878956340,"25910,4602,1701",720575940890209582,"21636,4289,2083",720575940888829455,241.376585
720575940878956340,"25910,4602,1701",720575940927269708,"23751,4351,1605",720575940882093178,344.427797
720575940878956340,"25910,4602,1701",720575940881780816,"27295,4519,1330",720575940899607728,539.235563
720575940878956340,"25910,4602,1701",720575940890729167,"29556,5160,1151",720575940894196379,446.642234
720575940878956340,"25910,4602,1701",720575940929722145,"32485,5455,1334",720575940919043143,301.356665
720575940878956340,"25910,4602,1701",720575940882092320,"44973,7063,1558",720575940869469147,12.152155
720575940878956340,"25910,4602,1701",720575940882092576,"44111,5787,1151",720575940908400644,34.742658
720575940878956340,"25910,4602,1701",720575940878946100,"13153,5700,2154",720575940917797795,132.161785
720575940878956340,"25910,4602,1701",720575940882093088,"24136,3911,1002",720575940869469403,328.102211
720575940878956340,"25910,4602,1701",720575940847560045,"41727,5321,1579",720575940905121334,52.613654
720575940878956340,"25910,4602,1701",720575940898736274,"20994,6297,2199",720575940884791610,90.141676
720575940912929024,"29251,4671,1601",720575940904099536,"29320,4453,1733",720575940881624259,156.564186
720575940912929024,"29251,4671,1601",720575940900924101,"24306,3929,1314",720575940903762211,156.540113
720575940912929024,"29251,4671,1601",720575940911437161,"27344,3514,1565",720575940878345595,264.882167
720575940912929024,"29251,4671,1601",720575940932822676,"22490,3798,2283",720575940924205189,215.108067
720575940912929024,"29251,4671,1601",720575940898806193,"24461,3600,2248",720575940885439590,211.641687
720575940912929024,"29251,4671,1601",720575940905063126,"30532,4598,1070",720575940898889927,416.212123
720575940912929024,"29251,4671,1601",720575940890101684,"25384,4074,1605",720575940883908636,549.447609
720575940912929024,"29251,4671,1601",720575940890209582,"21636,4289,2083",720575940888829455,341.266858
720575940912929024,"29251,4671,1601",720575940927269708,"23751,4351,1605",720575940882093178,571.689981
720575940912929024,"29251,4671,1601",720575940881780816,"27295,4519,1330",720575940899607728,854.651845
720575940912929024,"29251,4671,1601",720575940890729167,"29556,5160,1151",720575940894196379,328.656987
720575940912929024,"29251,4671,1601",720575940929722145,"32485,5455,1334",720575940919043143,510.261421
720575940912929024,"29251,4671,1601",720575940882092320,"44973,7063,1558",720575940869469147,22.018987
720575940912929024,"29251,4671,1601",720575940882092576,"44111,5787,1151",720575940908400644,69.526521
720575940912929024,"29251,4671,1601",720575940878946100,"13153,5700,2154",720575940917797795,237.641189
720575940912929024,"29251,4671,1601",720575940882093088,"24136,3911,1002",720575940869469403,148.014683
720575940912929024,"29251,4671,1601",720575940847560045,"41727,5321,1579",720575940905121334,227.369689
720575940912929024,"29251,4671,1601",720575940898736274,"20994,6297,2199",720575940884791610,74.052066
720575940890245126,"23851,4795,1601",720575940904099536,"29320,4453,1733",720575940881624259,111.431043
720575940890245126,"23851,4795,1601",720575940900924101,"24306,3929,1314",720575940903762211,488.230665
720575940890245126,"23851,4795,1601",720575940911437161,"27344,3514,1565",720575940878345595,170.009999
720575940890245126,"23851,4795,1601",720575940932822676,"22490,3798,2283",720575940924205189,104.067755
720575940890245126,"23851,4795,1601",720575940898806193,"24461,3600,2248",720575940885439590,232.264449
720575940890245126,"23851,4795,1601",720575940905063126,"30532,4598,1070",720575940898889927,234.913004
720575940890245126,"23851,4795,1601",720575940890101684,"25384,4074,1605",720575940883908636,1040.884458
720575940890245126,"23851,4795,1601",720575940890209582,"21636,4289,2083",720575940888829455,399.072391
720575940890245126,"23851,4795,1601",720575940927269708,"23751,4351,1605",720575940882093178,596.177979
720575940890245126,"23851,4795,1601",720575940881780816,"27295,4519,1330",720575940899607728,266.606357
720575940890245126,"23851,4795,1601",720575940890729167,"29556,5160,1151",720575940894196379,530.710507
720575940890245126,"23851,4795,1601",720575940929722145,"32485,5455,1334",720575940919043143,491.042742
720575940890245126,"23851,4795,1601",720575940882092320,"44973,7063,1558",720575940869469147,64.717348
720575940890245126,"23851,4795,1601",720575940882092576,"44111,5787,1151",720575940908400644,113.443992
720575940890245126,"23851,4795,1601",720575940878946100,"13153,5700,2154",720575940917797795,261.375048
720575940890245126,"23851,4795,1601",720575940882093088,"24136,3911,1002",720575940869469403,447.779791
720575940890245126,"23851,4795,1601",720575940847560045,"41727,5321,1579",720575940905121334,2.407101
720575940890245126,"23851,4795,1601",720575940898736274,"20994,6297,2199",720575940884791610,21.636326
720575940930905464,"23701,4886,1951",720575940904099536,"29320,4453,1733",720575940881624259,1148.269605
720575940930905464,"23701,4886,1951",720575940900924101,"24306,3929,1314",720575940903762211,268.392207
720575940930905464,"23701,4886,1951",720575940911437161,"27344,3514,1565",720575940878345595,342.295548
720575940930905464,"23701,4886,1951",720575940932822676,"22490,3798,2283",720575940924205189,457.655359
720575940930905464,"23701,4886,1951",720575940898806193,"24461,3600,2248",720575940885439590,667.808172
720575940930905464,"23701,4886,1951",720575940905063126,"30532,4598,1070",720575940898889927,133.034206
720575940930905464,"23701,4886,1951",720575940890101684,"25384,4074,1605",720575940883908636,651.111310
720575940930905464,"23701,4886,1951",720575940890209582,"21636,4289,2083",720575940888829455,912.502198
720575940930905464,"23701,4886,1951",720575940927269708,"23751,4351,1605",720575940882093178,377.307670
720575940930905464,"23701,4886,1951",720575940881780816,"27295,4519,1330",720575940899607728,410.616088
720575940930905464,"23701,4886,1951",720575940890729167,"29556,5160,1151",720575940894196379,141.124980
720575940930905464,"23701,4886,1951",720575940929722145,"32485,5455,1334",720575940919043143,575.231530
720575940930905464,"23701,4886,1951",720575940882092320,"44973,7063,1558",720575940869469147,197.574740
720575940930905464,"23701,4886,1951",720575940882092576,"44111,5787,1151",720575940908400644,198.955491
720575940930905464,"23701,4886,1951",720575940878946100,"13153,5700,2154",720575940917797795,401.164901
720575940930905464,"23701,4886,1951",720575940882093088,"24136,3911,1002",720575940869469403,306.099395
720575940930905464,"23701,4886,1951",720575940847560045,"41727,5321,1579",720575940905121334,795.089157
720575940930905464,"23701,4886,1951",720575940898736274,"20994,6297,2199",720575940884791610,238.069230
720575940906113851,"25168,4911,1751",720575940904099536,"29320,4453,1733",720575940881624259,411.708826
720575940906113851,"25168,4911,1751",720575940900924101,"24306,3929,1314",720575940903762211,183.165556
720575940906113851,"25168,4911,1751",720575940911437161,"27344,3514,1565",720575940878345595,98.957888
720575940906113851,"25168,4911,1751",720575940932822676,"22490,3798,2283",720575940924205189,242.974798
720575940906113851,"25168,4911,1751",720575940898806193,"24461,3600,2248",720575940885439590,440.598987
720575940906113851,"25168,4911,1751",720575940905063126,"30532,4598,1070",720575940898889927,275.408207
720575940906113851,"25168,4911,1751",720575940890101684,"25384,4074,1605",720575940883908636,491.679750
720575940906113851,"25168,4911,1751",720575940890209582,"21636,4289,2083",720575940888829455,595.184844
720575940906113851,"25168,4911,1751",720575940927269708,"23751,4351,1605",720575940882093178,473.622387
720575940906113851,"25168,4911,1751",720575940881780816,"27295,4519,1330",720575940899607728,485.690417
720575940906113851,"25168,4911,1751",720575940890729167,"29556,5160,1151",720575940894196379,405.438850
720575940906113851,"25168,4911,1751",720575940929722145,"32485,5455,1334",720575940919043143,499.140542
720575940906113851,"25168,4911,1751",720575940882092320,"44973,7063,1558",720575940869469147,53.379736
720575940906113851,"25168,4911,1751",720575940882092576,"44111,5787,1151",720575940908400644,55.518522
720575940906113851,"25168,4911,1751",720575940878946100,"13153,5700,2154",720575940917797795,140.062352
720575940906113851,"25168,4911,1751",720575940882093088,"24136,3911,1002",720575940869469403,176.757627
720575940906113851,"25168,4911,1751",720575940847560045,"41727,5321,1579",720575940905121334,188.819226
720575940906113851,"25168,4911,1751",720575940898736274,"20994,6297,2199",720575940884791610,48.184158
720575940940380075,"28618,4001,1500",720575940904099536,"29320,4453,1733",720575940881624259,181.963003
720575940940380075,"28618,4001,1500",720575940900924101,"24306,3929,1314",720575940903762211,640.214719
720575940940380075,"28618,4001,1500",720575940911437161,"27344,3514,1565",720575940878345595,236.098504
720575940940380075,"28618,4001,1500",720575940932822676,"22490,3798,2283",720575940924205189,167.110115
720575940940380075,"28618,4001,1500",720575940898806193,"24461,3600,2248",720575940885439590,334.956325
720575940940380075,"28618,4001,1500",720575940905063126,"30532,4598,1070",720575940898889927,256.716663
720575940940380075,"28618,4001,1500",720575940890101684,"25384,4074,1605",720575940883908636,565.174483
720575940940380075,"28618,4001,1500",720575940890209582,"21636,4289,2083",720575940888829455,193.402638
720575940940380075,"28618,4001,1500",720575940927269708,"23751,4351,1605",720575940882093178,189.198522
720575940940380075,"28618,4001,1500",720575940881780816,"27295,4519,1330",720575940899607728,348.606152
720575940940380075,"28618,4001,1500",720575940890729167,"29556,5160,1151",720575940894196379,351.526484
720575940940380075,"28618,4001,1500",720575940929722145,"32485,5455,1334",720575940919043143,313.278344
720575940940380075,"28618,4001,1500",720575940882092320,"44973,7063,1558",720575940869469147,0.000000
720575940940380075,"28618,4001,1500",720575940882092576,"44111,5787,1151",720575940908400644,23.217050
720575940940380075,"28618,4001,1500",720575940878946100,"13153,5700,2154",720575940917797795,82.145410
720575940940380075,"28618,4001,1500",720575940882093088,"24136,3911,1002",720575940869469403,164.391051
720575940940380075,"28618,4001,1500",720575940847560045,"41727,5321,1579",720575940905121334,33.744139
720575940940380075,"28618,4001,1500",720575940898736274,"20994,6297,2199",720575940884791610,0.000000
720575940908781145,"25316,4412,1501",720575940904099536,"29320,4453,1733",720575940881624259,27.031398
720575940908781145,"25316,4412,1501",720575940900924101,"24306,3929,1314",720575940903762211,275.672620
720575940908781145,"25316,4412,1501",720575940911437161,"27344,3514,1565",720575940878345595,103.100206
720575940908781145,"25316,4412,1501",720575940932822676,"22490,3798,2283",720575940924205189,44.340578
720575940908781145,"25316,4412,1501",720575940898806193,"24461,3600,2248",720575940885439590,91.419602
720575940908781145,"25316,4412,1501",720575940905063126,"30532,4598,1070",720575940898889927,113.951747
720575940908781145,"25316,4412,1501",720575940890101684,"25384,4074,1605",720575940883908636,698.022568
720575940908781145,"25316,4412,1501",720575940890209582,"21636,4289,2083",720575940888829455,78.791703
720575940908781145,"25316,4412,1501",720575940927269708,"23751,4351,1605",720575940882093178,269.916524
720575940908781145,"25316,4412,1501",720575940881780816,"27295,4519,1330",720575940899607728,379.348260
720575940908781145,"25316,4412,1501",720575940890729167,"29556,5160,1151",720575940894196379,478.481828
720575940908781145,"25316,4412,1501",720575940929722145,"32485,5455,1334",720575940919043143,168.980702
720575940908781145,"25316,4412,1501",720575940882092320,"44973,7063,1558",720575940869469147,22.743434
720575940908781145,"25316,4412,1501",720575940882092576,"44111,5787,1151",720575940908400644,21.461291
720575940908781145,"25316,4412,1501",720575940878946100,"13153,5700,2154",720575940917797795,246.382207
720575940908781145,"25316,4412,1501",720575940882093088,"24136,3911,1002",720575940869469403,238.576765
720575940908781145,"25316,4412,1501",720575940847560045,"41727,5321,1579",720575940905121334,7.984863
720575940908781145,"25316,4412,1501",720575940898736274,"20994,6297,2199",720575940884791610,41.012412
720575940881620931,"26375,4678,1951",720575940904099536,"29320,4453,1733",720575940881624259,426.814754
720575940881620931,"26375,4678,1951",720575940900924101,"24306,3929,1314",720575940903762211,0.000000
720575940881620931,"26375,4678,1951",720575940911437161,"27344,3514,1565",720575940878345595,109.909339
720575940881620931,"26375,4678,1951",720575940932822676,"22490,3798,2283",720575940924205189,29.948120
720575940881620931,"26375,4678,1951",720575940898806193,"24461,3600,2248",720575940885439590,30.278687
720575940881620931,"26375,4678,1951",720575940905063126,"30532,4598,1070",720575940898889927,15.138185
720575940881620931,"26375,4678,1951",720575940890101684,"25384,4074,1605",720575940883908636,213.920022
720575940881620931,"26375,4678,1951",720575940890209582,"21636,4289,2083",720575940888829455,291.613519
720575940881620931,"26375,4678,1951",720575940927269708,"23751,4351,1605",720575940882093178,118.179739
720575940881620931,"26375,4678,1951",720575940881780816,"27295,4519,1330",720575940899607728,170.440351
720575940881620931,"26375,4678,1951",720575940890729167,"29556,5160,1151",720575940894196379,84.819245
720575940881620931,"26375,4678,1951",720575940929722145,"32485,5455,1334",720575940919043143,103.826101
720575940881620931,"26375,4678,1951",720575940882092320,"44973,7063,1558",720575940869469147,40.836127
720575940881620931,"26375,4678,1951",720575940882092576,"44111,5787,1151",720575940908400644,24.291183
720575940881620931,"26375,4678,1951",720575940878946100,"13153,5700,2154",720575940917797795,182.306332
720575940881620931,"26375,4678,1951",720575940882093088,"24136,3911,1002",720575940869469403,31.149687
720575940881620931,"26375,4678,1951",720575940847560045,"41727,5321,1579",720575940905121334,253.669194
720575940881620931,"26375,4678,1951",720575940898736274,"20994,6297,2199",720575940884791610,60.135843
720575940891181902,"28674,4720,1601",720575940904099536,"29320,4453,1733",720575940881624259,121.064570
720575940891181902,"28674,4720,1601",720575940900924101,"24306,3929,1314",720575940903762211,151.448248
720575940891181902,"28674,4720,1601",720575940911437161,"27344,3514,1565",720575940878345595,349.796120
720575940891181902,"28674,4720,1601",720575940932822676,"22490,3798,2283",720575940924205189,138.753312
720575940891181902,"28674,4720,1601",720575940898806193,"24461,3600,2248",720575940885439590,201.568694
720575940891181902,"28674,4720,1601",720575940905063126,"30532,4598,1070",720575940898889927,389.987679
720575940891181902,"28674,4720,1601",720575940890101684,"25384,4074,1605",720575940883908636,265.714161
720575940891181902,"28674,4720,1601",720575940890209582,"21636,4289,2083",720575940888829455,231.108787
720575940891181902,"28674,4720,1601",720575940927269708,"23751,4351,1605",720575940882093178,429.576043
720575940891181902,"28674,4720,1601",720575940881780816,"27295,4519,1330",720575940899607728,403.115747
720575940891181902,"28674,4720,1601",720575940890729167,"29556,5160,1151",720575940894196379,224.736438
720575940891181902,"28674,4720,1601",720575940929722145,"32485,5455,1334",720575940919043143,335.859875
720575940891181902,"28674,4720,1601",720575940882092320,"44973,7063,1558",720575940869469147,0.000000
720575940891181902,"28674,4720,1601",720575940882092576,"44111,5787,1151",720575940908400644,23.863557
720575940891181902,"28674,4720,1601",720575940878946100,"13153,5700,2154",720575940917797795,73.263385
720575940891181902,"28674,4720,1601",720575940882093088,"24136,3911,1002",720575940869469403,24.601535
720575940891181902,"28674,4720,1601",720575940847560045,"41727,5321,1579",720575940905121334,33.771407
720575940891181902,"28674,4720,1601",720575940898736274,"20994,6297,2199",720575940884791610,0.000000
720575940889238903,"28227,3227,1701",720575940904099536,"29320,4453,1733",720575940881624259,99.550541
720575940889238903,"28227,3227,1701",720575940900924101,"24306,3929,1314",720575940903762211,415.958785
720575940889238903,"28227,3227,1701",720575940911437161,"27344,3514,1565",720575940878345595,414.273522
720575940889238903,"28227,3227,1701",720575940932822676,"22490,3798,2283",720575940924205189,270.089862
720575940889238903,"28227,3227,1701",720575940898806193,"24461,3600,2248",720575940885439590,378.397969
720575940889238903,"28227,3227,1701",720575940905063126,"30532,4598,1070",720575940898889927,276.479479
720575940889238903,"28227,3227,1701",720575940890101684,"25384,4074,1605",720575940883908636,317.250322
720575940889238903,"28227,3227,1701",720575940890209582,"21636,4289,2083",720575940888829455,251.702146
720575940889238903,"28227,3227,1701",720575940927269708,"23751,4351,1605",720575940882093178,390.032014
720575940889238903,"28227,3227,1701",720575940881780816,"27295,4519,1330",720575940899607728,522.432507
720575940889238903,"28227,3227,1701",720575940890729167,"29556,5160,1151",720575940894196379,271.394023
720575940889238903,"28227,3227,1701",720575940929722145,"32485,5455,1334",720575940919043143,427.005430
720575940889238903,"28227,3227,1701",720575940882092320,"44973,7063,1558",720575940869469147,0.000000
720575940889238903,"28227,3227,1701",720575940882092576,"44111,5787,1151",720575940908400644,39.362604
720575940889238903,"28227,3227,1701",720575940878946100,"13153,5700,2154",720575940917797795,199.841768
720575940889238903,"28227,3227,1701",720575940882093088,"24136,3911,1002",720575940869469403,247.409152
720575940889238903,"28227,3227,1701",720575940847560045,"41727,5321,1579",720575940905121334,55.365578
720575940889238903,"28227,3227,1701",720575940898736274,"20994,6297,2199",720575940884791610,8.820584
720575940899283650,"23899,3593,1901",720575940904099536,"29320,4453,1733",720575940881624259,434.117499
720575940899283650,"23899,3593,1901",720575940900924101,"24306,3929,1314",720575940903762211,127.489496
720575940899283650,"23899,3593,1901",720575940911437161,"27344,3514,1565",720575940878345595,66.120890
720575940899283650,"23899,3593,1901",720575940932822676,"22490,3798,2283",720575940924205189,214.366360
720575940899283650,"23899,3593,1901",720575940898806193,"24461,3600,2248",720575940885439590,84.660499
720575940899283650,"23899,3593,1901",720575940905063126,"30532,4598,1070",720575940898889927,84.774800
720575940899283650,"23899,3593,1901",720575940890101684,"25384,4074,1605",720575940883908636,338.365649
720575940899283650,"23899,3593,1901",720575940890209582,"21636,4289,2083",720575940888829455,343.724785
720575940899283650,"23899,3593,1901",720575940927269708,"23751,4351,1605",720575940882093178,140.053412
720575940899283650,"23899,3593,1901",720575940881780816,"27295,4519,1330",720575940899607728,422.495898
720575940899283650,"23899,3593,1901",720575940890729167,"29556,5160,1151",720575940894196379,97.534161
720575940899283650,"23899,3593,1901",720575940929722145,"32485,5455,1334",720575940919043143,435.238043
720575940899283650,"23899,3593,1901",720575940882092320,"44973,7063,1558",720575940869469147,43.036275
720575940899283650,"23899,3593,1901",720575940882092576,"44111,5787,1151",720575940908400644,161.452306
720575940899283650,"23899,3593,1901",720575940878946100,"13153,5700,2154",720575940917797795,68.699194
720575940899283650,"23899,3593,1901",720575940882093088,"24136,3911,1002",720575940869469403,174.309818
720575940899283650,"23899,3593,1901",720575940847560045,"41727,5321,1579",720575940905121334,214.725360
720575940899283650,"23899,3593,1901",720575940898736274,"20994,6297,2199",720575940884791610,116.866648
720575940880875929,"27176,4043,1701",720575940904099536,"29320,4453,1733",720575940881624259,345.580833
720575940880875929,"27176,4043,1701",720575940900924101,"24306,3929,1314",720575940903762211,363.573338
720575940880875929,"27176,4043,1701",720575940911437161,"27344,3514,1565",720575940878345595,458.251161
720575940880875929,"27176,4043,1701",720575940932822676,"22490,3798,2283",720575940924205189,489.926917
720575940880875929,"27176,4043,1701",720575940898806193,"24461,3600,2248",720575940885439590,392.627851
720575940880875929,"27176,4043,1701",720575940905063126,"30532,4598,1070",720575940898889927,409.989058
720575940880875929,"27176,4043,1701",720575940890101684,"25384,4074,1605",720575940883908636,376.406257
720575940880875929,"27176,4043,1701",720575940890209582,"21636,4289,2083",720575940888829455,174.017827
720575940880875929,"27176,4043,1701",720575940927269708,"23751,4351,1605",720575940882093178,243.344030
720575940880875929,"27176,4043,1701",720575940881780816,"27295,4519,1330",720575940899607728,174.063635
720575940880875929,"27176,4043,1701",720575940890729167,"29556,5160,1151",720575940894196379,195.835785
720575940880875929,"27176,4043,1701",720575940929722145,"32485,5455,1334",720575940919043143,373.801402
720575940880875929,"27176,4043,1701",720575940882092320,"44973,7063,1558",720575940869469147,0.000000
720575940880875929,"27176,4043,1701",720575940882092576,"44111,5787,1151",720575940908400644,72.915688
720575940880875929,"27176,4043,1701",720575940878946100,"13153,5700,2154",720575940917797795,85.272364
720575940880875929,"27176,4043,1701",720575940882093088,"24136,3911,1002",720575940869469403,137.492589
720575940880875929,"27176,4043,1701",720575940847560045,"41727,5321,1579",720575940905121334,0.000000
720575940880875929,"27176,4043,1701",720575940898736274,"20994,6297,2199",720575940884791610,32.553404
720575940901384751,"24943,4211,1501",720575940904099536,"29320,4453,1733",720575940881624259,95.013604
720575940901384751,"24943,4211,1501",720575940900924101,"24306,3929,1314",720575940903762211,204.042901
720575940901384751,"24943,4211,1501",720575940911437161,"27344,3514,1565",720575940878345595,52.357310
720575940901384751,"24943,4211,1501",720575940932822676,"22490,3798,2283",720575940924205189,24.249940
720575940901384751,"24943,4211,1501",720575940898806193,"24461,3600,2248",720575940885439590,89.027415
720575940901384751,"24943,4211,1501",720575940905063126,"30532,4598,1070",720575940898889927,70.811445
720575940901384751,"24943,4211,1501",720575940890101684,"25384,4074,1605",720575940883908636,832.710551
720575940901384751,"24943,4211,1501",720575940890209582,"21636,4289,2083",720575940888829455,173.103771
720575940901384751,"24943,4211,1501",720575940927269708,"23751,4351,1605",720575940882093178,391.708809
720575940901384751,"24943,4211,1501",720575940881780816,"27295,4519,1330",720575940899607728,379.088758
720575940901384751,"24943,4211,1501",720575940890729167,"29556,5160,1151",720575940894196379,448.167278
720575940901384751,"24943,4211,1501",720575940929722145,"32485,5455,1334",720575940919043143,246.390174
720575940901384751,"24943,4211,1501",720575940882092320,"44973,7063,1558",720575940869469147,25.576233
720575940901384751,"24943,4211,1501",720575940882092576,"44111,5787,1151",720575940908400644,0.000000
720575940901384751,"24943,4211,1501",720575940878946100,"13153,5700,2154",720575940917797795,205.149875
720575940901384751,"24943,4211,1501",720575940882093088,"24136,3911,1002",720575940869469403,122.318508
720575940901384751,"24943,4211,1501",720575940847560045,"41727,5321,1579",720575940905121334,16.684764
720575940901384751,"24943,4211,1501",720575940898736274,"20994,6297,2199",720575940884791610,78.164996
720575940918316341,"24433,4244,1701",720575940904099536,"29320,4453,1733",720575940881624259,68.996287
720575940918316341,"24433,4244,1701",720575940900924101,"24306,3929,1314",720575940903762211,326.815910
720575940918316341,"24433,4244,1701",720575940911437161,"27344,3514,1565",720575940878345595,160.379687
720575940918316341,"24433,4244,1701",720575940932822676,"22490,3798,2283",720575940924205189,145.323987
720575940918316341,"24433,4244,1701",720575940898806193,"24461,3600,2248",720575940885439590,145.780100
720575940918316341,"24433,4244,1701",720575940905063126,"30532,4598,1070",720575940898889927,132.876749
720575940918316341,"24433,4244,1701",720575940890101684,"25384,4074,1605",720575940883908636,425.089642
720575940918316341,"24433,4244,1701",720575940890209582,"21636,4289,2083",720575940888829455,364.170860
720575940918316341,"24433,4244,1701",720575940927269708,"23751,4351,1605",720575940882093178,340.449289
720575940918316341,"24433,4244,1701",720575940881780816,"27295,4519,1330",720575940899607728,172.563676
720575940918316341,"24433,4244,1701",720575940890729167,"29556,5160,1151",720575940894196379,350.072797
720575940918316341,"24433,4244,1701",720575940929722145,"32485,5455,1334",720575940919043143,307.192866
720575940918316341,"24433,4244,1701",720575940882092320,"44973,7063,1558",720575940869469147,35.521374
720575940918316341,"24433,4244,1701",720575940882092576,"44111,5787,1151",720575940908400644,33.233531
720575940918316341,"24433,4244,1701",720575940878946100,"13153,5700,2154",720575940917797795,69.479275
720575940918316341,"24433,4244,1701",720575940882093088,"24136,3911,1002",720575940869469403,175.249414
720575940918316341,"24433,4244,1701",720575940847560045,"41727,5321,1579",720575940905121334,17.682186
720575940918316341,"24433,4244,1701",720575940898736274,"20994,6297,2199",720575940884791610,0.000000
720575940899281090,"29452,4545,1801",720575940904099536,"29320,4453,1733",720575940881624259,344.194662
720575940899281090,"29452,4545,1801",720575940900924101,"24306,3929,1314",720575940903762211,132.236890
720575940899281090,"29452,4545,1801",720575940911437161,"27344,3514,1565",720575940878345595,531.408758
720575940899281090,"29452,4545,1801",720575940932822676,"22490,3798,2283",720575940924205189,221.538655
720575940899281090,"29452,4545,1801",720575940898806193,"24461,3600,2248",720575940885439590,231.343834
720575940899281090,"29452,4545,1801",720575940905063126,"30532,4598,1070",720575940898889927,466.048751
720575940899281090,"29452,4545,1801",720575940890101684,"25384,4074,1605",720575940883908636,379.924298
720575940899281090,"29452,4545,1801",720575940890209582,"21636,4289,2083",720575940888829455,200.872476
720575940899281090,"29452,4545,1801",720575940927269708,"23751,4351,1605",720575940882093178,452.371819
720575940899281090,"29452,4545,1801",720575940881780816,"27295,4519,1330",720575940899607728,273.053525
720575940899281090,"29452,4545,1801",720575940890729167,"29556,5160,1151",720575940894196379,240.642581
720575940899281090,"29452,4545,1801",720575940929722145,"32485,5455,1334",720575940919043143,284.045632
720575940899281090,"29452,4545,1801",720575940882092320,"44973,7063,1558",720575940869469147,0.000000
720575940899281090,"29452,4545,1801",720575940882092576,"44111,5787,1151",720575940908400644,10.646744
720575940899281090,"29452,4545,1801",720575940878946100,"13153,5700,2154",720575940917797795,133.888996
720575940899281090,"29452,4545,1801",720575940882093088,"24136,3911,1002",720575940869469403,115.321352
720575940899281090,"29452,4545,1801",720575940847560045,"41727,5321,1579",720575940905121334,111.325260
720575940899281090,"29452,4545,1801",720575940898736274,"20994,6297,2199",720575940884791610,0.000000
720575940917780131,"29236,5023,1351",720575940904099536,"29320,4453,1733",720575940881624259,146.578556
720575940917780131,"29236,5023,1351",720575940900924101,"24306,3929,1314",720575940903762211,126.556851
720575940917780131,"29236,5023,1351",720575940911437161,"27344,3514,1565",720575940878345595,22.056838
720575940917780131,"29236,5023,1351",720575940932822676,"22490,3798,2283",720575940924205189,95.167505
720575940917780131,"29236,5023,1351",720575940898806193,"24461,3600,2248",720575940885439590,79.838195
720575940917780131,"29236,5023,1351",720575940905063126,"30532,4598,1070",720575940898889927,288.757028
720575940917780131,"29236,5023,1351",720575940890101684,"25384,4074,1605",720575940883908636,530.746246
720575940917780131,"29236,5023,1351",720575940890209582,"21636,4289,2083",720575940888829455,211.741247
720575940917780131,"29236,5023,1351",720575940927269708,"23751,4351,1605",720575940882093178,553.523846
720575940917780131,"29236,5023,1351",720575940881780816,"27295,4519,1330",720575940899607728,849.807774
720575940917780131,"29236,5023,1351",720575940890729167,"29556,5160,1151",720575940894196379,490.198786
720575940917780131,"29236,5023,1351",720575940929722145,"32485,5455,1334",720575940919043143,631.606057
720575940917780131,"29236,5023,1351",720575940882092320,"44973,7063,1558",720575940869469147,7.091565
720575940917780131,"29236,5023,1351",720575940882092576,"44111,5787,1151",720575940908400644,0.000000
720575940917780131,"29236,5023,1351",720575940878946100,"13153,5700,2154",720575940917797795,189.816300
720575940917780131,"29236,5023,1351",720575940882093088,"24136,3911,1002",720575940869469403,188.954746
720575940917780131,"29236,5023,1351",720575940847560045,"41727,5321,1579",720575940905121334,149.444880
720575940917780131,"29236,5023,1351",720575940898736274,"20994,6297,2199",720575940884791610,37.942667
720575940927248352,"24157,4496,1651",720575940904099536,"29320,4453,1733",720575940881624259,123.974542
720575940927248352,"24157,4496,1651",720575940900924101,"24306,3929,1314",720575940903762211,250.407618
720575940927248352,"24157,4496,1651",720575940911437161,"27344,3514,1565",720575940878345595,69.239014
720575940927248352,"24157,4496,1651",720575940932822676,"22490,3798,2283",720575940924205189,12.436617
720575940927248352,"24157,4496,1651",720575940898806193,"24461,3600,2248",720575940885439590,70.368841
720575940927248352,"24157,4496,1651",720575940905063126,"30532,4598,1070",720575940898889927,145.695119
720575940927248352,"24157,4496,1651",720575940890101684,"25384,4074,1605",720575940883908636,953.250875
720575940927248352,"24157,4496,1651",720575940890209582,"21636,4289,2083",720575940888829455,326.602856
720575940927248352,"24157,4496,1651",720575940927269708,"23751,4351,1605",720575940882093178,436.731059
720575940927248352,"24157,4496,1651",720575940881780816,"27295,4519,1330",720575940899607728,478.053587
720575940927248352,"24157,4496,1651",720575940890729167,"29556,5160,1151",720575940894196379,413.662191
720575940927248352,"24157,4496,1651",720575940929722145,"32485,5455,1334",720575940919043143,264.073224
720575940927248352,"24157,4496,1651",720575940882092320,"44973,7063,1558",720575940869469147,86.808370
720575940927248352,"24157,4496,1651",720575940882092576,"44111,5787,1151",720575940908400644,12.321135
720575940927248352,"24157,4496,1651",720575940878946100,"13153,5700,2154",720575940917797795,312.273104
720575940927248352,"24157,4496,1651",720575940882093088,"24136,3911,1002",720575940869469403,167.600592
720575940927248352,"24157,4496,1651",720575940847560045,"41727,5321,1579",720575940905121334,95.011501
720575940927248352,"24157,4496,1651",720575940898736274,"20994,6297,2199",720575940884791610,73.760584
720575940937862061,"25121,4578,1601",720575940904099536,"29320,4453,1733",720575940881624259,47.861133
720575940937862061,"25121,4578,1601",720575940900924101,"24306,3929,1314",720575940903762211,252.056581
720575940937862061,"25121,4578,1601",720575940911437161,"27344,3514,1565",720575940878345595,58.032349
720575940937862061,"25121,4578,1601",720575940932822676,"22490,3798,2283",720575940924205189,45.608403
720575940937862061,"25121,4578,1601",720575940898806193,"24461,3600,2248",720575940885439590,56.006956
720575940937862061,"25121,4578,1601",720575940905063126,"30532,4598,1070",720575940898889927,32.131237
720575940937862061,"25121,4578,1601",720575940890101684,"25384,4074,1605",720575940883908636,648.679222
720575940937862061,"25121,4578,1601",720575940890209582,"21636,4289,2083",720575940888829455,183.697990
720575940937862061,"25121,4578,1601",720575940927269708,"23751,4351,1605",720575940882093178,428.496008
720575940937862061,"25121,4578,1601",720575940881780816,"27295,4519,1330",720575940899607728,359.917906
720575940937862061,"25121,4578,1601",720575940890729167,"29556,5160,1151",720575940894196379,452.392816
720575940937862061,"25121,4578,1601",720575940929722145,"32485,5455,1334",720575940919043143,240.703795
720575940937862061,"25121,4578,1601",720575940882092320,"44973,7063,1558",720575940869469147,35.448885
720575940937862061,"25121,4578,1601",720575940882092576,"44111,5787,1151",720575940908400644,0.000000
720575940937862061,"25121,4578,1601",720575940878946100,"13153,5700,2154",720575940917797795,241.598472
720575940937862061,"25121,4578,1601",720575940882093088,"24136,3911,1002",720575940869469403,232.409891
720575940937862061,"25121,4578,1601",720575940847560045,"41727,5321,1579",720575940905121334,19.728083
720575940937862061,"25121,4578,1601",720575940898736274,"20994,6297,2199",720575940884791610,47.113653
720575940878312571,"29059,4820,1801",720575940904099536,"29320,4453,1733",720575940881624259,147.987884
720575940878312571,"29059,4820,1801",720575940900924101,"24306,3929,1314",720575940903762211,68.266243
720575940878312571,"29059,4820,1801",720575940911437161,"27344,3514,1565",720575940878345595,39.290860
720575940878312571,"29059,4820,1801",720575940932822676,"22490,3798,2283",720575940924205189,79.740375
720575940878312571,"29059,4820,1801",720575940898806193,"24461,3600,2248",720575940885439590,49.636966
720575940878312571,"29059,4820,1801",720575940905063126,"30532,4598,1070",720575940898889927,178.465802
720575940878312571,"29059,4820,1801",720575940890101684,"25384,4074,1605",720575940883908636,369.601234
720575940878312571,"29059,4820,1801",720575940890209582,"21636,4289,2083",720575940888829455,429.583715
720575940878312571,"29059,4820,1801",720575940927269708,"23751,4351,1605",720575940882093178,526.546391
720575940878312571,"29059,4820,1801",720575940881780816,"27295,4519,1330",720575940899607728,569.032286
720575940878312571,"29059,4820,1801",720575940890729167,"29556,5160,1151",720575940894196379,191.028579
720575940878312571,"29059,4820,1801",720575940929722145,"32485,5455,1334",720575940919043143,476.912568
720575940878312571,"29059,4820,1801",720575940882092320,"44973,7063,1558",720575940869469147,4.451817
720575940878312571,"29059,4820,1801",720575940882092576,"44111,5787,1151",720575940908400644,0.000000
720575940878312571,"29059,4820,1801",720575940878946100,"13153,5700,2154",720575940917797795,171.263764
720575940878312571,"29059,4820,1801",720575940882093088,"24136,3911,1002",720575940869469403,86.507303
720575940878312571,"29059,4820,1801",720575940847560045,"41727,5321,1579",720575940905121334,116.276433
720575940878312571,"29059,4820,1801",720575940898736274,"20994,6297,2199",720575940884791610,56.340198
720575940895289006,"23612,4950,1701",720575940904099536,"29320,4453,1733",720575940881624259,134.164857
720575940895289006,"23612,4950,1701",720575940900924101,"24306,3929,1314",720575940903762211,80.350498
720575940895289006,"23612,4950,1701",720575940911437161,"27344,3514,1565",720575940878345595,38.826860
720575940895289006,"23612,4950,1701",720575940932822676,"22490,3798,2283",720575940924205189,120.199534
720575940895289006,"23612,4950,1701",720575940898806193,"24461,3600,2248",720575940885439590,115.386440
720575940895289006,"23612,4950,1701",720575940905063126,"30532,4598,1070",720575940898889927,13.952414
720575940895289006,"23612,4950,1701",720575940890101684,"25384,4074,1605",720575940883908636,277.506741
720575940895289006,"23612,4950,1701",720575940890209582,"21636,4289,2083",720575940888829455,283.247687
720575940895289006,"23612,4950,1701",720575940927269708,"23751,4351,1605",720575940882093178,26.387898
720575940895289006,"23612,4950,1701",720575940881780816,"27295,4519,1330",720575940899607728,67.787200
720575940895289006,"23612,4950,1701",720575940890729167,"29556,5160,1151",720575940894196379,100.504145
720575940895289006,"23612,4950,1701",720575940929722145,"32485,5455,1334",720575940919043143,61.455692
720575940895289006,"23612,4950,1701",720575940882092320,"44973,7063,1558",720575940869469147,112.253846
720575940895289006,"23612,4950,1701",720575940882092576,"44111,5787,1151",720575940908400644,119.149299
720575940895289006,"23612,4950,1701",720575940878946100,"13153,5700,2154",720575940917797795,5.534783
720575940895289006,"23612,4950,1701",720575940882093088,"24136,3911,1002",720575940869469403,129.846415
720575940895289006,"23612,4950,1701",720575940847560045,"41727,5321,1579",720575940905121334,177.094621
720575940895289006,"23612,4950,1701",720575940898736274,"20994,6297,2199",720575940884791610,19.066653
720575940888165967,"28584,4968,2001",720575940904099536,"29320,4453,1733",720575940881624259,96.516230
720575940888165967,"28584,4968,2001",720575940900924101,"24306,3929,1314",720575940903762211,0.000000
720575940888165967,"28584,4968,2001",720575940911437161,"27344,3514,1565",720575940878345595,96.157389
720575940888165967,"28584,4968,2001",720575940932822676,"22490,3798,2283",720575940924205189,0.000000
720575940888165967,"28584,4968,2001",720575940898806193,"24461,3600,2248",720575940885439590,0.000000
720575940888165967,"28584,4968,2001",720575940905063126,"30532,4598,1070",720575940898889927,0.000000
720575940888165967,"28584,4968,2001",720575940890101684,"25384,4074,1605",720575940883908636,15.343479
720575940888165967,"28584,4968,2001",720575940890209582,"21636,4289,2083",720575940888829455,63.506186
720575940888165967,"28584,4968,2001",720575940927269708,"23751,4351,1605",720575940882093178,0.000000
720575940888165967,"28584,4968,2001",720575940881780816,"27295,4519,1330",720575940899607728,0.000000
720575940888165967,"28584,4968,2001",720575940890729167,"29556,5160,1151",720575940894196379,0.000000
720575940888165967,"28584,4968,2001",720575940929722145,"32485,5455,1334",720575940919043143,0.000000
720575940888165967,"28584,4968,2001",720575940882092320,"44973,7063,1558",720575940869469147,263.396331
720575940888165967,"28584,4968,2001",720575940882092576,"44111,5787,1151",720575940908400644,94.869744
720575940888165967,"28584,4968,2001",720575940878946100,"13153,5700,2154",720575940917797795,79.337248
720575940888165967,"28584,4968,2001",720575940882093088,"24136,3911,1002",720575940869469403,0.000000
720575940888165967,"28584,4968,2001",720575940847560045,"41727,5321,1579",720575940905121334,221.547441
720575940888165967,"28584,4968,2001",720575940898736274,"20994,6297,2199",720575940884791610,257.311889
720575940886853257,"24602,5016,1651",720575940904099536,"29320,4453,1733",720575940881624259,196.590479
720575940886853257,"24602,5016,1651",720575940900924101,"24306,3929,1314",720575940903762211,161.711724
720575940886853257,"24602,5016,1651",720575940911437161,"27344,3514,1565",720575940878345595,57.458676
720575940886853257,"24602,5016,1651",720575940932822676,"22490,3798,2283",720575940924205189,169.401203
720575940886853257,"24602,5016,1651",720575940898806193,"24461,3600,2248",720575940885439590,95.073929
720575940886853257,"24602,5016,1651",720575940905063126,"30532,4598,1070",720575940898889927,32.637121
720575940886853257,"24602,5016,1651",720575940890101684,"25384,4074,1605",720575940883908636,188.368457
720575940886853257,"24602,5016,1651",720575940890209582,"21636,4289,2083",720575940888829455,238.346024
720575940886853257,"24602,5016,1651",720575940927269708,"23751,4351,1605",720575940882093178,119.602424
720575940886853257,"24602,5016,1651",720575940881780816,"27295,4519,1330",720575940899607728,302.931914
720575940886853257,"24602,5016,1651",720575940890729167,"29556,5160,1151",720575940894196379,85.327136
720575940886853257,"24602,5016,1651",720575940929722145,"32485,5455,1334",720575940919043143,260.693270
720575940886853257,"24602,5016,1651",720575940882092320,"44973,7063,1558",720575940869469147,65.971127
720575940886853257,"24602,5016,1651",720575940882092576,"44111,5787,1151",720575940908400644,10.423910
720575940886853257,"24602,5016,1651",720575940878946100,"13153,5700,2154",720575940917797795,38.687243
720575940886853257,"24602,5016,1651",720575940882093088,"24136,3911,1002",720575940869469403,101.954377
720575940886853257,"24602,5016,1651",720575940847560045,"41727,5321,1579",720575940905121334,176.431171
720575940886853257,"24602,5016,1651",720575940898736274,"20994,6297,2199",720575940884791610,126.426353
720575940890900801,"28132,5061,2001",720575940904099536,"29320,4453,1733",720575940881624259,66.922200
720575940890900801,"28132,5061,2001",720575940900924101,"24306,3929,1314",720575940903762211,0.000000
720575940890900801,"28132,5061,2001",720575940911437161,"27344,3514,1565",720575940878345595,55.324277
720575940890900801,"28132,5061,2001",720575940932822676,"22490,3798,2283",720575940924205189,0.000000
720575940890900801,"28132,5061,2001",720575940898806193,"24461,3600,2248",720575940885439590,0.000000
720575940890900801,"28132,5061,2001",720575940905063126,"30532,4598,1070",720575940898889927,0.000000
720575940890900801,"28132,5061,2001",720575940890101684,"25384,4074,1605",720575940883908636,19.629048
720575940890900801,"28132,5061,2001",720575940890209582,"21636,4289,2083",720575940888829455,6.467993
720575940890900801,"28132,5061,2001",720575940927269708,"23751,4351,1605",720575940882093178,0.000000
720575940890900801,"28132,5061,2001",720575940881780816,"27295,4519,1330",720575940899607728,0.000000
720575940890900801,"28132,5061,2001",720575940890729167,"29556,5160,1151",720575940894196379,0.000000
720575940890900801,"28132,5061,2001",720575940929722145,"32485,5455,1334",720575940919043143,0.000000
720575940890900801,"28132,5061,2001",720575940882092320,"44973,7063,1558",720575940869469147,66.786930
720575940890900801,"28132,5061,2001",720575940882092576,"44111,5787,1151",720575940908400644,21.028959
720575940890900801,"28132,5061,2001",720575940878946100,"13153,5700,2154",720575940917797795,21.834988
720575940890900801,"28132,5061,2001",720575940882093088,"24136,3911,1002",720575940869469403,0.000000
720575940890900801,"28132,5061,2001",720575940847560045,"41727,5321,1579",720575940905121334,194.104325
720575940890900801,"28132,5061,2001",720575940898736274,"20994,6297,2199",720575940884791610,208.505911
720575940948987670,"29614,5104,1651",720575940904099536,"29320,4453,1733",720575940881624259,149.238757
720575940948987670,"29614,5104,1651",720575940900924101,"24306,3929,1314",720575940903762211,178.437608
720575940948987670,"29614,5104,1651",720575940911437161,"27344,3514,1565",720575940878345595,79.616752
720575940948987670,"29614,5104,1651",720575940932822676,"22490,3798,2283",720575940924205189,90.567279
720575940948987670,"29614,5104,1651",720575940898806193,"24461,3600,2248",720575940885439590,75.866232
720575940948987670,"29614,5104,1651",720575940905063126,"30532,4598,1070",720575940898889927,232.261277
720575940948987670,"29614,5104,1651",720575940890101684,"25384,4074,1605",720575940883908636,332.534935
720575940948987670,"29614,5104,1651",720575940890209582,"21636,4289,2083",720575940888829455,257.824251
720575940948987670,"29614,5104,1651",720575940927269708,"23751,4351,1605",720575940882093178,283.183640
720575940948987670,"29614,5104,1651",720575940881780816,"27295,4519,1330",720575940899607728,507.759815
720575940948987670,"29614,5104,1651",720575940890729167,"29556,5160,1151",720575940894196379,332.815203
720575940948987670,"29614,5104,1651",720575940929722145,"32485,5455,1334",720575940919043143,441.347129
720575940948987670,"29614,5104,1651",720575940882092320,"44973,7063,1558",720575940869469147,32.791977
720575940948987670,"29614,5104,1651",720575940882092576,"44111,5787,1151",720575940908400644,0.000000
720575940948987670,"29614,5104,1651",720575940878946100,"13153,5700,2154",720575940917797795,164.441652
720575940948987670,"29614,5104,1651",720575940882093088,"24136,3911,1002",720575940869469403,228.347435
720575940948987670,"29614,5104,1651",720575940847560045,"41727,5321,1579",720575940905121334,197.381590
720575940948987670,"29614,5104,1651",720575940898736274,"20994,6297,2199",720575940884791610,90.127112
720575940907584340,"26617,5104,1800",720575940904099536,"29320,4453,1733",720575940881624259,173.565502
720575940907584340,"26617,5104,1800",720575940900924101,"24306,3929,1314",720575940903762211,25.570319
720575940907584340,"26617,5104,1800",720575940911437161,"27344,3514,1565",720575940878345595,17.816904
720575940907584340,"26617,5104,1800",720575940932822676,"22490,3798,2283",720575940924205189,0.000000
720575940907584340,"26617,5104,1800",720575940898806193,"24461,3600,2248",720575940885439590,43.485151
720575940907584340,"26617,5104,1800",720575940905063126,"30532,4598,1070",720575940898889927,93.110612
720575940907584340,"26617,5104,1800",720575940890101684,"25384,4074,1605",720575940883908636,242.979418
720575940907584340,"26617,5104,1800",720575940890209582,"21636,4289,2083",720575940888829455,367.657615
720575940907584340,"26617,5104,1800",720575940927269708,"23751,4351,1605",720575940882093178,208.899618
720575940907584340,"26617,5104,1800",720575940881780816,"27295,4519,1330",720575940899607728,384.053378
720575940907584340,"26617,5104,1800",720575940890729167,"29556,5160,1151",720575940894196379,163.292479
720575940907584340,"26617,5104,1800",720575940929722145,"32485,5455,1334",720575940919043143,382.471753
720575940907584340,"26617,5104,1800",720575940882092320,"44973,7063,1558",720575940869469147,42.286416
720575940907584340,"26617,5104,1800",720575940882092576,"44111,5787,1151",720575940908400644,0.000000
720575940907584340,"26617,5104,1800",720575940878946100,"13153,5700,2154",720575940917797795,75.896852
720575940907584340,"26617,5104,1800",720575940882093088,"24136,3911,1002",720575940869469403,113.342419
720575940907584340,"26617,5104,1800",720575940847560045,"41727,5321,1579",720575940905121334,129.013583
720575940907584340,"26617,5104,1800",720575940898736274,"20994,6297,2199",720575940884791610,169.631471
720575940883729656,"25737,5119,1764",720575940904099536,"29320,4453,1733",720575940881624259,234.003872
720575940883729656,"25737,5119,1764",720575940900924101,"24306,3929,1314",720575940903762211,130.414314
720575940883729656,"25737,5119,1764",720575940911437161,"27344,3514,1565",720575940878345595,10.891607
720575940883729656,"25737,5119,1764",720575940932822676,"22490,3798,2283",720575940924205189,113.421261
720575940883729656,"25737,5119,1764",720575940898806193,"24461,3600,2248",720575940885439590,113.391505
720575940883729656,"25737,5119,1764",720575940905063126,"30532,4598,1070",720575940898889927,93.841577
720575940883729656,"25737,5119,1764",720575940890101684,"25384,4074,1605",720575940883908636,215.588198
720575940883729656,"25737,5119,1764",720575940890209582,"21636,4289,2083",720575940888829455,216.453271
720575940883729656,"25737,5119,1764",720575940927269708,"23751,4351,1605",720575940882093178,137.407328
720575940883729656,"25737,5119,1764",720575940881780816,"27295,4519,1330",720575940899607728,312.483912
720575940883729656,"25737,5119,1764",720575940890729167,"29556,5160,1151",720575940894196379,127.094961
720575940883729656,"25737,5119,1764",720575940929722145,"32485,5455,1334",720575940919043143,294.786313
720575940883729656,"25737,5119,1764",720575940882092320,"44973,7063,1558",720575940869469147,53.099385
720575940883729656,"25737,5119,1764",720575940882092576,"44111,5787,1151",720575940908400644,0.000000
720575940883729656,"25737,5119,1764",720575940878946100,"13153,5700,2154",720575940917797795,76.495737
720575940883729656,"25737,5119,1764",720575940882093088,"24136,3911,1002",720575940869469403,57.284613
720575940883729656,"25737,5119,1764",720575940847560045,"41727,5321,1579",720575940905121334,96.699037
720575940883729656,"25737,5119,1764",720575940898736274,"20994,6297,2199",720575940884791610,78.155370
720575940896732090,"23485,5196,1401",720575940904099536,"29320,4453,1733",720575940881624259,72.908683
720575940896732090,"23485,5196,1401",720575940900924101,"24306,3929,1314",720575940903762211,202.641621
720575940896732090,"23485,5196,1401",720575940911437161,"27344,3514,1565",720575940878345595,23.149921
720575940896732090,"23485,5196,1401",720575940932822676,"22490,3798,2283",720575940924205189,46.669248
720575940896732090,"23485,5196,1401",720575940898806193,"24461,3600,2248",720575940885439590,59.587078
720575940896732090,"23485,5196,1401",720575940905063126,"30532,4598,1070",720575940898889927,21.279217
720575940896732090,"23485,5196,1401",720575940890101684,"25384,4074,1605",720575940883908636,588.151020
720575940896732090,"23485,5196,1401",720575940890209582,"21636,4289,2083",720575940888829455,49.414438
720575940896732090,"23485,5196,1401",720575940927269708,"23751,4351,1605",720575940882093178,141.050141
720575940896732090,"23485,5196,1401",720575940881780816,"27295,4519,1330",720575940899607728,180.922020
720575940896732090,"23485,5196,1401",720575940890729167,"29556,5160,1151",720575940894196379,333.106810
720575940896732090,"23485,5196,1401",720575940929722145,"32485,5455,1334",720575940919043143,19.717273
720575940896732090,"23485,5196,1401",720575940882092320,"44973,7063,1558",720575940869469147,0.000000
720575940896732090,"23485,5196,1401",720575940882092576,"44111,5787,1151",720575940908400644,40.263730
720575940896732090,"23485,5196,1401",720575940878946100,"13153,5700,2154",720575940917797795,191.584202
720575940896732090,"23485,5196,1401",720575940882093088,"24136,3911,1002",720575940869469403,161.660093
720575940896732090,"23485,5196,1401",720575940847560045,"41727,5321,1579",720575940905121334,30.968987
720575940896732090,"23485,5196,1401",720575940898736274,"20994,6297,2199",720575940884791610,0.000000
720575940902624978,"26000,5201,1651",720575940904099536,"29320,4453,1733",720575940881624259,83.012124
720575940902624978,"26000,5201,1651",720575940900924101,"24306,3929,1314",720575940903762211,72.795618
720575940902624978,"26000,5201,1651",720575940911437161,"27344,3514,1565",720575940878345595,54.878716
720575940902624978,"26000,5201,1651",720575940932822676,"22490,3798,2283",720575940924205189,32.896431
720575940902624978,"26000,5201,1651",720575940898806193,"24461,3600,2248",720575940885439590,53.166066
720575940902624978,"26000,5201,1651",720575940905063126,"30532,4598,1070",720575940898889927,96.594804
720575940902624978,"26000,5201,1651",720575940890101684,"25384,4074,1605",720575940883908636,218.266708
720575940902624978,"26000,5201,1651",720575940890209582,"21636,4289,2083",720575940888829455,319.801379
720575940902624978,"26000,5201,1651",720575940927269708,"23751,4351,1605",720575940882093178,142.484220
720575940902624978,"26000,5201,1651",720575940881780816,"27295,4519,1330",720575940899607728,353.911818
720575940902624978,"26000,5201,1651",720575940890729167,"29556,5160,1151",720575940894196379,144.528525
720575940902624978,"26000,5201,1651",720575940929722145,"32485,5455,1334",720575940919043143,219.097069
720575940902624978,"26000,5201,1651",720575940882092320,"44973,7063,1558",720575940869469147,40.213831
720575940902624978,"26000,5201,1651",720575940882092576,"44111,5787,1151",720575940908400644,0.000000
720575940902624978,"26000,5201,1651",720575940878946100,"13153,5700,2154",720575940917797795,48.193272
720575940902624978,"26000,5201,1651",720575940882093088,"24136,3911,1002",720575940869469403,154.950047
720575940902624978,"26000,5201,1651",720575940847560045,"41727,5321,1579",720575940905121334,131.173635
720575940902624978,"26000,5201,1651",720575940898736274,"20994,6297,2199",720575940884791610,121.845534
720575940941124460,"25705,5363,1401",720575940904099536,"29320,4453,1733",720575940881624259,9.414045
720575940941124460,"25705,5363,1401",720575940900924101,"24306,3929,1314",720575940903762211,15.143513
720575940941124460,"25705,5363,1401",720575940911437161,"27344,3514,1565",720575940878345595,0.000000
720575940941124460,"25705,5363,1401",720575940932822676,"22490,3798,2283",720575940924205189,0.000000
720575940941124460,"25705,5363,1401",720575940898806193,"24461,3600,2248",720575940885439590,0.000000
720575940941124460,"25705,5363,1401",720575940905063126,"30532,4598,1070",720575940898889927,0.000000
720575940941124460,"25705,5363,1401",720575940890101684,"25384,4074,1605",720575940883908636,103.667458
720575940941124460,"25705,5363,1401",720575940890209582,"21636,4289,2083",720575940888829455,112.109608
720575940941124460,"25705,5363,1401",720575940927269708,"23751,4351,1605",720575940882093178,63.526029
720575940941124460,"25705,5363,1401",720575940881780816,"27295,4519,1330",720575940899607728,86.512456
720575940941124460,"25705,5363,1401",720575940890729167,"29556,5160,1151",720575940894196379,71.285760
720575940941124460,"25705,5363,1401",720575940929722145,"32485,5455,1334",720575940919043143,51.803748
720575940941124460,"25705,5363,1401",720575940882092320,"44973,7063,1558",720575940869469147,46.534442
720575940941124460,"25705,5363,1401",720575940882092576,"44111,5787,1151",720575940908400644,6.998661
720575940941124460,"25705,5363,1401",720575940878946100,"13153,5700,2154",720575940917797795,0.000000
720575940941124460,"25705,5363,1401",720575940882093088,"24136,3911,1002",720575940869469403,12.481441
720575940941124460,"25705,5363,1401",720575940847560045,"41727,5321,1579",720575940905121334,30.529613
720575940941124460,"25705,5363,1401",720575940898736274,"20994,6297,2199",720575940884791610,99.825981
720575940917422227,"23227,5435,2051",720575940904099536,"29320,4453,1733",720575940881624259,364.767394
720575940917422227,"23227,5435,2051",720575940900924101,"24306,3929,1314",720575940903762211,0.000000
720575940917422227,"23227,5435,2051",720575940911437161,"27344,3514,1565",720575940878345595,13.762449
720575940917422227,"23227,5435,2051",720575940932822676,"22490,3798,2283",720575940924205189,15.996106
720575940917422227,"23227,5435,2051",720575940898806193,"24461,3600,2248",720575940885439590,11.515116
720575940917422227,"23227,5435,2051",720575940905063126,"30532,4598,1070",720575940898889927,0.000000
720575940917422227,"23227,5435,2051",720575940890101684,"25384,4074,1605",720575940883908636,254.583743
720575940917422227,"23227,5435,2051",720575940890209582,"21636,4289,2083",720575940888829455,435.365835
720575940917422227,"23227,5435,2051",720575940927269708,"23751,4351,1605",720575940882093178,108.706144
720575940917422227,"23227,5435,2051",720575940881780816,"27295,4519,1330",720575940899607728,157.027596
720575940917422227,"23227,5435,2051",720575940890729167,"29556,5160,1151",720575940894196379,73.082738
720575940917422227,"23227,5435,2051",720575940929722145,"32485,5455,1334",720575940919043143,149.013342
720575940917422227,"23227,5435,2051",720575940882092320,"44973,7063,1558",720575940869469147,229.496643
720575940917422227,"23227,5435,2051",720575940882092576,"44111,5787,1151",720575940908400644,76.463798
720575940917422227,"23227,5435,2051",720575940878946100,"13153,5700,2154",720575940917797795,135.321523
720575940917422227,"23227,5435,2051",720575940882093088,"24136,3911,1002",720575940869469403,25.509839
720575940917422227,"23227,5435,2051",720575940847560045,"41727,5321,1579",720575940905121334,433.068841
720575940917422227,"23227,5435,2051",720575940898736274,"20994,6297,2199",720575940884791610,55.995131
720575940880839442,"24788,5284,1701",720575940904099536,"29320,4453,1733",720575940881624259,122.963954
720575940880839442,"24788,5284,1701",720575940900924101,"24306,3929,1314",720575940903762211,33.462287
720575940880839442,"24788,5284,1701",720575940911437161,"27344,3514,1565",720575940878345595,23.290755
720575940880839442,"24788,5284,1701",720575940932822676,"22490,3798,2283",720575940924205189,74.599128
720575940880839442,"24788,5284,1701",720575940898806193,"24461,3600,2248",720575940885439590,33.691370
720575940880839442,"24788,5284,1701",720575940905063126,"30532,4598,1070",720575940898889927,97.932416
720575940880839442,"24788,5284,1701",720575940890101684,"25384,4074,1605",720575940883908636,385.527219
720575940880839442,"24788,5284,1701",720575940890209582,"21636,4289,2083",720575940888829455,536.655419
720575940880839442,"24788,5284,1701",720575940927269708,"23751,4351,1605",720575940882093178,281.600414
720575940880839442,"24788,5284,1701",720575940881780816,"27295,4519,1330",720575940899607728,377.689342
720575940880839442,"24788,5284,1701",720575940890729167,"29556,5160,1151",720575940894196379,117.833401
720575940880839442,"24788,5284,1701",720575940929722145,"32485,5455,1334",720575940919043143,356.127719
720575940880839442,"24788,5284,1701",720575940882092320,"44973,7063,1558",720575940869469147,300.023973
720575940880839442,"24788,5284,1701",720575940882092576,"44111,5787,1151",720575940908400644,63.677790
720575940880839442,"24788,5284,1701",720575940878946100,"13153,5700,2154",720575940917797795,63.974165
720575940880839442,"24788,5284,1701",720575940882093088,"24136,3911,1002",720575940869469403,124.000524
720575940880839442,"24788,5284,1701",720575940847560045,"41727,5321,1579",720575940905121334,243.575209
720575940880839442,"24788,5284,1701",720575940898736274,"20994,6297,2199",720575940884791610,133.624142
720575940885432678,"28884,3922,1401",720575940904099536,"29320,4453,1733",720575940881624259,143.936842
720575940885432678,"28884,3922,1401",720575940900924101,"24306,3929,1314",720575940903762211,99.980672
720575940885432678,"28884,3922,1401",720575940911437161,"27344,3514,1565",720575940878345595,82.782873
720575940885432678,"28884,3922,1401",720575940932822676,"22490,3798,2283",720575940924205189,0.000000
720575940885432678,"28884,3922,1401",720575940898806193,"24461,3600,2248",720575940885439590,133.771946
720575940885432678,"28884,3922,1401",720575940905063126,"30532,4598,1070",720575940898889927,206.972766
720575940885432678,"28884,3922,1401",720575940890101684,"25384,4074,1605",720575940883908636,200.670778
720575940885432678,"28884,3922,1401",720575940890209582,"21636,4289,2083",720575940888829455,99.857659
720575940885432678,"28884,3922,1401",720575940927269708,"23751,4351,1605",720575940882093178,203.334693
720575940885432678,"28884,3922,1401",720575940881780816,"27295,4519,1330",720575940899607728,239.236315
720575940885432678,"28884,3922,1401",720575940890729167,"29556,5160,1151",720575940894196379,156.753343
720575940885432678,"28884,3922,1401",720575940929722145,"32485,5455,1334",720575940919043143,208.774136
720575940885432678,"28884,3922,1401",720575940882092320,"44973,7063,1558",720575940869469147,4.091766
720575940885432678,"28884,3922,1401",720575940882092576,"44111,5787,1151",720575940908400644,112.607500
720575940885432678,"28884,3922,1401",720575940878946100,"13153,5700,2154",720575940917797795,161.805327
720575940885432678,"28884,3922,1401",720575940882093088,"24136,3911,1002",720575940869469403,48.200464
720575940885432678,"28884,3922,1401",720575940847560045,"41727,5321,1579",720575940905121334,80.031526
720575940885432678,"28884,3922,1401",720575940898736274,"20994,6297,2199",720575940884791610,49.850015
720575940890107704,"23581,3801,1701",720575940904099536,"29320,4453,1733",720575940881624259,55.077714
720575940890107704,"23581,3801,1701",720575940900924101,"24306,3929,1314",720575940903762211,158.867381
720575940890107704,"23581,3801,1701",720575940911437161,"27344,3514,1565",720575940878345595,237.479390
720575940890107704,"23581,3801,1701",720575940932822676,"22490,3798,2283",720575940924205189,59.159946
720575940890107704,"23581,3801,1701",720575940898806193,"24461,3600,2248",720575940885439590,215.253148
720575940890107704,"23581,3801,1701",720575940905063126,"30532,4598,1070",720575940898889927,220.366516
720575940890107704,"23581,3801,1701",720575940890101684,"25384,4074,1605",720575940883908636,357.034627
720575940890107704,"23581,3801,1701",720575940890209582,"21636,4289,2083",720575940888829455,190.571326
720575940890107704,"23581,3801,1701",720575940927269708,"23751,4351,1605",720575940882093178,282.869799
720575940890107704,"23581,3801,1701",720575940881780816,"27295,4519,1330",720575940899607728,93.776686
720575940890107704,"23581,3801,1701",720575940890729167,"29556,5160,1151",720575940894196379,197.407907
720575940890107704,"23581,3801,1701",720575940929722145,"32485,5455,1334",720575940919043143,151.135002
720575940890107704,"23581,3801,1701",720575940882092320,"44973,7063,1558",720575940869469147,44.173000
720575940890107704,"23581,3801,1701",720575940882092576,"44111,5787,1151",720575940908400644,47.568876
720575940890107704,"23581,3801,1701",720575940878946100,"13153,5700,2154",720575940917797795,74.577104
720575940890107704,"23581,3801,1701",720575940882093088,"24136,3911,1002",720575940869469403,173.469388
720575940890107704,"23581,3801,1701",720575940847560045,"41727,5321,1579",720575940905121334,61.492474
720575940890107704,"23581,3801,1701",720575940898736274,"20994,6297,2199",720575940884791610,0.000000
720575940916299357,"16148,2322,1717",720575940904099536,"29320,4453,1733",720575940881624259,19.463437
720575940916299357,"16148,2322,1717",720575940900924101,"24306,3929,1314",720575940903762211,92.628843
720575940916299357,"16148,2322,1717",720575940911437161,"27344,3514,1565",720575940878345595,27.196749
720575940916299357,"16148,2322,1717",720575940932822676,"22490,3798,2283",720575940924205189,25.532307
720575940916299357,"16148,2322,1717",720575940898806193,"24461,3600,2248",720575940885439590,40.267349
720575940916299357,"16148,2322,1717",720575940905063126,"30532,4598,1070",720575940898889927,50.711173
720575940916299357,"16148,2322,1717",720575940890101684,"25384,4074,1605",720575940883908636,146.205154
720575940916299357,"16148,2322,1717",720575940890209582,"21636,4289,2083",720575940888829455,104.892058
720575940916299357,"16148,2322,1717",720575940927269708,"23751,4351,1605",720575940882093178,46.975244
720575940916299357,"16148,2322,1717",720575940881780816,"27295,4519,1330",720575940899607728,62.004659
720575940916299357,"16148,2322,1717",720575940890729167,"29556,5160,1151",720575940894196379,137.161699
720575940916299357,"16148,2322,1717",720575940929722145,"32485,5455,1334",720575940919043143,0.000000
720575940916299357,"16148,2322,1717",720575940882092320,"44973,7063,1558",720575940869469147,0.000000
720575940916299357,"16148,2322,1717",720575940882092576,"44111,5787,1151",720575940908400644,70.437499
720575940916299357,"16148,2322,1717",720575940878946100,"13153,5700,2154",720575940917797795,124.946574
720575940916299357,"16148,2322,1717",720575940882093088,"24136,3911,1002",720575940869469403,242.583001
720575940916299357,"16148,2322,1717",720575940847560045,"41727,5321,1579",720575940905121334,0.000000
720575940916299357,"16148,2322,1717",720575940898736274,"20994,6297,2199",720575940884791610,39.951778
720575940882160356,"34323,3365,2555",720575940904099536,"29320,4453,1733",720575940881624259,233.951815
720575940882160356,"34323,3365,2555",720575940900924101,"24306,3929,1314",720575940903762211,11.589337
720575940882160356,"34323,3365,2555",720575940911437161,"27344,3514,1565",720575940878345595,220.341125
720575940882160356,"34323,3365,2555",720575940932822676,"22490,3798,2283",720575940924205189,89.456574
720575940882160356,"34323,3365,2555",720575940898806193,"24461,3600,2248",720575940885439590,15.325244
720575940882160356,"34323,3365,2555",720575940905063126,"30532,4598,1070",720575940898889927,16.895277
720575940882160356,"34323,3365,2555",720575940890101684,"25384,4074,1605",720575940883908636,130.329798
720575940882160356,"34323,3365,2555",720575940890209582,"21636,4289,2083",720575940888829455,160.957905
720575940882160356,"34323,3365,2555",720575940927269708,"23751,4351,1605",720575940882093178,132.451700
720575940882160356,"34323,3365,2555",720575940881780816,"27295,4519,1330",720575940899607728,221.732871
720575940882160356,"34323,3365,2555",720575940890729167,"29556,5160,1151",720575940894196379,19.608432
720575940882160356,"34323,3365,2555",720575940929722145,"32485,5455,1334",720575940919043143,55.724412
720575940882160356,"34323,3365,2555",720575940882092320,"44973,7063,1558",720575940869469147,229.010914
720575940882160356,"34323,3365,2555",720575940882092576,"44111,5787,1151",720575940908400644,23.145518
720575940882160356,"34323,3365,2555",720575940878946100,"13153,5700,2154",720575940917797795,145.828579
720575940882160356,"34323,3365,2555",720575940882093088,"24136,3911,1002",720575940869469403,18.684778
720575940882160356,"34323,3365,2555",720575940847560045,"41727,5321,1579",720575940905121334,232.842057
720575940882160356,"34323,3365,2555",720575940898736274,"20994,6297,2199",720575940884791610,116.748750
720575940923272236,"24777,3336,2304",720575940904099536,"29320,4453,1733",720575940881624259,383.062096
720575940923272236,"24777,3336,2304",720575940900924101,"24306,3929,1314",720575940903762211,37.438815
720575940923272236,"24777,3336,2304",720575940911437161,"27344,3514,1565",720575940878345595,172.303600
720575940923272236,"24777,3336,2304",720575940932822676,"22490,3798,2283",720575940924205189,25.764331
720575940923272236,"24777,3336,2304",720575940898806193,"24461,3600,2248",720575940885439590,26.329853
720575940923272236,"24777,3336,2304",720575940905063126,"30532,4598,1070",720575940898889927,10.958876
720575940923272236,"24777,3336,2304",720575940890101684,"25384,4074,1605",720575940883908636,181.106175
720575940923272236,"24777,3336,2304",720575940890209582,"21636,4289,2083",720575940888829455,292.542927
720575940923272236,"24777,3336,2304",720575940927269708,"23751,4351,1605",720575940882093178,97.968545
720575940923272236,"24777,3336,2304",720575940881780816,"27295,4519,1330",720575940899607728,114.926965
720575940923272236,"24777,3336,2304",720575940890729167,"29556,5160,1151",720575940894196379,81.171069
720575940923272236,"24777,3336,2304",720575940929722145,"32485,5455,1334",720575940919043143,129.198489
720575940923272236,"24777,3336,2304",720575940882092320,"44973,7063,1558",720575940869469147,11.325097
720575940923272236,"24777,3336,2304",720575940882092576,"44111,5787,1151",720575940908400644,57.007794
720575940923272236,"24777,3336,2304",720575940878946100,"13153,5700,2154",720575940917797795,115.548136
720575940923272236,"24777,3336,2304",720575940882093088,"24136,3911,1002",720575940869469403,20.605126
720575940923272236,"24777,3336,2304",720575940847560045,"41727,5321,1579",720575940905121334,149.848252
720575940923272236,"24777,3336,2304",720575940898736274,"20994,6297,2199",720575940884791610,39.919385
720575940920054001,"14076,2954,2977",720575940904099536,"29320,4453,1733",720575940881624259,7.781168
720575940920054001,"14076,2954,2977",720575940900924101,"24306,3929,1314",720575940903762211,0.000000
720575940920054001,"14076,2954,2977",720575940911437161,"27344,3514,1565",720575940878345595,0.000000
720575940920054001,"14076,2954,2977",720575940932822676,"22490,3798,2283",720575940924205189,0.000000
720575940920054001,"14076,2954,2977",720575940898806193,"24461,3600,2248",720575940885439590,54.823694
720575940920054001,"14076,2954,2977",720575940905063126,"30532,4598,1070",720575940898889927,0.000000
720575940920054001,"14076,2954,2977",720575940890101684,"25384,4074,1605",720575940883908636,4.019107
720575940920054001,"14076,2954,2977",720575940890209582,"21636,4289,2083",720575940888829455,11.794409
720575940920054001,"14076,2954,2977",720575940927269708,"23751,4351,1605",720575940882093178,0.000000
720575940920054001,"14076,2954,2977",720575940881780816,"27295,4519,1330",720575940899607728,56.815987
720575940920054001,"14076,2954,2977",720575940890729167,"29556,5160,1151",720575940894196379,12.170948
720575940920054001,"14076,2954,2977",720575940929722145,"32485,5455,1334",720575940919043143,22.244669
720575940920054001,"14076,2954,2977",720575940882092320,"44973,7063,1558",720575940869469147,0.000000
720575940920054001,"14076,2954,2977",720575940882092576,"44111,5787,1151",720575940908400644,39.092612
720575940920054001,"14076,2954,2977",720575940878946100,"13153,5700,2154",720575940917797795,61.132173
720575940920054001,"14076,2954,2977",720575940882093088,"24136,3911,1002",720575940869469403,25.080430
720575940920054001,"14076,2954,2977",720575940847560045,"41727,5321,1579",720575940905121334,23.269203
720575940920054001,"14076,2954,2977",720575940898736274,"20994,6297,2199",720575940884791610,0.000000
720575940890108216,"34982,3530,1714",720575940904099536,"29320,4453,1733",720575940881624259,95.278043
720575940890108216,"34982,3530,1714",720575940900924101,"24306,3929,1314",720575940903762211,20.880085
720575940890108216,"34982,3530,1714",720575940911437161,"27344,3514,1565",720575940878345595,35.768160
720575940890108216,"34982,3530,1714",720575940932822676,"22490,3798,2283",720575940924205189,0.000000
720575940890108216,"34982,3530,1714",720575940898806193,"24461,3600,2248",720575940885439590,27.370986
720575940890108216,"34982,3530,1714",720575940905063126,"30532,4598,1070",720575940898889927,0.000000
720575940890108216,"34982,3530,1714",720575940890101684,"25384,4074,1605",720575940883908636,64.224288
720575940890108216,"34982,3530,1714",720575940890209582,"21636,4289,2083",720575940888829455,54.935936
720575940890108216,"34982,3530,1714",720575940927269708,"23751,4351,1605",720575940882093178,19.732105
720575940890108216,"34982,3530,1714",720575940881780816,"27295,4519,1330",720575940899607728,107.943527
720575940890108216,"34982,3530,1714",720575940890729167,"29556,5160,1151",720575940894196379,10.807512
720575940890108216,"34982,3530,1714",720575940929722145,"32485,5455,1334",720575940919043143,31.641970
720575940890108216,"34982,3530,1714",720575940882092320,"44973,7063,1558",720575940869469147,100.157921
720575940890108216,"34982,3530,1714",720575940882092576,"44111,5787,1151",720575940908400644,0.000000
720575940890108216,"34982,3530,1714",720575940878946100,"13153,5700,2154",720575940917797795,33.052466
720575940890108216,"34982,3530,1714",720575940882093088,"24136,3911,1002",720575940869469403,31.859365
720575940890108216,"34982,3530,1714",720575940847560045,"41727,5321,1579",720575940905121334,199.792524
720575940890108216,"34982,3530,1714",720575940898736274,"20994,6297,2199",720575940884791610,24.282747
720575940881936465,"28084,3304,1867",720575940904099536,"29320,4453,1733",720575940881624259,213.329058
720575940881936465,"28084,3304,1867",720575940900924101,"24306,3929,1314",720575940903762211,68.964374
720575940881936465,"28084,3304,1867",720575940911437161,"27344,3514,1565",720575940878345595,100.180506
720575940881936465,"28084,3304,1867",720575940932822676,"22490,3798,2283",720575940924205189,40.575169
720575940881936465,"28084,3304,1867",720575940898806193,"24461,3600,2248",720575940885439590,93.551134
720575940881936465,"28084,3304,1867",720575940905063126,"30532,4598,1070",720575940898889927,35.893963
720575940881936465,"28084,3304,1867",720575940890101684,"25384,4074,1605",720575940883908636,244.964667
720575940881936465,"28084,3304,1867",720575940890209582,"21636,4289,2083",720575940888829455,135.673959
720575940881936465,"28084,3304,1867",720575940927269708,"23751,4351,1605",720575940882093178,176.952981
720575940881936465,"28084,3304,1867",720575940881780816,"27295,4519,1330",720575940899607728,143.854214
720575940881936465,"28084,3304,1867",720575940890729167,"29556,5160,1151",720575940894196379,76.959454
720575940881936465,"28084,3304,1867",720575940929722145,"32485,5455,1334",720575940919043143,125.606203
720575940881936465,"28084,3304,1867",720575940882092320,"44973,7063,1558",720575940869469147,43.751854
720575940881936465,"28084,3304,1867",720575940882092576,"44111,5787,1151",720575940908400644,142.039326
720575940881936465,"28084,3304,1867",720575940878946100,"13153,5700,2154",720575940917797795,46.838855
720575940881936465,"28084,3304,1867",720575940882093088,"24136,3911,1002",720575940869469403,37.860066
720575940881936465,"28084,3304,1867",720575940847560045,"41727,5321,1579",720575940905121334,233.937771
720575940881936465,"28084,3304,1867",720575940898736274,"20994,6297,2199",720575940884791610,110.485659
720575940877146203,"38468,3248,2038",720575940904099536,"29320,4453,1733",720575940881624259,59.171303
720575940877146203,"38468,3248,2038",720575940900924101,"24306,3929,1314",720575940903762211,0.000000
720575940877146203,"38468,3248,2038",720575940911437161,"27344,3514,1565",720575940878345595,56.588453
720575940877146203,"38468,3248,2038",720575940932822676,"22490,3798,2283",720575940924205189,13.212710
720575940877146203,"38468,3248,2038",720575940898806193,"24461,3600,2248",720575940885439590,0.000000
720575940877146203,"38468,3248,2038",720575940905063126,"30532,4598,1070",720575940898889927,0.000000
720575940877146203,"38468,3248,2038",720575940890101684,"25384,4074,1605",720575940883908636,104.064242
720575940877146203,"38468,3248,2038",720575940890209582,"21636,4289,2083",720575940888829455,42.883948
720575940877146203,"38468,3248,2038",720575940927269708,"23751,4351,1605",720575940882093178,21.701673
720575940877146203,"38468,3248,2038",720575940881780816,"27295,4519,1330",720575940899607728,213.369772
720575940877146203,"38468,3248,2038",720575940890729167,"29556,5160,1151",720575940894196379,0.000000
720575940877146203,"38468,3248,2038",720575940929722145,"32485,5455,1334",720575940919043143,0.000000
720575940877146203,"38468,3248,2038",720575940882092320,"44973,7063,1558",720575940869469147,0.000000
720575940877146203,"38468,3248,2038",720575940882092576,"44111,5787,1151",720575940908400644,39.864730
720575940877146203,"38468,3248,2038",720575940878946100,"13153,5700,2154",720575940917797795,2.792824
720575940877146203,"38468,3248,2038",720575940882093088,"24136,3911,1002",720575940869469403,50.533142
720575940877146203,"38468,3248,2038",720575940847560045,"41727,5321,1579",720575940905121334,112.639857
720575940877146203,"38468,3248,2038",720575940898736274,"20994,6297,2199",720575940884791610,16.204479
720575940861447666,"24055,3302,2613",720575940904099536,"29320,4453,1733",720575940881624259,180.074799
720575940861447666,"24055,3302,2613",720575940900924101,"24306,3929,1314",720575940903762211,10.497360
720575940861447666,"24055,3302,2613",720575940911437161,"27344,3514,1565",720575940878345595,306.344523
720575940861447666,"24055,3302,2613",720575940932822676,"22490,3798,2283",720575940924205189,133.900354
720575940861447666,"24055,3302,2613",720575940898806193,"24461,3600,2248",720575940885439590,101.561592
720575940861447666,"24055,3302,2613",720575940905063126,"30532,4598,1070",720575940898889927,62.550158
720575940861447666,"24055,3302,2613",720575940890101684,"25384,4074,1605",720575940883908636,24.579464
720575940861447666,"24055,3302,2613",720575940890209582,"21636,4289,2083",720575940888829455,52.085510
720575940861447666,"24055,3302,2613",720575940927269708,"23751,4351,1605",720575940882093178,11.901306
720575940861447666,"24055,3302,2613",720575940881780816,"27295,4519,1330",720575940899607728,47.901747
720575940861447666,"24055,3302,2613",720575940890729167,"29556,5160,1151",720575940894196379,0.000000
720575940861447666,"24055,3302,2613",720575940929722145,"32485,5455,1334",720575940919043143,44.178660
720575940861447666,"24055,3302,2613",720575940882092320,"44973,7063,1558",720575940869469147,30.569849
720575940861447666,"24055,3302,2613",720575940882092576,"44111,5787,1151",720575940908400644,34.866722
720575940861447666,"24055,3302,2613",720575940878946100,"13153,5700,2154",720575940917797795,91.873804
720575940861447666,"24055,3302,2613",720575940882093088,"24136,3911,1002",720575940869469403,22.928726
720575940861447666,"24055,3302,2613",720575940847560045,"41727,5321,1579",720575940905121334,126.444387
720575940861447666,"24055,3302,2613",720575940898736274,"20994,6297,2199",720575940884791610,52.152864
720575940921525267,"26830,3107,2808",720575940904099536,"29320,4453,1733",720575940881624259,145.822447
720575940921525267,"26830,3107,2808",720575940900924101,"24306,3929,1314",720575940903762211,0.000000
720575940921525267,"26830,3107,2808",720575940911437161,"27344,3514,1565",720575940878345595,27.001045
720575940921525267,"26830,3107,2808",720575940932822676,"22490,3798,2283",720575940924205189,44.483258
720575940921525267,"26830,3107,2808",720575940898806193,"24461,3600,2248",720575940885439590,0.000000
720575940921525267,"26830,3107,2808",720575940905063126,"30532,4598,1070",720575940898889927,0.000000
720575940921525267,"26830,3107,2808",720575940890101684,"25384,4074,1605",720575940883908636,2.684320
720575940921525267,"26830,3107,2808",720575940890209582,"21636,4289,2083",720575940888829455,65.199476
720575940921525267,"26830,3107,2808",720575940927269708,"23751,4351,1605",720575940882093178,0.000000
720575940921525267,"26830,3107,2808",720575940881780816,"27295,4519,1330",720575940899607728,10.555877
720575940921525267,"26830,3107,2808",720575940890729167,"29556,5160,1151",720575940894196379,0.000000
720575940921525267,"26830,3107,2808",720575940929722145,"32485,5455,1334",720575940919043143,0.000000
720575940921525267,"26830,3107,2808",720575940882092320,"44973,7063,1558",720575940869469147,82.733147
720575940921525267,"26830,3107,2808",720575940882092576,"44111,5787,1151",720575940908400644,88.743725
720575940921525267,"26830,3107,2808",720575940878946100,"13153,5700,2154",720575940917797795,26.328868
720575940921525267,"26830,3107,2808",720575940882093088,"24136,3911,1002",720575940869469403,4.683472
720575940921525267,"26830,3107,2808",720575940847560045,"41727,5321,1579",720575940905121334,70.224583
720575940921525267,"26830,3107,2808",720575940898736274,"20994,6297,2199",720575940884791610,329.324789
720575940902634194,"27852,2987,2083",720575940904099536,"29320,4453,1733",720575940881624259,247.957581
720575940902634194,"27852,2987,2083",720575940900924101,"24306,3929,1314",720575940903762211,23.284272
720575940902634194,"27852,2987,2083",720575940911437161,"27344,3514,1565",720575940878345595,45.587039
720575940902634194,"27852,2987,2083",720575940932822676,"22490,3798,2283",720575940924205189,42.216315
720575940902634194,"27852,2987,2083",720575940898806193,"24461,3600,2248",720575940885439590,6.619650
720575940902634194,"27852,2987,2083",720575940905063126,"30532,4598,1070",720575940898889927,199.285791
720575940902634194,"27852,2987,2083",720575940890101684,"25384,4074,1605",720575940883908636,249.445653
720575940902634194,"27852,2987,2083",720575940890209582,"21636,4289,2083",720575940888829455,162.613978
720575940902634194,"27852,2987,2083",720575940927269708,"23751,4351,1605",720575940882093178,234.411727
720575940902634194,"27852,2987,2083",720575940881780816,"27295,4519,1330",720575940899607728,317.474400
720575940902634194,"27852,2987,2083",720575940890729167,"29556,5160,1151",720575940894196379,161.134013
720575940902634194,"27852,2987,2083",720575940929722145,"32485,5455,1334",720575940919043143,216.954701
720575940902634194,"27852,2987,2083",720575940882092320,"44973,7063,1558",720575940869469147,61.802304
720575940902634194,"27852,2987,2083",720575940882092576,"44111,5787,1151",720575940908400644,27.853858
720575940902634194,"27852,2987,2083",720575940878946100,"13153,5700,2154",720575940917797795,146.615403
720575940902634194,"27852,2987,2083",720575940882093088,"24136,3911,1002",720575940869469403,21.478169
720575940902634194,"27852,2987,2083",720575940847560045,"41727,5321,1579",720575940905121334,67.295244
720575940902634194,"27852,2987,2083",720575940898736274,"20994,6297,2199",720575940884791610,32.659870
720575940913573871,"12508,2724,2584",720575940904099536,"29320,4453,1733",720575940881624259,5.090591
720575940913573871,"12508,2724,2584",720575940900924101,"24306,3929,1314",720575940903762211,97.206575
720575940913573871,"12508,2724,2584",720575940911437161,"27344,3514,1565",720575940878345595,71.568993
720575940913573871,"12508,2724,2584",720575940932822676,"22490,3798,2283",720575940924205189,63.574624
720575940913573871,"12508,2724,2584",720575940898806193,"24461,3600,2248",720575940885439590,24.505342
720575940913573871,"12508,2724,2584",720575940905063126,"30532,4598,1070",720575940898889927,35.288753
720575940913573871,"12508,2724,2584",720575940890101684,"25384,4074,1605",720575940883908636,0.000000
720575940913573871,"12508,2724,2584",720575940890209582,"21636,4289,2083",720575940888829455,53.000700
720575940913573871,"12508,2724,2584",720575940927269708,"23751,4351,1605",720575940882093178,1.661074
720575940913573871,"12508,2724,2584",720575940881780816,"27295,4519,1330",720575940899607728,74.974418
720575940913573871,"12508,2724,2584",720575940890729167,"29556,5160,1151",720575940894196379,27.528972
720575940913573871,"12508,2724,2584",720575940929722145,"32485,5455,1334",720575940919043143,8.913558
720575940913573871,"12508,2724,2584",720575940882092320,"44973,7063,1558",720575940869469147,0.000000
720575940913573871,"12508,2724,2584",720575940882092576,"44111,5787,1151",720575940908400644,31.872199
720575940913573871,"12508,2724,2584",720575940878946100,"13153,5700,2154",720575940917797795,232.346895
720575940913573871,"12508,2724,2584",720575940882093088,"24136,3911,1002",720575940869469403,0.000000
720575940913573871,"12508,2724,2584",720575940847560045,"41727,5321,1579",720575940905121334,0.000000
720575940913573871,"12508,2724,2584",720575940898736274,"20994,6297,2199",720575940884791610,15.733708
720575940882672796,"33882,3284,1493",720575940904099536,"29320,4453,1733",720575940881624259,220.408548
720575940882672796,"33882,3284,1493",720575940900924101,"24306,3929,1314",720575940903762211,109.844474
720575940882672796,"33882,3284,1493",720575940911437161,"27344,3514,1565",720575940878345595,157.560788
720575940882672796,"33882,3284,1493",720575940932822676,"22490,3798,2283",720575940924205189,21.776369
720575940882672796,"33882,3284,1493",720575940898806193,"24461,3600,2248",720575940885439590,98.751256
720575940882672796,"33882,3284,1493",720575940905063126,"30532,4598,1070",720575940898889927,44.630563
720575940882672796,"33882,3284,1493",720575940890101684,"25384,4074,1605",720575940883908636,159.133801
720575940882672796,"33882,3284,1493",720575940890209582,"21636,4289,2083",720575940888829455,55.655199
720575940882672796,"33882,3284,1493",720575940927269708,"23751,4351,1605",720575940882093178,82.104117
720575940882672796,"33882,3284,1493",720575940881780816,"27295,4519,1330",720575940899607728,107.126090
720575940882672796,"33882,3284,1493",720575940890729167,"29556,5160,1151",720575940894196379,24.993794
720575940882672796,"33882,3284,1493",720575940929722145,"32485,5455,1334",720575940919043143,121.289584
720575940882672796,"33882,3284,1493",720575940882092320,"44973,7063,1558",720575940869469147,31.406165
720575940882672796,"33882,3284,1493",720575940882092576,"44111,5787,1151",720575940908400644,122.478748
720575940882672796,"33882,3284,1493",720575940878946100,"13153,5700,2154",720575940917797795,24.281488
720575940882672796,"33882,3284,1493",720575940882093088,"24136,3911,1002",720575940869469403,51.076508
720575940882672796,"33882,3284,1493",720575940847560045,"41727,5321,1579",720575940905121334,109.427324
720575940882672796,"33882,3284,1493",720575940898736274,"20994,6297,2199",720575940884791610,50.241076
720575940915253823,"28251,3481,1371",720575940904099536,"29320,4453,1733",720575940881624259,91.865687
720575940915253823,"28251,3481,1371",720575940900924101,"24306,3929,1314",720575940903762211,261.792583
720575940915253823,"28251,3481,1371",720575940911437161,"27344,3514,1565",720575940878345595,105.706702
720575940915253823,"28251,3481,1371",720575940932822676,"22490,3798,2283",720575940924205189,126.884967
720575940915253823,"28251,3481,1371",720575940898806193,"24461,3600,2248",720575940885439590,115.118295
720575940915253823,"28251,3481,1371",720575940905063126,"30532,4598,1070",720575940898889927,148.260858
720575940915253823,"28251,3481,1371",720575940890101684,"25384,4074,1605",720575940883908636,267.903320
720575940915253823,"28251,3481,1371",720575940890209582,"21636,4289,2083",720575940888829455,266.136271
720575940915253823,"28251,3481,1371",720575940927269708,"23751,4351,1605",720575940882093178,155.281505
720575940915253823,"28251,3481,1371",720575940881780816,"27295,4519,1330",720575940899607728,154.813966
720575940915253823,"28251,3481,1371",720575940890729167,"29556,5160,1151",720575940894196379,156.500068
720575940915253823,"28251,3481,1371",720575940929722145,"32485,5455,1334",720575940919043143,186.534902
720575940915253823,"28251,3481,1371",720575940882092320,"44973,7063,1558",720575940869469147,18.444637
720575940915253823,"28251,3481,1371",720575940882092576,"44111,5787,1151",720575940908400644,0.000000
720575940915253823,"28251,3481,1371",720575940878946100,"13153,5700,2154",720575940917797795,43.325459
720575940915253823,"28251,3481,1371",720575940882093088,"24136,3911,1002",720575940869469403,196.398026
720575940915253823,"28251,3481,1371",720575940847560045,"41727,5321,1579",720575940905121334,65.156285
720575940915253823,"28251,3481,1371",720575940898736274,"20994,6297,2199",720575940884791610,54.611364
720575940891783079,"15874,3062,2798",720575940904099536,"29320,4453,1733",720575940881624259,15.710652
720575940891783079,"15874,3062,2798",720575940900924101,"24306,3929,1314",720575940903762211,0.000000
720575940891783079,"15874,3062,2798",720575940911437161,"27344,3514,1565",720575940878345595,29.444330
720575940891783079,"15874,3062,2798",720575940932822676,"22490,3798,2283",720575940924205189,13.896704
720575940891783079,"15874,3062,2798",720575940898806193,"24461,3600,2248",720575940885439590,145.864108
720575940891783079,"15874,3062,2798",720575940905063126,"30532,4598,1070",720575940898889927,12.720402
720575940891783079,"15874,3062,2798",720575940890101684,"25384,4074,1605",720575940883908636,80.547806
720575940891783079,"15874,3062,2798",720575940890209582,"21636,4289,2083",720575940888829455,0.000000
720575940891783079,"15874,3062,2798",720575940927269708,"23751,4351,1605",720575940882093178,0.000000
720575940891783079,"15874,3062,2798",720575940881780816,"27295,4519,1330",720575940899607728,132.772737
720575940891783079,"15874,3062,2798",720575940890729167,"29556,5160,1151",720575940894196379,12.764256
720575940891783079,"15874,3062,2798",720575940929722145,"32485,5455,1334",720575940919043143,24.024089
720575940891783079,"15874,3062,2798",720575940882092320,"44973,7063,1558",720575940869469147,0.000000
720575940891783079,"15874,3062,2798",720575940882092576,"44111,5787,1151",720575940908400644,96.178188
720575940891783079,"15874,3062,2798",720575940878946100,"13153,5700,2154",720575940917797795,174.824654
720575940891783079,"15874,3062,2798",720575940882093088,"24136,3911,1002",720575940869469403,29.447388
720575940891783079,"15874,3062,2798",720575940847560045,"41727,5321,1579",720575940905121334,11.643469
720575940891783079,"15874,3062,2798",720575940898736274,"20994,6297,2199",720575940884791610,0.000000
720575940897454998,"19849,3278,1893",720575940904099536,"29320,4453,1733",720575940881624259,102.986489
720575940897454998,"19849,3278,1893",720575940900924101,"24306,3929,1314",720575940903762211,107.564163
720575940897454998,"19849,3278,1893",720575940911437161,"27344,3514,1565",720575940878345595,114.161221
720575940897454998,"19849,3278,1893",720575940932822676,"22490,3798,2283",720575940924205189,18.148280
720575940897454998,"19849,3278,1893",720575940898806193,"24461,3600,2248",720575940885439590,152.583505
720575940897454998,"19849,3278,1893",720575940905063126,"30532,4598,1070",720575940898889927,88.176064
720575940897454998,"19849,3278,1893",720575940890101684,"25384,4074,1605",720575940883908636,288.288638
720575940897454998,"19849,3278,1893",720575940890209582,"21636,4289,2083",720575940888829455,131.552508
720575940897454998,"19849,3278,1893",720575940927269708,"23751,4351,1605",720575940882093178,274.525967
720575940897454998,"19849,3278,1893",720575940881780816,"27295,4519,1330",720575940899607728,68.979152
720575940897454998,"19849,3278,1893",720575940890729167,"29556,5160,1151",720575940894196379,193.586795
720575940897454998,"19849,3278,1893",720575940929722145,"32485,5455,1334",720575940919043143,87.186637
720575940897454998,"19849,3278,1893",720575940882092320,"44973,7063,1558",720575940869469147,0.000000
720575940897454998,"19849,3278,1893",720575940882092576,"44111,5787,1151",720575940908400644,289.615948
720575940897454998,"19849,3278,1893",720575940878946100,"13153,5700,2154",720575940917797795,87.610132
720575940897454998,"19849,3278,1893",720575940882093088,"24136,3911,1002",720575940869469403,381.221398
720575940897454998,"19849,3278,1893",720575940847560045,"41727,5321,1579",720575940905121334,75.737558
720575940897454998,"19849,3278,1893",720575940898736274,"20994,6297,2199",720575940884791610,0.000000
720575940891518756,"18827,2811,2710",720575940904099536,"29320,4453,1733",720575940881624259,151.240841
720575940891518756,"18827,2811,2710",720575940900924101,"24306,3929,1314",720575940903762211,0.000000
720575940891518756,"18827,2811,2710",720575940911437161,"27344,3514,1565",720575940878345595,109.281837
720575940891518756,"18827,2811,2710",720575940932822676,"22490,3798,2283",720575940924205189,55.411451
720575940891518756,"18827,2811,2710",720575940898806193,"24461,3600,2248",720575940885439590,174.235346
720575940891518756,"18827,2811,2710",720575940905063126,"30532,4598,1070",720575940898889927,14.761660
720575940891518756,"18827,2811,2710",720575940890101684,"25384,4074,1605",720575940883908636,121.889857
720575940891518756,"18827,2811,2710",720575940890209582,"21636,4289,2083",720575940888829455,122.814173
720575940891518756,"18827,2811,2710",720575940927269708,"23751,4351,1605",720575940882093178,17.533818
720575940891518756,"18827,2811,2710",720575940881780816,"27295,4519,1330",720575940899607728,191.265453
720575940891518756,"18827,2811,2710",720575940890729167,"29556,5160,1151",720575940894196379,31.172728
720575940891518756,"18827,2811,2710",720575940929722145,"32485,5455,1334",720575940919043143,95.430596
720575940891518756,"18827,2811,2710",720575940882092320,"44973,7063,1558",720575940869469147,58.233156
720575940891518756,"18827,2811,2710",720575940882092576,"44111,5787,1151",720575940908400644,106.795073
720575940891518756,"18827,2811,2710",720575940878946100,"13153,5700,2154",720575940917797795,66.868480
720575940891518756,"18827,2811,2710",720575940882093088,"24136,3911,1002",720575940869469403,54.994003
720575940891518756,"18827,2811,2710",720575940847560045,"41727,5321,1579",720575940905121334,268.741649
720575940891518756,"18827,2811,2710",720575940898736274,"20994,6297,2199",720575940884791610,182.699135
720575940939715909,"30711,2935,1185",720575940904099536,"29320,4453,1733",720575940881624259,228.092383
720575940939715909,"30711,2935,1185",720575940900924101,"24306,3929,1314",720575940903762211,64.730346
720575940939715909,"30711,2935,1185",720575940911437161,"27344,3514,1565",720575940878345595,106.922779
720575940939715909,"30711,2935,1185",720575940932822676,"22490,3798,2283",720575940924205189,17.057253
720575940939715909,"30711,2935,1185",720575940898806193,"24461,3600,2248",720575940885439590,51.006073
720575940939715909,"30711,2935,1185",720575940905063126,"30532,4598,1070",720575940898889927,87.635784
720575940939715909,"30711,2935,1185",720575940890101684,"25384,4074,1605",720575940883908636,272.025074
720575940939715909,"30711,2935,1185",720575940890209582,"21636,4289,2083",720575940888829455,118.318756
720575940939715909,"30711,2935,1185",720575940927269708,"23751,4351,1605",720575940882093178,69.497156
720575940939715909,"30711,2935,1185",720575940881780816,"27295,4519,1330",720575940899607728,255.009969
720575940939715909,"30711,2935,1185",720575940890729167,"29556,5160,1151",720575940894196379,112.560227
720575940939715909,"30711,2935,1185",720575940929722145,"32485,5455,1334",720575940919043143,145.351750
720575940939715909,"30711,2935,1185",720575940882092320,"44973,7063,1558",720575940869469147,9.781197
720575940939715909,"30711,2935,1185",720575940882092576,"44111,5787,1151",720575940908400644,0.000000
720575940939715909,"30711,2935,1185",720575940878946100,"13153,5700,2154",720575940917797795,211.865044
720575940939715909,"30711,2935,1185",720575940882093088,"24136,3911,1002",720575940869469403,101.831251
720575940939715909,"30711,2935,1185",720575940847560045,"41727,5321,1579",720575940905121334,238.907482
720575940939715909,"30711,2935,1185",720575940898736274,"20994,6297,2199",720575940884791610,42.509290
720575940886540578,"25186,3002,2137",720575940904099536,"29320,4453,1733",720575940881624259,450.953230
720575940886540578,"25186,3002,2137",720575940900924101,"24306,3929,1314",720575940903762211,140.808568
720575940886540578,"25186,3002,2137",720575940911437161,"27344,3514,1565",720575940878345595,151.678685
720575940886540578,"25186,3002,2137",720575940932822676,"22490,3798,2283",720575940924205189,109.343912
720575940886540578,"25186,3002,2137",720575940898806193,"24461,3600,2248",720575940885439590,148.886494
720575940886540578,"25186,3002,2137",720575940905063126,"30532,4598,1070",720575940898889927,165.194201
720575940886540578,"25186,3002,2137",720575940890101684,"25384,4074,1605",720575940883908636,461.195694
720575940886540578,"25186,3002,2137",720575940890209582,"21636,4289,2083",720575940888829455,454.701199
720575940886540578,"25186,3002,2137",720575940927269708,"23751,4351,1605",720575940882093178,253.606969
720575940886540578,"25186,3002,2137",720575940881780816,"27295,4519,1330",720575940899607728,461.943439
720575940886540578,"25186,3002,2137",720575940890729167,"29556,5160,1151",720575940894196379,269.505033
720575940886540578,"25186,3002,2137",720575940929722145,"32485,5455,1334",720575940919043143,340.183288
720575940886540578,"25186,3002,2137",720575940882092320,"44973,7063,1558",720575940869469147,411.435096
720575940886540578,"25186,3002,2137",720575940882092576,"44111,5787,1151",720575940908400644,207.362473
720575940886540578,"25186,3002,2137",720575940878946100,"13153,5700,2154",720575940917797795,236.111929
720575940886540578,"25186,3002,2137",720575940882093088,"24136,3911,1002",720575940869469403,172.768849
720575940886540578,"25186,3002,2137",720575940847560045,"41727,5321,1579",720575940905121334,430.225615
720575940886540578,"25186,3002,2137",720575940898736274,"20994,6297,2199",720575940884791610,289.179420
720575940894662868,"35536,3715,1402",720575940904099536,"29320,4453,1733",720575940881624259,111.838493
720575940894662868,"35536,3715,1402",720575940900924101,"24306,3929,1314",720575940903762211,14.892120
720575940894662868,"35536,3715,1402",720575940911437161,"27344,3514,1565",720575940878345595,218.886488
720575940894662868,"35536,3715,1402",720575940932822676,"22490,3798,2283",720575940924205189,20.756150
720575940894662868,"35536,3715,1402",720575940898806193,"24461,3600,2248",720575940885439590,149.988017
720575940894662868,"35536,3715,1402",720575940905063126,"30532,4598,1070",720575940898889927,16.868862
720575940894662868,"35536,3715,1402",720575940890101684,"25384,4074,1605",720575940883908636,136.178325
720575940894662868,"35536,3715,1402",720575940890209582,"21636,4289,2083",720575940888829455,91.688525
720575940894662868,"35536,3715,1402",720575940927269708,"23751,4351,1605",720575940882093178,112.047312
720575940894662868,"35536,3715,1402",720575940881780816,"27295,4519,1330",720575940899607728,415.854350
720575940894662868,"35536,3715,1402",720575940890729167,"29556,5160,1151",720575940894196379,78.650224
720575940894662868,"35536,3715,1402",720575940929722145,"32485,5455,1334",720575940919043143,102.878321
720575940894662868,"35536,3715,1402",720575940882092320,"44973,7063,1558",720575940869469147,0.000000
720575940894662868,"35536,3715,1402",720575940882092576,"44111,5787,1151",720575940908400644,82.779936
720575940894662868,"35536,3715,1402",720575940878946100,"13153,5700,2154",720575940917797795,48.437981
720575940894662868,"35536,3715,1402",720575940882093088,"24136,3911,1002",720575940869469403,48.917452
720575940894662868,"35536,3715,1402",720575940847560045,"41727,5321,1579",720575940905121334,22.806511
720575940894662868,"35536,3715,1402",720575940898736274,"20994,6297,2199",720575940884791610,0.000000
720575940883198679,"24325,2490,2852",720575940904099536,"29320,4453,1733",720575940881624259,158.265671
720575940883198679,"24325,2490,2852",720575940900924101,"24306,3929,1314",720575940903762211,0.000000
720575940883198679,"24325,2490,2852",720575940911437161,"27344,3514,1565",720575940878345595,62.579144
720575940883198679,"24325,2490,2852",720575940932822676,"22490,3798,2283",720575940924205189,127.956819
720575940883198679,"24325,2490,2852",720575940898806193,"24461,3600,2248",720575940885439590,0.000000
720575940883198679,"24325,2490,2852",720575940905063126,"30532,4598,1070",720575940898889927,3.571787
720575940883198679,"24325,2490,2852",720575940890101684,"25384,4074,1605",720575940883908636,118.964759
720575940883198679,"24325,2490,2852",720575940890209582,"21636,4289,2083",720575940888829455,95.081515
720575940883198679,"24325,2490,2852",720575940927269708,"23751,4351,1605",720575940882093178,73.648842
720575940883198679,"24325,2490,2852",720575940881780816,"27295,4519,1330",720575940899607728,117.957962
720575940883198679,"24325,2490,2852",720575940890729167,"29556,5160,1151",720575940894196379,47.806780
720575940883198679,"24325,2490,2852",720575940929722145,"32485,5455,1334",720575940919043143,83.896737
720575940883198679,"24325,2490,2852",720575940882092320,"44973,7063,1558",720575940869469147,67.426404
720575940883198679,"24325,2490,2852",720575940882092576,"44111,5787,1151",720575940908400644,83.489781
720575940883198679,"24325,2490,2852",720575940878946100,"13153,5700,2154",720575940917797795,160.329432
720575940883198679,"24325,2490,2852",720575940882093088,"24136,3911,1002",720575940869469403,18.482694
720575940883198679,"24325,2490,2852",720575940847560045,"41727,5321,1579",720575940905121334,214.931789
720575940883198679,"24325,2490,2852",720575940898736274,"20994,6297,2199",720575940884791610,270.754153
720575940922957341,"29830,3200,1429",720575940904099536,"29320,4453,1733",720575940881624259,180.017160
720575940922957341,"29830,3200,1429",720575940900924101,"24306,3929,1314",720575940903762211,376.417987
720575940922957341,"29830,3200,1429",720575940911437161,"27344,3514,1565",720575940878345595,203.358409
720575940922957341,"29830,3200,1429",720575940932822676,"22490,3798,2283",720575940924205189,162.341953
720575940922957341,"29830,3200,1429",720575940898806193,"24461,3600,2248",720575940885439590,257.337140
720575940922957341,"29830,3200,1429",720575940905063126,"30532,4598,1070",720575940898889927,204.206873
720575940922957341,"29830,3200,1429",720575940890101684,"25384,4074,1605",720575940883908636,267.195233
720575940922957341,"29830,3200,1429",720575940890209582,"21636,4289,2083",720575940888829455,95.706736
720575940922957341,"29830,3200,1429",720575940927269708,"23751,4351,1605",720575940882093178,208.854239
720575940922957341,"29830,3200,1429",720575940881780816,"27295,4519,1330",720575940899607728,305.539266
720575940922957341,"29830,3200,1429",720575940890729167,"29556,5160,1151",720575940894196379,223.873525
720575940922957341,"29830,3200,1429",720575940929722145,"32485,5455,1334",720575940919043143,230.925703
720575940922957341,"29830,3200,1429",720575940882092320,"44973,7063,1558",720575940869469147,11.190584
720575940922957341,"29830,3200,1429",720575940882092576,"44111,5787,1151",720575940908400644,167.930908
720575940922957341,"29830,3200,1429",720575940878946100,"13153,5700,2154",720575940917797795,69.432843
720575940922957341,"29830,3200,1429",720575940882093088,"24136,3911,1002",720575940869469403,352.114520
720575940922957341,"29830,3200,1429",720575940847560045,"41727,5321,1579",720575940905121334,76.921008
720575940922957341,"29830,3200,1429",720575940898736274,"20994,6297,2199",720575940884791610,23.963516
720575940889924328,"35041,3241,612",720575940904099536,"29320,4453,1733",720575940881624259,87.974209
720575940889924328,"35041,3241,612",720575940900924101,"24306,3929,1314",720575940903762211,0.000000
720575940889924328,"35041,3241,612",720575940911437161,"27344,3514,1565",720575940878345595,14.385126
720575940889924328,"35041,3241,612",720575940932822676,"22490,3798,2283",720575940924205189,64.983192
720575940889924328,"35041,3241,612",720575940898806193,"24461,3600,2248",720575940885439590,17.330527
720575940889924328,"35041,3241,612",720575940905063126,"30532,4598,1070",720575940898889927,134.637435
720575940889924328,"35041,3241,612",720575940890101684,"25384,4074,1605",720575940883908636,186.663434
720575940889924328,"35041,3241,612",720575940890209582,"21636,4289,2083",720575940888829455,37.476401
720575940889924328,"35041,3241,612",720575940927269708,"23751,4351,1605",720575940882093178,112.749228
720575940889924328,"35041,3241,612",720575940881780816,"27295,4519,1330",720575940899607728,113.798813
720575940889924328,"35041,3241,612",720575940890729167,"29556,5160,1151",720575940894196379,60.637026
720575940889924328,"35041,3241,612",720575940929722145,"32485,5455,1334",720575940919043143,68.258219
720575940889924328,"35041,3241,612",720575940882092320,"44973,7063,1558",720575940869469147,7.967722
720575940889924328,"35041,3241,612",720575940882092576,"44111,5787,1151",720575940908400644,91.715549
720575940889924328,"35041,3241,612",720575940878946100,"13153,5700,2154",720575940917797795,54.044330
720575940889924328,"35041,3241,612",720575940882093088,"24136,3911,1002",720575940869469403,7.960834
720575940889924328,"35041,3241,612",720575940847560045,"41727,5321,1579",720575940905121334,63.860107
720575940889924328,"35041,3241,612",720575940898736274,"20994,6297,2199",720575940884791610,0.968868
720575940905041878,"33956,3316,2118",720575940904099536,"29320,4453,1733",720575940881624259,28.887293
720575940905041878,"33956,3316,2118",720575940900924101,"24306,3929,1314",720575940903762211,37.536024
720575940905041878,"33956,3316,2118",720575940911437161,"27344,3514,1565",720575940878345595,75.381950
720575940905041878,"33956,3316,2118",720575940932822676,"22490,3798,2283",720575940924205189,0.000000
720575940905041878,"33956,3316,2118",720575940898806193,"24461,3600,2248",720575940885439590,0.000000
720575940905041878,"33956,3316,2118",720575940905063126,"30532,4598,1070",720575940898889927,0.000000
720575940905041878,"33956,3316,2118",720575940890101684,"25384,4074,1605",720575940883908636,0.000000
720575940905041878,"33956,3316,2118",720575940890209582,"21636,4289,2083",720575940888829455,6.147112
720575940905041878,"33956,3316,2118",720575940927269708,"23751,4351,1605",720575940882093178,0.000000
720575940905041878,"33956,3316,2118",720575940881780816,"27295,4519,1330",720575940899607728,0.000000
720575940905041878,"33956,3316,2118",720575940890729167,"29556,5160,1151",720575940894196379,0.000000
720575940905041878,"33956,3316,2118",720575940929722145,"32485,5455,1334",720575940919043143,0.000000
720575940905041878,"33956,3316,2118",720575940882092320,"44973,7063,1558",720575940869469147,112.034667
720575940905041878,"33956,3316,2118",720575940882092576,"44111,5787,1151",720575940908400644,23.485305
720575940905041878,"33956,3316,2118",720575940878946100,"13153,5700,2154",720575940917797795,8.105689
720575940905041878,"33956,3316,2118",720575940882093088,"24136,3911,1002",720575940869469403,0.000000
720575940905041878,"33956,3316,2118",720575940847560045,"41727,5321,1579",720575940905121334,36.859600
720575940905041878,"33956,3316,2118",720575940898736274,"20994,6297,2199",720575940884791610,103.271337
720575940905042134,"11208,2501,1623",720575940904099536,"29320,4453,1733",720575940881624259,8.599935
720575940905042134,"11208,2501,1623",720575940900924101,"24306,3929,1314",720575940903762211,30.559912
720575940905042134,"11208,2501,1623",720575940911437161,"27344,3514,1565",720575940878345595,68.121801
720575940905042134,"11208,2501,1623",720575940932822676,"22490,3798,2283",720575940924205189,69.345122
720575940905042134,"11208,2501,1623",720575940898806193,"24461,3600,2248",720575940885439590,16.772469
720575940905042134,"11208,2501,1623",720575940905063126,"30532,4598,1070",720575940898889927,18.045740
720575940905042134,"11208,2501,1623",720575940890101684,"25384,4074,1605",720575940883908636,138.222656
720575940905042134,"11208,2501,1623",720575940890209582,"21636,4289,2083",720575940888829455,119.660161
720575940905042134,"11208,2501,1623",720575940927269708,"23751,4351,1605",720575940882093178,33.811999
720575940905042134,"11208,2501,1623",720575940881780816,"27295,4519,1330",720575940899607728,41.710010
720575940905042134,"11208,2501,1623",720575940890729167,"29556,5160,1151",720575940894196379,104.311505
720575940905042134,"11208,2501,1623",720575940929722145,"32485,5455,1334",720575940919043143,0.000000
720575940905042134,"11208,2501,1623",720575940882092320,"44973,7063,1558",720575940869469147,0.000000
720575940905042134,"11208,2501,1623",720575940882092576,"44111,5787,1151",720575940908400644,25.511316
720575940905042134,"11208,2501,1623",720575940878946100,"13153,5700,2154",720575940917797795,94.984198
720575940905042134,"11208,2501,1623",720575940882093088,"24136,3911,1002",720575940869469403,148.402920
720575940905042134,"11208,2501,1623",720575940847560045,"41727,5321,1579",720575940905121334,7.039712
720575940905042134,"11208,2501,1623",720575940898736274,"20994,6297,2199",720575940884791610,25.904416
720575940878326395,"26154,3177,1289",720575940904099536,"29320,4453,1733",720575940881624259,62.228049
720575940878326395,"26154,3177,1289",720575940900924101,"24306,3929,1314",720575940903762211,280.627358
720575940878326395,"26154,3177,1289",720575940911437161,"27344,3514,1565",720575940878345595,160.914054
720575940878326395,"26154,3177,1289",720575940932822676,"22490,3798,2283",720575940924205189,100.863795
720575940878326395,"26154,3177,1289",720575940898806193,"24461,3600,2248",720575940885439590,74.251147
720575940878326395,"26154,3177,1289",720575940905063126,"30532,4598,1070",720575940898889927,117.254549
720575940878326395,"26154,3177,1289",720575940890101684,"25384,4074,1605",720575940883908636,347.673500
720575940878326395,"26154,3177,1289",720575940890209582,"21636,4289,2083",720575940888829455,81.516813
720575940878326395,"26154,3177,1289",720575940927269708,"23751,4351,1605",720575940882093178,116.726765
720575940878326395,"26154,3177,1289",720575940881780816,"27295,4519,1330",720575940899607728,102.847816
720575940878326395,"26154,3177,1289",720575940890729167,"29556,5160,1151",720575940894196379,145.333296
720575940878326395,"26154,3177,1289",720575940929722145,"32485,5455,1334",720575940919043143,136.011385
720575940878326395,"26154,3177,1289",720575940882092320,"44973,7063,1558",720575940869469147,0.000000
720575940878326395,"26154,3177,1289",720575940882092576,"44111,5787,1151",720575940908400644,48.900820
720575940878326395,"26154,3177,1289",720575940878946100,"13153,5700,2154",720575940917797795,171.507622
720575940878326395,"26154,3177,1289",720575940882093088,"24136,3911,1002",720575940869469403,184.042592
720575940878326395,"26154,3177,1289",720575940847560045,"41727,5321,1579",720575940905121334,27.736276
720575940878326395,"26154,3177,1289",720575940898736274,"20994,6297,2199",720575940884791610,21.068380
720575940880837650,"26499,3170,2590",720575940904099536,"29320,4453,1733",720575940881624259,66.966733
720575940880837650,"26499,3170,2590",720575940900924101,"24306,3929,1314",720575940903762211,0.000000
720575940880837650,"26499,3170,2590",720575940911437161,"27344,3514,1565",720575940878345595,111.494580
720575940880837650,"26499,3170,2590",720575940932822676,"22490,3798,2283",720575940924205189,86.384741
720575940880837650,"26499,3170,2590",720575940898806193,"24461,3600,2248",720575940885439590,0.000000
720575940880837650,"26499,3170,2590",720575940905063126,"30532,4598,1070",720575940898889927,0.000000
720575940880837650,"26499,3170,2590",720575940890101684,"25384,4074,1605",720575940883908636,21.535459
720575940880837650,"26499,3170,2590",720575940890209582,"21636,4289,2083",720575940888829455,113.060663
720575940880837650,"26499,3170,2590",720575940927269708,"23751,4351,1605",720575940882093178,27.877202
720575940880837650,"26499,3170,2590",720575940881780816,"27295,4519,1330",720575940899607728,28.602368
720575940880837650,"26499,3170,2590",720575940890729167,"29556,5160,1151",720575940894196379,0.000000
720575940880837650,"26499,3170,2590",720575940929722145,"32485,5455,1334",720575940919043143,13.584943
720575940880837650,"26499,3170,2590",720575940882092320,"44973,7063,1558",720575940869469147,104.640996
720575940880837650,"26499,3170,2590",720575940882092576,"44111,5787,1151",720575940908400644,14.925244
720575940880837650,"26499,3170,2590",720575940878946100,"13153,5700,2154",720575940917797795,61.925322
720575940880837650,"26499,3170,2590",720575940882093088,"24136,3911,1002",720575940869469403,0.000000
720575940880837650,"26499,3170,2590",720575940847560045,"41727,5321,1579",720575940905121334,63.769622
720575940880837650,"26499,3170,2590",720575940898736274,"20994,6297,2199",720575940884791610,187.404979
720575940881935185,"31571,3146,2566",720575940904099536,"29320,4453,1733",720575940881624259,61.693223
720575940881935185,"31571,3146,2566",720575940900924101,"24306,3929,1314",720575940903762211,0.000000
720575940881935185,"31571,3146,2566",720575940911437161,"27344,3514,1565",720575940878345595,40.202100
720575940881935185,"31571,3146,2566",720575940932822676,"22490,3798,2283",720575940924205189,72.954881
720575940881935185,"31571,3146,2566",720575940898806193,"24461,3600,2248",720575940885439590,54.742719
720575940881935185,"31571,3146,2566",720575940905063126,"30532,4598,1070",720575940898889927,0.000000
720575940881935185,"31571,3146,2566",720575940890101684,"25384,4074,1605",720575940883908636,82.623283
720575940881935185,"31571,3146,2566",720575940890209582,"21636,4289,2083",720575940888829455,70.097687
720575940881935185,"31571,3146,2566",720575940927269708,"23751,4351,1605",720575940882093178,8.599712
720575940881935185,"31571,3146,2566",720575940881780816,"27295,4519,1330",720575940899607728,90.047354
720575940881935185,"31571,3146,2566",720575940890729167,"29556,5160,1151",720575940894196379,0.000000
720575940881935185,"31571,3146,2566",720575940929722145,"32485,5455,1334",720575940919043143,0.000000
720575940881935185,"31571,3146,2566",720575940882092320,"44973,7063,1558",720575940869469147,39.649645
720575940881935185,"31571,3146,2566",720575940882092576,"44111,5787,1151",720575940908400644,106.482592
720575940881935185,"31571,3146,2566",720575940878946100,"13153,5700,2154",720575940917797795,0.000000
720575940881935185,"31571,3146,2566",720575940882093088,"24136,3911,1002",720575940869469403,50.681060
720575940881935185,"31571,3146,2566",720575940847560045,"41727,5321,1579",720575940905121334,145.997859
720575940881935185,"31571,3146,2566",720575940898736274,"20994,6297,2199",720575940884791610,414.096479
720575940903751971,"25164,2749,1223",720575940904099536,"29320,4453,1733",720575940881624259,96.968787
720575940903751971,"25164,2749,1223",720575940900924101,"24306,3929,1314",720575940903762211,228.256849
720575940903751971,"25164,2749,1223",720575940911437161,"27344,3514,1565",720575940878345595,124.507169
720575940903751971,"25164,2749,1223",720575940932822676,"22490,3798,2283",720575940924205189,36.207480
720575940903751971,"25164,2749,1223",720575940898806193,"24461,3600,2248",720575940885439590,220.107883
720575940903751971,"25164,2749,1223",720575940905063126,"30532,4598,1070",720575940898889927,97.490338
720575940903751971,"25164,2749,1223",720575940890101684,"25384,4074,1605",720575940883908636,206.283919
720575940903751971,"25164,2749,1223",720575940890209582,"21636,4289,2083",720575940888829455,155.926518
720575940903751971,"25164,2749,1223",720575940927269708,"23751,4351,1605",720575940882093178,234.186246
720575940903751971,"25164,2749,1223",720575940881780816,"27295,4519,1330",720575940899607728,165.492557
720575940903751971,"25164,2749,1223",720575940890729167,"29556,5160,1151",720575940894196379,352.856738
720575940903751971,"25164,2749,1223",720575940929722145,"32485,5455,1334",720575940919043143,142.316527
720575940903751971,"25164,2749,1223",720575940882092320,"44973,7063,1558",720575940869469147,26.123871
720575940903751971,"25164,2749,1223",720575940882092576,"44111,5787,1151",720575940908400644,72.647384
720575940903751971,"25164,2749,1223",720575940878946100,"13153,5700,2154",720575940917797795,192.033690
720575940903751971,"25164,2749,1223",720575940882093088,"24136,3911,1002",720575940869469403,336.572315
720575940903751971,"25164,2749,1223",720575940847560045,"41727,5321,1579",720575940905121334,53.668417
720575940903751971,"25164,2749,1223",720575940898736274,"20994,6297,2199",720575940884791610,13.052285
720575940915256127,"23128,2933,1551",720575940904099536,"29320,4453,1733",720575940881624259,59.433906
720575940915256127,"23128,2933,1551",720575940900924101,"24306,3929,1314",720575940903762211,199.129128
720575940915256127,"23128,2933,1551",720575940911437161,"27344,3514,1565",720575940878345595,88.999400
720575940915256127,"23128,2933,1551",720575940932822676,"22490,3798,2283",720575940924205189,57.222648
720575940915256127,"23128,2933,1551",720575940898806193,"24461,3600,2248",720575940885439590,135.822037
720575940915256127,"23128,2933,1551",720575940905063126,"30532,4598,1070",720575940898889927,189.567190
720575940915256127,"23128,2933,1551",720575940890101684,"25384,4074,1605",720575940883908636,421.816359
720575940915256127,"23128,2933,1551",720575940890209582,"21636,4289,2083",720575940888829455,135.284414
720575940915256127,"23128,2933,1551",720575940927269708,"23751,4351,1605",720575940882093178,221.771975
720575940915256127,"23128,2933,1551",720575940881780816,"27295,4519,1330",720575940899607728,171.165799
720575940915256127,"23128,2933,1551",720575940890729167,"29556,5160,1151",720575940894196379,196.591585
720575940915256127,"23128,2933,1551",720575940929722145,"32485,5455,1334",720575940919043143,68.809536
720575940915256127,"23128,2933,1551",720575940882092320,"44973,7063,1558",720575940869469147,12.405912
720575940915256127,"23128,2933,1551",720575940882092576,"44111,5787,1151",720575940908400644,50.543892
720575940915256127,"23128,2933,1551",720575940878946100,"13153,5700,2154",720575940917797795,183.089286
720575940915256127,"23128,2933,1551",720575940882093088,"24136,3911,1002",720575940869469403,126.893940
720575940915256127,"23128,2933,1551",720575940847560045,"41727,5321,1579",720575940905121334,36.694760
720575940915256127,"23128,2933,1551",720575940898736274,"20994,6297,2199",720575940884791610,18.337111
720575940903414541,"23745,3144,1651",720575940904099536,"29320,4453,1733",720575940881624259,31.338164
720575940903414541,"23745,3144,1651",720575940900924101,"24306,3929,1314",720575940903762211,226.336856
720575940903414541,"23745,3144,1651",720575940911437161,"27344,3514,1565",720575940878345595,193.665400
720575940903414541,"23745,3144,1651",720575940932822676,"22490,3798,2283",720575940924205189,91.472506
720575940903414541,"23745,3144,1651",720575940898806193,"24461,3600,2248",720575940885439590,128.229036
720575940903414541,"23745,3144,1651",720575940905063126,"30532,4598,1070",720575940898889927,112.477705
720575940903414541,"23745,3144,1651",720575940890101684,"25384,4074,1605",720575940883908636,476.573866
720575940903414541,"23745,3144,1651",720575940890209582,"21636,4289,2083",720575940888829455,82.591132
720575940903414541,"23745,3144,1651",720575940927269708,"23751,4351,1605",720575940882093178,294.455971
720575940903414541,"23745,3144,1651",720575940881780816,"27295,4519,1330",720575940899607728,208.709863
720575940903414541,"23745,3144,1651",720575940890729167,"29556,5160,1151",720575940894196379,293.254901
720575940903414541,"23745,3144,1651",720575940929722145,"32485,5455,1334",720575940919043143,132.345326
720575940903414541,"23745,3144,1651",720575940882092320,"44973,7063,1558",720575940869469147,9.926902
720575940903414541,"23745,3144,1651",720575940882092576,"44111,5787,1151",720575940908400644,49.812918
720575940903414541,"23745,3144,1651",720575940878946100,"13153,5700,2154",720575940917797795,193.424927
720575940903414541,"23745,3144,1651",720575940882093088,"24136,3911,1002",720575940869469403,334.230118
720575940903414541,"23745,3144,1651",720575940847560045,"41727,5321,1579",720575940905121334,92.896309
720575940903414541,"23745,3144,1651",720575940898736274,"20994,6297,2199",720575940884791610,0.000000
720575940900963269,"27699,2800,2001",720575940904099536,"29320,4453,1733",720575940881624259,100.086464
720575940900963269,"27699,2800,2001",720575940900924101,"24306,3929,1314",720575940903762211,158.692537
720575940900963269,"27699,2800,2001",720575940911437161,"27344,3514,1565",720575940878345595,58.629968
720575940900963269,"27699,2800,2001",720575940932822676,"22490,3798,2283",720575940924205189,8.054582
720575940900963269,"27699,2800,2001",720575940898806193,"24461,3600,2248",720575940885439590,74.989913
720575940900963269,"27699,2800,2001",720575940905063126,"30532,4598,1070",720575940898889927,47.744293
720575940900963269,"27699,2800,2001",720575940890101684,"25384,4074,1605",720575940883908636,233.100519
720575940900963269,"27699,2800,2001",720575940890209582,"21636,4289,2083",720575940888829455,104.604135
720575940900963269,"27699,2800,2001",720575940927269708,"23751,4351,1605",720575940882093178,64.276088
720575940900963269,"27699,2800,2001",720575940881780816,"27295,4519,1330",720575940899607728,129.946795
720575940900963269,"27699,2800,2001",720575940890729167,"29556,5160,1151",720575940894196379,92.702893
720575940900963269,"27699,2800,2001",720575940929722145,"32485,5455,1334",720575940919043143,73.614389
720575940900963269,"27699,2800,2001",720575940882092320,"44973,7063,1558",720575940869469147,18.052472
720575940900963269,"27699,2800,2001",720575940882092576,"44111,5787,1151",720575940908400644,53.235458
720575940900963269,"27699,2800,2001",720575940878946100,"13153,5700,2154",720575940917797795,107.870721
720575940900963269,"27699,2800,2001",720575940882093088,"24136,3911,1002",720575940869469403,44.872180
720575940900963269,"27699,2800,2001",720575940847560045,"41727,5321,1579",720575940905121334,26.080647
720575940900963269,"27699,2800,2001",720575940898736274,"20994,6297,2199",720575940884791610,5.475837
720575940894116163,"27211,2509,1801",720575940904099536,"29320,4453,1733",720575940881624259,20.681905
720575940894116163,"27211,2509,1801",720575940900924101,"24306,3929,1314",720575940903762211,25.709374
720575940894116163,"27211,2509,1801",720575940911437161,"27344,3514,1565",720575940878345595,152.490039
720575940894116163,"27211,2509,1801",720575940932822676,"22490,3798,2283",720575940924205189,68.825331
720575940894116163,"27211,2509,1801",720575940898806193,"24461,3600,2248",720575940885439590,55.486808
720575940894116163,"27211,2509,1801",720575940905063126,"30532,4598,1070",720575940898889927,57.440333
720575940894116163,"27211,2509,1801",720575940890101684,"25384,4074,1605",720575940883908636,47.585715
720575940894116163,"27211,2509,1801",720575940890209582,"21636,4289,2083",720575940888829455,35.036607
720575940894116163,"27211,2509,1801",720575940927269708,"23751,4351,1605",720575940882093178,47.968414
720575940894116163,"27211,2509,1801",720575940881780816,"27295,4519,1330",720575940899607728,0.000000
720575940894116163,"27211,2509,1801",720575940890729167,"29556,5160,1151",720575940894196379,20.158877
720575940894116163,"27211,2509,1801",720575940929722145,"32485,5455,1334",720575940919043143,50.867165
720575940894116163,"27211,2509,1801",720575940882092320,"44973,7063,1558",720575940869469147,12.744707
720575940894116163,"27211,2509,1801",720575940882092576,"44111,5787,1151",720575940908400644,68.051732
720575940894116163,"27211,2509,1801",720575940878946100,"13153,5700,2154",720575940917797795,42.165317
720575940894116163,"27211,2509,1801",720575940882093088,"24136,3911,1002",720575940869469403,19.159131
720575940894116163,"27211,2509,1801",720575940847560045,"41727,5321,1579",720575940905121334,9.793695
720575940894116163,"27211,2509,1801",720575940898736274,"20994,6297,2199",720575940884791610,11.667448
720575940894647859,"27469,2910,1701",720575940904099536,"29320,4453,1733",720575940881624259,200.278935
720575940894647859,"27469,2910,1701",720575940900924101,"24306,3929,1314",720575940903762211,100.315489
720575940894647859,"27469,2910,1701",720575940911437161,"27344,3514,1565",720575940878345595,180.590893
720575940894647859,"27469,2910,1701",720575940932822676,"22490,3798,2283",720575940924205189,110.180032
720575940894647859,"27469,2910,1701",720575940898806193,"24461,3600,2248",720575940885439590,173.804385
720575940894647859,"27469,2910,1701",720575940905063126,"30532,4598,1070",720575940898889927,180.266604
720575940894647859,"27469,2910,1701",720575940890101684,"25384,4074,1605",720575940883908636,272.519346
720575940894647859,"27469,2910,1701",720575940890209582,"21636,4289,2083",720575940888829455,274.213542
720575940894647859,"27469,2910,1701",720575940927269708,"23751,4351,1605",720575940882093178,106.013589
720575940894647859,"27469,2910,1701",720575940881780816,"27295,4519,1330",720575940899607728,172.887560
720575940894647859,"27469,2910,1701",720575940890729167,"29556,5160,1151",720575940894196379,146.308968
720575940894647859,"27469,2910,1701",720575940929722145,"32485,5455,1334",720575940919043143,233.635917
720575940894647859,"27469,2910,1701",720575940882092320,"44973,7063,1558",720575940869469147,133.552780
720575940894647859,"27469,2910,1701",720575940882092576,"44111,5787,1151",720575940908400644,83.907010
720575940894647859,"27469,2910,1701",720575940878946100,"13153,5700,2154",720575940917797795,68.131646
720575940894647859,"27469,2910,1701",720575940882093088,"24136,3911,1002",720575940869469403,182.886321
720575940894647859,"27469,2910,1701",720575940847560045,"41727,5321,1579",720575940905121334,174.603506
720575940894647859,"27469,2910,1701",720575940898736274,"20994,6297,2199",720575940884791610,49.327957
720575940910607129,"22882,2786,1353",720575940904099536,"29320,4453,1733",720575940881624259,8.768534
720575940910607129,"22882,2786,1353",720575940900924101,"24306,3929,1314",720575940903762211,90.456478
720575940910607129,"22882,2786,1353",720575940911437161,"27344,3514,1565",720575940878345595,64.656162
720575940910607129,"22882,2786,1353",720575940932822676,"22490,3798,2283",720575940924205189,0.000000
720575940910607129,"22882,2786,1353",720575940898806193,"24461,3600,2248",720575940885439590,88.170700
720575940910607129,"22882,2786,1353",720575940905063126,"30532,4598,1070",720575940898889927,5.788654
720575940910607129,"22882,2786,1353",720575940890101684,"25384,4074,1605",720575940883908636,156.965659
720575940910607129,"22882,2786,1353",720575940890209582,"21636,4289,2083",720575940888829455,30.767376
720575940910607129,"22882,2786,1353",720575940927269708,"23751,4351,1605",720575940882093178,128.744530
720575940910607129,"22882,2786,1353",720575940881780816,"27295,4519,1330",720575940899607728,86.899644
720575940910607129,"22882,2786,1353",720575940890729167,"29556,5160,1151",720575940894196379,72.933165
720575940910607129,"22882,2786,1353",720575940929722145,"32485,5455,1334",720575940919043143,21.662957
720575940910607129,"22882,2786,1353",720575940882092320,"44973,7063,1558",720575940869469147,0.000000
720575940910607129,"22882,2786,1353",720575940882092576,"44111,5787,1151",720575940908400644,7.397805
720575940910607129,"22882,2786,1353",720575940878946100,"13153,5700,2154",720575940917797795,24.111744
720575940910607129,"22882,2786,1353",720575940882093088,"24136,3911,1002",720575940869469403,181.460937
720575940910607129,"22882,2786,1353",720575940847560045,"41727,5321,1579",720575940905121334,41.101505
720575940910607129,"22882,2786,1353",720575940898736274,"20994,6297,2199",720575940884791610,0.000000
720575940915578005,"30705,2860,2818",720575940904099536,"29320,4453,1733",720575940881624259,30.014208
720575940915578005,"30705,2860,2818",720575940900924101,"24306,3929,1314",720575940903762211,11.589337
720575940915578005,"30705,2860,2818",720575940911437161,"27344,3514,1565",720575940878345595,35.057459
720575940915578005,"30705,2860,2818",720575940932822676,"22490,3798,2283",720575940924205189,7.429294
720575940915578005,"30705,2860,2818",720575940898806193,"24461,3600,2248",720575940885439590,0.000000
720575940915578005,"30705,2860,2818",720575940905063126,"30532,4598,1070",720575940898889927,0.000000
720575940915578005,"30705,2860,2818",720575940890101684,"25384,4074,1605",720575940883908636,6.339665
720575940915578005,"30705,2860,2818",720575940890209582,"21636,4289,2083",720575940888829455,6.546177
720575940915578005,"30705,2860,2818",720575940927269708,"23751,4351,1605",720575940882093178,0.000000
720575940915578005,"30705,2860,2818",720575940881780816,"27295,4519,1330",720575940899607728,11.717360
720575940915578005,"30705,2860,2818",720575940890729167,"29556,5160,1151",720575940894196379,0.000000
720575940915578005,"30705,2860,2818",720575940929722145,"32485,5455,1334",720575940919043143,32.248237
720575940915578005,"30705,2860,2818",720575940882092320,"44973,7063,1558",720575940869469147,14.971610
720575940915578005,"30705,2860,2818",720575940882092576,"44111,5787,1151",720575940908400644,39.013543
720575940915578005,"30705,2860,2818",720575940878946100,"13153,5700,2154",720575940917797795,30.711301
720575940915578005,"30705,2860,2818",720575940882093088,"24136,3911,1002",720575940869469403,14.955178
720575940915578005,"30705,2860,2818",720575940847560045,"41727,5321,1579",720575940905121334,13.248600
720575940915578005,"30705,2860,2818",720575940898736274,"20994,6297,2199",720575940884791610,29.094896
720575940917975893,"23517,2768,2853",720575940904099536,"29320,4453,1733",720575940881624259,46.663880
720575940917975893,"23517,2768,2853",720575940900924101,"24306,3929,1314",720575940903762211,0.000000
720575940917975893,"23517,2768,2853",720575940911437161,"27344,3514,1565",720575940878345595,58.783932
720575940917975893,"23517,2768,2853",720575940932822676,"22490,3798,2283",720575940924205189,64.730619
720575940917975893,"23517,2768,2853",720575940898806193,"24461,3600,2248",720575940885439590,0.000000
720575940917975893,"23517,2768,2853",720575940905063126,"30532,4598,1070",720575940898889927,0.000000
720575940917975893,"23517,2768,2853",720575940890101684,"25384,4074,1605",720575940883908636,0.000000
720575940917975893,"23517,2768,2853",720575940890209582,"21636,4289,2083",720575940888829455,28.111009
720575940917975893,"23517,2768,2853",720575940927269708,"23751,4351,1605",720575940882093178,0.000000
720575940917975893,"23517,2768,2853",720575940881780816,"27295,4519,1330",720575940899607728,0.000000
720575940917975893,"23517,2768,2853",720575940890729167,"29556,5160,1151",720575940894196379,0.000000
720575940917975893,"23517,2768,2853",720575940929722145,"32485,5455,1334",720575940919043143,0.000000
720575940917975893,"23517,2768,2853",720575940882092320,"44973,7063,1558",720575940869469147,121.961771
720575940917975893,"23517,2768,2853",720575940882092576,"44111,5787,1151",720575940908400644,5.934268
720575940917975893,"23517,2768,2853",720575940878946100,"13153,5700,2154",720575940917797795,10.993213
720575940917975893,"23517,2768,2853",720575940882093088,"24136,3911,1002",720575940869469403,5.475826
720575940917975893,"23517,2768,2853",720575940847560045,"41727,5321,1579",720575940905121334,65.425342
720575940917975893,"23517,2768,2853",720575940898736274,"20994,6297,2199",720575940884791610,57.662332
720575940927244256,"21338,2889,1801",720575940904099536,"29320,4453,1733",720575940881624259,44.151769
720575940927244256,"21338,2889,1801",720575940900924101,"24306,3929,1314",720575940903762211,85.382419
720575940927244256,"21338,2889,1801",720575940911437161,"27344,3514,1565",720575940878345595,42.991549
720575940927244256,"21338,2889,1801",720575940932822676,"22490,3798,2283",720575940924205189,12.925249
720575940927244256,"21338,2889,1801",720575940898806193,"24461,3600,2248",720575940885439590,53.433994
720575940927244256,"21338,2889,1801",720575940905063126,"30532,4598,1070",720575940898889927,19.032283
720575940927244256,"21338,2889,1801",720575940890101684,"25384,4074,1605",720575940883908636,122.103689
720575940927244256,"21338,2889,1801",720575940890209582,"21636,4289,2083",720575940888829455,71.064335
720575940927244256,"21338,2889,1801",720575940927269708,"23751,4351,1605",720575940882093178,150.328092
720575940927244256,"21338,2889,1801",720575940881780816,"27295,4519,1330",720575940899607728,74.611456
720575940927244256,"21338,2889,1801",720575940890729167,"29556,5160,1151",720575940894196379,99.910772
720575940927244256,"21338,2889,1801",720575940929722145,"32485,5455,1334",720575940919043143,0.000000
720575940927244256,"21338,2889,1801",720575940882092320,"44973,7063,1558",720575940869469147,54.191728
720575940927244256,"21338,2889,1801",720575940882092576,"44111,5787,1151",720575940908400644,120.867209
720575940927244256,"21338,2889,1801",720575940878946100,"13153,5700,2154",720575940917797795,57.195176
720575940927244256,"21338,2889,1801",720575940882093088,"24136,3911,1002",720575940869469403,142.395066
720575940927244256,"21338,2889,1801",720575940847560045,"41727,5321,1579",720575940905121334,25.667818
720575940927244256,"21338,2889,1801",720575940898736274,"20994,6297,2199",720575940884791610,0.000000
720575940918815793,"27220,3010,929",720575940904099536,"29320,4453,1733",720575940881624259,0.000000
720575940918815793,"27220,3010,929",720575940900924101,"24306,3929,1314",720575940903762211,31.701347
720575940918815793,"27220,3010,929",720575940911437161,"27344,3514,1565",720575940878345595,40.585956
720575940918815793,"27220,3010,929",720575940932822676,"22490,3798,2283",720575940924205189,0.000000
720575940918815793,"27220,3010,929",720575940898806193,"24461,3600,2248",720575940885439590,17.369651
720575940918815793,"27220,3010,929",720575940905063126,"30532,4598,1070",720575940898889927,11.434493
720575940918815793,"27220,3010,929",720575940890101684,"25384,4074,1605",720575940883908636,132.696973
720575940918815793,"27220,3010,929",720575940890209582,"21636,4289,2083",720575940888829455,7.591076
720575940918815793,"27220,3010,929",720575940927269708,"23751,4351,1605",720575940882093178,30.883694
720575940918815793,"27220,3010,929",720575940881780816,"27295,4519,1330",720575940899607728,94.209106
720575940918815793,"27220,3010,929",720575940890729167,"29556,5160,1151",720575940894196379,64.241292
720575940918815793,"27220,3010,929",720575940929722145,"32485,5455,1334",720575940919043143,5.823711
720575940918815793,"27220,3010,929",720575940882092320,"44973,7063,1558",720575940869469147,0.000000
720575940918815793,"27220,3010,929",720575940882092576,"44111,5787,1151",720575940908400644,25.801619
720575940918815793,"27220,3010,929",720575940878946100,"13153,5700,2154",720575940917797795,47.349163
720575940918815793,"27220,3010,929",720575940882093088,"24136,3911,1002",720575940869469403,68.864223
720575940918815793,"27220,3010,929",720575940847560045,"41727,5321,1579",720575940905121334,12.844646
720575940918815793,"27220,3010,929",720575940898736274,"20994,6297,2199",720575940884791610,0.000000
720575940927244512,"28213,3111,2377",720575940904099536,"29320,4453,1733",720575940881624259,66.663305
720575940927244512,"28213,3111,2377",720575940900924101,"24306,3929,1314",720575940903762211,0.000000
720575940927244512,"28213,3111,2377",720575940911437161,"27344,3514,1565",720575940878345595,49.579712
720575940927244512,"28213,3111,2377",720575940932822676,"22490,3798,2283",720575940924205189,26.755402
720575940927244512,"28213,3111,2377",720575940898806193,"24461,3600,2248",720575940885439590,0.000000
720575940927244512,"28213,3111,2377",720575940905063126,"30532,4598,1070",720575940898889927,9.672951
720575940927244512,"28213,3111,2377",720575940890101684,"25384,4074,1605",720575940883908636,17.960059
720575940927244512,"28213,3111,2377",720575940890209582,"21636,4289,2083",720575940888829455,41.548362
720575940927244512,"28213,3111,2377",720575940927269708,"23751,4351,1605",720575940882093178,18.606882
720575940927244512,"28213,3111,2377",720575940881780816,"27295,4519,1330",720575940899607728,22.234387
720575940927244512,"28213,3111,2377",720575940890729167,"29556,5160,1151",720575940894196379,0.000000
720575940927244512,"28213,3111,2377",720575940929722145,"32485,5455,1334",720575940919043143,6.615275
720575940927244512,"28213,3111,2377",720575940882092320,"44973,7063,1558",720575940869469147,55.691014
720575940927244512,"28213,3111,2377",720575940882092576,"44111,5787,1151",720575940908400644,97.535544
720575940927244512,"28213,3111,2377",720575940878946100,"13153,5700,2154",720575940917797795,0.000000
720575940927244512,"28213,3111,2377",720575940882093088,"24136,3911,1002",720575940869469403,0.000000
720575940927244512,"28213,3111,2377",720575940847560045,"41727,5321,1579",720575940905121334,37.035663
720575940927244512,"28213,3111,2377",720575940898736274,"20994,6297,2199",720575940884791610,91.525758
720575940899432749,"25205,3043,1212",720575940904099536,"29320,4453,1733",720575940881624259,18.578002
720575940899432749,"25205,3043,1212",720575940900924101,"24306,3929,1314",720575940903762211,232.708701
720575940899432749,"25205,3043,1212",720575940911437161,"27344,3514,1565",720575940878345595,27.516264
720575940899432749,"25205,3043,1212",720575940932822676,"22490,3798,2283",720575940924205189,17.228355
720575940899432749,"25205,3043,1212",720575940898806193,"24461,3600,2248",720575940885439590,46.733390
720575940899432749,"25205,3043,1212",720575940905063126,"30532,4598,1070",720575940898889927,51.535386
720575940899432749,"25205,3043,1212",720575940890101684,"25384,4074,1605",720575940883908636,194.314973
720575940899432749,"25205,3043,1212",720575940890209582,"21636,4289,2083",720575940888829455,30.214541
720575940899432749,"25205,3043,1212",720575940927269708,"23751,4351,1605",720575940882093178,28.004275
720575940899432749,"25205,3043,1212",720575940881780816,"27295,4519,1330",720575940899607728,110.070814
720575940899432749,"25205,3043,1212",720575940890729167,"29556,5160,1151",720575940894196379,127.947524
720575940899432749,"25205,3043,1212",720575940929722145,"32485,5455,1334",720575940919043143,0.000000
720575940899432749,"25205,3043,1212",720575940882092320,"44973,7063,1558",720575940869469147,0.000000
720575940899432749,"25205,3043,1212",720575940882092576,"44111,5787,1151",720575940908400644,36.975478
720575940899432749,"25205,3043,1212",720575940878946100,"13153,5700,2154",720575940917797795,73.100804
720575940899432749,"25205,3043,1212",720575940882093088,"24136,3911,1002",720575940869469403,105.177274
720575940899432749,"25205,3043,1212",720575940847560045,"41727,5321,1579",720575940905121334,40.343039
720575940899432749,"25205,3043,1212",720575940898736274,"20994,6297,2199",720575940884791610,0.000000
720575940899433005,"15812,2910,1325",720575940904099536,"29320,4453,1733",720575940881624259,0.000000
720575940899433005,"15812,2910,1325",720575940900924101,"24306,3929,1314",720575940903762211,0.000000
720575940899433005,"15812,2910,1325",720575940911437161,"27344,3514,1565",720575940878345595,6.890769
720575940899433005,"15812,2910,1325",720575940932822676,"22490,3798,2283",720575940924205189,0.000000
720575940899433005,"15812,2910,1325",720575940898806193,"24461,3600,2248",720575940885439590,0.000000
720575940899433005,"15812,2910,1325",720575940905063126,"30532,4598,1070",720575940898889927,8.515404
720575940899433005,"15812,2910,1325",720575940890101684,"25384,4074,1605",720575940883908636,39.338652
720575940899433005,"15812,2910,1325",720575940890209582,"21636,4289,2083",720575940888829455,42.225624
720575940899433005,"15812,2910,1325",720575940927269708,"23751,4351,1605",720575940882093178,14.111529
720575940899433005,"15812,2910,1325",720575940881780816,"27295,4519,1330",720575940899607728,35.126803
720575940899433005,"15812,2910,1325",720575940890729167,"29556,5160,1151",720575940894196379,37.908400
720575940899433005,"15812,2910,1325",720575940929722145,"32485,5455,1334",720575940919043143,0.000000
720575940899433005,"15812,2910,1325",720575940882092320,"44973,7063,1558",720575940869469147,0.000000
720575940899433005,"15812,2910,1325",720575940882092576,"44111,5787,1151",720575940908400644,80.760970
720575940899433005,"15812,2910,1325",720575940878946100,"13153,5700,2154",720575940917797795,7.492828
720575940899433005,"15812,2910,1325",720575940882093088,"24136,3911,1002",720575940869469403,58.687770
720575940899433005,"15812,2910,1325",720575940847560045,"41727,5321,1579",720575940905121334,11.660709
720575940899433005,"15812,2910,1325",720575940898736274,"20994,6297,2199",720575940884791610,0.000000
720575940909797811,"29495,2849,1370",720575940904099536,"29320,4453,1733",720575940881624259,44.602005
720575940909797811,"29495,2849,1370",720575940900924101,"24306,3929,1314",720575940903762211,10.281008
720575940909797811,"29495,2849,1370",720575940911437161,"27344,3514,1565",720575940878345595,24.473292
720575940909797811,"29495,2849,1370",720575940932822676,"22490,3798,2283",720575940924205189,9.765831
720575940909797811,"29495,2849,1370",720575940898806193,"24461,3600,2248",720575940885439590,13.495228
720575940909797811,"29495,2849,1370",720575940905063126,"30532,4598,1070",720575940898889927,38.626079
720575940909797811,"29495,2849,1370",720575940890101684,"25384,4074,1605",720575940883908636,31.861903
720575940909797811,"29495,2849,1370",720575940890209582,"21636,4289,2083",720575940888829455,76.627939
720575940909797811,"29495,2849,1370",720575940927269708,"23751,4351,1605",720575940882093178,17.841699
720575940909797811,"29495,2849,1370",720575940881780816,"27295,4519,1330",720575940899607728,60.630386
720575940909797811,"29495,2849,1370",720575940890729167,"29556,5160,1151",720575940894196379,41.533100
720575940909797811,"29495,2849,1370",720575940929722145,"32485,5455,1334",720575940919043143,36.387171
720575940909797811,"29495,2849,1370",720575940882092320,"44973,7063,1558",720575940869469147,6.282725
720575940909797811,"29495,2849,1370",720575940882092576,"44111,5787,1151",720575940908400644,56.773888
720575940909797811,"29495,2849,1370",720575940878946100,"13153,5700,2154",720575940917797795,40.149009
720575940909797811,"29495,2849,1370",720575940882093088,"24136,3911,1002",720575940869469403,34.434469
720575940909797811,"29495,2849,1370",720575940847560045,"41727,5321,1579",720575940905121334,24.017750
720575940909797811,"29495,2849,1370",720575940898736274,"20994,6297,2199",720575940884791610,0.000000
720575940865467295,"32747,3541,355",720575940904099536,"29320,4453,1733",720575940881624259,0.000000
720575940865467295,"32747,3541,355",720575940900924101,"24306,3929,1314",720575940903762211,0.000000
720575940865467295,"32747,3541,355",720575940911437161,"27344,3514,1565",720575940878345595,8.454739
720575940865467295,"32747,3541,355",720575940932822676,"22490,3798,2283",720575940924205189,0.000000
720575940865467295,"32747,3541,355",720575940898806193,"24461,3600,2248",720575940885439590,0.000000
720575940865467295,"32747,3541,355",720575940905063126,"30532,4598,1070",720575940898889927,44.222562
720575940865467295,"32747,3541,355",720575940890101684,"25384,4074,1605",720575940883908636,50.633389
720575940865467295,"32747,3541,355",720575940890209582,"21636,4289,2083",720575940888829455,0.000000
720575940865467295,"32747,3541,355",720575940927269708,"23751,4351,1605",720575940882093178,23.952807
720575940865467295,"32747,3541,355",720575940881780816,"27295,4519,1330",720575940899607728,58.224181
720575940865467295,"32747,3541,355",720575940890729167,"29556,5160,1151",720575940894196379,47.116410
720575940865467295,"32747,3541,355",720575940929722145,"32485,5455,1334",720575940919043143,0.000000
720575940865467295,"32747,3541,355",720575940882092320,"44973,7063,1558",720575940869469147,0.000000
720575940865467295,"32747,3541,355",720575940882092576,"44111,5787,1151",720575940908400644,8.826446
720575940865467295,"32747,3541,355",720575940878946100,"13153,5700,2154",720575940917797795,26.801160
720575940865467295,"32747,3541,355",720575940882093088,"24136,3911,1002",720575940869469403,44.458276
720575940865467295,"32747,3541,355",720575940847560045,"41727,5321,1579",720575940905121334,0.000000
720575940865467295,"32747,3541,355",720575940898736274,"20994,6297,2199",720575940884791610,0.000000
720575940878325883,"13558,3006,1818",720575940904099536,"29320,4453,1733",720575940881624259,0.000000
720575940878325883,"13558,3006,1818",720575940900924101,"24306,3929,1314",720575940903762211,0.000000
720575940878325883,"13558,3006,1818",720575940911437161,"27344,3514,1565",720575940878345595,79.688202
720575940878325883,"13558,3006,1818",720575940932822676,"22490,3798,2283",720575940924205189,0.000000
720575940878325883,"13558,3006,1818",720575940898806193,"24461,3600,2248",720575940885439590,15.182371
720575940878325883,"13558,3006,1818",720575940905063126,"30532,4598,1070",720575940898889927,0.000000
720575940878325883,"13558,3006,1818",720575940890101684,"25384,4074,1605",720575940883908636,0.000000
720575940878325883,"13558,3006,1818",720575940890209582,"21636,4289,2083",720575940888829455,139.548187
720575940878325883,"13558,3006,1818",720575940927269708,"23751,4351,1605",720575940882093178,0.000000
720575940878325883,"13558,3006,1818",720575940881780816,"27295,4519,1330",720575940899607728,18.038081
720575940878325883,"13558,3006,1818",720575940890729167,"29556,5160,1151",720575940894196379,48.547966
720575940878325883,"13558,3006,1818",720575940929722145,"32485,5455,1334",720575940919043143,0.000000
720575940878325883,"13558,3006,1818",720575940882092320,"44973,7063,1558",720575940869469147,0.000000
720575940878325883,"13558,3006,1818",720575940882092576,"44111,5787,1151",720575940908400644,79.826875
720575940878325883,"13558,3006,1818",720575940878946100,"13153,5700,2154",720575940917797795,53.712036
720575940878325883,"13558,3006,1818",720575940882093088,"24136,3911,1002",720575940869469403,101.927404
720575940878325883,"13558,3006,1818",720575940847560045,"41727,5321,1579",720575940905121334,0.000000
720575940878325883,"13558,3006,1818",720575940898736274,"20994,6297,2199",720575940884791610,22.554944
720575940893156522,"33659,3381,1984",720575940904099536,"29320,4453,1733",720575940881624259,48.772638
720575940893156522,"33659,3381,1984",720575940900924101,"24306,3929,1314",720575940903762211,28.295646
720575940893156522,"33659,3381,1984",720575940911437161,"27344,3514,1565",720575940878345595,59.329148
720575940893156522,"33659,3381,1984",720575940932822676,"22490,3798,2283",720575940924205189,0.000000
720575940893156522,"33659,3381,1984",720575940898806193,"24461,3600,2248",720575940885439590,6.309130
720575940893156522,"33659,3381,1984",720575940905063126,"30532,4598,1070",720575940898889927,0.000000
720575940893156522,"33659,3381,1984",720575940890101684,"25384,4074,1605",720575940883908636,38.834288
720575940893156522,"33659,3381,1984",720575940890209582,"21636,4289,2083",720575940888829455,0.000000
720575940893156522,"33659,3381,1984",720575940927269708,"23751,4351,1605",720575940882093178,0.000000
720575940893156522,"33659,3381,1984",720575940881780816,"27295,4519,1330",720575940899607728,40.685633
720575940893156522,"33659,3381,1984",720575940890729167,"29556,5160,1151",720575940894196379,0.000000
720575940893156522,"33659,3381,1984",720575940929722145,"32485,5455,1334",720575940919043143,70.770557
720575940893156522,"33659,3381,1984",720575940882092320,"44973,7063,1558",720575940869469147,47.286314
720575940893156522,"33659,3381,1984",720575940882092576,"44111,5787,1151",720575940908400644,50.274128
720575940893156522,"33659,3381,1984",720575940878946100,"13153,5700,2154",720575940917797795,48.759844
720575940893156522,"33659,3381,1984",720575940882093088,"24136,3911,1002",720575940869469403,0.000000
720575940893156522,"33659,3381,1984",720575940847560045,"41727,5321,1579",720575940905121334,148.603856
720575940893156522,"33659,3381,1984",720575940898736274,"20994,6297,2199",720575940884791610,9.353672
720575940922795818,"29758,2621,1944",720575940904099536,"29320,4453,1733",720575940881624259,154.544310
720575940922795818,"29758,2621,1944",720575940900924101,"24306,3929,1314",720575940903762211,73.625352
720575940922795818,"29758,2621,1944",720575940911437161,"27344,3514,1565",720575940878345595,103.824984
720575940922795818,"29758,2621,1944",720575940932822676,"22490,3798,2283",720575940924205189,0.000000
720575940922795818,"29758,2621,1944",720575940898806193,"24461,3600,2248",720575940885439590,11.839690
720575940922795818,"29758,2621,1944",720575940905063126,"30532,4598,1070",720575940898889927,61.191672
720575940922795818,"29758,2621,1944",720575940890101684,"25384,4074,1605",720575940883908636,110.092682
720575940922795818,"29758,2621,1944",720575940890209582,"21636,4289,2083",720575940888829455,41.862494
720575940922795818,"29758,2621,1944",720575940927269708,"23751,4351,1605",720575940882093178,14.506187
720575940922795818,"29758,2621,1944",720575940881780816,"27295,4519,1330",720575940899607728,80.707440
720575940922795818,"29758,2621,1944",720575940890729167,"29556,5160,1151",720575940894196379,40.945401
720575940922795818,"29758,2621,1944",720575940929722145,"32485,5455,1334",720575940919043143,61.039115
720575940922795818,"29758,2621,1944",720575940882092320,"44973,7063,1558",720575940869469147,72.914922
720575940922795818,"29758,2621,1944",720575940882092576,"44111,5787,1151",720575940908400644,38.562865
720575940922795818,"29758,2621,1944",720575940878946100,"13153,5700,2154",720575940917797795,47.020497
720575940922795818,"29758,2621,1944",720575940882093088,"24136,3911,1002",720575940869469403,13.327140
720575940922795818,"29758,2621,1944",720575940847560045,"41727,5321,1579",720575940905121334,124.702175
720575940922795818,"29758,2621,1944",720575940898736274,"20994,6297,2199",720575940884791610,83.424589
720575940859648663,"30414,3024,1193",720575940904099536,"29320,4453,1733",720575940881624259,57.480474
720575940859648663,"30414,3024,1193",720575940900924101,"24306,3929,1314",720575940903762211,145.320475
720575940859648663,"30414,3024,1193",720575940911437161,"27344,3514,1565",720575940878345595,53.854093
720575940859648663,"30414,3024,1193",720575940932822676,"22490,3798,2283",720575940924205189,70.998517
720575940859648663,"30414,3024,1193",720575940898806193,"24461,3600,2248",720575940885439590,63.491942
720575940859648663,"30414,3024,1193",720575940905063126,"30532,4598,1070",720575940898889927,158.764332
720575940859648663,"30414,3024,1193",720575940890101684,"25384,4074,1605",720575940883908636,191.491468
720575940859648663,"30414,3024,1193",720575940890209582,"21636,4289,2083",720575940888829455,125.805063
720575940859648663,"30414,3024,1193",720575940927269708,"23751,4351,1605",720575940882093178,115.551989
720575940859648663,"30414,3024,1193",720575940881780816,"27295,4519,1330",720575940899607728,234.800743
720575940859648663,"30414,3024,1193",720575940890729167,"29556,5160,1151",720575940894196379,133.330225
720575940859648663,"30414,3024,1193",720575940929722145,"32485,5455,1334",720575940919043143,99.672927
720575940859648663,"30414,3024,1193",720575940882092320,"44973,7063,1558",720575940869469147,87.027857
720575940859648663,"30414,3024,1193",720575940882092576,"44111,5787,1151",720575940908400644,69.077629
720575940859648663,"30414,3024,1193",720575940878946100,"13153,5700,2154",720575940917797795,12.885420
720575940859648663,"30414,3024,1193",720575940882093088,"24136,3911,1002",720575940869469403,53.430438
720575940859648663,"30414,3024,1193",720575940847560045,"41727,5321,1579",720575940905121334,42.172487
720575940859648663,"30414,3024,1193",720575940898736274,"20994,6297,2199",720575940884791610,5.820352
720575940899433261,"38057,3600,399",720575940904099536,"29320,4453,1733",720575940881624259,43.726141
720575940899433261,"38057,3600,399",720575940900924101,"24306,3929,1314",720575940903762211,0.000000
720575940899433261,"38057,3600,399",720575940911437161,"27344,3514,1565",720575940878345595,61.188630
720575940899433261,"38057,3600,399",720575940932822676,"22490,3798,2283",720575940924205189,30.181155
720575940899433261,"38057,3600,399",720575940898806193,"24461,3600,2248",720575940885439590,0.000000
720575940899433261,"38057,3600,399",720575940905063126,"30532,4598,1070",720575940898889927,58.320354
720575940899433261,"38057,3600,399",720575940890101684,"25384,4074,1605",720575940883908636,90.165463
720575940899433261,"38057,3600,399",720575940890209582,"21636,4289,2083",720575940888829455,0.000000
720575940899433261,"38057,3600,399",720575940927269708,"23751,4351,1605",720575940882093178,7.710634
720575940899433261,"38057,3600,399",720575940881780816,"27295,4519,1330",720575940899607728,4.888067
720575940899433261,"38057,3600,399",720575940890729167,"29556,5160,1151",720575940894196379,0.000000
720575940899433261,"38057,3600,399",720575940929722145,"32485,5455,1334",720575940919043143,7.396573
720575940899433261,"38057,3600,399",720575940882092320,"44973,7063,1558",720575940869469147,0.000000
720575940899433261,"38057,3600,399",720575940882092576,"44111,5787,1151",720575940908400644,12.309867
720575940899433261,"38057,3600,399",720575940878946100,"13153,5700,2154",720575940917797795,49.863790
720575940899433261,"38057,3600,399",720575940882093088,"24136,3911,1002",720575940869469403,13.830140
720575940899433261,"38057,3600,399",720575940847560045,"41727,5321,1579",720575940905121334,0.000000
720575940899433261,"38057,3600,399",720575940898736274,"20994,6297,2199",720575940884791610,0.000000
720575940899433517,"29668,3406,772",720575940904099536,"29320,4453,1733",720575940881624259,9.984231
720575940899433517,"29668,3406,772",720575940900924101,"24306,3929,1314",720575940903762211,50.499075
720575940899433517,"29668,3406,772",720575940911437161,"27344,3514,1565",720575940878345595,86.944580
720575940899433517,"29668,3406,772",720575940932822676,"22490,3798,2283",720575940924205189,57.351035
720575940899433517,"29668,3406,772",720575940898806193,"24461,3600,2248",720575940885439590,10.813935
720575940899433517,"29668,3406,772",720575940905063126,"30532,4598,1070",720575940898889927,91.784439
720575940899433517,"29668,3406,772",720575940890101684,"25384,4074,1605",720575940883908636,323.265560
720575940899433517,"29668,3406,772",720575940890209582,"21636,4289,2083",720575940888829455,37.712192
720575940899433517,"29668,3406,772",720575940927269708,"23751,4351,1605",720575940882093178,110.688420
720575940899433517,"29668,3406,772",720575940881780816,"27295,4519,1330",720575940899607728,80.952387
720575940899433517,"29668,3406,772",720575940890729167,"29556,5160,1151",720575940894196379,86.881301
720575940899433517,"29668,3406,772",720575940929722145,"32485,5455,1334",720575940919043143,0.000000
720575940899433517,"29668,3406,772",720575940882092320,"44973,7063,1558",720575940869469147,0.000000
720575940899433517,"29668,3406,772",720575940882092576,"44111,5787,1151",720575940908400644,20.837098
720575940899433517,"29668,3406,772",720575940878946100,"13153,5700,2154",720575940917797795,157.705026
720575940899433517,"29668,3406,772",720575940882093088,"24136,3911,1002",720575940869469403,75.150616
720575940899433517,"29668,3406,772",720575940847560045,"41727,5321,1579",720575940905121334,0.000000
720575940899433517,"29668,3406,772",720575940898736274,"20994,6297,2199",720575940884791610,0.000000
720575940899433773,"29738,3475,637",720575940904099536,"29320,4453,1733",720575940881624259,29.747754
720575940899433773,"29738,3475,637",720575940900924101,"24306,3929,1314",720575940903762211,103.540415
720575940899433773,"29738,3475,637",720575940911437161,"27344,3514,1565",720575940878345595,48.350497
720575940899433773,"29738,3475,637",720575940932822676,"22490,3798,2283",720575940924205189,86.558809
720575940899433773,"29738,3475,637",720575940898806193,"24461,3600,2248",720575940885439590,43.576879
720575940899433773,"29738,3475,637",720575940905063126,"30532,4598,1070",720575940898889927,127.749991
720575940899433773,"29738,3475,637",720575940890101684,"25384,4074,1605",720575940883908636,134.612009
720575940899433773,"29738,3475,637",720575940890209582,"21636,4289,2083",720575940888829455,23.959063
720575940899433773,"29738,3475,637",720575940927269708,"23751,4351,1605",720575940882093178,59.031024
720575940899433773,"29738,3475,637",720575940881780816,"27295,4519,1330",720575940899607728,63.313068
720575940899433773,"29738,3475,637",720575940890729167,"29556,5160,1151",720575940894196379,38.439083
720575940899433773,"29738,3475,637",720575940929722145,"32485,5455,1334",720575940919043143,12.982663
720575940899433773,"29738,3475,637",720575940882092320,"44973,7063,1558",720575940869469147,0.000000
720575940899433773,"29738,3475,637",720575940882092576,"44111,5787,1151",720575940908400644,19.930194
720575940899433773,"29738,3475,637",720575940878946100,"13153,5700,2154",720575940917797795,40.058062
720575940899433773,"29738,3475,637",720575940882093088,"24136,3911,1002",720575940869469403,105.664046
720575940899433773,"29738,3475,637",720575940847560045,"41727,5321,1579",720575940905121334,17.299063
720575940899433773,"29738,3475,637",720575940898736274,"20994,6297,2199",720575940884791610,0.000000
720575940927244768,"20380,3113,1579",720575940904099536,"29320,4453,1733",720575940881624259,71.714388
720575940927244768,"20380,3113,1579",720575940900924101,"24306,3929,1314",720575940903762211,77.539781
720575940927244768,"20380,3113,1579",720575940911437161,"27344,3514,1565",720575940878345595,0.000000
720575940927244768,"20380,3113,1579",720575940932822676,"22490,3798,2283",720575940924205189,7.614554
720575940927244768,"20380,3113,1579",720575940898806193,"24461,3600,2248",720575940885439590,24.198660
720575940927244768,"20380,3113,1579",720575940905063126,"30532,4598,1070",720575940898889927,0.000000
720575940927244768,"20380,3113,1579",720575940890101684,"25384,4074,1605",720575940883908636,321.854270
720575940927244768,"20380,3113,1579",720575940890209582,"21636,4289,2083",720575940888829455,92.029682
720575940927244768,"20380,3113,1579",720575940927269708,"23751,4351,1605",720575940882093178,208.326075
720575940927244768,"20380,3113,1579",720575940881780816,"27295,4519,1330",720575940899607728,134.754368
720575940927244768,"20380,3113,1579",720575940890729167,"29556,5160,1151",720575940894196379,157.089112
720575940927244768,"20380,3113,1579",720575940929722145,"32485,5455,1334",720575940919043143,61.117916
720575940927244768,"20380,3113,1579",720575940882092320,"44973,7063,1558",720575940869469147,0.000000
720575940927244768,"20380,3113,1579",720575940882092576,"44111,5787,1151",720575940908400644,286.224162
720575940927244768,"20380,3113,1579",720575940878946100,"13153,5700,2154",720575940917797795,74.005471
720575940927244768,"20380,3113,1579",720575940882093088,"24136,3911,1002",720575940869469403,332.868106
720575940927244768,"20380,3113,1579",720575940847560045,"41727,5321,1579",720575940905121334,29.320640
720575940927244768,"20380,3113,1579",720575940898736274,"20994,6297,2199",720575940884791610,0.000000
720575940896872522,"30926,2884,2367",720575940904099536,"29320,4453,1733",720575940881624259,55.525368
720575940896872522,"30926,2884,2367",720575940900924101,"24306,3929,1314",720575940903762211,14.419789
720575940896872522,"30926,2884,2367",720575940911437161,"27344,3514,1565",720575940878345595,50.033591
720575940896872522,"30926,2884,2367",720575940932822676,"22490,3798,2283",720575940924205189,0.000000
720575940896872522,"30926,2884,2367",720575940898806193,"24461,3600,2248",720575940885439590,0.000000
720575940896872522,"30926,2884,2367",720575940905063126,"30532,4598,1070",720575940898889927,30.253937
720575940896872522,"30926,2884,2367",720575940890101684,"25384,4074,1605",720575940883908636,21.798376
720575940896872522,"30926,2884,2367",720575940890209582,"21636,4289,2083",720575940888829455,70.522540
720575940896872522,"30926,2884,2367",720575940927269708,"23751,4351,1605",720575940882093178,11.659121
720575940896872522,"30926,2884,2367",720575940881780816,"27295,4519,1330",720575940899607728,42.433340
720575940896872522,"30926,2884,2367",720575940890729167,"29556,5160,1151",720575940894196379,0.743034
720575940896872522,"30926,2884,2367",720575940929722145,"32485,5455,1334",720575940919043143,0.000000
720575940896872522,"30926,2884,2367",720575940882092320,"44973,7063,1558",720575940869469147,34.995932
720575940896872522,"30926,2884,2367",720575940882092576,"44111,5787,1151",720575940908400644,13.288836
720575940896872522,"30926,2884,2367",720575940878946100,"13153,5700,2154",720575940917797795,37.159377
720575940896872522,"30926,2884,2367",720575940882093088,"24136,3911,1002",720575940869469403,25.091387
720575940896872522,"30926,2884,2367",720575940847560045,"41727,5321,1579",720575940905121334,48.478572
720575940896872522,"30926,2884,2367",720575940898736274,"20994,6297,2199",720575940884791610,24.723583
720575940891783335,"20857,2842,2420",720575940904099536,"29320,4453,1733",720575940881624259,225.872855
720575940891783335,"20857,2842,2420",720575940900924101,"24306,3929,1314",720575940903762211,63.286967
720575940891783335,"20857,2842,2420",720575940911437161,"27344,3514,1565",720575940878345595,74.902735
720575940891783335,"20857,2842,2420",720575940932822676,"22490,3798,2283",720575940924205189,91.502643
720575940891783335,"20857,2842,2420",720575940898806193,"24461,3600,2248",720575940885439590,54.029396
720575940891783335,"20857,2842,2420",720575940905063126,"30532,4598,1070",720575940898889927,64.145008
720575940891783335,"20857,2842,2420",720575940890101684,"25384,4074,1605",720575940883908636,92.247163
720575940891783335,"20857,2842,2420",720575940890209582,"21636,4289,2083",720575940888829455,173.147494
720575940891783335,"20857,2842,2420",720575940927269708,"23751,4351,1605",720575940882093178,50.059860
720575940891783335,"20857,2842,2420",720575940881780816,"27295,4519,1330",720575940899607728,118.811490
720575940891783335,"20857,2842,2420",720575940890729167,"29556,5160,1151",720575940894196379,42.170174
720575940891783335,"20857,2842,2420",720575940929722145,"32485,5455,1334",720575940919043143,25.432085
720575940891783335,"20857,2842,2420",720575940882092320,"44973,7063,1558",720575940869469147,38.032248
720575940891783335,"20857,2842,2420",720575940882092576,"44111,5787,1151",720575940908400644,105.523718
720575940891783335,"20857,2842,2420",720575940878946100,"13153,5700,2154",720575940917797795,0.000000
720575940891783335,"20857,2842,2420",720575940882093088,"24136,3911,1002",720575940869469403,70.902252
720575940891783335,"20857,2842,2420",720575940847560045,"41727,5321,1579",720575940905121334,16.459373
720575940891783335,"20857,2842,2420",720575940898736274,"20994,6297,2199",720575940884791610,6.510680
720575940892204542,"13110,2954,2677",720575940904099536,"29320,4453,1733",720575940881624259,193.026183
720575940892204542,"13110,2954,2677",720575940900924101,"24306,3929,1314",720575940903762211,188.463668
720575940892204542,"13110,2954,2677",720575940911437161,"27344,3514,1565",720575940878345595,159.646137
720575940892204542,"13110,2954,2677",720575940932822676,"22490,3798,2283",720575940924205189,65.331508
720575940892204542,"13110,2954,2677",720575940898806193,"24461,3600,2248",720575940885439590,54.868309
720575940892204542,"13110,2954,2677",720575940905063126,"30532,4598,1070",720575940898889927,35.861038
720575940892204542,"13110,2954,2677",720575940890101684,"25384,4074,1605",720575940883908636,155.045653
720575940892204542,"13110,2954,2677",720575940890209582,"21636,4289,2083",720575940888829455,72.475665
720575940892204542,"13110,2954,2677",720575940927269708,"23751,4351,1605",720575940882093178,26.463131
720575940892204542,"13110,2954,2677",720575940881780816,"27295,4519,1330",720575940899607728,94.425132
720575940892204542,"13110,2954,2677",720575940890729167,"29556,5160,1151",720575940894196379,28.098373
720575940892204542,"13110,2954,2677",720575940929722145,"32485,5455,1334",720575940919043143,44.511932
720575940892204542,"13110,2954,2677",720575940882092320,"44973,7063,1558",720575940869469147,16.945818
720575940892204542,"13110,2954,2677",720575940882092576,"44111,5787,1151",720575940908400644,9.542470
720575940892204542,"13110,2954,2677",720575940878946100,"13153,5700,2154",720575940917797795,173.907900
720575940892204542,"13110,2954,2677",720575940882093088,"24136,3911,1002",720575940869469403,112.642222
720575940892204542,"13110,2954,2677",720575940847560045,"41727,5321,1579",720575940905121334,25.035026
720575940892204542,"13110,2954,2677",720575940898736274,"20994,6297,2199",720575940884791610,0.000000
720575940878955572,"27863,2782,1525",720575940904099536,"29320,4453,1733",720575940881624259,55.024349
720575940878955572,"27863,2782,1525",720575940900924101,"24306,3929,1314",720575940903762211,46.811201
720575940878955572,"27863,2782,1525",720575940911437161,"27344,3514,1565",720575940878345595,138.658811
720575940878955572,"27863,2782,1525",720575940932822676,"22490,3798,2283",720575940924205189,96.075373
720575940878955572,"27863,2782,1525",720575940898806193,"24461,3600,2248",720575940885439590,75.693832
720575940878955572,"27863,2782,1525",720575940905063126,"30532,4598,1070",720575940898889927,102.304084
720575940878955572,"27863,2782,1525",720575940890101684,"25384,4074,1605",720575940883908636,119.165431
720575940878955572,"27863,2782,1525",720575940890209582,"21636,4289,2083",720575940888829455,83.408344
720575940878955572,"27863,2782,1525",720575940927269708,"23751,4351,1605",720575940882093178,83.201678
720575940878955572,"27863,2782,1525",720575940881780816,"27295,4519,1330",720575940899607728,48.171868
720575940878955572,"27863,2782,1525",720575940890729167,"29556,5160,1151",720575940894196379,40.901551
720575940878955572,"27863,2782,1525",720575940929722145,"32485,5455,1334",720575940919043143,101.648502
720575940878955572,"27863,2782,1525",720575940882092320,"44973,7063,1558",720575940869469147,21.254169
720575940878955572,"27863,2782,1525",720575940882092576,"44111,5787,1151",720575940908400644,39.448304
720575940878955572,"27863,2782,1525",720575940878946100,"13153,5700,2154",720575940917797795,88.658164
720575940878955572,"27863,2782,1525",720575940882093088,"24136,3911,1002",720575940869469403,47.392809
720575940878955572,"27863,2782,1525",720575940847560045,"41727,5321,1579",720575940905121334,27.437426
720575940878955572,"27863,2782,1525",720575940898736274,"20994,6297,2199",720575940884791610,47.518508
720575940937856941,"38119,3600,2000",720575940904099536,"29320,4453,1733",720575940881624259,50.383658
720575940937856941,"38119,3600,2000",720575940900924101,"24306,3929,1314",720575940903762211,32.176585
720575940937856941,"38119,3600,2000",720575940911437161,"27344,3514,1565",720575940878345595,107.575956
720575940937856941,"38119,3600,2000",720575940932822676,"22490,3798,2283",720575940924205189,0.000000
720575940937856941,"38119,3600,2000",720575940898806193,"24461,3600,2248",720575940885439590,12.332559
720575940937856941,"38119,3600,2000",720575940905063126,"30532,4598,1070",720575940898889927,0.000000
720575940937856941,"38119,3600,2000",720575940890101684,"25384,4074,1605",720575940883908636,23.259184
720575940937856941,"38119,3600,2000",720575940890209582,"21636,4289,2083",720575940888829455,20.337850
720575940937856941,"38119,3600,2000",720575940927269708,"23751,4351,1605",720575940882093178,0.000000
720575940937856941,"38119,3600,2000",720575940881780816,"27295,4519,1330",720575940899607728,0.000000
720575940937856941,"38119,3600,2000",720575940890729167,"29556,5160,1151",720575940894196379,0.000000
720575940937856941,"38119,3600,2000",720575940929722145,"32485,5455,1334",720575940919043143,0.000000
720575940937856941,"38119,3600,2000",720575940882092320,"44973,7063,1558",720575940869469147,30.735231
720575940937856941,"38119,3600,2000",720575940882092576,"44111,5787,1151",720575940908400644,26.900818
720575940937856941,"38119,3600,2000",720575940878946100,"13153,5700,2154",720575940917797795,0.000000
720575940937856941,"38119,3600,2000",720575940882093088,"24136,3911,1002",720575940869469403,51.704181
720575940937856941,"38119,3600,2000",720575940847560045,"41727,5321,1579",720575940905121334,104.849590
720575940937856941,"38119,3600,2000",720575940898736274,"20994,6297,2199",720575940884791610,88.357224
720575940888216655,"8485,3421,2275",720575940904099536,"29320,4453,1733",720575940881624259,0.000000
720575940888216655,"8485,3421,2275",720575940900924101,"24306,3929,1314",720575940903762211,64.024924
720575940888216655,"8485,3421,2275",720575940911437161,"27344,3514,1565",720575940878345595,113.641297
720575940888216655,"8485,3421,2275",720575940932822676,"22490,3798,2283",720575940924205189,0.000000
720575940888216655,"8485,3421,2275",720575940898806193,"24461,3600,2248",720575940885439590,0.000000
720575940888216655,"8485,3421,2275",720575940905063126,"30532,4598,1070",720575940898889927,0.000000
720575940888216655,"8485,3421,2275",720575940890101684,"25384,4074,1605",720575940883908636,68.884900
720575940888216655,"8485,3421,2275",720575940890209582,"21636,4289,2083",720575940888829455,31.485708
720575940888216655,"8485,3421,2275",720575940927269708,"23751,4351,1605",720575940882093178,0.000000
720575940888216655,"8485,3421,2275",720575940881780816,"27295,4519,1330",720575940899607728,95.624419
720575940888216655,"8485,3421,2275",720575940890729167,"29556,5160,1151",720575940894196379,0.000000
720575940888216655,"8485,3421,2275",720575940929722145,"32485,5455,1334",720575940919043143,0.000000
720575940888216655,"8485,3421,2275",720575940882092320,"44973,7063,1558",720575940869469147,0.000000
720575940888216655,"8485,3421,2275",720575940882092576,"44111,5787,1151",720575940908400644,0.000000
720575940888216655,"8485,3421,2275",720575940878946100,"13153,5700,2154",720575940917797795,155.720969
720575940888216655,"8485,3421,2275",720575940882093088,"24136,3911,1002",720575940869469403,29.736210
720575940888216655,"8485,3421,2275",720575940847560045,"41727,5321,1579",720575940905121334,0.000000
720575940888216655,"8485,3421,2275",720575940898736274,"20994,6297,2199",720575940884791610,6.612292
720575940932846484,"40938,3590,711",720575940904099536,"29320,4453,1733",720575940881624259,22.767591
720575940932846484,"40938,3590,711",720575940900924101,"24306,3929,1314",720575940903762211,0.000000
720575940932846484,"40938,3590,711",720575940911437161,"27344,3514,1565",720575940878345595,73.069072
720575940932846484,"40938,3590,711",720575940932822676,"22490,3798,2283",720575940924205189,33.178058
720575940932846484,"40938,3590,711",720575940898806193,"24461,3600,2248",720575940885439590,0.000000
720575940932846484,"40938,3590,711",720575940905063126,"30532,4598,1070",720575940898889927,0.000000
720575940932846484,"40938,3590,711",720575940890101684,"25384,4074,1605",720575940883908636,122.518045
720575940932846484,"40938,3590,711",720575940890209582,"21636,4289,2083",720575940888829455,2.723796
720575940932846484,"40938,3590,711",720575940927269708,"23751,4351,1605",720575940882093178,76.124807
720575940932846484,"40938,3590,711",720575940881780816,"27295,4519,1330",720575940899607728,62.310228
720575940932846484,"40938,3590,711",720575940890729167,"29556,5160,1151",720575940894196379,0.000000
720575940932846484,"40938,3590,711",720575940929722145,"32485,5455,1334",720575940919043143,8.310217
720575940932846484,"40938,3590,711",720575940882092320,"44973,7063,1558",720575940869469147,0.000000
720575940932846484,"40938,3590,711",720575940882092576,"44111,5787,1151",720575940908400644,102.055684
720575940932846484,"40938,3590,711",720575940878946100,"13153,5700,2154",720575940917797795,33.254724
720575940932846484,"40938,3590,711",720575940882093088,"24136,3911,1002",720575940869469403,11.482024
720575940932846484,"40938,3590,711",720575940847560045,"41727,5321,1579",720575940905121334,0.000000
720575940932846484,"40938,3590,711",720575940898736274,"20994,6297,2199",720575940884791610,0.000000
720575940899291016,"12744,3132,2650",720575940904099536,"29320,4453,1733",720575940881624259,213.957798
720575940899291016,"12744,3132,2650",720575940900924101,"24306,3929,1314",720575940903762211,316.993161
720575940899291016,"12744,3132,2650",720575940911437161,"27344,3514,1565",720575940878345595,162.111416
720575940899291016,"12744,3132,2650",720575940932822676,"22490,3798,2283",720575940924205189,241.354668
720575940899291016,"12744,3132,2650",720575940898806193,"24461,3600,2248",720575940885439590,280.150388
720575940899291016,"12744,3132,2650",720575940905063126,"30532,4598,1070",720575940898889927,144.706518
720575940899291016,"12744,3132,2650",720575940890101684,"25384,4074,1605",720575940883908636,68.258362
720575940899291016,"12744,3132,2650",720575940890209582,"21636,4289,2083",720575940888829455,184.178154
720575940899291016,"12744,3132,2650",720575940927269708,"23751,4351,1605",720575940882093178,54.582889
720575940899291016,"12744,3132,2650",720575940881780816,"27295,4519,1330",720575940899607728,51.234441
720575940899291016,"12744,3132,2650",720575940890729167,"29556,5160,1151",720575940894196379,46.536735
720575940899291016,"12744,3132,2650",720575940929722145,"32485,5455,1334",720575940919043143,75.562631
720575940899291016,"12744,3132,2650",720575940882092320,"44973,7063,1558",720575940869469147,0.000000
720575940899291016,"12744,3132,2650",720575940882092576,"44111,5787,1151",720575940908400644,35.016716
720575940899291016,"12744,3132,2650",720575940878946100,"13153,5700,2154",720575940917797795,155.039143
720575940899291016,"12744,3132,2650",720575940882093088,"24136,3911,1002",720575940869469403,109.873107
720575940899291016,"12744,3132,2650",720575940847560045,"41727,5321,1579",720575940905121334,77.349953
720575940899291016,"12744,3132,2650",720575940898736274,"20994,6297,2199",720575940884791610,0.000000
720575940927184920,"20477,3241,2518",720575940904099536,"29320,4453,1733",720575940881624259,502.649076
720575940927184920,"20477,3241,2518",720575940900924101,"24306,3929,1314",720575940903762211,56.426080
720575940927184920,"20477,3241,2518",720575940911437161,"27344,3514,1565",720575940878345595,280.444162
720575940927184920,"20477,3241,2518",720575940932822676,"22490,3798,2283",720575940924205189,254.079522
720575940927184920,"20477,3241,2518",720575940898806193,"24461,3600,2248",720575940885439590,442.789436
720575940927184920,"20477,3241,2518",720575940905063126,"30532,4598,1070",720575940898889927,112.858335
720575940927184920,"20477,3241,2518",720575940890101684,"25384,4074,1605",720575940883908636,32.877432
720575940927184920,"20477,3241,2518",720575940890209582,"21636,4289,2083",720575940888829455,244.465320
720575940927184920,"20477,3241,2518",720575940927269708,"23751,4351,1605",720575940882093178,51.693426
720575940927184920,"20477,3241,2518",720575940881780816,"27295,4519,1330",720575940899607728,223.824857
720575940927184920,"20477,3241,2518",720575940890729167,"29556,5160,1151",720575940894196379,50.325922
720575940927184920,"20477,3241,2518",720575940929722145,"32485,5455,1334",720575940919043143,107.067489
720575940927184920,"20477,3241,2518",720575940882092320,"44973,7063,1558",720575940869469147,34.085915
720575940927184920,"20477,3241,2518",720575940882092576,"44111,5787,1151",720575940908400644,55.570352
720575940927184920,"20477,3241,2518",720575940878946100,"13153,5700,2154",720575940917797795,158.285474
720575940927184920,"20477,3241,2518",720575940882093088,"24136,3911,1002",720575940869469403,76.644747
720575940927184920,"20477,3241,2518",720575940847560045,"41727,5321,1579",720575940905121334,194.076753
720575940927184920,"20477,3241,2518",720575940898736274,"20994,6297,2199",720575940884791610,38.417533
720575940899434029,"15009,3376,1339",720575940904099536,"29320,4453,1733",720575940881624259,7.491451
720575940899434029,"15009,3376,1339",720575940900924101,"24306,3929,1314",720575940903762211,0.000000
720575940899434029,"15009,3376,1339",720575940911437161,"27344,3514,1565",720575940878345595,0.000000
720575940899434029,"15009,3376,1339",720575940932822676,"22490,3798,2283",720575940924205189,0.000000
720575940899434029,"15009,3376,1339",720575940898806193,"24461,3600,2248",720575940885439590,6.963065
720575940899434029,"15009,3376,1339",720575940905063126,"30532,4598,1070",720575940898889927,0.000000
720575940899434029,"15009,3376,1339",720575940890101684,"25384,4074,1605",720575940883908636,40.988740
720575940899434029,"15009,3376,1339",720575940890209582,"21636,4289,2083",720575940888829455,197.446288
720575940899434029,"15009,3376,1339",720575940927269708,"23751,4351,1605",720575940882093178,44.658135
720575940899434029,"15009,3376,1339",720575940881780816,"27295,4519,1330",720575940899607728,33.141170
720575940899434029,"15009,3376,1339",720575940890729167,"29556,5160,1151",720575940894196379,35.655864
720575940899434029,"15009,3376,1339",720575940929722145,"32485,5455,1334",720575940919043143,0.000000
720575940899434029,"15009,3376,1339",720575940882092320,"44973,7063,1558",720575940869469147,0.000000
720575940899434029,"15009,3376,1339",720575940882092576,"44111,5787,1151",720575940908400644,160.985668
720575940899434029,"15009,3376,1339",720575940878946100,"13153,5700,2154",720575940917797795,39.076214
720575940899434029,"15009,3376,1339",720575940882093088,"24136,3911,1002",720575940869469403,41.481189
720575940899434029,"15009,3376,1339",720575940847560045,"41727,5321,1579",720575940905121334,0.000000
720575940899434029,"15009,3376,1339",720575940898736274,"20994,6297,2199",720575940884791610,23.279949
720575940920027261,"29541,3034,2266",720575940904099536,"29320,4453,1733",720575940881624259,113.945977
720575940920027261,"29541,3034,2266",720575940900924101,"24306,3929,1314",720575940903762211,37.002107
720575940920027261,"29541,3034,2266",720575940911437161,"27344,3514,1565",720575940878345595,142.888210
720575940920027261,"29541,3034,2266",720575940932822676,"22490,3798,2283",720575940924205189,48.057749
720575940920027261,"29541,3034,2266",720575940898806193,"24461,3600,2248",720575940885439590,10.571478
720575940920027261,"29541,3034,2266",720575940905063126,"30532,4598,1070",720575940898889927,54.584829
720575940920027261,"29541,3034,2266",720575940890101684,"25384,4074,1605",720575940883908636,145.192969
720575940920027261,"29541,3034,2266",720575940890209582,"21636,4289,2083",720575940888829455,149.499133
720575940920027261,"29541,3034,2266",720575940927269708,"23751,4351,1605",720575940882093178,190.878872
720575940920027261,"29541,3034,2266",720575940881780816,"27295,4519,1330",720575940899607728,158.169640
720575940920027261,"29541,3034,2266",720575940890729167,"29556,5160,1151",720575940894196379,84.752615
720575940920027261,"29541,3034,2266",720575940929722145,"32485,5455,1334",720575940919043143,128.650826
720575940920027261,"29541,3034,2266",720575940882092320,"44973,7063,1558",720575940869469147,144.991436
720575940920027261,"29541,3034,2266",720575940882092576,"44111,5787,1151",720575940908400644,18.383525
720575940920027261,"29541,3034,2266",720575940878946100,"13153,5700,2154",720575940917797795,118.839648
720575940920027261,"29541,3034,2266",720575940882093088,"24136,3911,1002",720575940869469403,10.454961
720575940920027261,"29541,3034,2266",720575940847560045,"41727,5321,1579",720575940905121334,135.222128
720575940920027261,"29541,3034,2266",720575940898736274,"20994,6297,2199",720575940884791610,91.769511
720575940890111288,"28022,3353,966",720575940904099536,"29320,4453,1733",720575940881624259,61.037212
720575940890111288,"28022,3353,966",720575940900924101,"24306,3929,1314",720575940903762211,237.737920
720575940890111288,"28022,3353,966",720575940911437161,"27344,3514,1565",720575940878345595,103.347088
720575940890111288,"28022,3353,966",720575940932822676,"22490,3798,2283",720575940924205189,119.660131
720575940890111288,"28022,3353,966",720575940898806193,"24461,3600,2248",720575940885439590,24.302450
720575940890111288,"28022,3353,966",720575940905063126,"30532,4598,1070",720575940898889927,62.323446
720575940890111288,"28022,3353,966",720575940890101684,"25384,4074,1605",720575940883908636,399.727382
720575940890111288,"28022,3353,966",720575940890209582,"21636,4289,2083",720575940888829455,32.177048
720575940890111288,"28022,3353,966",720575940927269708,"23751,4351,1605",720575940882093178,60.052343
720575940890111288,"28022,3353,966",720575940881780816,"27295,4519,1330",720575940899607728,187.408016
720575940890111288,"28022,3353,966",720575940890729167,"29556,5160,1151",720575940894196379,289.209037
720575940890111288,"28022,3353,966",720575940929722145,"32485,5455,1334",720575940919043143,65.631483
720575940890111288,"28022,3353,966",720575940882092320,"44973,7063,1558",720575940869469147,0.000000
720575940890111288,"28022,3353,966",720575940882092576,"44111,5787,1151",720575940908400644,22.327723
720575940890111288,"28022,3353,966",720575940878946100,"13153,5700,2154",720575940917797795,110.453438
720575940890111288,"28022,3353,966",720575940882093088,"24136,3911,1002",720575940869469403,62.300011
720575940890111288,"28022,3353,966",720575940847560045,"41727,5321,1579",720575940905121334,2.407101
720575940890111288,"28022,3353,966",720575940898736274,"20994,6297,2199",720575940884791610,13.362361
720575940880005762,"22352,3311,2588",720575940904099536,"29320,4453,1733",720575940881624259,24.794873
720575940880005762,"22352,3311,2588",720575940900924101,"24306,3929,1314",720575940903762211,0.000000
720575940880005762,"22352,3311,2588",720575940911437161,"27344,3514,1565",720575940878345595,134.278821
720575940880005762,"22352,3311,2588",720575940932822676,"22490,3798,2283",720575940924205189,28.945315
720575940880005762,"22352,3311,2588",720575940898806193,"24461,3600,2248",720575940885439590,60.406211
720575940880005762,"22352,3311,2588",720575940905063126,"30532,4598,1070",720575940898889927,21.406235
720575940880005762,"22352,3311,2588",720575940890101684,"25384,4074,1605",720575940883908636,0.000000
720575940880005762,"22352,3311,2588",720575940890209582,"21636,4289,2083",720575940888829455,7.123922
720575940880005762,"22352,3311,2588",720575940927269708,"23751,4351,1605",720575940882093178,0.000000
720575940880005762,"22352,3311,2588",720575940881780816,"27295,4519,1330",720575940899607728,24.473387
720575940880005762,"22352,3311,2588",720575940890729167,"29556,5160,1151",720575940894196379,0.000000
720575940880005762,"22352,3311,2588",720575940929722145,"32485,5455,1334",720575940919043143,21.146129
720575940880005762,"22352,3311,2588",720575940882092320,"44973,7063,1558",720575940869469147,120.453017
720575940880005762,"22352,3311,2588",720575940882092576,"44111,5787,1151",720575940908400644,33.285883
720575940880005762,"22352,3311,2588",720575940878946100,"13153,5700,2154",720575940917797795,65.562913
720575940880005762,"22352,3311,2588",720575940882093088,"24136,3911,1002",720575940869469403,0.000000
720575940880005762,"22352,3311,2588",720575940847560045,"41727,5321,1579",720575940905121334,64.206814
720575940880005762,"22352,3311,2588",720575940898736274,"20994,6297,2199",720575940884791610,18.416921
720575940878955828,"26136,3208,968",720575940904099536,"29320,4453,1733",720575940881624259,37.437215
720575940878955828,"26136,3208,968",720575940900924101,"24306,3929,1314",720575940903762211,369.469600
720575940878955828,"26136,3208,968",720575940911437161,"27344,3514,1565",720575940878345595,81.787050
720575940878955828,"26136,3208,968",720575940932822676,"22490,3798,2283",720575940924205189,31.562146
720575940878955828,"26136,3208,968",720575940898806193,"24461,3600,2248",720575940885439590,11.316052
720575940878955828,"26136,3208,968",720575940905063126,"30532,4598,1070",720575940898889927,94.015468
720575940878955828,"26136,3208,968",720575940890101684,"25384,4074,1605",720575940883908636,247.367574
720575940878955828,"26136,3208,968",720575940890209582,"21636,4289,2083",720575940888829455,30.980857
720575940878955828,"26136,3208,968",720575940927269708,"23751,4351,1605",720575940882093178,34.650806
720575940878955828,"26136,3208,968",720575940881780816,"27295,4519,1330",720575940899607728,127.051043
720575940878955828,"26136,3208,968",720575940890729167,"29556,5160,1151",720575940894196379,166.301241
720575940878955828,"26136,3208,968",720575940929722145,"32485,5455,1334",720575940919043143,0.000000
720575940878955828,"26136,3208,968",720575940882092320,"44973,7063,1558",720575940869469147,0.000000
720575940878955828,"26136,3208,968",720575940882092576,"44111,5787,1151",720575940908400644,0.000000
720575940878955828,"26136,3208,968",720575940878946100,"13153,5700,2154",720575940917797795,20.667791
720575940878955828,"26136,3208,968",720575940882093088,"24136,3911,1002",720575940869469403,171.868687
720575940878955828,"26136,3208,968",720575940847560045,"41727,5321,1579",720575940905121334,4.683046
720575940878955828,"26136,3208,968",720575940898736274,"20994,6297,2199",720575940884791610,0.000000
720575940891184310,"33438,3100,1817",720575940904099536,"29320,4453,1733",720575940881624259,109.135970
720575940891184310,"33438,3100,1817",720575940900924101,"24306,3929,1314",720575940903762211,24.539551
720575940891184310,"33438,3100,1817",720575940911437161,"27344,3514,1565",720575940878345595,67.055140
720575940891184310,"33438,3100,1817",720575940932822676,"22490,3798,2283",720575940924205189,0.000000
720575940891184310,"33438,3100,1817",720575940898806193,"24461,3600,2248",720575940885439590,28.116759
720575940891184310,"33438,3100,1817",720575940905063126,"30532,4598,1070",720575940898889927,0.000000
720575940891184310,"33438,3100,1817",720575940890101684,"25384,4074,1605",720575940883908636,60.651060
720575940891184310,"33438,3100,1817",720575940890209582,"21636,4289,2083",720575940888829455,60.859303
720575940891184310,"33438,3100,1817",720575940927269708,"23751,4351,1605",720575940882093178,32.077380
720575940891184310,"33438,3100,1817",720575940881780816,"27295,4519,1330",720575940899607728,114.198012
720575940891184310,"33438,3100,1817",720575940890729167,"29556,5160,1151",720575940894196379,0.000000
720575940891184310,"33438,3100,1817",720575940929722145,"32485,5455,1334",720575940919043143,35.778056
720575940891184310,"33438,3100,1817",720575940882092320,"44973,7063,1558",720575940869469147,88.545410
720575940891184310,"33438,3100,1817",720575940882092576,"44111,5787,1151",720575940908400644,10.551073
720575940891184310,"33438,3100,1817",720575940878946100,"13153,5700,2154",720575940917797795,75.394610
720575940891184310,"33438,3100,1817",720575940882093088,"24136,3911,1002",720575940869469403,17.006081
720575940891184310,"33438,3100,1817",720575940847560045,"41727,5321,1579",720575940905121334,91.971580
720575940891184310,"33438,3100,1817",720575940898736274,"20994,6297,2199",720575940884791610,3.378104
720575940920881320,"24344,3045,1792",720575940904099536,"29320,4453,1733",720575940881624259,148.384552
720575940920881320,"24344,3045,1792",720575940900924101,"24306,3929,1314",720575940903762211,233.827434
720575940920881320,"24344,3045,1792",720575940911437161,"27344,3514,1565",720575940878345595,127.775584
720575940920881320,"24344,3045,1792",720575940932822676,"22490,3798,2283",720575940924205189,30.827073
720575940920881320,"24344,3045,1792",720575940898806193,"24461,3600,2248",720575940885439590,89.893949
720575940920881320,"24344,3045,1792",720575940905063126,"30532,4598,1070",720575940898889927,144.507347
720575940920881320,"24344,3045,1792",720575940890101684,"25384,4074,1605",720575940883908636,418.352821
720575940920881320,"24344,3045,1792",720575940890209582,"21636,4289,2083",720575940888829455,128.638972
720575940920881320,"24344,3045,1792",720575940927269708,"23751,4351,1605",720575940882093178,194.350531
720575940920881320,"24344,3045,1792",720575940881780816,"27295,4519,1330",720575940899607728,252.954365
720575940920881320,"24344,3045,1792",720575940890729167,"29556,5160,1151",720575940894196379,295.399252
720575940920881320,"24344,3045,1792",720575940929722145,"32485,5455,1334",720575940919043143,84.975372
720575940920881320,"24344,3045,1792",720575940882092320,"44973,7063,1558",720575940869469147,55.957801
720575940920881320,"24344,3045,1792",720575940882092576,"44111,5787,1151",720575940908400644,86.099820
720575940920881320,"24344,3045,1792",720575940878946100,"13153,5700,2154",720575940917797795,100.309983
720575940920881320,"24344,3045,1792",720575940882093088,"24136,3911,1002",720575940869469403,230.782079
720575940920881320,"24344,3045,1792",720575940847560045,"41727,5321,1579",720575940905121334,25.925391
720575940920881320,"24344,3045,1792",720575940898736274,"20994,6297,2199",720575940884791610,69.102272
720575940920037245,"28428,3155,1701",720575940904099536,"29320,4453,1733",720575940881624259,203.424178
720575940920037245,"28428,3155,1701",720575940900924101,"24306,3929,1314",720575940903762211,206.761439
720575940920037245,"28428,3155,1701",720575940911437161,"27344,3514,1565",720575940878345595,181.086543
720575940920037245,"28428,3155,1701",720575940932822676,"22490,3798,2283",720575940924205189,80.818720
720575940920037245,"28428,3155,1701",720575940898806193,"24461,3600,2248",720575940885439590,292.075395
720575940920037245,"28428,3155,1701",720575940905063126,"30532,4598,1070",720575940898889927,189.532951
720575940920037245,"28428,3155,1701",720575940890101684,"25384,4074,1605",720575940883908636,276.256711
720575940920037245,"28428,3155,1701",720575940890209582,"21636,4289,2083",720575940888829455,189.297709
720575940920037245,"28428,3155,1701",720575940927269708,"23751,4351,1605",720575940882093178,245.087097
720575940920037245,"28428,3155,1701",720575940881780816,"27295,4519,1330",720575940899607728,224.212542
720575940920037245,"28428,3155,1701",720575940890729167,"29556,5160,1151",720575940894196379,91.553924
720575940920037245,"28428,3155,1701",720575940929722145,"32485,5455,1334",720575940919043143,150.924462
720575940920037245,"28428,3155,1701",720575940882092320,"44973,7063,1558",720575940869469147,10.633878
720575940920037245,"28428,3155,1701",720575940882092576,"44111,5787,1151",720575940908400644,129.251689
720575940920037245,"28428,3155,1701",720575940878946100,"13153,5700,2154",720575940917797795,90.774451
720575940920037245,"28428,3155,1701",720575940882093088,"24136,3911,1002",720575940869469403,100.670415
720575940920037245,"28428,3155,1701",720575940847560045,"41727,5321,1579",720575940905121334,89.544026
720575940920037245,"28428,3155,1701",720575940898736274,"20994,6297,2199",720575940884791610,44.566703
720575940891185846,"29656,3164,1801",720575940904099536,"29320,4453,1733",720575940881624259,68.890642
720575940891185846,"29656,3164,1801",720575940900924101,"24306,3929,1314",720575940903762211,64.558791
720575940891185846,"29656,3164,1801",720575940911437161,"27344,3514,1565",720575940878345595,161.255494
720575940891185846,"29656,3164,1801",720575940932822676,"22490,3798,2283",720575940924205189,144.957469
720575940891185846,"29656,3164,1801",720575940898806193,"24461,3600,2248",720575940885439590,119.662219
720575940891185846,"29656,3164,1801",720575940905063126,"30532,4598,1070",720575940898889927,248.623768
720575940891185846,"29656,3164,1801",720575940890101684,"25384,4074,1605",720575940883908636,150.648887
720575940891185846,"29656,3164,1801",720575940890209582,"21636,4289,2083",720575940888829455,245.815665
720575940891185846,"29656,3164,1801",720575940927269708,"23751,4351,1605",720575940882093178,286.854316
720575940891185846,"29656,3164,1801",720575940881780816,"27295,4519,1330",720575940899607728,245.090258
720575940891185846,"29656,3164,1801",720575940890729167,"29556,5160,1151",720575940894196379,72.481780
720575940891185846,"29656,3164,1801",720575940929722145,"32485,5455,1334",720575940919043143,175.116949
720575940891185846,"29656,3164,1801",720575940882092320,"44973,7063,1558",720575940869469147,19.126686
720575940891185846,"29656,3164,1801",720575940882092576,"44111,5787,1151",720575940908400644,136.736261
720575940891185846,"29656,3164,1801",720575940878946100,"13153,5700,2154",720575940917797795,139.457683
720575940891185846,"29656,3164,1801",720575940882093088,"24136,3911,1002",720575940869469403,73.387358
720575940891185846,"29656,3164,1801",720575940847560045,"41727,5321,1579",720575940905121334,43.136730
720575940891185846,"29656,3164,1801",720575940898736274,"20994,6297,2199",720575940884791610,100.282080
720575940917531755,"27421,3104,1651",720575940904099536,"29320,4453,1733",720575940881624259,268.187395
720575940917531755,"27421,3104,1651",720575940900924101,"24306,3929,1314",720575940903762211,227.776466
720575940917531755,"27421,3104,1651",720575940911437161,"27344,3514,1565",720575940878345595,198.952814
720575940917531755,"27421,3104,1651",720575940932822676,"22490,3798,2283",720575940924205189,132.009698
720575940917531755,"27421,3104,1651",720575940898806193,"24461,3600,2248",720575940885439590,232.686833
720575940917531755,"27421,3104,1651",720575940905063126,"30532,4598,1070",720575940898889927,179.204102
720575940917531755,"27421,3104,1651",720575940890101684,"25384,4074,1605",720575940883908636,184.614467
720575940917531755,"27421,3104,1651",720575940890209582,"21636,4289,2083",720575940888829455,220.527290
720575940917531755,"27421,3104,1651",720575940927269708,"23751,4351,1605",720575940882093178,116.798359
720575940917531755,"27421,3104,1651",720575940881780816,"27295,4519,1330",720575940899607728,258.927723
720575940917531755,"27421,3104,1651",720575940890729167,"29556,5160,1151",720575940894196379,81.625523
720575940917531755,"27421,3104,1651",720575940929722145,"32485,5455,1334",720575940919043143,227.156000
720575940917531755,"27421,3104,1651",720575940882092320,"44973,7063,1558",720575940869469147,0.000000
720575940917531755,"27421,3104,1651",720575940882092576,"44111,5787,1151",720575940908400644,96.788965
720575940917531755,"27421,3104,1651",720575940878946100,"13153,5700,2154",720575940917797795,141.876220
720575940917531755,"27421,3104,1651",720575940882093088,"24136,3911,1002",720575940869469403,157.069971
720575940917531755,"27421,3104,1651",720575940847560045,"41727,5321,1579",720575940905121334,146.768086
720575940917531755,"27421,3104,1651",720575940898736274,"20994,6297,2199",720575940884791610,8.820584
720575940878957108,"26713,2532,1701",720575940904099536,"29320,4453,1733",720575940881624259,47.241625
720575940878957108,"26713,2532,1701",720575940900924101,"24306,3929,1314",720575940903762211,8.542679
720575940878957108,"26713,2532,1701",720575940911437161,"27344,3514,1565",720575940878345595,38.573728
720575940878957108,"26713,2532,1701",720575940932822676,"22490,3798,2283",720575940924205189,4.098796
720575940878957108,"26713,2532,1701",720575940898806193,"24461,3600,2248",720575940885439590,4.984941
720575940878957108,"26713,2532,1701",720575940905063126,"30532,4598,1070",720575940898889927,0.000000
720575940878957108,"26713,2532,1701",720575940890101684,"25384,4074,1605",720575940883908636,13.540344
720575940878957108,"26713,2532,1701",720575940890209582,"21636,4289,2083",720575940888829455,10.470194
720575940878957108,"26713,2532,1701",720575940927269708,"23751,4351,1605",720575940882093178,7.434595
720575940878957108,"26713,2532,1701",720575940881780816,"27295,4519,1330",720575940899607728,4.200339
720575940878957108,"26713,2532,1701",720575940890729167,"29556,5160,1151",720575940894196379,3.541169
720575940878957108,"26713,2532,1701",720575940929722145,"32485,5455,1334",720575940919043143,0.000000
720575940878957108,"26713,2532,1701",720575940882092320,"44973,7063,1558",720575940869469147,28.359083
720575940878957108,"26713,2532,1701",720575940882092576,"44111,5787,1151",720575940908400644,25.448014
720575940878957108,"26713,2532,1701",720575940878946100,"13153,5700,2154",720575940917797795,20.050539
720575940878957108,"26713,2532,1701",720575940882093088,"24136,3911,1002",720575940869469403,21.078409
720575940878957108,"26713,2532,1701",720575940847560045,"41727,5321,1579",720575940905121334,32.384365
720575940878957108,"26713,2532,1701",720575940898736274,"20994,6297,2199",720575940884791610,41.659141
720575940900033476,"24463,3224,1703",720575940904099536,"29320,4453,1733",720575940881624259,155.476972
720575940900033476,"24463,3224,1703",720575940900924101,"24306,3929,1314",720575940903762211,285.143755
720575940900033476,"24463,3224,1703",720575940911437161,"27344,3514,1565",720575940878345595,219.682248
720575940900033476,"24463,3224,1703",720575940932822676,"22490,3798,2283",720575940924205189,106.931959
720575940900033476,"24463,3224,1703",720575940898806193,"24461,3600,2248",720575940885439590,279.168262
720575940900033476,"24463,3224,1703",720575940905063126,"30532,4598,1070",720575940898889927,157.558118
720575940900033476,"24463,3224,1703",720575940890101684,"25384,4074,1605",720575940883908636,455.348655
720575940900033476,"24463,3224,1703",720575940890209582,"21636,4289,2083",720575940888829455,148.361584
720575940900033476,"24463,3224,1703",720575940927269708,"23751,4351,1605",720575940882093178,275.255801
720575940900033476,"24463,3224,1703",720575940881780816,"27295,4519,1330",720575940899607728,260.165013
720575940900033476,"24463,3224,1703",720575940890729167,"29556,5160,1151",720575940894196379,332.107952
720575940900033476,"24463,3224,1703",720575940929722145,"32485,5455,1334",720575940919043143,114.016874
720575940900033476,"24463,3224,1703",720575940882092320,"44973,7063,1558",720575940869469147,0.000000
720575940900033476,"24463,3224,1703",720575940882092576,"44111,5787,1151",720575940908400644,89.987253
720575940900033476,"24463,3224,1703",720575940878946100,"13153,5700,2154",720575940917797795,187.179243
720575940900033476,"24463,3224,1703",720575940882093088,"24136,3911,1002",720575940869469403,314.973035
720575940900033476,"24463,3224,1703",720575940847560045,"41727,5321,1579",720575940905121334,6.876974
720575940900033476,"24463,3224,1703",720575940898736274,"20994,6297,2199",720575940884791610,22.015099
720575940919632133,"26844,2932,1701",720575940904099536,"29320,4453,1733",720575940881624259,302.852333
720575940919632133,"26844,2932,1701",720575940900924101,"24306,3929,1314",720575940903762211,185.445802
720575940919632133,"26844,2932,1701",720575940911437161,"27344,3514,1565",720575940878345595,129.162042
720575940919632133,"26844,2932,1701",720575940932822676,"22490,3798,2283",720575940924205189,275.541182
720575940919632133,"26844,2932,1701",720575940898806193,"24461,3600,2248",720575940885439590,423.608980
720575940919632133,"26844,2932,1701",720575940905063126,"30532,4598,1070",720575940898889927,277.082178
720575940919632133,"26844,2932,1701",720575940890101684,"25384,4074,1605",720575940883908636,244.271981
720575940919632133,"26844,2932,1701",720575940890209582,"21636,4289,2083",720575940888829455,350.095318
720575940919632133,"26844,2932,1701",720575940927269708,"23751,4351,1605",720575940882093178,266.646632
720575940919632133,"26844,2932,1701",720575940881780816,"27295,4519,1330",720575940899607728,256.420116
720575940919632133,"26844,2932,1701",720575940890729167,"29556,5160,1151",720575940894196379,177.297779
720575940919632133,"26844,2932,1701",720575940929722145,"32485,5455,1334",720575940919043143,358.353917
720575940919632133,"26844,2932,1701",720575940882092320,"44973,7063,1558",720575940869469147,34.768264
720575940919632133,"26844,2932,1701",720575940882092576,"44111,5787,1151",720575940908400644,17.744054
720575940919632133,"26844,2932,1701",720575940878946100,"13153,5700,2154",720575940917797795,197.245156
720575940919632133,"26844,2932,1701",720575940882093088,"24136,3911,1002",720575940869469403,103.881281
720575940919632133,"26844,2932,1701",720575940847560045,"41727,5321,1579",720575940905121334,33.726053
720575940919632133,"26844,2932,1701",720575940898736274,"20994,6297,2199",720575940884791610,61.043974
720575940917853067,"17826,3036,1762",720575940904099536,"29320,4453,1733",720575940881624259,37.247611
720575940917853067,"17826,3036,1762",720575940900924101,"24306,3929,1314",720575940903762211,0.000000
720575940917853067,"17826,3036,1762",720575940911437161,"27344,3514,1565",720575940878345595,119.421092
720575940917853067,"17826,3036,1762",720575940932822676,"22490,3798,2283",720575940924205189,0.000000
720575940917853067,"17826,3036,1762",720575940898806193,"24461,3600,2248",720575940885439590,73.079395
720575940917853067,"17826,3036,1762",720575940905063126,"30532,4598,1070",720575940898889927,14.634753
720575940917853067,"17826,3036,1762",720575940890101684,"25384,4074,1605",720575940883908636,156.366470
720575940917853067,"17826,3036,1762",720575940890209582,"21636,4289,2083",720575940888829455,74.110467
720575940917853067,"17826,3036,1762",720575940927269708,"23751,4351,1605",720575940882093178,71.486863
720575940917853067,"17826,3036,1762",720575940881780816,"27295,4519,1330",720575940899607728,178.374786
720575940917853067,"17826,3036,1762",720575940890729167,"29556,5160,1151",720575940894196379,190.129737
720575940917853067,"17826,3036,1762",720575940929722145,"32485,5455,1334",720575940919043143,0.000000
720575940917853067,"17826,3036,1762",720575940882092320,"44973,7063,1558",720575940869469147,24.357316
720575940917853067,"17826,3036,1762",720575940882092576,"44111,5787,1151",720575940908400644,80.586306
720575940917853067,"17826,3036,1762",720575940878946100,"13153,5700,2154",720575940917797795,43.153624
720575940917853067,"17826,3036,1762",720575940882093088,"24136,3911,1002",720575940869469403,251.451335
720575940917853067,"17826,3036,1762",720575940847560045,"41727,5321,1579",720575940905121334,21.977430
720575940917853067,"17826,3036,1762",720575940898736274,"20994,6297,2199",720575940884791610,89.359737
720575940892205566,"26275,3621,1136",720575940904099536,"29320,4453,1733",720575940881624259,83.338713
720575940892205566,"26275,3621,1136",720575940900924101,"24306,3929,1314",720575940903762211,328.756303
720575940892205566,"26275,3621,1136",720575940911437161,"27344,3514,1565",720575940878345595,103.774974
720575940892205566,"26275,3621,1136",720575940932822676,"22490,3798,2283",720575940924205189,80.430472
720575940892205566,"26275,3621,1136",720575940898806193,"24461,3600,2248",720575940885439590,115.678927
720575940892205566,"26275,3621,1136",720575940905063126,"30532,4598,1070",720575940898889927,104.519762
720575940892205566,"26275,3621,1136",720575940890101684,"25384,4074,1605",720575940883908636,340.621555
720575940892205566,"26275,3621,1136",720575940890209582,"21636,4289,2083",720575940888829455,62.078032
720575940892205566,"26275,3621,1136",720575940927269708,"23751,4351,1605",720575940882093178,205.306931
720575940892205566,"26275,3621,1136",720575940881780816,"27295,4519,1330",720575940899607728,226.187701
720575940892205566,"26275,3621,1136",720575940890729167,"29556,5160,1151",720575940894196379,209.649299
720575940892205566,"26275,3621,1136",720575940929722145,"32485,5455,1334",720575940919043143,122.752393
720575940892205566,"26275,3621,1136",720575940882092320,"44973,7063,1558",720575940869469147,8.403319
720575940892205566,"26275,3621,1136",720575940882092576,"44111,5787,1151",720575940908400644,91.338066
720575940892205566,"26275,3621,1136",720575940878946100,"13153,5700,2154",720575940917797795,241.620139
720575940892205566,"26275,3621,1136",720575940882093088,"24136,3911,1002",720575940869469403,243.800890
720575940892205566,"26275,3621,1136",720575940847560045,"41727,5321,1579",720575940905121334,84.951606
720575940892205566,"26275,3621,1136",720575940898736274,"20994,6297,2199",720575940884791610,0.000000
720575940890962241,"26009,4241,1351",720575940904099536,"29320,4453,1733",720575940881624259,26.420971
720575940890962241,"26009,4241,1351",720575940900924101,"24306,3929,1314",720575940903762211,188.908780
720575940890962241,"26009,4241,1351",720575940911437161,"27344,3514,1565",720575940878345595,185.822406
720575940890962241,"26009,4241,1351",720575940932822676,"22490,3798,2283",720575940924205189,50.211596
720575940890962241,"26009,4241,1351",720575940898806193,"24461,3600,2248",720575940885439590,148.629266
720575940890962241,"26009,4241,1351",720575940905063126,"30532,4598,1070",720575940898889927,122.918439
720575940890962241,"26009,4241,1351",720575940890101684,"25384,4074,1605",720575940883908636,395.989999
720575940890962241,"26009,4241,1351",720575940890209582,"21636,4289,2083",720575940888829455,12.310875
720575940890962241,"26009,4241,1351",720575940927269708,"23751,4351,1605",720575940882093178,90.359440
720575940890962241,"26009,4241,1351",720575940881780816,"27295,4519,1330",720575940899607728,127.866507
720575940890962241,"26009,4241,1351",720575940890729167,"29556,5160,1151",720575940894196379,202.956857
720575940890962241,"26009,4241,1351",720575940929722145,"32485,5455,1334",720575940919043143,53.763233
720575940890962241,"26009,4241,1351",720575940882092320,"44973,7063,1558",720575940869469147,0.000000
720575940890962241,"26009,4241,1351",720575940882092576,"44111,5787,1151",720575940908400644,46.819238
720575940890962241,"26009,4241,1351",720575940878946100,"13153,5700,2154",720575940917797795,138.823260
720575940890962241,"26009,4241,1351",720575940882093088,"24136,3911,1002",720575940869469403,159.478916
720575940890962241,"26009,4241,1351",720575940847560045,"41727,5321,1579",720575940905121334,0.000000
720575940890962241,"26009,4241,1351",720575940898736274,"20994,6297,2199",720575940884791610,0.000000
720575940883201751,"26797,3830,1327",720575940904099536,"29320,4453,1733",720575940881624259,56.973980
720575940883201751,"26797,3830,1327",720575940900924101,"24306,3929,1314",720575940903762211,175.588707
720575940883201751,"26797,3830,1327",720575940911437161,"27344,3514,1565",720575940878345595,261.296942
720575940883201751,"26797,3830,1327",720575940932822676,"22490,3798,2283",720575940924205189,53.047579
720575940883201751,"26797,3830,1327",720575940898806193,"24461,3600,2248",720575940885439590,162.610026
720575940883201751,"26797,3830,1327",720575940905063126,"30532,4598,1070",720575940898889927,52.797840
720575940883201751,"26797,3830,1327",720575940890101684,"25384,4074,1605",720575940883908636,297.804004
720575940883201751,"26797,3830,1327",720575940890209582,"21636,4289,2083",720575940888829455,0.000000
720575940883201751,"26797,3830,1327",720575940927269708,"23751,4351,1605",720575940882093178,76.910121
720575940883201751,"26797,3830,1327",720575940881780816,"27295,4519,1330",720575940899607728,69.169108
720575940883201751,"26797,3830,1327",720575940890729167,"29556,5160,1151",720575940894196379,184.985381
720575940883201751,"26797,3830,1327",720575940929722145,"32485,5455,1334",720575940919043143,7.033540
720575940883201751,"26797,3830,1327",720575940882092320,"44973,7063,1558",720575940869469147,0.000000
720575940883201751,"26797,3830,1327",720575940882092576,"44111,5787,1151",720575940908400644,20.173240
720575940883201751,"26797,3830,1327",720575940878946100,"13153,5700,2154",720575940917797795,75.227389
720575940883201751,"26797,3830,1327",720575940882093088,"24136,3911,1002",720575940869469403,100.080675
720575940883201751,"26797,3830,1327",720575940847560045,"41727,5321,1579",720575940905121334,0.000000
720575940883201751,"26797,3830,1327",720575940898736274,"20994,6297,2199",720575940884791610,0.000000
720575940882117920,"23730,4200,1346",720575940904099536,"29320,4453,1733",720575940881624259,9.047388
720575940882117920,"23730,4200,1346",720575940900924101,"24306,3929,1314",720575940903762211,250.441717
720575940882117920,"23730,4200,1346",720575940911437161,"27344,3514,1565",720575940878345595,131.789898
720575940882117920,"23730,4200,1346",720575940932822676,"22490,3798,2283",720575940924205189,36.751230
720575940882117920,"23730,4200,1346",720575940898806193,"24461,3600,2248",720575940885439590,62.933002
720575940882117920,"23730,4200,1346",720575940905063126,"30532,4598,1070",720575940898889927,56.915680
720575940882117920,"23730,4200,1346",720575940890101684,"25384,4074,1605",720575940883908636,270.550318
720575940882117920,"23730,4200,1346",720575940890209582,"21636,4289,2083",720575940888829455,9.953358
720575940882117920,"23730,4200,1346",720575940927269708,"23751,4351,1605",720575940882093178,128.604540
720575940882117920,"23730,4200,1346",720575940881780816,"27295,4519,1330",720575940899607728,100.490893
720575940882117920,"23730,4200,1346",720575940890729167,"29556,5160,1151",720575940894196379,125.364098
720575940882117920,"23730,4200,1346",720575940929722145,"32485,5455,1334",720575940919043143,0.000000
720575940882117920,"23730,4200,1346",720575940882092320,"44973,7063,1558",720575940869469147,0.000000
720575940882117920,"23730,4200,1346",720575940882092576,"44111,5787,1151",720575940908400644,15.345481
720575940882117920,"23730,4200,1346",720575940878946100,"13153,5700,2154",720575940917797795,146.143458
720575940882117920,"23730,4200,1346",720575940882093088,"24136,3911,1002",720575940869469403,223.296257
720575940882117920,"23730,4200,1346",720575940847560045,"41727,5321,1579",720575940905121334,10.046569
720575940882117920,"23730,4200,1346",720575940898736274,"20994,6297,2199",720575940884791610,0.000000
720575940920456848,"28796,4313,1901",720575940904099536,"29320,4453,1733",720575940881624259,338.804276
720575940920456848,"28796,4313,1901",720575940900924101,"24306,3929,1314",720575940903762211,0.000000
720575940920456848,"28796,4313,1901",720575940911437161,"27344,3514,1565",720575940878345595,225.881354
720575940920456848,"28796,4313,1901",720575940932822676,"22490,3798,2283",720575940924205189,68.971092
720575940920456848,"28796,4313,1901",720575940898806193,"24461,3600,2248",720575940885439590,24.611184
720575940920456848,"28796,4313,1901",720575940905063126,"30532,4598,1070",720575940898889927,116.913572
720575940920456848,"28796,4313,1901",720575940890101684,"25384,4074,1605",720575940883908636,36.379018
720575940920456848,"28796,4313,1901",720575940890209582,"21636,4289,2083",720575940888829455,190.712431
720575940920456848,"28796,4313,1901",720575940927269708,"23751,4351,1605",720575940882093178,91.880004
720575940920456848,"28796,4313,1901",720575940881780816,"27295,4519,1330",720575940899607728,12.928385
720575940920456848,"28796,4313,1901",720575940890729167,"29556,5160,1151",720575940894196379,0.000000
720575940920456848,"28796,4313,1901",720575940929722145,"32485,5455,1334",720575940919043143,45.752412
720575940920456848,"28796,4313,1901",720575940882092320,"44973,7063,1558",720575940869469147,0.000000
720575940920456848,"28796,4313,1901",720575940882092576,"44111,5787,1151",720575940908400644,18.125040
720575940920456848,"28796,4313,1901",720575940878946100,"13153,5700,2154",720575940917797795,124.984112
720575940920456848,"28796,4313,1901",720575940882093088,"24136,3911,1002",720575940869469403,2.558970
720575940920456848,"28796,4313,1901",720575940847560045,"41727,5321,1579",720575940905121334,119.945094
720575940920456848,"28796,4313,1901",720575940898736274,"20994,6297,2199",720575940884791610,33.997653
720575940928343548,"29848,3745,1701",720575940904099536,"29320,4453,1733",720575940881624259,178.131543
720575940928343548,"29848,3745,1701",720575940900924101,"24306,3929,1314",720575940903762211,250.217856
720575940928343548,"29848,3745,1701",720575940911437161,"27344,3514,1565",720575940878345595,435.574394
720575940928343548,"29848,3745,1701",720575940932822676,"22490,3798,2283",720575940924205189,219.615263
720575940928343548,"29848,3745,1701",720575940898806193,"24461,3600,2248",720575940885439590,184.244688
720575940928343548,"29848,3745,1701",720575940905063126,"30532,4598,1070",720575940898889927,216.212442
720575940928343548,"29848,3745,1701",720575940890101684,"25384,4074,1605",720575940883908636,141.642059
720575940928343548,"29848,3745,1701",720575940890209582,"21636,4289,2083",720575940888829455,110.931471
720575940928343548,"29848,3745,1701",720575940927269708,"23751,4351,1605",720575940882093178,137.078405
720575940928343548,"29848,3745,1701",720575940881780816,"27295,4519,1330",720575940899607728,101.839719
720575940928343548,"29848,3745,1701",720575940890729167,"29556,5160,1151",720575940894196379,107.330885
720575940928343548,"29848,3745,1701",720575940929722145,"32485,5455,1334",720575940919043143,115.188193
720575940928343548,"29848,3745,1701",720575940882092320,"44973,7063,1558",720575940869469147,0.000000
720575940928343548,"29848,3745,1701",720575940882092576,"44111,5787,1151",720575940908400644,29.039339
720575940928343548,"29848,3745,1701",720575940878946100,"13153,5700,2154",720575940917797795,119.339278
720575940928343548,"29848,3745,1701",720575940882093088,"24136,3911,1002",720575940869469403,142.951495
720575940928343548,"29848,3745,1701",720575940847560045,"41727,5321,1579",720575940905121334,10.388482
720575940928343548,"29848,3745,1701",720575940898736274,"20994,6297,2199",720575940884791610,0.000000
720575940937857965,"29077,4101,1701",720575940904099536,"29320,4453,1733",720575940881624259,291.908109
720575940937857965,"29077,4101,1701",720575940900924101,"24306,3929,1314",720575940903762211,191.659926
720575940937857965,"29077,4101,1701",720575940911437161,"27344,3514,1565",720575940878345595,480.328169
720575940937857965,"29077,4101,1701",720575940932822676,"22490,3798,2283",720575940924205189,269.682544
720575940937857965,"29077,4101,1701",720575940898806193,"24461,3600,2248",720575940885439590,329.123317
720575940937857965,"29077,4101,1701",720575940905063126,"30532,4598,1070",720575940898889927,284.653842
720575940937857965,"29077,4101,1701",720575940890101684,"25384,4074,1605",720575940883908636,98.090936
720575940937857965,"29077,4101,1701",720575940890209582,"21636,4289,2083",720575940888829455,82.373393
720575940937857965,"29077,4101,1701",720575940927269708,"23751,4351,1605",720575940882093178,215.193410
720575940937857965,"29077,4101,1701",720575940881780816,"27295,4519,1330",720575940899607728,181.087747
720575940937857965,"29077,4101,1701",720575940890729167,"29556,5160,1151",720575940894196379,70.482103
720575940937857965,"29077,4101,1701",720575940929722145,"32485,5455,1334",720575940919043143,160.219370
720575940937857965,"29077,4101,1701",720575940882092320,"44973,7063,1558",720575940869469147,10.315116
720575940937857965,"29077,4101,1701",720575940882092576,"44111,5787,1151",720575940908400644,59.139585
720575940937857965,"29077,4101,1701",720575940878946100,"13153,5700,2154",720575940917797795,37.618287
720575940937857965,"29077,4101,1701",720575940882093088,"24136,3911,1002",720575940869469403,137.064545
720575940937857965,"29077,4101,1701",720575940847560045,"41727,5321,1579",720575940905121334,36.105580
720575940937857965,"29077,4101,1701",720575940898736274,"20994,6297,2199",720575940884791610,44.373529
720575940877555511,"28959,3634,1801",720575940904099536,"29320,4453,1733",720575940881624259,155.979975
720575940877555511,"28959,3634,1801",720575940900924101,"24306,3929,1314",720575940903762211,48.937150
720575940877555511,"28959,3634,1801",720575940911437161,"27344,3514,1565",720575940878345595,333.111526
720575940877555511,"28959,3634,1801",720575940932822676,"22490,3798,2283",720575940924205189,233.899809
720575940877555511,"28959,3634,1801",720575940898806193,"24461,3600,2248",720575940885439590,216.997364
720575940877555511,"28959,3634,1801",720575940905063126,"30532,4598,1070",720575940898889927,272.255617
720575940877555511,"28959,3634,1801",720575940890101684,"25384,4074,1605",720575940883908636,150.898346
720575940877555511,"28959,3634,1801",720575940890209582,"21636,4289,2083",720575940888829455,206.564787
720575940877555511,"28959,3634,1801",720575940927269708,"23751,4351,1605",720575940882093178,270.850675
720575940877555511,"28959,3634,1801",720575940881780816,"27295,4519,1330",720575940899607728,172.697399
720575940877555511,"28959,3634,1801",720575940890729167,"29556,5160,1151",720575940894196379,129.305681
720575940877555511,"28959,3634,1801",720575940929722145,"32485,5455,1334",720575940919043143,144.399758
720575940877555511,"28959,3634,1801",720575940882092320,"44973,7063,1558",720575940869469147,0.000000
720575940877555511,"28959,3634,1801",720575940882092576,"44111,5787,1151",720575940908400644,153.318490
720575940877555511,"28959,3634,1801",720575940878946100,"13153,5700,2154",720575940917797795,120.280178
720575940877555511,"28959,3634,1801",720575940882093088,"24136,3911,1002",720575940869469403,40.550313
720575940877555511,"28959,3634,1801",720575940847560045,"41727,5321,1579",720575940905121334,0.000000
720575940877555511,"28959,3634,1801",720575940898736274,"20994,6297,2199",720575940884791610,16.489805
720575940917852811,"28516,3625,1801",720575940904099536,"29320,4453,1733",720575940881624259,160.942668
720575940917852811,"28516,3625,1801",720575940900924101,"24306,3929,1314",720575940903762211,64.745755
720575940917852811,"28516,3625,1801",720575940911437161,"27344,3514,1565",720575940878345595,468.693234
720575940917852811,"28516,3625,1801",720575940932822676,"22490,3798,2283",720575940924205189,279.716128
720575940917852811,"28516,3625,1801",720575940898806193,"24461,3600,2248",720575940885439590,287.362822
720575940917852811,"28516,3625,1801",720575940905063126,"30532,4598,1070",720575940898889927,254.137120
720575940917852811,"28516,3625,1801",720575940890101684,"25384,4074,1605",720575940883908636,145.592414
720575940917852811,"28516,3625,1801",720575940890209582,"21636,4289,2083",720575940888829455,191.412367
720575940917852811,"28516,3625,1801",720575940927269708,"23751,4351,1605",720575940882093178,266.757110
720575940917852811,"28516,3625,1801",720575940881780816,"27295,4519,1330",720575940899607728,179.499085
720575940917852811,"28516,3625,1801",720575940890729167,"29556,5160,1151",720575940894196379,11.870383
720575940917852811,"28516,3625,1801",720575940929722145,"32485,5455,1334",720575940919043143,42.114071
720575940917852811,"28516,3625,1801",720575940882092320,"44973,7063,1558",720575940869469147,0.000000
720575940917852811,"28516,3625,1801",720575940882092576,"44111,5787,1151",720575940908400644,50.112321
720575940917852811,"28516,3625,1801",720575940878946100,"13153,5700,2154",720575940917797795,71.385901
720575940917852811,"28516,3625,1801",720575940882093088,"24136,3911,1002",720575940869469403,94.856197
720575940917852811,"28516,3625,1801",720575940847560045,"41727,5321,1579",720575940905121334,83.904972
720575940917852811,"28516,3625,1801",720575940898736274,"20994,6297,2199",720575940884791610,8.642422
720575940902629074,"24881,4397,2001",720575940904099536,"29320,4453,1733",720575940881624259,556.775279
720575940902629074,"24881,4397,2001",720575940900924101,"24306,3929,1314",720575940903762211,240.524232
720575940902629074,"24881,4397,2001",720575940911437161,"27344,3514,1565",720575940878345595,256.388422
720575940902629074,"24881,4397,2001",720575940932822676,"22490,3798,2283",720575940924205189,253.625560
720575940902629074,"24881,4397,2001",720575940898806193,"24461,3600,2248",720575940885439590,290.209154
720575940902629074,"24881,4397,2001",720575940905063126,"30532,4598,1070",720575940898889927,146.552588
720575940902629074,"24881,4397,2001",720575940890101684,"25384,4074,1605",720575940883908636,104.238423
720575940902629074,"24881,4397,2001",720575940890209582,"21636,4289,2083",720575940888829455,222.147991
720575940902629074,"24881,4397,2001",720575940927269708,"23751,4351,1605",720575940882093178,163.034947
720575940902629074,"24881,4397,2001",720575940881780816,"27295,4519,1330",720575940899607728,112.584729
720575940902629074,"24881,4397,2001",720575940890729167,"29556,5160,1151",720575940894196379,41.011025
720575940902629074,"24881,4397,2001",720575940929722145,"32485,5455,1334",720575940919043143,138.226914
720575940902629074,"24881,4397,2001",720575940882092320,"44973,7063,1558",720575940869469147,0.000000
720575940902629074,"24881,4397,2001",720575940882092576,"44111,5787,1151",720575940908400644,8.084448
720575940902629074,"24881,4397,2001",720575940878946100,"13153,5700,2154",720575940917797795,66.590633
720575940902629074,"24881,4397,2001",720575940882093088,"24136,3911,1002",720575940869469403,33.957824
720575940902629074,"24881,4397,2001",720575940847560045,"41727,5321,1579",720575940905121334,122.959237
720575940902629074,"24881,4397,2001",720575940898736274,"20994,6297,2199",720575940884791610,8.930075
720575940888799761,"25630,4007,1951",720575940904099536,"29320,4453,1733",720575940881624259,305.442488
720575940888799761,"25630,4007,1951",720575940900924101,"24306,3929,1314",720575940903762211,128.327840
720575940888799761,"25630,4007,1951",720575940911437161,"27344,3514,1565",720575940878345595,329.582711
720575940888799761,"25630,4007,1951",720575940932822676,"22490,3798,2283",720575940924205189,326.867142
720575940888799761,"25630,4007,1951",720575940898806193,"24461,3600,2248",720575940885439590,425.217380
720575940888799761,"25630,4007,1951",720575940905063126,"30532,4598,1070",720575940898889927,173.602845
720575940888799761,"25630,4007,1951",720575940890101684,"25384,4074,1605",720575940883908636,36.511743
720575940888799761,"25630,4007,1951",720575940890209582,"21636,4289,2083",720575940888829455,179.604136
720575940888799761,"25630,4007,1951",720575940927269708,"23751,4351,1605",720575940882093178,105.972598
720575940888799761,"25630,4007,1951",720575940881780816,"27295,4519,1330",720575940899607728,55.330665
720575940888799761,"25630,4007,1951",720575940890729167,"29556,5160,1151",720575940894196379,25.669413
720575940888799761,"25630,4007,1951",720575940929722145,"32485,5455,1334",720575940919043143,162.553647
720575940888799761,"25630,4007,1951",720575940882092320,"44973,7063,1558",720575940869469147,14.255266
720575940888799761,"25630,4007,1951",720575940882092576,"44111,5787,1151",720575940908400644,64.240537
720575940888799761,"25630,4007,1951",720575940878946100,"13153,5700,2154",720575940917797795,87.587403
720575940888799761,"25630,4007,1951",720575940882093088,"24136,3911,1002",720575940869469403,60.202158
720575940888799761,"25630,4007,1951",720575940847560045,"41727,5321,1579",720575940905121334,81.505838
720575940888799761,"25630,4007,1951",720575940898736274,"20994,6297,2199",720575940884791610,44.087346
720575940888793178,"23244,4281,1901",720575940904099536,"29320,4453,1733",720575940881624259,94.677556
720575940888793178,"23244,4281,1901",720575940900924101,"24306,3929,1314",720575940903762211,348.352804
720575940888793178,"23244,4281,1901",720575940911437161,"27344,3514,1565",720575940878345595,122.449022
720575940888793178,"23244,4281,1901",720575940932822676,"22490,3798,2283",720575940924205189,106.864826
720575940888793178,"23244,4281,1901",720575940898806193,"24461,3600,2248",720575940885439590,252.348535
720575940888793178,"23244,4281,1901",720575940905063126,"30532,4598,1070",720575940898889927,282.947271
720575940888793178,"23244,4281,1901",720575940890101684,"25384,4074,1605",720575940883908636,119.945801
720575940888793178,"23244,4281,1901",720575940890209582,"21636,4289,2083",720575940888829455,49.724477
720575940888793178,"23244,4281,1901",720575940927269708,"23751,4351,1605",720575940882093178,179.908906
720575940888793178,"23244,4281,1901",720575940881780816,"27295,4519,1330",720575940899607728,44.394134
720575940888793178,"23244,4281,1901",720575940890729167,"29556,5160,1151",720575940894196379,84.254231
720575940888793178,"23244,4281,1901",720575940929722145,"32485,5455,1334",720575940919043143,174.384977
720575940888793178,"23244,4281,1901",720575940882092320,"44973,7063,1558",720575940869469147,17.489974
720575940888793178,"23244,4281,1901",720575940882092576,"44111,5787,1151",720575940908400644,7.213967
720575940888793178,"23244,4281,1901",720575940878946100,"13153,5700,2154",720575940917797795,50.234143
720575940888793178,"23244,4281,1901",720575940882093088,"24136,3911,1002",720575940869469403,41.289384
720575940888793178,"23244,4281,1901",720575940847560045,"41727,5321,1579",720575940905121334,27.117128
720575940888793178,"23244,4281,1901",720575940898736274,"20994,6297,2199",720575940884791610,0.000000
720575940881055666,"23617,3390,1901",720575940904099536,"29320,4453,1733",720575940881624259,64.708662
720575940881055666,"23617,3390,1901",720575940900924101,"24306,3929,1314",720575940903762211,167.040497
720575940881055666,"23617,3390,1901",720575940911437161,"27344,3514,1565",720575940878345595,89.694530
720575940881055666,"23617,3390,1901",720575940932822676,"22490,3798,2283",720575940924205189,103.138801
720575940881055666,"23617,3390,1901",720575940898806193,"24461,3600,2248",720575940885439590,345.828385
720575940881055666,"23617,3390,1901",720575940905063126,"30532,4598,1070",720575940898889927,196.907497
720575940881055666,"23617,3390,1901",720575940890101684,"25384,4074,1605",720575940883908636,188.977412
720575940881055666,"23617,3390,1901",720575940890209582,"21636,4289,2083",720575940888829455,223.262042
720575940881055666,"23617,3390,1901",720575940927269708,"23751,4351,1605",720575940882093178,184.814201
720575940881055666,"23617,3390,1901",720575940881780816,"27295,4519,1330",720575940899607728,202.137468
720575940881055666,"23617,3390,1901",720575940890729167,"29556,5160,1151",720575940894196379,163.643596
720575940881055666,"23617,3390,1901",720575940929722145,"32485,5455,1334",720575940919043143,281.814956
720575940881055666,"23617,3390,1901",720575940882092320,"44973,7063,1558",720575940869469147,10.035040
720575940881055666,"23617,3390,1901",720575940882092576,"44111,5787,1151",720575940908400644,41.053756
720575940881055666,"23617,3390,1901",720575940878946100,"13153,5700,2154",720575940917797795,79.684849
720575940881055666,"23617,3390,1901",720575940882093088,"24136,3911,1002",720575940869469403,150.691198
720575940881055666,"23617,3390,1901",720575940847560045,"41727,5321,1579",720575940905121334,25.798008
720575940881055666,"23617,3390,1901",720575940898736274,"20994,6297,2199",720575940884791610,17.819184
720575940905042902,"26591,3342,1801",720575940904099536,"29320,4453,1733",720575940881624259,152.472783
720575940905042902,"26591,3342,1801",720575940900924101,"24306,3929,1314",720575940903762211,179.953657
720575940905042902,"26591,3342,1801",720575940911437161,"27344,3514,1565",720575940878345595,235.274327
720575940905042902,"26591,3342,1801",720575940932822676,"22490,3798,2283",720575940924205189,139.680067
720575940905042902,"26591,3342,1801",720575940898806193,"24461,3600,2248",720575940885439590,530.327545
720575940905042902,"26591,3342,1801",720575940905063126,"30532,4598,1070",720575940898889927,202.622323
720575940905042902,"26591,3342,1801",720575940890101684,"25384,4074,1605",720575940883908636,122.018676
720575940905042902,"26591,3342,1801",720575940890209582,"21636,4289,2083",720575940888829455,276.314184
720575940905042902,"26591,3342,1801",720575940927269708,"23751,4351,1605",720575940882093178,222.381836
720575940905042902,"26591,3342,1801",720575940881780816,"27295,4519,1330",720575940899607728,106.607152
720575940905042902,"26591,3342,1801",720575940890729167,"29556,5160,1151",720575940894196379,56.745612
720575940905042902,"26591,3342,1801",720575940929722145,"32485,5455,1334",720575940919043143,137.025776
720575940905042902,"26591,3342,1801",720575940882092320,"44973,7063,1558",720575940869469147,0.000000
720575940905042902,"26591,3342,1801",720575940882092576,"44111,5787,1151",720575940908400644,81.583075
720575940905042902,"26591,3342,1801",720575940878946100,"13153,5700,2154",720575940917797795,25.491624
720575940905042902,"26591,3342,1801",720575940882093088,"24136,3911,1002",720575940869469403,116.385982
720575940905042902,"26591,3342,1801",720575940847560045,"41727,5321,1579",720575940905121334,10.739045
720575940905042902,"26591,3342,1801",720575940898736274,"20994,6297,2199",720575940884791610,68.454117
720575940905043670,"27912,3447,1751",720575940904099536,"29320,4453,1733",720575940881624259,105.440830
720575940905043670,"27912,3447,1751",720575940900924101,"24306,3929,1314",720575940903762211,130.128437
720575940905043670,"27912,3447,1751",720575940911437161,"27344,3514,1565",720575940878345595,519.698405
720575940905043670,"27912,3447,1751",720575940932822676,"22490,3798,2283",720575940924205189,291.060517
720575940905043670,"27912,3447,1751",720575940898806193,"24461,3600,2248",720575940885439590,380.075535
720575940905043670,"27912,3447,1751",720575940905063126,"30532,4598,1070",720575940898889927,256.628977
720575940905043670,"27912,3447,1751",720575940890101684,"25384,4074,1605",720575940883908636,87.587372
720575940905043670,"27912,3447,1751",720575940890209582,"21636,4289,2083",720575940888829455,163.499447
720575940905043670,"27912,3447,1751",720575940927269708,"23751,4351,1605",720575940882093178,142.116557
720575940905043670,"27912,3447,1751",720575940881780816,"27295,4519,1330",720575940899607728,85.537120
720575940905043670,"27912,3447,1751",720575940890729167,"29556,5160,1151",720575940894196379,61.965773
720575940905043670,"27912,3447,1751",720575940929722145,"32485,5455,1334",720575940919043143,89.364958
720575940905043670,"27912,3447,1751",720575940882092320,"44973,7063,1558",720575940869469147,0.000000
720575940905043670,"27912,3447,1751",720575940882092576,"44111,5787,1151",720575940908400644,63.824774
720575940905043670,"27912,3447,1751",720575940878946100,"13153,5700,2154",720575940917797795,8.395479
720575940905043670,"27912,3447,1751",720575940882093088,"24136,3911,1002",720575940869469403,158.560786
720575940905043670,"27912,3447,1751",720575940847560045,"41727,5321,1579",720575940905121334,49.668087
720575940905043670,"27912,3447,1751",720575940898736274,"20994,6297,2199",720575940884791610,0.000000
720575940905043926,"25015,4085,1751",720575940904099536,"29320,4453,1733",720575940881624259,140.643204
720575940905043926,"25015,4085,1751",720575940900924101,"24306,3929,1314",720575940903762211,160.828918
720575940905043926,"25015,4085,1751",720575940911437161,"27344,3514,1565",720575940878345595,190.900739
720575940905043926,"25015,4085,1751",720575940932822676,"22490,3798,2283",720575940924205189,317.466264
720575940905043926,"25015,4085,1751",720575940898806193,"24461,3600,2248",720575940885439590,355.735604
720575940905043926,"25015,4085,1751",720575940905063126,"30532,4598,1070",720575940898889927,257.127679
720575940905043926,"25015,4085,1751",720575940890101684,"25384,4074,1605",720575940883908636,133.197503
720575940905043926,"25015,4085,1751",720575940890209582,"21636,4289,2083",720575940888829455,188.031366
720575940905043926,"25015,4085,1751",720575940927269708,"23751,4351,1605",720575940882093178,105.567136
720575940905043926,"25015,4085,1751",720575940881780816,"27295,4519,1330",720575940899607728,78.283984
720575940905043926,"25015,4085,1751",720575940890729167,"29556,5160,1151",720575940894196379,16.821200
720575940905043926,"25015,4085,1751",720575940929722145,"32485,5455,1334",720575940919043143,102.721976
720575940905043926,"25015,4085,1751",720575940882092320,"44973,7063,1558",720575940869469147,10.345298
720575940905043926,"25015,4085,1751",720575940882092576,"44111,5787,1151",720575940908400644,38.468266
720575940905043926,"25015,4085,1751",720575940878946100,"13153,5700,2154",720575940917797795,56.418821
720575940905043926,"25015,4085,1751",720575940882093088,"24136,3911,1002",720575940869469403,98.864036
720575940905043926,"25015,4085,1751",720575940847560045,"41727,5321,1579",720575940905121334,0.000000
720575940905043926,"25015,4085,1751",720575940898736274,"20994,6297,2199",720575940884791610,25.333843
720575940884057772,"22850,4049,1701",720575940904099536,"29320,4453,1733",720575940881624259,0.000000
720575940884057772,"22850,4049,1701",720575940900924101,"24306,3929,1314",720575940903762211,165.694543
720575940884057772,"22850,4049,1701",720575940911437161,"27344,3514,1565",720575940878345595,96.907230
720575940884057772,"22850,4049,1701",720575940932822676,"22490,3798,2283",720575940924205189,118.804738
720575940884057772,"22850,4049,1701",720575940898806193,"24461,3600,2248",720575940885439590,78.913354
720575940884057772,"22850,4049,1701",720575940905063126,"30532,4598,1070",720575940898889927,80.033721
720575940884057772,"22850,4049,1701",720575940890101684,"25384,4074,1605",720575940883908636,276.221075
720575940884057772,"22850,4049,1701",720575940890209582,"21636,4289,2083",720575940888829455,46.461756
720575940884057772,"22850,4049,1701",720575940927269708,"23751,4351,1605",720575940882093178,217.512330
720575940884057772,"22850,4049,1701",720575940881780816,"27295,4519,1330",720575940899607728,84.635815
720575940884057772,"22850,4049,1701",720575940890729167,"29556,5160,1151",720575940894196379,177.702455
720575940884057772,"22850,4049,1701",720575940929722145,"32485,5455,1334",720575940919043143,10.645561
720575940884057772,"22850,4049,1701",720575940882092320,"44973,7063,1558",720575940869469147,0.000000
720575940884057772,"22850,4049,1701",720575940882092576,"44111,5787,1151",720575940908400644,5.887107
720575940884057772,"22850,4049,1701",720575940878946100,"13153,5700,2154",720575940917797795,156.049228
720575940884057772,"22850,4049,1701",720575940882093088,"24136,3911,1002",720575940869469403,200.133419
720575940884057772,"22850,4049,1701",720575940847560045,"41727,5321,1579",720575940905121334,57.474334
720575940884057772,"22850,4049,1701",720575940898736274,"20994,6297,2199",720575940884791610,0.000000
720575940908782425,"24965,4149,1701",720575940904099536,"29320,4453,1733",720575940881624259,18.588063
720575940908782425,"24965,4149,1701",720575940900924101,"24306,3929,1314",720575940903762211,150.677134
720575940908782425,"24965,4149,1701",720575940911437161,"27344,3514,1565",720575940878345595,89.980028
720575940908782425,"24965,4149,1701",720575940932822676,"22490,3798,2283",720575940924205189,74.611341
720575940908782425,"24965,4149,1701",720575940898806193,"24461,3600,2248",720575940885439590,191.181683
720575940908782425,"24965,4149,1701",720575940905063126,"30532,4598,1070",720575940898889927,156.753156
720575940908782425,"24965,4149,1701",720575940890101684,"25384,4074,1605",720575940883908636,249.914180
720575940908782425,"24965,4149,1701",720575940890209582,"21636,4289,2083",720575940888829455,48.139682
720575940908782425,"24965,4149,1701",720575940927269708,"23751,4351,1605",720575940882093178,250.210406
720575940908782425,"24965,4149,1701",720575940881780816,"27295,4519,1330",720575940899607728,89.629036
720575940908782425,"24965,4149,1701",720575940890729167,"29556,5160,1151",720575940894196379,163.545755
720575940908782425,"24965,4149,1701",720575940929722145,"32485,5455,1334",720575940919043143,59.141748
720575940908782425,"24965,4149,1701",720575940882092320,"44973,7063,1558",720575940869469147,0.000000
720575940908782425,"24965,4149,1701",720575940882092576,"44111,5787,1151",720575940908400644,26.115306
720575940908782425,"24965,4149,1701",720575940878946100,"13153,5700,2154",720575940917797795,171.224654
720575940908782425,"24965,4149,1701",720575940882093088,"24136,3911,1002",720575940869469403,248.709207
720575940908782425,"24965,4149,1701",720575940847560045,"41727,5321,1579",720575940905121334,3.426711
720575940908782425,"24965,4149,1701",720575940898736274,"20994,6297,2199",720575940884791610,0.000000
720575940903188925,"25432,4162,1701",720575940904099536,"29320,4453,1733",720575940881624259,48.325773
720575940903188925,"25432,4162,1701",720575940900924101,"24306,3929,1314",720575940903762211,365.141574
720575940903188925,"25432,4162,1701",720575940911437161,"27344,3514,1565",720575940878345595,133.526775
720575940903188925,"25432,4162,1701",720575940932822676,"22490,3798,2283",720575940924205189,180.503329
720575940903188925,"25432,4162,1701",720575940898806193,"24461,3600,2248",720575940885439590,349.294867
720575940903188925,"25432,4162,1701",720575940905063126,"30532,4598,1070",720575940898889927,293.056203
720575940903188925,"25432,4162,1701",720575940890101684,"25384,4074,1605",720575940883908636,311.161643
720575940903188925,"25432,4162,1701",720575940890209582,"21636,4289,2083",720575940888829455,148.985935
720575940903188925,"25432,4162,1701",720575940927269708,"23751,4351,1605",720575940882093178,153.982169
720575940903188925,"25432,4162,1701",720575940881780816,"27295,4519,1330",720575940899607728,142.125121
720575940903188925,"25432,4162,1701",720575940890729167,"29556,5160,1151",720575940894196379,235.798527
720575940903188925,"25432,4162,1701",720575940929722145,"32485,5455,1334",720575940919043143,196.295298
720575940903188925,"25432,4162,1701",720575940882092320,"44973,7063,1558",720575940869469147,4.844317
720575940903188925,"25432,4162,1701",720575940882092576,"44111,5787,1151",720575940908400644,36.970564
720575940903188925,"25432,4162,1701",720575940878946100,"13153,5700,2154",720575940917797795,159.187539
720575940903188925,"25432,4162,1701",720575940882093088,"24136,3911,1002",720575940869469403,178.096392
720575940903188925,"25432,4162,1701",720575940847560045,"41727,5321,1579",720575940905121334,23.356513
720575940903188925,"25432,4162,1701",720575940898736274,"20994,6297,2199",720575940884791610,0.000000
720575940946223236,"26517,3540,1701",720575940904099536,"29320,4453,1733",720575940881624259,21.696433
720575940946223236,"26517,3540,1701",720575940900924101,"24306,3929,1314",720575940903762211,295.682350
720575940946223236,"26517,3540,1701",720575940911437161,"27344,3514,1565",720575940878345595,79.105939
720575940946223236,"26517,3540,1701",720575940932822676,"22490,3798,2283",720575940924205189,29.959436
720575940946223236,"26517,3540,1701",720575940898806193,"24461,3600,2248",720575940885439590,362.359627
720575940946223236,"26517,3540,1701",720575940905063126,"30532,4598,1070",720575940898889927,159.297056
720575940946223236,"26517,3540,1701",720575940890101684,"25384,4074,1605",720575940883908636,198.150113
720575940946223236,"26517,3540,1701",720575940890209582,"21636,4289,2083",720575940888829455,60.443140
720575940946223236,"26517,3540,1701",720575940927269708,"23751,4351,1605",720575940882093178,251.113757
720575940946223236,"26517,3540,1701",720575940881780816,"27295,4519,1330",720575940899607728,142.677345
720575940946223236,"26517,3540,1701",720575940890729167,"29556,5160,1151",720575940894196379,207.247659
720575940946223236,"26517,3540,1701",720575940929722145,"32485,5455,1334",720575940919043143,118.874321
720575940946223236,"26517,3540,1701",720575940882092320,"44973,7063,1558",720575940869469147,0.000000
720575940946223236,"26517,3540,1701",720575940882092576,"44111,5787,1151",720575940908400644,35.936360
720575940946223236,"26517,3540,1701",720575940878946100,"13153,5700,2154",720575940917797795,116.504860
720575940946223236,"26517,3540,1701",720575940882093088,"24136,3911,1002",720575940869469403,268.919906
720575940946223236,"26517,3540,1701",720575940847560045,"41727,5321,1579",720575940905121334,0.000000
720575940946223236,"26517,3540,1701",720575940898736274,"20994,6297,2199",720575940884791610,0.000000
720575940894664404,"26383,3997,1701",720575940904099536,"29320,4453,1733",720575940881624259,119.537215
720575940894664404,"26383,3997,1701",720575940900924101,"24306,3929,1314",720575940903762211,303.510718
720575940894664404,"26383,3997,1701",720575940911437161,"27344,3514,1565",720575940878345595,202.990946
720575940894664404,"26383,3997,1701",720575940932822676,"22490,3798,2283",720575940924205189,208.909052
720575940894664404,"26383,3997,1701",720575940898806193,"24461,3600,2248",720575940885439590,467.636704
720575940894664404,"26383,3997,1701",720575940905063126,"30532,4598,1070",720575940898889927,308.259008
720575940894664404,"26383,3997,1701",720575940890101684,"25384,4074,1605",720575940883908636,222.860678
720575940894664404,"26383,3997,1701",720575940890209582,"21636,4289,2083",720575940888829455,149.395865
720575940894664404,"26383,3997,1701",720575940927269708,"23751,4351,1605",720575940882093178,208.523454
720575940894664404,"26383,3997,1701",720575940881780816,"27295,4519,1330",720575940899607728,198.152253
720575940894664404,"26383,3997,1701",720575940890729167,"29556,5160,1151",720575940894196379,118.579606
720575940894664404,"26383,3997,1701",720575940929722145,"32485,5455,1334",720575940919043143,197.799170
720575940894664404,"26383,3997,1701",720575940882092320,"44973,7063,1558",720575940869469147,0.000000
720575940894664404,"26383,3997,1701",720575940882092576,"44111,5787,1151",720575940908400644,81.173705
720575940894664404,"26383,3997,1701",720575940878946100,"13153,5700,2154",720575940917797795,119.204394
720575940894664404,"26383,3997,1701",720575940882093088,"24136,3911,1002",720575940869469403,200.983732
720575940894664404,"26383,3997,1701",720575940847560045,"41727,5321,1579",720575940905121334,13.739922
720575940894664404,"26383,3997,1701",720575940898736274,"20994,6297,2199",720575940884791610,34.254673
720575940903415565,"26118,3477,1701",720575940904099536,"29320,4453,1733",720575940881624259,26.494981
720575940903415565,"26118,3477,1701",720575940900924101,"24306,3929,1314",720575940903762211,441.246699
720575940903415565,"26118,3477,1701",720575940911437161,"27344,3514,1565",720575940878345595,129.716939
720575940903415565,"26118,3477,1701",720575940932822676,"22490,3798,2283",720575940924205189,149.756333
720575940903415565,"26118,3477,1701",720575940898806193,"24461,3600,2248",720575940885439590,204.375505
720575940903415565,"26118,3477,1701",720575940905063126,"30532,4598,1070",720575940898889927,215.493548
720575940903415565,"26118,3477,1701",720575940890101684,"25384,4074,1605",720575940883908636,476.779164
720575940903415565,"26118,3477,1701",720575940890209582,"21636,4289,2083",720575940888829455,25.945743
720575940903415565,"26118,3477,1701",720575940927269708,"23751,4351,1605",720575940882093178,267.123419
720575940903415565,"26118,3477,1701",720575940881780816,"27295,4519,1330",720575940899607728,120.354109
720575940903415565,"26118,3477,1701",720575940890729167,"29556,5160,1151",720575940894196379,299.091210
720575940903415565,"26118,3477,1701",720575940929722145,"32485,5455,1334",720575940919043143,226.198216
720575940903415565,"26118,3477,1701",720575940882092320,"44973,7063,1558",720575940869469147,0.000000
720575940903415565,"26118,3477,1701",720575940882092576,"44111,5787,1151",720575940908400644,38.559008
720575940903415565,"26118,3477,1701",720575940878946100,"13153,5700,2154",720575940917797795,249.760669
720575940903415565,"26118,3477,1701",720575940882093088,"24136,3911,1002",720575940869469403,154.191980
720575940903415565,"26118,3477,1701",720575940847560045,"41727,5321,1579",720575940905121334,0.000000
720575940903415565,"26118,3477,1701",720575940898736274,"20994,6297,2199",720575940884791610,0.000000
720575940875854397,"23885,3254,1751",720575940904099536,"29320,4453,1733",720575940881624259,26.128140
720575940875854397,"23885,3254,1751",720575940900924101,"24306,3929,1314",720575940903762211,241.818622
720575940875854397,"23885,3254,1751",720575940911437161,"27344,3514,1565",720575940878345595,202.785438
720575940875854397,"23885,3254,1751",720575940932822676,"22490,3798,2283",720575940924205189,36.812196
720575940875854397,"23885,3254,1751",720575940898806193,"24461,3600,2248",720575940885439590,259.891998
720575940875854397,"23885,3254,1751",720575940905063126,"30532,4598,1070",720575940898889927,184.485558
720575940875854397,"23885,3254,1751",720575940890101684,"25384,4074,1605",720575940883908636,209.599366
720575940875854397,"23885,3254,1751",720575940890209582,"21636,4289,2083",720575940888829455,24.430256
720575940875854397,"23885,3254,1751",720575940927269708,"23751,4351,1605",720575940882093178,204.490147
720575940875854397,"23885,3254,1751",720575940881780816,"27295,4519,1330",720575940899607728,78.373419
720575940875854397,"23885,3254,1751",720575940890729167,"29556,5160,1151",720575940894196379,123.633685
720575940875854397,"23885,3254,1751",720575940929722145,"32485,5455,1334",720575940919043143,86.105046
720575940875854397,"23885,3254,1751",720575940882092320,"44973,7063,1558",720575940869469147,0.000000
720575940875854397,"23885,3254,1751",720575940882092576,"44111,5787,1151",720575940908400644,21.137956
720575940875854397,"23885,3254,1751",720575940878946100,"13153,5700,2154",720575940917797795,125.419786
720575940875854397,"23885,3254,1751",720575940882093088,"24136,3911,1002",720575940869469403,261.718413
720575940875854397,"23885,3254,1751",720575940847560045,"41727,5321,1579",720575940905121334,2.529356
720575940875854397,"23885,3254,1751",720575940898736274,"20994,6297,2199",720575940884791610,0.000000
720575940910295881,"25559,4188,2001",720575940904099536,"29320,4453,1733",720575940881624259,254.925419
720575940910295881,"25559,4188,2001",720575940900924101,"24306,3929,1314",720575940903762211,72.790171
720575940910295881,"25559,4188,2001",720575940911437161,"27344,3514,1565",720575940878345595,159.593927
720575940910295881,"25559,4188,2001",720575940932822676,"22490,3798,2283",720575940924205189,151.355968
720575940910295881,"25559,4188,2001",720575940898806193,"24461,3600,2248",720575940885439590,150.456992
720575940910295881,"25559,4188,2001",720575940905063126,"30532,4598,1070",720575940898889927,79.424796
720575940910295881,"25559,4188,2001",720575940890101684,"25384,4074,1605",720575940883908636,104.701391
720575940910295881,"25559,4188,2001",720575940890209582,"21636,4289,2083",720575940888829455,172.502318
720575940910295881,"25559,4188,2001",720575940927269708,"23751,4351,1605",720575940882093178,138.096036
720575940910295881,"25559,4188,2001",720575940881780816,"27295,4519,1330",720575940899607728,70.738840
720575940910295881,"25559,4188,2001",720575940890729167,"29556,5160,1151",720575940894196379,47.425282
720575940910295881,"25559,4188,2001",720575940929722145,"32485,5455,1334",720575940919043143,74.844197
720575940910295881,"25559,4188,2001",720575940882092320,"44973,7063,1558",720575940869469147,0.000000
720575940910295881,"25559,4188,2001",720575940882092576,"44111,5787,1151",720575940908400644,19.249728
720575940910295881,"25559,4188,2001",720575940878946100,"13153,5700,2154",720575940917797795,153.271716
720575940910295881,"25559,4188,2001",720575940882093088,"24136,3911,1002",720575940869469403,32.777203
720575940910295881,"25559,4188,2001",720575940847560045,"41727,5321,1579",720575940905121334,103.392100
720575940910295881,"25559,4188,2001",720575940898736274,"20994,6297,2199",720575940884791610,51.779672
720575940884925028,"24406,3701,1351",720575940904099536,"29320,4453,1733",720575940881624259,46.025119
720575940884925028,"24406,3701,1351",720575940900924101,"24306,3929,1314",720575940903762211,229.033339
720575940884925028,"24406,3701,1351",720575940911437161,"27344,3514,1565",720575940878345595,48.447198
720575940884925028,"24406,3701,1351",720575940932822676,"22490,3798,2283",720575940924205189,42.549088
720575940884925028,"24406,3701,1351",720575940898806193,"24461,3600,2248",720575940885439590,21.887219
720575940884925028,"24406,3701,1351",720575940905063126,"30532,4598,1070",720575940898889927,52.253362
720575940884925028,"24406,3701,1351",720575940890101684,"25384,4074,1605",720575940883908636,200.975769
720575940884925028,"24406,3701,1351",720575940890209582,"21636,4289,2083",720575940888829455,16.569969
720575940884925028,"24406,3701,1351",720575940927269708,"23751,4351,1605",720575940882093178,72.784878
720575940884925028,"24406,3701,1351",720575940881780816,"27295,4519,1330",720575940899607728,91.352111
720575940884925028,"24406,3701,1351",720575940890729167,"29556,5160,1151",720575940894196379,141.310074
720575940884925028,"24406,3701,1351",720575940929722145,"32485,5455,1334",720575940919043143,10.800472
720575940884925028,"24406,3701,1351",720575940882092320,"44973,7063,1558",720575940869469147,0.000000
720575940884925028,"24406,3701,1351",720575940882092576,"44111,5787,1151",720575940908400644,81.939289
720575940884925028,"24406,3701,1351",720575940878946100,"13153,5700,2154",720575940917797795,20.978687
720575940884925028,"24406,3701,1351",720575940882093088,"24136,3911,1002",720575940869469403,232.709312
720575940884925028,"24406,3701,1351",720575940847560045,"41727,5321,1579",720575940905121334,51.493664
720575940884925028,"24406,3701,1351",720575940898736274,"20994,6297,2199",720575940884791610,0.000000
