tag,pt_position,root_id,soma_volume_um3,soma_volume_15um_um3,soma15_bbox_x_um,soma15_bbox_y_um,soma15_bbox_z_um,soma15_component_faces,soma15_component_vertices,soma15_component_distance_um,soma15_n_components,soma15_status,soma15_watertight_before,soma15_watertight_after,soma15_raw_volume_um3,soma15_repair_volume_um3,soma_area_xy_15um_um2,soma15_area_polygon_count,soma15_area_status,soma15_error
v,"[15966, 3001, 2776]",720575940891783079,837.1264807584739,801.8093266913177,29.495,26.214,9.809,155816.0,78047.0,,820.0,success_watertight,False,True,319.6287069168333,801.8093266913177,103.74948439285151,5.0,success_contains_soma_xy,
v,"[25791, 3004, 2641]",720575940889785957,1163.0985513207706,1065.9560000822396,28.169,16.184,11.985,156537.0,78422.0,,431.0,success_watertight,False,True,5683.028144045833,1065.9560000822396,87.53293721487472,6.0,success_contains_soma_xy,
p,"[21958, 2308, 2261]",720575940899779727,1435.5000926035832,1367.4516619170415,29.869,11.628,16.167,192478.0,96341.0,,1500.0,success_watertight,False,True,409.7815027713333,1367.4516619170415,183.99095872629755,3.0,success_contains_soma_xy,
p,"[21576, 2354, 2436]",720575940888561868,2356.113895343594,2244.466901319854,27.455,12.563,28.577,242083.0,121265.0,,980.0,success_watertight,False,True,191.6043715,2244.466901319854,165.64086575006849,1.0,success_contains_soma_xy,
u,"[28280, 2523, 1731]",720575940928281596,1068.140411793646,1022.5104865413956,18.955,10.047,28.305,156041.0,78156.0,,420.0,success_watertight,False,True,1410.0376038908332,1022.5104865413956,106.06519819341815,2.0,success_contains_soma_xy,
u,"[31369, 2595, 1871]",720575940917797515,715.2006305502291,688.6659633841614,29.308,7.888,12.376,191913.0,96435.0,,509.0,success_watertight,False,True,650.3091017041667,688.6659633841614,92.01702259,6.0,success_contains_soma_xy,
u,"[28152, 2399, 1863]",720575940851357043,693.5202732625078,659.4423376065989,24.021,9.197,20.757,212216.0,106591.0,,925.0,success_watertight,False,True,2535.840376815833,659.4423376065989,65.48793748997636,1.0,success_contains_soma_xy,
u,"[35418, 2587, 3286]",720575940930892621,933.2597881,872.9554056106745,29.376,21.335,18.734,277260.0,139404.0,,893.0,success_watertight,False,True,1953.892458,872.9554056106745,119.3054601,2.0,success_contains_soma_xy,
v,"[11215, 2571, 1619]",720575940905042134,1072.849137826258,1034.8617417445157,27.574,17.748,14.756,212341.0,106632.0,,719.0,success_watertight,False,True,352.2947739,1034.8617417445157,35.12307993194426,1.0,success_contains_soma_xy,
p,"[8943, 2467, 2972]",720575940918311989,3023.562594600198,2790.330919405104,27.897,20.315,23.596,302753.0,151742.0,,2375.0,success_watertight,False,True,3234.8296655296667,2790.330919405104,223.5017506256412,1.0,success_contains_soma_xy,
p,"[9633, 3120, 1219]",720575940927796016,1980.442312819008,1894.3797016405883,29.631,15.215,25.449,781188.0,392927.0,,2843.0,success_watertight,False,True,2854.8839577151666,1894.3797016405883,206.96890495264137,3.0,success_contains_soma_xy,
u,"[17834, 2875, 2409]",720575940900275426,1198.0157385692785,1109.1112276255676,27.761,15.181,25.874,190661.0,95453.0,,569.0,success_watertight,False,True,344.587456,1109.1112276255676,62.106711098729015,2.0,success_contains_soma_xy,
p,"[19801, 2613, 1251]",720575940886290596,2262.0336743083126,2121.1323464434427,28.101,22.848,22.049,312858.0,156887.0,,1687.0,success_watertight,False,True,8489.015524941666,2121.1323464434427,184.6671889972112,1.0,success_contains_soma_xy,
p,"[37041, 3108, 1790]",720575940964370854,2520.812169329666,2386.199956243604,29.801,14.807,26.503,259175.0,129828.0,,966.0,success_watertight,False,True,2544.8997236366663,2386.199956243604,242.93200986701467,1.0,success_contains_soma_xy,
p,"[40673, 3103, 1892]",720575940893329739,2402.945448044896,2273.626091,29.631,12.002,27.132,234642.0,117640.0,,625.0,success_watertight,False,True,8052.517398,2273.626091,169.91511136677153,2.0,success_contains_soma_xy,
p,"[13304, 2866, 4018]",720575940892250110,1404.6969807877408,1296.2897771869505,29.971,17.816,14.926,297508.0,152713.0,,1636.0,success_watertight,False,True,16155.677005069332,1296.2897771869505,,0.0,no_xy_intersection,
p,"[26998, 2358, 1654]",720575940889967848,1558.4275780554376,1476.042779,29.648,10.795,24.633,192367.0,96384.0,,503.0,success_watertight,False,True,62.63954058316666,1476.042779,158.14334254496322,1.0,success_contains_soma_xy,
p,"[33944, 2830, 457]",720575940884015788,4339.707037165833,1526.407895031104,29.172,10.863,21.641,198153.0,99218.0,,2019.0,success_nonwatertight_qc,False,False,411.2292369521666,1526.407895031104,147.31900477839648,5.0,success_contains_soma_xy,
p,"[23718, 2487, 236]",720575940921478163,3539.003693073836,1415.9976521817082,29.971,12.512,19.754,157615.0,79945.0,,731.0,success_nonwatertight_qc,False,False,2864.847896740833,1415.9976521817082,143.80985289803422,4.0,success_contains_soma_xy,
p,"[18262, 2342, 1860]",720575940881974650,1801.763275726932,1673.588400984922,29.903,20.4,22.253,224217.0,112410.0,,1384.0,success_watertight,False,True,7888.426876584666,1673.588400984922,205.96314214810505,9.0,success_contains_soma_xy,
p,"[17861, 2655, 713]",720575940890018996,2317.1625037306667,2108.6780095023123,29.393,18.428,26.486,399329.0,200001.0,,1193.0,success_watertight,False,True,12181.559326360666,2108.6780095023123,152.27536553058118,16.0,success_contains_soma_xy,
p,"[22364, 2792, 812]",720575940865160474,2377.670233574708,2261.0741978469164,29.665,20.519,26.435,323902.0,162290.0,,1149.0,success_watertight,False,True,7046.521564,2261.0741978469164,218.35246151932708,7.0,success_contains_soma_xy,
p,"[34789, 2792, 906]",720575940963340820,2077.843176420188,1932.9573034352084,29.478,11.22,21.573,287525.0,144279.0,,1633.0,success_watertight,False,True,1526.283256,1932.9573034352084,153.9777075287009,2.0,success_contains_soma_xy,
p,"[36293, 2701, 3171]",720575940881844049,1337.6709473187316,1192.9493388401877,29.206,19.21,16.184,387872.0,196116.0,,837.0,success_watertight,False,True,2209.343601323833,1192.9493388401877,120.93219761645648,9.0,success_contains_soma_xy,
o,"[12310, 2065, 306]",720575940903116221,107.0962868,85.69336392392285,17.051,13.889,9.843,45895.0,23610.0,,32.0,success_watertight,False,True,367.4982923246666,85.69336392392285,4.517754517,1.0,success_contains_soma_xy,
p,"[10527, 2648, 1282]",720575940886574602,2146.877754826531,1987.360915,29.818,13.396,20.536,218129.0,109406.0,,2260.0,success_watertight,False,True,4660.211235769666,1987.360915,189.92838829418648,1.0,success_contains_soma_xy,
p,"[29535, 2433, 3983]",720575940901717479,1445.5553585203957,1385.8466103670414,27.489,14.008,16.099,186653.0,93333.0,,1478.0,success_watertight,False,True,130.9134119,1385.8466103670414,173.44260368561436,1.0,success_contains_soma_xy,
v,"[13822, 2913, 3870]",720575940886841481,2345.577934,2212.456270574729,29.971,17.952,25.5,257372.0,128926.0,,1330.0,success_watertight,False,True,1458.253689,2212.456270574729,226.61786335023152,4.0,success_contains_soma_xy,
p,"[5689, 2462, 2592]",720575940896702138,1760.172572524979,1652.5130904243697,29.393,12.41,22.032,265336.0,132881.0,,1483.0,success_watertight,False,True,1168.6423585131663,1652.5130904243697,176.56360662485957,5.0,success_contains_soma_xy,
p,"[6483, 2370, 1819]",720575940890704372,2363.062223488168,2199.729198982875,27.982,13.787,22.576,420666.0,209191.0,,2275.0,success_watertight,False,True,295.96517936666663,2199.729198982875,184.96853692912853,5.0,success_contains_soma_xy,
p,"[25416, 2229, 2938]",720575940905050934,1864.8553358915296,1787.457035796161,26.18,11.883,28.407,252166.0,126459.0,,1575.0,success_watertight,False,True,1159.9016721476664,1787.457035796161,146.73126310220275,6.0,success_contains_soma_xy,
p,"[29098, 2500, 280]",720575940913491825,4445.713871841166,2443.051729541458,29.682,13.736,19.856,355278.0,177400.0,,1459.0,success_nonwatertight_qc,False,False,3041.400902202333,2443.051729541458,208.3677497762557,4.0,success_contains_soma_xy,
p,"[29367, 2807, 368]",720575940898432765,1915.127863954729,1805.334509,29.818,13.804,23.562,274429.0,137711.0,,942.0,success_watertight,False,True,9554.631065675669,1805.334509,162.2591049716369,2.0,success_contains_soma_xy,
p,"[19953, 2666, 2072]",720575940888731665,1735.1047544460312,1565.990211333885,29.954,13.889,21.012,306148.0,154744.0,,920.0,success_watertight,False,True,7325.660404,1565.990211333885,142.28784298895758,6.0,success_contains_soma_xy,
p,"[20000, 2277, 2229]",720575940902518994,2429.973766832044,2295.7466909569343,25.432,12.07,29.58,294263.0,147835.0,,1453.0,success_watertight,False,True,16398.89795,2295.7466909569343,159.1769230674408,3.0,success_contains_soma_xy,
p,"[17785, 2905, 250]",720575940879773686,1652.172264,1558.9470747931352,29.291,9.911,16.762,189973.0,95247.0,,622.0,success_watertight,False,True,3550.519009,1558.9470747931352,165.9061516232049,2.0,success_contains_soma_xy,
p,"[28653, 2517, 2583]",720575940884939979,2065.189678543208,1905.811146418292,27.931,15.249,20.944,318705.0,159571.0,,903.0,success_watertight,False,True,2665.182711,1905.811146418292,173.21268248173035,2.0,success_contains_soma_xy,
p,"[34054, 3109, 377]",720575940880850833,1774.0371407468126,1656.5134237760103,29.648,12.784,17.391,284905.0,142980.0,,805.0,success_watertight,False,True,5241.031388708333,1656.5134237760103,164.50321538068556,15.0,success_contains_soma_xy,
p,"[23578, 2619, 1257]",720575940915676096,2398.243153078656,2097.4815185323123,29.036,14.96,21.488,222498.0,111578.0,,1090.0,success_watertight,False,True,12653.10909,2097.4815185323123,150.91769910437787,1.0,success_contains_soma_xy,
p,"[25142, 2570, 2442]",720575940925790278,1791.7475789821665,1707.449172450083,27.421,11.56,26.35,210263.0,105322.0,,1025.0,success_watertight,False,True,7241.8337,1707.449172450083,143.6015810641527,3.0,success_contains_soma_xy,
p,"[30196, 2494, 713]",720575940898677394,1925.2049129130728,1834.278870587896,29.665,16.626,28.526,381681.0,190860.0,,1027.0,success_watertight,False,True,11351.53144,1834.278870587896,109.27867985176384,11.0,success_contains_soma_xy,
p,"[7905, 2349, 1900]",720575940914014910,2373.307379323649,2204.224437,29.852,11.713,20.706,411801.0,207141.0,,1737.0,success_watertight,False,True,2269.2979433946666,2204.224437,231.09400724113937,3.0,success_contains_soma_xy,
p,"[18634, 2416, 1086]",720575940889952699,2321.542863965177,2105.200268426526,29.75,19.822,24.718,410094.0,211391.0,,885.0,success_watertight,False,True,4445.322137981666,2105.200268426526,176.7692155075841,6.0,success_contains_soma_xy,
p,"[36999, 2825, 4021]",720575940895281326,777.1499717475938,738.575335,28.628,15.147,12.359,120098.0,60199.0,,813.0,success_watertight,False,True,1027.6877097003332,738.575335,127.22730583567365,2.0,success_contains_soma_xy,
p,"[29532, 2709, 2636]",720575940909802419,5041.373086041687,1793.828559414521,23.715,12.461,26.146,296219.0,148855.0,,900.0,success_nonwatertight_qc,False,False,12565.586119979333,1793.828559414521,131.36520006819666,1.0,success_contains_soma_xy,
o,"[27456, 2303, 119]",720575940931450134,326.2095395056133,278.9066412475664,25.517,10.693,11.798,72773.0,37413.0,,161.0,success_watertight,False,True,2644.8621370926667,278.9066412475664,68.03284501939609,2.0,success_contains_soma_xy,
p,"[34082, 2929, 995]",720575940883900444,1886.3091675203489,1751.3072870141614,29.308,17.731,23.63,258763.0,129737.0,,1232.0,success_watertight,False,True,10305.59438,1751.3072870141614,150.33520355918222,2.0,success_contains_soma_xy,
p,"[17753, 2177, 2587]",720575940917098044,1761.7529138053126,1644.461194633771,20.485,10.064,27.336,283007.0,143784.0,,887.0,success_watertight,False,True,77.05958043483332,1644.461194633771,86.42634654550525,2.0,success_contains_soma_xy,
p,"[22764, 2181, 1856]",720575940894664201,1414.8229327803333,1348.618884558625,27.455,7.786,24.497,159032.0,80576.0,,818.0,success_watertight,False,True,5783.609369,1348.618884558625,133.4334380366279,4.0,success_contains_soma_xy,
p,"[31305, 2441, 3678]",720575940882103072,1292.1669990198309,1249.1628516219505,27.761,10.659,26.809,195038.0,97601.0,,856.0,success_watertight,False,True,1236.4411443881663,1249.1628516219505,116.99280491635992,2.0,success_contains_soma_xy,
p,"[30313, 2701, 1640]",720575940883198167,1606.3130022124376,14.33346498444881,22.202,9.231,14.977,198149.0,99010.0,,762.0,success_watertight,False,True,143.00147912666665,14.33346498444881,0.1536937849899834,4.0,success_largest_xy_polygon,
p,"[24252, 2246, 3590]",720575940890939713,1424.4546544022082,1353.9570077603646,24.361,12.665,26.095,213930.0,107150.0,,1159.0,success_watertight,False,True,7204.506437683666,1353.9570077603646,138.6620779886802,1.0,success_contains_soma_xy,
p,"[31434, 2687, 859]",720575940894563284,1484.0844247130417,1400.1027606079688,28.237,11.169,25.5,216316.0,108315.0,,754.0,success_watertight,False,True,2536.345610083833,1400.1027606079688,131.7735762709828,5.0,success_contains_soma_xy,
p,"[11903, 3126, 706]",720575940898821041,1781.6936325473437,1634.1852169212395,29.92,20.451,21.25,208369.0,104413.0,,1003.0,success_watertight,False,True,4208.966172261833,1634.1852169212395,189.2425862191492,2.0,success_contains_soma_xy,
v,"[30239, 3079, 1579]",720575940880835090,1034.2677394438854,993.9530484302604,27.659,10.132,10.591,176051.0,88338.0,,540.0,success_watertight,False,True,8135.255148273333,993.9530484302604,138.5682178218278,2.0,success_contains_soma_xy,
v,"[21523, 2882, 1698]",720575940927244256,1056.183839421604,997.5227385,29.444,18.717,17.595,149481.0,74890.0,,509.0,success_watertight,False,True,6377.730794,997.5227385,108.09503772241054,3.0,success_contains_soma_xy,
v,"[28209, 2982, 2326]",720575940927244512,2417.078599480328,1264.7001798248332,28.203,10.2,12.495,197163.0,98600.0,,634.0,success_nonwatertight_qc,False,False,882.9503678,1264.7001798248332,131.3481205,14.0,success_contains_soma_xy,
v,"[12371, 2693, 2523]",720575940913573871,1115.9603354135727,1080.290572593021,29.682,18.581,11.492,167025.0,83609.0,,1486.0,success_watertight,False,True,1587.759694,1080.290572593021,126.19838278745088,1.0,success_contains_soma_xy,
v,"[27055, 2933, 916]",720575940918815793,1006.9908335603124,931.9627052,29.155,17.153,12.087,139891.0,70137.0,,404.0,success_watertight,False,True,15174.20369,931.9627052,127.1407074614038,3.0,success_contains_soma_xy,
v,"[30696, 2705, 2879]",720575940915578005,1112.417624607708,1067.7318328503125,28.9,16.201,16.15,145326.0,72798.0,,502.0,success_watertight,False,True,1030.073226,1067.7318328503125,143.19469196010925,3.0,success_contains_soma_xy,
v,"[30408, 2972, 1445]",720575940916252163,770.2400985604531,749.8491663978645,29.325,9.231,16.303,178215.0,89393.0,,1080.0,success_watertight,False,True,229.11493657566663,749.8491663978645,101.6909535495346,5.0,success_contains_soma_xy,
u,"[23133, 2979, 1398]",720575940915256127,872.5952544981666,834.8970324265625,29.478,11.934,21.539,147403.0,73821.0,,467.0,success_watertight,False,True,2790.852997394833,834.8970324265625,64.22836377736198,7.0,success_contains_soma_xy,
v,"[23053, 2728, 1378]",720575940889813349,2201.778948934676,880.7179819682708,29.359,14.909,14.45,171884.0,86156.0,,623.0,success_nonwatertight_qc,False,False,11076.33489,880.7179819682708,120.52662119017204,10.0,success_contains_soma_xy,
v,"[33625, 3106, 1770]",720575940891184310,6612.446876174375,1088.439881480901,29.444,20.281,20.587,150083.0,75261.0,,404.0,success_watertight,False,True,29235.33145,1088.439881480901,153.68856547835782,1.0,success_contains_soma_xy,
v,"[29089, 3039, 3006]",720575940911537343,331.6614147576406,256.6579648531458,29.58,8.687,19.907,171388.0,85809.0,,180.0,success_watertight,False,True,16419.22809,256.6579648531458,59.43992489221144,5.0,success_contains_soma_xy,
v,"[32851, 2929, 3432]",720575940923133228,868.1177135170573,831.5949290330104,29.478,17.238,17.119,137650.0,68992.0,,495.0,success_watertight,False,True,1492.7566729151663,831.5949290330104,139.08899108848647,5.0,success_contains_soma_xy,
v,"[24733, 3109, 1632]",720575940900033476,1077.9780203112082,1014.9369764084792,29.784,18.326,16.745,219274.0,109821.0,,394.0,success_watertight,False,True,8800.453883376333,1014.9369764084792,132.10533498293324,5.0,success_contains_soma_xy,
v,"[20053, 2796, 1716]",720575940886900617,955.9963117927084,912.6840735253594,29.393,9.35,15.708,135166.0,67766.0,,568.0,success_watertight,False,True,7832.807787822333,912.6840735253594,93.94805638,3.0,success_contains_soma_xy,
v,"[27623, 3028, 2109]",720575940902634194,1112.1506999169244,1027.2015100348435,27.421,18.428,16.133,249593.0,126064.0,,366.0,success_watertight,False,True,22773.66864870983,1027.2015100348435,112.30259623068476,1.0,success_contains_soma_xy,
v,"[13265, 2915, 2652]",720575940892204542,977.9159962805207,893.0429125157891,27.574,18.258,10.098,200788.0,100678.0,,663.0,success_watertight,False,True,7845.673256,893.0429125157891,135.44838045078853,5.0,success_contains_soma_xy,
v,"[29791, 3020, 1761]",720575940891185846,1122.4848046358716,1074.4969392000392,29.189,20.434,26.894,174226.0,87249.0,,549.0,success_watertight,False,True,1958.2067833946664,1074.4969392000392,109.37905533973438,3.0,success_contains_soma_xy,
v,"[27932, 2798, 1549]",720575940878955572,875.7360493257917,847.0533821302082,29.359,18.734,28.407,178315.0,89212.0,,535.0,success_watertight,False,True,945.0490689,847.0533821302082,99.18190033,6.0,success_contains_soma_xy,
v,"[29891, 2639, 1934]",720575940922795818,1084.2876753045623,1028.0897668511457,27.098,11.917,14.807,123672.0,61942.0,,642.0,success_watertight,False,True,9358.387327759832,1028.0897668511457,99.19014541809256,2.0,success_contains_soma_xy,
v,"[20538, 3029, 1645]",720575940927244768,1102.4022131315885,1047.6925626339792,29.427,17.595,17.765,155699.0,78039.0,,580.0,success_watertight,False,True,262.493459,1047.6925626339792,146.6848038494273,5.0,success_contains_soma_xy,
v,"[17924, 3011, 1747]",720575940917853067,1041.8093358920312,995.0605911,29.648,18.003,14.552,235239.0,115741.0,,935.0,success_watertight,False,True,204.6303657,995.0605911,88.20391384,12.0,success_contains_soma_xy,
v,"[13719, 2991, 1832]",720575940878325883,885.6729160749219,800.1910882467447,29.801,17.952,10.183,135441.0,67936.0,,762.0,success_watertight,False,True,8930.826937354166,800.1910882467447,122.61686065249484,2.0,success_contains_soma_xy,
v,"[24521, 3009, 1802]",720575940920881320,998.0520563,935.4551696994166,28.543,18.938,17.901,246654.0,124284.0,,412.0,success_watertight,False,True,6306.899705748833,935.4551696994166,122.75052542484782,3.0,success_contains_soma_xy,
v,"[20634, 2758, 2475]",720575940891783335,1142.8960727714243,1090.8749026597266,29.682,16.626,14.943,158708.0,79569.0,,895.0,success_watertight,False,True,3784.0714602006665,1090.8749026597266,174.62378842468536,3.0,success_contains_soma_xy,
v,"[20543, 3125, 2541]",720575940927184920,1118.7892304140414,1066.3805035947291,29.155,19.89,20.995,161535.0,81027.0,,1081.0,success_watertight,False,True,1059.663984,1066.3805035947291,138.9240327030639,1.0,success_contains_soma_xy,
v,"[28497, 3073, 1554]",720575940920037245,1061.812202444875,1010.7282761874376,28.084,17.17,12.087,146798.0,73626.0,,304.0,success_watertight,False,True,71.71691566,1010.7282761874376,128.47284806129343,4.0,success_contains_soma_xy,
v,"[26262, 2802, 2476]",720575940917769099,1043.8503033255624,1001.0506433983332,29.359,17.595,17.85,231532.0,116393.0,,467.0,success_watertight,False,True,2371.00465,1001.0506433983332,131.11997173577018,1.0,success_contains_soma_xy,
v,"[23773, 2283, 2935]",720575940921191630,727.7392842065833,703.3519728432813,29.189,11.016,14.178,172309.0,86592.0,,648.0,success_watertight,False,True,428.0009194636666,703.3519728432813,43.25865220240974,2.0,success_contains_soma_xy,
v,"[16736, 2156, 2903]",720575940920744617,882.1574993401822,848.3111281787004,29.376,16.439,17.952,144602.0,72542.0,,803.0,success_watertight,False,True,6454.846053868833,848.3111281787004,87.19559763832518,3.0,success_contains_soma_xy,
v,"[19977, 2646, 2238]",720575940883852828,8501.668651222208,871.8634259294063,29.631,15.64,21.522,163585.0,80948.0,,1261.0,success_nonwatertight_qc,False,False,10559.552518841832,871.8634259294063,123.85198864798372,8.0,success_contains_soma_xy,
v,"[13385, 3053, 2261]",720575940870642518,840.2398646927135,782.5911325289635,29.223,15.181,14.45,126985.0,63680.0,,581.0,success_watertight,False,True,6609.828587692166,782.5911325289635,145.15866738485556,4.0,success_contains_soma_xy,
v,"[15917, 2895, 2074]",720575940897532633,865.3895248849036,814.9834337,29.546,16.898,18.666,147660.0,73862.0,,816.0,success_watertight,False,True,5116.426742892333,814.9834337,125.0717042,8.0,success_contains_soma_xy,
v,"[14889, 2738, 2327]",720575940874928609,968.7914795889062,884.0120448137292,29.852,19.805,10.591,179839.0,87104.0,,864.0,success_watertight,False,True,10613.098370734166,884.0120448137292,131.13350804397336,6.0,success_contains_soma_xy,
v,"[10352, 3080, 2600]",720575940901879278,1136.172741992599,1020.2072344027564,29.733,19.142,14.416,144850.0,72667.0,,521.0,success_watertight,False,True,11915.494,1020.2072344027564,145.40215416683074,4.0,success_contains_soma_xy,
v,"[35791, 2893, 805]",720575940886887415,1111.1899046916144,1033.2867219839166,19.04,12.818,23.205,214334.0,107598.0,,1326.0,success_watertight,False,True,20212.342997393163,1033.2867219839166,76.58241848617409,1.0,success_contains_soma_xy,
v,"[26799, 2430, 2064]",720575940913495665,1280.088977429979,1233.9682339644164,26.486,17.493,15.759,160105.0,80165.0,,852.0,success_watertight,False,True,272.9839447,1233.9682339644164,152.18849158587958,1.0,success_contains_soma_xy,
v,"[29381, 2737, 1396]",720575940909797811,908.2968241156144,857.6327593180729,29.325,9.928,16.558,119299.0,59814.0,,554.0,success_watertight,False,True,13433.584096513332,857.6327593180729,104.2623769502822,1.0,success_contains_soma_xy,
v,"[32170, 2752, 1458]",720575940893389835,972.6163284,931.3476373596562,28.73,10.149,15.997,141277.0,70728.0,,731.0,success_watertight,False,True,685.8010599683332,931.3476373596562,110.02683288122628,2.0,success_contains_soma_xy,
v,"[23530, 2769, 3060]",720575940894025539,985.9418976023072,809.7671096628645,29.682,17.391,9.741,164278.0,82149.0,,840.0,success_watertight,False,True,31956.226181803664,809.7671096628645,127.25708009961689,12.0,success_contains_soma_xy,
v,"[18310, 2926, 2538]",720575940870137475,970.1274458586614,872.5191769740989,29.019,15.674,17.221,138528.0,69417.0,,763.0,success_watertight,False,True,9395.533145119833,872.5191769740989,142.51183893704737,7.0,success_contains_soma_xy,
v,"[17625, 2217, 3044]",720575940881149581,961.0413011937864,929.9871642419064,29.325,11.254,16.626,179233.0,90619.0,,573.0,success_watertight,False,True,1323.4347313961664,929.9871642419064,76.93878669,4.0,success_contains_soma_xy,
v,"[15886, 2992, 1308]",720575940899433005,1049.2430331689377,1018.0975580891612,29.597,12.529,18.445,155935.0,78063.0,,742.0,success_watertight,False,True,126.0529835,1018.0975580891612,122.51316150572536,2.0,success_contains_soma_xy,
v,"[12824, 2970, 2726]",720575940899291016,1008.2798058576666,944.7043468451978,21.879,15.827,10.183,127715.0,63977.0,,1145.0,success_watertight,False,True,2525.013881213333,944.7043468451978,135.27328847844316,2.0,success_contains_soma_xy,
v,"[31098, 2930, 2326]",720575940896872522,1155.785579199901,1116.1211635549946,26.979,15.351,18.02,153509.0,76866.0,,505.0,success_watertight,False,True,998.2146882,1116.1211635549946,71.69539615,1.0,success_contains_soma_xy,
v,"[26577, 2880, 1761]",720575940919632133,1018.9537268334584,936.6373871892708,29.563,12.597,17.697,129258.0,64860.0,,375.0,success_watertight,False,True,14914.010460206666,936.6373871892708,126.68237632456776,4.0,success_contains_soma_xy,
v,"[27721, 2849, 1988]",720575940900963269,682.0507618222864,635.1351461360781,27.744,14.62,26.095,157452.0,78900.0,,408.0,success_watertight,False,True,124.53372338566666,635.1351461360781,82.21702219766165,4.0,success_contains_soma_xy,
v,"[27589, 3084, 1527]",720575940937894317,1036.2659183939163,988.7364576745416,29.716,17.459,10.506,266663.0,133438.0,,478.0,success_watertight,False,True,2053.100851,988.7364576745416,122.6553627124244,5.0,success_contains_soma_xy,
v,"[13373, 2815, 2280]",720575940870190723,904.7565924240416,859.6698166735989,29.988,15.436,12.75,138109.0,69106.0,,1129.0,success_watertight,False,True,860.1215712083333,859.6698166735989,77.74916382383545,5.0,success_contains_soma_xy,
v,"[26525, 2814, 2351]",720575940893914750,839.5377813825417,804.5500649631457,28.594,12.801,10.693,129163.0,64638.0,,504.0,success_watertight,False,True,1446.550982,804.5500649631457,139.11612597443562,1.0,success_contains_soma_xy,
v,"[20383, 2515, 3340]",720575940897114837,761.1084653262292,726.0182511391198,27.115,14.195,22.984,131452.0,65839.0,,556.0,success_watertight,False,True,186.7580589693333,726.0182511391198,101.0561064252036,2.0,success_contains_soma_xy,
v,"[16596, 2785, 3062]",720575940895271370,1126.7961309833229,920.4867953978176,28.662,12.529,12.291,133164.0,66776.0,,1124.0,success_watertight,False,True,22362.01108,920.4867953978176,119.19668717620569,4.0,success_contains_soma_xy,
v,"[13871, 2864, 2954]",720575940881846011,5583.252400126812,678.1380406432942,28.424,19.55,19.125,185789.0,91931.0,,1770.0,success_nonwatertight_qc,False,False,5690.694527628666,678.1380406432942,123.8046716137148,10.0,success_contains_soma_xy,
v,"[19655, 2464, 3924]",720575940910891937,776.8986727571875,736.1164300791667,25.534,17.374,7.888,161343.0,80759.0,,705.0,success_watertight,False,True,461.2732727618333,736.1164300791667,117.16095095742467,3.0,success_contains_soma_xy,
v,"[15917, 2481, 3456]",720575940940823423,983.1768338312082,940.0252704262552,28.611,10.914,27.472,157290.0,78809.0,,1283.0,success_watertight,False,True,492.5971040573333,940.0252704262552,64.87459812215339,2.0,success_contains_soma_xy,
v,"[30382, 2950, 1185]",720575940859648663,945.8941716573644,887.1657997394478,27.047,13.311,13.345,126915.0,63608.0,,615.0,success_watertight,False,True,1414.3222786831666,887.1657997394478,96.23338150542988,1.0,success_contains_soma_xy,
v,"[29374, 2981, 2276]",720575940920027261,823.7189614399063,774.0809119379687,27.183,12.155,13.413,203727.0,102453.0,,356.0,success_watertight,False,True,10854.99572,774.0809119379687,103.69759541167691,2.0,success_contains_soma_xy,
v,"[24584, 3030, 3314]",720575940900968901,831.7336985,792.7989655004167,27.268,22.287,19.176,161387.0,80806.0,,617.0,success_watertight,False,True,679.2530536911667,792.7989655004167,123.66603665374856,7.0,success_contains_soma_xy,
v,"[23742, 2789, 2826]",720575940917975893,941.9855664762968,821.3791422811719,29.818,12.767,13.651,122056.0,61229.0,,1177.0,success_watertight,False,True,21802.89263315884,821.3791422811719,150.13026952098167,3.0,success_contains_soma_xy,
v,"[19085, 2720, 2688]",720575940891518756,1134.1455687811977,1038.0747705097997,29.886,17.459,16.643,252908.0,125069.0,,857.0,success_watertight,False,True,18137.426198281664,1038.0747705097997,162.1697074496282,9.0,success_contains_soma_xy,
v,"[38923, 2579, 3176]",720575940948909590,3108.341641558487,1031.9197914962604,25.789,21.777,14.858,316446.0,158889.0,,1231.0,success_nonwatertight_qc,False,False,14404.115233405331,1031.9197914962604,151.23237901345635,12.0,success_contains_soma_xy,
v,"[25413, 2244, 3247]",720575940899181704,3800.459256738247,771.6756300472813,29.954,14.858,16.83,170715.0,85755.0,,1207.0,success_watertight,False,True,5015.623796200833,771.6756300472813,116.09816458140573,25.0,success_contains_soma_xy,
v,"[18877, 2527, 3931]",720575940880314759,735.9147759206992,706.7485310762786,24.446,15.997,19.142,132999.0,66495.0,,1451.0,success_watertight,False,True,2000.724933,706.7485310762786,83.42121462426663,1.0,success_contains_soma_xy,
v,"[24322, 3102, 2078]",720575940924467266,799.9864215213215,750.6202615224336,29.835,20.128,14.365,157294.0,78787.0,,542.0,success_watertight,False,True,3025.416989,750.6202615224336,112.04262802358626,10.0,success_contains_soma_xy,
v,"[13550, 2764, 3652]",720575940881709136,715.2996342063242,687.7416025458151,28.288,9.894,20.417,180514.0,90371.0,,581.0,success_watertight,False,True,1112.5482792731666,687.7416025458151,89.49930007530905,2.0,success_contains_soma_xy,
u,"[27028, 2921, 998]",720575940891718567,337.63171830186974,311.2147482,29.376,16.286,27.013,221904.0,111138.0,,118.0,success_watertight,False,True,2723.5755135731665,311.2147482,53.78891880253687,11.0,success_contains_soma_xy,
v,"[10695, 2928, 2877]",720575940864361484,1035.2208733684088,994.3481953919556,29.733,13.821,13.481,131053.0,65648.0,,754.0,success_watertight,False,True,3903.529585394833,994.3481953919556,132.28982224414716,2.0,success_contains_soma_xy,
o,"[21797, 2145, 1627]",720575940865380511,293.25523679260806,260.7001676391914,29.291,16.15,28.458,172512.0,86693.0,,668.0,success_watertight,False,True,785.9076061053332,260.7001676391914,11.58261584484574,8.0,success_contains_soma_xy,
r,"[14752, 3003, 2734]",720575940917065020,765.4428050102941,725.2764129030782,29.444,27.353,12.648,191280.0,95858.0,,1099.0,success_watertight,False,True,1496.8282528831664,725.2764129030782,66.01750078675225,14.0,success_contains_soma_xy,
u,"[19015, 2845, 3126]",720575940914971120,2980.497704788645,752.2932526571159,27.931,14.671,14.535,123935.0,62126.0,,1495.0,success_nonwatertight_qc,False,False,87.39074983383333,752.2932526571159,72.66404893730463,1.0,success_contains_soma_xy,
v,"[16250, 2389, 1641]",720575940916299357,1030.162824277245,988.5703121552395,28.611,19.057,14.705,166493.0,83425.0,,1252.0,success_watertight,False,True,342.02652611733333,988.5703121552395,80.56326377667597,4.0,success_contains_soma_xy,
v,"[30803, 2770, 1215]",720575940939715909,1340.1081321851352,1244.623478581875,24.293,16.371,14.314,216514.0,108776.0,,578.0,success_watertight,False,True,5115.172775,1244.623478581875,144.0272607864815,3.0,success_contains_soma_xy,
v,"[25528, 2412, 3406]",720575940893447179,1021.638005736474,980.4935157757552,27.948,22.95,23.715,276279.0,138644.0,,440.0,success_watertight,False,True,1239.9464118533333,980.4935157757552,119.31423160024804,11.0,success_contains_soma_xy,
u,"[5618, 2787, 3011]",720575940917167676,2113.1336292014007,609.104355,29.937,17.034,11.254,286214.0,143697.0,,189.0,success_watertight,False,True,4114.068717895833,609.104355,43.22531395334399,3.0,success_contains_soma_xy,
u,"[24931, 2527, 2062]",720575940909430811,2127.162914397333,554.0605051947551,28.866,10.2,13.107,115140.0,57652.0,,631.0,success_nonwatertight_qc,False,False,45.81519153,554.0605051947551,76.62727525371811,7.0,success_contains_soma_xy,
v,"[25316, 3007, 2082]",720575940898916857,5942.965188204802,1017.846313319375,28.118,21.641,16.218,251384.0,126922.0,,463.0,success_watertight,False,True,375.2256012016666,1017.846313319375,74.22106455453354,6.0,success_contains_soma_xy,
u,"[26465, 2564, 2545]",720575940888968566,1804.160743666229,1709.405933,26.18,15.351,26.877,218192.0,109345.0,,772.0,success_watertight,False,True,1465.220404,1709.405933,133.68928588406487,2.0,success_contains_soma_xy,
u,"[23181, 3024, 2310]",720575940893236555,631.3913247770013,600.3080325,28.798,20.723,13.549,188548.0,94787.0,,900.0,success_watertight,False,True,1051.848031622167,600.3080325,88.0196298,12.0,success_contains_soma_xy,
v,"[24430, 2799, 3509]",720575940877061128,623.5021581344088,581.6953989560833,25.823,15.351,14.892,225307.0,112748.0,,218.0,success_watertight,False,True,1330.5554223371664,581.6953989560833,68.86130461,12.0,success_contains_soma_xy,
v,"[28925, 2896, 436]",720575940914046398,978.9093542761876,939.6318481181354,26.537,19.057,17.425,145658.0,72908.0,,1348.0,success_watertight,False,True,26.065132144666663,939.6318481181354,78.84144326325713,4.0,success_contains_soma_xy,
v,"[17118, 2879, 1351]",720575940865329055,1069.7746754180416,1012.5253255127396,29.767,17.221,11.56,140949.0,70666.0,,947.0,success_watertight,False,True,6921.727672,1012.5253255127396,108.59463560732142,2.0,success_contains_soma_xy,
v,"[26707, 2653, 2940]",720575940925720646,931.2276564067082,888.9614064516978,29.155,17.51,20.808,169070.0,84579.0,,738.0,success_watertight,False,True,9723.163903243169,888.9614064516978,72.00029138552776,5.0,success_contains_soma_xy,
v,"[25179, 2973, 530]",720575940921947712,1080.1820877145312,1029.1326000186093,28.033,15.759,21.488,274497.0,138313.0,,509.0,success_watertight,False,True,7563.078070216166,1029.1326000186093,117.86221279232085,6.0,success_contains_soma_xy,
u,"[47876, 2376, 3514]",720575940910167881,2209.7527599090627,351.4170136753125,23.919,15.147,14.841,196556.0,98166.0,,487.0,success_nonwatertight_qc,False,False,3022.0016424801665,351.4170136753125,42.85898382,11.0,success_contains_soma_xy,
v,"[27746, 2803, 3167]",720575940931972959,4129.4329943973335,393.3820521,29.835,19.278,15.079,241026.0,120556.0,,325.0,success_nonwatertight_qc,False,False,724.3140284831667,393.3820521,128.8312722216219,15.0,success_contains_soma_xy,
v,"[29639, 2836, 3744]",720575940893056170,662.7727954685156,610.7433308859635,29.529,10.897,23.647,247107.0,123590.0,,232.0,success_watertight,False,True,496.6215437903333,610.7433308859635,81.09512397467448,4.0,success_contains_soma_xy,
v,"[27489, 2943, 3184]",720575940906034141,820.4011968,775.2089797080469,29.682,20.927,16.167,179271.0,90516.0,,564.0,success_watertight,False,True,4163.683878,775.2089797080469,97.76361847271068,2.0,success_contains_soma_xy,
v,"[27805, 2432, 3660]",720575940868394392,1197.5886913530103,1160.4730562030727,26.724,11.73,23.851,160889.0,80542.0,,207.0,success_watertight,False,True,337.2138119,1160.4730562030727,126.0190995987999,3.0,success_contains_soma_xy,
v,"[17868, 2727, 3345]",720575940897911434,2098.2819601867186,491.66548636186457,27.999,11.101,8.041,196474.0,98325.0,,173.0,success_nonwatertight_qc,False,False,2195.0217101108333,491.66548636186457,123.5027656957879,7.0,success_contains_soma_xy,
v,"[28663, 3072, 2691]",720575940891084982,998.894838,949.7815747,29.478,14.195,9.248,148897.0,74646.0,,690.0,success_watertight,False,True,13240.59008,949.7815747,144.97491217706096,3.0,success_contains_soma_xy,
v,"[20770, 2771, 3527]",720575940894653396,835.5594315850938,800.6189276731016,28.611,12.342,10.999,133872.0,67122.0,,228.0,success_watertight,False,True,4539.596534694833,800.6189276731016,91.78413123327906,5.0,success_contains_soma_xy,
v,"[19013, 2737, 3476]",720575940899273601,3046.978128131699,975.4142781899532,29.342,12.75,15.368,150236.0,75196.0,,481.0,success_nonwatertight_qc,False,False,970.3533124946666,975.4142781899532,131.58480789902168,1.0,success_contains_soma_xy,
v,"[19935, 2847, 4158]",720575940892110590,274.0481466175667,249.6097606861543,21.216,19.482,6.154,70198.0,36237.0,,450.0,success_watertight,False,True,1508.7473988668332,249.6097606861543,75.559534,4.0,success_contains_soma_xy,
v,"[15605, 2799, 3320]",720575940894668297,766.1640530788645,731.2144360582291,29.41,15.504,8.551,132898.0,66573.0,,823.0,success_watertight,False,True,1499.010684,731.2144360582291,67.26029131437203,3.0,success_contains_soma_xy,
u,"[21566, 2308, 3249]",720575940924140933,680.8904885159375,654.6375872179166,27.965,10.37,23.834,122952.0,61587.0,,765.0,success_watertight,False,True,86.03676633783333,654.6375872179166,80.84700895480745,1.0,success_contains_soma_xy,
u,"[36255, 2278, 3531]",720575940923550812,502.8922187009687,496.5960839263958,21.386,13.736,21.25,167754.0,84441.0,,703.0,success_watertight,False,True,700.2700021843333,496.5960839263958,50.74539030208341,4.0,success_contains_soma_xy,
v,"[5559, 2960, 1422]",720575940917861259,1205.221517,1089.7140363189687,23.018,14.586,24.021,151382.0,76538.0,,1723.0,success_watertight,False,True,7240.557119503333,1089.7140363189687,117.4072912709204,3.0,success_contains_soma_xy,
v,"[25008, 2733, 1248]",720575940903751971,1099.1973759541145,1039.7651161201877,25.364,17.612,17.034,151093.0,75563.0,,676.0,success_watertight,False,True,6905.567697820333,1039.7651161201877,117.37425049600174,4.0,success_contains_soma_xy,
v,"[31000, 3016, 533]",720575940915757504,6303.477596629385,948.9017720273386,26.384,17.612,19.873,152029.0,76225.0,,484.0,success_watertight,False,True,2928.617096515333,948.9017720273386,74.93492351259994,6.0,success_contains_soma_xy,
v,"[21935, 3107, 1716]",720575940904342739,995.4240925878802,953.4715679835832,29.121,17.986,13.328,245918.0,122123.0,,702.0,success_watertight,False,True,1442.603726,953.4715679835832,77.16623962,5.0,success_contains_soma_xy,
u,"[18773, 2433, 1440]",720575940922062400,1076.2913972558124,1035.3890219808643,28.118,12.699,26.197,159186.0,79755.0,,1808.0,success_watertight,False,True,2296.4313934691663,1035.3890219808643,102.86674696572186,1.0,success_contains_soma_xy,
u,"[23559, 2858, 1445]",720575940928422140,1279.976516604899,1196.756636524668,22.984,17.765,22.831,220108.0,110291.0,,514.0,success_watertight,False,True,2641.404256,1196.756636524668,95.25001281,5.0,success_contains_soma_xy,
v,"[24631, 3024, 820]",720575940892173154,1042.6472341511353,981.9361913461822,28.679,13.158,27.574,156625.0,78555.0,,989.0,success_watertight,False,True,6859.566576261333,981.9361913461822,89.22412709808951,2.0,success_contains_soma_xy,
v,"[26896, 2557, 1650]",720575940878957108,899.4605593,861.5911377405104,29.886,14.365,20.332,195662.0,96605.0,,404.0,success_watertight,False,True,1745.249296,861.5911377405104,86.81495710878147,3.0,success_contains_soma_xy,
o,"[34248, 2971, 124]",720575940917720203,1644.2306901426666,755.0241681555208,29.291,10.421,7.412,96871.0,49454.0,,592.0,success_nonwatertight_qc,False,False,1838.679906,755.0241681555208,129.05415575235585,3.0,success_contains_soma_xy,
u,"[30422, 2801, 2250]",720575940893892597,3575.874071243625,1073.0616993960623,29.444,9.928,22.882,162334.0,81279.0,,666.0,success_watertight,False,True,2274.2721642876663,1073.0616993960623,95.38283579118644,2.0,success_contains_soma_xy,
o,"[20005, 2545, 196]",720575940883079518,690.6532539237708,542.6076449244166,29.835,14.875,17.935,213807.0,108169.0,,176.0,success_watertight,False,True,24782.42413,542.6076449244166,117.37343470130249,8.0,success_contains_soma_xy,
o,"[21347, 2470, 104]",720575940941179414,73.16132582917187,55.437580692621744,14.144,12.359,11.73,35639.0,18293.0,,61.0,success_watertight,False,True,1298.892214921833,55.437580692621744,6.669256768878214,3.0,success_contains_soma_xy,
u,"[23026, 3078, 1849]",720575940922949405,645.2887223490104,612.8951960350885,29.614,17.255,15.215,236893.0,119269.0,,605.0,success_watertight,False,True,895.0011437,612.8951960350885,56.90247439824367,13.0,success_contains_soma_xy,
u,"[19656, 3118, 1492]",720575940909871539,797.8546417851613,759.3125172,29.563,13.702,20.196,163816.0,82132.0,,1183.0,success_watertight,False,True,3019.487524453833,759.3125172,72.00604622,9.0,success_contains_soma_xy,
r,"[17608, 2905, 1846]",720575940889212389,799.7854457,752.1175751466978,27.897,17.935,10.727,142012.0,71238.0,,549.0,success_watertight,False,True,2384.153181,752.1175751466978,47.417946213777306,2.0,success_contains_soma_xy,
u,"[18015, 2125, 2458]",720575940919952369,718.7978808826614,651.5480081099375,29.903,7.82,22.151,93093.0,47813.0,,395.0,success_watertight,False,True,3745.627005927333,651.5480081099375,70.27823257905654,4.0,success_contains_soma_xy,
u,"[24594, 2543, 2155]",720575940894227129,6366.28265,352.04655970047395,26.52,13.243,26.486,242690.0,121436.0,,126.0,success_nonwatertight_qc,False,False,270.1329431,352.04655970047395,38.18041860398333,10.0,success_contains_soma_xy,
u,"[19543, 2638, 2716]",720575940920454032,750.2367395021563,716.8995531109375,28.9,17.187,18.717,168708.0,84475.0,,654.0,success_watertight,False,True,1297.1819038183332,716.8995531109375,110.32904936284002,14.0,success_contains_soma_xy,
u,"[6744, 2868, 2260]",720575940902049558,913.3305544,871.6070884269361,29.767,13.923,19.312,149200.0,74824.0,,160.0,success_watertight,False,True,250.51817051266664,871.6070884269361,57.21179681031031,7.0,success_contains_soma_xy,
u,"[27572, 2817, 1226]",720575940881777488,815.9914947320078,769.5291447924791,29.699,15.997,28.084,293296.0,147499.0,,468.0,success_watertight,False,True,2703.3871294286664,769.5291447924791,113.92154326713371,4.0,success_contains_soma_xy,
v,"[21169, 3041, 796]",720575940907605588,1167.542475243279,1127.000730867453,29.41,20.57,23.511,171604.0,85997.0,,1312.0,success_watertight,False,True,1909.5709247463333,1127.000730867453,107.49419192840482,5.0,success_contains_soma_xy,
v,"[16782, 2919, 2401]",720575940882156260,1108.5431827868906,1070.2394473400936,27.506,13.991,16.677,157690.0,78994.0,,1315.0,success_watertight,False,True,46.51027130683333,1070.2394473400936,85.53637924213537,4.0,success_contains_soma_xy,
v,"[13821, 2683, 3059]",720575940894671667,895.3107853449661,836.1716718263464,24.276,18.139,20.757,256365.0,129168.0,,426.0,success_watertight,False,True,8523.712597472166,836.1716718263464,102.06244271592873,2.0,success_contains_soma_xy,
r,"[32565, 3010, 1516]",720575940893895175,718.0385550943125,685.9728406674167,29.393,17.986,19.159,171128.0,85668.0,,481.0,success_watertight,False,True,657.5852072118332,685.9728406674167,102.90627292668628,20.0,success_contains_soma_xy,
u,"[23535, 3086, 890]",720575940884856164,859.5348010700728,835.7295152690729,29.155,10.353,18.7,134369.0,67247.0,,771.0,success_watertight,False,True,1591.0705996408333,835.7295152690729,89.06168521,3.0,success_contains_soma_xy,
u,"[14530, 2604, 1955]",720575940915448386,1233.9551339785207,1139.284163406427,27.778,10.795,17.136,152318.0,76488.0,,165.0,success_watertight,False,True,11307.355851706832,1139.284163406427,134.50169719190785,3.0,success_contains_soma_xy,
u,"[22248, 3087, 673]",720575940922919709,1110.966072,1064.9316987785626,27.914,11.39,25.415,156594.0,78447.0,,580.0,success_watertight,False,True,740.2826590361666,1064.9316987785626,45.62977210848454,3.0,success_contains_soma_xy,
u,"[18280, 2285, 3342]",720575940904005072,706.8219289404323,634.3074847446354,28.628,14.093,12.92,246899.0,123637.0,,215.0,success_watertight,False,True,5575.204183,634.3074847446354,42.64226785044529,3.0,success_contains_soma_xy,
v,"[19540, 2960, 3276]",720575940891083702,659.8544587376223,606.2831823329635,28.781,17.782,19.975,267926.0,134077.0,,206.0,success_watertight,False,True,1569.6925751256665,606.2831823329635,126.59997495118792,3.0,success_contains_soma_xy,
v,"[25033, 2640, 2940]",720575940888099696,983.1227422402604,920.9793962077136,29.665,19.652,15.572,239453.0,119467.0,,519.0,success_watertight,False,True,6935.713845,920.9793962077136,137.3127811626719,5.0,success_contains_soma_xy,
v,"[26954, 2158, 3324]",720575940892031586,4650.340375281056,1072.3692230413126,28.713,16.966,18.241,191819.0,97013.0,,779.0,success_nonwatertight_qc,False,False,2495.251280949333,1072.3692230413126,158.6773456717898,10.0,success_contains_soma_xy,
v,"[21741, 3015, 3150]",720575940887248094,964.1893973118802,905.9867664549322,29.189,20.383,10.727,183096.0,91820.0,,142.0,success_watertight,False,True,697.6379795,905.9867664549322,145.18690649774626,6.0,success_contains_soma_xy,
v,"[16733, 2301, 2458]",720575940898439165,929.4998636,894.7927007,28.951,12.971,17.833,134341.0,67289.0,,716.0,success_watertight,False,True,3013.6489087031664,894.7927007,110.62897087378484,1.0,success_contains_soma_xy,
v,"[21930, 3099, 2595]",720575940907611220,937.1123319357916,887.5257040170625,29.393,21.794,18.088,170372.0,85346.0,,507.0,success_watertight,False,True,5084.626156,887.5257040170625,133.77768374632575,12.0,success_contains_soma_xy,
u,"[24930, 2766, 2540]",720575940914970864,697.0353783987343,675.5664478287707,27.914,16.32,9.826,121707.0,60941.0,,1164.0,success_watertight,False,True,956.1311126023332,675.5664478287707,87.19467151041283,5.0,success_contains_soma_xy,
u,"[24256, 2240, 2126]",720575940869489258,1685.5736006389843,1598.5569312277707,29.308,9.894,20.655,185739.0,93148.0,,1037.0,success_watertight,False,True,2033.251439,1598.5569312277707,153.8621341662513,3.0,success_contains_soma_xy,
o,"[31081, 2852, 1473]",720575940879681270,17.67224661,12.995882700078123,27.455,4.012,13.498,18234.0,9136.0,,6.0,success_watertight,False,True,26.591019664666664,12.995882700078123,0.7079797651673482,1.0,success_contains_soma_xy,
u,"[36648, 2877, 2464]",720575940889695073,876.2076418934375,830.7753916907708,26.333,10.557,22.729,126820.0,63526.0,,718.0,success_watertight,False,True,6853.720415,830.7753916907708,101.5504707775034,2.0,success_contains_soma_xy,
u,"[25797, 2978, 2302]",720575940955203160,689.5600376015625,652.9821469227916,29.342,22.457,20.4,267814.0,134292.0,,317.0,success_watertight,False,True,1429.353515,652.9821469227916,52.412534524553074,13.0,success_contains_soma_xy,
u,"[41679, 3094, 1122]",720575940898842355,507.7956048834219,470.9984993109063,28.951,14.875,23.443,213957.0,107199.0,,136.0,success_watertight,False,True,2571.567486817833,470.9984993109063,53.85471075852551,7.0,success_contains_soma_xy,
u,"[39955, 3043, 1719]",720575940899566768,931.9837908760104,891.9050462543332,28.509,10.421,28.747,139318.0,69758.0,,926.0,success_watertight,False,True,1742.8135692273331,891.9050462543332,76.57584004100215,4.0,success_contains_soma_xy,
v,"[17882, 3013, 1564]",720575940865130449,828.0157880673542,788.3836972109895,28.356,16.711,17.816,230942.0,116112.0,,558.0,success_watertight,False,True,96.2736569,788.3836972109895,120.80273932850288,3.0,success_contains_soma_xy,
u,"[27387, 2750, 2657]",720575940889934568,619.7103692182812,594.9400526189504,28.849,19.125,10.71,132455.0,66319.0,,1309.0,success_watertight,False,True,1513.7449057421666,594.9400526189504,110.71983691093637,8.0,success_contains_soma_xy,
v,"[8327, 2655, 2130]",720575940900962501,1831.8512953836664,1668.106108455849,29.053,12.393,28.084,346579.0,169356.0,,1007.0,success_watertight,False,True,787.7416356,1668.106108455849,127.0068476183358,2.0,success_contains_soma_xy,
v,"[25586, 2934, 1728]",720575940908784985,694.5023336641718,658.2553591996823,29.801,17.969,15.079,166291.0,83561.0,,552.0,success_watertight,False,True,955.9740988541666,658.2553591996823,117.01343588380207,7.0,success_contains_soma_xy,
u,"[33514, 3096, 2378]",720575940889201125,7025.086711461166,588.7946824034532,29.631,9.401,21.828,134732.0,67496.0,,379.0,success_nonwatertight_qc,False,False,640.1535466713333,588.7946824034532,88.59359613,5.0,success_contains_soma_xy,
u,"[27014, 2726, 2845]",720575940918272821,624.8101894763073,579.4860628471719,29.189,18.615,12.648,143114.0,71655.0,,436.0,success_watertight,False,True,1444.592572,579.4860628471719,93.04034978667698,10.0,success_contains_soma_xy,
u,"[18527, 2623, 2792]",720575940915202367,597.3725685844375,571.6817535696666,29.223,20.128,16.711,148489.0,74473.0,,777.0,success_watertight,False,True,3546.327608,571.6817535696666,41.031266022229126,6.0,success_contains_soma_xy,
u,"[33535, 3056, 2005]",720575940939659845,823.2296344778489,772.8846423069948,27.438,16.558,16.609,165182.0,82766.0,,372.0,success_watertight,False,True,2099.2536852461667,772.8846423069948,113.8663981888175,5.0,success_contains_soma_xy,
u,"[28672, 2483, 1031]",720575940929513722,329.9088623528541,290.7640987682943,29.835,10.523,25.058,200039.0,100042.0,,111.0,success_watertight,False,True,565.1698250108333,290.7640987682943,85.01761680973071,7.0,success_contains_soma_xy,
u,"[22474, 2638, 2921]",720575940915862624,656.6675708,616.2945658783385,29.648,12.716,10.115,140968.0,70741.0,,506.0,success_watertight,False,True,3295.0891163641663,616.2945658783385,14.464016073356358,13.0,success_contains_soma_xy,
u,"[26701, 2886, 2732]",720575940871488313,307.12194980861454,276.0962962922291,23.222,12.155,19.567,224059.0,111952.0,,68.0,success_watertight,False,True,780.6887333701666,276.0962962922291,13.686068950850103,5.0,success_contains_soma_xy,
u,"[17384, 3054, 1034]",720575940889913832,824.5076727829336,800.6591924459492,18.547,22.695,22.474,130788.0,65478.0,,716.0,success_watertight,False,True,510.4651364,800.6591924459492,77.29566278843136,1.0,success_contains_soma_xy,
u,"[17496, 2433, 2830]",720575940883760668,3078.887602,785.3312183318567,28.356,11.815,15.81,131548.0,65859.0,,1448.0,success_nonwatertight_qc,False,False,154.2237504513333,785.3312183318567,110.32789601996242,3.0,success_contains_soma_xy,
o,"[16353, 3014, 1221]",720575940922909272,20.37271149606104,14.086265024879555,25.466,14.297,11.73,19612.0,9844.0,,5.0,success_watertight,False,True,44.55712780883333,14.086265024879555,0.6572522741254244,1.0,success_contains_soma_xy,
o,"[18434, 2910, 540]",720575940895952238,130.06692351741407,94.56493394891211,11.271,7.599,28.9,41759.0,20983.0,,21.0,success_watertight,False,True,7.090808437333333,94.56493394891211,4.145123578476285,2.0,success_contains_soma_xy,
u,"[12599, 2824, 900]",720575940910981186,1573.8564618497812,1455.478612733453,28.186,11.084,26.656,193857.0,97179.0,,327.0,success_watertight,False,True,3975.750142508333,1455.478612733453,111.3316912148101,3.0,success_contains_soma_xy,
o,"[5239, 2900, 2244]",720575940906045661,24.99764415,16.333471176793047,26.979,4.709,14.229,20212.0,10145.0,,18.0,success_watertight,False,True,104.69361198516664,16.333471176793047,1.0357556072880207,4.0,success_contains_soma_xy,
o,"[21918, 2457, 3288]",720575940936891716,9.875316694,8.508443459220215,19.04,10.2,8.959,12725.0,6373.0,,6.0,success_watertight,False,True,180.5684028,8.508443459220215,0.7088385003067518,3.0,success_contains_soma_xy,
o,"[14920, 3056, 578]",720575940918932807,16.63196075854126,11.199913731931805,29.954,1.955,3.587,15522.0,7801.0,,3.0,success_watertight,False,True,122.82380040916664,11.199913731931805,1.136903548638101,8.0,success_contains_soma_xy,
u,"[40696, 3096, 169]",720575940913485296,1165.668501023815,1090.0415367327082,29.886,9.758,16.881,150610.0,75906.0,,165.0,success_watertight,False,True,11547.432556789332,1090.0415367327082,104.77493306785732,4.0,success_contains_soma_xy,
u,"[16627, 2101, 2773]",720575940888459212,420.02260233531376,392.8784210669986,19.227,7.888,28.713,127914.0,65702.0,,472.0,success_watertight,False,True,1115.719801,392.8784210669986,35.57998897,1.0,success_contains_soma_xy,
v,"[10003, 2531, 2909]",720575940865199386,870.2588814615704,833.4888582,28.9,12.546,18.666,219790.0,110415.0,,713.0,success_watertight,False,True,1789.2139211663332,833.4888582,14.128030058431143,8.0,success_contains_soma_xy,
v,"[17956, 2636, 1198]",720575940890124344,862.4488659631979,825.4143397003385,29.206,11.322,24.956,143321.0,71888.0,,964.0,success_watertight,False,True,1336.4858325798332,825.4143397003385,66.41314179967142,1.0,success_contains_soma_xy,
u,"[33937, 2690, 1271]",720575940851388531,890.3122043402317,860.3777202746485,27.132,13.77,19.261,138725.0,69480.0,,832.0,success_watertight,False,True,351.4395491633333,860.3777202746485,57.53402012691604,5.0,success_contains_soma_xy,
v,"[17537, 2201, 1444]",720575940882014240,467.22644927019786,429.2662287205573,27.523,12.24,23.715,186638.0,94491.0,,97.0,success_watertight,False,True,7912.78675,429.2662287205573,68.61782733140736,4.0,success_contains_soma_xy,
v,"[17237, 2697, 1824]",720575940891667623,883.9511939836407,849.6419044648385,29.665,11.611,17.697,132653.0,66437.0,,1193.0,success_watertight,False,True,1080.9258677721666,849.6419044648385,93.91706680796518,9.0,success_contains_soma_xy,
v,"[17054, 2431, 3290]",720575940898596242,825.3197162983828,777.6606451731692,28.9,16.694,9.503,129815.0,65004.0,,642.0,success_watertight,False,True,2002.3370533868333,777.6606451731692,100.5574962840884,2.0,success_contains_soma_xy,
v,"[13933, 2493, 2425]",720575940894626569,859.8936862513684,820.3531244602603,29.869,14.348,23.239,142766.0,71516.0,,826.0,success_watertight,False,True,1867.5529622566664,820.3531244602603,102.09048888760157,7.0,success_contains_soma_xy,
u,"[39697, 3093, 2203]",720575940886595618,487.6917813309583,455.4131431458125,26.656,12.58,29.818,247063.0,123670.0,,126.0,success_watertight,False,True,195.3284943,455.4131431458125,100.0216369848843,8.0,success_contains_soma_xy,
v,"[14060, 2880, 1919]",720575940884768570,837.7061570150988,810.7840859419426,28.067,17.204,16.677,135260.0,67714.0,,783.0,success_watertight,False,True,771.1928992526666,810.7840859419426,78.62811034195856,6.0,success_contains_soma_xy,
v,"[18374, 2867, 1250]",720575940889708901,997.6423766191718,962.1952317599792,29.444,12.461,12.121,144784.0,72527.0,,490.0,success_watertight,False,True,729.4711333446667,962.1952317599792,134.1147043396789,1.0,success_contains_soma_xy,
v,"[41685, 3046, 1425]",720575940890853953,1165.0820450450938,1119.3930222998229,26.962,17.442,23.018,167861.0,84052.0,,856.0,success_watertight,False,True,5853.778827725333,1119.3930222998229,94.30520612112258,6.0,success_contains_soma_xy,
v,"[20824, 2372, 2779]",720575940886125766,875.9152668387422,842.4549921826354,27.914,15.232,20.893,258435.0,130549.0,,584.0,success_watertight,False,True,767.4360739,842.4549921826354,93.86778804068112,1.0,success_contains_soma_xy,
v,"[32204, 2843, 2274]",720575940909150940,2310.044271269057,843.4482187271094,27.251,9.384,15.181,210607.0,106589.0,,383.0,success_nonwatertight_qc,False,False,13444.634484895332,843.4482187271094,93.54560454737717,1.0,success_contains_soma_xy,
v,"[26175, 2854, 2328]",720575940916017248,932.5369527886562,907.6103448338644,29.444,18.955,17.748,202001.0,100913.0,,474.0,success_watertight,False,True,172.6575885,907.6103448338644,110.65758466762612,4.0,success_contains_soma_xy,
v,"[38072, 3071, 1604]",720575940916017760,1095.713425,1053.5275475892813,29.563,15.164,20.162,232112.0,116394.0,,285.0,success_watertight,False,True,472.1248853,1053.5275475892813,117.56857528261186,5.0,success_contains_soma_xy,
v,"[16595, 2321, 2813]",720575940880881305,951.0926383615312,841.5267206795312,29.359,16.524,11.492,127921.0,64226.0,,1032.0,success_watertight,False,True,16291.91911,841.5267206795312,90.20556454337375,2.0,success_contains_soma_xy,
v,"[26450, 2914, 978]",720575940922699306,1011.9519443485938,964.9136032349948,28.169,21.063,22.882,147009.0,73647.0,,328.0,success_watertight,False,True,204.29112956166665,964.9136032349948,114.46032028332463,3.0,success_contains_soma_xy,
v,"[27229, 2513, 1849]",720575940894116163,1032.5023358264166,997.7722445,29.07,11.288,20.893,155657.0,77973.0,,788.0,success_watertight,False,True,689.8880021,997.7722445,125.9977742545985,1.0,success_contains_soma_xy,
v,"[22002, 2925, 2314]",720575940877035272,963.7548265540051,920.2964858430104,29.291,13.94,11.271,146868.0,73563.0,,773.0,success_watertight,False,True,1564.469806,920.2964858430104,125.8625200755559,4.0,success_contains_soma_xy,
v,"[22696, 2572, 1802]",720575940865430687,762.1747646634167,737.3417533678281,29.291,7.752,13.566,120728.0,60447.0,,935.0,success_watertight,False,True,168.88295104883332,737.3417533678281,67.21128071837504,3.0,success_contains_soma_xy,
v,"[11016, 2879, 3312]",720575940899254466,4138.346876243417,679.0334261957735,27.149,21.063,13.821,234834.0,117819.0,,1057.0,success_nonwatertight_qc,False,False,481.0386254978333,679.0334261957735,128.2130124035292,14.0,success_contains_soma_xy,
v,"[11562, 2662, 3230]",720575940904022480,811.9478933796164,776.4692635961809,24.735,11.373,21.08,147484.0,74145.0,,1331.0,success_watertight,False,True,1237.2908329991665,776.4692635961809,117.04463472574992,2.0,success_contains_soma_xy,
u,"[29180, 2401, 1837]",720575940881619651,784.8385536914426,761.3909831129166,21.131,9.758,27.642,174338.0,87430.0,,405.0,success_watertight,False,True,750.8494338066666,761.3909831129166,78.06777280478609,1.0,success_contains_soma_xy,
u,"[39804, 2934, 3162]",720575940920346256,8775.092042830853,345.9532640326016,28.781,24.378,17.476,320955.0,160773.0,,143.0,success_nonwatertight_qc,False,False,17290.467532579165,345.9532640326016,37.947918584410814,10.0,success_contains_soma_xy,
u,"[32586, 2711, 1216]",720575940917907541,859.5472286693854,828.8155072720832,29.274,12.512,18.173,142185.0,71261.0,,809.0,success_watertight,False,True,265.90788999316663,828.8155072720832,62.25445832497704,6.0,success_contains_soma_xy,
o,"[37364, 2556, 3216]",720575940868400792,4142.273669997192,116.09961477635416,29.036,18.87,9.469,172007.0,86143.0,,300.0,success_watertight,False,True,20584.2845,116.09961477635416,43.47390069,32.0,success_contains_soma_xy,
v,"[7823, 2484, 2708]",720575940909160924,946.8858675,870.6253446521653,29.376,12.24,17.595,228818.0,114535.0,,398.0,success_watertight,False,True,5647.280736803166,870.6253446521653,125.42323631908351,2.0,success_contains_soma_xy,
v,"[8192, 2897, 3070]",720575940926237070,892.1573642403204,858.8762525084869,24.973,16.949,22.559,168514.0,84279.0,,1084.0,success_watertight,False,True,753.9896784731666,858.8762525084869,50.35452116544981,3.0,success_contains_soma_xy,
v,"[31865, 2867, 2792]",720575940902296248,844.1008787227917,817.4765755676198,26.044,11.509,21.403,133561.0,66916.0,,577.0,success_watertight,False,True,1641.029967,817.4765755676198,110.59341455065594,1.0,success_contains_soma_xy,
v,"[15307, 2707, 1644]",720575940964211366,1036.791778085854,986.3891265927708,29.869,11.577,19.55,140724.0,70541.0,,755.0,success_watertight,False,True,2621.628023,986.3891265927708,105.42514485776768,3.0,success_contains_soma_xy,
v,"[15380, 3055, 750]",720575940925721670,867.5029904599439,840.7111068451197,26.435,14.756,17.714,179073.0,90028.0,,825.0,success_watertight,False,True,27.425033349166664,840.7111068451197,72.66854097710151,3.0,success_contains_soma_xy,
v,"[27694, 2589, 1894]",720575940877090056,914.7565466731876,860.2673271231745,22.389,9.129,29.291,134987.0,67673.0,,1024.0,success_watertight,False,True,8376.911375,860.2673271231745,95.13481194,2.0,success_contains_soma_xy,
v,"[23554, 2657, 3433]",720575940865431199,966.4960797769584,927.6770542,29.461,12.359,19.108,147263.0,74195.0,,1065.0,success_watertight,False,True,1565.8586885541663,927.6770542,85.01304526252956,3.0,success_contains_soma_xy,
v,"[23993, 2381, 2383]",720575940890028724,822.0065760831042,796.9506302961145,29.784,8.908,16.762,133046.0,66771.0,,349.0,success_watertight,False,True,102.47613352933332,796.9506302961145,78.84120332163035,2.0,success_contains_soma_xy,
u,"[20829, 2326, 2446]",720575940927071000,797.1833190281354,768.5846231212188,26.639,12.155,20.094,136694.0,68351.0,,692.0,success_watertight,False,True,1042.7584657571667,768.5846231212188,94.39346156802932,9.0,success_contains_soma_xy,
o,"[26048, 2701, 221]",720575940884036863,44.59070146,37.32887257578906,20.536,7.225,15.147,28385.0,14350.0,,9.0,success_watertight,False,True,722.1540280331666,37.32887257578906,1.9541617928651365,1.0,success_contains_soma_xy,
v,"[10975, 2749, 2507]",720575940920789929,792.7029185349531,770.7622004758489,28.747,8.636,13.77,117480.0,58807.0,,739.0,success_watertight,False,True,80.19631312516665,770.7622004758489,110.01060411446056,2.0,success_contains_soma_xy,
v,"[6200, 2854, 2695]",720575940883086807,869.5223774,825.6673916148958,29.869,16.575,12.495,132777.0,66582.0,,565.0,success_watertight,False,True,2756.843516,825.6673916148958,126.15825436554994,1.0,success_contains_soma_xy,
v,"[9474, 2817, 1673]",720575940883648760,4777.287595236432,914.3662378408072,28.22,17.493,18.87,145726.0,72969.0,,835.0,success_nonwatertight_qc,False,False,870.2370517,914.3662378408072,134.17887238005923,2.0,success_contains_soma_xy,
v,"[15351, 2873, 2025]",720575940901725927,938.6403204,886.5404465364921,29.563,16.303,11.781,137278.0,68826.0,,562.0,success_watertight,False,True,8999.165123955667,886.5404465364921,126.59477373838376,6.0,success_contains_soma_xy,
v,"[18572, 2518, 720]",720575940905012022,983.1285293563176,944.6233443670832,22.95,16.082,19.805,204545.0,102403.0,,978.0,success_watertight,False,True,1837.3534759241663,944.6233443670832,61.46740523772805,5.0,success_contains_soma_xy,
v,"[34256, 2740, 827]",720575940862112103,954.6577212198438,925.8637556612084,28.186,11.22,14.45,159322.0,79875.0,,934.0,success_watertight,False,True,468.0146391611666,925.8637556612084,57.72758193626135,4.0,success_contains_soma_xy,
o,"[35077, 2990, 778]",720575940893320213,50.15302949424739,37.37092272,24.123,6.545,27.166,47635.0,23870.0,,48.0,success_watertight,False,True,1201.6920055213332,37.37092272,1.1866191784416942,4.0,success_contains_soma_xy,
u,"[35774, 3051, 2015]",720575940862108007,727.2444998099063,705.4460664604791,25.194,13.005,25.891,136362.0,68689.0,,282.0,success_watertight,False,True,129.60095391933334,705.4460664604791,44.08132983473266,7.0,success_contains_soma_xy,
v,"[7909, 3116, 2178]",720575940869469454,935.8123223310286,849.8265344829166,29.614,18.139,19.193,137588.0,68984.0,,1327.0,success_watertight,False,True,5570.462281,849.8265344829166,113.82803027877527,4.0,success_contains_soma_xy,
v,"[6115, 3125, 2909]",720575940890653391,906.5708479511068,872.8584786898438,29.75,16.796,10.268,220822.0,108706.0,,720.0,success_watertight,False,True,1008.7108074868332,872.8584786898438,102.75473698151627,5.0,success_contains_soma_xy,
v,"[12654, 2879, 2312]",720575940921953856,1032.087903979328,945.8788583323412,29.665,10.642,10.863,129796.0,65049.0,,1000.0,success_watertight,False,True,10286.573521541332,945.8788583323412,144.21494102281923,1.0,success_contains_soma_xy,
u,"[25754, 2352, 3810]",720575940881720656,3665.282426533469,605.8797888182604,29.682,11.22,24.106,164027.0,81975.0,,1337.0,success_nonwatertight_qc,False,False,334.3887337,605.8797888182604,46.57546425729106,10.0,success_contains_soma_xy,
u,"[37145, 3096, 655]",720575940888048752,323.5537929948438,305.5260948028073,27.489,10.081,11.305,152952.0,76559.0,,74.0,success_watertight,False,True,473.0973063408333,305.5260948028073,16.45158447760486,3.0,success_contains_soma_xy,
u,"[14564, 2842, 217]",720575940940279211,836.3384695660845,816.7376951,29.223,12.138,12.495,209017.0,105342.0,,928.0,success_watertight,False,True,399.3896816,816.7376951,94.16263234764428,3.0,success_contains_soma_xy,
v,"[21637, 2854, 1898]",720575940902431928,986.4584360654896,949.4785413964428,28.322,10.013,17.544,202628.0,98429.0,,1254.0,success_watertight,False,True,100.6623194,949.4785413964428,103.44881335370268,4.0,success_contains_soma_xy,
v,"[13031, 2940, 1322]",720575940900244345,831.2338351402109,764.0593254680938,24.888,20.111,18.343,135119.0,67967.0,,654.0,success_watertight,False,True,9300.907962663166,764.0593254680938,113.15289065321257,3.0,success_contains_soma_xy,
v,"[9401, 2642, 2180]",720575940909125852,1123.619880432341,1077.9617238479923,27.591,11.305,18.207,199174.0,99607.0,,608.0,success_watertight,False,True,380.7870082968333,1077.9617238479923,125.0397045,10.0,success_contains_soma_xy,
v,"[4787, 2955, 2180]",720575940895716648,969.5014028713782,924.0329420125918,29.75,12.121,19.244,168481.0,84599.0,,497.0,success_watertight,False,True,957.3406981153332,924.0329420125918,116.98495469676318,4.0,success_contains_soma_xy,
v,"[17942, 2285, 1940]",720575940920376976,797.2728045111354,771.7189531193698,29.665,18.003,14.144,126097.0,63119.0,,368.0,success_watertight,False,True,1397.116298,771.7189531193698,88.83710954871468,2.0,success_contains_soma_xy,
v,"[7380, 3043, 2208]",720575940881500611,,938.8896445449108,29.376,17.102,22.508,165529.0,82959.0,,728.0,success_watertight,False,True,592.3873766381666,938.8896445449108,121.0087411179952,6.0,success_contains_soma_xy,
v,"[36106, 3014, 335]",720575940897278210,,815.0055186607864,28.917,8.33,19.669,125444.0,62908.0,,653.0,success_watertight,False,True,2427.1635525371667,815.0055186607864,81.13607596,3.0,success_contains_soma_xy,
u,"[21252, 2377, 2746]",720575940905011766,651.5211329070937,629.6666407679921,27.081,11.407,28.815,115651.0,57907.0,,699.0,success_watertight,False,True,1570.0138845068332,629.6666407679921,10.779994185891663,1.0,success_contains_soma_xy,
v,"[19431, 3001, 1831]",720575940897126329,,511.6439780690833,28.016,21.76,17.969,219150.0,109736.0,,120.0,success_nonwatertight_qc,False,False,469.4190161,511.6439780690833,70.09540879968083,4.0,success_contains_soma_xy,
v,"[9051, 2686, 978]",720575940922698538,,836.8761454765469,27.982,12.75,13.277,127003.0,63615.0,,1230.0,success_watertight,False,True,5260.813109103833,836.8761454765469,92.39859995682744,2.0,success_contains_soma_xy,
v,"[11201, 2962, 1055]",720575940893896574,,1192.3117870930353,28.815,19.329,17.391,181787.0,91032.0,,1235.0,success_watertight,False,True,1412.65764,1192.3117870930353,137.3768097287547,2.0,success_contains_soma_xy,
u,"[6714, 2894, 2663]",720575940941090412,,733.5361717367095,27.965,16.473,19.805,146882.0,73667.0,,719.0,success_watertight,False,True,639.0351218733332,733.5361717367095,113.66483668799847,7.0,success_contains_soma_xy,
v,"[14009, 2563, 2720]",720575940888522912,,679.6873585,27.54,15.402,18.36,111374.0,55790.0,,824.0,success_watertight,False,True,3356.870692387833,679.6873585,99.86627538473093,1.0,success_contains_soma_xy,
u,"[36924, 2845, 129]",720575940930797133,,713.2548148371145,21.658,9.537,10.098,124610.0,63271.0,,583.0,success_watertight,False,True,1886.8514915586663,713.2548148371145,63.63874271,3.0,success_contains_soma_xy,
v,"[11742, 3122, 3187]",720575940930912376,,908.1279411,29.818,19.924,8.993,234111.0,118164.0,,624.0,success_watertight,False,True,9726.225926,908.1279411,177.44978696417925,5.0,success_contains_soma_xy,
v,"[18131, 2156, 2935]",720575940920095349,,811.9000208024739,26.656,16.762,22.372,155812.0,78980.0,,492.0,success_watertight,False,True,4354.333030796333,811.9000208024739,84.95406008989703,5.0,success_contains_soma_xy,
v,"[7717, 2630, 2344]",720575940929778721,,1066.5303815321042,28.628,19.873,26.214,167113.0,83682.0,,839.0,success_watertight,False,True,464.230586,1066.5303815321042,107.50229236819987,3.0,success_contains_soma_xy,
v,"[21962, 2464, 3028]",720575940924377410,,803.0401528603437,29.427,11.203,21.063,189583.0,95470.0,,771.0,success_nonwatertight_qc,False,False,310.9469544428333,803.0401528603437,74.92333071119008,9.0,success_contains_soma_xy,
v,"[17513, 2524, 3244]",720575940895170506,,914.5793611407436,29.291,17.357,14.552,151074.0,75715.0,,1332.0,success_watertight,False,True,2333.6756034801665,914.5793611407436,99.74776609599328,2.0,success_contains_soma_xy,
u,"[33391, 3016, 886]",720575940924341826,,849.0563463619583,26.911,9.605,26.333,127756.0,63964.0,,616.0,success_watertight,False,True,2467.617454107333,849.0563463619583,94.79426913,1.0,success_contains_soma_xy,
v,"[19555, 2434, 3154]",720575940884899531,,934.7405305264426,29.665,12.648,13.107,158112.0,79230.0,,1138.0,success_watertight,False,True,3113.811273070833,934.7405305264426,100.20973299264806,2.0,success_contains_soma_xy,
v,"[14756, 2359, 2914]",720575940882031994,,872.9024866804426,25.653,14.229,22.185,139170.0,69880.0,,766.0,success_watertight,False,True,10372.68703,872.9024866804426,63.440087916949146,2.0,success_contains_soma_xy,
v,"[20707, 2581, 3686]",720575940889197285,,839.3240493874063,25.619,16.354,18.156,136676.0,68332.0,,1143.0,success_watertight,False,True,2830.265530477833,839.3240493874063,145.41966610630584,4.0,success_contains_soma_xy,
v,"[24275, 2954, 1169]",720575940920822952,,894.4187223360885,26.877,17.51,19.261,143788.0,72078.0,,222.0,success_watertight,False,True,277.65038988066664,894.4187223360885,104.62525973088394,2.0,success_contains_soma_xy,
v,"[12966, 2639, 1494]",720575940898713265,,814.5658629,24.786,10.982,17.306,121012.0,60567.0,,951.0,success_watertight,False,True,203.4030229283333,814.5658629,111.10907804303682,3.0,success_contains_soma_xy,
v,"[7572, 2964, 1646]",720575940881820753,,553.047158,29.801,14.892,20.74,198711.0,99397.0,,438.0,success_watertight,False,True,201.61355930066665,553.047158,90.63359208631128,9.0,success_contains_soma_xy,
o,"[6617, 2886, 2590]",720575940919984476,,13.928060747146484,29.495,5.44,6.086,15341.0,7697.0,,9.0,success_watertight,False,True,71.77722028,13.928060747146484,4.687950678984455,6.0,success_contains_soma_xy,
v,"[29754, 2543, 808]",720575940911002785,,831.0897618533854,28.016,13.43,12.869,127134.0,63606.0,,948.0,success_watertight,False,True,2022.5845417401663,831.0897618533854,94.62465620899324,1.0,success_contains_soma_xy,
u,"[36297, 2918, 748]",720575940884023039,,779.8711134703228,28.271,11.73,21.59,141047.0,70644.0,,623.0,success_watertight,False,True,409.9079347321666,779.8711134703228,88.72167166370274,6.0,success_contains_soma_xy,
v,"[30976, 3099, 858]",720575940901734631,,788.8804218875234,29.648,9.639,13.26,132748.0,66524.0,,530.0,success_watertight,False,True,3569.808144,788.8804218875234,92.21263758308652,3.0,success_contains_soma_xy,
v,"[27212, 2454, 3086]",720575940879917442,,917.7758807816354,27.999,15.368,19.414,161877.0,80953.0,,978.0,success_nonwatertight_qc,False,False,1778.5379377753331,917.7758807816354,151.63538542994516,1.0,success_contains_soma_xy,
v,"[25348, 3023, 1178]",720575940899432749,,534.7833544,29.648,17.493,16.575,168296.0,84172.0,,713.0,success_watertight,False,True,4666.036594608666,534.7833544,85.53033261372472,6.0,success_contains_soma_xy,
v,"[9212, 2831, 2529]",720575940879885698,,1069.872966406802,29.597,17.255,12.682,145526.0,72925.0,,490.0,success_watertight,False,True,4166.0911148136665,1069.872966406802,146.96542472662637,4.0,success_contains_soma_xy,
u,"[9252, 2911, 2784]",720575940907015209,,846.3007530237682,29.546,16.116,12.971,140011.0,70188.0,,94.0,success_nonwatertight_qc,False,False,966.9407942811666,846.3007530237682,123.0197358325059,3.0,success_contains_soma_xy,
v,"[28498, 2752, 2731]",720575940898202077,,518.1000410144062,28.458,18.292,18.02,296399.0,148359.0,,116.0,success_nonwatertight_qc,False,False,2609.510934,518.1000410144062,103.48067516211368,6.0,success_contains_soma_xy,
o,"[34801, 2902, 2977]",720575940889150839,,44.19552523,26.435,6.511,16.711,36235.0,18189.0,,8.0,success_watertight,False,True,912.4262134,44.19552523,3.746221196375404,2.0,success_contains_soma_xy,
v,"[36994, 2737, 3602]",720575940893393931,,415.2502342791146,29.189,18.802,13.158,233903.0,117180.0,,184.0,success_watertight,False,True,2533.071923424333,415.2502342791146,28.495224171555414,14.0,success_contains_soma_xy,
v,"[33441, 2978, 2895]",720575940882080484,,401.21954454232815,29.954,18.53,29.172,244855.0,122620.0,,148.0,success_watertight,False,True,2520.80988,401.21954454232815,110.07542115633696,10.0,success_contains_soma_xy,
v,"[26813, 2870, 3378]",720575940941140588,,459.8355029145313,28.798,17.306,18.479,226177.0,113244.0,,277.0,success_watertight,False,True,798.7791535156666,459.8355029145313,111.7313483355856,10.0,success_contains_soma_xy,
v,"[28647, 3058, 597]",720575940916284509,,394.15309210410936,29.172,11.305,16.694,206146.0,103184.0,,97.0,success_watertight,False,True,1586.697739,394.15309210410936,81.55448412035041,5.0,success_contains_soma_xy,
u,"[18232, 2561, 3783]",720575940869497194,,844.1161411948801,28.322,12.087,9.996,132674.0,66332.0,,1274.0,success_nonwatertight_qc,False,False,333.85988040366664,844.1161411948801,44.850889063691774,4.0,success_contains_soma_xy,
v,"[13874, 2987, 3010]",720575940920054001,,785.1473169287891,29.818,15.232,19.448,264990.0,131003.0,,847.0,success_watertight,False,True,571.3070938431666,785.1473169287891,120.04699046406806,4.0,success_contains_soma_xy,
v,"[24109, 2447, 2873]",720575940883198679,,801.4686210333541,29.903,9.911,17.442,184617.0,92606.0,,752.0,success_watertight,False,True,20242.786288894164,801.4686210333541,108.63088365551488,3.0,success_contains_soma_xy,
v,"[29764, 2717, 1632]",720575940880935569,,900.0538208459426,26.673,13.906,21.233,167849.0,84061.0,,388.0,success_nonwatertight_qc,False,False,4399.510632838833,900.0538208459426,51.42172636976582,6.0,success_contains_soma_xy,
v,"[27841, 2495, 3267]",720575940889256055,,633.6012846453646,29.563,12.58,7.293,106738.0,53412.0,,516.0,success_watertight,False,True,503.7201426,633.6012846453646,145.53745261985898,7.0,success_contains_soma_xy,
u,"[27599, 2804, 4011]",720575940896286391,,573.6472012011145,23.647,14.824,6.154,107636.0,54455.0,,363.0,success_nonwatertight_qc,False,False,2543.729431,573.6472012011145,,0.0,no_xy_intersection,
v,"[28058, 3038, 2270]",720575940925831494,,762.0122494115208,29.274,27.047,14.399,153864.0,77033.0,,683.0,success_nonwatertight_qc,False,False,367.4090501361666,762.0122494115208,101.40457249297692,6.0,success_contains_soma_xy,
v,"[17211, 3096, 3776]",720575940880014210,,970.1984006,29.852,19.975,10.863,165055.0,82720.0,,278.0,success_watertight,False,True,717.1391545216667,970.1984006,112.11169811042636,4.0,success_contains_soma_xy,
v,"[39889, 2752, 3469]",720575940890275078,,904.8467956626876,29.223,15.708,15.351,157357.0,78832.0,,173.0,success_watertight,False,True,3769.9618326961663,904.8467956626876,117.07389263918908,3.0,success_contains_soma_xy,
v,"[35707, 2772, 3216]",720575940880805009,,828.6595489851145,29.325,23.715,13.804,317461.0,160488.0,,428.0,success_nonwatertight_qc,False,False,9501.123477046163,828.6595489851145,116.09140421739228,17.0,success_contains_soma_xy,
v,"[46507, 2323, 3596]",720575940904006352,,1325.2650255137137,28.798,13.447,18.581,350240.0,175672.0,,1588.0,success_watertight,False,True,9987.581388012832,1325.2650255137137,111.13958332403958,2.0,success_contains_soma_xy,
v,"[30475, 3019, 2862]",720575940915483797,,995.0916635834584,26.945,19.533,12.733,157606.0,78914.0,,595.0,success_watertight,False,True,17970.841302982833,995.0916635834584,135.7412783574451,4.0,success_contains_soma_xy,
v,"[31739, 3063, 2643]",720575940888845329,,974.0215317,29.376,13.311,10.642,144108.0,72191.0,,661.0,success_watertight,False,True,2181.3175967133334,974.0215317,130.66642747385583,1.0,success_contains_soma_xy,
v,"[18552, 2821, 2801]",720575940913468911,,782.8282472147864,29.444,27.557,19.72,166135.0,83304.0,,717.0,success_watertight,False,True,401.0977752713333,782.8282472147864,167.46414032324267,4.0,success_contains_soma_xy,
v,"[8695, 3110, 3414]",720575940917665443,,769.5274270966067,27.71,13.26,16.048,162081.0,81022.0,,930.0,success_watertight,False,True,493.9708149,769.5274270966067,46.01933282808122,9.0,success_contains_soma_xy,
v,"[40154, 3019, 3220]",720575940892122530,,993.1578562,27.03,25.653,15.708,299174.0,150092.0,,1300.0,success_watertight,False,True,2706.1773719751664,993.1578562,103.08657057773644,5.0,success_contains_soma_xy,
v,"[33861, 2699, 3297]",720575940887220190,,840.5638847521666,25.381,21.607,17.612,180151.0,90560.0,,663.0,success_watertight,False,True,8965.785262,840.5638847521666,67.91623362636376,4.0,success_contains_soma_xy,
u,"[30643, 2962, 3227]",720575940945648662,,302.44936026970834,29.75,19.856,14.586,175119.0,87704.0,,166.0,success_watertight,False,True,567.2846635271666,302.44936026970834,172.01792610222577,23.0,success_contains_soma_xy,
v,"[32764, 2963, 2816]",720575940894097731,,341.8179736577344,27.183,14.62,23.375,253149.0,126710.0,,179.0,success_watertight,False,True,3910.425010372833,341.8179736577344,64.77152505090646,7.0,success_contains_soma_xy,
v,"[24385, 2647, 3262]",720575940914784496,,800.4048532023385,29.971,17.085,16.405,216787.0,108524.0,,791.0,success_nonwatertight_qc,False,False,1672.8727718518332,800.4048532023385,114.8354558768304,9.0,success_contains_soma_xy,
v,"[28453, 2915, 2960]",720575940895262922,,1279.6662585964218,28.73,10.268,15.98,162784.0,81630.0,,157.0,success_watertight,False,True,2894.464563,1279.6662585964218,72.19251782203565,1.0,success_contains_soma_xy,
v,"[24155, 2705, 1586]",720575940878281003,,885.2584418870625,28.509,9.384,22.491,129942.0,65085.0,,298.0,success_watertight,False,True,1332.7042424368333,885.2584418870625,83.50015163430058,2.0,success_contains_soma_xy,
v,"[34025, 2288, 3662]",720575940932742548,,900.3361626658125,26.792,12.155,13.379,153735.0,76647.0,,1505.0,success_watertight,False,True,1092.670867,900.3361626658125,150.96150518945728,1.0,success_contains_soma_xy,
v,"[23234, 2850, 3546]",720575940897049301,,886.4632693772863,29.495,11.9,10.183,133112.0,66696.0,,625.0,success_watertight,False,True,7867.173238584666,886.4632693772863,62.92449436917535,4.0,success_contains_soma_xy,
v,"[18300, 2658, 3398]",720575940884031231,,398.9930801563594,29.24,16.235,13.634,212977.0,107193.0,,220.0,success_watertight,False,True,12292.74817,398.9930801563594,127.06230033189584,3.0,success_contains_soma_xy,
u,"[17267, 2713, 3092]",720575940862200935,,605.2272409954167,27.897,9.911,8.925,108957.0,54557.0,,1192.0,success_watertight,False,True,1028.5522306583332,605.2272409954167,74.01909726904249,2.0,success_contains_soma_xy,
v,"[18235, 3050, 1918]",720575940882115556,,919.4924053900442,28.305,21.505,17.918,154297.0,77262.0,,496.0,success_watertight,False,True,330.3619751,919.4924053900442,105.78820087999866,2.0,success_contains_soma_xy,
o,"[20465, 2788, 3929]",720575940897024272,,11.630031509012367,14.552,3.57,14.45,20483.0,10233.0,,17.0,success_watertight,False,True,177.0481425,11.630031509012367,1.7276968537094632,1.0,success_contains_soma_xy,
o,"[18108, 2908, 3582]",720575940915249309,,17.26095763923716,29.546,9.469,5.746,23231.0,11649.0,,37.0,success_watertight,False,True,84.09053543083333,17.26095763923716,8.033291391293876,6.0,success_contains_soma_xy,
u,"[32955, 2922, 2433]",720575940915871072,,339.6323074,28.356,9.095,14.093,160679.0,80481.0,,94.0,success_watertight,False,True,1150.3852181691666,339.6323074,75.45258307158312,2.0,success_contains_soma_xy,
u,"[28195, 2496, 3078]",720575940894126235,,944.6733669,25.619,11.917,22.661,158194.0,79240.0,,1234.0,success_watertight,False,True,967.7032108166666,944.6733669,97.6260001,1.0,success_contains_soma_xy,
v,"[25305, 2271, 3336]",720575940885138816,,439.3090173491588,27.506,19.805,11.39,130582.0,65336.0,,1039.0,success_watertight,False,True,227.2972625,439.3090173491588,58.591714637492856,10.0,success_contains_soma_xy,
u,"[17454, 2722, 2244]",720575940895909998,,1106.0099619395312,29.359,10.642,29.41,165493.0,82865.0,,533.0,success_nonwatertight_qc,False,False,467.0405484771666,1106.0099619395312,93.51891361738257,3.0,success_contains_soma_xy,
o,"[31417, 2864, 2972]",720575940895859822,,50.831521921510415,29.206,6.409,12.104,42818.0,21500.0,,18.0,success_watertight,False,True,622.8035745818332,50.831521921510415,1.456105940137396,1.0,success_contains_soma_xy,
u,"[22513, 3058, 2881]",720575940893402645,,395.2097570592291,28.73,13.464,8.738,207334.0,103878.0,,64.0,success_watertight,False,True,1225.1432505298333,395.2097570592291,53.88319635397541,4.0,success_contains_soma_xy,
u,"[23222, 2661, 2732]",720575940894223545,,922.1809764,28.747,11.067,18.428,168004.0,84216.0,,99.0,success_watertight,False,True,551.3810909201666,922.1809764,113.77093048372986,3.0,success_contains_soma_xy,
v,"[20097, 2957, 2852]",720575940889818856,,727.3888444174635,29.767,22.984,19.805,167692.0,84070.0,,418.0,success_watertight,False,True,8726.708557060832,727.3888444174635,112.4022702995048,15.0,success_contains_soma_xy,
v,"[27724, 2859, 2873]",720575940915135807,,530.0540355479557,28.985,18.309,12.716,232191.0,116321.0,,159.0,success_watertight,False,True,12102.493812242832,530.0540355479557,85.66214958136833,6.0,success_contains_soma_xy,
v,"[9468, 3060, 3030]",720575940887210138,,761.3624550641666,29.716,13.957,10.727,154435.0,77290.0,,426.0,success_watertight,False,True,484.4669136,761.3624550641666,83.53323563267976,8.0,success_contains_soma_xy,
o,"[9150, 2999, 2987]",720575940883101655,,14.261158284582072,27.795,10.013,13.583,22630.0,11356.0,,6.0,success_watertight,False,True,168.2747085,14.261158284582072,1.1337421617189836,1.0,success_contains_soma_xy,
v,"[36807, 2411, 3311]",720575940891086262,,363.3581559998021,28.39,20.638,7.31,113827.0,56878.0,,1082.0,success_nonwatertight_qc,False,False,215.3205189628333,363.3581559998021,78.46450899687387,5.0,success_contains_soma_xy,
v,"[27276, 2377, 3645]",720575940890120248,,696.6995666405625,24.973,9.741,21.046,122422.0,61330.0,,783.0,success_watertight,False,True,8293.069812062333,696.6995666405625,95.32757659191886,1.0,success_contains_soma_xy,
u,"[28017, 2672, 2249]",720575940920006013,,667.1515238006926,29.172,16.388,15.793,153755.0,76968.0,,594.0,success_nonwatertight_qc,False,False,1247.540963,667.1515238006926,52.15042266896307,5.0,success_contains_soma_xy,
u,"[31378, 2773, 2619]",720575940937248030,,1053.1150962694169,29.733,9.928,24.072,148057.0,74145.0,,1210.0,success_watertight,False,True,922.9340354713332,1053.1150962694169,90.37753073592005,2.0,success_contains_soma_xy,
u,"[15706, 3078, 2324]",720575940915484565,,758.1309892549166,29.903,13.192,15.759,155338.0,74997.0,,1207.0,success_watertight,False,True,1114.7893581433332,758.1309892549166,67.29734569945747,3.0,success_contains_soma_xy,
v,"[23967, 2841, 2452]",720575940903114173,,1113.654769311634,27.183,16.66,27.54,168967.0,84639.0,,565.0,success_watertight,False,True,1660.6425690991664,1113.654769311634,67.98234348889143,4.0,success_contains_soma_xy,
v,"[28256, 2583, 784]",720575940890634484,1041.6610026165208,997.6516670505208,25.33,19.312,19.669,173909.0,87433.0,,1038.0,success_watertight,False,True,2516.3029365121665,997.6516670505208,109.24647235755678,2.0,success_contains_soma_xy,
v,"[17146, 2407, 2360]",720575940941132140,985.4424339,937.4419043286354,28.509,20.995,24.395,172957.0,86647.0,,435.0,success_watertight,False,True,1427.775208,937.4419043286354,129.67765284129686,8.0,success_contains_soma_xy,
c1,"[21956, 3036, 2216]",720575940906164189,,485.4064173991328,29.631,20.094,15.98,193220.0,96954.0,,389.0,success_watertight,False,True,76.80309317566666,485.4064173991328,87.24488615444253,16.0,success_contains_soma_xy,
u,"[26081, 2961, 1417]",720575940917429907,,622.4184866,29.41,22.814,15.164,155305.0,77737.0,,448.0,success_watertight,False,True,663.2031556,622.4184866,93.11613897969316,12.0,success_contains_soma_xy,
u,"[20757, 2444, 1324]",720575940920145525,,714.0559445490676,28.305,12.002,27.829,153114.0,76816.0,,761.0,success_watertight,False,True,784.2951734,714.0559445490676,73.45065754036423,3.0,success_contains_soma_xy,
v,"[9255, 2913, 2383]",720575940964298406,,913.4067687717552,28.73,13.056,9.86,280853.0,135725.0,,1908.0,success_watertight,False,True,11097.638646910333,913.4067687717552,133.51086235379768,5.0,success_contains_soma_xy,
v,"[16124, 2516, 3353]",720575940902438328,,,,,,,,,,skipped_problematic_neuron,,,,,,,skipped_problematic_neuron,Root ID 720575940902438328 was intentionally skipped.
v,"[7854, 2735, 2160]",720575940885305958,,1076.1803324273126,27.846,13.073,10.88,147048.0,73755.0,,783.0,success_watertight,False,True,5542.272727,1076.1803324273126,141.70098122826937,3.0,success_contains_soma_xy,
u,"[20194, 2863, 2584]",720575940868750061,,559.9702414905247,29.546,17.527,23.222,181248.0,90570.0,,906.0,success_watertight,False,True,472.5891146,559.9702414905247,98.84511171,11.0,success_contains_soma_xy,
u,"[30526, 3046, 2160]",720575940882637918,,623.7234281269791,29.172,11.849,19.856,240758.0,120642.0,,130.0,success_watertight,False,True,4936.585336,623.7234281269791,135.42274509984563,6.0,success_contains_soma_xy,
u,"[36460, 2906, 1628]",720575940939659589,,,,,,,,,,failed_ProxyError,,,,,,,not_attempted,"ProxyError: HTTPSConnectionPool(host='cave.fanc-fly.com', port=443): Max retries exceeded with url: /meshing/api/v1/table/wclee_mouse_spinalcord_cltmr/manifest/720575940939659589:0?verify=True&return_seg_ids=1 (Caused by ProxyError('Cannot connect to proxy.', OSError(0, 'Error')))"
v,"[22075, 2275, 2785]",720575940889933755,,1665.054897,26.86,16.354,28.73,211403.0,106005.0,,1038.0,success_watertight,False,True,24276.71714,1665.054897,144.4680688328564,3.0,success_contains_soma_xy,
v,"[8036, 3096, 2459]",720575940882448677,,1517.8414301856144,29.818,20.417,23.103,188675.0,94555.0,,1326.0,success_watertight,False,True,3876.727819319833,1517.8414301856144,227.3097501001405,1.0,success_contains_soma_xy,
u,"[22601, 3019, 2449]",720575940951303975,,657.5664706027135,25.602,17.765,28.883,186258.0,93718.0,,232.0,success_watertight,False,True,693.4441477428333,657.5664706027135,99.86143889894898,12.0,success_contains_soma_xy,
u,"[24809, 2330, 2651]",720575940897341078,,1020.440509884854,27.506,10.88,29.665,265092.0,132670.0,,534.0,success_nonwatertight_qc,False,False,410.5810959778333,1020.440509884854,86.23365522195216,1.0,success_contains_soma_xy,
u,"[33301, 2724, 947]",720575940851285875,,877.4198001479062,28.577,11.951,28.237,129563.0,64896.0,,880.0,success_nonwatertight_qc,False,False,3322.468498117333,877.4198001479062,108.5331132522289,2.0,success_contains_soma_xy,
v,"[26167, 2627, 1959]",720575940881950459,,914.1467788542396,25.16,12.24,22.032,201175.0,101283.0,,1170.0,success_nonwatertight_qc,False,False,1262.7220407538332,914.1467788542396,68.69897935725254,4.0,success_contains_soma_xy,
v,"[16645, 2644, 3395]",720575940892075774,,533.2924194671823,29.716,19.652,24.055,249237.0,124658.0,,272.0,success_watertight,False,True,278.6976998,533.2924194671823,105.45739244030143,3.0,success_contains_soma_xy,
u,"[16218, 2656, 2016]",720575940873431614,,794.4378004972097,28.05,16.864,25.126,154535.0,77417.0,,699.0,success_watertight,False,True,2377.3254614991665,794.4378004972097,49.78847632545452,6.0,success_contains_soma_xy,
u,"[30834, 2742, 268]",720575940922931400,,436.6390178,24.582,8.959,19.822,205185.0,102706.0,,94.0,success_watertight,False,True,760.3708425456666,436.6390178,96.6445964,4.0,success_contains_soma_xy,
u,"[26388, 2994, 724]",720575940916225629,,679.3623791010208,29.682,16.031,19.091,174921.0,87710.0,,766.0,success_nonwatertight_qc,False,False,1557.9018336723332,679.3623791010208,43.063325829877485,12.0,success_contains_soma_xy,
u,"[8903, 2727, 2619]",720575940911433663,,268.9443436184401,29.104,12.274,13.668,195972.0,98019.0,,120.0,success_watertight,False,True,327.9646971898333,268.9443436184401,111.68219060536514,8.0,success_contains_soma_xy,
o,"[4176, 3037, 2783]",720575940881095814,,60.70048005310697,17.272,12.24,11.798,48743.0,24665.0,,37.0,success_watertight,False,True,183.7594774,60.70048005310697,13.600712947864796,5.0,success_contains_soma_xy,
u,"[37943, 2809, 2804]",720575940886202078,,479.46834888340624,27.965,20.332,20.791,234253.0,117282.0,,179.0,success_watertight,False,True,1266.60276,479.46834888340624,47.62385444553493,8.0,success_contains_soma_xy,
v,"[11364, 2984, 2913]",720575940921295310,,434.9983519155625,28.798,20.264,10.625,238936.0,119644.0,,116.0,success_watertight,False,True,1948.363235,434.9983519155625,148.8009045801866,6.0,success_contains_soma_xy,
r,"[15461, 3121, 2129]",720575940921978432,,858.2536505,26.928,23.545,15.062,213785.0,107237.0,,579.0,success_watertight,False,True,339.23184303766664,858.2536505,109.44938863179026,10.0,success_contains_soma_xy,
u,"[23068, 2422, 1210]",720575940868527768,,647.0738516971302,28.764,16.014,14.977,112264.0,56237.0,,790.0,success_watertight,False,True,994.9113221,647.0738516971302,57.33007551686438,5.0,success_contains_soma_xy,
v,"[25406, 2610, 127]",720575940901440815,,667.7333147189792,25.5,16.031,10.88,91933.0,46965.0,,579.0,success_watertight,False,True,17057.583441482333,667.7333147189792,120.61446015433648,2.0,success_contains_soma_xy,
v,"[27395, 2903, 1658]",720575940894647859,,976.9167907939168,29.733,18.785,22.508,166445.0,83357.0,,568.0,success_watertight,False,True,96.97625848383332,976.9167907939168,98.78250304720508,6.0,success_contains_soma_xy,
v,"[15734, 3090, 3924]",720575940892679284,,378.1376953512864,29.682,12.971,9.384,171876.0,86050.0,,233.0,success_nonwatertight_qc,False,False,704.1589028921667,378.1376953512864,128.50640135660134,9.0,success_contains_soma_xy,
v,"[35710, 2427, 3720]",720575940896752202,,195.6058376,24.242,18.36,18.054,101437.0,50766.0,,113.0,success_nonwatertight_qc,False,False,1565.0435850066665,195.6058376,29.24713238924304,4.0,success_contains_soma_xy,
r,"[19404, 3021, 3120]",720575940940801151,,782.6950972524635,29.342,27.37,14.263,226801.0,114229.0,,582.0,success_watertight,False,True,308.9693491178333,782.6950972524635,84.87340837,4.0,success_contains_soma_xy,
o,"[30131, 2774, 246]",720575940881485507,,25.18811441892529,13.43,4.08,20.298,26933.0,13587.0,,9.0,success_watertight,False,True,505.2746969,25.18811441892529,1.075324582136038,3.0,success_contains_soma_xy,
o,"[22792, 3010, 710]",720575940897949834,,906.6091047480832,24.344,22.763,25.925,163008.0,81694.0,,705.0,success_watertight,False,True,2500.703296005333,906.6091047480832,40.20305496777733,5.0,success_contains_soma_xy,
u,"[42056, 3094, 1286]",720575940892182690,,878.1178119500207,24.004,13.872,27.421,150335.0,75329.0,,613.0,success_watertight,False,True,390.2386131318333,878.1178119500207,59.231921428781234,8.0,success_contains_soma_xy,
u,"[23113, 2706, 1231]",720575940894614067,,1176.599136,24.616,18.598,24.888,199903.0,100210.0,,430.0,success_watertight_corrected_coordinate,False,True,2085.211465,1202.5452415722305,106.052441,1.0,success_corrected_coordinate,
v,"[20773, 3097, 3207]",720575940920337552,,320.2053022789479,26.469,27.71,14.671,213528.0,106839.0,,94.0,success_watertight,False,True,598.6594803,320.2053022789479,51.95472814927584,7.0,success_contains_soma_xy,
u,"[10473, 2584, 2740]",720575940906952489,,832.9255529543385,28.815,12.631,13.464,202967.0,102225.0,,1170.0,success_watertight,False,True,648.5438010293333,832.9255529543385,91.679,3.0,success_contains_soma_xy,
v,"[19987, 3100, 2664]",720575940894172008,,837.4829099535832,29.053,24.99,13.073,194372.0,97501.0,,1164.0,success_watertight,False,True,2215.144532726833,837.4829099535832,101.6030008511162,4.0,success_contains_soma_xy,
v,"[32617, 2865, 3647]",720575940894555860,,1026.802350129875,29.852,16.66,13.923,153491.0,76938.0,,675.0,success_watertight,False,True,9237.387858,1026.802350129875,193.8430636447564,4.0,success_contains_soma_xy,
v,"[7059, 2861, 1531]",720575940921922368,,818.3245356707629,26.401,13.787,19.125,125921.0,63049.0,,1354.0,success_watertight,False,True,1239.419308365833,818.3245356707629,89.64861312,1.0,success_contains_soma_xy,
v,"[30098, 2777, 2180]",720575940865187537,,809.6135109,28.577,15.402,13.583,129830.0,65036.0,,614.0,success_watertight,False,True,16.130647372833334,809.6135109,100.98890803311336,2.0,success_contains_soma_xy,
v,"[38377, 2786, 3166]",720575940861378802,,424.8308344429844,28.798,21.505,14.45,294993.0,147492.0,,127.0,success_nonwatertight_qc,False,False,608.5253754966666,424.8308344429844,124.51376217022182,7.0,success_contains_soma_xy,
u,"[35976, 2933, 1485]",720575940929535994,,982.6282450757292,29.138,11.322,13.345,144145.0,72182.0,,387.0,success_watertight,False,True,1046.028336653333,982.6282450757292,133.58906161797526,2.0,success_contains_soma_xy,
u,"[33020, 2830, 711]",720575940915694528,,1063.3603181012188,22.678,16.269,28.458,163344.0,81931.0,,337.0,success_watertight,False,True,7122.274036519166,1063.3603181012188,70.85097341,2.0,success_contains_soma_xy,
u,"[40899, 3033, 2181]",720575940903344653,,1010.8393060654688,26.588,10.54,25.483,316017.0,158117.0,,295.0,success_nonwatertight_qc,False,False,2934.259674,1010.8393060654688,135.24426772606364,12.0,success_contains_soma_xy,
u,"[8772, 2584, 1234]",720575940885960902,,1099.237068513302,27.166,11.56,16.592,167561.0,83920.0,,621.0,success_watertight,False,True,624.1834307546666,1099.237068513302,78.59103285228612,1.0,success_contains_soma_xy,
v,"[7935, 3036, 1170]",720575940902082370,,767.1370326975078,28.101,25.109,17.374,265745.0,133378.0,,168.0,success_watertight,False,True,4976.829609203666,767.1370326975078,86.33317794058033,2.0,success_contains_soma_xy,
v,"[13806, 2757, 2659]",720575940929449210,789.5764035838176,747.0891305846484,29.036,21.403,14.841,142979.0,71854.0,,853.0,success_watertight,False,True,1834.150026,747.0891305846484,74.63428887322858,3.0,success_contains_soma_xy,
v,"[8441, 3091, 1332]",720575940883146051,,453.07280843760935,29.444,17.0,17.527,216695.0,108814.0,,153.0,success_watertight,False,True,7838.654199685166,453.07280843760935,146.9570839011902,3.0,success_contains_soma_xy,
u,"[5976, 2933, 1434]",720575940908318468,,420.32702739752347,25.109,15.725,10.268,204351.0,102342.0,,149.0,success_watertight,False,True,902.5432365456668,420.32702739752347,75.35815652237193,5.0,success_contains_soma_xy,
v,"[13013, 2917, 1527]",720575940891064758,903.0540582707524,872.9990541991992,29.223,12.155,13.277,205624.0,100954.0,,873.0,success_watertight,False,True,245.7586485,872.9990541991992,100.5084348,3.0,success_contains_soma_xy,
o,"[10234, 2888, 3176]",720575940888939858,,13.657279956350422,23.426,9.673,15.929,24071.0,12054.0,,10.0,success_watertight,False,True,74.84512511166666,13.657279956350422,1.075421673784633,3.0,success_contains_soma_xy,
u,"[25038, 2642, 650]",720575940898820295,,604.2663999,21.42,11.849,24.82,206902.0,104188.0,,343.0,success_watertight,False,True,125.80716070316666,604.2663999,43.39253362,1.0,success_contains_soma_xy,
u,"[13074, 2452, 2778]",720575940896001725,,906.3837382484844,24.395,16.558,24.446,138108.0,69218.0,,167.0,success_watertight,False,True,709.5941679,906.3837382484844,127.2121657651659,1.0,success_contains_soma_xy,
o,"[24343, 2585, 134]",720575940894124136,,89.72966378263882,17.272,11.951,14.79,34503.0,17898.0,,291.0,success_watertight,False,True,433.0609868433333,89.72966378263882,27.186915499113955,4.0,success_contains_soma_xy,
u,"[24143, 2401, 1231]",720575940888707855,,369.5424088247708,26.503,14.637,22.695,221990.0,110988.0,,171.0,success_watertight,False,True,959.3414699,369.5424088247708,91.10433195,11.0,success_contains_soma_xy,
o,"[4669, 2877, 2352]",720575940885981318,,70.26670243724728,29.937,3.502,12.495,45206.0,22717.0,,26.0,success_watertight,False,True,58.120838311166665,70.26670243724728,10.34339452832885,3.0,success_contains_soma_xy,
o,"[14136, 3030, 3921]",720575940893785863,,7.959346555673096,11.288,4.692,13.226,10304.0,5192.0,,12.0,success_watertight,False,True,259.3672622231667,7.959346555673096,0.7338522577324275,1.0,success_contains_soma_xy,
u,"[12410, 2854, 2898]",720575940899882692,,648.7654053877004,29.767,18.428,15.589,190518.0,94247.0,,1135.0,success_watertight,False,True,1280.5574246128333,648.7654053877004,66.69702841763153,10.0,success_contains_soma_xy,
o,"[13524, 2564, 2810]",720575940913440495,,,,,,,,,,failed_ProxyError,,,,,,,not_attempted,"ProxyError: HTTPSConnectionPool(host='cave.fanc-fly.com', port=443): Max retries exceeded with url: /meshing/api/v1/table/wclee_mouse_spinalcord_cltmr/manifest/720575940913440495:0?verify=True&return_seg_ids=1 (Caused by ProxyError('Cannot connect to proxy.', OSError(0, 'Error')))"
u,"[7242, 3118, 668]",720575940911923627,,949.6963468176614,28.56,10.353,12.274,140708.0,70552.0,,228.0,success_nonwatertight_qc,False,False,918.9388346,949.6963468176614,104.88604041354114,7.0,success_contains_soma_xy,
u,"[8163, 2294, 185]",720575940891110301,,703.6173330139023,18.275,12.75,17.391,101214.0,50826.0,,73.0,success_watertight,False,True,845.5556291768332,703.6173330139023,51.93986855767639,3.0,success_contains_soma_xy,
v,"[19290, 2625, 3895]",720575940912560006,,724.3962074245312,29.053,21.369,13.974,252473.0,126390.0,,390.0,success_watertight,False,True,4147.783617857333,724.3962074245312,170.44751566148383,5.0,success_contains_soma_xy,
u,"[11559, 2832, 2766]",720575940891427620,,607.6291391844844,28.866,22.287,20.689,207949.0,104216.0,,389.0,success_watertight,False,True,17.263126626166663,607.6291391844844,95.25606228840309,5.0,success_contains_soma_xy,
v,"[25424, 2699, 2288]",720575940886268836,,811.6350466,21.08,18.666,18.836,130965.0,65551.0,,289.0,success_watertight,False,True,1062.355414,811.6350466,77.78150545702385,2.0,success_contains_soma_xy,
u,"[28432, 2415, 3206]",720575940913561457,,751.8596846144738,26.911,15.878,19.975,154697.0,77574.0,,2264.0,success_watertight,False,True,3014.93852,751.8596846144738,66.70812005057353,6.0,success_contains_soma_xy,
u,"[30650, 3110, 517]",720575940875009761,,1042.3825541166457,26.129,25.024,20.604,178391.0,89344.0,,400.0,success_watertight,False,True,1658.1681530258334,1042.3825541166457,62.97284455044024,5.0,success_contains_soma_xy,
u,"[33705, 2791, 851]",720575940899987396,,980.1580277857292,26.18,14.45,19.261,155929.0,78047.0,,1023.0,success_watertight,False,True,1178.391992,980.1580277857292,65.50195244344609,6.0,success_contains_soma_xy,
u,"[21074, 2698, 1794]",720575940885221057,,,,,,,,,,failed_ProxyError,,,,,,,not_attempted,"ProxyError: HTTPSConnectionPool(host='cave.fanc-fly.com', port=443): Max retries exceeded with url: /meshing/api/v1/table/wclee_mouse_spinalcord_cltmr/manifest/720575940885221057:0?verify=True&return_seg_ids=1 (Caused by ProxyError('Cannot connect to proxy.', OSError(0, 'Error')))"
u,"[35003, 2515, 3265]",720575940919960049,,331.78308303730466,28.169,17.221,11.832,178465.0,89346.0,,197.0,success_watertight,False,True,2432.588663186333,331.78308303730466,104.12027893100507,21.0,success_contains_soma_xy,
u,"[23264, 3020, 2439]",720575940892151138,,594.7763467694218,29.053,21.046,19.346,145836.0,72381.0,,1269.0,success_watertight,False,True,44.33946471333333,594.7763467694218,68.43712808329981,5.0,success_contains_soma_xy,
u,"[22389, 2886, 2752]",720575940903327501,,706.3769670096979,27.302,25.483,21.097,214003.0,107059.0,,897.0,success_watertight,False,True,4240.1234708716665,706.3769670096979,46.16411177144472,16.0,success_contains_soma_xy,
v,"[22191, 2861, 4132]",720575940929536489,,335.7823521772871,27.625,10.421,6.154,58686.0,30436.0,,756.0,success_watertight,False,True,1215.3413004836666,335.7823521772871,77.60464954603462,3.0,success_contains_soma_xy,
u,"[18309, 2204, 2593]",720575940921249742,,530.9292244906875,28.067,17.289,20.621,153494.0,78356.0,,310.0,success_watertight,False,True,204.6634948388333,530.9292244906875,24.51924388349967,2.0,success_contains_soma_xy,
u,"[42438, 3046, 506]",720575940898813177,,2052.6815998570573,25.738,12.223,29.359,316039.0,158603.0,,1230.0,success_watertight,False,True,15078.41483,2052.6815998570573,125.82150237680976,1.0,success_contains_soma_xy,
v,"[9252, 3091, 2344]",720575940870530390,,1094.3857621875884,27.829,24.31,13.634,174756.0,87593.0,,565.0,success_watertight,False,True,1260.6081545406664,1094.3857621875884,65.58168075928576,4.0,success_contains_soma_xy,
u,"[23911, 2935, 2128]",720575940887266486,,252.0930798305364,29.58,13.583,15.47,201077.0,100623.0,,66.0,success_watertight,False,True,465.8069924371666,252.0930798305364,60.56761389685899,6.0,success_contains_soma_xy,
u,"[16292, 3083, 2332]",720575940919032135,,568.7672725722252,28.203,20.604,24.276,267172.0,130778.0,,939.0,success_watertight,False,True,539.7581750903333,568.7672725722252,25.05544890238965,4.0,success_contains_soma_xy,
u,"[24347, 2654, 1241]",720575940902261249,,604.3651008791145,26.877,15.895,19.72,167590.0,83968.0,,1679.0,success_watertight,False,True,1346.2260909038332,604.3651008791145,47.37783058437121,4.0,success_contains_soma_xy,
u,"[19423, 2288, 1541]",720575940945790742,,273.4236124882474,29.682,9.792,8.993,183064.0,91642.0,,67.0,success_watertight,False,True,107.9245121,273.4236124882474,102.41472928705576,2.0,success_contains_soma_xy,
v,"[15551, 3106, 2531]",720575940891407652,,744.3258955633854,27.455,21.148,11.118,184739.0,91287.0,,2465.0,success_watertight,False,True,1520.9417113356665,744.3258955633854,46.96888239199694,4.0,success_contains_soma_xy,
c1,"[20439, 3109, 2213]",720575940916192771,,195.1233024024024,28.152,20.536,18.224,182334.0,91315.0,,32.0,success_watertight,False,True,766.7833761231666,195.1233024024024,33.675487041054815,7.0,success_contains_soma_xy,
u,"[11831, 3122, 2765]",720575940890096696,,619.001943,29.342,18.955,14.195,162745.0,81468.0,,451.0,success_nonwatertight_qc,False,False,1178.6780183316664,619.001943,50.64009898374285,7.0,success_contains_soma_xy,
u,"[26741, 2959, 2102]",720575940964284070,,289.4068821462188,28.917,17.816,17.697,226276.0,113291.0,,110.0,success_nonwatertight_qc,False,False,48.95948942,289.4068821462188,38.52719194323421,9.0,success_contains_soma_xy,
u,"[15276, 3017, 2614]",720575940900325753,,671.0249801,28.815,23.613,16.796,205176.0,102784.0,,389.0,success_nonwatertight_qc,False,False,840.4387282131667,671.0249801,54.72902991407472,4.0,success_contains_soma_xy,
u,"[16024, 2665, 2281]",720575940893107370,740.9998091802188,711.3259180504244,28.849,15.164,18.785,163981.0,82074.0,,409.0,success_watertight,False,True,239.51844498666665,711.3259180504244,61.30783460173283,7.0,success_contains_soma_xy,
v,"[16201, 2953, 1918]",720575940897330690,,889.6534224597083,27.71,23.001,22.457,210291.0,101759.0,,2828.0,success_watertight,False,True,3041.977641728833,889.6534224597083,37.329304923293456,7.0,success_contains_soma_xy,
u,"[16016, 3112, 2443]",720575940897378454,,245.6005854273516,29.546,23.426,12.206,186489.0,93274.0,,98.0,success_watertight,False,True,93.89131618,245.6005854273516,28.945362124692814,10.0,success_contains_soma_xy,
u,"[17144, 2492, 1252]",720575940888418764,,1227.4515242130988,20.638,14.229,28.577,171867.0,86129.0,,614.0,success_watertight,False,True,1763.4908140673333,1227.4515242130988,126.49695024319092,2.0,success_contains_soma_xy,
v,"[23723, 3043, 3251]",720575940929610273,,775.4585011,29.478,16.065,10.404,161492.0,80912.0,,692.0,success_watertight,False,True,674.1283295938332,775.4585011,129.2320133124872,10.0,success_contains_soma_xy,
v,"[23065, 2856, 3946]",720575940865096657,,940.4064311277916,29.801,18.649,10.183,157781.0,79030.0,,1100.0,success_watertight,False,True,309.1810839,940.4064311277916,172.36032146729917,2.0,success_contains_soma_xy,
v,"[14545, 3106, 2490]",720575940897119161,,739.3276145475182,26.962,13.566,12.648,113417.0,56902.0,,130.0,success_watertight,False,True,2839.8274133296663,739.3276145475182,97.87225877148602,2.0,success_contains_soma_xy,
v,"[28786, 2501, 3988]",720575940905268425,,547.1072732862291,26.129,14.688,17.663,168038.0,84100.0,,200.0,success_watertight,False,True,4963.664989060833,547.1072732862291,112.07490226459856,6.0,success_contains_soma_xy,
u,"[14658, 3076, 1175]",720575940889653861,,919.8882037,28.951,14.314,22.984,147413.0,73889.0,,117.0,success_watertight,False,True,477.9465692,919.8882037,81.70721706918052,2.0,success_contains_soma_xy,
u,"[21884, 2773, 1480]",720575940868451736,714.2561761107656,664.2840983095313,28.322,18.36,11.679,213796.0,107733.0,,548.0,success_watertight,False,True,1334.7366792983332,664.2840983095313,43.36187885755432,11.0,success_contains_soma_xy,
v,"[23506, 2871, 3289]",720575940892697789,,434.9953897121875,29.529,23.511,9.486,227773.0,114127.0,,172.0,success_watertight,False,True,89.64145408983333,434.9953897121875,40.55544616672386,26.0,success_contains_soma_xy,
v,"[11801, 3024, 1362]",720575940897145273,,346.5636276,29.801,13.141,17.901,205078.0,102738.0,,168.0,success_watertight,False,True,137.4897916,346.5636276,92.65489390120412,6.0,success_contains_soma_xy,
u,"[29572, 2965, 3070]",720575940937784237,,777.7604358512707,28.407,10.047,18.785,138042.0,69163.0,,684.0,success_watertight,False,True,2432.420369190166,777.7604358512707,97.50362861323192,3.0,success_contains_soma_xy,
u,"[19289, 2747, 3742]",720575940894027765,,164.4716648499375,25.636,19.295,15.402,76787.0,38447.0,,293.0,success_watertight,False,True,186.464671,164.4716648499375,21.592764468926003,6.0,success_contains_soma_xy,
v,"[4859, 2961, 3050]",720575940887065562,,,,,,,,,,failed_ProxyError,,,,,,,not_attempted,"ProxyError: HTTPSConnectionPool(host='cave.fanc-fly.com', port=443): Max retries exceeded with url: /meshing/api/v1/table/wclee_mouse_spinalcord_cltmr/manifest/720575940887065562:0?verify=True&return_seg_ids=1 (Caused by ProxyError('Cannot connect to proxy.', OSError(0, 'Error')))"
v,"[34413, 2887, 2248]",720575940923000264,,873.5412618489582,26.061,9.316,22.95,146885.0,73579.0,,548.0,success_watertight,False,True,1194.7332986468332,873.5412618489582,50.77543898513077,1.0,success_contains_soma_xy,
u,"[30093, 3120, 2165]",720575940930890616,,586.4872715693645,27.744,18.394,20.621,191497.0,96045.0,,439.0,success_watertight,False,True,1152.0640295731664,586.4872715693645,74.18132377884712,10.0,success_contains_soma_xy,
v,"[14336, 2674, 2882]",720575940894655283,,,,,,,,,,failed_ProxyError,,,,,,,not_attempted,"ProxyError: HTTPSConnectionPool(host='cave.fanc-fly.com', port=443): Max retries exceeded with url: /meshing/api/v1/table/wclee_mouse_spinalcord_cltmr/manifest/720575940894655283:0?verify=True&return_seg_ids=1 (Caused by ProxyError('Cannot connect to proxy.', OSError(0, 'Error')))"
u,"[36274, 2825, 2820]",720575940887935175,,361.1627769539271,29.801,13.039,26.027,243428.0,121798.0,,285.0,success_watertight,False,True,2670.603210213833,361.1627769539271,46.42050250423033,7.0,success_contains_soma_xy,
v,"[36097, 2968, 3198]",720575940884996992,,778.5535953457239,29.716,26.18,17.017,287639.0,143902.0,,461.0,success_nonwatertight_qc,False,False,4108.0210564516665,778.5535953457239,89.85298898210726,19.0,success_contains_soma_xy,
u,"[43073, 2963, 1918]",720575940896738234,,563.2309765,26.333,7.888,15.045,160285.0,80373.0,,418.0,success_nonwatertight_qc,False,False,627.7978781811667,563.2309765,79.24019703,1.0,success_contains_soma_xy,
u,"[28839, 3065, 2446]",720575940861413874,,215.89538249220573,29.716,19.907,9.333,191016.0,95557.0,,66.0,success_watertight,False,True,379.1561952651666,215.89538249220573,89.82052679538015,9.0,success_contains_soma_xy,
u,"[29833, 2513, 945]",720575940918987847,,697.5368880139166,25.874,11.203,20.298,181775.0,91030.0,,789.0,success_watertight,False,True,4471.627365979833,697.5368880139166,92.74896365224492,6.0,success_contains_soma_xy,
u,"[25739, 2674, 2791]",720575940911337833,,292.5704985,29.801,18.649,18.02,234914.0,117481.0,,99.0,success_watertight,False,True,590.1410105611666,292.5704985,44.83216955267552,10.0,success_contains_soma_xy,
v,"[31936, 2317, 3603]",720575940925695046,,710.8102310467214,15.096,18.428,22.746,125133.0,62622.0,,463.0,success_watertight,False,True,591.6816405648333,710.8102310467214,65.01948203212355,1.0,success_contains_soma_xy,
u,"[34660, 2831, 3984]",720575940900235385,,,,,,,,,,failed_ProxyError,,,,,,,not_attempted,"ProxyError: HTTPSConnectionPool(host='cave.fanc-fly.com', port=443): Max retries exceeded with url: /meshing/api/v1/table/wclee_mouse_spinalcord_cltmr/manifest/720575940900235385:0?verify=True&return_seg_ids=1 (Caused by ProxyError('Cannot connect to proxy.', OSError(0, 'Error')))"
o,"[28007, 2468, 2176]",720575940926127758,,240.7022715692188,28.815,21.726,24.599,376664.0,188798.0,,108.0,success_watertight,False,True,1480.755355,240.7022715692188,1.4265925439251002,22.0,success_contains_soma_xy,
o,"[27354, 2552, 1093]",720575940877079387,,41.86852479,26.639,11.577,17.731,53163.0,26624.0,,18.0,success_watertight,False,True,832.3644272,41.86852479,10.463789980640104,10.0,success_contains_soma_xy,
u,"[32537, 2635, 685]",720575940907549268,,688.7310437,28.73,14.263,27.54,125314.0,62740.0,,697.0,success_watertight,False,True,1797.7999421976665,688.7310437,60.19630902,1.0,success_contains_soma_xy,
u,"[36926, 2733, 2960]",720575940922750762,,806.7405201450313,29.529,10.217,16.405,143638.0,71996.0,,705.0,success_watertight,False,True,1180.4402442873331,806.7405201450313,91.55120281,1.0,success_contains_soma_xy,
u,"[36262, 2356, 3211]",720575940881545155,,876.2527838401197,29.614,22.134,17.153,276945.0,139393.0,,649.0,success_watertight,False,True,18068.785358597663,876.2527838401197,121.99985937304145,19.0,success_contains_soma_xy,
v,"[41420, 3091, 1050]",720575940888922486,,857.2567117166875,29.087,9.486,18.972,149417.0,74832.0,,1755.0,success_watertight,False,True,4056.866904,857.2567117166875,109.09035378417326,2.0,success_contains_soma_xy,
o,"[44435, 3105, 1344]",720575940900885701,,25.833811379548827,28.849,6.511,11.764,27385.0,13772.0,,19.0,success_watertight,False,True,580.8972084306666,25.833811379548827,0.627067833,1.0,success_contains_soma_xy,
u,"[43708, 3025, 3250]",720575940920418960,,699.2554489529323,25.296,23.29,9.503,209135.0,105623.0,,922.0,success_nonwatertight_qc,False,False,23045.63987,699.2554489529323,92.44350121087268,18.0,success_contains_soma_xy,
u,"[27454, 2459, 127]",720575940903412749,,540.9565849299088,28.441,14.671,14.042,128850.0,65555.0,,332.0,success_watertight,False,True,1890.60105,540.9565849299088,80.70692903284909,10.0,success_contains_soma_xy,
v,"[20143, 2353, 2876]",720575940865213137,,712.4403964669478,29.988,17.459,19.669,202118.0,101594.0,,478.0,success_watertight,False,True,8203.337806,712.4403964669478,109.28630417520831,3.0,success_contains_soma_xy,
u,"[26991, 2641, 1261]",720575940919071815,,557.9868314,28.152,11.594,21.471,118071.0,59104.0,,983.0,success_watertight,False,True,103.77911025933332,557.9868314,80.35104022863557,1.0,success_contains_soma_xy,
u,"[18632, 2717, 650]",720575940898612370,,690.8790141586978,25.602,14.161,22.882,177602.0,89363.0,,922.0,success_watertight,False,True,64.28768832,690.8790141586978,67.04518550576744,5.0,success_contains_soma_xy,
u,"[20893, 2350, 2249]",720575940900833981,,430.8757689967344,28.22,9.588,16.082,202100.0,101163.0,,166.0,success_watertight,False,True,2909.7196260481664,430.8757689967344,113.45730247849818,7.0,success_contains_soma_xy,
u,"[19114, 2493, 2024]",720575940899191123,679.4983743937082,650.047735,28.645,10.863,18.513,168046.0,84414.0,,1198.0,success_watertight,False,True,650.9336439018333,650.047735,71.23649142561975,6.0,success_contains_soma_xy,
u,"[17275, 2569, 3434]",720575940929599209,,372.2216510772604,23.018,12.682,25.5,216085.0,108259.0,,130.0,success_watertight,False,True,3631.281507386833,372.2216510772604,75.17434771417567,4.0,success_contains_soma_xy,
v,"[40886, 2979, 1389]",720575940883212510,,599.3994319743332,28.832,8.5,25.5,237881.0,119204.0,,163.0,success_watertight,False,True,288.4874714,599.3994319743332,111.78445051987748,8.0,success_contains_soma_xy,
o,"[23415, 2925, 352]",720575940887308989,,189.78483621275845,29.869,25.449,25.041,270385.0,135628.0,,65.0,success_watertight,False,True,128.35732213516667,189.78483621275845,3.577017101632212,22.0,success_contains_soma_xy,
o,"[26868, 2570, 1612]",720575940896913393,,144.8831633611061,29.937,23.732,29.376,220576.0,110731.0,,50.0,success_watertight,False,True,1593.4653268541665,144.8831633611061,8.803028441453584,6.0,success_contains_soma_xy,
u,"[29922, 2491, 1810]",720575940934628996,,294.3377253424531,28.254,12.529,20.213,196846.0,98468.0,,78.0,success_watertight,False,True,199.41476252733327,294.3377253424531,6.671376957177426,3.0,success_contains_soma_xy,
c1,"[17817, 3033, 2140]",720575940927168536,,485.4226089245338,26.639,17.68,13.243,149237.0,75065.0,,170.0,success_watertight,False,True,1567.7151908856663,485.4226089245338,30.19392733238327,4.0,success_contains_soma_xy,
u,"[30645, 3091, 1334]",720575940889838568,,584.0159615479688,26.163,20.196,15.317,156705.0,78699.0,,603.0,success_watertight,False,True,2049.132422,584.0159615479688,91.45923108,3.0,success_contains_soma_xy,
u,"[22692, 2968, 2742]",720575940890930241,,294.9087041977813,27.421,22.304,26.877,238040.0,119124.0,,81.0,success_watertight,False,True,43.32670462516666,294.9087041977813,64.55358209003101,4.0,success_contains_soma_xy,
c1,"[18095, 3124, 2010]",720575940901757159,,511.1090142008854,26.928,17.357,16.83,174843.0,87953.0,,350.0,success_watertight,False,True,850.2052916,511.1090142008854,29.856785796450573,21.0,success_contains_soma_xy,
v,"[27660, 2908, 3850]",720575940886550306,,601.3122982873775,29.75,18.513,14.229,218356.0,109181.0,,209.0,success_watertight,False,True,7111.109763978333,601.3122982873775,138.64111065577973,20.0,success_contains_soma_xy,
u,"[19218, 2894, 2272]",720575940886120390,,893.9226486679063,28.815,11.866,18.564,195204.0,97847.0,,1342.0,success_watertight,False,True,623.0256684,893.9226486679063,61.569567790485465,4.0,success_contains_soma_xy,
v,"[22226, 2876, 2783]",720575940881950033,,972.1081933064376,26.333,23.766,22.882,159722.0,80058.0,,625.0,success_watertight,False,True,4780.899458251833,972.1081933064376,106.9281588,3.0,success_contains_soma_xy,
u,"[24626, 3086, 176]",720575940891725735,,729.1790428934376,26.146,15.062,15.946,144843.0,73314.0,,743.0,success_watertight,False,True,104.22202212233331,729.1790428934376,74.60152425,4.0,success_contains_soma_xy,
c1,"[14551, 2900, 2670]",720575940875065431,,524.5776371993346,26.826,20.179,16.779,194403.0,97520.0,,325.0,success_watertight,False,True,535.8127052816666,524.5776371993346,46.65167923352399,2.0,success_contains_soma_xy,
u,"[17056, 2305, 2117]",720575940889183926,,569.4882646561432,29.172,15.113,13.175,266452.0,133412.0,,405.0,success_watertight,False,True,4306.298330103333,569.4882646561432,119.55560316015016,6.0,success_contains_soma_xy,
u,"[28881, 3007, 2934]",720575940877079560,,334.6855981549635,28.543,12.495,26.418,230224.0,115314.0,,70.0,success_watertight,False,True,1297.108908,334.6855981549635,53.11587359,7.0,success_contains_soma_xy,
u,"[21703, 2160, 1910]",720575940895791293,,495.9193986063958,27.965,10.897,24.667,205959.0,104371.0,,130.0,success_watertight,False,True,1402.106582,495.9193986063958,76.01269035634486,5.0,success_contains_soma_xy,
o,"[10618, 2908, 2740]",720575940893875701,,57.58693210295182,25.602,5.066,24.276,40356.0,20253.0,,47.0,success_watertight,False,True,151.19919547116666,57.58693210295182,11.512428870804442,1.0,success_contains_soma_xy,
v,"[22345, 2455, 3137]",720575940917844107,,553.7926436943645,29.529,16.745,18.02,223335.0,111911.0,,210.0,success_watertight,False,True,231.5343295,553.7926436943645,115.86696857745424,3.0,success_contains_soma_xy,
v,"[19787, 2907, 3776]",720575940906598846,,428.9741390607188,28.985,13.175,8.823,190035.0,95189.0,,247.0,success_watertight,False,True,1741.8417704578333,428.9741390607188,104.82433131130075,3.0,success_contains_soma_xy,
u,"[23715, 2711, 1348]",720575940881936635,,537.0749347,29.699,13.464,18.36,185566.0,93135.0,,330.0,success_watertight,False,True,1125.3489378253332,537.0749347,75.91671989977642,6.0,success_contains_soma_xy,
u,"[31408, 2517, 1095]",720575940894216347,,327.51541838591663,26.078,10.115,15.198,216062.0,108036.0,,99.0,success_nonwatertight_qc,False,False,2528.2111224116666,327.51541838591663,68.75745811571672,4.0,success_contains_soma_xy,
p,"[43651, 3371, 1203]",720575940875863357,,1658.902856063125,28.832,13.209,24.429,213101.0,106970.0,,1020.0,success_watertight,False,True,1308.3636519001666,1658.902856063125,152.96119816223467,4.0,success_contains_soma_xy,
p,"[46316, 3362, 1139]",720575940930825549,,1773.842866810125,29.835,11.033,26.486,273526.0,140023.0,,1171.0,success_watertight,False,True,11963.20333,1773.842866810125,175.57399037873049,2.0,success_contains_soma_xy,
p,"[43341, 3453, 2176]",720575940902401208,,1672.297932920958,27.438,14.688,24.072,218182.0,109495.0,,426.0,success_watertight,False,True,46207.87111855183,1672.297932920958,137.28803764969808,6.0,success_contains_soma_xy,
,,,,,,,,,,,,,,,,,,,,
,,,,,,,,,,,,,,,,,,,,
