pre_pt_root_id,post_pt_root_id,syn_count
720575940927215328,720575940894143299,140
720575940927215328,720575940891183798,125
720575940886931959,720575940891183798,119
720575940886931959,720575940894143299,115
720575940891163574,720575940908781145,111
720575940914869232,720575940930905464,108
720575940918990151,720575940924182661,99
720575940914869232,720575940880838162,92
720575940880372359,720575940894143299,90
720575940891163574,720575940878956340,86
720575940880372359,720575940891181902,85
720575940893408011,720575940891181902,85
720575940893408011,720575940912929024,82
720575940909235164,720575940917422227,81
720575940880372359,720575940900956101,80
720575940891163574,720575940894143299,80
720575940891163574,720575940940380075,77
720575940893122730,720575940899398585,76
720575940918770481,720575940865475743,75
720575940880372359,720575940912929024,75
720575940914869232,720575940917866379,75
720575940927215328,720575940937869229,70
720575940927215328,720575940906113851,67
720575940899256770,720575940930897229,65
720575940941089388,720575940930897229,64
720575940893392149,720575940902624978,64
720575940894642644,720575940937862061,64
720575940893392149,720575940927248352,64
720575940914869232,720575940884145919,64
720575940914869232,720575940883901724,64
720575940886931959,720575940878956340,62
720575940902671774,720575940912929024,61
720575940921986112,720575940894143043,61
720575940914869232,720575940899398585,60
720575940893408011,720575940894143299,60
720575940894143299,720575940891183798,59
720575940941089388,720575940894143043,59
720575940893392149,720575940937862061,58
720575940915967584,720575940865475487,58
720575940915217983,720575940930897229,58
720575940880372359,720575940865475743,57
720575940884108031,720575940946223236,56
720575940900287353,720575940948987670,56
720575940891163574,720575940890245126,55
720575940922958792,720575940865475743,55
720575940901960430,720575940865475487,55
720575940913511793,720575940888165967,55
720575940882077216,720575940900956101,54
720575940893392149,720575940907584340,54
720575940915967584,720575940894143043,53
720575940902671774,720575940891181902,53
720575940920833705,720575940894143043,53
720575940905081398,720575940883201751,53
720575940886931959,720575940900956101,53
720575940882077216,720575940894143299,53
720575940927208416,720575940927109144,52
720575940927208416,720575940914883824,52
720575940893408011,720575940899398585,52
720575940941089388,720575940904086480,52
720575940886931959,720575940906113851,52
720575940922958792,720575940908781145,51
720575940893408011,720575940883197911,51
720575940915967584,720575940904086480,51
720575940893408011,720575940900956101,50
720575940927215328,720575940930905464,49
720575940893122730,720575940917866379,48
720575940886931959,720575940937869229,48
720575940909767384,720575940917422227,48
720575940922958792,720575940870685014,48
720575940921986112,720575940909769176,48
720575940882077216,720575940891181902,48
720575940880372359,720575940870685014,47
720575940882077216,720575940940380075,46
720575940894642644,720575940902624978,46
720575940891163574,720575940865475743,46
720575940901960430,720575940894143043,45
720575940880372359,720575940878956340,45
720575940918770481,720575940870685014,45
720575940886931959,720575940940380075,45
720575940902671774,720575940884145919,44
720575940927215328,720575940880875929,43
720575940899861391,720575940920027261,43
720575940941089388,720575940903679779,43
720575940915684544,720575940894143043,43
720575940921986112,720575940904086480,43
720575940886853257,720575940891183798,42
720575940927215328,720575940900956101,42
720575940894642644,720575940886853257,41
720575940893408011,720575940906113851,41
720575940918990151,720575940870685014,41
720575940937862061,720575940908781145,41
720575940893392149,720575940883729656,41
720575940886931959,720575940912929024,41
720575940893392149,720575940880839442,41
720575940884108031,720575940903415565,40
720575940921986112,720575940865475487,40
720575940899256770,720575940912535686,40
720575940886931959,720575940899398585,39
720575940941089388,720575940875116119,39
720575940941089388,720575940912535686,39
720575940940896383,720575940878312571,39
720575940914869232,720575940894143299,38
720575940864403724,720575940930897229,38
720575940891163574,720575940901384751,38
720575940875843901,720575940890111288,38
720575940893392149,720575940941124460,38
720575940886931959,720575940865475743,38
720575940864403212,720575940930897229,38
720575940927248352,720575940908781145,38
720575940893122730,720575940883901724,38
720575940927215328,720575940899283650,37
720575940918770481,720575940908781145,37
720575940880372359,720575940899398585,37
720575940902671774,720575940870685014,37
720575940884728634,720575940904086480,37
720575940927208416,720575940923001544,37
720575940902671774,720575940899398585,37
720575940909767384,720575940871523385,37
720575940894642644,720575940927248352,37
720575940882077216,720575940878956340,36
720575940862185831,720575940908781145,36
720575940910624444,720575940894143299,36
720575940891751079,720575940905043926,36
720575940922958792,720575940901384751,35
720575940884145919,720575940930905464,35
720575940941089388,720575940927109144,35
720575940886931959,720575940908781145,35
720575940941089388,720575940894142787,35
720575940882077216,720575940912929024,35
720575940899861391,720575940940386475,35
720575940911489471,720575940920456848,35
720575940941089388,720575940922709290,35
720575940921986112,720575940930897229,34
720575940918990151,720575940865475743,34
720575940941089388,720575940865475487,34
720575940880372359,720575940884145919,34
720575940915684544,720575940865475487,34
720575940882077216,720575940865475743,34
720575940927208416,720575940894143043,34
720575940915967584,720575940923001544,34
720575940880372359,720575940906113851,34
720575940901960430,720575940905061686,34
720575940893392149,720575940886853257,33
720575940902671774,720575940894143299,33
720575940920833705,720575940869443690,33
720575940930897229,720575940875116119,33
720575940880875929,720575940937857965,33
720575940889728101,720575940865475487,33
720575940899861391,720575940894116163,33
720575940894143299,720575940930905464,33
720575940918288693,720575940888731665,32
720575940899256770,720575940927109144,32
720575940920833705,720575940893395733,32
720575940927208416,720575940894142787,32
720575940916236035,720575940894116163,32
720575940915967584,720575940875116119,32
720575940941089388,720575940923001544,32
720575940904086480,720575940937857965,32
720575940901960430,720575940923001544,32
720575940921986112,720575940923001544,31
720575940910624444,720575940891183798,31
720575940900233186,720575940882117920,31
720575940897365506,720575940894116163,31
720575940907584340,720575940891183798,31
720575940880839442,720575940890245126,31
720575940915967584,720575940909769176,31
720575940915684544,720575940899153235,31
720575940880372359,720575940940380075,31
720575940921986112,720575940869443690,31
720575940901960430,720575940875116119,30
720575940920833705,720575940908386564,30
720575940915684544,720575940923001544,30
720575940884728634,720575940930897229,30
720575940880372359,720575940917780131,30
720575940882061434,720575940881607875,30
720575940937862061,720575940940380075,30
720575940899398585,720575940883197911,30
720575940883729656,720575940891183798,29
720575940918770481,720575940878956340,29
720575940920833705,720575940899153235,29
720575940884108031,720575940918750769,29
720575940927208416,720575940893395733,29
720575940893392149,720575940878312571,29
720575940927248352,720575940915253823,29
720575940893408011,720575940884145919,28
720575940880372359,720575940899281090,28
720575940891163574,720575940900956101,28
720575940927215328,720575940899398585,28
720575940880875929,720575940905043670,28
720575940919600645,720575940886853257,28
720575940894142787,720575940877501751,28
720575940899256770,720575940894143043,28
720575940893392149,720575940937869229,28
720575940888787983,720575940878312571,28
720575940921986112,720575940893395733,28
720575940882061434,720575940877555511,28
720575940901960430,720575940909769176,27
720575940893408011,720575940865475743,27
720575940893408011,720575940937869229,27
720575940880372359,720575940937869229,27
720575940893392149,720575940948987670,27
720575940889728101,720575940894143043,27
720575940914869232,720575940871523385,27
720575940920833705,720575940923001544,27
720575940904086480,720575940894664404,27
720575940920833705,720575940865475487,27
720575940924436802,720575940917429907,27
720575940894642644,720575940880839442,27
720575940880372359,720575940889238903,27
720575940880372359,720575940880875929,27
720575940941089388,720575940893395733,27
720575940915967584,720575940893395733,27
720575940919622661,720575940888793178,27
720575940915967584,720575940905061686,27
720575940889215863,720575940902703006,26
720575940891163574,720575940870685014,26
720575940902671774,720575940865475743,26
720575940894143043,720575940903679779,26
720575940894143299,720575940906113851,26
720575940922958792,720575940890245126,26
720575940894142787,720575940894178664,26
720575940893408011,720575940889238903,26
720575940882077216,720575940880875929,26
720575940905081398,720575940877501751,26
720575940930897229,720575940894647347,25
720575940918770481,720575940883905052,25
720575940869533454,720575940918314549,25
720575940884728634,720575940865475487,25
720575940893122730,720575940884145919,25
720575940940902015,720575940870685270,25
720575940911489471,720575940910295881,25
720575940899256770,720575940865475487,25
720575940886853257,720575940930905464,25
720575940894642900,720575940917422227,25
720575940899398585,720575940880838162,25
720575940891751079,720575940918750769,24
720575940899256770,720575940875116119,24
720575940894142787,720575940916016480,24
720575940915967584,720575940930897229,24
720575940895267018,720575940881607875,24
720575940894143043,720575940922709290,24
720575940899256770,720575940923001544,24
720575940884728634,720575940903679779,24
720575940884108031,720575940894178664,24
720575940886931959,720575940890245126,24
720575940892615796,720575940865475487,24
720575940862185831,720575940890245126,24
720575940891163574,720575940937869229,24
720575940882155492,720575940908782425,23
720575940893408011,720575940917780131,23
720575940862185831,720575940878956340,23
720575940901384751,720575940908782425,23
720575940905081398,720575940894178664,23
720575940899861391,720575940917531755,23
720575940924436802,720575940894647859,23
720575940930897229,720575940912535686,23
720575940894143299,720575940940380075,23
720575940897365506,720575940883198679,23
720575940893873415,720575940899782543,23
720575940927208416,720575940903370509,23
720575940899398585,720575940883901724,23
720575940894143043,720575940904086480,23
720575940865475743,720575940940380075,22
720575940915684544,720575940908386564,22
720575940941124460,720575940908781145,22
720575940865475487,720575940922709290,22
720575940882077216,720575940937869229,22
720575940901384751,720575940903188925,22
720575940909235164,720575940871523385,22
720575940914869232,720575940899283650,22
720575940941089388,720575940878916148,22
720575940886931959,720575940899283650,22
720575940869533454,720575940917429907,22
720575940880839442,720575940902634194,22
720575940869533454,720575940899282056,22
720575940894642644,720575940907584340,22
720575940882672796,720575940859648663,22
720575940899398585,720575940930905464,22
720575940908386564,720575940888793178,22
720575940891163574,720575940899398585,22
720575940894143043,720575940914883824,22
720575940891163574,720575940883905052,22
720575940878312571,720575940883197911,22
720575940894143299,720575940900956101,22
720575940893122730,720575940883197911,22
720575940875843901,720575940920881320,22
720575940915967584,720575940869443690,22
720575940927215328,720575940912929024,22
720575940899153235,720575940908782425,21
720575940923001544,720575940908386564,21
720575940894143299,720575940891181902,21
720575940893408011,720575940899281090,21
720575940927208416,720575940890090420,21
720575940927248352,720575940890107704,21
720575940884145919,720575940883901724,21
720575940918770481,720575940901384751,21
720575940884145919,720575940880838162,21
720575940899861391,720575940922795818,21
720575940879973250,720575940888165967,21
720575940940902015,720575940883905308,21
720575940941089388,720575940894647347,21
720575940891163574,720575940906113851,21
720575940927215328,720575940897460886,21
720575940864403212,720575940891164342,21
720575940921992256,720575940894143043,21
720575940894642644,720575940895289006,21
720575940899256770,720575940894142787,21
720575940865475487,720575940875116119,21
720575940900287353,720575940878312571,21
720575940894642644,720575940883729656,21
720575940865475487,720575940905061686,21
720575940888787983,720575940891196854,21
720575940916236035,720575940917531755,21
720575940899256770,720575940890090420,21
720575940918990151,720575940896732090,20
720575940890090420,720575940894647347,20
720575940894642644,720575940948987670,20
720575940894142787,720575940927109144,20
720575940888787983,720575940948987670,20
720575940916236035,720575940859648663,20
720575940894143043,720575940869443690,20
720575940880875929,720575940905042902,20
720575940893122730,720575940880838162,20
720575940884728634,720575940894143043,20
720575940923001544,720575940875116119,20
720575940899398585,720575940914869232,20
720575940940896383,720575940880839442,20
720575940907584340,720575940940380075,20
720575940916236035,720575940920037245,20
720575940901960430,720575940930897229,20
720575940895267018,720575940905043670,20
720575940916236035,720575940940386475,20
720575940914869232,720575940883197911,19
720575940865475487,720575940904086480,19
720575940883729656,720575940899283650,19
720575940902624978,720575940940380075,19
720575940899353473,720575940880839442,19
720575940883729656,720575940900956101,19
720575940894143299,720575940908781145,19
720575940905014742,720575940871523385,19
720575940941124460,720575940890107704,19
720575940886853257,720575940940380075,19
720575940862185831,720575940940380075,19
720575940894143043,720575940908386564,19
720575940917422227,720575940930905464,19
720575940917422227,720575940880838162,19
720575940884728634,720575940875116119,19
720575940880875929,720575940894664404,19
720575940892205986,720575940937869229,19
720575940880839442,720575940885432678,19
720575940893408011,720575940880875929,19
720575940899283650,720575940905043926,19
720575940899256770,720575940903679779,19
720575940899283650,720575940888799761,19
720575940875116119,720575940903188925,19
720575940894642644,720575940941124460,19
720575940909797811,720575940869352923,19
720575940918770481,720575940894143299,19
720575940908386564,720575940875854397,19
720575940941089388,720575940881607875,19
720575940869443690,720575940891183798,19
720575940887704904,720575940941124460,19
720575940899256770,720575940891164342,19
720575940901960430,720575940893395733,19
720575940923001544,720575940922709290,19
720575940907584340,720575940880875929,19
720575940880839442,720575940919029575,19
720575940937862061,720575940901384751,19
720575940883866908,720575940875854397,19
720575940887087578,720575940865475743,19
720575940905014486,720575940894647859,19
720575940883866908,720575940903188925,19
720575940916236035,720575940921478163,19
720575940914883824,720575940905043926,19
720575940910624444,720575940900956101,19
720575940891163574,720575940895353262,18
720575940919622661,720575940908782425,18
720575940923001544,720575940903679779,18
720575940889728101,720575940930897229,18
720575940893408011,720575940870685014,18
720575940919600645,720575940895289006,18
720575940893386005,720575940922709290,18
720575940937869229,720575940891183798,18
720575940915684544,720575940894142787,18
720575940921986112,720575940927109144,18
720575940902671774,720575940883197911,18
720575940894142787,720575940894647347,18
720575940861406706,720575940895289006,18
720575940883729656,720575940880875929,18
720575940902624978,720575940891183798,18
720575940918770481,720575940895353262,18
720575940882155492,720575940883201751,18
720575940918990151,720575940901384751,18
720575940884728634,720575940878916148,18
720575940897347842,720575940898432765,18
720575940884145919,720575940883197911,18
720575940927215328,720575940917780131,18
720575940882077216,720575940870685014,18
720575940922958792,720575940883905052,18
720575940933768470,720575940926223758,18
720575940910624444,720575940890245126,18
720575940901384751,720575940946223236,18
720575940927215328,720575940878956340,18
720575940941106028,720575940917852811,18
720575940891163574,720575940916016480,18
720575940941089388,720575940891164342,18
720575940916016480,720575940915253823,18
720575940864403212,720575940927109144,18
720575940886931959,720575940891181902,18
720575940895267018,720575940937857965,18
720575940937862061,720575940900956101,18
720575940927215328,720575940884145919,17
720575940875843901,720575940900033476,17
720575940927109144,720575940881935355,17
720575940880839442,720575940906113851,17
720575940901960430,720575940904086480,17
720575940900233186,720575940909393947,17
720575940894143299,720575940878956340,17
720575940899398585,720575940902703006,17
720575940890107704,720575940891184310,17
720575940914883824,720575940903188925,17
720575940894143043,720575940909769176,17
720575940922958792,720575940894143299,17
720575940923001544,720575940916016480,17
720575940884728634,720575940923001544,17
720575940923001544,720575940904086480,17
720575940870685014,720575940902703006,17
720575940899398585,720575940912929024,17
720575940930897229,720575940922709290,17
720575940941089388,720575940869443690,17
720575940904086480,720575940905043670,17
720575940912535686,720575940928343548,17
720575940905014486,720575940871523385,17
720575940930897229,720575940903679779,17
720575940886931959,720575940889238903,17
720575940902363320,720575940891196854,17
720575940899281090,720575940917852811,17
720575940905081398,720575940895353262,17
720575940884108031,720575940875854397,17
720575940891751079,720575940881055666,17
720575940891163574,720575940919622661,17
720575940919600645,720575940902624978,17
720575940937869229,720575940878312571,17
720575940901994222,720575940901717479,17
720575940919622661,720575940875854397,17
720575940902671774,720575940899281090,17
720575940920062581,720575940888793178,17
720575940893386005,720575940923001544,17
720575940923001544,720575940914883824,16
720575940886931959,720575940919029575,16
720575940897454998,720575940909797811,16
720575940889728101,720575940923001544,16
720575940923001544,720575940899153235,16
720575940899398585,720575940891181902,16
720575940882061434,720575940941106028,16
720575940891163574,720575940880875929,16
720575940872856946,720575940883198167,16
720575940901960430,720575940869443690,16
720575940871491897,720575940883905308,16
720575940915253823,720575940859648663,16
720575940897365506,720575940940386475,16
720575940891751079,720575940888799761,16
720575940882077216,720575940906113851,16
720575940901384751,720575940890962241,16
720575940894143299,720575940927215328,16
720575940897454998,720575940919632133,16
720575940922709290,720575940903188925,16
720575940915684544,720575940869443690,16
720575940907584340,720575940900956101,16
720575940875843901,720575940903751971,16
720575940865475487,720575940909769176,16
720575940930897229,720575940927109144,16
720575940930897229,720575940891164342,16
720575940878312571,720575940891181902,16
720575940940896383,720575940948987670,16
720575940880839442,720575940915253823,16
720575940897365506,720575940920027261,16
720575940889728101,720575940875116119,16
720575940869534222,720575940904120528,16
720575940862185831,720575940901384751,16
720575940861406706,720575940886853257,16
720575940878312571,720575940900956101,16
720575940899281090,720575940920456848,16
720575940861406706,720575940902624978,16
720575940883905052,720575940902703006,16
720575940905061686,720575940888799761,16
720575940915967584,720575940894142787,16
720575940917422227,720575940883197911,16
720575940923001544,720575940894178664,16
720575940930897229,720575940909769176,15
720575940908386564,720575940946223236,15
720575940927208416,720575940922709290,15
720575940883866908,720575940888793178,15
720575940930873976,720575940881607875,15
720575940918775345,720575940888799761,15
720575940889215863,720575940899398585,15
720575940915217983,720575940894142787,15
720575940886931959,720575940897460886,15
720575940941106028,720575940905042902,15
720575940875843901,720575940899433773,15
720575940893386005,720575940893395733,15
720575940884108031,720575940908782425,15
720575940881918801,720575940888731665,15
720575940921986112,720575940922709290,15
720575940902624978,720575940900956101,15
720575940862185831,720575940937869229,15
720575940918770481,720575940940380075,15
720575940882061434,720575940917852811,15
720575940922958792,720575940878956340,15
720575940941089388,720575940909769176,15
720575940920833705,720575940927109144,15
720575940893873415,720575940894664404,15
720575940862185831,720575940894143299,15
720575940902703006,720575940903415565,15
720575940899153235,720575940888793178,15
720575940894143043,720575940875116119,15
720575940901384751,720575940894664404,15
720575940914869232,720575940906113851,15
720575940870685014,720575940922958792,15
720575940893122730,720575940937848237,15
720575940922949405,720575940903415565,15
720575940888793434,720575940886540578,15
720575940915967584,720575940888799761,15
720575940917429907,720575940883201751,15
720575940884145919,720575940940380075,15
720575940894642644,720575940937869229,15
720575940915253823,720575940909797811,14
720575940881918801,720575940917429907,14
720575940881918801,720575940922949405,14
720575940899861391,720575940891185846,14
720575940865475487,720575940903679779,14
720575940892615796,720575940894143043,14
720575940899281090,720575940877555511,14
720575940897365506,720575940927244512,14
720575940875843901,720575940878955828,14
720575940886931959,720575940919622661,14
720575940862185831,720575940870685014,14
720575940862185831,720575940865475743,14
720575940892615796,720575940875116119,14
720575940861406706,720575940927248352,14
720575940862564127,720575940881844049,14
720575940899861391,720575940878955572,14
720575940886931959,720575940880875929,14
720575940918775345,720575940905042902,14
720575940937869229,720575940891181902,14
720575940884977867,720575940941106028,14
720575940924436802,720575940903193533,14
720575940910624444,720575940878956340,14
720575940891163574,720575940912929024,14
720575940894142787,720575940912535686,14
720575940921992256,720575940865475487,14
720575940921986112,720575940894142787,14
720575940883729656,720575940940380075,14
720575940927208416,720575940869443690,14
720575940927208416,720575940899153235,14
720575940899256770,720575940878916148,14
720575940889924328,720575940922957341,14
720575940899861391,720575940921478163,14
720575940914869232,720575940937848237,14
720575940927248352,720575940940380075,14
720575940887704904,720575940880839442,14
720575940917407635,720575940883198679,14
720575940907584340,720575940899283650,14
720575940882155492,720575940890962241,14
720575940893392149,720575940919029575,14
720575940917407635,720575940891185846,14
720575940870685014,720575940890245126,14
720575940864403212,720575940894143043,14
720575940880875929,720575940905043926,14
720575940918770481,720575940890245126,14
720575940893408011,720575940878956340,14
720575940869533454,720575940903193533,14
720575940918990151,720575940883905052,14
720575940862185831,720575940919622661,14
720575940927248352,720575940878956340,14
720575940891163574,720575940869443690,14
720575940894143299,720575940880838162,14
720575940897454998,720575940917531755,14
720575940910624444,720575940937869229,14
720575940927208416,720575940865475487,14
720575940941124460,720575940900956101,14
720575940917429907,720575940903415565,13
720575940892205986,720575940894647859,13
720575940915217983,720575940927109144,13
720575940891751079,720575940905042902,13
720575940893122730,720575940894143299,13
720575940936679190,720575940881936465,13
720575940915684544,720575940893395733,13
720575940906283251,720575940896732090,13
720575940864403724,720575940890090420,13
720575940894143043,720575940941089388,13
720575940882155492,720575940882117920,13
720575940910624444,720575940940380075,13
720575940941124460,720575940891183798,13
720575940884145919,720575940912929024,13
720575940902624978,720575940878956340,13
720575940910624444,720575940908781145,13
720575940930873976,720575940917852811,13
720575940894178664,720575940875854397,13
720575940919600645,720575940883729656,13
720575940884108031,720575940877501751,13
720575940875843901,720575940899432749,13
720575940921986112,720575940875116119,13
720575940864403212,720575940890090420,13
720575940889215863,720575940894143299,13
720575940921986112,720575940914883824,13
720575940877146203,720575940905041878,13
720575940936679190,720575940920456848,13
720575940927248352,720575940885432678,13
720575940875116119,720575940888799761,13
720575940941124460,720575940940380075,13
720575940920833705,720575940894142787,13
720575940924436802,720575940922949405,13
720575940865475743,720575940908386564,13
720575940927215328,720575940919622661,13
720575940903415565,720575940920881320,13
720575940865475743,720575940914883824,13
720575940921986112,720575940905061686,13
720575940909769176,720575940905042902,13
720575940865475743,720575940918990151,13
720575940892615796,720575940888799761,13
720575940880839442,720575940882672796,13
720575940914883824,720575940894664404,13
720575940941106028,720575940877555511,13
720575940882077216,720575940884145919,13
720575940881607875,720575940917852811,13
720575940914883824,720575940888793178,13
720575940879973250,720575940890900801,13
720575940881055666,720575940920881320,13
720575940886931959,720575940881935355,13
720575940894143299,720575940902703006,12
720575940862564127,720575940880850833,12
720575940889238903,720575940905043670,12
720575940900956101,720575940919632133,12
720575940913511793,720575940890900801,12
720575940894642644,720575940878312571,12
720575940899861391,720575940859648663,12
720575940917429907,720575940881055666,12
720575940948987670,720575940912929024,12
720575940948987670,720575940891181902,12
720575940886931959,720575940901384751,12
720575940923001544,720575940893395733,12
720575940917407635,720575940859648663,12
720575940895353262,720575940875854397,12
720575940923001544,720575940909769176,12
720575940895289006,720575940902703006,12
720575940895289006,720575940891183798,12
720575940923001544,720575940921986112,12
720575940895267018,720575940917852811,12
720575940895267018,720575940905042902,12
720575940895267018,720575940894664404,12
720575940884949941,720575940903996112,12
720575940941124460,720575940901384751,12
720575940909235164,720575940883901724,12
720575940891163574,720575940927248352,12
720575940916016480,720575940903414541,12
720575940924436802,720575940900963269,12
720575940899861391,720575940883198679,12
720575940891751079,720575940909769176,12
720575940899861391,720575940869352923,12
720575940880372359,720575940883905052,12
720575940927208416,720575940930897229,12
720575940897365506,720575940869352923,12
720575940875116119,720575940928343548,12
720575940893122730,720575940883905052,12
720575940886853257,720575940900956101,12
720575940884145919,720575940917866379,12
720575940901384751,720575940881055666,12
720575940893392149,720575940895289006,12
720575940899256770,720575940922709290,12
720575940893873415,720575940917407635,12
720575940939716165,720575940859648663,12
720575940875116119,720575940937857965,12
720575940865475743,720575940924182661,12
720575940915253823,720575940917531755,12
720575940882077216,720575940889238903,12
720575940918775345,720575940905043670,12
720575940927215328,720575940889238903,12
720575940888165967,720575940920027261,12
720575940937240862,720575940927184920,12
720575940927248352,720575940901384751,12
720575940927248352,720575940900956101,12
720575940927215328,720575940891181902,12
720575940897454998,720575940878955572,12
720575940903188925,720575940900033476,12
720575940887704904,720575940889264869,12
720575940922709290,720575940894664404,12
720575940902671774,720575940906113851,12
720575940910624444,720575940906113851,12
720575940889794145,720575940894647859,12
720575940875843901,720575940921478163,12
720575940919632133,720575940882393805,12
720575940899398585,720575940906113851,12
720575940882155492,720575940877501751,12
720575940894143299,720575940869443690,12
720575940893408011,720575940919029575,12
720575940894142787,720575940881607875,12
720575940884728634,720575940894142787,12
720575940918770481,720575940917780131,12
720575940893386005,720575940894143043,12
720575940920833705,720575940888793178,11
720575940937862061,720575940878956340,11
720575940882672796,720575940922795818,11
720575940927244512,720575940922795818,11
720575940865475743,720575940891163574,11
720575940865475743,720575940891181902,11
720575940918750769,720575940886540578,11
720575940865475743,720575940908781145,11
720575940918990151,720575940882124516,11
720575940916236035,720575940919632133,11
720575940899256770,720575940881607875,11
720575940897454998,720575940918815793,11
720575940941563158,720575940881936635,11
720575940941124460,720575940919622661,11
720575940927248352,720575940890245126,11
720575940884145919,720575940891181902,11
720575940902671774,720575940889238903,11
720575940882077216,720575940899398585,11
720575940897460886,720575940882672796,11
720575940921986112,720575940903679779,11
720575940865475743,720575940878956340,11
720575940930897229,720575940904086480,11
720575940891181902,720575940915253823,11
720575940884108031,720575940894647347,11
720575940884108031,720575940894664404,11
720575940905081398,720575940875854397,11
720575940948987670,720575940940380075,11
720575940893408011,720575940878312571,11
720575940917407635,720575940920027261,11
720575940922958792,720575940895353262,11
720575940923001544,720575940869443690,11
720575940905081398,720575940908782425,11
720575940902363320,720575940923001800,11
720575940923001544,720575940877501751,11
720575940869443690,720575940902703006,11
720575940899283650,720575940888731665,11
720575940883197911,720575940923272236,11
720575940878955828,720575940890111288,11
720575940881935355,720575940903751971,11
720575940890090420,720575940894178664,11
720575940920833705,720575940914883824,11
720575940880875929,720575940917852811,11
720575940886931959,720575940902624978,11
720575940901960430,720575940902629074,11
720575940901960430,720575940888799761,11
720575940895289006,720575940919622661,11
720575940924182661,720575940897454998,11
720575940886931959,720575940869443690,11
720575940897114128,720575940886540578,11
720575940883905052,720575940890245126,11
720575940924182661,720575940903414541,11
720575940917780131,720575940928343548,11
720575940894178664,720575940908782425,11
720575940918775345,720575940918750769,11
720575940884728634,720575940912535686,11
720575940927215328,720575940865475743,11
720575940919622661,720575940881055666,11
720575940899782543,720575940891783335,11
720575940892205986,720575940869443690,11
720575940909392923,720575940881844049,11
720575940922949405,720575940875854397,11
720575940884728634,720575940893395733,11
720575940878326395,720575940920881320,11
720575940927208416,720575940908386564,11
720575940882155492,720575940875854397,11
720575940891163574,720575940891183798,11
720575940941089388,720575940880875929,11
720575940908781145,720575940920037245,11
720575940894143299,720575940899283650,11
720575940915531157,720575940930897229,11
720575940927208416,720575940894178664,11
720575940891163574,720575940881935355,11
720575940862564127,720575940937221662,11
720575940903370509,720575940894178664,11
720575940927109144,720575940877501751,11
720575940899433261,720575940878955572,11
720575940883866908,720575940894664404,11
720575940920062581,720575940875854397,11
720575940880839442,720575940878956340,11
720575940888787983,720575940912929024,11
720575940902671774,720575940917780131,11
720575940899256770,720575940893395733,11
720575940893122730,720575940871523385,11
720575940902671774,720575940937869229,11
720575940892615796,720575940930897229,11
720575940864403212,720575940893395733,11
720575940894143043,720575940912535686,11
720575940899398585,720575940917866379,11
720575940907584340,720575940917780131,11
720575940861406706,720575940941124460,11
720575940904086480,720575940888799761,11
720575940937862061,720575940891183798,11
720575940924182661,720575940903415565,11
720575940882672796,720575940909797811,11
720575940894143043,720575940893395733,11
720575940921986112,720575940881607875,10
720575940878957108,720575940922795818,10
720575940878916148,720575940917852811,10
720575940899283650,720575940902629074,10
720575940897114128,720575940890118968,10
720575940878956340,720575940919632133,10
720575940919045143,720575940917429907,10
720575940899281090,720575940905042902,10
720575940899256770,720575940937857965,10
720575940880839442,720575940912929024,10
720575940880839442,720575940883198679,10
720575940886931959,720575940917780131,10
720575940887704904,720575940890245126,10
720575940878955828,720575940899432749,10
720575940896732090,720575940924182661,10
720575940887087578,720575940883905052,10
720575940878955828,720575940910607129,10
720575940899782543,720575940927244256,10
720575940917853067,720575940869352923,10
720575940887087578,720575940908781145,10
720575940920054001,720575940880005762,10
720575940919600645,720575940937862061,10
720575940919600645,720575940927248352,10
720575940883201751,720575940891185846,10
720575940899283650,720575940894143299,10
720575940882077216,720575940917780131,10
720575940902671774,720575940878312571,10
720575940893386005,720575940927109144,10
720575940911411305,720575940894143043,10
720575940865475743,720575940917780131,10
720575940915253823,720575940891185846,10
720575940872856946,720575940882103072,10
720575940941124460,720575940915253823,10
720575940884145919,720575940906113851,10
720575940894143043,720575940899153235,10
720575940902671774,720575940883905052,10
720575940889728101,720575940904086480,10
720575940882077216,720575940899281090,10
720575940889728101,720575940894142787,10
720575940865475743,720575940895353262,10
720575940881918801,720575940898432765,10
720575940894143043,720575940920833705,10
720575940884728634,720575940869443690,10
720575940865475743,720575940882077216,10
720575940927215328,720575940871523385,10
720575940927215328,720575940869443690,10
720575940884145919,720575940902671774,10
720575940883734520,720575940883198167,10
720575940941089388,720575940890090420,10
720575940882061434,720575940928343548,10
720575940912929024,720575940891185846,10
720575940890107704,720575940920881320,10
720575940941089388,720575940937857965,10
720575940869443690,720575940918750769,10
720575940930873976,720575940878916148,10
720575940893774059,720575940928343548,10
720575940893873415,720575940899861391,10
720575940884057772,720575940899433517,10
720575940870685014,720575940908781145,10
720575940932756628,720575940926223758,10
720575940941106028,720575940939715909,10
720575940870685014,720575940924182661,10
720575940890090420,720575940877501751,10
720575940927248352,720575940906113851,10
720575940927248352,720575940903414541,10
720575940927248352,720575940895353262,10
720575940941124460,720575940881055666,10
720575940871491897,720575940903996112,10
720575940891163574,720575940902624978,10
720575940883901724,720575940882160356,10
720575940930905464,720575940891783079,10
720575940894647347,720575940946223236,10
720575940895353262,720575940890111288,10
720575940883729656,720575940886853257,10
720575940909769176,720575940903415565,10
720575940884976331,720575940878916148,10
720575940892182782,720575940884939979,10
720575940905014742,720575940894647859,10
720575940900033476,720575940869352923,10
720575940892615796,720575940893395733,10
720575940900287353,720575940880839442,10
720575940884031660,720575940937221662,10
720575940892205986,720575940886540578,10
720575940895353262,720575940903415565,10
720575940917407635,720575940894116163,10
720575940877501751,720575940875854397,10
720575940910624444,720575940865475743,10
720575940892205986,720575940890134196,10
720575940890962241,720575940900033476,10
720575940910624444,720575940870685014,10
720575940909235164,720575940902629074,10
720575940910624444,720575940880875929,10
720575940891163574,720575940902703006,9
720575940878312571,720575940906113851,9
720575940941089388,720575940916236035,9
720575940862185831,720575940900956101,9
720575940909767128,720575940888165967,9
720575940864403724,720575940894142787,9
720575940865475487,720575940918750769,9
720575940899356801,720575940920044149,9
720575940862185831,720575940880875929,9
720575940912535686,720575940941106028,9
720575940909235164,720575940880838162,9
720575940882061434,720575940937857965,9
720575940902624978,720575940908781145,9
720575940882155492,720575940899282056,9
720575940882155492,720575940894178664,9
720575940909393947,720575940882117920,9
720575940880372359,720575940891183798,9
720575940884057772,720575940927244768,9
720575940893395733,720575940937221662,9
720575940892205566,720575940899433005,9
720575940909235164,720575940878312571,9
720575940868757741,720575940894563284,9
720575940941089388,720575940905043670,9
720575940882077216,720575940901384751,9
720575940903996112,720575940880005762,9
720575940865475743,720575940869443690,9
720575940893386005,720575940865475487,9
720575940862185831,720575940914883824,9
720575940919622661,720575940903188925,9
720575940909769176,720575940905043926,9
720575940890245126,720575940919632133,9
720575940903996112,720575940896872522,9
720575940893386005,720575940890090420,9
720575940882672796,720575940891184310,9
720575940892615796,720575940904086480,9
720575940865475487,720575940869443690,9
720575940865475743,720575940900956101,9
720575940908781145,720575940903415565,9
720575940893392149,720575940891196854,9
720575940878956340,720575940891185846,9
720575940902703006,720575940903414541,9
720575940865475743,720575940906113851,9
720575940862564127,720575940895281326,9
720575940862564127,720575940899282056,9
720575940893386005,720575940912535686,9
720575940892205986,720575940899861391,9
720575940911411305,720575940893395733,9
720575940883905052,720575940918990151,9
720575940903415565,720575940890111288,9
720575940919622661,720575940888731665,9
720575940887087578,720575940901384751,9
720575940937240862,720575940880005762,9
720575940917422227,720575940917866379,9
720575940887704904,720575940927248352,9
720575940869533454,720575940881936465,9
720575940888165967,720575940921525267,9
720575940894178664,720575940883201751,9
720575940886931959,720575940902703006,9
720575940891746215,720575940920044149,9
720575940927208416,720575940891164342,9
720575940894143299,720575940886931959,9
720575940900956101,720575940920037245,9
720575940927208416,720575940916016480,9
720575940899283650,720575940881055666,9
720575940891751079,720575940888793178,9
720575940878326395,720575940899432749,9
720575940891164342,720575940937857965,9
720575940875843901,720575940891185846,9
720575940885432678,720575940917853067,9
720575940899282056,720575940922949405,9
720575940907584340,720575940891181902,9
720575940897460886,720575940890107704,9
720575940927215328,720575940880838162,9
720575940900956101,720575940894662868,9
720575940915967584,720575940905043926,9
720575940927109144,720575940894178664,9
720575940900033476,720575940917531755,9
720575940891181902,720575940922957341,9
720575940917407635,720575940881935185,9
720575940916236035,720575940922795818,9
720575940923001544,720575940941089388,9
720575940948987670,720575940917780131,9
720575940948987670,720575940900956101,9
720575940917531755,720575940869352923,9
720575940917531755,720575940891184310,9
720575940880839442,720575940916299357,9
720575940894647347,720575940903415565,9
720575940916016480,720575940897454998,9
720575940948987670,720575940882672796,9
720575940891185486,720575940918311989,9
720575940878326395,720575940859648663,9
720575940915967584,720575940918750769,9
720575940894642644,720575940890245126,9
720575940899398585,720575940940380075,9
720575940875843901,720575940878955572,9
720575940918990151,720575940895353262,9
720575940901384751,720575940905043926,9
720575940894142787,720575940908386564,9
720575940894142787,720575940903415565,9
720575940880838162,720575940920456848,9
720575940891163574,720575940937862061,9
720575940904086480,720575940903188925,9
720575940887705416,720575940881607875,9
720575940927248352,720575940903415565,9
720575940921986112,720575940897460886,9
720575940880838162,720575940910295881,9
720575940927263052,720575940884939979,9
720575940930873976,720575940928343548,9
720575940891751079,720575940908782425,9
720575940891163574,720575940919029575,9
720575940869533454,720575940900963269,9
720575940891163574,720575940917780131,9
720575940941124460,720575940902703006,9
720575940883866908,720575940881055666,9
720575940864403212,720575940894142787,9
720575940915253823,720575940890111288,9
720575940941124460,720575940917780131,9
720575940886853257,720575940880875929,9
720575940921992256,720575940893395733,9
720575940899398585,720575940900956101,9
720575940875116119,720575940877555511,9
720575940875116119,720575940905043670,9
720575940891751079,720575940897460886,9
720575940941124460,720575940922957341,9
720575940889728101,720575940912535686,9
720575940880005762,720575940891185846,9
720575940894143043,720575940881607875,9
720575940884145919,720575940900956101,9
720575940889728101,720575940893395733,9
720575940871491897,720575940937869229,9
720575940918288693,720575940923272236,9
720575940905081398,720575940899282056,8
720575940918990151,720575940903370509,8
720575940883729656,720575940917780131,8
720575940883866908,720575940909769176,8
720575940899283650,720575940910295881,8
720575940905014742,720575940923272236,8
720575940882155492,720575940909393947,8
720575940882520101,720575940888731665,8
720575940903996112,720575940922795818,8
720575940918990151,720575940894143299,8
720575940880372359,720575940891164342,8
720575940882061434,720575940912535686,8
720575940883905052,720575940893122730,8
720575940903188925,720575940890111288,8
720575940914883824,720575940908782425,8
720575940915217983,720575940890090420,8
720575940884145919,720575940891183798,8
720575940884145919,720575940893408011,8
720575940884145919,720575940899281090,8
720575940915253823,720575940891184310,8
720575940917853067,720575940921478163,8
720575940886853257,720575940878956340,8
720575940884145919,720575940914869232,8
720575940901384751,720575940875854397,8
720575940881918801,720575940896736698,8
720575940917852811,720575940922795818,8
720575940886458045,720575940897365506,8
720575940901384751,720575940865475743,8
720575940899782543,720575940919632133,8
720575940884728634,720575940888799761,8
720575940881607875,720575940905042902,8
720575940915967584,720575940888793434,8
720575940915967584,720575940897460886,8
720575940915967584,720575940937869229,8
720575940881055666,720575940900033476,8
720575940916016480,720575940890107704,8
720575940900233186,720575940890962241,8
720575940899861391,720575940891783335,8
720575940900033476,720575940909797811,8
720575940899861391,720575940909797811,8
720575940884976331,720575940941106028,8
720575940917407635,720575940917531755,8
720575940899861391,720575940919632133,8
720575940899398585,720575940891183798,8
720575940914883824,720575940888799761,8
720575940901960430,720575940918750769,8
720575940910624444,720575940899398585,8
720575940918775345,720575940920456848,8
720575940909767128,720575940882552101,8
720575940882124516,720575940902703006,8
720575940899283650,720575940930905464,8
720575940883905052,720575940908781145,8
720575940899291016,720575940892204542,8
720575940886931959,720575940884145919,8
720575940902703006,720575940920037245,8
720575940886931959,720575940883905052,8
720575940882117920,720575940917853067,8
720575940902680734,720575940916236035,8
720575940884031660,720575940941106028,8
720575940884032172,720575940895281326,8
720575940910624444,720575940902703006,8
720575940884108031,720575940903188925,8
720575940910624444,720575940919622661,8
720575940884032172,720575940937221662,8
720575940882077216,720575940883905052,8
720575940884051238,720575940903370509,8
720575940912535686,720575940894664404,8
720575940912535686,720575940905042902,8
720575940918770481,720575940937869229,8
720575940882061434,720575940905043670,8
720575940884051238,720575940917407635,8
720575940880837650,720575940905041878,8
720575940899398585,720575940878956340,8
720575940884108031,720575940881055666,8
720575940912929024,720575940920037245,8
720575940881926778,720575940878312571,8
720575940891181902,720575940917852811,8
720575940894142787,720575940903679779,8
720575940890245126,720575940891185846,8
720575940869533454,720575940894143555,8
720575940930897229,720575940914883824,8
720575940930897229,720575940941089388,8
720575940922765354,720575940916236035,8
720575940897454998,720575940859648663,8
720575940922765354,720575940881936635,8
720575940932846484,720575940921478163,8
720575940933768470,720575940897365506,8
720575940869443690,720575940891181902,8
720575940878326395,720575940927244768,8
720575940936679190,720575940894647859,8
720575940893392149,720575940878956340,8
720575940890245126,720575940890107704,8
720575940937240862,720575940927244512,8
720575940897365506,720575940917531755,8
720575940865475743,720575940918770481,8
720575940897454998,720575940899433005,8
720575940887705416,720575940941106028,8
720575940893386005,720575940914883824,8
720575940937848237,720575940920456848,8
720575940937857965,720575940919632133,8
720575940893386005,720575940869443690,8
720575940890245126,720575940922957341,8
720575940865475743,720575940880372359,8
720575940865475487,720575940916016480,8
720575940878955572,720575940940386475,8
720575940865475487,720575940894178664,8
720575940892615796,720575940923001544,8
720575940890107704,720575940859648663,8
720575940890090420,720575940927109144,8
720575940939716165,720575940880005762,8
720575940889238903,720575940937857965,8
720575940894642644,720575940916236035,8
720575940924182661,720575940878326395,8
720575940925744198,720575940894563284,8
720575940895267018,720575940941106028,8
720575940895289006,720575940878956340,8
720575940925826374,720575940919632133,8
720575940894642644,720575940900956101,8
720575940927109144,720575940894647347,8
720575940927109144,720575940916016480,8
720575940894143299,720575940917866379,8
720575940895289006,720575940940380075,8
720575940889238903,720575940913491825,8
720575940875843901,720575940940386475,8
720575940927208416,720575940903415565,8
720575940870685014,720575940912929024,8
720575940927208416,720575940903679779,8
720575940888793178,720575940899153235,8
720575940922958792,720575940924182661,8
720575940896732090,720575940878326395,8
720575940894143043,720575940927109144,8
720575940894143043,720575940921986112,8
720575940927215328,720575940883905052,8
720575940889728101,720575940922709290,8
720575940922957341,720575940922795818,8
720575940871523385,720575940917422227,8
720575940894142787,720575940941106028,8
720575940897114128,720575940890134196,8
720575940871491897,720575940894647859,8
720575940897460886,720575940915253823,8
720575940921992256,720575940923001544,8
720575940941124460,720575940878956340,8
720575940919622661,720575940913491825,8
720575940861406706,720575940880839442,8
720575940941124460,720575940906113851,8
720575940941089388,720575940917852811,8
720575940940896383,720575940941124460,8
720575940941089388,720575940914883824,8
720575940920044149,720575940940380075,8
720575940891163574,720575940897460886,8
720575940919600645,720575940880839442,8
720575940899256770,720575940894647347,8
720575940891163574,720575940891181902,8
720575940891751079,720575940894664404,8
720575940891751079,720575940888793434,8
720575940940902015,720575940927794480,8
720575940899256770,720575940897460886,8
720575940887087578,720575940895353262,8
720575940940896383,720575940917852811,8
720575940861406706,720575940907584340,8
720575940892205986,720575940878312571,8
720575940899281090,720575940882672796,8
720575940948987670,720575940917852811,8
720575940847552365,720575940888731665,8
720575940892205566,720575940900033476,8
720575940871491897,720575940899861391,7
720575940927215328,720575940905061686,7
720575940927215328,720575940919029575,7
720575940927248352,720575940920037245,7
720575940901384751,720575940888799761,7
720575940870685014,720575940918990151,7
720575940894143043,720575940916016480,7
720575940927244256,720575940892204542,7
720575940915531157,720575940869443690,7
720575940901960430,720575940894142787,7
720575940870685014,720575940918770481,7
720575940889728101,720575940909769176,7
720575940927248352,720575940919622661,7
720575940889728101,720575940918750769,7
720575940915217983,720575940881607875,7
720575940893949822,720575940884939979,7
720575940894142787,720575940869443690,7
720575940915253823,720575940892205566,7
720575940859648663,720575940899433773,7
720575940894142787,720575940893395733,7
720575940927244512,720575940892204542,7
720575940889728101,720575940881607875,7
720575940904086480,720575940917852811,7
720575940881926778,720575940890108216,7
720575940927244768,720575940882393805,7
720575940914883824,720575940946223236,7
720575940915217983,720575940894143043,7
720575940883729656,720575940930905464,7
720575940882128356,720575940881607875,7
720575940884728634,720575940881607875,7
720575940948987670,720575940906113851,7
720575940891183798,720575940922957341,7
720575940894143299,720575940912929024,7
720575940948987670,720575940899281090,7
720575940927184920,720575940869352923,7
720575940900956101,720575940903414541,7
720575940915967584,720575940902629074,7
720575940927109144,720575940896736698,7
720575940915967584,720575940906113851,7
720575940881055666,720575940920037245,7
720575940905014486,720575940890134196,7
720575940905042134,720575940913491825,7
720575940891183798,720575940905042902,7
720575940883201751,720575940920881320,7
720575940889215863,720575940919622661,7
720575940891181902,720575940905042902,7
720575940905043670,720575940919632133,7
720575940916016480,720575940903415565,7
720575940900234978,720575940937240862,7
720575940927184920,720575940909797811,7
720575940889238903,720575940905042902,7
720575940891185486,720575940883198167,7
720575940915684544,720575940914883824,7
720575940915531157,720575940894647347,7
720575940927248352,720575940941124460,7
720575940915531157,720575940914883824,7
720575940875843901,720575940910607129,7
720575940905014486,720575940937869229,7
720575940905014742,720575940869443690,7
720575940883729656,720575940908781145,7
720575940891185486,720575940894664201,7
720575940875843901,720575940918815793,7
720575940881607875,720575940928343548,7
720575940948987670,720575940889238903,7
720575940884728634,720575940897460886,7
720575940905014742,720575940897365506,7
720575940881607875,720575940905043670,7
720575940927208416,720575940888793178,7
720575940927208416,720575940877501751,7
720575940894143299,720575940897460886,7
720575940875843901,720575940899433517,7
720575940881936465,720575940885432678,7
720575940927275084,720575940894664201,7
720575940890090420,720575940912535686,7
720575940903370509,720575940877501751,7
720575940865475487,720575940915967584,7
720575940865475487,720575940921986112,7
720575940893156522,720575940886574602,7
720575940937862061,720575940894647859,7
720575940909235164,720575940880839442,7
720575940940896383,720575940927248352,7
720575940893386005,720575940878916148,7
720575940937857965,720575940922795818,7
720575940893386005,720575940894142787,7
720575940865475743,720575940899153235,7
720575940940902015,720575940897365506,7
720575940893386005,720575940903679779,7
720575940893386005,720575940904086480,7
720575940865475743,720575940903370509,7
720575940937857965,720575940917531755,7
720575940865475743,720575940903679779,7
720575940910624444,720575940883905052,7
720575940890743247,720575940875843901,7
720575940882082080,720575940917429907,7
720575940882117920,720575940927244768,7
720575940892205986,720575940888799761,7
720575940909767128,720575940890900801,7
720575940903122154,720575940900963269,7
720575940909767384,720575940897365506,7
720575940892205986,720575940899782543,7
720575940864403724,720575940927109144,7
720575940909767384,720575940923272236,7
720575940902703006,720575940915253823,7
720575940892205566,720575940878955572,7
720575940939715909,720575940885432678,7
720575940892615796,720575940905061686,7
720575940884031660,720575940888731665,7
720575940884031660,720575940898432765,7
720575940903188925,720575940917531755,7
720575940910295881,720575940893156522,7
720575940865475487,720575940893395733,7
720575940893386005,720575940908386564,7
720575940902671774,720575940880875929,7
720575940937848237,720575940910295881,7
720575940891163574,720575940914883824,7
720575940902363320,720575940920456848,7
720575940941089388,720575940937869229,7
720575940941089388,720575940941106028,7
720575940912929024,720575940917531755,7
720575940912929024,720575940920881320,7
720575940908359172,720575940888731665,7
720575940884108031,720575940894142787,7
720575940869533454,720575940894647859,7
720575940893395733,720575940916016480,7
720575940884108031,720575940895353262,7
720575940930897229,720575940881607875,7
720575940869533454,720575940941106028,7
720575940909393947,720575940922949405,7
720575940930873976,720575940905043670,7
720575940861407986,720575940880839442,7
720575940891163574,720575940922709290,7
720575940912929024,720575940880837650,7
720575940893395733,720575940881935355,7
720575940903370509,720575940909393947,7
720575940883901724,720575940890108216,7
720575940903370509,720575940924182661,7
720575940882520101,720575940865160474,7
720575940911411305,720575940899153235,7
720575940908782425,720575940890111288,7
720575940893386005,720575940930897229,7
720575940890245126,720575940890111288,7
720575940916236035,720575940891185846,7
720575940902629074,720575940927184920,7
720575940869443690,720575940905061686,7
720575940893392149,720575940890245126,7
720575940903679779,720575940905043926,7
720575940936679190,720575940890118968,7
720575940883866908,720575940918750769,7
720575940893392149,720575940916236035,7
720575940882061434,720575940905042902,7
720575940893392149,720575940917407635,7
720575940881055666,720575940878955828,7
720575940897460886,720575940885432678,7
720575940894647859,720575940963340820,7
720575940918750769,720575940903415565,7
720575940895711219,720575940901717479,7
720575940880875929,720575940894143299,7
720575940917407635,720575940940386475,7
720575940920062581,720575940883866908,7
720575940920062581,720575940881055666,7
720575940922958792,720575940940380075,7
720575940921986112,720575940888793434,7
720575940899861391,720575940920456848,7
720575940899256770,720575940904086480,7
720575940918750769,720575940905042902,7
720575940923001544,720575940881607875,7
720575940921986112,720575940918750769,7
720575940923001544,720575940884728634,7
720575940920054001,720575940877146459,7
720575940897454998,720575940927244768,7
720575940919632133,720575940927244512,7
720575940888793178,720575940927244768,7
720575940887087578,720575940870685014,7
720575940922795818,720575940869352923,7
720575940878956340,720575940915253823,7
720575940878947380,720575940882103072,7
720575940887705416,720575940928343548,7
720575940896732090,720575940890245126,7
720575940917780131,720575940937857965,7
720575940917422227,720575940899283650,7
720575940878955572,720575940919632133,7
720575940920881320,720575940882393805,7
720575940918770481,720575940900956101,7
720575940887704904,720575940882552101,7
720575940899356801,720575940903193533,7
720575940899153235,720575940899782543,7
720575940897114128,720575940894647859,7
720575940878325883,720575940899433005,7
720575940887090394,720575940917429907,7
720575940918770481,720575940891164342,7
720575940917780131,720575940905043670,7
720575940918775345,720575940881055666,7
720575940917853067,720575940878955572,7
720575940899356801,720575940888793434,7
720575940878325883,720575940859648663,7
720575940921525267,720575940939716165,7
720575940918770481,720575940884145919,7
720575940899356801,720575940888731665,7
720575940880372359,720575940919029575,7
720575940917780131,720575940917852811,7
720575940886853257,720575940908781145,7
720575940886853257,720575940907584340,7
720575940923001544,720575940905061686,7
720575940918770481,720575940927109144,7
720575940899281090,720575940891185846,7
720575940918990151,720575940875843901,7
720575940897365506,720575940921478163,7
720575940880839442,720575940894662868,7
720575940919622661,720575940890018996,7
720575940880372359,720575940878312571,7
720575940899281090,720575940928343548,7
720575940917853067,720575940903113149,7
720575940919045143,720575940896736698,7
720575940899861391,720575940927244512,7
720575940880839442,720575940890107704,7
720575940879973250,720575940871523385,7
720575940897454998,720575940877146459,7
720575940899282056,720575940946223236,7
720575940922709290,720575940946223236,7
720575940886931959,720575940894647859,7
720575940916236035,720575940920881320,7
720575940919600645,720575940937869229,7
720575940886458045,720575940891783079,7
720575940899398585,720575940902671774,7
720575940923001544,720575940927109144,7
720575940917853067,720575940940386475,7
720575940888059760,720575940888793434,7
720575940886853257,720575940883729656,7
720575940888059760,720575940890939713,6
720575940884031660,720575940900963269,6
720575940869443690,720575940894143299,6
720575940910952353,720575940917429907,6
720575940865475743,720575940922958792,6
720575940912535686,720575940917852811,6
720575940902680734,720575940896736698,6
720575940882117920,720575940892204542,6
720575940884031660,720575940920044149,6
720575940899398585,720575940917780131,6
720575940912535686,720575940905043670,6
720575940917853067,720575940894116163,6
720575940922709290,720575940905043926,6
720575940902703006,720575940890107704,6
720575940878955828,720575940859648663,6
720575940899398585,720575940927215328,6
720575940897460886,720575940903751971,6
720575940921525267,720575940883198679,6
720575940937857965,720575940891185846,6
720575940884031660,720575940881936465,6
720575940869443690,720575940900956101,6
720575940865475487,720575940878916148,6
720575940888165967,720575940937240862,6
720575940892205986,720575940915256127,6
720575940897460886,720575940922957341,6
720575940882082080,720575940920044149,6
720575940869443690,720575940875116119,6
720575940886853257,720575940899283650,6
720575940897460886,720575940886540578,6
720575940936679190,720575940903996112,6
720575940865475743,720575940890245126,6
720575940890245126,720575940920037245,6
720575940921986112,720575940888799761,6
720575940936679190,720575940922957341,6
720575940909767384,720575940917866379,6
720575940937862061,720575940891181902,6
720575940893392149,720575940888799761,6
720575940893344533,720575940899779727,6
720575940910952353,720575940896736698,6
720575940902634194,720575940899291016,6
720575940886540578,720575940921525267,6
720575940921992256,720575940927109144,6
720575940878947380,720575940889249143,6
720575940936679190,720575940871523385,6
720575940910624444,720575940899283650,6
720575940880839442,720575940881974650,6
720575940884051238,720575940903193533,6
720575940890741967,720575940882103072,6
720575940917853067,720575940909797811,6
720575940918288693,720575940917429907,6
720575940890245126,720575940899434029,6
720575940897454998,720575940890111288,6
720575940937862061,720575940915253823,6
720575940865475487,720575940908386564,6
720575940865475487,720575940901960430,6
720575940893392149,720575940903188925,6
720575940937869229,720575940886853257,6
720575940893386005,720575940899153235,6
720575940892205566,720575940899433261,6
720575940939715909,720575940920037245,6
720575940920027261,720575940859648663,6
720575940883729656,720575940919632133,6
720575940906283251,720575940884057772,6
720575940878956340,720575940920037245,6
720575940907584340,720575940878956340,6
720575940891751079,720575940875854397,6
720575940907584340,720575940883729656,6
720575940919622661,720575940908781145,6
720575940941563158,720575940881974650,6
720575940859648663,720575940882393805,6
720575940941124460,720575940927248352,6
720575940907584340,720575940899281090,6
720575940941124460,720575940920037245,6
720575940878956340,720575940917852811,6
720575940918815793,720575940878325883,6
720575940859648663,720575940927244512,6
720575940941124460,720575940890245126,6
720575940859648663,720575940940386475,6
720575940883866908,720575940881935355,6
720575940878956340,720575940913573871,6
720575940948987670,720575940878956340,6
720575940883729656,720575940915253823,6
720575940919622661,720575940890245126,6
720575940919045143,720575940881936635,6
720575940964330406,720575940896702138,6
720575940905043670,720575940891185846,6
720575940847552365,720575940881974650,6
720575940891181902,720575940920037245,6
720575940905081398,720575940890962241,6
720575940948987670,720575940922957341,6
720575940883198679,720575940905041878,6
720575940891181902,720575940937221662,6
720575940905365705,720575940897460886,6
720575940883729656,720575940906113851,6
720575940883729656,720575940878956340,6
720575940891183798,720575940915253823,6
720575940919600645,720575940878312571,6
720575940880005762,720575940927244512,6
720575940899282056,720575940875854397,6
720575940905014742,720575940902629074,6
720575940905014742,720575940890134196,6
720575940851372659,720575940882103072,6
720575940904086480,720575940905043926,6
720575940899256770,720575940928343548,6
720575940898835143,720575940904120528,6
720575940918775345,720575940910295881,6
720575940920456848,720575940920881320,6
720575940892204542,720575940921478163,6
720575940882155492,720575940895353262,6
720575940864403212,720575940894647347,6
720575940920833705,720575940875854397,6
720575940920833705,720575940897460886,6
720575940864403212,720575940937857965,6
720575940909235164,720575940930905464,6
720575940882128356,720575940917852811,6
720575940892205566,720575940920881320,6
720575940882128356,720575940905042902,6
720575940892205986,720575940871523385,6
720575940903188925,720575940892204542,6
720575940882128356,720575940894647347,6
720575940878955828,720575940917531755,6
720575940864403724,720575940891164342,6
720575940903122154,720575940917429907,6
720575940939715909,720575940922957341,6
720575940880837650,720575940877146459,6
720575940887090394,720575940896736698,6
720575940864403212,720575940865475487,6
720575940891163574,720575940884145919,6
720575940862564127,720575940888731665,6
720575940920044149,720575940904086480,6
720575940862185831,720575940906113851,6
720575940891163574,720575940899281090,6
720575940920054001,720575940891184310,6
720575940891163574,720575940896736698,6
720575940903751971,720575940927184920,6
720575940862185831,720575940927248352,6
720575940887087578,720575940917780131,6
720575940920054001,720575940927184920,6
720575940940902015,720575940881936465,6
720575940862564127,720575940898432765,6
720575940891163574,720575940889238903,6
720575940908782425,720575940899433773,6
720575940908782425,720575940900033476,6
720575940903414541,720575940878955572,6
720575940878956340,720575940885432678,6
720575940886931959,720575940870685014,6
720575940878956340,720575940882672796,6
720575940869443690,720575940909769176,6
720575940899283650,720575940891183798,6
720575940893395733,720575940888793434,6
720575940881926778,720575940917407635,6
720575940889238903,720575940917852811,6
720575940915684544,720575940927109144,6
720575940894142787,720575940904086480,6
720575940884976331,720575940937857965,6
720575940899283650,720575940881974650,6
720575940927244768,720575940921478163,6
720575940894142787,720575940899282056,6
720575940899861391,720575940920881320,6
720575940894143299,720575940914869232,6
720575940897114128,720575940899782543,6
720575940881607875,720575940877555511,6
720575940894178664,720575940890111288,6
720575940922957341,720575940891185846,6
720575940923001544,720575940915684544,6
720575940894178664,720575940903415565,6
720575940917780131,720575940888799761,6
720575940897114128,720575940899861391,6
720575940894142787,720575940891164342,6
720575940889238903,720575940888731665,6
720575940871491897,720575940878312571,6
720575940894642644,720575940878956340,6
720575940870685014,720575940940380075,6
720575940888787983,720575940880839442,6
720575940923001544,720575940921992256,6
720575940900956101,720575940890107704,6
720575940877555511,720575940891185846,6
720575940927109144,720575940895353262,6
720575940884728634,720575940922709290,6
720575940897114128,720575940937869229,6
720575940888216655,720575940940386475,6
720575940901384751,720575940903415565,6
720575940889794145,720575940892205566,6
720575940897365506,720575940880005762,6
720575940894143043,720575940915684544,6
720575940881918801,720575940881935355,6
720575940875843901,720575940892205566,6
720575940880875929,720575940888799761,6
720575940927215328,720575940882124516,6
720575940895353262,720575940946223236,6
720575940880875929,720575940903188925,6
720575940894143299,720575940883197911,6
720575940922958792,720575940903370509,6
720575940875843901,720575940920037245,6
720575940915531157,720575940865475487,6
720575940927215328,720575940886853257,6
720575940896732090,720575940897454998,6
720575940875116119,720575940917852811,6
720575940881918801,720575940899282056,6
720575940917407635,720575940902634194,6
720575940884145919,720575940899283650,6
720575940901384751,720575940883201751,6
720575940896736698,720575940883198679,6
720575940894143043,720575940899256770,6
720575940874972385,720575940888731665,6
720575940912591238,720575940903193533,6
720575940878312571,720575940883901724,6
720575940927216096,720575940920456848,6
720575940894143299,720575940890245126,6
720575940927208416,720575940875854397,6
720575940896736698,720575940886540578,6
720575940927244512,720575940869352923,6
720575940927244512,720575940877146459,6
720575940894142787,720575940941089388,6
720575940915217983,720575940941106028,6
720575940877146203,720575940920037245,6
720575940917407635,720575940922795818,6
720575940900233186,720575940884057772,6
720575940899432749,720575940927244768,6
720575940893774059,720575940881607875,6
720575940924182661,720575940896736698,6
720575940900233186,720575940883201751,6
720575940893408011,720575940948987670,6
720575940884108031,720575940916016480,6
720575940930905464,720575940891185846,6
720575940927275084,720575940882103072,6
720575940869533454,720575940890118968,6
720575940894642900,720575940902629074,6
720575940917852811,720575940891185846,6
720575940902363320,720575940878312571,6
720575940916236035,720575940902634194,6
720575940899782543,720575940878955572,6
720575940901960430,720575940922709290,6
720575940890107704,720575940899433261,6
720575940924436802,720575940915676096,6
720575940890107704,720575940909797811,6
720575940899433261,720575940890111288,6
720575940922765354,720575940917407635,6
720575940899782543,720575940892204542,6
720575940869533454,720575940920894376,6
720575940924182661,720575940890107704,6
720575940869443690,720575940916016480,6
720575940888799761,720575940917531755,6
720575940899433517,720575940878955572,6
720575940899433261,720575940940386475,6
720575940900033476,720575940894116163,6
720575940881055666,720575940917531755,6
720575940915967584,720575940927109144,6
720575940869533454,720575940915256127,6
720575940895289006,720575940880875929,6
720575940880839442,720575940903751971,6
720575940916236035,720575940920027261,6
720575940894647859,720575940878957108,6
720575940888799761,720575940891185846,6
720575940900287353,720575940941124460,6
720575940893774059,720575940941106028,6
720575940916016480,720575940884925028,6
720575940895353262,720575940920037245,5
720575940883866908,720575940922709290,5
720575940903996112,720575940927244256,5
720575940900956101,720575940917852811,5
720575940894642900,720575940871523385,5
720575940889215863,720575940883905052,5
720575940899256770,720575940905043670,5
720575940903996112,720575940880837650,5
720575940884728634,720575940927109144,5
720575940905042902,720575940920881320,5
720575940905043670,720575940878955572,5
720575940903415565,720575940891185846,5
720575940905043670,720575940917531755,5
720575940903415565,720575940899433773,5
720575940884925028,720575940940386475,5
720575940899256770,720575940903370509,5
720575940894647859,720575940890107704,5
720575940903679779,720575940894664404,5
720575940889238903,720575940928343548,5
720575940883201751,720575940917531755,5
720575940883201751,720575940919632133,5
720575940903996112,720575940927244512,5
720575940903679779,720575940905043670,5
720575940888793178,720575940900033476,5
720575940894143299,720575940883901724,5
720575940888793178,720575940917531755,5
720575940900956101,720575940915253823,5
720575940891783079,720575940880005762,5
720575940891783079,720575940877146459,5
720575940889238903,720575940894143299,5
720575940894178664,720575940877501751,5
720575940900956101,720575940905042902,5
720575940889215863,720575940906113851,5
720575940895289006,720575940906113851,5
720575940905014742,720575940920894376,5
720575940884728634,720575940916236035,5
720575940899281090,720575940937857965,5
720575940900963269,720575940891184310,5
720575940899283650,720575940905042902,5
720575940894642644,720575940903415565,5
720575940905014486,720575940886540578,5
720575940891746215,720575940888731665,5
720575940886931959,720575940927215328,5
720575940894642644,720575940891183798,5
720575940891185846,720575940859648663,5
720575940883729656,720575940920037245,5
720575940889238903,720575940878956340,5
720575940905014486,720575940920456848,5
720575940900287353,720575940912929024,5
720575940894143299,720575940919029575,5
720575940884976331,720575940928343548,5
720575940905042134,720575940918815793,5
720575940883866908,720575940905043926,5
720575940895353262,720575940900033476,5
720575940899256770,720575940916236035,5
720575940894662868,720575940918815793,5
720575940905042902,720575940920037245,5
720575940905042902,720575940892204542,5
720575940904086480,720575940881055666,5
720575940883201751,720575940927244768,5
720575940899283650,720575940918750769,5
720575940889215863,720575940901384751,5
720575940891751079,720575940914883824,5
720575940894642644,720575940917422227,5
720575940887087578,720575940878956340,5
720575940884976331,720575940881607875,5
720575940899282056,720575940883201751,5
720575940891163574,720575940924182661,5
720575940891751079,720575940905043670,5
720575940895353262,720575940883201751,5
720575940883729656,720575940948987670,5
720575940884977867,720575940899282056,5
720575940900963269,720575940903414541,5
720575940890107704,720575940891783335,5
720575940893774059,720575940877555511,5
720575940886853257,720575940891181902,5
720575940899398585,720575940893408011,5
720575940897454998,720575940920881320,5
720575940897365506,720575940896872522,5
720575940893873415,720575940882552101,5
720575940887705416,720575940877555511,5
720575940899398585,720575940890245126,5
720575940905043926,720575940919632133,5
720575940890090420,720575940903679779,5
720575940893386005,720575940877501751,5
720575940893386005,720575940875116119,5
720575940890090420,720575940903370509,5
720575940893873415,720575940903415565,5
720575940899782543,720575940920881320,5
720575940886853257,720575940901384751,5
720575940884032172,720575940898432765,5
720575940893873415,720575940937869229,5
720575940890090420,720575940891164342,5
720575940884032172,720575940896736698,5
720575940893156522,720575940869352923,5
720575940897114128,720575940922957341,5
720575940893122730,720575940930905464,5
720575940897114128,720575940920456848,5
720575940897460886,720575940888731665,5
720575940890107704,720575940878955572,5
720575940897454998,720575940892204542,5
720575940903414541,720575940918815793,5
720575940897365506,720575940920881320,5
720575940902624978,720575940907584340,5
720575940893392149,720575940937857965,5
720575940902624978,720575940916016480,5
720575940884057772,720575940899433773,5
720575940902624978,720575940889238903,5
720575940893395733,720575940924182661,5
720575940902629074,720575940896872522,5
720575940890107704,720575940922795818,5
720575940890107704,720575940920037245,5
720575940884051238,720575940915256127,5
720575940893408011,720575940878916148,5
720575940893392149,720575940912929024,5
720575940890134196,720575940899291016,5
720575940893392149,720575940900956101,5
720575940899433261,720575940917531755,5
720575940901960430,720575940937869229,5
720575940884108031,720575940890962241,5
720575940897454998,720575940891783335,5
720575940890107704,720575940892205566,5
720575940888165967,720575940880837650,5
720575940884949941,720575940897365506,5
720575940884108031,720575940899282056,5
720575940890107704,720575940892204542,5
720575940902671774,720575940878956340,5
720575940899433773,720575940891783335,5
720575940886853257,720575940906113851,5
720575940893949822,720575940881844049,5
720575940890741967,720575940913491825,5
720575940901960430,720575940888793434,5
720575940894143043,720575940878916148,5
720575940896872522,720575940880005762,5
720575940883905052,720575940902671774,5
720575940892205986,720575940881936465,5
720575940894143043,720575940891164342,5
720575940894143043,720575940894647347,5
720575940899861391,720575940896872522,5
720575940883905052,720575940891183798,5
720575940896736698,720575940883905052,5
720575940899861391,720575940902634194,5
720575940890962241,720575940917531755,5
720575940903188925,720575940905043926,5
720575940892205566,720575940899433773,5
720575940892205566,720575940859648663,5
720575940896732090,720575940903414541,5
720575940892204542,720575940937856941,5
720575940889728101,720575940903679779,5
720575940894143043,720575940905061686,5
720575940899861391,720575940910607129,5
720575940883905052,720575940869443690,5
720575940892204542,720575940920881320,5
720575940888793178,720575940892204542,5
720575940903370509,720575940896736698,5
720575940903370509,720575940914883824,5
720575940903414541,720575940859648663,5
720575940892205986,720575940888793434,5
720575940897114128,720575940881936465,5
720575940899153235,720575940881055666,5
720575940894142787,720575940899153235,5
720575940894116163,720575940878955572,5
720575940897460886,720575940897454998,5
720575940894142787,720575940895353262,5
720575940884145919,720575940880372359,5
720575940902680734,720575940881936635,5
720575940897460886,720575940902634194,5
720575940884145919,720575940882077216,5
720575940902703006,720575940878326395,5
720575940892615796,720575940909769176,5
720575940894142787,720575940897460886,5
720575940884031660,720575940888793434,5
720575940894142787,720575940899256770,5
720575940899861391,720575940891184310,5
720575940902703006,720575940896736698,5
720575940902703006,720575940900963269,5
720575940888787983,720575940899861391,5
720575940892205986,720575940939715909,5
720575940892205986,720575940927109144,5
720575940894142787,720575940909393947,5
720575940892205986,720575940903193533,5
720575940899398585,720575940869443690,5
720575940894142787,720575940909769176,5
720575940887704904,720575940895289006,5
720575940894142787,720575940914883824,5
720575940884032172,720575940941106028,5
720575940899291016,720575940899433005,5
720575940883201751,720575940890111288,5
720575940919029575,720575940880005762,5
720575940922949405,720575940915256127,5
720575940922949405,720575940903414541,5
720575940878326395,720575940891184310,5
720575940878326395,720575940891185846,5
720575940922949405,720575940881055666,5
720575940878326395,720575940899433773,5
720575940922765354,720575940920044149,5
720575940922765354,720575940917429907,5
720575940878326395,720575940918815793,5
720575940921992256,720575940899153235,5
720575940921986112,720575940937869229,5
720575940921986112,720575940916016480,5
720575940921986112,720575940894664404,5
720575940921986112,720575940865475743,5
720575940878955828,720575940891184310,5
720575940920833705,720575940909769176,5
720575940878955828,720575940921478163,5
720575940920456848,720575940927184920,5
720575940920054001,720575940896872522,5
720575940878956340,720575940903415565,5
720575940878956340,720575940917531755,5
720575940878956340,720575940939715909,5
720575940919622661,720575940878956340,5
720575940878326395,720575940878955572,5
720575940922957341,720575940891783335,5
720575940878325883,720575940927244768,5
720575940923272236,720575940891783335,5
720575940927109144,720575940888793434,5
720575940925826374,720575940927244512,5
720575940877146459,720575940869352923,5
720575940924436802,720575940915256127,5
720575940877146459,720575940940386475,5
720575940924436802,720575940890118968,5
720575940877501751,720575940903415565,5
720575940924182661,720575940901384751,5
720575940877555511,720575940859648663,5
720575940924182661,720575940875854397,5
720575940923001544,720575940918750769,5
720575940922957341,720575940919632133,5
720575940923001544,720575940915531157,5
720575940923001544,720575940901960430,5
720575940923001544,720575940897460886,5
720575940923001544,720575940895353262,5
720575940923001544,720575940878916148,5
720575940878312571,720575940899281090,5
720575940922958792,720575940927248352,5
720575940922958792,720575940917780131,5
720575940878312571,720575940912929024,5
720575940922957341,720575940927244768,5
720575940879973250,720575940897365506,5
720575940918815793,720575940882393805,5
720575940910624444,720575940902624978,5
720575940880372359,720575940882077216,5
720575940915256127,720575940903415565,5
720575940881918801,720575940915256127,5
720575940881926778,720575940881936465,5
720575940915217983,720575940891164342,5
720575940914883824,720575940963340820,5
720575940881926778,720575940939715909,5
720575940914883824,720575940905042902,5
720575940881935355,720575940885432678,5
720575940881936465,720575940878326395,5
720575940913573871,720575940914014910,5
720575940881936465,720575940890111288,5
720575940881936465,720575940905043670,5
720575940881936465,720575940920037245,5
720575940912929024,720575940894662868,5
720575940912535686,720575940881607875,5
720575940912535686,720575940877555511,5
720575940882077216,720575940878312571,5
720575940911489471,720575940918775345,5
720575940911489471,720575940877555511,5
720575940911411305,720575940923001544,5
720575940882077216,720575940891183798,5
720575940911411305,720575940869443690,5
720575940882077216,720575940902624978,5
720575940915531157,720575940891164342,5
720575940915531157,720575940922709290,5
720575940915531157,720575940923001544,5
720575940917852811,720575940920881320,5
720575940880372359,720575940899283650,5
720575940880372359,720575940917852811,5
720575940918770481,720575940889238903,5
720575940918770481,720575940881935355,5
720575940918750769,720575940894142787,5
720575940917866379,720575940927184920,5
720575940917853067,720575940917531755,5
720575940917853067,720575940890111288,5
720575940917852811,720575940927184920,5
720575940880839442,720575940891183798,5
720575940917852811,720575940920037245,5
720575940915531157,720575940927109144,5
720575940917852811,720575940919632133,5
720575940880839442,720575940919632133,5
720575940917780131,720575940877555511,5
720575940917407635,720575940921478163,5
720575940880896913,720575940941106028,5
720575940881055666,720575940890111288,5
720575940881055666,720575940892204542,5
720575940916016480,720575940883198679,5
720575940915684544,720575940916016480,5
720575940915684544,720575940888793178,5
720575940927109144,720575940914883824,5
720575940927109144,720575940937221662,5
720575940877146203,720575940882672796,5
720575940927109144,720575940940380075,5
720575940940896383,720575940905043670,5
720575940940896383,720575940900956101,5
720575940940896383,720575940891196854,5
720575940864403212,720575940912535686,5
720575940940380075,720575940920881320,5
720575940940380075,720575940890107704,5
720575940864403724,720575940894647347,5
720575940939716165,720575940891184310,5
720575940939715909,720575940919632133,5
720575940939715909,720575940896872522,5
720575940939715909,720575940891185846,5
720575940937869229,720575940940380075,5
720575940937869229,720575940908781145,5
720575940937869229,720575940900956101,5
720575940865475487,720575940892615796,5
720575940865475487,720575940894143043,5
720575940937869229,720575940878956340,5
720575940865475487,720575940899153235,5
720575940865475487,720575940914883824,5
720575940937862061,720575940899281090,5
720575940937862061,720575940895353262,5
720575940937862061,720575940891164342,5
720575940865475743,720575940886931959,5
720575940940896383,720575940919029575,5
720575940940896383,720575940937869229,5
720575940862564127,720575940941106028,5
720575940861406706,720575940919029575,5
720575940948987670,720575940920037245,5
720575940847552365,720575940898432765,5
720575940847552365,720575940913491825,5
720575940946223236,720575940920037245,5
720575940946223236,720575940899291016,5
720575940859648663,720575940921478163,5
720575940861406706,720575940882552101,5
720575940941124460,720575940889238903,5
720575940941124460,720575940880875929,5
720575940941106028,720575940928343548,5
720575940861406706,720575940937862061,5
720575940941089388,720575940888799761,5
720575940941106028,720575940890108216,5
720575940941106028,720575940886540578,5
720575940941106028,720575940881936465,5
720575940941106028,720575940881935185,5
720575940861407986,720575940917407635,5
720575940862185831,720575940883905052,5
720575940862185831,720575940884145919,5
720575940941089388,720575940905042902,5
720575940941089388,720575940897460886,5
720575940941089388,720575940894664404,5
720575940937862061,720575940889238903,5
720575940865475743,720575940893408011,5
720575940865475743,720575940899281090,5
720575940927215328,720575940902703006,5
720575940927248352,720575940878326395,5
720575940927244512,720575940899861391,5
720575940927244512,720575940896872522,5
720575940927244256,720575940918815793,5
720575940927244256,720575940899433773,5
720575940872856946,720575940925790278,5
720575940927216096,720575940941106028,5
720575940927215328,720575940940380075,5
720575940927215328,720575940903679779,5
720575940875116119,720575940894664404,5
720575940875116119,720575940905043926,5
720575940927248352,720575940899283650,5
720575940927215328,720575940883901724,5
720575940927215328,720575940870685014,5
720575940875843901,720575940917531755,5
720575940927208416,720575940903188925,5
720575940927208416,720575940890118968,5
720575940927184920,720575940939716165,5
720575940927184920,720575940922795818,5
720575940927184920,720575940905041878,5
720575940927184920,720575940880005762,5
720575940927175960,720575940925790278,5
720575940927248352,720575940891181902,5
720575940927248352,720575940919029575,5
720575940937848237,720575940902629074,5
720575940930905464,720575940882672796,5
720575940937240862,720575940922795818,5
720575940937240862,720575940920037245,5
720575940869443690,720575940878916148,5
720575940869443690,720575940881607875,5
720575940869443690,720575940894647859,5
720575940933768470,720575940904120528,5
720575940932846484,720575940878955572,5
720575940932756628,720575940890134196,5
720575940930905464,720575940927184920,5
720575940930905464,720575940919632133,5
720575940869533454,720575940881936635,5
720575940927248352,720575940920881320,5
720575940930897229,720575940905061686,5
720575940930897229,720575940899256770,5
720575940930873976,720575940877555511,5
720575940870685014,720575940883197911,5
720575940870685014,720575940891183798,5
720575940927794480,720575940930825549,5
720575940870685014,720575940896732090,5
720575940927275084,720575940883198167,5
720575940927248352,720575940922957341,5
720575940870685014,720575940916016480,5
720575940910624444,720575940912929024,5
720575940909769176,720575940894664404,5
720575940908359172,720575940881936635,5
720575940909767384,720575940883901724,5
720575940909235164,720575940877555511,5
720575940908386564,720575940899153235,5
720575940905081398,720575940894647347,5
720575940882124516,720575940890245126,5
720575940908386564,720575940908782425,5
720575940907584340,720575940889238903,5
720575940882124516,720575940869443690,5
720575940908781145,720575940878326395,5
720575940905365705,720575940888793434,5
720575940905365705,720575940899282056,5
720575940882672796,720575940917531755,5
720575940906283251,720575940894647859,5
720575940906283251,720575940875843901,5
720575940909767384,720575940882552101,5
720575940882117920,720575940899433517,5
720575940909769176,720575940905043670,5
720575940906113851,720575940927184920,5
720575940908781145,720575940946223236,5
720575940891181902,720575940917780131,5
720575940909393947,720575940908782425,5
720575940907584340,720575940902624978,5
720575940882117920,720575940900033476,5
720575940907584340,720575940908781145,5
720575940882672796,720575940899432749,5
720575940907584340,720575940937862061,5
720575940882672796,720575940891783335,5
720575940882155492,720575940903415565,5
720575940924182661,720575940884925028,4
720575940924182661,720575940900033476,4
720575940889166262,720575940880839442,4
720575940894647347,720575940908782425,4
720575940894647347,720575940903188925,4
720575940894642900,720575940920456848,4
720575940882520101,720575940937221662,4
720575940894642900,720575940883901724,4
720575940889215863,720575940878956340,4
720575940927208416,720575940894647347,4
720575940894642644,720575940946223236,4
720575940894647859,720575940892205566,4
720575940889215863,720575940882124516,4
720575940924436802,720575940875843901,4
720575940894642644,720575940925826374,4
720575940924436802,720575940899282056,4
720575940877146459,720575940903113149,4
720575940877146459,720575940893156522,4
720575940877146459,720575940891184310,4
720575940894642644,720575940915253823,4
720575940888799761,720575940927184920,4
720575940889728101,720575940897460886,4
720575940903706403,720575940871523385,4
720575940927215328,720575940890245126,4
720575940895289006,720575940890107704,4
720575940923001544,720575940930897229,4
720575940888793434,720575940939715909,4
720575940923272236,720575940922795818,4
720575940924156549,720575940888793434,4
720575940874972385,720575940899282056,4
720575940924156549,720575940922949405,4
720575940903679779,720575940937857965,4
720575940895267018,720575940877555511,4
720575940894664404,720575940920881320,4
720575940894664404,720575940917531755,4
720575940894664404,720575940899433773,4
720575940927215328,720575940901384751,4
720575940894662868,720575940896872522,4
720575940894662868,720575940890111288,4
720575940924182661,720575940881055666,4
720575940894662868,720575940878955572,4
720575940894662868,720575940859648663,4
720575940927215328,720575940888793434,4
720575940894642644,720575940908781145,4
720575940925826374,720575940896872522,4
720575940875843901,720575940927244768,4
720575940875854397,720575940899433773,4
720575940908359172,720575940915256127,4
720575940875854397,720575940922949405,4
720575940927184920,720575940891783335,4
720575940927184920,720575940893156522,4
720575940889238903,720575940903415565,4
720575940927184920,720575940921478163,4
720575940883866908,720575940908782425,4
720575940889238903,720575940905043926,4
720575940894143299,720575940880875929,4
720575940894143299,720575940905061686,4
720575940927175960,720575940889249143,4
720575940908386564,720575940881974650,4
720575940927208416,720575940865475743,4
720575940927208416,720575940875843901,4
720575940889238903,720575940919029575,4
720575940894143299,720575940882077216,4
720575940927208416,720575940883201751,4
720575940927208416,720575940890962241,4
720575940927208416,720575940892205566,4
720575940927208416,720575940895353262,4
720575940927175960,720575940918311989,4
720575940894143299,720575940862185831,4
720575940925826374,720575940919029575,4
720575940889238903,720575940881936465,4
720575940877146459,720575940878955572,4
720575940903751971,720575940920037245,4
720575940889238903,720575940875854397,4
720575940889238903,720575940877555511,4
720575940877146203,720575940922795818,4
720575940927109144,720575940890090420,4
720575940889728101,720575940888799761,4
720575940894642644,720575940888799761,4
720575940877146203,720575940891783335,4
720575940895289006,720575940890245126,4
720575940889728101,720575940869443690,4
720575940927109144,720575940920037245,4
720575940927109144,720575940922709290,4
720575940894178664,720575940917429907,4
720575940894143043,720575940921992256,4
720575940875843901,720575940878326395,4
720575940894178664,720575940905050934,4
720575940927215328,720575940875116119,4
720575940894178664,720575940899282056,4
720575940927175960,720575940883900700,4
720575940927109144,720575940909393947,4
720575940888793178,720575940891185846,4
720575940888793434,720575940902634194,4
720575940921986112,720575940905043670,4
720575940920881320,720575940921478163,4
720575940887704904,720575940902703006,4
720575940921525267,720575940896872522,4
720575940883901724,720575940939715909,4
720575940897460886,720575940891518756,4
720575940897460886,720575940890939713,4
720575940921986112,720575940871523385,4
720575940921986112,720575940880875929,4
720575940921986112,720575940881935355,4
720575940908782425,720575940940386475,4
720575940921986112,720575940899153235,4
720575940897460886,720575940878326395,4
720575940898861305,720575940882650524,4
720575940897454998,720575940922795818,4
720575940921986112,720575940908386564,4
720575940897454998,720575940920027261,4
720575940878947380,720575940883198167,4
720575940921986112,720575940912535686,4
720575940897454998,720575940918311989,4
720575940878916148,720575940946223236,4
720575940883901724,720575940932846484,4
720575940878916148,720575940913491825,4
720575940897454998,720575940899433517,4
720575940887705416,720575940937857965,4
720575940878955828,720575940886574602,4
720575940898861305,720575940897341698,4
720575940921992256,720575940888793178,4
720575940878956340,720575940888216655,4
720575940903188925,720575940919632133,4
720575940919622661,720575940894664404,4
720575940903188925,720575940920027261,4
720575940919622661,720575940946223236,4
720575940878956340,720575940905042902,4
720575940878956340,720575940902634194,4
720575940920037245,720575940899432749,4
720575940899256770,720575940917852811,4
720575940920044149,720575940900963269,4
720575940920044149,720575940939715909,4
720575940878956340,720575940894662868,4
720575940887087578,720575940940380075,4
720575940887704904,720575940886853257,4
720575940887090394,720575940883201751,4
720575940887090394,720575940890962241,4
720575940920456848,720575940891185846,4
720575940920833705,720575940881935355,4
720575940899256770,720575940880875929,4
720575940878955828,720575940920881320,4
720575940920833705,720575940903370509,4
720575940899256770,720575940869443690,4
720575940920833705,720575940903679779,4
720575940878955828,720575940917853067,4
720575940920833705,720575940922709290,4
720575940897454998,720575940899432749,4
720575940908782425,720575940932846484,4
720575940923001544,720575940920833705,4
720575940895353262,720575940919632133,4
720575940922957341,720575940927244256,4
720575940908782425,720575940899433261,4
720575940922957341,720575940932846484,4
720575940878312571,720575940920037245,4
720575940896732090,720575940899433517,4
720575940908782425,720575940899153235,4
720575940883901724,720575940891518756,4
720575940895353262,720575940927184920,4
720575940888793178,720575940899433773,4
720575940878312571,720575940891185846,4
720575940903415565,720575940917853067,4
720575940895353262,720575940908782425,4
720575940888787983,720575940937869229,4
720575940895353262,720575940905050934,4
720575940888793178,720575940919632133,4
720575940888793178,720575940920037245,4
720575940895353262,720575940891185846,4
720575940877555511,720575940937856941,4
720575940923001544,720575940903370509,4
720575940923001544,720575940909393947,4
720575940908781145,720575940903414541,4
720575940923001544,720575940915967584,4
720575940894143043,720575940901960430,4
720575940895289006,720575940900956101,4
720575940896872522,720575940878955572,4
720575940922957341,720575940920881320,4
720575940921992256,720575940908386564,4
720575940903370509,720575940940380075,4
720575940888059760,720575940937221662,4
720575940921992256,720575940922709290,4
720575940878916148,720575940877555511,4
720575940897454998,720575940891184310,4
720575940897454998,720575940878955828,4
720575940878326395,720575940922795818,4
720575940922765354,720575940899861391,4
720575940922765354,720575940905050934,4
720575940903370509,720575940916016480,4
720575940908782425,720575940921478163,4
720575940922765354,720575940920894376,4
720575940922795818,720575940880005762,4
720575940878325883,720575940899434029,4
720575940897365506,720575940902634194,4
720575940897347842,720575940881974650,4
720575940897347842,720575940881936635,4
720575940897347842,720575940880850833,4
720575940883901724,720575940905042134,4
720575940908782425,720575940917853067,4
720575940922957341,720575940891184310,4
720575940903414541,720575940922795818,4
720575940903415565,720575940859648663,4
720575940922957341,720575940899432749,4
720575940878325883,720575940910607129,4
720575940895289006,720575940901384751,4
720575940889794145,720575940881055666,4
720575940889728101,720575940905061686,4
720575940892205566,720575940917531755,4
720575940905041878,720575940927244512,4
720575940883729656,720575940889238903,4
720575940864403724,720575940894143043,4
720575940864403724,720575940893395733,4
720575940939716165,720575940927244512,4
720575940890962241,720575940890111288,4
720575940940380075,720575940878326395,4
720575940883197911,720575940937240862,4
720575940940380075,720575940897460886,4
720575940892205566,720575940918815793,4
720575940892205566,720575940917853067,4
720575940892205566,720575940909797811,4
720575940927216096,720575940877555511,4
720575940940380075,720575940915253823,4
720575940864403212,720575940940380075,4
720575940892205566,720575940886574602,4
720575940905365705,720575940918750769,4
720575940883729656,720575940880838162,4
720575940940902015,720575940882160356,4
720575940892204542,720575940918815793,4
720575940940902015,720575940903996112,4
720575940941089388,720575940865475743,4
720575940892204542,720575940878955572,4
720575940941089388,720575940877555511,4
720575940892205986,720575940891183798,4
720575940939716165,720575940869352923,4
720575940905014742,720575940930905464,4
720575940864403724,720575940928343548,4
720575940865475743,720575940862185831,4
720575940906113851,720575940916299357,4
720575940905014742,720575940886540578,4
720575940937862061,720575940907584340,4
720575940937862061,720575940920037245,4
720575940937862061,720575940927248352,4
720575940906113851,720575940880837650,4
720575940893122730,720575940870685014,4
720575940905375945,720575940904120528,4
720575940890743247,720575940890245126,4
720575940865475487,720575940889728101,4
720575940937869229,720575940906113851,4
720575940892615796,720575940903679779,4
720575940892615796,720575940902629074,4
720575940865475487,720575940881607875,4
720575940890743247,720575940903414541,4
720575940890743247,720575940908782425,4
720575940937869229,720575940927215328,4
720575940892615796,720575940869443690,4
720575940905365705,720575940941106028,4
720575940905365705,720575940922949405,4
720575940905014742,720575940926223758,4
720575940892205986,720575940916236035,4
720575940862564127,720575940881936465,4
720575940905042902,720575940859648663,4
720575940862185831,720575940916016480,4
720575940941124460,720575940908386564,4
720575940891164342,720575940894664404,4
720575940891751079,720575940890118968,4
720575940941124460,720575940948987670,4
720575940891181902,720575940877555511,4
720575940946223236,720575940899433517,4
720575940891181902,720575940881055666,4
720575940891518756,720575940889952699,4
720575940891185846,720575940940386475,4
720575940891185846,720575940920037245,4
720575940891185846,720575940903113149,4
720575940948987670,720575940877555511,4
720575940948987670,720575940880875929,4
720575940948987670,720575940891185846,4
720575940847552365,720575940920044149,4
720575940891183798,720575940919632133,4
720575940891181902,720575940897460886,4
720575940891183798,720575940917852811,4
720575940891183798,720575940894664404,4
720575940891181902,720575940903414541,4
720575940891183798,720575940890107704,4
720575940891183798,720575940885432678,4
720575940891183798,720575940877555511,4
720575940847552365,720575940881936635,4
720575940941124460,720575940919029575,4
720575940891751079,720575940903188925,4
720575940891783079,720575940939716165,4
720575940891163574,720575940948987670,4
720575940941089388,720575940899281090,4
720575940891783079,720575940937856941,4
720575940905081398,720575940946223236,4
720575940941089388,720575940905043926,4
720575940862185831,720575940899398585,4
720575940905042902,720575940899291016,4
720575940941089388,720575940928343548,4
720575940861407986,720575940925826374,4
720575940891751079,720575940922949405,4
720575940891163574,720575940908386564,4
720575940905042902,720575940919632133,4
720575940861407986,720575940904120528,4
720575940905081398,720575940909393947,4
720575940905081398,720575940903415565,4
720575940861406706,720575940937869229,4
720575940905081398,720575940882117920,4
720575940941106028,720575940922957341,4
720575940905061686,720575940905043926,4
720575940941124460,720575940885432678,4
720575940861406706,720575940883729656,4
720575940941124460,720575940899283650,4
720575940883201751,720575940899433773,4
720575940941124460,720575940903414541,4
720575940865475743,720575940877501751,4
720575940890245126,720575940920881320,4
720575940883729656,720575940907584340,4
720575940893949822,720575940920044149,4
720575940927248352,720575940910607129,4
720575940882672796,720575940920037245,4
720575940904086480,720575940928343548,4
720575940882672796,720575940920881320,4
720575940893873415,720575940916236035,4
720575940870685014,720575940903370509,4
720575940927248352,720575940948987670,4
720575940893873415,720575940915253823,4
720575940870685014,720575940900956101,4
720575940893873415,720575940903188925,4
720575940870685014,720575940899153235,4
720575940907584340,720575940901384751,4
720575940890090420,720575940914883824,4
720575940870685014,720575940891163574,4
720575940870685014,720575940889238903,4
720575940890090420,720575940927208416,4
720575940893774059,720575940920456848,4
720575940870685014,720575940880372359,4
720575940930873976,720575940937857965,4
720575940930897229,720575940869443690,4
720575940869534222,720575940899861391,4
720575940930897229,720575940878916148,4
720575940930897229,720575940894143043,4
720575940893949822,720575940894563284,4
720575940890090420,720575940864403724,4
720575940930897229,720575940899153235,4
720575940871491897,720575940871523385,4
720575940907584340,720575940920037245,4
720575940889728101,720575940927109144,4
720575940927244512,720575940891184310,4
720575940927244512,720575940894116163,4
720575940919600645,720575940948987670,4
720575940894143043,720575940865475487,4
720575940894142787,720575940922709290,4
720575940871491897,720575940923272236,4
720575940894142787,720575940920833705,4
720575940927244768,720575940878325883,4
720575940894142787,720575940915684544,4
720575940927244768,720575940886574602,4
720575940889794145,720575940903188925,4
720575940889794145,720575940903415565,4
720575940927244768,720575940918815793,4
720575940927244768,720575940920037245,4
720575940927244768,720575940927244256,4
720575940927248352,720575940891183798,4
720575940889794145,720575940946223236,4
720575940894142787,720575940878916148,4
720575940871491897,720575940886540578,4
720575940894142787,720575940875116119,4
720575940871491897,720575940881936465,4
720575940890107704,720575940893156522,4
720575940930897229,720575940915217983,4
720575940906113851,720575940920037245,4
720575940936679190,720575940886540578,4
720575940890245126,720575940878326395,4
720575940893392149,720575940894664404,4
720575940890245126,720575940878955828,4
720575940936679190,720575940902629074,4
720575940905014486,720575940903996112,4
720575940869443690,720575940880838162,4
720575940936679190,720575940919029575,4
720575940937240862,720575940880837650,4
720575940906113851,720575940923272236,4
720575940937856941,720575940896872522,4
720575940937857965,720575940878955572,4
720575940937857965,720575940900033476,4
720575940890245126,720575940900033476,4
720575940865475743,720575940902703006,4
720575940890245126,720575940903414541,4
720575940865475743,720575940902671774,4
720575940890245126,720575940903751971,4
720575940890245126,720575940905042134,4
720575940865475743,720575940901384751,4
720575940883729656,720575940912929024,4
720575940937857965,720575940921478163,4
720575940937857965,720575940932846484,4
720575940865475743,720575940891183798,4
720575940893392149,720575940899861391,4
720575940936679190,720575940885432678,4
720575940869533454,720575940888793434,4
720575940936679190,720575940882672796,4
720575940893408011,720575940891183798,4
720575940930897229,720575940918750769,4
720575940905014486,720575940890118968,4
720575940893408011,720575940883905052,4
720575940890107704,720575940917531755,4
720575940890107704,720575940918815793,4
720575940890107704,720575940920027261,4
720575940890107704,720575940921478163,4
720575940906283251,720575940882552101,4
720575940869443690,720575940922709290,4
720575940905014486,720575940897365506,4
720575940890108216,720575940894662868,4
720575940890108216,720575940905041878,4
720575940932756628,720575940886540578,4
720575940890111288,720575940920881320,4
720575940932756628,720575940925826374,4
720575940905014486,720575940899782543,4
720575940893392149,720575940923001800,4
720575940890134196,720575940880005762,4
720575940890134196,720575940892204542,4
720575940893392149,720575940908781145,4
720575940936679190,720575940878312571,4
720575940893392149,720575940905042902,4
720575940883905052,720575940883197911,4
720575940897460886,720575940883198679,4
720575940899281090,720575940922957341,4
720575940899782543,720575940880005762,4
720575940901960430,720575940897460886,4
720575940884031660,720575940881844049,4
720575940882128356,720575940877555511,4
720575940899433261,720575940899291016,4
720575940899433261,720575940894116163,4
720575940884108031,720575940922709290,4
720575940886540578,720575940885432678,4
720575940899433261,720575940891184310,4
720575940903188925,720575940878955572,4
720575940914869232,720575940902629074,4
720575940899432749,720575940940386475,4
720575940884108031,720575940917852811,4
720575940917852811,720575940932846484,4
720575940917853067,720575940900033476,4
720575940886540578,720575940920054001,4
720575940899433261,720575940922795818,4
720575940882124516,720575940924182661,4
720575940917852811,720575940917531755,4
720575940914883824,720575940905043670,4
720575940899782543,720575940859648663,4
720575940917852811,720575940892204542,4
720575940881926778,720575940903370509,4
720575940881926778,720575940903414541,4
720575940914883824,720575940918750769,4
720575940917852811,720575940893156522,4
720575940899433773,720575940878955572,4
720575940899433517,720575940888216655,4
720575940884031660,720575940880850833,4
720575940886458045,720575940882552101,4
720575940914883824,720575940897460886,4
720575940886458045,720575940883905308,4
720575940899433517,720575940927244768,4
720575940899433517,720575940922795818,4
720575940909393947,720575940899282056,4
720575940881936465,720575940878955828,4
720575940917853067,720575940918815793,4
720575940912929024,720575940878955828,4
720575940903188925,720575940899291016,4
720575940918750769,720575940899282056,4
720575940899398585,720575940889215863,4
720575940886853257,720575940902624978,4
720575940912929024,720575940886540578,4
720575940912929024,720575940883198679,4
720575940902363320,720575940948987670,4
720575940899398585,720575940891163574,4
720575940918770481,720575940875843901,4
720575940902624978,720575940880875929,4
720575940903188925,720575940899433517,4
720575940918770481,720575940882077216,4
720575940912591238,720575940917407635,4
720575940899398585,720575940880372359,4
720575940884108031,720575940878916148,4
720575940912929024,720575940920027261,4
720575940902703006,720575940897454998,4
720575940880838162,720575940917866379,4
720575940884108031,720575940897460886,4
720575940880838162,720575940937240862,4
720575940913511793,720575940891196854,4
720575940913511793,720575940882552101,4
720575940918288693,720575940937221662,4
720575940912929024,720575940923272236,4
720575940918750769,720575940881055666,4
720575940902363320,720575940883901724,4
720575940901971694,720575940894563284,4
720575940901971694,720575940899779727,4
720575940902302721,720575940882103072,4
720575940912929024,720575940921525267,4
720575940918750769,720575940888731665,4
720575940884108031,720575940881935355,4
720575940880839442,720575940900956101,4
720575940917852811,720575940878955572,4
720575940899398585,720575940878312571,4
720575940917852811,720575940859648663,4
720575940883905052,720575940924182661,4
720575940900956101,720575940920881320,4
720575940900956101,720575940927184920,4
720575940902703006,720575940927184920,4
720575940900963269,720575940884939979,4
720575940915531157,720575940909769176,4
720575940881055666,720575940891185846,4
720575940878957108,720575940894116163,4
720575940900963269,720575940903415565,4
720575940883905052,720575940916016480,4
720575940881918801,720575940881974650,4
720575940900233186,720575940877501751,4
720575940900033476,720575940910607129,4
720575940915531157,720575940890090420,4
720575940916236035,720575940869352923,4
720575940883905052,720575940922958792,4
720575940881055666,720575940899291016,4
720575940900287353,720575940891196854,4
720575940915967584,720575940922709290,4
720575940884728634,720575940918750769,4
720575940884728634,720575940905061686,4
720575940881055666,720575940927244768,4
720575940884728634,720575940905043926,4
720575940884728634,720575940905043670,4
720575940881055666,720575940919632133,4
720575940915967584,720575940881935355,4
720575940883905052,720575940919622661,4
720575940916016480,720575940881055666,4
720575940884728634,720575940899861391,4
720575940900956101,720575940917531755,4
720575940916016480,720575940882124516,4
720575940883905052,720575940918770481,4
720575940915684544,720575940903370509,4
720575940915256127,720575940920037245,4
720575940884925028,720575940927244768,4
720575940900033476,720575940899433261,4
720575940917780131,720575940894664404,4
720575940899861391,720575940903751971,4
720575940909769176,720575940888731665,4
720575940881926778,720575940883905308,4
720575940915217983,720575940928343548,4
720575940899861391,720575940893156522,4
720575940880839442,720575940939715909,4
720575940899861391,720575940882393805,4
720575940901384751,720575940894178664,4
720575940899861391,720575940880005762,4
720575940915217983,720575940894647347,4
720575940881926778,720575940899861391,4
720575940880839442,720575940915256127,4
720575940909769176,720575940888799761,4
720575940917780131,720575940946223236,4
720575940880875929,720575940877555511,4
720575940899861391,720575940919029575,4
720575940884949941,720575940883905308,4
720575940880875929,720575940946223236,4
720575940884145919,720575940927215328,4
720575940915256127,720575940903414541,4
720575940884976331,720575940877555511,4
720575940916236035,720575940900033476,4
720575940900033476,720575940878955572,4
720575940880896913,720575940888731665,4
720575940880875929,720575940928343548,4
720575940915253823,720575940900033476,4
720575940884976331,720575940912535686,4
720575940916299357,720575940917853067,4
720575940915256127,720575940882117920,4
720575940916299357,720575940927244768,4
720575940883905052,720575940930905464,4
720575940899861391,720575940920037245,4
720575940902624978,720575940891181902,4
720575940880839442,720575940886540578,4
720575940899283650,720575940903188925,4
720575940880372359,720575940897460886,4
720575940918990151,720575940869443690,4
720575940911411305,720575940908386564,4
720575940909769176,720575940922709290,4
720575940902703006,720575940881055666,4
720575940918815793,720575940899433261,4
720575940918815793,720575940899433005,4
720575940909235164,720575940926223758,4
720575940911489471,720575940923272236,4
720575940882128356,720575940928343548,4
720575940902703006,720575940881935355,4
720575940899283650,720575940913491825,4
720575940884051238,720575940900963269,4
720575940883905052,720575940891164342,4
720575940880372359,720575940927215328,4
720575940899291016,720575940899432749,4
720575940899291016,720575940899433773,4
720575940880372359,720575940902634194,4
720575940880372359,720575940902671774,4
720575940899291016,720575940910607129,4
720575940899291016,720575940921478163,4
720575940912535686,720575940905050934,4
720575940882061434,720575940903415565,4
720575940882061434,720575940903188925,4
720575940902629074,720575940893156522,4
720575940899353473,720575940926223758,4
720575940918775345,720575940902629074,4
720575940911411305,720575940865475487,4
720575940899283650,720575940900956101,4
720575940910952353,720575940909393947,4
720575940884032172,720575940915256127,4
720575940919600645,720575940917422227,4
720575940902671774,720575940940380075,4
720575940919600645,720575940907584340,4
720575940910624444,720575940881055666,4
720575940878957108,720575940940386475,4
720575940899282056,720575940881936465,4
720575940919600645,720575940882552101,4
720575940919045143,720575940915256127,4
720575940910624444,720575940884145919,4
720575940882082080,720575940888731665,4
720575940899282056,720575940897454998,4
720575940899282056,720575940903415565,4
720575940902671774,720575940902634194,4
720575940919029575,720575940927184920,4
720575940882082080,720575940881936635,4
720575940910624444,720575940901384751,4
720575940910624444,720575940903679779,4
720575940902680734,720575940915256127,4
720575940909235164,720575940917866379,4
720575940919029575,720575940919632133,4
720575940919029575,720575940917531755,4
720575940919029575,720575940893156522,4
720575940919029575,720575940885432678,4
720575940910624444,720575940919029575,4
720575940909797811,720575940899433261,4
720575940918775345,720575940897460886,4
720575940915967584,720575940903188925,4
720575940912591238,720575940888793434,4
720575940918775345,720575940881607875,4
720575940886853257,720575940919632133,4
720575940882061434,720575940878916148,4
720575940899356801,720575940890118968,4
720575940884057772,720575940890111288,4
720575940902624978,720575940922957341,4
720575940912591238,720575940881936635,4
720575940886853257,720575940918750769,4
720575940884051238,720575940927109144,4
720575940893395733,720575940940380075,3
720575940905041878,720575940939716165,3
720575940940896383,720575940882552101,3
720575940930905464,720575940922957341,3
720575940930905464,720575940920037245,3
720575940901384751,720575940878956340,3
720575940893408011,720575940877555511,3
720575940902703006,720575940917780131,3
720575940893395733,720575940923001544,3
720575940940380075,720575940946223236,3
720575940948987670,720575940883197911,3
720575940915256127,720575940919632133,3
720575940915531157,720575940893395733,3
720575940930897229,720575940937857965,3
720575940893408011,720575940882077216,3
720575940930905464,720575940877555511,3
720575940930905464,720575940881055666,3
720575940915531157,720575940894142787,3
720575940930905464,720575940881935185,3
720575940891183798,720575940927184920,3
720575940893395733,720575940920833705,3
720575940909769176,720575940881055666,3
720575940930905464,720575940885432678,3
720575940891184310,720575940891783335,3
720575940910624444,720575940894647859,3
720575940930905464,720575940894143299,3
720575940930905464,720575940897454998,3
720575940893395733,720575940921986112,3
720575940912535686,720575940937857965,3
720575940930905464,720575940939715909,3
720575940906113851,720575940939715909,3
720575940891746215,720575940881974650,3
720575940905043670,720575940920037245,3
720575940932756628,720575940899782543,3
720575940891746215,720575940913491825,3
720575940915253823,720575940922795818,3
720575940915253823,720575940920881320,3
720575940941089388,720575940881935355,3
720575940891185846,720575940899861391,3
720575940933768470,720575940927184920,3
720575940902671774,720575940891196854,3
720575940892204542,720575940878325883,3
720575940905014486,720575940902629074,3
720575940933768470,720575940927244512,3
720575940946223236,720575940899433773,3
720575940940380075,720575940900963269,3
720575940902624978,720575940899782543,3
720575940932756628,720575940890245126,3
720575940915256127,720575940885432678,3
720575940891518756,720575940927184920,3
720575940915256127,720575940896736698,3
720575940902671774,720575940893408011,3
720575940893395733,720575940884057772,3
720575940912929024,720575940878326395,3
720575940932756628,720575940871523385,3
720575940893395733,720575940897460886,3
720575940940380075,720575940916236035,3
720575940893395733,720575940902703006,3
720575940892205566,720575940899432749,3
720575940893395733,720575940908386564,3
720575940893395733,720575940913491825,3
720575940902671774,720575940900956101,3
720575940909797811,720575940899433517,3
720575940915531157,720575940894143043,3
720575940891183798,720575940920037245,3
720575940907584340,720575940891164342,3
720575940891183798,720575940897460886,3
720575940915684544,720575940897460886,3
720575940893774059,720575940922709290,3
720575940892204542,720575940917531755,3
720575940910624444,720575940881935355,3
720575940928343548,720575940917531755,3
720575940893873415,720575940875843901,3
720575940912591238,720575940903415565,3
720575940893873415,720575940878326395,3
720575940910624444,720575940869443690,3
720575940907584340,720575940886853257,3
720575940928343548,720575940891185846,3
720575940948987670,720575940920027261,3
720575940927275084,720575940918311989,3
720575940910295881,720575940922795818,3
720575940930897229,720575940937848237,3
720575940900956101,720575940905043670,3
720575940910295881,720575940890111288,3
720575940905043926,720575940890111288,3
720575940905365705,720575940905043670,3
720575940915967584,720575940894143299,3
720575940915967584,720575940894664404,3
720575940905043926,720575940903188925,3
720575940964330406,720575940884939979,3
720575940940896383,720575940907584340,3
720575940902624978,720575940890245126,3
720575940900956101,720575940903415565,3
720575940891181902,720575940919632133,3
720575940904258003,720575940890134196,3
720575940915967584,720575940899861391,3
720575940915684544,720575940881055666,3
720575940928343548,720575940920037245,3
720575940928343548,720575940920881320,3
720575940905014486,720575940881936465,3
720575940893392149,720575940915253823,3
720575940902624978,720575940899281090,3
720575940900963269,720575940905041878,3
720575940902624978,720575940891185846,3
720575940892204542,720575940880005762,3
720575940905042134,720575940881974650,3
720575940930897229,720575940915967584,3
720575940915531157,720575940903188925,3
720575940915531157,720575940904086480,3
720575940905014486,720575940888793434,3
720575940907584340,720575940875116119,3
720575940893408011,720575940902634194,3
720575940905043670,720575940920881320,3
720575940948987670,720575940919029575,3
720575940905042134,720575940899434029,3
720575940930897229,720575940884728634,3
720575940900956101,720575940922957341,3
720575940891183798,720575940903415565,3
720575940940896383,720575940894664404,3
720575940930897229,720575940864403724,3
720575940891183798,720575940900033476,3
720575940893408011,720575940927215328,3
720575940930873976,720575940905042902,3
720575940893408011,720575940939715909,3
720575940891183798,720575940899291016,3
720575940902703006,720575940922949405,3
720575940893408011,720575940940380075,3
720575940892204542,720575940940386475,3
720575940907584340,720575940880838162,3
720575940892204542,720575940869352923,3
720575940905043926,720575940920881320,3
720575940933768470,720575940937240862,3
720575940891783079,720575940927244512,3
720575940906113851,720575940903751971,3
720575940902624978,720575940917780131,3
720575940937862061,720575940903415565,3
720575940937862061,720575940903414541,3
720575940937862061,720575940899283650,3
720575940902629074,720575940905041878,3
720575940902629074,720575940920037245,3
720575940937862061,720575940896736698,3
720575940909769176,720575940908782425,3
720575940893156522,720575940882393805,3
720575940914869232,720575940917422227,3
720575940893156522,720575940937856941,3
720575940941089388,720575940940380075,3
720575940941089388,720575940899782543,3
720575940902363320,720575940882672796,3
720575940902629074,720575940922795818,3
720575940912591238,720575940884939979,3
720575940906113851,720575940919632133,3
720575940892205986,720575940882672796,3
720575940901960430,720575940897365506,3
720575940912535686,720575940887194266,3
720575940909769176,720575940918750769,3
720575940914883824,720575940877555511,3
720575940937862061,720575940881935355,3
720575940905081398,720575940894142787,3
720575940937862061,720575940880875929,3
720575940902703006,720575940886540578,3
720575940914883824,720575940881055666,3
720575940906113851,720575940921525267,3
720575940937862061,720575940916016480,3
720575940937862061,720575940917780131,3
720575940935668092,720575940898432765,3
720575940914869232,720575940899281090,3
720575940939715909,720575940894662868,3
720575940912929024,720575940937240862,3
720575940902703006,720575940890111288,3
720575940939715909,720575940905050934,3
720575940913573871,720575940878957108,3
720575940937869229,720575940915967584,3
720575940891783079,720575940896872522,3
720575940913573871,720575940883198679,3
720575940905375945,720575940897365506,3
720575940901960430,720575940927109144,3
720575940913573871,720575940890018996,3
720575940913573871,720575940899432749,3
720575940937869229,720575940902624978,3
720575940913573871,720575940899434029,3
720575940913573871,720575940913491825,3
720575940892615796,720575940918750769,3
720575940892615796,720575940922709290,3
720575940901971694,720575940888793434,3
720575940891783079,720575940891184310,3
720575940906113851,720575940878326395,3
720575940905042902,720575940917531755,3
720575940892205986,720575940902629074,3
720575940906113851,720575940878955828,3
720575940901960430,720575940908386564,3
720575940939715909,720575940917531755,3
720575940906113851,720575940891185846,3
720575940913573871,720575940924431938,3
720575940937862061,720575940922957341,3
720575940915967584,720575940903679779,3
720575940893386005,720575940881607875,3
720575940914883824,720575940886540578,3
720575940905042902,720575940922795818,3
720575940914883824,720575940888731665,3
720575940909797811,720575940891184310,3
720575940901384751,720575940912929024,3
720575940936679190,720575940917852811,3
720575940909797811,720575940894116163,3
720575940936679190,720575940915256127,3
720575940906113851,720575940937240862,3
720575940892205566,720575940922795818,3
720575940902680734,720575940927109144,3
720575940892205566,720575940921478163,3
720575940912929024,720575940902634194,3
720575940915217983,720575940899281090,3
720575940893392149,720575940890756047,3
720575940936679190,720575940899782543,3
720575940940380075,720575940899433517,3
720575940909769176,720575940917429907,3
720575940901384751,720575940908781145,3
720575940915217983,720575940903679779,3
720575940891751079,720575940890107704,3
720575940915217983,720575940912535686,3
720575940936679190,720575940888799761,3
720575940941563158,720575940865160474,3
720575940912591238,720575940899861391,3
720575940915253823,720575940870685014,3
720575940946223236,720575940891185846,3
720575940915253823,720575940878955572,3
720575940946223236,720575940892204542,3
720575940912929024,720575940927184920,3
720575940901384751,720575940900033476,3
720575940915253823,720575940893156522,3
720575940911411305,720575940927109144,3
720575940912591238,720575940908782425,3
720575940937240862,720575940891184310,3
720575940939716165,720575940940386475,3
720575940937857965,720575940920027261,3
720575940902634194,720575940894662868,3
720575940902624978,720575940906113851,3
720575940905061686,720575940924431938,3
720575940902624978,720575940903415565,3
720575940893386005,720575940903188925,3
720575940902634194,720575940920054001,3
720575940893386005,720575940903370509,3
720575940901960430,720575940881935355,3
720575940892205986,720575940880838162,3
720575940914883824,720575940910295881,3
720575940905043670,720575940893156522,3
720575940914883824,720575940915253823,3
720575940893386005,720575940905043670,3
720575940893386005,720575940937857965,3
720575940901717479,720575940901994222,3
720575940915217983,720575940875116119,3
720575940940380075,720575940875843901,3
720575940906113851,720575940922957341,3
720575940893386005,720575940916016480,3
720575940937848237,720575940880838162,3
720575940901384751,720575940920881320,3
720575940901384751,720575940913491825,3
720575940905043926,720575940927184920,3
720575940905365705,720575940895353262,3
720575940912929024,720575940903415565,3
720575940937240862,720575940917531755,3
720575940937240862,720575940899433261,3
720575940905042134,720575940918311989,3
720575940927244256,720575940899432749,3
720575940927248352,720575940912929024,3
720575940918775345,720575940875854397,3
720575940897114128,720575940916236035,3
720575940897114128,720575940915676096,3
720575940897114128,720575940915256127,3
720575940922957341,720575940878955572,3
720575940918770481,720575940880875929,3
720575940918770481,720575940869443690,3
720575940922957341,720575940899433773,3
720575940922957341,720575940909797811,3
720575940922957341,720575940917531755,3
720575940918750769,720575940939715909,3
720575940903415565,720575940878955572,3
720575940897114128,720575940883905308,3
720575940897114128,720575940881936635,3
720575940899398585,720575940886931959,3
720575940897114128,720575940869443690,3
720575940896872522,720575940899861391,3
720575940918750769,720575940909769176,3
720575940922957341,720575940921478163,3
720575940918750769,720575940905043926,3
720575940897114128,720575940917852811,3
720575940922949405,720575940908782425,3
720575940903414541,720575940909797811,3
720575940897365506,720575940891185846,3
720575940899356801,720575940905043926,3
720575940899356801,720575940917407635,3
720575940918770481,720575940927248352,3
720575940897365506,720575940919632133,3
720575940897365506,720575940909797811,3
720575940899356801,720575940937221662,3
720575940922795818,720575940894116163,3
720575940922795818,720575940940386475,3
720575940908782425,720575940920881320,3
720575940922949405,720575940888731665,3
720575940922949405,720575940883201751,3
720575940897365506,720575940878955572,3
720575940908782425,720575940920037245,3
720575940897347842,720575940900963269,3
720575940903414541,720575940891185846,3
720575940897347842,720575940888731665,3
720575940918770481,720575940902634194,3
720575940909393947,720575940884057772,3
720575940896736698,720575940923272236,3
720575940896736698,720575940889924328,3
720575940896736698,720575940884925028,3
720575940903188925,720575940893156522,3
720575940923001544,720575940893386005,3
720575940895353262,720575940903414541,3
720575940917866379,720575940937240862,3
720575940895353262,720575940903188925,3
720575940923001544,720575940894142787,3
720575940899398585,720575940910624444,3
720575940908782425,720575940859648663,3
720575940895353262,720575940890107704,3
720575940917866379,720575940890107704,3
720575940895353262,720575940905042902,3
720575940895353262,720575940880005762,3
720575940895353262,720575940878326395,3
720575940908781145,720575940915253823,3
720575940917853067,720575940920881320,3
720575940895289006,720575940927184920,3
720575940895289006,720575940919632133,3
720575940895289006,720575940917780131,3
720575940895289006,720575940916016480,3
720575940923001544,720575940889728101,3
720575940918288693,720575940884939979,3
720575940896736698,720575940882672796,3
720575940922958792,720575940916016480,3
720575940922958792,720575940881935355,3
720575940896732090,720575940920037245,3
720575940896732090,720575940917429907,3
720575940896732090,720575940900033476,3
720575940918750769,720575940891751079,3
720575940922958792,720575940896736698,3
720575940902671774,720575940948987670,3
720575940896732090,720575940896736698,3
720575940922958792,720575940917407635,3
720575940918288693,720575940895353262,3
720575940908782425,720575940891185846,3
720575940903415565,720575940917531755,3
720575940899398585,720575940893122730,3
720575940895353262,720575940923272236,3
720575940899398585,720575940899153235,3
720575940895353262,720575940922957341,3
720575940895353262,720575940920881320,3
720575940918750769,720575940877555511,3
720575940922765354,720575940915253823,3
720575940922765354,720575940903193533,3
720575940900956101,720575940903188925,3
720575940908782425,720575940922795818,3
720575940920054001,720575940927244512,3
720575940919029575,720575940932846484,3
720575940899256770,720575940899281090,3
720575940920062581,720575940881935355,3
720575940920062581,720575940903188925,3
720575940920062581,720575940916016480,3
720575940920062581,720575940918750769,3
720575940919029575,720575940923272236,3
720575940920456848,720575940887194266,3
720575940919029575,720575940920037245,3
720575940920456848,720575940903113149,3
720575940909235164,720575940910295881,3
720575940919029575,720575940906113851,3
720575940899256770,720575940877555511,3
720575940919029575,720575940896872522,3
720575940919029575,720575940891185846,3
720575940909235164,720575940923272236,3
720575940920833705,720575940908782425,3
720575940899153235,720575940896736698,3
720575940903188925,720575940927184920,3
720575940920054001,720575940891783335,3
720575940899256770,720575940905042902,3
720575940919632133,720575940880837650,3
720575940919622661,720575940891183798,3
720575940919622661,720575940903415565,3
720575940899281090,720575940897454998,3
720575940919622661,720575940906113851,3
720575940919622661,720575940919029575,3
720575940899281090,720575940884145919,3
720575940919600645,720575940906113851,3
720575940919632133,720575940880005762,3
720575940919632133,720575940891185846,3
720575940919045143,720575940881936465,3
720575940919632133,720575940903113149,3
720575940903188925,720575940920881320,3
720575940920027261,720575940909797811,3
720575940920037245,720575940859648663,3
720575940920037245,720575940917531755,3
720575940920037245,720575940922795818,3
720575940920044149,720575940890118968,3
720575940920044149,720575940894563284,3
720575940903370509,720575940894647347,3
720575940920833705,720575940919622661,3
720575940919029575,720575940877146203,3
720575940897454998,720575940899433261,3
720575940899291016,720575940891185846,3
720575940921986112,720575940905043926,3
720575940918775345,720575940905043926,3
720575940897454998,720575940917853067,3
720575940897454998,720575940903415565,3
720575940899291016,720575940920881320,3
720575940918775345,720575940903415565,3
720575940921986112,720575940919632133,3
720575940903370509,720575940899282056,3
720575940921986112,720575940903188925,3
720575940918775345,720575940903188925,3
720575940899353473,720575940889264869,3
720575940909393947,720575940875854397,3
720575940918775345,720575940895267018,3
720575940922709290,720575940905042902,3
720575940897454998,720575940880005762,3
720575940918775345,720575940877555511,3
720575940922709290,720575940941106028,3
720575940918775345,720575940917852811,3
720575940897460886,720575940881936465,3
720575940899153235,720575940875854397,3
720575940920881320,720575940875843901,3
720575940920833705,720575940930897229,3
720575940918990151,720575940908781145,3
720575940899153235,720575940869443690,3
720575940920881320,720575940869352923,3
720575940918990151,720575940896736698,3
720575940918815793,720575940940386475,3
720575940897460886,720575940937240862,3
720575940897460886,720575940923272236,3
720575940921525267,720575940877146459,3
720575940921986112,720575940902629074,3
720575940921525267,720575940893156522,3
720575940918815793,720575940917853067,3
720575940899283650,720575940906113851,3
720575940918815793,720575940878955572,3
720575940918775345,720575940946223236,3
720575940921986112,720575940894143299,3
720575940905043926,720575940917531755,3
720575940918775345,720575940930897229,3
720575940895289006,720575940915253823,3
720575940895289006,720575940908781145,3
720575940908781145,720575940902624978,3
720575940899398585,720575940919029575,3
720575940894143043,720575940915967584,3
720575940908359172,720575940890939713,3
720575940927215328,720575940894647859,3
720575940927215328,720575940899281090,3
720575940916016480,720575940922957341,3
720575940904086480,720575940887194266,3
720575940908359172,720575940883201751,3
720575940927215328,720575940904086480,3
720575940900033476,720575940920881320,3
720575940900033476,720575940921478163,3
720575940900233186,720575940875854397,3
720575940916016480,720575940921525267,3
720575940927216096,720575940905042902,3
720575940904086480,720575940891185846,3
720575940927244256,720575940899291016,3
720575940894143043,720575940897460886,3
720575940916016480,720575940905050934,3
720575940900233186,720575940896736698,3
720575940927244256,720575940921478163,3
720575940927215328,720575940894143043,3
720575940927215328,720575940893408011,3
720575940900033476,720575940903414541,3
720575940900033476,720575940899432749,3
720575940894143299,720575940889238903,3
720575940916236035,720575940900956101,3
720575940900033476,720575940882393805,3
720575940927208416,720575940900033476,3
720575940916236035,720575940894662868,3
720575940894143299,720575940880372359,3
720575940903113149,720575940891783335,3
720575940927208416,720575940912535686,3
720575940927208416,720575940917407635,3
720575940904086480,720575940878916148,3
720575940916236035,720575940893156522,3
720575940904086480,720575940877555511,3
720575940916236035,720575940891181902,3
720575940894143043,720575940930897229,3
720575940927215328,720575940878312571,3
720575940927215328,720575940880839442,3
720575940916236035,720575940883198679,3
720575940927215328,720575940883729656,3
720575940927244256,720575940940386475,3
720575940894143043,720575940893386005,3
720575940900233186,720575940908782425,3
720575940894142787,720575940893386005,3
720575940927244768,720575940940386475,3
720575940927248352,720575940865475743,3
720575940927248352,720575940883729656,3
720575940894142787,720575940896736698,3
720575940907584340,720575940906113851,3
720575940900956101,720575940877555511,3
720575940927248352,720575940891185846,3
720575940927248352,720575940894178664,3
720575940900956101,720575940881055666,3
720575940900287353,720575940925826374,3
720575940927248352,720575940900033476,3
720575940915967584,720575940916236035,3
720575940927248352,720575940902703006,3
720575940894142787,720575940864403724,3
720575940900956101,720575940885432678,3
720575940894116163,720575940859648663,3
720575940915967584,720575940905042902,3
720575940900956101,720575940900033476,3
720575940900287353,720575940937869229,3
720575940900287353,720575940916236035,3
720575940894143043,720575940884728634,3
720575940927244512,720575940940386475,3
720575940927244512,720575940891783335,3
720575940907584340,720575940919622661,3
720575940900234978,720575940910295881,3
720575940900234978,720575940923272236,3
720575940916016480,720575940905042134,3
720575940894142787,720575940946223236,3
720575940927244512,720575940920027261,3
720575940927244512,720575940937856941,3
720575940900244450,720575940883198167,3
720575940927244768,720575940910607129,3
720575940927244768,720575940869352923,3
720575940916016480,720575940890939713,3
720575940900287353,720575940882552101,3
720575940900287353,720575940902634194,3
720575940927244768,720575940890245126,3
720575940927244768,720575940899433517,3
720575940916016480,720575940885432678,3
720575940927244768,720575940909797811,3
720575940894143299,720575940891163574,3
720575940908359172,720575940920044149,3
720575940916299357,720575940918311989,3
720575940924182661,720575940908781145,3
720575940899433517,720575940891185846,3
720575940917852811,720575940899433261,3
720575940924182661,720575940885432678,3
720575940899433517,720575940893156522,3
720575940894647347,720575940905050934,3
720575940903706403,720575940917422227,3
720575940894642900,720575940930905464,3
720575940899433773,720575940869352923,3
720575940894642900,720575940878312571,3
720575940899433517,720575940869352923,3
720575940924182661,720575940908782425,3
720575940899433773,720575940882393805,3
720575940924182661,720575940917429907,3
720575940924182661,720575940917853067,3
720575940899433773,720575940921478163,3
720575940924182661,720575940922949405,3
720575940924182661,720575940946223236,3
720575940899434029,720575940903113149,3
720575940894647859,720575940920037245,3
720575940899433517,720575940859648663,3
720575940903751971,720575940899433517,3
720575940895267018,720575940918750769,3
720575940917853067,720575940888216655,3
720575940917853067,720575940878955828,3
720575940899432749,720575940920881320,3
720575940923001544,720575940941106028,3
720575940895281326,720575940862564127,3
720575940923272236,720575940880005762,3
720575940923272236,720575940891184310,3
720575940895267018,720575940928343548,3
720575940903679779,720575940912535686,3
720575940899433261,720575940920881320,3
720575940899433005,720575940921478163,3
720575940924156549,720575940920044149,3
720575940903188925,720575940859648663,3
720575940895267018,720575940878916148,3
720575940894664404,720575940922795818,3
720575940894664404,720575940899433261,3
720575940894664404,720575940891185846,3
720575940924182661,720575940878955828,3
720575940924436802,720575940881936465,3
720575940894642644,720575940926223758,3
720575940927184920,720575940940386475,3
720575940917422227,720575940923272236,3
720575940894178664,720575940888731665,3
720575940927175960,720575940883198167,3
720575940917429907,720575940908782425,3
720575940917429907,720575940897454998,3
720575940908386564,720575940903415565,3
720575940917429907,720575940894662868,3
720575940927184920,720575940891184310,3
720575940917422227,720575940927184920,3
720575940908386564,720575940903188925,3
720575940917429907,720575940922949405,3
720575940927184920,720575940910607129,3
720575940927184920,720575940917531755,3
720575940917422227,720575940883901724,3
720575940917407635,720575940903113149,3
720575940917407635,720575940896872522,3
720575940917407635,720575940869352923,3
720575940894143299,720575940901384751,3
720575940927184920,720575940937856941,3
720575940903996112,720575940891783335,3
720575940908386564,720575940918750769,3
720575940894642644,720575940919029575,3
720575940908781145,720575940899433517,3
720575940903751971,720575940913491825,3
720575940899434029,720575940910607129,3
720575940903751971,720575940918311989,3
720575940899782543,720575940891184310,3
720575940917852811,720575940880005762,3
720575940925826374,720575940878955572,3
720575940894642644,720575940906113851,3
720575940899782543,720575940922795818,3
720575940899782543,720575940927184920,3
720575940917531755,720575940859648663,3
720575940917780131,720575940909797811,3
720575940903996112,720575940877146459,3
720575940903122154,720575940903193533,3
720575940917780131,720575940899398585,3
720575940917780131,720575940899282056,3
720575940908781145,720575940885432678,3
720575940899861391,720575940883729656,3
720575940927109144,720575940927208416,3
720575940909797811,720575940922795818,3
720575940847552365,720575940880850833,3
720575940885432678,720575940877146459,3
720575940888793178,720575940927244512,3
720575940880839442,720575940903414541,3
720575940888799761,720575940909797811,3
720575940869443690,720575940940380075,3
720575940882082080,720575940937221662,3
720575940869533454,720575940875854397,3
720575940880839442,720575940895353262,3
720575940869533454,720575940897454998,3
720575940888799761,720575940859648663,3
720575940888793434,720575940920054001,3
720575940880839442,720575940890111288,3
720575940869533454,720575940922949405,3
720575940882117920,720575940899433005,3
720575940870685014,720575940862185831,3
720575940870685014,720575940869443690,3
720575940888793434,720575940890108216,3
720575940888799761,720575940920881320,3
720575940869443690,720575940921986112,3
720575940869443690,720575940904086480,3
720575940882077216,720575940908781145,3
720575940889238903,720575940908782425,3
720575940889238903,720575940890245126,3
720575940882077216,720575940891164342,3
720575940882077216,720575940895353262,3
720575940889238903,720575940880850833,3
720575940880839442,720575940927248352,3
720575940882077216,720575940916236035,3
720575940889166262,720575940889264869,3
720575940869443690,720575940888799761,3
720575940889215863,720575940894143043,3
720575940869443690,720575940897460886,3
720575940889215863,720575940869443690,3
720575940869443690,720575940899398585,3
720575940882077216,720575940948987670,3
720575940870685014,720575940880875929,3
720575940888793178,720575940927184920,3
720575940889238903,720575940920037245,3
720575940888793178,720575940922795818,3
720575940871491897,720575940915253823,3
720575940871491897,720575940915256127,3
720575940888787983,720575940877555511,3
720575940888216655,720575940921478163,3
720575940880838162,720575940923272236,3
720575940888216655,720575940899291016,3
720575940882520101,720575940884939979,3
720575940871523385,720575940917866379,3
720575940888165967,720575940894116163,3
720575940888165967,720575940890900801,3
720575940882520101,720575940895281326,3
720575940888059760,720575940884015788,3
720575940880838162,720575940919632133,3
720575940880838162,720575940917852811,3
720575940874972385,720575940895281326,3
720575940882155492,720575940884057772,3
720575940871491897,720575940891183798,3
720575940888787983,720575940937857965,3
720575940880839442,720575940882160356,3
720575940882124516,720575940881935355,3
720575940888793178,720575940899433005,3
720575940870685014,720575940896736698,3
720575940882124516,720575940916016480,3
720575940870685014,720575940908386564,3
720575940888793178,720575940890111288,3
720575940880839442,720575940881936465,3
720575940882128356,720575940912535686,3
720575940882128356,720575940881055666,3
720575940880839442,720575940877146203,3
720575940882128356,720575940903188925,3
720575940871491897,720575940885432678,3
720575940882128356,720575940903415565,3
720575940871491897,720575940890107704,3
720575940889238903,720575940912929024,3
720575940865475743,720575940927109144,3
720575940890962241,720575940920037245,3
720575940890134196,720575940927244768,3
720575940881935355,720575940888731665,3
720575940890245126,720575940917853067,3
720575940864403212,720575940894664404,3
720575940890245126,720575940917531755,3
720575940890245126,720575940913573871,3
720575940864403212,720575940904086480,3
720575940881935355,720575940899398585,3
720575940890245126,720575940908782425,3
720575940890245126,720575940903415565,3
720575940890245126,720575940902634194,3
720575940880896913,720575940937221662,3
720575940890245126,720575940891518756,3
720575940864403212,720575940922709290,3
720575940881935355,720575940916299357,3
720575940881935355,720575940937869229,3
720575940890245126,720575940927184920,3
720575940881935355,720575940886540578,3
720575940881935355,720575940884939979,3
720575940881926778,720575940927794480,3
720575940862185831,720575940891183798,3
720575940862185831,720575940895353262,3
720575940890900801,720575940888165967,3
720575940862185831,720575940937862061,3
720575940862564127,720575940878326395,3
720575940890743247,720575940919029575,3
720575940890743247,720575940915253823,3
720575940864403212,720575940875116119,3
720575940890743247,720575940903415565,3
720575940890743247,720575940903188925,3
720575940890743247,720575940899861391,3
720575940890743247,720575940894647859,3
720575940890743247,720575940890962241,3
720575940890741967,720575940905050934,3
720575940864403212,720575940928343548,3
720575940890111288,720575940927244768,3
720575940889238903,720575940941106028,3
720575940881936465,720575940892205566,3
720575940890090420,720575940864403212,3
720575940880875929,720575940891183798,3
720575940865475487,720575940921992256,3
720575940865475487,720575940927208416,3
720575940865475487,720575940941089388,3
720575940865475743,720575940880875929,3
720575940865475743,720575940889238903,3
720575940865475743,720575940891164342,3
720575940865475743,720575940894178664,3
720575940889728101,720575940905043926,3
720575940889728101,720575940905043670,3
720575940865475743,720575940912929024,3
720575940889728101,720575940888793434,3
720575940865475743,720575940916016480,3
720575940865475743,720575940919029575,3
720575940890090420,720575940878916148,3
720575940881936635,720575940939715909,3
720575940881936635,720575940915676096,3
720575940881936465,720575940920881320,3
720575940880875929,720575940941089388,3
720575940890108216,720575940884015788,3
720575940890108216,720575940882672796,3
720575940864403724,720575940912535686,3
720575940890107704,720575940919632133,3
720575940864403724,720575940937857965,3
720575940865467295,720575940869352923,3
720575940865475487,720575940900234978,3
720575940890107704,720575940890111288,3
720575940890090420,720575940941089388,3
720575940865475487,720575940897460886,3
720575940890090420,720575940899282056,3
720575940890090420,720575940899256770,3
720575940865475487,720575940899256770,3
720575940880838162,720575940917780131,3
720575940887705416,720575940894664404,3
720575940874972385,720575940915676096,3
720575940878326395,720575940917531755,3
720575940878325883,720575940917853067,3
720575940884728634,720575940890090420,3
720575940884728634,720575940888793434,3
720575940878956340,720575940928343548,3
720575940878325883,720575940940386475,3
720575940883729656,720575940883198679,3
720575940884145919,720575940893122730,3
720575940878326395,720575940890111288,3
720575940878326395,720575940892205566,3
720575940884145919,720575940878956340,3
720575940884145919,720575940869443690,3
720575940883729656,720575940901384751,3
720575940884108031,720575940905081398,3
720575940883729656,720575940904086480,3
720575940878326395,720575940909797811,3
720575940884728634,720575940891164342,3
720575940884728634,720575940894664404,3
720575940878325883,720575940878955572,3
720575940884728634,720575940937857965,3
720575940877555511,720575940927244768,3
720575940884925028,720575940899433005,3
720575940878312571,720575940878956340,3
720575940884925028,720575940891184310,3
720575940883201751,720575940900033476,3
720575940884925028,720575940869352923,3
720575940878312571,720575940905043670,3
720575940883201751,720575940920037245,3
720575940884728634,720575940928343548,3
720575940878312571,720575940917852811,3
720575940878312571,720575940919632133,3
720575940878312571,720575940922957341,3
720575940878312571,720575940928343548,3
720575940878312571,720575940940380075,3
720575940884108031,720575940905042902,3
720575940878326395,720575940919632133,3
720575940874972385,720575940937221662,3
720575940884108031,720575940883201751,3
720575940884031660,720575940912929024,3
720575940884031660,720575940905043670,3
720575940878956340,720575940899433261,3
720575940883901724,720575940883198679,3
720575940878955828,720575940918815793,3
720575940883905052,720575940906113851,3
720575940883901724,720575940889924328,3
720575940878955828,720575940940386475,3
720575940883905052,720575940896732090,3
720575940878956340,720575940877146203,3
720575940878956340,720575940894664404,3
720575940878956340,720575940893156522,3
720575940883901724,720575940891783079,3
720575940878956340,720575940883198679,3
720575940883901724,720575940917531755,3
720575940878955572,720575940927244512,3
720575940878955572,720575940917531755,3
720575940884032172,720575940899861391,3
720575940883866908,720575940903415565,3
720575940884108031,720575940882117920,3
720575940883729656,720575940922957341,3
720575940884057772,720575940917853067,3
720575940884057772,720575940909393947,3
720575940884057772,720575940899432749,3
720575940883866908,720575940888793434,3
720575940878916148,720575940937857965,3
720575940884032172,720575940917407635,3
720575940884051238,720575940890118968,3
720575940883866908,720575940905042902,3
720575940878947380,720575940925790278,3
720575940878955572,720575940869352923,3
720575940883866908,720575940913491825,3
720575940878955572,720575940891184310,3
720575940877555511,720575940927184920,3
720575940884925028,720575940917853067,3
720575940884925028,720575940919632133,3
720575940877555511,720575940920881320,3
720575940875843901,720575940922795818,3
720575940887087578,720575940927109144,3
720575940887087578,720575940894143299,3
720575940880837650,720575940893156522,3
720575940886931959,720575940948987670,3
720575940880372359,720575940948987670,3
720575940886931959,720575940916016480,3
720575940880372359,720575940930897229,3
720575940875854397,720575940927244768,3
720575940883197911,720575940880837650,3
720575940886931959,720575940899281090,3
720575940883197911,720575940891185846,3
720575940880372359,720575940902624978,3
720575940886931959,720575940886540578,3
720575940886931959,720575940880839442,3
720575940887087578,720575940927248352,3
720575940887087578,720575940937869229,3
720575940887090394,720575940903415565,3
720575940882650524,720575940882103072,3
720575940887705416,720575940875854397,3
720575940887704904,720575940925826374,3
720575940880838162,720575940899281090,3
720575940882649500,720575940901717479,3
720575940875116119,720575940902629074,3
720575940887704904,720575940906113851,3
720575940882650524,720575940901717479,3
720575940875843901,720575940908782425,3
720575940887704904,720575940890107704,3
720575940887704904,720575940888793178,3
720575940875843901,720575940859648663,3
720575940887704904,720575940881055666,3
720575940875843901,720575940869352923,3
720575940875843901,720575940902703006,3
720575940877146203,720575940918311989,3
720575940877146203,720575940919632133,3
720575940880372359,720575940881935355,3
720575940884977867,720575940915676096,3
720575940885432678,720575940922795818,3
720575940877501751,720575940899282056,3
720575940877501751,720575940908782425,3
720575940877501751,720575940946223236,3
720575940883201751,720575940878955572,3
720575940877555511,720575940878955828,3
720575940884977867,720575940881936465,3
720575940883198679,720575940896872522,3
720575940884976331,720575940905043670,3
720575940877555511,720575940892204542,3
720575940884925028,720575940922795818,3
720575940877555511,720575940917531755,3
720575940877555511,720575940920027261,3
720575940877555511,720575940920037245,3
720575940883198679,720575940937240862,3
720575940886458045,720575940891518756,3
720575940886853257,720575940917780131,3
720575940880005762,720575940940386475,3
720575940883197911,720575940917866379,3
720575940886853257,720575940899281090,3
720575940880372359,720575940878916148,3
720575940886853257,720575940890245126,3
720575940877146459,720575940880005762,3
720575940886853257,720575940880838162,3
720575940880005762,720575940939716165,3
720575940880005762,720575940891783335,3
720575940886540578,720575940897114128,3
720575940886540578,720575940894563284,3
720575940877146459,720575940921478163,3
720575940877146459,720575940927244512,3
720575940880005762,720575940896872522,3
720575940886458045,720575940909767128,3
720575940890962241,720575940899433773,3
720575940880838162,720575940930905464,3
720575940859648663,720575940880005762,3
720575940881926778,720575940894647859,3
720575940891181902,720575940885432678,3
720575940881918801,720575940884925028,3
720575940861406706,720575940889264869,3
720575940847552365,720575940881936465,3
720575940881926778,720575940870685270,3
720575940891181902,720575940903415565,3
720575940861406706,720575940906113851,3
720575940861407986,720575940897365506,3
720575940881844049,720575940909392923,3
720575940881918801,720575940881844049,3
720575940881607875,720575940898432765,3
720575940859648663,720575940886574602,3
720575940891181902,720575940905043670,3
720575940891181902,720575940890245126,3
720575940881607875,720575940912535686,3
720575940881055666,720575940909802419,3
720575940891163574,720575940882124516,3
720575940881607875,720575940888799761,3
720575940859648663,720575940899433261,3
720575940891181902,720575940912929024,3
720575940881055666,720575940899434029,3
720575940891181902,720575940882672796,3
720575940859648663,720575940909797811,3
720575940881926778,720575940902634194,3
720575940881127565,720575940883198167,3
720575940851372659,720575940890018996,3
720575940861406706,720575940881055666,3
720575940881127565,720575940917407635,3
720575940861407986,720575940871523385,3
720575940881607875,720575940894664404,3
720575940861406706,720575940905043926,3
720575940899353473,720575940906113851,2
720575940906113851,720575940894143299,2
720575940899353473,720575940895289006,2
720575940906113851,720575940913573871,2
720575940899353473,720575940886853257,2
720575940891185846,720575940917853067,2
720575940899353473,720575940925826374,2
720575940891185846,720575940918815793,2
720575940886853257,720575940922957341,2
720575940899356801,720575940898432765,2
720575940880372359,720575940881936465,2
720575940880372359,720575940883197911,2
720575940883197911,720575940917852811,2
720575940927109144,720575940886540578,2
720575940927109144,720575940888731665,2
720575940899356801,720575940881936635,2
720575940906113851,720575940891783079,2
720575940890962241,720575940919632133,2
720575940927109144,720575940875116119,2
720575940925826374,720575940920881320,2
720575940886853257,720575940881055666,2
720575940899398585,720575940908781145,2
720575940891185846,720575940899433773,2
720575940925826374,720575940897365506,2
720575940886853257,720575940890107704,2
720575940891181902,720575940890107704,2
720575940899398585,720575940899281090,2
720575940906113851,720575940883198679,2
720575940925826374,720575940909797811,2
720575940877146459,720575940878955828,2
720575940881607875,720575940878916148,2
720575940899398585,720575940891164342,2
720575940886853257,720575940897460886,2
720575940906113851,720575940886540578,2
720575940899356801,720575940917866379,2
720575940899398585,720575940884145919,2
720575940886853257,720575940905042902,2
720575940906113851,720575940889924328,2
720575940899398585,720575940882077216,2
720575940918815793,720575940894116163,2
720575940886853257,720575940909769176,2
720575940906113851,720575940890111288,2
720575940915281053,720575940889952699,2
720575940906113851,720575940915253823,2
720575940886853257,720575940917429907,2
720575940891185846,720575940917531755,2
720575940899356801,720575940920894376,2
720575940927109144,720575940864403212,2
720575940886853257,720575940915253823,2
720575940899291016,720575940920027261,2
720575940899291016,720575940940386475,2
720575940899283650,720575940895281326,2
720575940927109144,720575940920833705,2
720575940877146203,720575940888731665,2
720575940881567427,720575940888165967,2
720575940927109144,720575940923001544,2
720575940927109144,720575940924182661,2
720575940883197911,720575940888793434,2
720575940906283251,720575940903193533,2
720575940927109144,720575940930825549,2
720575940906283251,720575940924182661,2
720575940906283251,720575940926223758,2
720575940883197911,720575940882672796,2
720575940883197911,720575940881936465,2
720575940927175960,720575940881974650,2
720575940899283650,720575940894664404,2
720575940927109144,720575940917429907,2
720575940927175960,720575940882103072,2
720575940880372359,720575940918314549,2
720575940877146203,720575940880005762,2
720575940883197911,720575940881055666,2
720575940907584340,720575940881055666,2
720575940899283650,720575940890245126,2
720575940891185846,720575940927184920,2
720575940886931959,720575940899782543,2
720575940927175960,720575940898677394,2
720575940927175960,720575940913491825,2
720575940915256127,720575940920881320,2
720575940918775345,720575940894664404,2
720575940927184920,720575940877146459,2
720575940906283251,720575940884925028,2
720575940883197911,720575940894143299,2
720575940918775345,720575940923272236,2
720575940851375219,720575940882103072,2
720575940918775345,720575940922709290,2
720575940899291016,720575940927244512,2
720575940927109144,720575940894664201,2
720575940877146203,720575940895281326,2
720575940886853257,720575940865475487,2
720575940899291016,720575940917853067,2
720575940927109144,720575940898821041,2
720575940891185846,720575940920027261,2
720575940899291016,720575940905041878,2
720575940906113851,720575940920054001,2
720575940899291016,720575940900033476,2
720575940883197911,720575940901960430,2
720575940927109144,720575940902634194,2
720575940918775345,720575940912535686,2
720575940918775345,720575940904086480,2
720575940899291016,720575940891184310,2
720575940927109144,720575940903193533,2
720575940899291016,720575940882393805,2
720575940927109144,720575940908781145,2
720575940899291016,720575940859648663,2
720575940899283650,720575940937240862,2
720575940906283251,720575940878326395,2
720575940899283650,720575940927215328,2
720575940899283650,720575940927184920,2
720575940899283650,720575940923272236,2
720575940880372359,720575940903679779,2
720575940899283650,720575940920881320,2
720575940906283251,720575940882117920,2
720575940881918801,720575940895353262,2
720575940899432749,720575940875843901,2
720575940886540578,720575940919632133,2
720575940924182661,720575940917780131,2
720575940891185486,720575940888793434,2
720575940905061686,720575940905043670,2
720575940905061686,720575940910295881,2
720575940924182661,720575940902634194,2
720575940919029575,720575940897454998,2
720575940899434029,720575940859648663,2
720575940891181902,720575940891185846,2
720575940899433773,720575940918815793,2
720575940899433773,720575940910607129,2
720575940899433773,720575940899433517,2
720575940879973250,720575940937240862,2
720575940899433773,720575940899432749,2
720575940919029575,720575940890107704,2
720575940885432678,720575940927244768,2
720575940905061686,720575940905042902,2
720575940924182661,720575940920037245,2
720575940899433517,720575940927244512,2
720575940899433517,720575940927244256,2
720575940905081398,720575940896736698,2
720575940899433517,720575940920881320,2
720575940924182661,720575940922958792,2
720575940899433517,720575940917531755,2
720575940883198679,720575940890704372,2
720575940924182661,720575940927244768,2
720575940899433517,720575940910607129,2
720575940924182661,720575940937240862,2
720575940899433517,720575940894116163,2
720575940915967584,720575940890090420,2
720575940885432678,720575940909797811,2
720575940924182661,720575940895353262,2
720575940877501751,720575940888731665,2
720575940885432678,720575940893156522,2
720575940885432678,720575940859648663,2
720575940881607875,720575940903679779,2
720575940885432678,720575940882393805,2
720575940899861391,720575940877555511,2
720575940924182661,720575940878956340,2
720575940924182661,720575940880837650,2
720575940885432678,720575940890111288,2
720575940899782543,720575940940386475,2
720575940899782543,720575940932846484,2
720575940924182661,720575940881935355,2
720575940881918801,720575940894178664,2
720575940885432678,720575940891184310,2
720575940879973250,720575940917422227,2
720575940899782543,720575940920037245,2
720575940924182661,720575940894662868,2
720575940905061686,720575940894143299,2
720575940899782543,720575940917853067,2
720575940877501751,720575940915531157,2
720575940899782543,720575940909797811,2
720575940899782543,720575940903188925,2
720575940899782543,720575940902624978,2
720575940924182661,720575940888793434,2
720575940899782543,720575940900033476,2
720575940905061686,720575940894664404,2
720575940924182661,720575940890111288,2
720575940885432678,720575940899434029,2
720575940905061686,720575940902518994,2
720575940905061686,720575940902629074,2
720575940899433517,720575940891783335,2
720575940905365705,720575940877555511,2
720575940886540578,720575940918750769,2
720575940925826374,720575940859648663,2
720575940905365705,720575940937221662,2
720575940880005762,720575940917531755,2
720575940924436802,720575940927794480,2
720575940883197911,720575940927184920,2
720575940891185846,720575940885432678,2
720575940877146459,720575940891783335,2
720575940925744198,720575940901971694,2
720575940881918801,720575940895281326,2
720575940905375945,720575940883901724,2
720575940880005762,720575940921478163,2
720575940899432749,720575940910607129,2
720575940899432749,720575940903113149,2
720575940899432749,720575940900033476,2
720575940899432749,720575940899433261,2
720575940924436802,720575940918314549,2
720575940899432749,720575940894116163,2
720575940946223236,720575940917531755,2
720575940946223236,720575940917407635,2
720575940899432749,720575940878955572,2
720575940906113851,720575940862185831,2
720575940886931959,720575940903679779,2
720575940899432749,720575940869352923,2
720575940918815793,720575940927244768,2
720575940918815793,720575940922795818,2
720575940899398585,720575940937848237,2
720575940886540578,720575940905014742,2
720575940883197911,720575940921525267,2
720575940883197911,720575940919632133,2
720575940924436802,720575940918750769,2
720575940899433005,720575940927244768,2
720575940905365705,720575940881607875,2
720575940899433261,720575940917853067,2
720575940924436802,720575940881607875,2
720575940899433517,720575940880850833,2
720575940915967584,720575940890134196,2
720575940886458045,720575940899861391,2
720575940891185846,720575940880005762,2
720575940886458045,720575940920054001,2
720575940899433261,720575940927244256,2
720575940899433261,720575940927184920,2
720575940899433261,720575940921478163,2
720575940918990151,720575940899282056,2
720575940899433261,720575940920037245,2
720575940899433261,720575940919632133,2
720575940899433261,720575940918815793,2
720575940880005762,720575940894116163,2
720575940883197911,720575940930905464,2
720575940899433261,720575940910607129,2
720575940946223236,720575940920881320,2
720575940905365705,720575940905042902,2
720575940899433261,720575940899433773,2
720575940899433261,720575940899432749,2
720575940877146459,720575940939716165,2
720575940905365705,720575940905043926,2
720575940891185846,720575940883901724,2
720575940924436802,720575940903415565,2
720575940918990151,720575940890245126,2
720575940880005762,720575940903113149,2
720575940899433261,720575940878325883,2
720575940883197911,720575940937848237,2
720575940899283650,720575940878956340,2
720575940927184920,720575940892204542,2
720575940886931959,720575940904086480,2
720575940874972385,720575940883201751,2
720575940882520101,720575940915676096,2
720575940927215328,720575940927248352,2
720575940927215328,720575940930897229,2
720575940874972385,720575940903415565,2
720575940859648663,720575940869352923,2
720575940918750769,720575940881936465,2
720575940891746215,720575940906113851,2
720575940915967584,720575940914883824,2
720575940897454998,720575940905041878,2
720575940918750769,720575940880850833,2
720575940918750769,720575940878326395,2
720575940908781145,720575940922957341,2
720575940941563158,720575940881936465,2
720575940927216096,720575940905043926,2
720575940927215328,720575940922709290,2
720575940927216096,720575940920044149,2
720575940874972385,720575940881974650,2
720575940880838162,720575940921525267,2
720575940897454998,720575940893156522,2
720575940897454998,720575940892205566,2
720575940897454998,720575940891185846,2
720575940888165967,720575940883198679,2
720575940927244256,720575940886574602,2
720575940927244256,720575940891184310,2
720575940918288693,720575940922949405,2
720575940915967584,720575940917429907,2
720575940888165967,720575940894662868,2
720575940880838162,720575940922949405,2
720575940897454998,720575940920037245,2
720575940881055666,720575940921478163,2
720575940918288693,720575940915256127,2
720575940875116119,720575940888793434,2
720575940918750769,720575940915253823,2
720575940891746215,720575940881936635,2
720575940908781145,720575940875854397,2
720575940897460886,720575940894662868,2
720575940897460886,720575940894143299,2
720575940908781145,720575940881055666,2
720575940908781145,720575940881935355,2
720575940891746215,720575940884939979,2
720575940887704904,720575940908782425,2
720575940918750769,720575940903188925,2
720575940887704904,720575940919029575,2
720575940908781145,720575940891185846,2
720575940875116119,720575940894143043,2
720575940897460886,720575940882160356,2
720575940882520101,720575940917429907,2
720575940891746215,720575940888793434,2
720575940875116119,720575940881607875,2
720575940908781145,720575940900033476,2
720575940927215328,720575940916236035,2
720575940941563158,720575940890245126,2
720575940908781145,720575940902634194,2
720575940897454998,720575940937856941,2
720575940897454998,720575940932846484,2
720575940927215328,720575940917866379,2
720575940887705416,720575940894142787,2
720575940897454998,720575940927244256,2
720575940897454998,720575940922957341,2
720575940882520101,720575940922949405,2
720575940872856946,720575940889249143,2
720575940897454998,720575940875854397,2
720575940918750769,720575940917429907,2
720575940917866379,720575940920054001,2
720575940897347842,720575940884939979,2
720575940897347842,720575940883900444,2
720575940891181902,720575940878956340,2
720575940888216655,720575940927244768,2
720575940871491897,720575940919029575,2
720575940917866379,720575940923272236,2
720575940897114128,720575940939715909,2
720575940882155492,720575940946223236,2
720575940917866379,720575940920881320,2
720575940888731665,720575940880896913,2
720575940888731665,720575940883734520,2
720575940927244768,720575940891184310,2
720575940908782425,720575940927184920,2
720575940897114128,720575940917866379,2
720575940871491897,720575940922957341,2
720575940927244768,720575940892204542,2
720575940927244768,720575940894116163,2
720575940908782425,720575940927244768,2
720575940915967584,720575940919029575,2
720575940897114128,720575940915253823,2
720575940882155492,720575940903188925,2
720575940915967584,720575940919632133,2
720575940927244768,720575940917531755,2
720575940897114128,720575940902629074,2
720575940891751079,720575940882117920,2
720575940888787983,720575940890756047,2
720575940909235164,720575940883197911,2
720575940897114128,720575940894664404,2
720575940908782425,720575940919632133,2
720575940888216655,720575940909797811,2
720575940888216655,720575940878325883,2
720575940908782425,720575940899433517,2
720575940891746215,720575940937221662,2
720575940897365506,720575940939716165,2
720575940927244256,720575940927244768,2
720575940888216655,720575940882393805,2
720575940871523385,720575940909767384,2
720575940897365506,720575940922795818,2
720575940888216655,720575940882672796,2
720575940927244512,720575940877555511,2
720575940882520101,720575940880850833,2
720575940908782425,720575940892205566,2
720575940918288693,720575940902518994,2
720575940888216655,720575940891783335,2
720575940927244512,720575940891185846,2
720575940927244512,720575940892205566,2
720575940882160356,720575940921525267,2
720575940927244512,720575940893156522,2
720575940941124460,720575940927184920,2
720575940897365506,720575940893156522,2
720575940918288693,720575940896736698,2
720575940927244512,720575940897365506,2
720575940897365506,720575940881935185,2
720575940927244512,720575940905041878,2
720575940927244512,720575940917531755,2
720575940888216655,720575940899434029,2
720575940927244512,720575940921478163,2
720575940888216655,720575940900033476,2
720575940927244512,720575940939716165,2
720575940927244768,720575940859648663,2
720575940887704904,720575940902624978,2
720575940890962241,720575940918815793,2
720575940881918801,720575940897454998,2
720575940875854397,720575940878955828,2
720575940899281090,720575940891181902,2
720575940875854397,720575940891185846,2
720575940899281090,720575940890018996,2
720575940875854397,720575940890111288,2
720575940927208416,720575940870685014,2
720575940899281090,720575940885432678,2
720575940918770481,720575940919029575,2
720575940899281090,720575940883197911,2
720575940946223236,720575940890111288,2
720575940907584340,720575940922957341,2
720575940907584340,720575940930905464,2
720575940881272414,720575940927244512,2
720575940918770481,720575940903679779,2
720575940875854397,720575940878955572,2
720575940882672796,720575940899433517,2
720575940899256770,720575940941106028,2
720575940899256770,720575940940380075,2
720575940899256770,720575940937869229,2
720575940875854397,720575940869352923,2
720575940887087578,720575940889238903,2
720575940887087578,720575940890245126,2
720575940875854397,720575940859648663,2
720575940927208416,720575940894116163,2
720575940887087578,720575940894647859,2
720575940875843901,720575940927208416,2
720575940887087578,720575940899398585,2
720575940887087578,720575940906113851,2
720575940899256770,720575940909769176,2
720575940899281090,720575940894664404,2
720575940927184920,720575940932846484,2
720575940927208416,720575940894647859,2
720575940927184920,720575940896872522,2
720575940927184920,720575940882393805,2
720575940918775345,720575940888793178,2
720575940927184920,720575940886574602,2
720575940899282056,720575940915256127,2
720575940886931959,720575940905043926,2
720575940899282056,720575940900963269,2
720575940927184920,720575940891185846,2
720575940924182661,720575940870685014,2
720575940927184920,720575940892205566,2
720575940880372359,720575940937862061,2
720575940880372359,720575940939715909,2
720575940882672796,720575940927184920,2
720575940891196854,720575940883197911,2
720575940886931959,720575940916236035,2
720575940927184920,720575940927244512,2
720575940881918801,720575940900963269,2
720575940918775345,720575940875116119,2
720575940927184920,720575940900033476,2
720575940882672796,720575940918311989,2
720575940918775345,720575940865475487,2
720575940880837650,720575940859648663,2
720575940907584340,720575940914883824,2
720575940899281090,720575940905043670,2
720575940907584340,720575940915253823,2
720575940927184920,720575940920027261,2
720575940882672796,720575940903113149,2
720575940927184920,720575940921986112,2
720575940875854397,720575940899433517,2
720575940918770481,720575940899398585,2
720575940887087578,720575940919029575,2
720575940908386564,720575940919622661,2
720575940908386564,720575940894664404,2
720575940880838162,720575940877555511,2
720575940899153235,720575940903415565,2
720575940880838162,720575940882672796,2
720575940875843901,720575940870685014,2
720575940899153235,720575940896702138,2
720575940891518756,720575940902518994,2
720575940887704904,720575940878956340,2
720575940899153235,720575940886540578,2
720575940908386564,720575940890939713,2
720575940899153235,720575940880850833,2
720575940927215328,720575940881935355,2
720575940941563158,720575940917429907,2
720575940880838162,720575940888793434,2
720575940891518756,720575940922957341,2
720575940875843901,720575940890107704,2
720575940897460886,720575940939715909,2
720575940897460886,720575940937869229,2
720575940887704904,720575940891183798,2
720575940897460886,720575940927215328,2
720575940887704904,720575940892205566,2
720575940897460886,720575940921986112,2
720575940880838162,720575940893156522,2
720575940897460886,720575940919632133,2
720575940927215328,720575940888799761,2
720575940897460886,720575940917429907,2
720575940875116119,720575940918750769,2
720575940882650524,720575940885287873,2
720575940941563158,720575940903193533,2
720575940899153235,720575940905061686,2
720575940918770481,720575940882124516,2
720575940927208416,720575940894664404,2
720575940887090394,720575940915256127,2
720575940946223236,720575940878955828,2
720575940908359172,720575940884939979,2
720575940882672796,720575940891185846,2
720575940891181902,720575940884145919,2
720575940875843901,720575940920027261,2
720575940927208416,720575940901384751,2
720575940875843901,720575940919632133,2
720575940887090394,720575940875854397,2
720575940927208416,720575940903193533,2
720575940882672796,720575940890111288,2
720575940927208416,720575940908782425,2
720575940908359172,720575940908782425,2
720575940899256770,720575940878956340,2
720575940875843901,720575940903414541,2
720575940880837650,720575940937856941,2
720575940887090394,720575940916236035,2
720575940927208416,720575940916236035,2
720575940915256127,720575940900033476,2
720575940880837650,720575940920027261,2
720575940880837650,720575940927244512,2
720575940899184211,720575940925790278,2
720575940875843901,720575940894116163,2
720575940899184211,720575940898677394,2
720575940927208416,720575940946223236,2
720575940908386564,720575940865475743,2
720575940899153235,720575940927208416,2
720575940908386564,720575940869443690,2
720575940899153235,720575940918750769,2
720575940877555511,720575940878325883,2
720575940905043926,720575940939716165,2
720575940879973250,720575940891518756,2
720575940920037245,720575940869352923,2
720575940920037245,720575940889238903,2
720575940891181902,720575940905043926,2
720575940884032172,720575940917429907,2
720575940884032172,720575940920044149,2
720575940883866908,720575940917429907,2
720575940902671774,720575940880372359,2
720575940964330406,720575940865160474,2
720575940920037245,720575940878955572,2
720575940878955572,720575940877146459,2
720575940847552365,720575940890018996,2
720575940878947380,720575940930825549,2
720575940891183798,720575940881935355,2
720575940878947380,720575940913491825,2
720575940902634194,720575940963340820,2
720575940903996112,720575940900033476,2
720575940902634194,720575940922957341,2
720575940902634194,720575940920881320,2
720575940884051238,720575940883201751,2
720575940921986112,720575940908782425,2
720575940878916148,720575940963340820,2
720575940902634194,720575940899433261,2
720575940884051238,720575940899782543,2
720575940921986112,720575940917531755,2
720575940878916148,720575940912535686,2
720575940904086480,720575940881607875,2
720575940878916148,720575940905043670,2
720575940921986112,720575940927184920,2
720575940920027261,720575940917853067,2
720575940921986112,720575940899782543,2
720575940920037245,720575940891185846,2
720575940902629074,720575940928343548,2
720575940884031660,720575940917852811,2
720575940891181902,720575940941089388,2
720575940883901724,720575940880005762,2
720575940903751971,720575940918815793,2
720575940883901724,720575940877146203,2
720575940902680734,720575940899282056,2
720575940920037245,720575940916236035,2
720575940902680734,720575940890118968,2
720575940921986112,720575940878916148,2
720575940921986112,720575940878956340,2
720575940884031660,720575940915256127,2
720575940921986112,720575940881055666,2
720575940920037245,720575940909797811,2
720575940884031660,720575940917429907,2
720575940884031660,720575940922949405,2
720575940883866908,720575940918775345,2
720575940964330406,720575940881974650,2
720575940902671774,720575940930897229,2
720575940920037245,720575940903113149,2
720575940921986112,720575940888793178,2
720575940920037245,720575940900033476,2
720575940884032172,720575940869443690,2
720575940920037245,720575940899433261,2
720575940903996112,720575940891185846,2
720575940878955572,720575940905041878,2
720575940878955572,720575940899433773,2
720575940881607875,720575940922709290,2
720575940903996112,720575940893156522,2
720575940921986112,720575940894647347,2
720575940902629074,720575940932846484,2
720575940902629074,720575940927244256,2
720575940902680734,720575940920894376,2
720575940883729656,720575940937869229,2
720575940920027261,720575940878955572,2
720575940921992256,720575940930897229,2
720575940884057772,720575940884925028,2
720575940922709290,720575940877555511,2
720575940922709290,720575940878916148,2
720575940902624978,720575940903188925,2
720575940902624978,720575940901384751,2
720575940883734520,720575940890018996,2
720575940904258003,720575940897365506,2
720575940902624978,720575940899283650,2
720575940904258003,720575940926223758,2
720575940878326395,720575940940386475,2
720575940902624978,720575940895353262,2
720575940884057772,720575940899434029,2
720575940902624978,720575940915253823,2
720575940884057772,720575940900033476,2
720575940883729656,720575940937862061,2
720575940884057772,720575940903370509,2
720575940902624978,720575940890107704,2
720575940891183798,720575940890111288,2
720575940922709290,720575940899782543,2
720575940902624978,720575940886853257,2
720575940878326395,720575940927244256,2
720575940948987670,720575940927248352,2
720575940922709290,720575940903415565,2
720575940878326395,720575940927184920,2
720575940883729656,720575940923272236,2
720575940948987670,720575940927184920,2
720575940902624978,720575940912929024,2
720575940884057772,720575940878955828,2
720575940883866908,720575940891751079,2
720575940921992256,720575940897460886,2
720575940878916148,720575940903415565,2
720575940902629074,720575940919632133,2
720575940902629074,720575940905043670,2
720575940921992256,720575940869443690,2
720575940902629074,720575940900033476,2
720575940902629074,720575940899433773,2
720575940920027261,720575940903414541,2
720575940884051238,720575940916236035,2
720575940891183798,720575940888793434,2
720575940902629074,720575940880005762,2
720575940902629074,720575940878326395,2
720575940904086480,720575940905042902,2
720575940920027261,720575940890111288,2
720575940878916148,720575940890704372,2
720575940902624978,720575940917429907,2
720575940902629074,720575940859648663,2
720575940921992256,720575940903188925,2
720575940921992256,720575940903370509,2
720575940902624978,720575940937862061,2
720575940921992256,720575940903415565,2
720575940878916148,720575940888731665,2
720575940883866908,720575940883201751,2
720575940921992256,720575940916016480,2
720575940902624978,720575940920881320,2
720575940902624978,720575940920037245,2
720575940902624978,720575940919622661,2
720575940904086480,720575940913491825,2
720575940904086480,720575940917429907,2
720575940902680734,720575940917429907,2
720575940884031660,720575940905042902,2
720575940899861391,720575940886853257,2
720575940920044149,720575940937221662,2
720575940920456848,720575940903996112,2
720575940903370509,720575940881607875,2
720575940891181902,720575940922949405,2
720575940920456848,720575940917531755,2
720575940903415565,720575940919632133,2
720575940920054001,720575940859648663,2
720575940878956340,720575940881055666,2
720575940903415565,720575940922795818,2
720575940903188925,720575940922795818,2
720575940903415565,720575940927244256,2
720575940903188925,720575940920037245,2
720575940883905052,720575940881935355,2
720575940920833705,720575940865475743,2
720575940883905052,720575940887087578,2
720575940883901724,720575940891185846,2
720575940920833705,720575940875843901,2
720575940903188925,720575940912929024,2
720575940903188925,720575940909797811,2
720575940903188925,720575940908782425,2
720575940903188925,720575940908386564,2
720575940883905052,720575940889215863,2
720575940920833705,720575940881055666,2
720575940920044149,720575940917429907,2
720575940903188925,720575940899434029,2
720575940903188925,720575940899433773,2
720575940920833705,720575940888793434,2
720575940903188925,720575940899432749,2
720575940883905052,720575940897460886,2
720575940920456848,720575940903414541,2
720575940920456848,720575940900033476,2
720575940903188925,720575940891783335,2
720575940903370509,720575940963340820,2
720575940920062581,720575940865475487,2
720575940878956340,720575940889924328,2
720575940883901724,720575940897454998,2
720575940903414541,720575940917531755,2
720575940920062581,720575940884057772,2
720575940903415565,720575940878955828,2
720575940920062581,720575940888793434,2
720575940903415565,720575940880005762,2
720575940920062581,720575940897460886,2
720575940903414541,720575940890111288,2
720575940878956340,720575940890107704,2
720575940883901724,720575940913573871,2
720575940878956340,720575940890111288,2
720575940883901724,720575940916299357,2
720575940964330406,720575940915676096,2
720575940920054001,720575940905041878,2
720575940878956340,720575940891163574,2
720575940891181902,720575940916236035,2
720575940903370509,720575940917429907,2
720575940903415565,720575940899433005,2
720575940883901724,720575940919632133,2
720575940920456848,720575940880005762,2
720575940903415565,720575940899433517,2
720575940903415565,720575940900033476,2
720575940903370509,720575940897460886,2
720575940883901724,720575940937856941,2
720575940920456848,720575940891783335,2
720575940920054001,720575940880837650,2
720575940903679779,720575940891185846,2
720575940903679779,720575940897460886,2
720575940921525267,720575940927244512,2
720575940920881320,720575940917853067,2
720575940902703006,720575940917531755,2
720575940920044149,720575940886540578,2
720575940903706403,720575940897365506,2
720575940920881320,720575940892205566,2
720575940902703006,720575940915256127,2
720575940920881320,720575940899433773,2
720575940902703006,720575940908781145,2
720575940920044149,720575940884939979,2
720575940920881320,720575940900033476,2
720575940884031660,720575940877555511,2
720575940920881320,720575940903113149,2
720575940920881320,720575940909797811,2
720575940902703006,720575940900033476,2
720575940903706403,720575940941124460,2
720575940902703006,720575940919622661,2
720575940903751971,720575940859648663,2
720575940884031660,720575940881974650,2
720575940903751971,720575940880005762,2
720575940920894376,720575940881567427,2
720575940921478163,720575940869352923,2
720575940902703006,720575940889924328,2
720575940920044149,720575940881935355,2
720575940902703006,720575940885432678,2
720575940878955828,720575940878955572,2
720575940920037245,720575940932846484,2
720575940891181902,720575940939715909,2
720575940903751971,720575940910607129,2
720575940920037245,720575940920027261,2
720575940883905052,720575940927215328,2
720575940902703006,720575940919632133,2
720575940903188925,720575940890245126,2
720575940920833705,720575940905043926,2
720575940883905052,720575940899281090,2
720575940903679779,720575940899256770,2
720575940964330406,720575940891518756,2
720575940920833705,720575940894664404,2
720575940878955828,720575940927244256,2
720575940903188925,720575940875854397,2
720575940891181902,720575940930897229,2
720575940878955828,720575940920027261,2
720575940920833705,720575940903415565,2
720575940883905052,720575940899398585,2
720575940903122154,720575940922949405,2
720575940883905052,720575940905042902,2
720575940883905052,720575940905061686,2
720575940891181902,720575940937857965,2
720575940902703006,720575940920881320,2
720575940903679779,720575940905050934,2
720575940903122154,720575940881607875,2
720575940878955828,720575940909797811,2
720575940920833705,720575940916016480,2
720575940903113149,720575940910295881,2
720575940878955828,720575940905041878,2
720575940920044149,720575940900956101,2
720575940878956340,720575940899291016,2
720575940878955828,720575940899433005,2
720575940903113149,720575940891184310,2
720575940915684544,720575940888793434,2
720575940902703006,720575940937221662,2
720575940902703006,720575940922957341,2
720575940922709290,720575940908782425,2
720575940919632133,720575940932846484,2
720575940884057772,720575940920881320,2
720575940879810013,720575940903996112,2
720575940923001544,720575940865475487,2
720575940905043670,720575940891783335,2
720575940900287353,720575940899861391,2
720575940878312571,720575940889238903,2
720575940878312571,720575940882672796,2
720575940881918801,720575940875854397,2
720575940884925028,720575940891185846,2
720575940900244450,720575940881127565,2
720575940884925028,720575940891783335,2
720575940884925028,720575940892205566,2
720575940905043670,720575940912929024,2
720575940884925028,720575940899432749,2
720575940900234978,720575940890118968,2
720575940900234978,720575940875116119,2
720575940891184310,720575940869352923,2
720575940919045143,720575940915676096,2
720575940915967584,720575940880875929,2
720575940878312571,720575940878916148,2
720575940878312571,720575940877555511,2
720575940883201751,720575940899434029,2
720575940915967584,720575940881055666,2
720575940883201751,720575940899433517,2
720575940884925028,720575940899434029,2
720575940923001544,720575940896736698,2
720575940915531157,720575940897460886,2
720575940877555511,720575940927244256,2
720575940923001544,720575940899256770,2
720575940915531157,720575940894664404,2
720575940884925028,720575940878325883,2
720575940884925028,720575940859648663,2
720575940900233186,720575940880850833,2
720575940878957108,720575940896872522,2
720575940878312571,720575940941106028,2
720575940884728634,720575940917852811,2
720575940847552365,720575940917407635,2
720575940878957108,720575940891184310,2
720575940900956101,720575940899281090,2
720575940915531157,720575940912535686,2
720575940922958792,720575940894143043,2
720575940900956101,720575940894664404,2
720575940919600645,720575940926223758,2
720575940891181902,720575940894143299,2
720575940900956101,720575940892204542,2
720575940900956101,720575940891185846,2
720575940948987670,720575940894662868,2
720575940922958792,720575940899782543,2
720575940922958792,720575940937869229,2
720575940900956101,720575940886540578,2
720575940883201751,720575940917429907,2
720575940900956101,720575940882672796,2
720575940922958792,720575940903415565,2
720575940881607875,720575940891185846,2
720575940878312571,720575940907584340,2
720575940900956101,720575940880837650,2
720575940919600645,720575940905043926,2
720575940891184310,720575940859648663,2
720575940900956101,720575940870685014,2
720575940919600645,720575940891183798,2
720575940922958792,720575940927109144,2
720575940919600645,720575940888799761,2
720575940891184310,720575940891185846,2
720575940877555511,720575940921478163,2
720575940902363320,720575940937856941,2
720575940899861391,720575940907584340,2
720575940884977867,720575940880850833,2
720575940919045143,720575940884939979,2
720575940899861391,720575940919622661,2
720575940899861391,720575940919600645,2
720575940891184310,720575940922795818,2
720575940919045143,720575940881974650,2
720575940899861391,720575940917780131,2
720575940879810013,720575940937240862,2
720575940899861391,720575940917407635,2
720575940877555511,720575940882061434,2
720575940923272236,720575940899291016,2
720575940905043926,720575940892204542,2
720575940905043926,720575940899291016,2
720575940905043926,720575940899433261,2
720575940884976331,720575940917852811,2
720575940919045143,720575940878956340,2
720575940923272236,720575940940386475,2
720575940919029575,720575940939716165,2
720575940924156549,720575940888731665,2
720575940883201751,720575940878955828,2
720575940909235164,720575940888799761,2
720575940919029575,720575940927244512,2
720575940879973250,720575940882552101,2
720575940884977867,720575940927794480,2
720575940885287873,720575940881844049,2
720575940924156549,720575940917429907,2
720575940891184310,720575940927244512,2
720575940905061686,720575940881055666,2
720575940919045143,720575940890018996,2
720575940915967584,720575940886540578,2
720575940900033476,720575940940386475,2
720575940877555511,720575940900033476,2
720575940891184310,720575940896872522,2
720575940900033476,720575940937856941,2
720575940881607875,720575940888731665,2
720575940923001544,720575940911411305,2
720575940923001544,720575940912535686,2
720575940884925028,720575940920881320,2
720575940877555511,720575940909797811,2
720575940884925028,720575940921478163,2
720575940884925028,720575940927244256,2
720575940900033476,720575940899433773,2
720575940884939979,720575940935668092,2
720575940900033476,720575940896872522,2
720575940905043670,720575940922795818,2
720575940877555511,720575940899434029,2
720575940879810013,720575940927244512,2
720575940900033476,720575940891185846,2
720575940884976331,720575940882061434,2
720575940923001544,720575940919622661,2
720575940900033476,720575940877555511,2
720575940877555511,720575940899291016,2
720575940877555511,720575940893156522,2
720575940905043670,720575940932846484,2
720575940891184310,720575940910607129,2
720575940919045143,720575940899282056,2
720575940877555511,720575940891783335,2
720575940923001544,720575940927208416,2
720575940919045143,720575940898432765,2
720575940905043926,720575940878955572,2
720575940900956101,720575940902634194,2
720575940948987670,720575940899283650,2
720575940905042902,720575940920456848,2
720575940884145919,720575940878312571,2
720575940922795818,720575940891184310,2
720575940919622661,720575940963340820,2
720575940878956340,720575940910624444,2
720575940901960430,720575940894664404,2
720575940915676096,720575940910607129,2
720575940922795818,720575940899433261,2
720575940884108031,720575940937857965,2
720575940883729656,720575940900033476,2
720575940901960430,720575940890134196,2
720575940884108031,720575940941106028,2
720575940922795818,720575940921478163,2
720575940901960430,720575940886540578,2
720575940891183798,720575940903188925,2
720575940884145919,720575940878916148,2
720575940901960430,720575940905043670,2
720575940915676096,720575940881936635,2
720575940878956340,720575940916299357,2
720575940901717479,720575940895711219,2
720575940901384751,720575940963340820,2
720575940901384751,720575940940380075,2
720575940915684544,720575940919622661,2
720575940883729656,720575940891181902,2
720575940919622661,720575940912929024,2
720575940884145919,720575940889238903,2
720575940901384751,720575940920037245,2
720575940905041878,720575940880005762,2
720575940901384751,720575940919029575,2
720575940878956340,720575940920027261,2
720575940901960430,720575940903679779,2
720575940901960430,720575940905043926,2
720575940891181902,720575940895267018,2
720575940847552365,720575940897365506,2
720575940919632133,720575940921478163,2
720575940902363320,720575940917407635,2
720575940922709290,720575940928343548,2
720575940919632133,720575940917531755,2
720575940919632133,720575940916236035,2
720575940902363320,720575940883197911,2
720575940847552365,720575940890939713,2
720575940878326395,720575940920027261,2
720575940919632133,720575940899433005,2
720575940891183798,720575940894143299,2
720575940922765354,720575940886540578,2
720575940905014486,720575940923272236,2
720575940901971694,720575940884939979,2
720575940922765354,720575940900963269,2
720575940884108031,720575940917429907,2
720575940878326395,720575940917853067,2
720575940905014486,720575940926223758,2
720575940847552365,720575940900963269,2
720575940922765354,720575940915256127,2
720575940922765354,720575940915676096,2
720575940891183798,720575940899283650,2
720575940878326395,720575940903751971,2
720575940919632133,720575940887194266,2
720575940891181902,720575940900963269,2
720575940919632133,720575940883198679,2
720575940878956340,720575940908782425,2
720575940948987670,720575940919622661,2
720575940884108031,720575940909769176,2
720575940881607875,720575940941106028,2
720575940922949405,720575940890107704,2
720575940948987670,720575940915253823,2
720575940948987670,720575940902634194,2
720575940900963269,720575940917852811,2
720575940922957341,720575940899433261,2
720575940900963269,720575940891783335,2
720575940919622661,720575940886540578,2
720575940881869307,720575940905050934,2
720575940883201751,720575940927184920,2
720575940922957341,720575940903113149,2
720575940919622661,720575940882117920,2
720575940878325883,720575940918815793,2
720575940900956101,720575940940380075,2
720575940900956101,720575940937869229,2
720575940922957341,720575940920027261,2
720575940900956101,720575940928343548,2
720575940878325883,720575940899433517,2
720575940884145919,720575940894143299,2
720575940905042902,720575940916236035,2
720575940900956101,720575940921525267,2
720575940881869307,720575940917098044,2
720575940884728634,720575940899281090,2
720575940922957341,720575940927244512,2
720575940900956101,720575940917853067,2
720575940919622661,720575940859648663,2
720575940922957341,720575940940386475,2
720575940919600645,720575940941124460,2
720575940900956101,720575940908782425,2
720575940900956101,720575940905043926,2
720575940884728634,720575940902629074,2
720575940922958792,720575940869443690,2
720575940900963269,720575940922957341,2
720575940884728634,720575940880875929,2
720575940883201751,720575940927244256,2
720575940905042902,720575940891783335,2
720575940922949405,720575940892205566,2
720575940905042134,720575940888216655,2
720575940922949405,720575940896872522,2
720575940919622661,720575940900963269,2
720575940922949405,720575940905042902,2
720575940884145919,720575940899398585,2
720575940901384751,720575940902629074,2
720575940901384751,720575940900956101,2
720575940884145919,720575940903679779,2
720575940901384751,720575940899282056,2
720575940919622661,720575940900956101,2
720575940905042134,720575940917853067,2
720575940878326395,720575940880005762,2
720575940919622661,720575940894647859,2
720575940922957341,720575940877146459,2
720575940884145919,720575940910624444,2
720575940919622661,720575940894143299,2
720575940878326395,720575940877555511,2
720575940901384751,720575940890107704,2
720575940901384751,720575940890018996,2
720575940922957341,720575940880005762,2
720575940905042902,720575940878955572,2
720575940878326395,720575940865467295,2
720575940884145919,720575940917780131,2
720575940901384751,720575940881974650,2
720575940948987670,720575940907584340,2
720575940905042902,720575940891185846,2
720575940888787983,720575940894143299,2
720575940903414541,720575940927244768,2
720575940927244768,720575940922795818,2
720575940940896383,720575940912929024,2
720575940894143299,720575940948987670,2
720575940889238903,720575940895281326,2
720575940941106028,720575940889924328,2
720575940889238903,720575940895353262,2
720575940889238903,720575940898432765,2
720575940893392149,720575940891183798,2
720575940890245126,720575940881055666,2
720575940864403212,720575940923001544,2
720575940890245126,720575940878955572,2
720575940937240862,720575940859648663,2
720575940917531755,720575940922795818,2
720575940889238903,720575940899282056,2
720575940940380075,720575940917780131,2
720575940894143299,720575940917780131,2
720575940890245126,720575940859648663,2
720575940917531755,720575940917407635,2
720575940937240862,720575940882393805,2
720575940937240862,720575940883198679,2
720575940911489471,720575940883901724,2
720575940889238903,720575940904086480,2
720575940917531755,720575940909797811,2
720575940889238903,720575940906113851,2
720575940894143299,720575940904086480,2
720575940880896913,720575940899282056,2
720575940889238903,720575940894662868,2
720575940889238903,720575940891185846,2
720575940911411305,720575940903370509,2
720575940917780131,720575940859648663,2
720575940911411305,720575940888793178,2
720575940940896383,720575940871523385,2
720575940936679190,720575940916236035,2
720575940917637910,720575940937240862,2
720575940894178664,720575940899433261,2
720575940889238903,720575940890107704,2
720575940890245126,720575940885432678,2
720575940893392149,720575940881935355,2
720575940882077216,720575940890245126,2
720575940893392149,720575940882552101,2
720575940917531755,720575940932846484,2
720575940894178664,720575940890962241,2
720575940894178664,720575940890939713,2
720575940880896913,720575940917852811,2
720575940894178664,720575940890018996,2
720575940936679190,720575940923272236,2
720575940911411305,720575940916016480,2
720575940894178664,720575940884925028,2
720575940889238903,720575940891181902,2
720575940917637910,720575940888799761,2
720575940917531755,720575940937856941,2
720575940894143299,720575940903679779,2
720575940892204542,720575940917853067,2
720575940881936465,720575940865160474,2
720575940880850833,720575940862564127,2
720575940889238903,720575940930873976,2
720575940893392149,720575940925826374,2
720575940864403724,720575940865475487,2
720575940861406706,720575940890245126,2
720575940889238903,720575940946223236,2
720575940937240862,720575940918815793,2
720575940937240862,720575940919632133,2
720575940937240862,720575940920027261,2
720575940865475743,720575940922709290,2
720575940881936465,720575940890107704,2
720575940882077216,720575940880372359,2
720575940916236035,720575940905043670,2
720575940889728101,720575940878916148,2
720575940941124460,720575940880839442,2
720575940937240862,720575940939716165,2
720575940941106028,720575940894664404,2
720575940917429907,720575940941089388,2
720575940889728101,720575940881935355,2
720575940915217983,720575940918314549,2
720575940941124460,720575940878326395,2
720575940937848237,720575940883197911,2
720575940893392149,720575940940380075,2
720575940892182782,720575940865160474,2
720575940894143299,720575940890134196,2
720575940893392149,720575940903415565,2
720575940911489471,720575940899281090,2
720575940940380075,720575940915256127,2
720575940865475743,720575940937869229,2
720575940864403212,720575940941106028,2
720575940911489471,720575940894143555,2
720575940913573871,720575940918311989,2
720575940893392149,720575940906113851,2
720575940881055666,720575940908782425,2
720575940890134196,720575940927184920,2
720575940937240862,720575940896872522,2
720575940889238903,720575940917429907,2
720575940889238903,720575940918750769,2
720575940881936465,720575940888799761,2
720575940881936465,720575940888731665,2
720575940940380075,720575940903751971,2
720575940911489471,720575940902629074,2
720575940890134196,720575940886574602,2
720575940890134196,720575940883198679,2
720575940890118968,720575940920044149,2
720575940889238903,720575940919632133,2
720575940940380075,720575940903415565,2
720575940894143299,720575940891164342,2
720575940917531755,720575940894116163,2
720575940917780131,720575940865475743,2
720575940891783335,720575940888216655,2
720575940893392149,720575940875843901,2
720575940894642900,720575940910295881,2
720575940881055666,720575940878955572,2
720575940932846484,720575940909797811,2
720575940893386005,720575940897460886,2
720575940932846484,720575940917531755,2
720575940917780131,720575940905042902,2
720575940917780131,720575940905041878,2
720575940894642900,720575940926223758,2
720575940892205566,720575940869352923,2
720575940881926778,720575940869443690,2
720575940891163574,720575940878312571,2
720575940894642900,720575940909797811,2
720575940932846484,720575940905050934,2
720575940916236035,720575940892205566,2
720575940917780131,720575940900956101,2
720575940891163574,720575940880372359,2
720575940894642900,720575940896872522,2
720575940933768470,720575940891783079,2
720575940881935355,720575940903414541,2
720575940880839442,720575940920054001,2
720575940891163574,720575940880839442,2
720575940917780131,720575940895281326,2
720575940916016480,720575940880850833,2
720575940893386005,720575940894664404,2
720575940917780131,720575940905043926,2
720575940933768470,720575940919632133,2
720575940891163574,720575940877501751,2
720575940869443690,720575940914883824,2
720575940890245126,720575940918311989,2
720575940882082080,720575940897454998,2
720575940894647347,720575940930897229,2
720575940869443690,720575940906113851,2
720575940932756628,720575940919029575,2
720575940881918801,720575940922957341,2
720575940889166262,720575940882552101,2
720575940891783079,720575940920881320,2
720575940932846484,720575940869352923,2
720575940882082080,720575940890018996,2
720575940917780131,720575940905050934,2
720575940914869232,720575940919029575,2
720575940893386005,720575940889238903,2
720575940881055666,720575940899432749,2
720575940940896383,720575940902624978,2
720575940890245126,720575940916299357,2
720575940932846484,720575940893156522,2
720575940890245126,720575940915253823,2
720575940917780131,720575940906113851,2
720575940910624444,720575940894664404,2
720575940893386005,720575940894178664,2
720575940889215863,720575940870685014,2
720575940880839442,720575940927184920,2
720575940916016480,720575940891783079,2
720575940889238903,720575940881055666,2
720575940915253823,720575940886540578,2
720575940889215863,720575940937869229,2
720575940889238903,720575940865475743,2
720575940914869232,720575940897460886,2
720575940894642644,720575940894664404,2
720575940869443690,720575940888731665,2
720575940892204542,720575940922795818,2
720575940869443690,720575940884728634,2
720575940894642644,720575940890107704,2
720575940890245126,720575940891163574,2
720575940936679190,720575940890134196,2
720575940940896383,720575940883198679,2
720575940889238903,720575940882117920,2
720575940936679190,720575940891184310,2
720575940869443690,720575940882124516,2
720575940889238903,720575940883201751,2
720575940894642644,720575940871523385,2
720575940936679190,720575940897365506,2
720575940936679190,720575940897454998,2
720575940894178664,720575940946223236,2
720575940936679190,720575940899861391,2
720575940869443690,720575940881935355,2
720575940881926778,720575940877555511,2
720575940894642644,720575940905043926,2
720575940869443690,720575940894664404,2
720575940881935355,720575940905042134,2
720575940889215863,720575940890245126,2
720575940869443690,720575940894143043,2
720575940891163574,720575940899283650,2
720575940893386005,720575940905042902,2
720575940893386005,720575940905061686,2
720575940889215863,720575940894647859,2
720575940935668092,720575940881844049,2
720575940894642644,720575940922957341,2
720575940890245126,720575940899433773,2
720575940935668092,720575940883201751,2
720575940935668092,720575940884939979,2
720575940910624444,720575940937862061,2
720575940890245126,720575940899433517,2
720575940882077216,720575940919029575,2
720575940940896383,720575940888799761,2
720575940935668092,720575940915676096,2
720575940881055666,720575940859648663,2
720575940917780131,720575940894143299,2
720575940940896383,720575940883729656,2
720575940891163574,720575940899153235,2
720575940869443690,720575940888793434,2
720575940917780131,720575940891181902,2
720575940917429907,720575940915256127,2
720575940894143043,720575940918750769,2
720575940912535686,720575940878916148,2
720575940864403724,720575940917852811,2
720575940890107704,720575940927244256,2
720575940890090420,720575940881607875,2
720575940893928949,720575940898677394,2
720575940865475487,720575940912535686,2
720575940937862061,720575940917429907,2
720575940893873415,720575940946223236,2
720575940893873415,720575940940380075,2
720575940912929024,720575940922957341,2
720575940890090420,720575940893386005,2
720575940893873415,720575940937857965,2
720575940880875929,720575940902629074,2
720575940893395733,720575940941106028,2
720575940915253823,720575940865467295,2
720575940892204542,720575940886574602,2
720575940941106028,720575940920456848,2
720575940890090420,720575940894142787,2
720575940941106028,720575940919632133,2
720575940890090420,720575940895353262,2
720575940916299357,720575940902518994,2
720575940864403724,720575940922709290,2
720575940890090420,720575940896736698,2
720575940892204542,720575940890962241,2
720575940881936465,720575940919632133,2
720575940893949822,720575940898432765,2
720575940890107704,720575940917853067,2
720575940916299357,720575940881974650,2
720575940891163574,720575940893408011,2
720575940912591238,720575940915256127,2
720575940892204542,720575940899434029,2
720575940937862061,720575940902624978,2
720575940893395733,720575940916299357,2
720575940937862061,720575940902634194,2
720575940894116163,720575940899433773,2
720575940939716165,720575940891783335,2
720575940894116163,720575940891184310,2
720575940916299357,720575940878325883,2
720575940861406706,720575940908782425,2
720575940865475487,720575940915684544,2
720575940916299357,720575940889952699,2
720575940894116163,720575940882393805,2
720575940889924328,720575940909797811,2
720575940890108216,720575940877146459,2
720575940894116163,720575940869352923,2
720575940939716165,720575940877146459,2
720575940915253823,720575940877146459,2
720575940941106028,720575940898432765,2
720575940893949822,720575940940386475,2
720575940890107704,720575940927244512,2
720575940916016480,720575940884939979,2
720575940916299357,720575940913491825,2
720575940881974650,720575940888731665,2
720575940912929024,720575940899433773,2
720575940912929024,720575940893386005,2
720575940912929024,720575940894143299,2
720575940881936635,720575940883198167,2
720575940893774059,720575940881935355,2
720575940916016480,720575940886540578,2
720575940939715909,720575940859648663,2
720575940865475487,720575940888793434,2
720575940893408011,720575940941106028,2
720575940937869229,720575940902671774,2
720575940890107704,720575940880005762,2
720575940890107704,720575940899291016,2
720575940890107704,720575940899433517,2
720575940937869229,720575940941089388,2
720575940893408011,720575940927248352,2
720575940880875929,720575940912535686,2
720575940881926778,720575940885432678,2
720575940893408011,720575940916236035,2
720575940890107704,720575940891185846,2
720575940937869229,720575940912929024,2
720575940881936635,720575940882103072,2
720575940912929024,720575940903751971,2
720575940937869229,720575940918750769,2
720575940893774059,720575940894664404,2
720575940893774059,720575940905042902,2
720575940912929024,720575940881935185,2
720575940912929024,720575940890111288,2
720575940939715909,720575940915253823,2
720575940912929024,720575940885432678,2
720575940893873415,720575940883905052,2
720575940880875929,720575940919632133,2
720575940893408011,720575940883901724,2
720575940939715909,720575940897454998,2
720575940890107704,720575940900033476,2
720575940893873415,720575940878956340,2
720575940916016480,720575940889952699,2
720575940890090420,720575940915217983,2
720575940937869229,720575940882077216,2
720575940893774059,720575940905043670,2
720575940912929024,720575940920054001,2
720575940939715909,720575940891184310,2
720575940912929024,720575940891181902,2
720575940881936465,720575940937857965,2
720575940937869229,720575940889238903,2
720575940937869229,720575940891163574,2
720575940890090420,720575940922709290,2
720575940917407635,720575940899861391,2
720575940880875929,720575940919029575,2
720575940912929024,720575940919632133,2
720575940939716165,720575940903113149,2
720575940917422227,720575940894143299,2
720575940916236035,720575940909802419,2
720575940940380075,720575940888793434,2
720575940894143043,720575940892615796,2
720575940880896913,720575940877555511,2
720575940937856941,720575940927244256,2
720575940937856941,720575940927244512,2
720575940912535686,720575940899256770,2
720575940937857965,720575940865467295,2
720575940937857965,720575940877555511,2
720575940865475743,720575940908782425,2
720575940912535686,720575940903415565,2
720575940880875929,720575940878916148,2
720575940865475743,720575940904086480,2
720575940889728101,720575940928343548,2
720575940913511793,720575940897365506,2
720575940889794145,720575940878326395,2
720575940940380075,720575940885432678,2
720575940917429907,720575940890962241,2
720575940889794145,720575940882117920,2
720575940882061434,720575940910295881,2
720575940917429907,720575940884939979,2
720575940880875929,720575940927215328,2
720575940940380075,720575940881936465,2
720575940894142787,720575940927208416,2
720575940889728101,720575940937869229,2
720575940882061434,720575940920456848,2
720575940912535686,720575940922709290,2
720575940881936465,720575940899432749,2
720575940917429907,720575940905081398,2
720575940894143043,720575940915217983,2
720575940892182782,720575940898432765,2
720575940916236035,720575940917780131,2
720575940937848237,720575940911489471,2
720575940889728101,720575940903188925,2
720575940865475743,720575940909769176,2
720575940937848237,720575940927184920,2
720575940893395733,720575940875116119,2
720575940894143043,720575940903370509,2
720575940890111288,720575940905042134,2
720575940940380075,720575940890111288,2
720575940912535686,720575940890090420,2
720575940940380075,720575940896736698,2
720575940889728101,720575940906113851,2
720575940913511793,720575940923001800,2
720575940912535686,720575940894142787,2
720575940940380075,720575940891185846,2
720575940937856941,720575940894116163,2
720575940893395733,720575940888731665,2
720575940889728101,720575940927184920,2
720575940880875929,720575940870685014,2
720575940912535686,720575940918750769,2
720575940937857965,720575940916236035,2
720575940939716165,720575940905041878,2
720575940894142787,720575940884728634,2
720575940912591238,720575940889249143,2
720575940941106028,720575940937857965,2
720575940892204542,720575940865467295,2
720575940893395733,720575940904086480,2
720575940881936465,720575940909802419,2
720575940917422227,720575940910295881,2
720575940889794145,720575940940896383,2
720575940889924328,720575940870685270,2
720575940894142787,720575940889238903,2
720575940891163574,720575940894142787,2
720575940865475743,720575940878312571,2
720575940882061434,720575940888793434,2
720575940917422227,720575940899281090,2
720575940937862061,720575940894178664,2
720575940865475743,720575940870685014,2
720575940912591238,720575940905042902,2
720575940890108216,720575940921525267,2
720575940939716165,720575940927184920,2
720575940913511793,720575940880837650,2
720575940893395733,720575940912535686,2
720575940889924328,720575940894662868,2
720575940892204542,720575940877146459,2
720575940889794145,720575940919632133,2
720575940912591238,720575940888793178,2
720575940940380075,720575940881055666,2
720575940882061434,720575940894664404,2
720575940893395733,720575940894647347,2
720575940890111288,720575940878325883,2
720575940912535686,720575940930897229,2
720575940865475743,720575940899283650,2
720575940889794145,720575940896732090,2
720575940893395733,720575940899153235,2
720575940937857965,720575940920037245,2
720575940894142787,720575940915531157,2
720575940894142787,720575940915217983,2
720575940917422227,720575940937848237,2
720575940889794145,720575940903370509,2
720575940937862061,720575940878326395,2
720575940912535686,720575940946223236,2
720575940912535686,720575940963340820,2
720575940937857965,720575940927244256,2
720575940916236035,720575940927244512,2
720575940937857965,720575940940386475,2
720575940889794145,720575940906283251,2
720575940894142787,720575940903370509,2
720575940894142787,720575940901960430,2
720575940890111288,720575940875843901,2
720575940864403724,720575940881607875,2
720575940892205566,720575940880005762,2
720575940891783079,720575940927184920,2
720575940888799761,720575940932846484,2
720575940862564127,720575940877555511,2
720575940870685014,720575940893408011,2
720575940880839442,720575940883905052,2
720575940881055666,720575940887194266,2
720575940881926778,720575940917852811,2
720575940928343548,720575940892204542,2
720575940909767384,720575940910295881,2
720575940888793178,720575940908386564,2
720575940892205986,720575940923272236,2
720575940859648663,720575940905043670,2
720575940862185831,720575940948987670,2
720575940928343548,720575940899433005,2
720575940895353262,720575940915253823,2
720575940909767384,720575940925826374,2
720575940909767384,720575940926223758,2
720575940881926778,720575940922957341,2
720575940892205986,720575940937240862,2
720575940888793178,720575940920881320,2
720575940895353262,720575940899433517,2
720575940928343548,720575940916236035,2
720575940909767384,720575940930905464,2
720575940870685014,720575940891181902,2
720575940909767384,720575940937240862,2
720575940862185831,720575940924182661,2
720575940862185831,720575940919029575,2
720575940914883824,720575940916236035,2
720575940870685014,720575940895353262,2
720575940914883824,720575940916016480,2
720575940870685014,720575940899281090,2
720575940909767384,720575940880838162,2
720575940927275084,720575940888731665,2
720575940927275084,720575940890741967,2
720575940895353262,720575940932846484,2
720575940882124516,720575940906113851,2
720575940892205986,720575940910295881,2
720575940917853067,720575940899432749,2
720575940915253823,720575940902634194,2
720575940909767384,720575940889264869,2
720575940892205986,720575940919029575,2
720575940895353262,720575940922949405,2
720575940892205986,720575940915253823,2
720575940862185831,720575940912929024,2
720575940881926778,720575940916236035,2
720575940892205986,720575940917407635,2
720575940928343548,720575940869352923,2
720575940928343548,720575940878955572,2
720575940892205986,720575940917852811,2
720575940895353262,720575940916236035,2
720575940895353262,720575940916016480,2
720575940928343548,720575940919632133,2
720575940892205986,720575940937857965,2
720575940870685014,720575940886931959,2
720575940892205566,720575940894116163,2
720575940916016480,720575940946223236,2
720575940870685014,720575940878956340,2
720575940888793434,720575940881055666,2
720575940870685014,720575940878916148,2
720575940895289006,720575940920037245,2
720575940888793434,720575940881935355,2
720575940930873976,720575940912535686,2
720575940888793434,720575940884925028,2
720575940881918801,720575940920062581,2
720575940892615796,720575940894142787,2
720575940909769176,720575940903188925,2
720575940928343548,720575940921478163,2
720575940859648663,720575940917531755,2
720575940881926778,720575940899782543,2
720575940914883824,720575940898432765,2
720575940930873976,720575940941106028,2
720575940881935185,720575940921525267,2
720575940895289006,720575940905061686,2
720575940888793434,720575940891518756,2
720575940909769176,720575940904086480,2
720575940930897229,720575940865475487,2
720575940895289006,720575940899283650,2
720575940915217983,720575940893395733,2
720575940930873976,720575940894142787,2
720575940895289006,720575940941124460,2
720575940930873976,720575940884976331,2
720575940928343548,720575940922795818,2
720575940941124460,720575940905042902,2
720575940895353262,720575940890962241,2
720575940941124460,720575940903415565,2
720575940928343548,720575940927184920,2
720575940882117920,720575940927244256,2
720575940909769176,720575940881974650,2
720575940928343548,720575940937857965,2
720575940915217983,720575940889238903,2
720575940890245126,720575940923272236,2
720575940862564127,720575940881607875,2
720575940890743247,720575940915256127,2
720575940895353262,720575940881935355,2
720575940895353262,720575940881055666,2
720575940941089388,720575940888793434,2
720575940880839442,720575940889238903,2
720575940870685014,720575940882077216,2
720575940916016480,720575940937240862,2
720575940916016480,720575940870685014,2
720575940882117920,720575940920881320,2
720575940892615796,720575940888793434,2
720575940895711219,720575940905050934,2
720575940888793178,720575940894664404,2
720575940916016480,720575940875854397,2
720575940890962241,720575940891185846,2
720575940871491897,720575940891181902,2
720575940917866379,720575940880837650,2
720575940871491897,720575940890134196,2
720575940882128356,720575940937857965,2
720575940888793178,720575940859648663,2
720575940896736698,720575940939715909,2
720575940896736698,720575940937240862,2
720575940916016480,720575940915256127,2
720575940892205986,720575940878956340,2
720575940941089388,720575940919029575,2
720575940915253823,720575940932846484,2
720575940891181902,720575940878326395,2
720575940892205986,720575940881055666,2
720575940909392923,720575940885287873,2
720575940927248352,720575940897454998,2
720575940941089388,720575940918750769,2
720575940896736698,720575940915253823,2
720575940890962241,720575940920881320,2
720575940896736698,720575940903751971,2
720575940890962241,720575940878955572,2
720575940871491897,720575940889924328,2
720575940896736698,720575940894662868,2
720575940896872522,720575940891783335,2
720575940917866379,720575940880838162,2
720575940896732090,720575940878955828,2
720575940888787983,720575940923001800,2
720575940915217983,720575940878916148,2
720575940909235164,720575940897365506,2
720575940927244768,720575940937856941,2
720575940871491897,720575940905042902,2
720575940881926778,720575940903996112,2
720575940917866379,720575940891185846,2
720575940917866379,720575940890111288,2
720575940871491897,720575940903188925,2
720575940909235164,720575940906113851,2
720575940862185831,720575940869443690,2
720575940892205566,720575940927244256,2
720575940896872522,720575940927244512,2
720575940892205566,720575940927244768,2
720575940888787983,720575940925826374,2
720575940897114128,720575940881935355,2
720575940882155492,720575940890107704,2
720575940927248352,720575940880875929,2
720575940892205566,720575940932846484,2
720575940909235164,720575940914869232,2
720575940862185831,720575940881935355,2
720575940909235164,720575940917852811,2
720575940917866379,720575940883198679,2
720575940881918801,720575940908781145,2
720575940891751079,720575940890245126,2
720575940909393947,720575940883201751,2
720575940890743247,720575940946223236,2
720575940862185831,720575940902703006,2
720575940915253823,720575940920027261,2
720575940917853067,720575940910607129,2
720575940888793178,720575940888216655,2
720575940862185831,720575940903370509,2
720575940915253823,720575940919632133,2
720575940915253823,720575940919029575,2
720575940896732090,720575940899282056,2
720575940892205986,720575940900963269,2
720575940882124516,720575940918990151,2
720575940862185831,720575940903415565,2
720575940917853067,720575940927244768,2
720575940890743247,720575940937869229,2
720575940909767128,720575940891783079,2
720575940917853067,720575940899433773,2
720575940896732090,720575940890111288,2
720575940927248352,720575940937862061,2
720575940917853067,720575940899433517,2
720575940914883824,720575940917429907,2
720575940909767128,720575940920054001,2
720575940870685014,720575940901384751,2
720575940909767128,720575940926223758,2
720575940862185831,720575940902624978,2
720575940927248352,720575940917780131,2
720575940914883824,720575940922709290,2
720575940881926778,720575940903193533,2
720575940909393947,720575940890939713,2
720575940888793178,720575940878325883,2
720575940862185831,720575940893395733,2
720575940888793178,720575940878955572,2
720575940927248352,720575940903751971,2
720575940890900801,720575940937848237,2
720575940890962241,720575940922795818,2
720575940927248352,720575940905042902,2
720575940927248352,720575940908386564,2
720575940890900801,720575940937240862,2
720575940871491897,720575940875843901,2
720575940896732090,720575940927244768,2
720575940909393947,720575940905050934,2
720575940890900801,720575940917866379,2
720575940880839442,720575940878326395,2
720575940896732090,720575940922949405,2
720575940871491897,720575940869443690,2
720575940917853067,720575940920037245,2
720575940917853067,720575940920027261,2
720575940862185831,720575940900963269,2
720575940896732090,720575940915253823,2
720575940862564127,720575940899281090,2
720575940895353262,720575940882117920,2
720575940916233731,720575940915676096,2
720575940941124460,720575940897454998,2
720575940894664404,720575940905043926,2
720575940893122730,720575940902634194,2
720575940916236035,720575940878955572,2
720575940930905464,720575940878326395,2
720575940893122730,720575940903996112,2
720575940881935355,720575940883905052,2
720575940917852811,720575940909797811,2
720575940894664404,720575940899433517,2
720575940894664404,720575940899291016,2
720575940882117920,720575940899434029,2
720575940893122730,720575940928343548,2
720575940869443690,720575940941106028,2
720575940894664404,720575940892204542,2
720575940930905464,720575940881936465,2
720575940891783079,720575940883198679,2
720575940869443690,720575940941089388,2
720575940861407986,720575940886853257,2
720575940916236035,720575940881055666,2
720575940893122730,720575940939715909,2
720575940869533454,720575940875843901,2
720575940869533454,720575940878326395,2
720575940864403212,720575940880875929,2
720575940914883824,720575940887194266,2
720575940940902015,720575940927244512,2
720575940862564127,720575940908782425,2
720575940909797811,720575940899433773,2
720575940930897229,720575940915531157,2
720575940930897229,720575940916016480,2
720575940892205566,720575940890111288,2
720575940895196362,720575940909802419,2
720575940916236035,720575940877555511,2
720575940916016480,720575940880837650,2
720575940894664404,720575940941089388,2
720575940881935355,720575940882160356,2
720575940909797811,720575940937856941,2
720575940909797811,720575940940386475,2
720575940890741967,720575940894664201,2
720575940888799761,720575940900033476,2
720575940894664404,720575940920037245,2
720575940940902015,720575940888793434,2
720575940894664404,720575940919632133,2
720575940930897229,720575940927208416,2
720575940941124460,720575940895353262,2
720575940917852811,720575940891783335,2
720575940890743247,720575940878956340,2
720575940888799761,720575940920037245,2
720575940893156522,720575940905041878,2
720575940930905464,720575940917852811,2
720575940930905464,720575940919029575,2
720575940894647859,720575940927208416,2
720575940917780131,720575940963340820,2
720575940880839442,720575940908781145,2
720575940910607129,720575940890111288,2
720575940941124460,720575940894664404,2
720575940930905464,720575940920881320,2
720575940917780131,720575940941106028,2
720575940893156522,720575940927184920,2
720575940891783079,720575940917531755,2
720575940894647859,720575940905014486,2
720575940940896383,720575940917422227,2
720575940916236035,720575940890111288,2
720575940882082080,720575940905042902,2
720575940881926778,720575940896732090,2
720575940917780131,720575940920456848,2
720575940893386005,720575940864403212,2
720575940940896383,720575940920037245,2
720575940888799761,720575940919632133,2
720575940930905464,720575940890108216,2
720575940930905464,720575940912929024,2
720575940910295881,720575940907584340,2
720575940894664404,720575940865467295,2
720575940890245126,720575940939715909,2
720575940864403212,720575940881607875,2
720575940893156522,720575940891185846,2
720575940894662868,720575940927244512,2
720575940893156522,720575940894116163,2
720575940914883824,720575940880875929,2
720575940917852811,720575940888216655,2
720575940941106028,720575940882061434,2
720575940891783079,720575940891185846,2
720575940910295881,720575940920881320,2
720575940930905464,720575940899291016,2
720575940917852811,720575940880837650,2
720575940930905464,720575940902634194,2
720575940930905464,720575940903414541,2
720575940930905464,720575940905041878,2
720575940891163574,720575940903188925,2
720575940930905464,720575940905043926,2
720575940890743247,720575940875854397,2
720575940893408011,720575940902671774,2
720575940891163574,720575940903679779,2
720575940930897229,720575940877555511,2
720575940888799761,720575940877555511,2
720575940892615796,720575940937869229,2
720575940892615796,720575940920456848,2
720575940869533454,720575940927794480,2
720575940869533454,720575940908782425,2
720575940890743247,720575940890107704,2
720575940890743247,720575940884925028,2
720575940930897229,720575940901960430,2
720575940895267018,720575940920456848,2
720575940895267018,720575940922709290,2
720575940882117920,720575940899432749,2
720575940917852811,720575940930897229,2
720575940862564127,720575940905042902,2
720575940917852811,720575940927244512,2
720575940882117920,720575940888216655,2
720575940869533454,720575940915676096,2
720575940909769176,720575940941106028,2
720575940915253823,720575940896872522,2
720575940888793434,720575940916299357,2
720575940888793434,720575940915256127,2
720575940941124460,720575940899291016,2
720575940892615796,720575940914883824,2
720575940909797811,720575940859648663,2
720575940890743247,720575940883201751,2
720575940869533454,720575940903415565,2
720575940862564127,720575940905050934,2
720575940888799761,720575940878955572,2
720575940895267018,720575940903188925,2
720575940892205566,720575940891185846,2
720575940895267018,720575940897460886,2
720575940920054001,720575940937856941,1
720575940916016480,720575940899291016,1
720575940920054001,720575940894143555,1
720575940878956340,720575940897460886,1
720575940881055666,720575940899433517,1
720575940920054001,720575940892204542,1
720575940919632133,720575940859648663,1
720575940916236035,720575940903751971,1
720575940919632133,720575940865475487,1
720575940920027261,720575940894647859,1
720575940920037245,720575940910607129,1
720575940881055666,720575940883866908,1
720575940878956340,720575940891183798,1
720575940920037245,720575940891184310,1
720575940916016480,720575940897460886,1
720575940920044149,720575940903193533,1
720575940880875929,720575940920027261,1
720575940916236035,720575940886931959,1
720575940919622661,720575940940380075,1
720575940920027261,720575940891783335,1
720575940919622661,720575940922949405,1
720575940920054001,720575940909797811,1
720575940878956340,720575940922795818,1
720575940881055666,720575940865475743,1
720575940920037245,720575940890111288,1
720575940920044149,720575940902703006,1
720575940920027261,720575940899433517,1
720575940920037245,720575940918815793,1
720575940920037245,720575940888793178,1
720575940916016480,720575940903370509,1
720575940878956340,720575940910607129,1
720575940916236035,720575940882672796,1
720575940920054001,720575940883198679,1
720575940916016480,720575940920037245,1
720575940919632133,720575940877555511,1
720575940878956340,720575940892204542,1
720575940916236035,720575940891183798,1
720575940920027261,720575940878957108,1
720575940920027261,720575940882393805,1
720575940919632133,720575940869352923,1
720575940920027261,720575940897365506,1
720575940881607875,720575940899256770,1
720575940917407635,720575940882160356,1
720575940916016480,720575940915684544,1
720575940878956340,720575940899283650,1
720575940919622661,720575940920833705,1
720575940916233731,720575940899282056,1
720575940916236035,720575940887087578,1
720575940881055666,720575940899433773,1
720575940919622661,720575940917852811,1
720575940919622661,720575940916016480,1
720575940920037245,720575940891783335,1
720575940878956340,720575940917407635,1
720575940878956340,720575940900033476,1
720575940920044149,720575940891518756,1
720575940880875929,720575940915531157,1
720575940919622661,720575940910607129,1
720575940920037245,720575940903415565,1
720575940920037245,720575940899433517,1
720575940880875929,720575940915217983,1
720575940878956340,720575940899861391,1
720575940917407635,720575940870685014,1
720575940919622661,720575940905043926,1
720575940916236035,720575940890939713,1
720575940878956340,720575940920881320,1
720575940919622661,720575940909769176,1
720575940916233731,720575940922949405,1
720575940920054001,720575940939716165,1
720575940916236035,720575940890107704,1
720575940920037245,720575940903414541,1
720575940881055666,720575940892205566,1
720575940920054001,720575940937240862,1
720575940915684544,720575940905061686,1
720575940878956340,720575940919029575,1
720575940920037245,720575940917852811,1
720575940915684544,720575940903188925,1
720575940920054001,720575940917853067,1
720575940919622661,720575940920456848,1
720575940881055666,720575940891751079,1
720575940919622661,720575940920037245,1
720575940878956340,720575940899398585,1
720575940916016480,720575940914883824,1
720575940916016480,720575940910952353,1
720575940916016480,720575940889215863,1
720575940920054001,720575940927244768,1
720575940916299357,720575940927184920,1
720575940920027261,720575940887194266,1
720575940878956340,720575940910295881,1
720575940916016480,720575940894664404,1
720575940919622661,720575940903414541,1
720575940878956340,720575940921986112,1
720575940916016480,720575940903751971,1
720575940917407635,720575940878326395,1
720575940916233731,720575940913491825,1
720575940881055666,720575940891783335,1
720575940919622661,720575940918750769,1
720575940916236035,720575940905014486,1
720575940916016480,720575940940380075,1
720575940920027261,720575940900033476,1
720575940916236035,720575940861406706,1
720575940881055666,720575940894143299,1
720575940920044149,720575940889249143,1
720575940916236035,720575940927208416,1
720575940916236035,720575940862185831,1
720575940920044149,720575940913491825,1
720575940878956340,720575940902624978,1
720575940916016480,720575940894142787,1
720575940920044149,720575940889728101,1
720575940878956340,720575940905041878,1
720575940915684544,720575940908782425,1
720575940916236035,720575940928343548,1
720575940916016480,720575940922709290,1
720575940919632133,720575940937856941,1
720575940920044149,720575940883900700,1
720575940919632133,720575940927184920,1
720575940919632133,720575940922795818,1
720575940916236035,720575940937856941,1
720575940916236035,720575940899398585,1
720575940920037245,720575940864403212,1
720575940920027261,720575940875116119,1
720575940916236035,720575940894647859,1
720575940920044149,720575940890108216,1
720575940881055666,720575940899153235,1
720575940916236035,720575940878956340,1
720575940920027261,720575940915253823,1
720575940878956340,720575940903414541,1
720575940919632133,720575940881936465,1
720575940916016480,720575940891518756,1
720575940880896913,720575940905050934,1
720575940916236035,720575940899433773,1
720575940916016480,720575940923272236,1
720575940920027261,720575940920881320,1
720575940920044149,720575940915253823,1
720575940880896913,720575940880850833,1
720575940916236035,720575940875854397,1
720575940920027261,720575940927244256,1
720575940881607875,720575940899782543,1
720575940920027261,720575940917407635,1
720575940881055666,720575940884145919,1
720575940916236035,720575940899433261,1
720575940915684544,720575940912535686,1
720575940919632133,720575940940386475,1
720575940919632133,720575940939715909,1
720575940919632133,720575940940896383,1
720575940920044149,720575940884031660,1
720575940878956340,720575940900956101,1
720575940881607875,720575940895267018,1
720575940916236035,720575940878312571,1
720575940880896913,720575940881936465,1
720575940916236035,720575940923001800,1
720575940880896913,720575940884976331,1
720575940920044149,720575940922765354,1
720575940916236035,720575940894143043,1
720575940916016480,720575940921992256,1
720575940920037245,720575940865467295,1
720575940920037245,720575940921478163,1
720575940916236035,720575940940380075,1
720575940920044149,720575940890111288,1
720575940916236035,720575940906113851,1
720575940880875929,720575940921478163,1
720575940916236035,720575940903188925,1
720575940916236035,720575940940896383,1
720575940919632133,720575940892204542,1
720575940878956340,720575940906113851,1
720575940920037245,720575940927109144,1
720575940916016480,720575940891185846,1
720575940916016480,720575940920833705,1
720575940920027261,720575940878955828,1
720575940880896913,720575940889924328,1
720575940920037245,720575940920881320,1
720575940920054001,720575940881935185,1
720575940916236035,720575940905043926,1
720575940919632133,720575940886574602,1
720575940920044149,720575940917407635,1
720575940881055666,720575940865467295,1
720575940920054001,720575940882393805,1
720575940916299357,720575940895281326,1
720575940880875929,720575940909797811,1
720575940916016480,720575940920054001,1
720575940916299357,720575940896702138,1
720575940920044149,720575940908781145,1
720575940920044149,720575940912929024,1
720575940920027261,720575940878326395,1
720575940920044149,720575940878956340,1
720575940920044149,720575940883198167,1
720575940919632133,720575940915253823,1
720575940916016480,720575940927208416,1
720575940919632133,720575940909797811,1
720575940881055666,720575940890107704,1
720575940916236035,720575940902671774,1
720575940916236035,720575940880837650,1
720575940878956340,720575940905043670,1
720575940916236035,720575940880875929,1
720575940916236035,720575940909797811,1
720575940878956340,720575940894143299,1
720575940920027261,720575940905050934,1
720575940920027261,720575940877146459,1
720575940920027261,720575940903415565,1
720575940916236035,720575940937857965,1
720575940881055666,720575940884939979,1
720575940919632133,720575940899291016,1
720575940916236035,720575940937862061,1
720575940920044149,720575940883197911,1
720575940920044149,720575940881936465,1
720575940919632133,720575940893156522,1
720575940919632133,720575940892205566,1
720575940920044149,720575940880837650,1
720575940878956340,720575940894647859,1
720575940919045143,720575940877501751,1
720575940919622661,720575940902703006,1
720575940918770481,720575940894143043,1
720575940880839442,720575940899282056,1
720575940918770481,720575940922958792,1
720575940880837650,720575940887194266,1
720575940918770481,720575940927208416,1
720575940917852811,720575940912929024,1
720575940880837650,720575940881936465,1
720575940918770481,720575940930897229,1
720575940880837650,720575940869352923,1
720575940918770481,720575940941124460,1
720575940918770481,720575940948987670,1
720575940917852811,720575940905041878,1
720575940917852811,720575940903679779,1
720575940917852811,720575940900287353,1
720575940880839442,720575940899283650,1
720575940917852811,720575940899291016,1
720575940880372359,720575940937857965,1
720575940918775345,720575940881935355,1
720575940917852811,720575940895267018,1
720575940918775345,720575940883198679,1
720575940917852811,720575940894143043,1
720575940880839442,720575940899353473,1
720575940918775345,720575940884939979,1
720575940880839442,720575940899398585,1
720575940918775345,720575940893395733,1
720575940880839442,720575940901384751,1
720575940917852811,720575940918775345,1
720575940918770481,720575940919622661,1
720575940880839442,720575940894664404,1
720575940916016480,720575940878326395,1
720575940918770481,720575940894647347,1
720575940880837650,720575940909797811,1
720575940918770481,720575940896736698,1
720575940917852811,720575940937856941,1
720575940880839442,720575940890090420,1
720575940916016480,720575940877501751,1
720575940915967584,720575940900033476,1
720575940916016480,720575940878325883,1
720575940917852811,720575940923001544,1
720575940918770481,720575940899782543,1
720575940880837650,720575940903113149,1
720575940880837650,720575940896872522,1
720575940917852811,720575940920044149,1
720575940881272414,720575940879810013,1
720575940917852811,720575940922957341,1
720575940880839442,720575940894116163,1
720575940880837650,720575940894116163,1
720575940917852811,720575940921478163,1
720575940918770481,720575940902671774,1
720575940918770481,720575940902703006,1
720575940918770481,720575940910624444,1
720575940880837650,720575940891783335,1
720575940918770481,720575940918314549,1
720575940880839442,720575940894647859,1
720575940918775345,720575940893774059,1
720575940918775345,720575940894142787,1
720575940917852811,720575940891184310,1
720575940917780131,720575940907584340,1
720575940917780131,720575940919029575,1
720575940918775345,720575940916236035,1
720575940880839442,720575940917531755,1
720575940880372359,720575940894647859,1
720575940917780131,720575940913491825,1
720575940880372359,720575940894143043,1
720575940918775345,720575940920062581,1
720575940917780131,720575940912929024,1
720575940917780131,720575940910295881,1
720575940880372359,720575940893408011,1
720575940880839442,720575940917780131,1
720575940880372359,720575940893392149,1
720575940918775345,720575940914883824,1
720575940917780131,720575940905081398,1
720575940918775345,720575940937221662,1
720575940881607875,720575940864403724,1
720575940918775345,720575940937857965,1
720575940880839442,720575940919622661,1
720575940918775345,720575940937869229,1
720575940880372359,720575940893156522,1
720575940918815793,720575940865467295,1
720575940917780131,720575940904086480,1
720575940917780131,720575940902671774,1
720575940917780131,720575940900963269,1
720575940918775345,720575940916016480,1
720575940880372359,720575940895353262,1
720575940917852811,720575940890245126,1
720575940880372359,720575940905043670,1
720575940917852811,720575940890111288,1
720575940880372359,720575940928343548,1
720575940881567427,720575940879973250,1
720575940917852811,720575940881935185,1
720575940917852811,720575940881607875,1
720575940880839442,720575940901717479,1
720575940918775345,720575940899281090,1
720575940917852811,720575940878916148,1
720575940880372359,720575940907584340,1
720575940917852811,720575940865475487,1
720575940880839442,720575940903415565,1
720575940880372359,720575940903751971,1
720575940918775345,720575940909769176,1
720575940917780131,720575940940380075,1
720575940880839442,720575940915967584,1
720575940880839442,720575940916016480,1
720575940917780131,720575940922957341,1
720575940917780131,720575940922795818,1
720575940917780131,720575940920881320,1
720575940881567427,720575940909767128,1
720575940880372359,720575940901384751,1
720575940918775345,720575940905061686,1
720575940918775345,720575940908782425,1
720575940917780131,720575940919632133,1
720575940880837650,720575940913491825,1
720575940915967584,720575940902634194,1
720575940919622661,720575940902629074,1
720575940881127565,720575940901717479,1
720575940918288693,720575940894647347,1
720575940880838162,720575940922957341,1
720575940917853067,720575940928343548,1
720575940918288693,720575940897460886,1
720575940881055666,720575940916016480,1
720575940918288693,720575940898432765,1
720575940917853067,720575940927244512,1
720575940918288693,720575940903414541,1
720575940917853067,720575940922795818,1
720575940881055666,720575940918815793,1
720575940881055666,720575940910607129,1
720575940918288693,720575940905050934,1
720575940918288693,720575940912929024,1
720575940918288693,720575940914014910,1
720575940918288693,720575940915676096,1
720575940918288693,720575940917866379,1
720575940918288693,720575940919045143,1
720575940917853067,720575940919632133,1
720575940881055666,720575940920027261,1
720575940880839442,720575940878955572,1
720575940880838162,720575940922795818,1
720575940880839442,720575940883729656,1
720575940918311989,720575940888731665,1
720575940918311989,720575940891185486,1
720575940915967584,720575940916016480,1
720575940918288693,720575940894142787,1
720575940880839442,720575940875116119,1
720575940917866379,720575940864403724,1
720575940880838162,720575940939715909,1
720575940917866379,720575940893122730,1
720575940917866379,720575940899291016,1
720575940917866379,720575940900033476,1
720575940917866379,720575940905043670,1
720575940917866379,720575940906113851,1
720575940880839442,720575940861406706,1
720575940917866379,720575940914869232,1
720575940917866379,720575940916299357,1
720575940917866379,720575940883901724,1
720575940915967584,720575940920044149,1
720575940917866379,720575940882117920,1
720575940920062581,720575940865160474,1
720575940918288693,720575940890939713,1
720575940918288693,720575940865160474,1
720575940918288693,720575940875854397,1
720575940881055666,720575940918750769,1
720575940917866379,720575940880005762,1
720575940918288693,720575940881055666,1
720575940918288693,720575940881935355,1
720575940917866379,720575940875854397,1
720575940918288693,720575940883901724,1
720575940918288693,720575940884925028,1
720575940880838162,720575940928343548,1
720575940881055666,720575940917853067,1
720575940880839442,720575940883901724,1
720575940918750769,720575940864403212,1
720575940918750769,720575940875854397,1
720575940917853067,720575940865467295,1
720575940918770481,720575940864403212,1
720575940880838162,720575940890108216,1
720575940917853067,720575940887194266,1
720575940880838162,720575940890107704,1
720575940881055666,720575940941124460,1
720575940917853067,720575940886574602,1
720575940881127565,720575940889249143,1
720575940880839442,720575940889728101,1
720575940880838162,720575940883901724,1
720575940880839442,720575940889924328,1
720575940918770481,720575940880372359,1
720575940880838162,720575940880837650,1
720575940918750769,720575940941089388,1
720575940880837650,720575940940386475,1
720575940917853067,720575940859648663,1
720575940917852811,720575940941106028,1
720575940880837650,720575940932846484,1
720575940918770481,720575940886540578,1
720575940917852811,720575940940386475,1
720575940917852811,720575940939716165,1
720575940880837650,720575940921478163,1
720575940918770481,720575940891163574,1
720575940918770481,720575940891181902,1
720575940917852811,720575940937857965,1
720575940918750769,720575940941106028,1
720575940880839442,720575940884976331,1
720575940918750769,720575940880875929,1
720575940918750769,720575940892615796,1
720575940915967584,720575940930905464,1
720575940917853067,720575940899433261,1
720575940915967584,720575940937857965,1
720575940917853067,720575940899433005,1
720575940881055666,720575940922795818,1
720575940917853067,720575940899291016,1
720575940880838162,720575940917429907,1
720575940917853067,720575940898432765,1
720575940918750769,720575940890018996,1
720575940880838162,720575940915253823,1
720575940917853067,720575940896872522,1
720575940880838162,720575940914869232,1
720575940918750769,720575940919632133,1
720575940881055666,720575940927244256,1
720575940880838162,720575940909797811,1
720575940918750769,720575940900963269,1
720575940880838162,720575940900963269,1
720575940917853067,720575940892204542,1
720575940881055666,720575940940386475,1
720575940917853067,720575940891783335,1
720575940880839442,720575940884145919,1
720575940880838162,720575940897460886,1
720575940880838162,720575940894662868,1
720575940918750769,720575940914883824,1
720575940917780131,720575940899861391,1
720575940917780131,720575940899434029,1
720575940918815793,720575940886574602,1
720575940880839442,720575940923272236,1
720575940879810013,720575940891196854,1
720575940879810013,720575940891184310,1
720575940917422227,720575940896736698,1
720575940879810013,720575940886540578,1
720575940917422227,720575940891518756,1
720575940917422227,720575940891185846,1
720575940919600645,720575940886540578,1
720575940879810013,720575940878957108,1
720575940917422227,720575940884145919,1
720575940916016480,720575940883900444,1
720575940880875929,720575940891181902,1
720575940919600645,720575940891518756,1
720575940878957108,720575940921478163,1
720575940878957108,720575940917531755,1
720575940919600645,720575940903188925,1
720575940881607875,720575940891181902,1
720575940917422227,720575940881935355,1
720575940878957108,720575940909797811,1
720575940915684544,720575940937869229,1
720575940880875929,720575940891185846,1
720575940878957108,720575940899432749,1
720575940919600645,720575940908781145,1
720575940919600645,720575940908782425,1
720575940880875929,720575940894647347,1
720575940917407635,720575940927248352,1
720575940879810013,720575940897365506,1
720575940919600645,720575940871523385,1
720575940919600645,720575940869443690,1
720575940880875929,720575940886574602,1
720575940917429907,720575940881974650,1
720575940880875929,720575940881055666,1
720575940917429907,720575940878326395,1
720575940917429907,720575940875854397,1
720575940919045143,720575940899861391,1
720575940919045143,720575940903193533,1
720575940917422227,720575940939715909,1
720575940919045143,720575940903414541,1
720575940915967584,720575940883198679,1
720575940880875929,720575940881974650,1
720575940919045143,720575940903415565,1
720575940915967584,720575940881607875,1
720575940919045143,720575940946223236,1
720575940880875929,720575940888216655,1
720575940917422227,720575940922957341,1
720575940919045143,720575940908359172,1
720575940917422227,720575940919632133,1
720575940879810013,720575940905041878,1
720575940880875929,720575940888793178,1
720575940917422227,720575940909767384,1
720575940917422227,720575940902634194,1
720575940880875929,720575940891163574,1
720575940919045143,720575940920894376,1
720575940919045143,720575940941106028,1
720575940917407635,720575940927216096,1
720575940919600645,720575940919029575,1
720575940917407635,720575940922957341,1
720575940881607875,720575940894647347,1
720575940880875929,720575940903679779,1
720575940919622661,720575940887705416,1
720575940878956340,720575940937869229,1
720575940878956340,720575940937856941,1
720575940917407635,720575940899433517,1
720575940880875929,720575940905365705,1
720575940880875929,720575940906113851,1
720575940919622661,720575940889238903,1
720575940878956340,720575940932846484,1
720575940878956340,720575940927184920,1
720575940919622661,720575940891751079,1
720575940919622661,720575940892204542,1
720575940880875929,720575940903415565,1
720575940917407635,720575940892205566,1
720575940880875929,720575940909769176,1
720575940878956340,720575940922957341,1
720575940919622661,720575940898432765,1
720575940919622661,720575940899153235,1
720575940919622661,720575940900033476,1
720575940917407635,720575940891184310,1
720575940917407635,720575940888793178,1
720575940917407635,720575940885432678,1
720575940915684544,720575940920062581,1
720575940917407635,720575940884108031,1
720575940919622661,720575940884057772,1
720575940919622661,720575940883198679,1
720575940881055666,720575940900963269,1
720575940919622661,720575940870685014,1
720575940880875929,720575940894647859,1
720575940880875929,720575940899256770,1
720575940878957108,720575940890111288,1
720575940878957108,720575940887194266,1
720575940917407635,720575940920037245,1
720575940919600645,720575940946223236,1
720575940878957108,720575940881935185,1
720575940880875929,720575940902671774,1
720575940919622661,720575940865475743,1
720575940919622661,720575940869443690,1
720575940917407635,720575940915531157,1
720575940917407635,720575940915253823,1
720575940919622661,720575940881974650,1
720575940878957108,720575940877146459,1
720575940917407635,720575940910607129,1
720575940919622661,720575940878955572,1
720575940878957108,720575940859648663,1
720575940917407635,720575940903751971,1
720575940919622661,720575940880850833,1
720575940878956340,720575940941089388,1
720575940919622661,720575940881918801,1
720575940917407635,720575940903188925,1
720575940881607875,720575940893774059,1
720575940919622661,720575940881935355,1
720575940917429907,720575940882155492,1
720575940880875929,720575940878956340,1
720575940917429907,720575940886540578,1
720575940880005762,720575940891184310,1
720575940918990151,720575940890962241,1
720575940918990151,720575940891163574,1
720575940918990151,720575940892205566,1
720575940917637910,720575940899861391,1
720575940880005762,720575940899861391,1
720575940880005762,720575940897365506,1
720575940916016480,720575940881974650,1
720575940917637910,720575940891184310,1
720575940880005762,720575940893156522,1
720575940918990151,720575940902634194,1
720575940917531755,720575940930905464,1
720575940918990151,720575940915256127,1
720575940880005762,720575940917407635,1
720575940918990151,720575940917407635,1
720575940917531755,720575940927244512,1
720575940917531755,720575940927184920,1
720575940918990151,720575940922949405,1
720575940880005762,720575940890107704,1
720575940917531755,720575940927109144,1
720575940919029575,720575940870685014,1
720575940880005762,720575940886574602,1
720575940919029575,720575940878326395,1
720575940880005762,720575940883901724,1
720575940917531755,720575940921478163,1
720575940916016480,720575940881935355,1
720575940915967584,720575940891183798,1
720575940919029575,720575940882061434,1
720575940917780131,720575940888731665,1
720575940917780131,720575940898432765,1
720575940880372359,720575940880839442,1
720575940917780131,720575940894647859,1
720575940917780131,720575940894647347,1
720575940918815793,720575940899433773,1
720575940918815793,720575940899434029,1
720575940918815793,720575940909797811,1
720575940880372359,720575940877555511,1
720575940917780131,720575940891185846,1
720575940881055666,720575940909797811,1
720575940918815793,720575940920881320,1
720575940918815793,720575940921478163,1
720575940880839442,720575940940380075,1
720575940917780131,720575940886540578,1
720575940917780131,720575940882117920,1
720575940917780131,720575940881974650,1
720575940917780131,720575940881607875,1
720575940880005762,720575940922795818,1
720575940917780131,720575940881055666,1
720575940917780131,720575940878956340,1
720575940917780131,720575940878955572,1
720575940917780131,720575940878312571,1
720575940918990151,720575940877501751,1
720575940918990151,720575940881935355,1
720575940917531755,720575940920881320,1
720575940919029575,720575940882160356,1
720575940919045143,720575940894664404,1
720575940916016480,720575940883201751,1
720575940917429907,720575940918288693,1
720575940919029575,720575940917852811,1
720575940880875929,720575940865475743,1
720575940879973250,720575940909767128,1
720575940919029575,720575940920027261,1
720575940917429907,720575940903751971,1
720575940880875929,720575940869443690,1
720575940917429907,720575940903414541,1
720575940881055666,720575940903414541,1
720575940919029575,720575940922957341,1
720575940879973250,720575940889264869,1
720575940917429907,720575940900963269,1
720575940919029575,720575940916236035,1
720575940879973250,720575940881567427,1
720575940917429907,720575940899282056,1
720575940919029575,720575940937240862,1
720575940917866379,720575940891783079,1
720575940919045143,720575940877555511,1
720575940919045143,720575940878326395,1
720575940919045143,720575940881935355,1
720575940879973250,720575940880005762,1
720575940917429907,720575940896702138,1
720575940917429907,720575940891518756,1
720575940919045143,720575940888731665,1
720575940880850833,720575940903370509,1
720575940919029575,720575940915256127,1
720575940919029575,720575940882672796,1
720575940919029575,720575940899433517,1
720575940919029575,720575940883905052,1
720575940880005762,720575940877146459,1
720575940917531755,720575940903113149,1
720575940919029575,720575940888799761,1
720575940879973250,720575940937848237,1
720575940881607875,720575940880850833,1
720575940917531755,720575940902634194,1
720575940919029575,720575940894647859,1
720575940879973250,720575940923272236,1
720575940917531755,720575940899433005,1
720575940881607875,720575940884031660,1
720575940919029575,720575940899433773,1
720575940880850833,720575940881844049,1
720575940919029575,720575940900033476,1
720575940916016480,720575940882672796,1
720575940919029575,720575940903414541,1
720575940880839442,720575940948987670,1
720575940917531755,720575940890134196,1
720575940917531755,720575940882393805,1
720575940919029575,720575940905050934,1
720575940879973250,720575940917866379,1
720575940919029575,720575940912929024,1
720575940917531755,720575940878955572,1
720575940915967584,720575940886853257,1
720575940918750769,720575940917852811,1
720575940891181902,720575940917429907,1
720575940878956340,720575940888799761,1
720575940937240862,720575940892205566,1
720575940936679190,720575940916299357,1
720575940869443690,720575940871523385,1
720575940936679190,720575940910295881,1
720575940936679190,720575940907584340,1
720575940936679190,720575940905042902,1
720575940869443690,720575940878956340,1
720575940936679190,720575940903706403,1
720575940869443690,720575940881936465,1
720575940869443690,720575940883197911,1
720575940936679190,720575940890107704,1
720575940936679190,720575940886853257,1
720575940869443690,720575940886540578,1
720575940869443690,720575940886931959,1
720575940936679190,720575940883901724,1
720575940936679190,720575940882552101,1
720575940869443690,720575940888793178,1
720575940936679190,720575940881935355,1
720575940936679190,720575940917422227,1
720575940869443690,720575940865475487,1
720575940869352923,720575940932846484,1
720575940937231134,720575940898677394,1
720575940937240862,720575940890118968,1
720575940937240862,720575940888165967,1
720575940937240862,720575940886540578,1
720575940868757741,720575940889249143,1
720575940868757741,720575940898677394,1
720575940937240862,720575940878957108,1
720575940937240862,720575940878312571,1
720575940937221662,720575940915676096,1
720575940869352923,720575940894116163,1
720575940937221662,720575940911489471,1
720575940937221662,720575940909802419,1
720575940937221662,720575940883198679,1
720575940937221662,720575940880838162,1
720575940936679190,720575940937857965,1
720575940936679190,720575940927244768,1
720575940869352923,720575940878957108,1
720575940936679190,720575940880838162,1
720575940936679190,720575940880837650,1
720575940936679190,720575940878326395,1
720575940932846484,720575940880005762,1
720575940932846484,720575940899861391,1
720575940932846484,720575940899433261,1
720575940932846484,720575940899432749,1
720575940932846484,720575940896872522,1
720575940932846484,720575940894664404,1
720575940932846484,720575940891185846,1
720575940932846484,720575940890962241,1
720575940932846484,720575940878955828,1
720575940932846484,720575940910607129,1
720575940869443690,720575940903679779,1
720575940932846484,720575940875854397,1
720575940869443690,720575940903996112,1
720575940869443690,720575940908781145,1
720575940932756628,720575940888793178,1
720575940869443690,720575940915256127,1
720575940932756628,720575940881055666,1
720575940932846484,720575940903415565,1
720575940932846484,720575940917852811,1
720575940935668092,720575940937221662,1
720575940933768470,720575940899291016,1
720575940935668092,720575940920044149,1
720575940869443690,720575940893395733,1
720575940935668092,720575940881974650,1
720575940869443690,720575940894142787,1
720575940933768470,720575940920054001,1
720575940869443690,720575940899283650,1
720575940933768470,720575940903996112,1
720575940933768470,720575940896872522,1
720575940932846484,720575940920027261,1
720575940933768470,720575940890134196,1
720575940933768470,720575940889166262,1
720575940933768470,720575940883198679,1
720575940933768470,720575940882552101,1
720575940933768470,720575940880005762,1
720575940869443690,720575940902629074,1
720575940932846484,720575940920881320,1
720575940937240862,720575940891783079,1
720575940937240862,720575940897454998,1
720575940869443690,720575940919029575,1
720575940865475743,720575940927215328,1
720575940937862061,720575940886540578,1
720575940937862061,720575940880838162,1
720575940865475743,720575940891196854,1
720575940937862061,720575940878916148,1
720575940937862061,720575940877501751,1
720575940937862061,720575940870685014,1
720575940937862061,720575940869443690,1
720575940937857965,720575940941089388,1
720575940865475743,720575940894143299,1
720575940937857965,720575940927184920,1
720575940937857965,720575940922957341,1
720575940865475743,720575940894647347,1
720575940937857965,720575940920881320,1
720575940865475743,720575940897460886,1
720575940937857965,720575940919029575,1
720575940865475743,720575940903414541,1
720575940937857965,720575940917407635,1
720575940865475743,720575940887087578,1
720575940937862061,720575940890107704,1
720575940865475743,720575940883905052,1
720575940865475487,720575940923272236,1
720575940937862061,720575940912929024,1
720575940937862061,720575940912535686,1
720575940937862061,720575940909393947,1
720575940937862061,720575940908386564,1
720575940865475487,720575940920833705,1
720575940937862061,720575940905043926,1
720575940937862061,720575940905042902,1
720575940865475487,720575940927109144,1
720575940937862061,720575940891185846,1
720575940937862061,720575940900963269,1
720575940937862061,720575940900033476,1
720575940865475487,720575940927215328,1
720575940865475487,720575940940380075,1
720575940937862061,720575940897365506,1
720575940865475487,720575940941106028,1
720575940937862061,720575940894143299,1
720575940937857965,720575940915253823,1
720575940937857965,720575940909767384,1
720575940937857965,720575940904086480,1
720575940865475743,720575940919622661,1
720575940937848237,720575940898432765,1
720575940937848237,720575940890018996,1
720575940937848237,720575940888731665,1
720575940937848237,720575940883901724,1
720575940937848237,720575940881936465,1
720575940937848237,720575940881607875,1
720575940937848237,720575940865475487,1
720575940865475743,720575940920881320,1
720575940865475743,720575940911411305,1
720575940937240862,720575940921525267,1
720575940937240862,720575940920881320,1
720575940937240862,720575940917853067,1
720575940937240862,720575940916233731,1
720575940937240862,720575940909797811,1
720575940937240862,720575940909767384,1
720575940937240862,720575940899433517,1
720575940937848237,720575940899398585,1
720575940937848237,720575940913491825,1
720575940865475743,720575940903415565,1
720575940937857965,720575940880875929,1
720575940937857965,720575940899782543,1
720575940937857965,720575940899433773,1
720575940937857965,720575940899433517,1
720575940937857965,720575940899282056,1
720575940937857965,720575940899281090,1
720575940937857965,720575940897365506,1
720575940937857965,720575940886574602,1
720575940937857965,720575940880005762,1
720575940937848237,720575940927216096,1
720575940937857965,720575940859648663,1
720575940937856941,720575940918815793,1
720575940937856941,720575940899432749,1
720575940865475743,720575940909393947,1
720575940937856941,720575940869352923,1
720575940937848237,720575940937240862,1
720575940937848237,720575940930905464,1
720575940869443690,720575940915967584,1
720575940930905464,720575940937856941,1
720575940865475487,720575940915531157,1
720575940928343548,720575940899291016,1
720575940870685014,720575940914883824,1
720575940927248352,720575940922949405,1
720575940870685014,720575940917780131,1
720575940870685014,720575940919029575,1
720575940870685014,720575940919622661,1
720575940870685014,720575940920027261,1
720575940927248352,720575940917429907,1
720575940870685014,720575940927215328,1
720575940870685014,720575940937862061,1
720575940927248352,720575940909769176,1
720575940927248352,720575940909393947,1
720575940927248352,720575940908782425,1
720575940871491897,720575940878326395,1
720575940927248352,720575940904086480,1
720575940871491897,720575940880839442,1
720575940871491897,720575940881567427,1
720575940871491897,720575940883901724,1
720575940927248352,720575940924182661,1
720575940927248352,720575940927109144,1
720575940927248352,720575940927208416,1
720575940927275084,720575940925790278,1
720575940928343548,720575940894142787,1
720575940928343548,720575940893156522,1
720575940928343548,720575940892205566,1
720575940928343548,720575940891783335,1
720575940928343548,720575940878955828,1
720575940928343548,720575940865467295,1
720575940870685014,720575940894178664,1
720575940927275084,720575940902518994,1
720575940870685014,720575940910624444,1
720575940927275084,720575940901717479,1
720575940927275084,720575940883734520,1
720575940870685014,720575940897460886,1
720575940927275084,720575940878947380,1
720575940927263052,720575940909802419,1
720575940927263052,720575940888731665,1
720575940870685014,720575940902671774,1
720575940927248352,720575940902634194,1
720575940927248352,720575940902624978,1
720575940871491897,720575940888793434,1
720575940927244768,720575940905042134,1
720575940927244768,720575940932846484,1
720575940871491897,720575940905043926,1
720575940871491897,720575940906113851,1
720575940871491897,720575940908781145,1
720575940927244768,720575940920027261,1
720575940927244768,720575940917853067,1
720575940871491897,720575940917407635,1
720575940927244768,720575940900033476,1
720575940927248352,720575940877555511,1
720575940927244768,720575940899433773,1
720575940871491897,720575940917852811,1
720575940927244768,720575940899433005,1
720575940927244768,720575940899291016,1
720575940927244768,720575940891783335,1
720575940927244768,720575940891185846,1
720575940871491897,720575940918815793,1
720575940871491897,720575940903415565,1
720575940871491897,720575940902634194,1
720575940871491897,720575940888799761,1
720575940871491897,720575940890962241,1
720575940927248352,720575940899281090,1
720575940927248352,720575940898432765,1
720575940927248352,720575940897365506,1
720575940927248352,720575940894664404,1
720575940871491897,720575940890108216,1
720575940927248352,720575940894143299,1
720575940927248352,720575940894116163,1
720575940927248352,720575940890111288,1
720575940927248352,720575940880372359,1
720575940871491897,720575940894664404,1
720575940927248352,720575940887194266,1
720575940927248352,720575940886540578,1
720575940871491897,720575940897365506,1
720575940927248352,720575940884925028,1
720575940871491897,720575940899782543,1
720575940927248352,720575940880839442,1
720575940928343548,720575940896872522,1
720575940928343548,720575940903113149,1
720575940930905464,720575940927244768,1
720575940928343548,720575940909797811,1
720575940930905464,720575940890245126,1
720575940930905464,720575940888799761,1
720575940930905464,720575940886931959,1
720575940930905464,720575940884145919,1
720575940930905464,720575940883905052,1
720575940930905464,720575940883197911,1
720575940930905464,720575940882160356,1
720575940930905464,720575940881567427,1
720575940869533454,720575940862564127,1
720575940930905464,720575940880838162,1
720575940930905464,720575940880837650,1
720575940930905464,720575940878956340,1
720575940930905464,720575940878955572,1
720575940869533454,720575940880005762,1
720575940869533454,720575940881055666,1
720575940869533454,720575940881844049,1
720575940930897229,720575940921986112,1
720575940869443690,720575940937869229,1
720575940869443690,720575940937221662,1
720575940930905464,720575940892204542,1
720575940930905464,720575940914869232,1
720575940930905464,720575940923272236,1
720575940869443690,720575940922949405,1
720575940930905464,720575940922795818,1
720575940930905464,720575940920456848,1
720575940869443690,720575940926223758,1
720575940869443690,720575940927208416,1
720575940930905464,720575940917531755,1
720575940930905464,720575940913491825,1
720575940869443690,720575940930905464,1
720575940930905464,720575940905042902,1
720575940930905464,720575940903751971,1
720575940930905464,720575940902629074,1
720575940930905464,720575940899398585,1
720575940930905464,720575940899281090,1
720575940869443690,720575940927215328,1
720575940930905464,720575940894662868,1
720575940930897229,720575940920833705,1
720575940930897229,720575940918775345,1
720575940869533454,720575940882061434,1
720575940870685014,720575940881055666,1
720575940870685014,720575940877501751,1
720575940930873976,720575940922709290,1
720575940870685014,720575940878312571,1
720575940930873976,720575940905043926,1
720575940930873976,720575940899256770,1
720575940930873976,720575940882128356,1
720575940930873976,720575940882061434,1
720575940930873976,720575940864403724,1
720575940930897229,720575940864403212,1
720575940929691425,720575940915676096,1
720575940929691425,720575940898821041,1
720575940928343548,720575940937856941,1
720575940928343548,720575940927244768,1
720575940870685014,720575940889215863,1
720575940928343548,720575940917853067,1
720575940928343548,720575940917407635,1
720575940930873976,720575940941089388,1
720575940870685014,720575940865475743,1
720575940869533454,720575940882672796,1
720575940930897229,720575940895353262,1
720575940869533454,720575940893395733,1
720575940869533454,720575940894142787,1
720575940869533454,720575940898432765,1
720575940930897229,720575940905043926,1
720575940869533454,720575940905043926,1
720575940930897229,720575940899281090,1
720575940869533454,720575940913491825,1
720575940930897229,720575940894664404,1
720575940869534222,720575940902634194,1
720575940869533454,720575940919632133,1
720575940930897229,720575940894143299,1
720575940869533454,720575940920044149,1
720575940930897229,720575940892615796,1
720575940869533454,720575940922957341,1
720575940930897229,720575940882077216,1
720575940869534222,720575940897365506,1
720575940937862061,720575940914883824,1
720575940865475487,720575940905043926,1
720575940927244768,720575940888731665,1
720575940859648663,720575940891783335,1
720575940859648663,720575940930873976,1
720575940941124460,720575940891164342,1
720575940941124460,720575940891163574,1
720575940859648663,720575940937240862,1
720575940941124460,720575940890111288,1
720575940861406706,720575940883866908,1
720575940941124460,720575940886853257,1
720575940941124460,720575940882672796,1
720575940861406706,720575940890107704,1
720575940941124460,720575940870685014,1
720575940941106028,720575940941089388,1
720575940941106028,720575940930897229,1
720575940861406706,720575940909767384,1
720575940941106028,720575940922949405,1
720575940941106028,720575940922709290,1
720575940861406706,720575940916236035,1
720575940941106028,720575940912929024,1
720575940941124460,720575940894647347,1
720575940941124460,720575940894662868,1
720575940941124460,720575940899153235,1
720575940941124460,720575940908782425,1
720575940941124460,720575940917429907,1
720575940941124460,720575940915684544,1
720575940941124460,720575940915256127,1
720575940941124460,720575940914883824,1
720575940941124460,720575940912929024,1
720575940941124460,720575940912535686,1
720575940941124460,720575940909393947,1
720575940859648663,720575940899433517,1
720575940941124460,720575940899281090,1
720575940859648663,720575940899861391,1
720575940859648663,720575940917407635,1
720575940941124460,720575940902634194,1
720575940859648663,720575940920881320,1
720575940941124460,720575940900033476,1
720575940941124460,720575940899398585,1
720575940859648663,720575940922795818,1
720575940861406706,720575940925826374,1
720575940941106028,720575940902634194,1
720575940941106028,720575940900963269,1
720575940941089388,720575940921986112,1
720575940861407986,720575940897467030,1
720575940861407986,720575940899782543,1
720575940861407986,720575940909797811,1
720575940861407986,720575940921525267,1
720575940861407986,720575940927244512,1
720575940941089388,720575940922957341,1
720575940862185831,720575940890962241,1
720575940941089388,720575940920037245,1
720575940941106028,720575940877146203,1
720575940941089388,720575940919632133,1
720575940941089388,720575940917531755,1
720575940941089388,720575940917429907,1
720575940941089388,720575940916016480,1
720575940862185831,720575940899861391,1
720575940941089388,720575940908386564,1
720575940862185831,720575940908782425,1
720575940941106028,720575940862564127,1
720575940861407986,720575940892205566,1
720575940941106028,720575940899282056,1
720575940941106028,720575940885287873,1
720575940941106028,720575940899281090,1
720575940941106028,720575940899256770,1
720575940941106028,720575940897454998,1
720575940941106028,720575940895281326,1
720575940941106028,720575940895267018,1
720575940941106028,720575940889238903,1
720575940861407986,720575940880005762,1
720575940941106028,720575940884977867,1
720575940941106028,720575940878916148,1
720575940941106028,720575940884976331,1
720575940941106028,720575940882672796,1
720575940941106028,720575940882160356,1
720575940941106028,720575940882128356,1
720575940861407986,720575940890134196,1
720575940941106028,720575940881055666,1
720575940941106028,720575940880875929,1
720575940859648663,720575940894642644,1
720575940859648663,720575940891185846,1
720575940941089388,720575940903370509,1
720575940941124460,720575940919632133,1
720575940948987670,720575940903751971,1
720575940847552365,720575940915676096,1
720575940948987670,720575940899256770,1
720575940948987670,720575940894647859,1
720575940847552365,720575940921525267,1
720575940948987670,720575940891183798,1
720575940847552365,720575940922949405,1
720575940847552365,720575940937221662,1
720575940948987670,720575940885432678,1
720575940948987670,720575940884145919,1
720575940948987670,720575940883729656,1
720575940948987670,720575940883198679,1
720575940847552365,720575940937240862,1
720575940851372659,720575940881974650,1
720575940948987670,720575940881936465,1
720575940851372659,720575940883198167,1
720575940851372659,720575940889249143,1
720575940948987670,720575940904086480,1
720575940847552365,720575940915256127,1
720575940948987670,720575940912535686,1
720575940963340820,720575940915967584,1
720575940964330406,720575940899433517,1
720575940964330406,720575940898432765,1
720575940964330406,720575940890108216,1
720575940964330406,720575940890018996,1
720575940964330406,720575940885287873,1
720575940847552365,720575940888793434,1
720575940964330406,720575940880850833,1
720575940948987670,720575940937869229,1
720575940847552365,720575940905081398,1
720575940948987670,720575940937862061,1
720575940948987670,720575940937848237,1
720575940948987670,720575940919632133,1
720575940847552365,720575940903415565,1
720575940847552365,720575940905042902,1
720575940847552365,720575940905043926,1
720575940948987670,720575940916236035,1
720575940948987670,720575940878916148,1
720575940948987670,720575940875116119,1
720575940948987670,720575940865475743,1
720575940941563158,720575940888731665,1
720575940946223236,720575940859648663,1
720575940941563158,720575940924431938,1
720575940941563158,720575940920894376,1
720575940941563158,720575940915256127,1
720575940941563158,720575940913491825,1
720575940941563158,720575940902518994,1
720575940941563158,720575940898432765,1
720575940941563158,720575940884939979,1
720575940946223236,720575940878916148,1
720575940859648663,720575940878325883,1
720575940859648663,720575940878955572,1
720575940859648663,720575940884925028,1
720575940941124460,720575940937869229,1
720575940859648663,720575940884976331,1
720575940941124460,720575940920881320,1
720575940859648663,720575940887194266,1
720575940946223236,720575940875854397,1
720575940946223236,720575940878955572,1
720575940946223236,720575940940386475,1
720575940946223236,720575940903751971,1
720575940946223236,720575940927208416,1
720575940946223236,720575940927184920,1
720575940946223236,720575940921478163,1
720575940851372659,720575940890939713,1
720575940946223236,720575940919632133,1
720575940946223236,720575940910607129,1
720575940946223236,720575940908386564,1
720575940851372659,720575940905050934,1
720575940946223236,720575940882393805,1
720575940851375219,720575940883198167,1
720575940946223236,720575940899282056,1
720575940946223236,720575940895353262,1
720575940946223236,720575940894647347,1
720575940851375219,720575940905050934,1
720575940859648663,720575940865467295,1
720575940946223236,720575940886574602,1
720575940941089388,720575940903415565,1
720575940941089388,720575940903188925,1
720575940937862061,720575940919622661,1
720575940940380075,720575940899283650,1
720575940939716165,720575940894116163,1
720575940939716165,720575940893156522,1
720575940939716165,720575940891185846,1
720575940864403724,720575940897365506,1
720575940864403724,720575940899861391,1
720575940864403724,720575940917407635,1
720575940939715909,720575940963340820,1
720575940939715909,720575940940902015,1
720575940939715909,720575940932846484,1
720575940939715909,720575940920881320,1
720575940864403724,720575940923001544,1
720575940864403724,720575940927208416,1
720575940939715909,720575940909802419,1
720575940865160474,720575940921478163,1
720575940939715909,720575940891783335,1
720575940865467295,720575940903113149,1
720575940939715909,720575940890111288,1
720575940939716165,720575940897365506,1
720575940939716165,720575940918815793,1
720575940939716165,720575940920881320,1
720575940940380075,720575940888216655,1
720575940864403724,720575940875116119,1
720575940940380075,720575940897347842,1
720575940940380075,720575940894664404,1
720575940940380075,720575940894143299,1
720575940940380075,720575940892204542,1
720575940940380075,720575940891163574,1
720575940864403724,720575940877146203,1
720575940940380075,720575940883905052,1
720575940939716165,720575940922795818,1
720575940940380075,720575940882672796,1
720575940864403724,720575940878916148,1
720575940940380075,720575940878312571,1
720575940864403724,720575940880875929,1
720575940940380075,720575940870685014,1
720575940940380075,720575940859648663,1
720575940864403724,720575940882672796,1
720575940865467295,720575940921478163,1
720575940939715909,720575940883198679,1
720575940939715909,720575940880005762,1
720575940865475487,720575940894664404,1
720575940865475487,720575940894143299,1
720575940937869229,720575940887087578,1
720575940937869229,720575940886931959,1
720575940865475487,720575940894647347,1
720575940937869229,720575940881935355,1
720575940937869229,720575940880875929,1
720575940937869229,720575940880372359,1
720575940937869229,720575940875116119,1
720575940937869229,720575940892615796,1
720575940937869229,720575940869443690,1
720575940937869229,720575940865475743,1
720575940937862061,720575940948987670,1
720575940937862061,720575940946223236,1
720575940865475487,720575940902629074,1
720575940865475487,720575940903370509,1
720575940937862061,720575940919632133,1
720575940865475487,720575940893386005,1
720575940937869229,720575940894143299,1
720575940939715909,720575940878955572,1
720575940937869229,720575940910624444,1
720575940939715909,720575940877555511,1
720575940865467295,720575940932846484,1
720575940937869229,720575940930905464,1
720575940865475487,720575940864403212,1
720575940937869229,720575940919029575,1
720575940865475487,720575940864403724,1
720575940937869229,720575940914883824,1
720575940865475487,720575940877501751,1
720575940937869229,720575940894178664,1
720575940865475487,720575940884728634,1
720575940937869229,720575940904086480,1
720575940937869229,720575940903679779,1
720575940865475487,720575940891164342,1
720575940937869229,720575940899398585,1
720575940937869229,720575940899283650,1
720575940937869229,720575940897114128,1
720575940940380075,720575940899282056,1
720575940940380075,720575940899291016,1
720575940862185831,720575940910624444,1
720575940864403724,720575940865475743,1
720575940940902015,720575940928343548,1
720575940940902015,720575940902634194,1
720575940940902015,720575940899861391,1
720575940862564127,720575940917429907,1
720575940940902015,720575940891196854,1
720575940940902015,720575940886540578,1
720575940862564127,720575940917852811,1
720575940940902015,720575940882552101,1
720575940862564127,720575940920044149,1
720575940862564127,720575940930825549,1
720575940940902015,720575940880837650,1
720575940864403212,720575940878916148,1
720575940940896383,720575940937862061,1
720575940940896383,720575940937857965,1
720575940940896383,720575940928343548,1
720575940864403212,720575940881935355,1
720575940940896383,720575940925826374,1
720575940940902015,720575940937240862,1
720575940940902015,720575940939715909,1
720575940941089388,720575940859648663,1
720575940862564127,720575940881918801,1
720575940941089388,720575940899283650,1
720575940862185831,720575940917780131,1
720575940941089388,720575940894178664,1
720575940941089388,720575940894143299,1
720575940941089388,720575940893386005,1
720575940941089388,720575940891181902,1
720575940941089388,720575940889238903,1
720575940862564127,720575940883201751,1
720575940862564127,720575940903415565,1
720575940862564127,720575940884939979,1
720575940862564127,720575940884976331,1
720575940941089388,720575940878956340,1
720575940862564127,720575940885287873,1
720575940862564127,720575940887194266,1
720575940941089388,720575940877501751,1
720575940862564127,720575940900963269,1
720575940864403212,720575940881936465,1
720575940864403212,720575940889238903,1
720575940940896383,720575940917407635,1
720575940940380075,720575940912929024,1
720575940940386475,720575940878325883,1
720575940864403212,720575940922957341,1
720575940940380075,720575940941106028,1
720575940940380075,720575940939715909,1
720575940940380075,720575940937221662,1
720575940940380075,720575940920833705,1
720575940940380075,720575940916016480,1
720575940940380075,720575940908782425,1
720575940940386475,720575940903113149,1
720575940940380075,720575940907584340,1
720575940940380075,720575940903414541,1
720575940940380075,720575940903188925,1
720575940940380075,720575940901384751,1
720575940940380075,720575940900956101,1
720575940940380075,720575940900033476,1
720575940940380075,720575940899433773,1
720575940940386475,720575940899861391,1
720575940940896383,720575940877555511,1
720575940940896383,720575940915253823,1
720575940940896383,720575940894647859,1
720575940940896383,720575940910295881,1
720575940864403212,720575940903679779,1
720575940940896383,720575940903415565,1
720575940940896383,720575940901960430,1
720575940940896383,720575940900033476,1
720575940940896383,720575940899861391,1
720575940864403212,720575940905042902,1
720575940864403212,720575940905043670,1
720575940940896383,720575940878956340,1
720575940940896383,720575940891184310,1
720575940940896383,720575940891181902,1
720575940940896383,720575940886853257,1
720575940940896383,720575940883197911,1
720575940864403212,720575940917780131,1
720575940940896383,720575940881055666,1
720575940864403212,720575940920037245,1
720575940927244768,720575940890111288,1
720575940927244768,720575940887194266,1
720575940878956340,720575940887087578,1
720575940922957341,720575940902634194,1
720575940922949405,720575940913491825,1
720575940878326395,720575940883198679,1
720575940922949405,720575940905043926,1
720575940878326395,720575940884925028,1
720575940878326395,720575940890107704,1
720575940922949405,720575940896702138,1
720575940922949405,720575940895281326,1
720575940922949405,720575940891185846,1
720575940922949405,720575940890090420,1
720575940922949405,720575940888793178,1
720575940922949405,720575940886540578,1
720575940922949405,720575940885432678,1
720575940922949405,720575940884939979,1
720575940922949405,720575940884925028,1
720575940878326395,720575940891783335,1
720575940922949405,720575940883198679,1
720575940922949405,720575940882117920,1
720575940922949405,720575940915676096,1
720575940922949405,720575940946223236,1
720575940922957341,720575940859648663,1
720575940922957341,720575940896872522,1
720575940922957341,720575940899782543,1
720575940878325883,720575940921478163,1
720575940922957341,720575940899433005,1
720575940878325883,720575940927244256,1
720575940922957341,720575940899398585,1
720575940922957341,720575940899282056,1
720575940922957341,720575940899256770,1
720575940922957341,720575940894664404,1
720575940922957341,720575940865467295,1
720575940922957341,720575940894647347,1
720575940922957341,720575940893395733,1
720575940922957341,720575940892205566,1
720575940878326395,720575940865475743,1
720575940922957341,720575940890111288,1
720575940922957341,720575940877555511,1
720575940922957341,720575940870685014,1
720575940922949405,720575940881974650,1
720575940922949405,720575940881936465,1
720575940878326395,720575940892204542,1
720575940922765354,720575940899433261,1
720575940878326395,720575940900033476,1
720575940878326395,720575940903113149,1
720575940922765354,720575940918314549,1
720575940878326395,720575940903370509,1
720575940878326395,720575940915531157,1
720575940922765354,720575940908782425,1
720575940922765354,720575940905042902,1
720575940922765354,720575940893395733,1
720575940922765354,720575940927109144,1
720575940922765354,720575940888793178,1
720575940922765354,720575940884939979,1
720575940922765354,720575940883201751,1
720575940922765354,720575940869443690,1
720575940922709290,720575940963340820,1
720575940878326395,720575940920037245,1
720575940878326395,720575940920833705,1
720575940922765354,720575940922957341,1
720575940922765354,720575940939715909,1
720575940922949405,720575940878955572,1
720575940922795818,720575940899861391,1
720575940878326395,720575940897114128,1
720575940922795818,720575940932846484,1
720575940922795818,720575940927244512,1
720575940922795818,720575940927244256,1
720575940922795818,720575940926223758,1
720575940922795818,720575940918815793,1
720575940922795818,720575940917531755,1
720575940922795818,720575940899782543,1
720575940922765354,720575940946223236,1
720575940922795818,720575940899291016,1
720575940922795818,720575940897365506,1
720575940878326395,720575940897454998,1
720575940922795818,720575940891783335,1
720575940922795818,720575940891185846,1
720575940878326395,720575940899433005,1
720575940878326395,720575940899433261,1
720575940922957341,720575940900033476,1
720575940922957341,720575940903996112,1
720575940922709290,720575940921986112,1
720575940922957341,720575940905041878,1
720575940877555511,720575940919632133,1
720575940877555511,720575940922795818,1
720575940877555511,720575940946223236,1
720575940878312571,720575940875116119,1
720575940923001544,720575940894143043,1
720575940923001544,720575940892615796,1
720575940923001544,720575940891164342,1
720575940923001544,720575940890245126,1
720575940923001544,720575940890090420,1
720575940878312571,720575940880372359,1
720575940923001544,720575940888793434,1
720575940923001544,720575940888793178,1
720575940878312571,720575940881607875,1
720575940923001544,720575940883201751,1
720575940923001544,720575940881935355,1
720575940878312571,720575940884145919,1
720575940878312571,720575940894143299,1
720575940877555511,720575940903113149,1
720575940877555511,720575940902634194,1
720575940923001544,720575940917429907,1
720575940923272236,720575940890111288,1
720575940923272236,720575940927184920,1
720575940877555511,720575940881935185,1
720575940923272236,720575940921478163,1
720575940923272236,720575940920027261,1
720575940923272236,720575940911489471,1
720575940923272236,720575940891185846,1
720575940877555511,720575940885432678,1
720575940923272236,720575940882128356,1
720575940877555511,720575940899433773,1
720575940877555511,720575940887194266,1
720575940923272236,720575940859648663,1
720575940877555511,720575940888216655,1
720575940877555511,720575940890111288,1
720575940877555511,720575940891184310,1
720575940923001544,720575940924182661,1
720575940877555511,720575940892205566,1
720575940878312571,720575940894647859,1
720575940923001544,720575940865475743,1
720575940878312571,720575940894662868,1
720575940922957341,720575940923272236,1
720575940878325883,720575940882393805,1
720575940922958792,720575940862185831,1
720575940922957341,720575940946223236,1
720575940922957341,720575940939715909,1
720575940878325883,720575940886574602,1
720575940878325883,720575940892204542,1
720575940878325883,720575940892205566,1
720575940878325883,720575940894116163,1
720575940922958792,720575940877501751,1
720575940878325883,720575940899433773,1
720575940922957341,720575940920037245,1
720575940878325883,720575940900033476,1
720575940922957341,720575940918815793,1
720575940922957341,720575940917853067,1
720575940922957341,720575940913491825,1
720575940922957341,720575940910607129,1
720575940922958792,720575940875843901,1
720575940878312571,720575940948987670,1
720575940922958792,720575940939715909,1
720575940922958792,720575940906113851,1
720575940878312571,720575940899398585,1
720575940878312571,720575940900963269,1
720575940922958792,720575940923001544,1
720575940922958792,720575940918990151,1
720575940878312571,720575940902634194,1
720575940878312571,720575940902671774,1
720575940922958792,720575940910607129,1
720575940922958792,720575940902634194,1
720575940922958792,720575940880875929,1
720575940922958792,720575940902624978,1
720575940878312571,720575940919029575,1
720575940922958792,720575940900963269,1
720575940922958792,720575940899282056,1
720575940922958792,720575940896732090,1
720575940878312571,720575940925826374,1
720575940922958792,720575940884145919,1
720575940922709290,720575940940380075,1
720575940922709290,720575940920833705,1
720575940923272236,720575940937240862,1
720575940921525267,720575940905041878,1
720575940878955828,720575940881936465,1
720575940920881320,720575940878955572,1
720575940878955828,720575940886540578,1
720575940878955828,720575940893156522,1
720575940878955828,720575940894116163,1
720575940878955828,720575940897365506,1
720575940878955828,720575940899433261,1
720575940920833705,720575940919632133,1
720575940920833705,720575940917429907,1
720575940878955828,720575940914014910,1
720575940920833705,720575940909393947,1
720575940878955828,720575940915253823,1
720575940878955828,720575940919632133,1
720575940920833705,720575940900033476,1
720575940920833705,720575940899433517,1
720575940878955828,720575940920037245,1
720575940878955828,720575940963340820,1
720575940920881320,720575940888793178,1
720575940920881320,720575940890111288,1
720575940920881320,720575940891185846,1
720575940878955828,720575940880005762,1
720575940878955828,720575940877555511,1
720575940878955828,720575940878325883,1
720575940921525267,720575940892204542,1
720575940921525267,720575940890018996,1
720575940921525267,720575940888165967,1
720575940921525267,720575940881935185,1
720575940921525267,720575940880837650,1
720575940921525267,720575940869352923,1
720575940920881320,720575940899434029,1
720575940921478163,720575940878957108,1
720575940920881320,720575940940386475,1
720575940920881320,720575940922795818,1
720575940878955828,720575940881055666,1
720575940920881320,720575940920037245,1
720575940920881320,720575940918815793,1
720575940920881320,720575940899861391,1
720575940920833705,720575940894116163,1
720575940878956340,720575940869443690,1
720575940920833705,720575940891751079,1
720575940920062581,720575940908782425,1
720575940920456848,720575940880372359,1
720575940920456848,720575940878326395,1
720575940920456848,720575940877555511,1
720575940920456848,720575940877146459,1
720575940920062581,720575940923001544,1
720575940878956340,720575940883901724,1
720575940878956340,720575940883905052,1
720575940920062581,720575940905365705,1
720575940920456848,720575940884145919,1
720575940920062581,720575940905061686,1
720575940878956340,720575940884728634,1
720575940920062581,720575940899153235,1
720575940920062581,720575940894664404,1
720575940920062581,720575940891751079,1
720575940878956340,720575940886540578,1
720575940878956340,720575940886931959,1
720575940920456848,720575940880875929,1
720575940920456848,720575940888799761,1
720575940920833705,720575940890134196,1
720575940920456848,720575940927244512,1
720575940920833705,720575940888799761,1
720575940878956340,720575940878326395,1
720575940878956340,720575940878955572,1
720575940878956340,720575940878955828,1
720575940878956340,720575940880839442,1
720575940920456848,720575940940386475,1
720575940920456848,720575940937856941,1
720575940920456848,720575940922795818,1
720575940878956340,720575940882160356,1
720575940878956340,720575940881935355,1
720575940920456848,720575940919632133,1
720575940920456848,720575940905081398,1
720575940878956340,720575940882077216,1
720575940920456848,720575940899291016,1
720575940920456848,720575940899281090,1
720575940920456848,720575940893156522,1
720575940921525267,720575940901717479,1
720575940921525267,720575940937856941,1
720575940922709290,720575940918750769,1
720575940878955828,720575940875843901,1
720575940878916148,720575940881607875,1
720575940878916148,720575940884728634,1
720575940921992256,720575940919632133,1
720575940921992256,720575940919622661,1
720575940921992256,720575940914883824,1
720575940921992256,720575940894664404,1
720575940878916148,720575940891164342,1
720575940921992256,720575940894142787,1
720575940878916148,720575940892615796,1
720575940921992256,720575940890090420,1
720575940878916148,720575940894143043,1
720575940921992256,720575940882124516,1
720575940921992256,720575940875854397,1
720575940921992256,720575940870685014,1
720575940921992256,720575940865475743,1
720575940878916148,720575940894664404,1
720575940921986112,720575940937857965,1
720575940878916148,720575940880875929,1
720575940921992256,720575940927208416,1
720575940921992256,720575940928343548,1
720575940922709290,720575940899282056,1
720575940922709290,720575940917780131,1
720575940922709290,720575940914883824,1
720575940922709290,720575940909769176,1
720575940922709290,720575940905081398,1
720575940878326395,720575940922957341,1
720575940922709290,720575940902629074,1
720575940922709290,720575940901960430,1
720575940922709290,720575940899281090,1
720575940922709290,720575940864403212,1
720575940922709290,720575940895267018,1
720575940922709290,720575940894647347,1
720575940922709290,720575940894178664,1
720575940922709290,720575940894143043,1
720575940922709290,720575940888731665,1
720575940922709290,720575940880875929,1
720575940922709290,720575940870685014,1
720575940878916148,720575940903679779,1
720575940921986112,720575940928343548,1
720575940921986112,720575940927244256,1
720575940921986112,720575940884145919,1
720575940878955572,720575940909797811,1
720575940921986112,720575940891183798,1
720575940921986112,720575940890134196,1
720575940921986112,720575940890090420,1
720575940878955572,720575940916236035,1
720575940878955572,720575940917407635,1
720575940921986112,720575940887704904,1
720575940921986112,720575940883905052,1
720575940878955572,720575940897365506,1
720575940878955572,720575940920027261,1
720575940878955572,720575940920881320,1
720575940921986112,720575940875854397,1
720575940878955572,720575940922795818,1
720575940878955572,720575940937857965,1
720575940878955828,720575940869352923,1
720575940878955828,720575940869443690,1
720575940878955572,720575940899433261,1
720575940921986112,720575940897365506,1
720575940921986112,720575940927215328,1
720575940878947380,720575940905050934,1
720575940878916148,720575940905042902,1
720575940878916148,720575940905050934,1
720575940878916148,720575940909769176,1
720575940921986112,720575940916236035,1
720575940878916148,720575940927109144,1
720575940921986112,720575940912929024,1
720575940878947380,720575940872856946,1
720575940921986112,720575940906113851,1
720575940878955572,720575940896872522,1
720575940921986112,720575940903996112,1
720575940921986112,720575940903415565,1
720575940878955572,720575940891185846,1
720575940921986112,720575940901960430,1
720575940921986112,720575940900033476,1
720575940921986112,720575940899283650,1
720575940878955572,720575940893156522,1
720575940923272236,720575940927244512,1
720575940924156549,720575940875843901,1
720575940871491897,720575940919632133,1
720575940927215328,720575940887087578,1
720575940927208416,720575940922795818,1
720575940875843901,720575940896732090,1
720575940927208416,720575940919632133,1
720575940875843901,720575940909797811,1
720575940927208416,720575940909769176,1
720575940875843901,720575940914883824,1
720575940927208416,720575940903751971,1
720575940875843901,720575940915684544,1
720575940875843901,720575940917853067,1
720575940875843901,720575940919622661,1
720575940927208416,720575940896736698,1
720575940875843901,720575940924182661,1
720575940875843901,720575940927109144,1
720575940875843901,720575940927184920,1
720575940875843901,720575940940380075,1
720575940875854397,720575940865467295,1
720575940875854397,720575940877555511,1
720575940927208416,720575940922957341,1
720575940875843901,720575940894642644,1
720575940875843901,720575940891783335,1
720575940927215328,720575940880372359,1
720575940927215328,720575940886540578,1
720575940875116119,720575940923001544,1
720575940875116119,720575940930873976,1
720575940875116119,720575940941089388,1
720575940875116119,720575940941106028,1
720575940927215328,720575940881055666,1
720575940875843901,720575940865467295,1
720575940875843901,720575940889952699,1
720575940927208416,720575940937862061,1
720575940927215328,720575940878955572,1
720575940875843901,720575940890090420,1
720575940875843901,720575940890108216,1
720575940875843901,720575940890245126,1
720575940875843901,720575940890962241,1
720575940875843901,720575940891181902,1
720575940927215328,720575940865475487,1
720575940875854397,720575940880837650,1
720575940927208416,720575940884057772,1
720575940927208416,720575940883905052,1
720575940875854397,720575940921992256,1
720575940927184920,720575940903188925,1
720575940927184920,720575940901960430,1
720575940927184920,720575940899433005,1
720575940927184920,720575940897460886,1
720575940927184920,720575940894143299,1
720575940927184920,720575940894116163,1
720575940875854397,720575940921478163,1
720575940927184920,720575940891518756,1
720575940927184920,720575940905042902,1
720575940875854397,720575940922795818,1
720575940927184920,720575940890111288,1
720575940927184920,720575940882672796,1
720575940927184920,720575940881974650,1
720575940927184920,720575940881055666,1
720575940875854397,720575940927184920,1
720575940927184920,720575940878955572,1
720575940875854397,720575940920881320,1
720575940927184920,720575940909235164,1
720575940875854397,720575940882155492,1
720575940875854397,720575940891783335,1
720575940927208416,720575940881936465,1
720575940927208416,720575940881935355,1
720575940927208416,720575940881055666,1
720575940875854397,720575940882672796,1
720575940875854397,720575940883201751,1
720575940875854397,720575940884108031,1
720575940875854397,720575940887704904,1
720575940875854397,720575940894664404,1
720575940927184920,720575940909769176,1
720575940875854397,720575940899433261,1
720575940927184920,720575940923001544,1
720575940875854397,720575940900033476,1
720575940927184920,720575940919632133,1
720575940875854397,720575940903370509,1
720575940875854397,720575940908782425,1
720575940875854397,720575940917853067,1
720575940875116119,720575940920456848,1
720575940927215328,720575940888731665,1
720575940877146203,720575940877146459,1
720575940875116119,720575940919632133,1
720575940927244512,720575940878955828,1
720575940871523385,720575940902629074,1
720575940871523385,720575940905014742,1
720575940927244256,720575940925826374,1
720575940871523385,720575940927184920,1
720575940927244256,720575940903751971,1
720575940871523385,720575940930905464,1
720575940927244256,720575940899433517,1
720575940872856946,720575940890118968,1
720575940927244256,720575940897365506,1
720575940872856946,720575940901960430,1
720575940927244256,720575940891783335,1
720575940927244256,720575940865467295,1
720575940874972385,720575940878326395,1
720575940927216096,720575940939715909,1
720575940927216096,720575940917407635,1
720575940927216096,720575940911489471,1
720575940927244512,720575940880005762,1
720575940927244512,720575940886574602,1
720575940871523385,720575940891183798,1
720575940871491897,720575940940380075,1
720575940927244768,720575940881936465,1
720575940927244768,720575940880005762,1
720575940927244768,720575940878955828,1
720575940927244768,720575940875854397,1
720575940871491897,720575940927244512,1
720575940871491897,720575940937240862,1
720575940871491897,720575940937857965,1
720575940927244512,720575940921525267,1
720575940871523385,720575940880839442,1
720575940871491897,720575940946223236,1
720575940927244512,720575940917853067,1
720575940871523385,720575940865475487,1
720575940927244512,720575940899433005,1
720575940871523385,720575940869443690,1
720575940871523385,720575940879973250,1
720575940871523385,720575940880838162,1
720575940927216096,720575940899861391,1
720575940927216096,720575940894116163,1
720575940927216096,720575940890118968,1
720575940875116119,720575940905042902,1
720575940927215328,720575940899861391,1
720575940875116119,720575940900956101,1
720575940875116119,720575940901960430,1
720575940875116119,720575940902518994,1
720575940927215328,720575940899256770,1
720575940927215328,720575940899153235,1
720575940927215328,720575940897365506,1
720575940875116119,720575940905050934,1
720575940875116119,720575940898432765,1
720575940875116119,720575940908782425,1
720575940875116119,720575940912535686,1
720575940927215328,720575940892205986,1
720575940927215328,720575940891783335,1
720575940875116119,720575940915256127,1
720575940875116119,720575940915967584,1
720575940875116119,720575940917429907,1
720575940875116119,720575940899256770,1
720575940927215328,720575940902634194,1
720575940927216096,720575940888799761,1
720575940927215328,720575940920027261,1
720575940927216096,720575940881918801,1
720575940927216096,720575940878955572,1
720575940874972385,720575940890939713,1
720575940927215328,720575940948987670,1
720575940874972385,720575940902634194,1
720575940927215328,720575940937848237,1
720575940927215328,720575940923272236,1
720575940874972385,720575940915253823,1
720575940875116119,720575940897365506,1
720575940927215328,720575940917852811,1
720575940927215328,720575940917531755,1
720575940875116119,720575940869443690,1
720575940927215328,720575940909769176,1
720575940927215328,720575940908781145,1
720575940927215328,720575940905043670,1
720575940875116119,720575940893395733,1
720575940875854397,720575940927208416,1
720575940927175960,720575940899184211,1
720575940924156549,720575940881935355,1
720575940924436802,720575940919632133,1
720575940877501751,720575940880850833,1
720575940924436802,720575940879773686,1
720575940924436802,720575940878326395,1
720575940877501751,720575940881974650,1
720575940924436802,720575940865467295,1
720575940924182661,720575940941089388,1
720575940924182661,720575940939715909,1
720575940924182661,720575940930905464,1
720575940924182661,720575940928343548,1
720575940924182661,720575940927184920,1
720575940924182661,720575940927109144,1
720575940924182661,720575940922957341,1
720575940877501751,720575940890939713,1
720575940924182661,720575940921525267,1
720575940924182661,720575940919622661,1
720575940924182661,720575940918990151,1
720575940877501751,720575940890962241,1
720575940924436802,720575940882117920,1
720575940924436802,720575940883201751,1
720575940924436802,720575940884108031,1
720575940924436802,720575940899782543,1
720575940877146459,720575940920027261,1
720575940924436802,720575940916236035,1
720575940877146459,720575940922795818,1
720575940924436802,720575940915253823,1
720575940924436802,720575940908782425,1
720575940877146459,720575940937856941,1
720575940924436802,720575940899861391,1
720575940924436802,720575940899433261,1
720575940924436802,720575940884939979,1
720575940924436802,720575940894664404,1
720575940877501751,720575940878955828,1
720575940924436802,720575940894647347,1
720575940877501751,720575940879773686,1
720575940924436802,720575940890107704,1
720575940924436802,720575940889249143,1
720575940924436802,720575940885432678,1
720575940924182661,720575940917531755,1
720575940877501751,720575940894178664,1
720575940924182661,720575940915256127,1
720575940924156549,720575940916299357,1
720575940924182661,720575940882672796,1
720575940924182661,720575940882117920,1
720575940877555511,720575940869352923,1
720575940877555511,720575940870685270,1
720575940877555511,720575940877146459,1
720575940924182661,720575940869533454,1
720575940877555511,720575940878955572,1
720575940924156549,720575940908782425,1
720575940924182661,720575940884057772,1
720575940924156549,720575940900963269,1
720575940924156549,720575940896736698,1
720575940924156549,720575940894143555,1
720575940924156549,720575940890939713,1
720575940877555511,720575940880005762,1
720575940924156549,720575940884057772,1
720575940924156549,720575940883201751,1
720575940924182661,720575940883201751,1
720575940924182661,720575940884108031,1
720575940924182661,720575940915253823,1
720575940924182661,720575940900963269,1
720575940924182661,720575940914883824,1
720575940877501751,720575940895353262,1
720575940877501751,720575940898432765,1
720575940924182661,720575940903751971,1
720575940877501751,720575940905050934,1
720575940924182661,720575940902703006,1
720575940877501751,720575940905081398,1
720575940877501751,720575940908359172,1
720575940924182661,720575940889238903,1
720575940924182661,720575940899283650,1
720575940877501751,720575940913491825,1
720575940924182661,720575940891185846,1
720575940924182661,720575940890962241,1
720575940924182661,720575940890245126,1
720575940924182661,720575940890108216,1
720575940877501751,720575940915253823,1
720575940924436802,720575940919029575,1
720575940877146459,720575940917531755,1
720575940877146203,720575940877555511,1
720575940924436802,720575940927208416,1
720575940927109144,720575940912535686,1
720575940877146203,720575940891185846,1
720575940927109144,720575940908782425,1
720575940927109144,720575940905050934,1
720575940927109144,720575940903188925,1
720575940927109144,720575940902703006,1
720575940927109144,720575940900956101,1
720575940927109144,720575940899282056,1
720575940927109144,720575940899281090,1
720575940927109144,720575940899256770,1
720575940927109144,720575940899153235,1
720575940927109144,720575940898432765,1
720575940927109144,720575940897460886,1
720575940877146203,720575940894664201,1
720575940927109144,720575940894662868,1
720575940927109144,720575940894647859,1
720575940877146203,720575940909797811,1
720575940927109144,720575940912929024,1
720575940927109144,720575940913491825,1
720575940877146203,720575940891184310,1
720575940877146203,720575940883198167,1
720575940927175960,720575940888731665,1
720575940877146203,720575940881974650,1
720575940927109144,720575940946223236,1
720575940877146203,720575940882103072,1
720575940927109144,720575940939715909,1
720575940927109144,720575940937869229,1
720575940927109144,720575940937857965,1
720575940927109144,720575940927248352,1
720575940927109144,720575940915217983,1
720575940877146203,720575940887194266,1
720575940927109144,720575940922949405,1
720575940927109144,720575940920044149,1
720575940877146203,720575940890107704,1
720575940927109144,720575940918750769,1
720575940927109144,720575940917098044,1
720575940877146203,720575940890939713,1
720575940877146203,720575940913491825,1
720575940927109144,720575940894142787,1
720575940927109144,720575940891164342,1
720575940925826374,720575940890134196,1
720575940925826374,720575940899861391,1
720575940925826374,720575940899782543,1
720575940925826374,720575940898835143,1
720575940925826374,720575940893156522,1
720575940925826374,720575940891185846,1
720575940925826374,720575940891184310,1
720575940925826374,720575940891163574,1
720575940925826374,720575940888799761,1
720575940925826374,720575940902671774,1
720575940925826374,720575940881935355,1
720575940925826374,720575940881055666,1
720575940925826374,720575940880005762,1
720575940877146459,720575940886574602,1
720575940925790278,720575940878947380,1
720575940925744198,720575940920044149,1
720575940924436802,720575940941106028,1
720575940925826374,720575940900033476,1
720575940877146459,720575940878916148,1
720575940927109144,720575940890939713,1
720575940927109144,720575940878956340,1
720575940927109144,720575940889924328,1
720575940927109144,720575940888793178,1
720575940927109144,720575940884939979,1
720575940927109144,720575940883201751,1
720575940877146203,720575940927184920,1
720575940927109144,720575940881607875,1
720575940927109144,720575940880850833,1
720575940927109144,720575940878916148,1
720575940925826374,720575940920037245,1
720575940877146203,720575940927794480,1
720575940926223758,720575940932756628,1
720575940926223758,720575940930905464,1
720575940925826374,720575940937856941,1
720575940925826374,720575940932756628,1
720575940877146203,720575940937856941,1
720575940925826374,720575940922795818,1
720575940881607875,720575940903188925,1
720575940909393947,720575940903370509,1
720575940881607875,720575940905043926,1
720575940897365506,720575940880875929,1
720575940897114128,720575940919029575,1
720575940897114128,720575940918314549,1
720575940888731665,720575940884031660,1
720575940897114128,720575940917531755,1
720575940897114128,720575940917407635,1
720575940888731665,720575940908359172,1
720575940888731665,720575940918288693,1
720575940897114128,720575940910295881,1
720575940897114128,720575940906113851,1
720575940897114128,720575940905043926,1
720575940897114128,720575940905042902,1
720575940897114128,720575940903415565,1
720575940897114128,720575940902634194,1
720575940897114128,720575940900963269,1
720575940888787983,720575940882077216,1
720575940897114128,720575940897460886,1
720575940897114128,720575940897365506,1
720575940897114128,720575940894642644,1
720575940897114128,720575940891184310,1
720575940897114128,720575940920044149,1
720575940897114128,720575940927244256,1
720575940888731665,720575940874972385,1
720575940897347842,720575940913491825,1
720575940897365506,720575940880837650,1
720575940888216655,720575940899433517,1
720575940897365506,720575940877146459,1
720575940897365506,720575940865475487,1
720575940897365506,720575940859648663,1
720575940897347842,720575940927109144,1
720575940897347842,720575940917407635,1
720575940897347842,720575940915256127,1
720575940897347842,720575940905043670,1
720575940897114128,720575940948987670,1
720575940897347842,720575940905014742,1
720575940888216655,720575940917853067,1
720575940897347842,720575940890939713,1
720575940897347842,720575940890108216,1
720575940888216655,720575940919632133,1
720575940888216655,720575940922795818,1
720575940897347842,720575940847552365,1
720575940897114128,720575940963340820,1
720575940888787983,720575940907584340,1
720575940888787983,720575940916236035,1
720575940897114128,720575940890107704,1
720575940896736698,720575940891163574,1
720575940896736698,720575940922957341,1
720575940896736698,720575940922949405,1
720575940896736698,720575940921525267,1
720575940896736698,720575940919045143,1
720575940896736698,720575940915676096,1
720575940896736698,720575940903414541,1
720575940896736698,720575940901384751,1
720575940896736698,720575940891518756,1
720575940896736698,720575940890107704,1
720575940888793178,720575940869352923,1
720575940888793178,720575940870685014,1
720575940896736698,720575940887090394,1
720575940888793178,720575940878312571,1
720575940888793178,720575940878326395,1
720575940888793178,720575940878955828,1
720575940896736698,720575940882160356,1
720575940896736698,720575940878326395,1
720575940896736698,720575940870685014,1
720575940896736698,720575940923001544,1
720575940896872522,720575940861407986,1
720575940897114128,720575940888799761,1
720575940897114128,720575940878312571,1
720575940897114128,720575940888793434,1
720575940888787983,720575940917407635,1
720575940888787983,720575940917780131,1
720575940897114128,720575940883901724,1
720575940897114128,720575940882672796,1
720575940897114128,720575940880839442,1
720575940897114128,720575940880838162,1
720575940897114128,720575940878326395,1
720575940888787983,720575940927248352,1
720575940896872522,720575940881926778,1
720575940896872522,720575940940386475,1
720575940896872522,720575940939716165,1
720575940896872522,720575940918815793,1
720575940888787983,720575940928343548,1
720575940896872522,720575940899256770,1
720575940896872522,720575940891185846,1
720575940896872522,720575940891184310,1
720575940896872522,720575940886574602,1
720575940897365506,720575940880838162,1
720575940897365506,720575940883197911,1
720575940897460886,720575940905042902,1
720575940888216655,720575940899433005,1
720575940897460886,720575940877555511,1
720575940897460886,720575940877146203,1
720575940897460886,720575940871491897,1
720575940897454998,720575940941089388,1
720575940897454998,720575940928343548,1
720575940897454998,720575940927244512,1
720575940887705416,720575940894647347,1
720575940897454998,720575940921986112,1
720575940897454998,720575940920062581,1
720575940887705416,720575940895267018,1
720575940887705416,720575940899282056,1
720575940887705416,720575940903188925,1
720575940887705416,720575940905043670,1
720575940887705416,720575940912535686,1
720575940887705416,720575940912929024,1
720575940897454998,720575940914883824,1
720575940887705416,720575940917852811,1
720575940897454998,720575940903751971,1
720575940887705416,720575940920456848,1
720575940887705416,720575940890118968,1
720575940897460886,720575940878955828,1
720575940897460886,720575940881844049,1
720575940887704904,720575940907584340,1
720575940897460886,720575940900963269,1
720575940897460886,720575940900956101,1
720575940897460886,720575940899398585,1
720575940897460886,720575940896736698,1
720575940897460886,720575940894664404,1
720575940897460886,720575940894143043,1
720575940897460886,720575940894142787,1
720575940897460886,720575940891783079,1
720575940897460886,720575940891163574,1
720575940897460886,720575940881935355,1
720575940897460886,720575940890108216,1
720575940887704904,720575940917407635,1
720575940897460886,720575940890018996,1
720575940887704904,720575940922765354,1
720575940897460886,720575940884939979,1
720575940897460886,720575940884925028,1
720575940887704904,720575940926223758,1
720575940887704904,720575940927215328,1
720575940897454998,720575940902634194,1
720575940897454998,720575940900033476,1
720575940897454998,720575940899434029,1
720575940888216655,720575940891185846,1
720575940897365506,720575940937856941,1
720575940897365506,720575940937240862,1
720575940897365506,720575940927184920,1
720575940897365506,720575940926223758,1
720575940888216655,720575940882552101,1
720575940897365506,720575940920037245,1
720575940888216655,720575940886574602,1
720575940888216655,720575940891184310,1
720575940897365506,720575940903751971,1
720575940897454998,720575940865467295,1
720575940888216655,720575940892204542,1
720575940897365506,720575940898432765,1
720575940888216655,720575940894116163,1
720575940897365506,720575940894647859,1
720575940897365506,720575940894143299,1
720575940897365506,720575940891783335,1
720575940897365506,720575940891518756,1
720575940888216655,720575940899432749,1
720575940888216655,720575940878955572,1
720575940897454998,720575940865475487,1
720575940897454998,720575940899433773,1
720575940888059760,720575940885432678,1
720575940887705416,720575940930873976,1
720575940887705416,720575940946223236,1
720575940888059760,720575940881935355,1
720575940897454998,720575940899291016,1
720575940897454998,720575940896872522,1
720575940897454998,720575940894662868,1
720575940897454998,720575940894647859,1
720575940897454998,720575940894143043,1
720575940888165967,720575940881935185,1
720575940897454998,720575940877146203,1
720575940897454998,720575940890118968,1
720575940897454998,720575940888731665,1
720575940897454998,720575940886540578,1
720575940897454998,720575940883198679,1
720575940897454998,720575940878957108,1
720575940888165967,720575940905041878,1
720575940897454998,720575940878325883,1
720575940888216655,720575940859648663,1
720575940896732090,720575940964330406,1
720575940896732090,720575940940380075,1
720575940896732090,720575940927184920,1
720575940888793178,720575940878957108,1
720575940895267018,720575940893774059,1
720575940895267018,720575940888799761,1
720575940895267018,720575940882061434,1
720575940888799761,720575940887194266,1
720575940888799761,720575940891183798,1
720575940888799761,720575940891751079,1
720575940895196362,720575940898677394,1
720575940894664404,720575940927244256,1
720575940894664404,720575940927184920,1
720575940888799761,720575940893156522,1
720575940894664404,720575940921986112,1
720575940894664404,720575940917852811,1
720575940888799761,720575940902629074,1
720575940894664404,720575940916236035,1
720575940894664404,720575940909797811,1
720575940894664404,720575940908781145,1
720575940894664404,720575940903188925,1
720575940894664404,720575940900234978,1
720575940888799761,720575940905043670,1
720575940895267018,720575940894142787,1
720575940895267018,720575940899281090,1
720575940895267018,720575940903679779,1
720575940895289006,720575940881055666,1
720575940895289006,720575940895353262,1
720575940895289006,720575940894664404,1
720575940888793434,720575940897454998,1
720575940888793434,720575940903370509,1
720575940888793434,720575940903751971,1
720575940895289006,720575940886540578,1
720575940895289006,720575940883905052,1
720575940895289006,720575940883729656,1
720575940888793434,720575940913491825,1
720575940888799761,720575940865467295,1
720575940895289006,720575940880839442,1
720575940888793434,720575940913573871,1
720575940895267018,720575940930897229,1
720575940888793434,720575940920833705,1
720575940895267018,720575940924156549,1
720575940888793434,720575940937869229,1
720575940895267018,720575940913491825,1
720575940895267018,720575940909769176,1
720575940888799761,720575940905061686,1
720575940894664404,720575940899283650,1
720575940894664404,720575940897460886,1
720575940894647859,720575940937869229,1
720575940888799761,720575940910295881,1
720575940894662868,720575940891185846,1
720575940894662868,720575940891184310,1
720575940888799761,720575940914883824,1
720575940894662868,720575940883198679,1
720575940894662868,720575940883197911,1
720575940888799761,720575940918775345,1
720575940894647859,720575940941124460,1
720575940894647859,720575940937857965,1
720575940894662868,720575940899433517,1
720575940894647859,720575940937240862,1
720575940894647859,720575940927244256,1
720575940894647859,720575940927109144,1
720575940894647859,720575940922957341,1
720575940894647859,720575940922765354,1
720575940894647859,720575940917531755,1
720575940894647859,720575940915676096,1
720575940894647859,720575940913491825,1
720575940894662868,720575940897454998,1
720575940894662868,720575940899433773,1
720575940894664404,720575940895267018,1
720575940894664404,720575940878955572,1
720575940894664404,720575940893156522,1
720575940894664404,720575940891783335,1
720575940888799761,720575940909769176,1
720575940894664404,720575940890134196,1
720575940894664404,720575940890111288,1
720575940894664404,720575940885432678,1
720575940894664404,720575940883201751,1
720575940894664404,720575940881974650,1
720575940894664404,720575940878916148,1
720575940894662868,720575940905041878,1
720575940894664404,720575940878326395,1
720575940894664404,720575940869352923,1
720575940894664404,720575940864403212,1
720575940894664404,720575940859648663,1
720575940894664201,720575940927275084,1
720575940894662868,720575940922795818,1
720575940894662868,720575940920037245,1
720575940894662868,720575940917866379,1
720575940895289006,720575940897454998,1
720575940895289006,720575940899153235,1
720575940895289006,720575940900033476,1
720575940895353262,720575940927109144,1
720575940888793178,720575940897454998,1
720575940895711219,720575940900244450,1
720575940895711219,720575940882649500,1
720575940888793178,720575940899256770,1
720575940895353262,720575940940380075,1
720575940895353262,720575940937857965,1
720575940895353262,720575940927244768,1
720575940888793178,720575940899432749,1
720575940895353262,720575940923001544,1
720575940896732090,720575940878956340,1
720575940888793178,720575940899434029,1
720575940888793178,720575940903415565,1
720575940888793178,720575940903751971,1
720575940888793178,720575940905043926,1
720575940895353262,720575940917853067,1
720575940895353262,720575940917531755,1
720575940895353262,720575940913491825,1
720575940895353262,720575940910607129,1
720575940896732090,720575940871523385,1
720575940896732090,720575940881935355,1
720575940895353262,720575940909393947,1
720575940896732090,720575940900963269,1
720575940896732090,720575940922957341,1
720575940888793178,720575940883866908,1
720575940896732090,720575940919029575,1
720575940888793178,720575940886574602,1
720575940896732090,720575940908782425,1
720575940888793178,720575940887194266,1
720575940896732090,720575940903193533,1
720575940896732090,720575940902634194,1
720575940896732090,720575940899433773,1
720575940896732090,720575940881936465,1
720575940888793178,720575940890245126,1
720575940888793178,720575940891518756,1
720575940896732090,720575940894116163,1
720575940896732090,720575940892205566,1
720575940888793178,720575940892205566,1
720575940896732090,720575940889924328,1
720575940896732090,720575940885432678,1
720575940896732090,720575940884925028,1
720575940895353262,720575940909797811,1
720575940895353262,720575940905081398,1
720575940888793434,720575940893395733,1
720575940895289006,720575940922957341,1
720575940895353262,720575940877146203,1
720575940888793434,720575940869443690,1
720575940895353262,720575940870685014,1
720575940895353262,720575940865475743,1
720575940895353262,720575940864403212,1
720575940888793434,720575940871491897,1
720575940895289006,720575940937862061,1
720575940895289006,720575940930905464,1
720575940888793434,720575940883198679,1
720575940888793434,720575940865160474,1
720575940888793434,720575940883866908,1
720575940895289006,720575940914883824,1
720575940895289006,720575940912929024,1
720575940895289006,720575940908782425,1
720575940888793434,720575940890939713,1
720575940895289006,720575940907584340,1
720575940888793434,720575940891181902,1
720575940888793434,720575940892205986,1
720575940895353262,720575940877555511,1
720575940888793178,720575940946223236,1
720575940888793178,720575940908782425,1
720575940895353262,720575940894647859,1
720575940888793178,720575940914883824,1
720575940888793178,720575940917852811,1
720575940888793178,720575940917853067,1
720575940895353262,720575940903370509,1
720575940888793178,720575940920027261,1
720575940895353262,720575940899282056,1
720575940895353262,720575940897460886,1
720575940895353262,720575940894664404,1
720575940895353262,720575940894178664,1
720575940895353262,720575940881974650,1
720575940895353262,720575940894143299,1
720575940895353262,720575940894143043,1
720575940895353262,720575940893395733,1
720575940895353262,720575940893386005,1
720575940895353262,720575940886540578,1
720575940895353262,720575940885432678,1
720575940895353262,720575940884108031,1
720575940888793178,720575940930905464,1
720575940887704904,720575940905043926,1
720575940897460886,720575940905043926,1
720575940915684544,720575940891783335,1
720575940899433261,720575940908782425,1
720575940899433005,720575940878325883,1
720575940886540578,720575940896736698,1
720575940899432749,720575940921478163,1
720575940899432749,720575940920027261,1
720575940899432749,720575940917853067,1
720575940899432749,720575940899433773,1
720575940899432749,720575940890111288,1
720575940899432749,720575940880005762,1
720575940899432749,720575940878955828,1
720575940899432749,720575940878325883,1
720575940899432749,720575940865467295,1
720575940886540578,720575940899353473,1
720575940899398585,720575940937869229,1
720575940886540578,720575940909802419,1
720575940899398585,720575940926223758,1
720575940886540578,720575940917531755,1
720575940886853257,720575940885432678,1
720575940886853257,720575940889238903,1
720575940899398585,720575940902624978,1
720575940899433005,720575940888216655,1
720575940899433005,720575940890111288,1
720575940899433005,720575940899432749,1
720575940899433261,720575940886540578,1
720575940899433261,720575940900033476,1
720575940899433261,720575940899433517,1
720575940886540578,720575940881926778,1
720575940886540578,720575940882672796,1
720575940899433261,720575940892204542,1
720575940899433261,720575940891783335,1
720575940886540578,720575940888793434,1
720575940886540578,720575940891184310,1
720575940899433261,720575940878955828,1
720575940899433005,720575940910607129,1
720575940886540578,720575940891751079,1
720575940899433261,720575940877146459,1
720575940899433261,720575940869352923,1
720575940899433261,720575940865467295,1
720575940899433261,720575940859648663,1
720575940886540578,720575940891783079,1
720575940899433005,720575940920881320,1
720575940899433005,720575940917531755,1
720575940899398585,720575940899283650,1
720575940886853257,720575940891185846,1
720575940899398585,720575940894143299,1
720575940899353473,720575940871523385,1
720575940899356801,720575940886540578,1
720575940899356801,720575940847552365,1
720575940899353473,720575940930905464,1
720575940886931959,720575940875116119,1
720575940899353473,720575940920054001,1
720575940899353473,720575940917422227,1
720575940886931959,720575940877555511,1
720575940886931959,720575940878916148,1
720575940899291016,720575940933768470,1
720575940886853257,720575940937869229,1
720575940899291016,720575940932846484,1
720575940899291016,720575940927184920,1
720575940899291016,720575940922795818,1
720575940886931959,720575940880372359,1
720575940886931959,720575940880838162,1
720575940899291016,720575940920037245,1
720575940899291016,720575940918815793,1
720575940899291016,720575940917531755,1
720575940886853257,720575940948987670,1
720575940886853257,720575940927184920,1
720575940886853257,720575940894647347,1
720575940886853257,720575940910295881,1
720575940886853257,720575940894647859,1
720575940886853257,720575940894664404,1
720575940886853257,720575940895289006,1
720575940886853257,720575940900033476,1
720575940899398585,720575940887087578,1
720575940886853257,720575940903415565,1
720575940886853257,720575940905061686,1
720575940899398585,720575940880875929,1
720575940886853257,720575940912929024,1
720575940899356801,720575940890939713,1
720575940899356801,720575940923272236,1
720575940886853257,720575940919029575,1
720575940886853257,720575940920037245,1
720575940899356801,720575940913491825,1
720575940899356801,720575940910295881,1
720575940886853257,720575940922709290,1
720575940899356801,720575940897460886,1
720575940899356801,720575940897365506,1
720575940899433261,720575940903414541,1
720575940886540578,720575940877146459,1
720575940897460886,720575940905050934,1
720575940886458045,720575940939716165,1
720575940885432678,720575940891185846,1
720575940885432678,720575940891783335,1
720575940899782543,720575940921478163,1
720575940885432678,720575940899433005,1
720575940899782543,720575940917531755,1
720575940899782543,720575940910624444,1
720575940899782543,720575940901960430,1
720575940899782543,720575940899433517,1
720575940899782543,720575940899432749,1
720575940899782543,720575940893873415,1
720575940899782543,720575940892205566,1
720575940885432678,720575940900287353,1
720575940885432678,720575940902634194,1
720575940899782543,720575940890245126,1
720575940899782543,720575940888731665,1
720575940885432678,720575940903751971,1
720575940885432678,720575940906113851,1
720575940899779727,720575940901971694,1
720575940899779727,720575940893344533,1
720575940899782543,720575940927244768,1
720575940899782543,720575940927248352,1
720575940899782543,720575940946223236,1
720575940884977867,720575940922949405,1
720575940899861391,720575940895289006,1
720575940899861391,720575940894647859,1
720575940899861391,720575940894143299,1
720575940884977867,720575940919029575,1
720575940884977867,720575940919632133,1
720575940899861391,720575940892205986,1
720575940899861391,720575940892205566,1
720575940899861391,720575940892204542,1
720575940899861391,720575940890111288,1
720575940885432678,720575940887194266,1
720575940899861391,720575940888731665,1
720575940899861391,720575940887194266,1
720575940899861391,720575940884145919,1
720575940899861391,720575940883901724,1
720575940885287873,720575940903113149,1
720575940885432678,720575940883905052,1
720575940899861391,720575940878312571,1
720575940899861391,720575940870685014,1
720575940899434029,720575940921478163,1
720575940899434029,720575940920881320,1
720575940899434029,720575940918815793,1
720575940886458045,720575940893156522,1
720575940899433517,720575940915253823,1
720575940899433517,720575940909797811,1
720575940899433517,720575940903415565,1
720575940899433517,720575940903113149,1
720575940899433517,720575940899433261,1
720575940899433517,720575940892204542,1
720575940886458045,720575940892205986,1
720575940899433517,720575940891184310,1
720575940899433517,720575940883905052,1
720575940899433517,720575940919632133,1
720575940899433517,720575940883198679,1
720575940899433517,720575940882393805,1
720575940899433517,720575940881567427,1
720575940899433517,720575940881055666,1
720575940886458045,720575940894647859,1
720575940899433517,720575940877146459,1
720575940899433261,720575940932846484,1
720575940886458045,720575940921525267,1
720575940899433517,720575940916233731,1
720575940899433517,720575940920027261,1
720575940885432678,720575940912929024,1
720575940885432678,720575940927244256,1
720575940885432678,720575940918311989,1
720575940899434029,720575940900033476,1
720575940899434029,720575940892205566,1
720575940899434029,720575940882393805,1
720575940899433773,720575940940386475,1
720575940899433773,720575940909797811,1
720575940899433773,720575940899433005,1
720575940899433773,720575940894116163,1
720575940899433773,720575940890111288,1
720575940899433517,720575940921478163,1
720575940885432678,720575940927244512,1
720575940899433773,720575940878955828,1
720575940899433773,720575940878325883,1
720575940899433773,720575940875843901,1
720575940885432678,720575940928343548,1
720575940899433517,720575940932846484,1
720575940886458045,720575940886540578,1
720575940886458045,720575940890118968,1
720575940899291016,720575940913573871,1
720575940899291016,720575940903415565,1
720575940886931959,720575940882124516,1
720575940847552365,720575940881055666,1
720575940899256770,720575940917429907,1
720575940899256770,720575940917407635,1
720575940887087578,720575940912929024,1
720575940887087578,720575940914883824,1
720575940887087578,720575940923001544,1
720575940899256770,720575940903188925,1
720575940899256770,720575940902703006,1
720575940899256770,720575940899861391,1
720575940899256770,720575940899782543,1
720575940899256770,720575940899398585,1
720575940899256770,720575940894647859,1
720575940887090394,720575940877501751,1
720575940887090394,720575940881935355,1
720575940887090394,720575940890108216,1
720575940887090394,720575940899282056,1
720575940887090394,720575940900963269,1
720575940899256770,720575940889238903,1
720575940899256770,720575940888799761,1
720575940899256770,720575940884145919,1
720575940899256770,720575940917531755,1
720575940899256770,720575940921986112,1
720575940887087578,720575940894647347,1
720575940899281090,720575940881055666,1
720575940899281090,720575940890107704,1
720575940899281090,720575940889238903,1
720575940899281090,720575940888799761,1
720575940899281090,720575940886540578,1
720575940886931959,720575940941106028,1
720575940899281090,720575940882160356,1
720575940899281090,720575940882077216,1
720575940899281090,720575940881935185,1
720575940899281090,720575940880850833,1
720575940899256770,720575940922795818,1
720575940899281090,720575940880372359,1
720575940899281090,720575940878955572,1
720575940899281090,720575940878916148,1
720575940887087578,720575940875843901,1
720575940899281090,720575940869533454,1
720575940899281090,720575940862564127,1
720575940887087578,720575940881935355,1
720575940887087578,720575940884145919,1
720575940899256770,720575940881935355,1
720575940887090394,720575940908782425,1
720575940899256770,720575940878312571,1
720575940898821041,720575940886574602,1
720575940899153235,720575940882124516,1
720575940899153235,720575940881974650,1
720575940887704904,720575940882124516,1
720575940887704904,720575940886931959,1
720575940899153235,720575940865475743,1
720575940887704904,720575940891163574,1
720575940898835143,720575940897365506,1
720575940898835143,720575940890134196,1
720575940898677394,720575940882103072,1
720575940887704904,720575940871523385,1
720575940897460886,720575940930905464,1
720575940887704904,720575940896732090,1
720575940897460886,720575940921525267,1
720575940897460886,720575940917852811,1
720575940897460886,720575940916299357,1
720575940887704904,720575940897365506,1
720575940897460886,720575940911489471,1
720575940897460886,720575940905081398,1
720575940899153235,720575940890134196,1
720575940899153235,720575940899432749,1
720575940887090394,720575940920044149,1
720575940899184211,720575940883734520,1
720575940887090394,720575940922949405,1
720575940899256770,720575940865475743,1
720575940887090394,720575940928343548,1
720575940899256770,720575940859648663,1
720575940899184211,720575940927275084,1
720575940899184211,720575940927175960,1
720575940899184211,720575940917098044,1
720575940899184211,720575940883900444,1
720575940899153235,720575940948987670,1
720575940887704904,720575940869443690,1
720575940899153235,720575940946223236,1
720575940899153235,720575940919622661,1
720575940899153235,720575940917531755,1
720575940899153235,720575940915684544,1
720575940887090394,720575940941106028,1
720575940899153235,720575940908386564,1
720575940899153235,720575940905042902,1
720575940899153235,720575940904086480,1
720575940886931959,720575940941089388,1
720575940899281090,720575940895281326,1
720575940899281090,720575940896702138,1
720575940899283650,720575940900033476,1
720575940899283650,720575940909769176,1
720575940886931959,720575940891163574,1
720575940886931959,720575940891185846,1
720575940886931959,720575940893395733,1
720575940899283650,720575940903415565,1
720575940886931959,720575940894143043,1
720575940886931959,720575940894642644,1
720575940886931959,720575940895289006,1
720575940899283650,720575940899861391,1
720575940899283650,720575940910607129,1
720575940899283650,720575940899398585,1
720575940899283650,720575940899291016,1
720575940899283650,720575940898432765,1
720575940886931959,720575940895353262,1
720575940899283650,720575940894143043,1
720575940899283650,720575940891783079,1
720575940899283650,720575940891518756,1
720575940886931959,720575940899153235,1
720575940886931959,720575940890134196,1
720575940899283650,720575940912929024,1
720575940899283650,720575940886853257,1
720575940899291016,720575940869352923,1
720575940886931959,720575940883729656,1
720575940899291016,720575940892205566,1
720575940886931959,720575940886853257,1
720575940899291016,720575940890018996,1
720575940899291016,720575940888216655,1
720575940899291016,720575940884925028,1
720575940899291016,720575940880839442,1
720575940899291016,720575940878325883,1
720575940899283650,720575940963340820,1
720575940886931959,720575940889215863,1
720575940899283650,720575940946223236,1
720575940886931959,720575940888793434,1
720575940899283650,720575940921986112,1
720575940899283650,720575940920456848,1
720575940899283650,720575940919632133,1
720575940886931959,720575940888799761,1
720575940899283650,720575940917866379,1
720575940899283650,720575940917422227,1
720575940899283650,720575940887194266,1
720575940899283650,720575940886540578,1
720575940886931959,720575940937862061,1
720575940899281090,720575940910295881,1
720575940886931959,720575940917407635,1
720575940899281090,720575940923272236,1
720575940886931959,720575940918750769,1
720575940886931959,720575940922958792,1
720575940899281090,720575940920027261,1
720575940899281090,720575940919632133,1
720575940886931959,720575940927248352,1
720575940899281090,720575940913491825,1
720575940899281090,720575940905050934,1
720575940899281090,720575940941106028,1
720575940899281090,720575940905043926,1
720575940886931959,720575940930897229,1
720575940899281090,720575940903415565,1
720575940899281090,720575940903414541,1
720575940899281090,720575940902518994,1
720575940899281090,720575940900956101,1
720575940899281090,720575940899282056,1
720575940899281090,720575940898432765,1
720575940899281090,720575940937240862,1
720575940899282056,720575940878955572,1
720575940899283650,720575940883901724,1
720575940899282056,720575940917429907,1
720575940899283650,720575940883201751,1
720575940886931959,720575940902634194,1
720575940886931959,720575940903188925,1
720575940899283650,720575940875854397,1
720575940899283650,720575940865475743,1
720575940899282056,720575940930873976,1
720575940899282056,720575940920894376,1
720575940899282056,720575940918288693,1
720575940899282056,720575940916236035,1
720575940886931959,720575940910624444,1
720575940899282056,720575940905042902,1
720575940899282056,720575940899256770,1
720575940899282056,720575940898432765,1
720575940886931959,720575940905061686,1
720575940899282056,720575940891164342,1
720575940899282056,720575940888731665,1
720575940886931959,720575940907584340,1
720575940899282056,720575940881974650,1
720575940894647859,720575940907584340,1
720575940894647859,720575940906113851,1
720575940894647859,720575940903996112,1
720575940890743247,720575940884057772,1
720575940892205986,720575940920894376,1
720575940892205986,720575940920456848,1
720575940890743247,720575940924182661,1
720575940890743247,720575940925826374,1
720575940892205986,720575940907584340,1
720575940892205986,720575940906113851,1
720575940892205986,720575940905043926,1
720575940892205986,720575940905043670,1
720575940892205986,720575940905042902,1
720575940892205986,720575940903996112,1
720575940892205986,720575940902634194,1
720575940890756047,720575940923001800,1
720575940890900801,720575940880837650,1
720575940892205986,720575940897365506,1
720575940892205986,720575940894664404,1
720575940892205986,720575940893395733,1
720575940892205986,720575940891518756,1
720575940892205986,720575940890118968,1
720575940892205986,720575940890107704,1
720575940892205986,720575940921525267,1
720575940892205986,720575940922957341,1
720575940892205986,720575940926223758,1
720575940892615796,720575940890134196,1
720575940890743247,720575940890134196,1
720575940890743247,720575940892205566,1
720575940892615796,720575940905043926,1
720575940892615796,720575940905042902,1
720575940890743247,720575940893392149,1
720575940890743247,720575940899782543,1
720575940892615796,720575940897365506,1
720575940892615796,720575940891183798,1
720575940892615796,720575940886853257,1
720575940890743247,720575940923001544,1
720575940892615796,720575940881607875,1
720575940892615796,720575940878916148,1
720575940892615796,720575940871523385,1
720575940890743247,720575940917407635,1
720575940890743247,720575940920881320,1
720575940892205986,720575940937221662,1
720575940892205986,720575940936679190,1
720575940892205986,720575940928343548,1
720575940890962241,720575940859648663,1
720575940892205986,720575940888793178,1
720575940890962241,720575940865467295,1
720575940891163574,720575940885432678,1
720575940892205566,720575940887194266,1
720575940891163574,720575940875854397,1
720575940892205566,720575940882393805,1
720575940892205566,720575940881918801,1
720575940892205566,720575940878955828,1
720575940892205566,720575940878325883,1
720575940892205566,720575940875843901,1
720575940892204542,720575940927244512,1
720575940892204542,720575940920027261,1
720575940892205566,720575940894647859,1
720575940891163574,720575940886931959,1
720575940891163574,720575940887087578,1
720575940892204542,720575940910607129,1
720575940892204542,720575940903188925,1
720575940892204542,720575940899782543,1
720575940892204542,720575940899433773,1
720575940892204542,720575940899291016,1
720575940892204542,720575940899282056,1
720575940892205566,720575940892204542,1
720575940892205566,720575940899291016,1
720575940890962241,720575940883201751,1
720575940892205566,720575940925826374,1
720575940892205986,720575940881935355,1
720575940892205986,720575940880372359,1
720575940892205986,720575940878326395,1
720575940890962241,720575940899432749,1
720575940892205986,720575940877555511,1
720575940890962241,720575940899433517,1
720575940892205986,720575940865475487,1
720575940892205566,720575940940386475,1
720575940890962241,720575940902634194,1
720575940890962241,720575940946223236,1
720575940890962241,720575940912929024,1
720575940890962241,720575940917407635,1
720575940892205566,720575940913491825,1
720575940892205566,720575940899434029,1
720575940890962241,720575940937857965,1
720575940892205566,720575940899433517,1
720575940890962241,720575940940380075,1
720575940890962241,720575940940386475,1
720575940892615796,720575940927184920,1
720575940892615796,720575940930905464,1
720575940888799761,720575940922795818,1
720575940892615796,720575940937848237,1
720575940890245126,720575940882160356,1
720575940890245126,720575940882672796,1
720575940890245126,720575940883201751,1
720575940890245126,720575940884925028,1
720575940890245126,720575940884939979,1
720575940890245126,720575940886540578,1
720575940893392149,720575940877555511,1
720575940893386005,720575940946223236,1
720575940893386005,720575940940380075,1
720575940890245126,720575940891783335,1
720575940890245126,720575940892205566,1
720575940890245126,720575940894662868,1
720575940893386005,720575940920881320,1
720575940893386005,720575940917531755,1
720575940893386005,720575940917429907,1
720575940893386005,720575940916236035,1
720575940890245126,720575940895289006,1
720575940890245126,720575940897454998,1
720575940893386005,720575940909769176,1
720575940890245126,720575940881936465,1
720575940893392149,720575940892205566,1
720575940890245126,720575940877146203,1
720575940893392149,720575940920881320,1
720575940890111288,720575940917853067,1
720575940893392149,720575940939715909,1
720575940890111288,720575940923001544,1
720575940890111288,720575940940386475,1
720575940893392149,720575940928343548,1
720575940890118968,720575940891751079,1
720575940890118968,720575940891783335,1
720575940893392149,720575940922957341,1
720575940893392149,720575940920037245,1
720575940890245126,720575940870685014,1
720575940890134196,720575940894116163,1
720575940890134196,720575940897114128,1
720575940890134196,720575940919029575,1
720575940893392149,720575940905043926,1
720575940893392149,720575940905043670,1
720575940890134196,720575940927244256,1
720575940893392149,720575940903414541,1
720575940890134196,720575940940386475,1
720575940890245126,720575940903370509,1
720575940890245126,720575940905043670,1
720575940893386005,720575940902634194,1
720575940893122730,720575940900963269,1
720575940890245126,720575940941124460,1
720575940890741967,720575940888793434,1
720575940890741967,720575940890939713,1
720575940890741967,720575940891185486,1
720575940893122730,720575940914869232,1
720575940893122730,720575940912929024,1
720575940893122730,720575940906113851,1
720575940893122730,720575940902671774,1
720575940893122730,720575940899861391,1
720575940893156522,720575940896872522,1
720575940890741967,720575940901717479,1
720575940893122730,720575940891196854,1
720575940893122730,720575940890108216,1
720575940890743247,720575940861407986,1
720575940890743247,720575940869443690,1
720575940893122730,720575940883729656,1
720575940893122730,720575940880372359,1
720575940890743247,720575940880839442,1
720575940890245126,720575940932846484,1
720575940893156522,720575940897365506,1
720575940893386005,720575940900033476,1
720575940890245126,720575940918775345,1
720575940893386005,720575940899861391,1
720575940893386005,720575940899256770,1
720575940890245126,720575940913491825,1
720575940893386005,720575940895353262,1
720575940893386005,720575940890962241,1
720575940893386005,720575940881935355,1
720575940890245126,720575940917852811,1
720575940893386005,720575940881055666,1
720575940890245126,720575940920027261,1
720575940893156522,720575940899291016,1
720575940893344533,720575940897365506,1
720575940890245126,720575940927244768,1
720575940893156522,720575940932846484,1
720575940893156522,720575940927244512,1
720575940893156522,720575940920027261,1
720575940893156522,720575940903113149,1
720575940893156522,720575940899861391,1
720575940893156522,720575940899433005,1
720575940892204542,720575940897365506,1
720575940892204542,720575940896872522,1
720575940892204542,720575940894116163,1
720575940892204542,720575940893156522,1
720575940891185846,720575940878955572,1
720575940891185846,720575940869352923,1
720575940891185486,720575940927175960,1
720575940891181902,720575940893386005,1
720575940891181902,720575940893392149,1
720575940891185486,720575940881974650,1
720575940891184310,720575940926223758,1
720575940891184310,720575940920881320,1
720575940891184310,720575940909797811,1
720575940891184310,720575940905041878,1
720575940891184310,720575940899861391,1
720575940891184310,720575940899432749,1
720575940891181902,720575940893408011,1
720575940891184310,720575940890111288,1
720575940891184310,720575940883905052,1
720575940891184310,720575940882160356,1
720575940891184310,720575940878955828,1
720575940891184310,720575940877146203,1
720575940891184310,720575940875843901,1
720575940891185846,720575940883201751,1
720575940891185846,720575940884032172,1
720575940891185846,720575940890111288,1
720575940891181902,720575940884728634,1
720575940891518756,720575940897341698,1
720575940891518756,720575940894143555,1
720575940891518756,720575940882160356,1
720575940891518756,720575940880837650,1
720575940891518756,720575940878326395,1
720575940891196854,720575940902671774,1
720575940891196854,720575940889238903,1
720575940891196854,720575940870685014,1
720575940891185846,720575940937240862,1
720575940891185846,720575940896872522,1
720575940891185846,720575940921478163,1
720575940891185846,720575940920881320,1
720575940891181902,720575940884925028,1
720575940891185846,720575940919029575,1
720575940891185846,720575940915217983,1
720575940891185846,720575940900287353,1
720575940891185846,720575940899432749,1
720575940891185846,720575940897365506,1
720575940891183798,720575940939715909,1
720575940891183798,720575940937869229,1
720575940891183798,720575940937221662,1
720575940891183798,720575940859648663,1
720575940891183798,720575940890245126,1
720575940891183798,720575940888793178,1
720575940891183798,720575940886540578,1
720575940891183798,720575940883901724,1
720575940891183798,720575940881607875,1
720575940891183798,720575940878956340,1
720575940891183798,720575940878326395,1
720575940891183798,720575940875854397,1
720575940891181902,720575940946223236,1
720575940891183798,720575940891783079,1
720575940891181902,720575940940380075,1
720575940891181902,720575940937869229,1
720575940891181902,720575940906113851,1
720575940891181902,720575940928343548,1
720575940891181902,720575940927215328,1
720575940891181902,720575940927184920,1
720575940891181902,720575940912535686,1
720575940891181902,720575940921525267,1
720575940891183798,720575940891181902,1
720575940891181902,720575940903188925,1
720575940891183798,720575940927244256,1
720575940891181902,720575940899281090,1
720575940891183798,720575940923272236,1
720575940891181902,720575940894664404,1
720575940891183798,720575940920881320,1
720575940891181902,720575940897454998,1
720575940891181902,720575940899256770,1
720575940891183798,720575940917780131,1
720575940891183798,720575940917429907,1
720575940891183798,720575940916016480,1
720575940891183798,720575940910624444,1
720575940891183798,720575940895289006,1
720575940891183798,720575940910295881,1
720575940891183798,720575940908782425,1
720575940891183798,720575940906113851,1
720575940891181902,720575940899282056,1
720575940891181902,720575940899433517,1
720575940891183798,720575940900963269,1
720575940891181902,720575940900956101,1
720575940891181902,720575940902671774,1
720575940891518756,720575940897454998,1
720575940891518756,720575940898677394,1
720575940891518756,720575940901960430,1
720575940891783079,720575940920027261,1
720575940891783335,720575940889238903,1
720575940891783335,720575940886540578,1
720575940891783335,720575940878955572,1
720575940891783335,720575940869352923,1
720575940891783335,720575940859648663,1
720575940891783079,720575940927244768,1
720575940891163574,720575940900963269,1
720575940891783079,720575940922795818,1
720575940891783079,720575940905041878,1
720575940891783335,720575940905042902,1
720575940891163574,720575940903370509,1
720575940891163574,720575940903415565,1
720575940891783079,720575940878957108,1
720575940891783079,720575940859648663,1
720575940891751079,720575940946223236,1
720575940891751079,720575940937869229,1
720575940891751079,720575940930897229,1
720575940891163574,720575940907584340,1
720575940891783335,720575940899432749,1
720575940891783335,720575940919632133,1
720575940891751079,720575940920062581,1
720575940891163574,720575940889264869,1
720575940892204542,720575940892205566,1
720575940892204542,720575940891783335,1
720575940892204542,720575940891185846,1
720575940892204542,720575940890111288,1
720575940892204542,720575940890090420,1
720575940892204542,720575940886540578,1
720575940892204542,720575940882393805,1
720575940892204542,720575940881055666,1
720575940891163574,720575940891164342,1
720575940891783335,720575940940386475,1
720575940892204542,720575940859648663,1
720575940892182782,720575940924431938,1
720575940892182782,720575940923272236,1
720575940892182782,720575940920044149,1
720575940892182782,720575940889249143,1
720575940892182782,720575940888793434,1
720575940891163574,720575940894664404,1
720575940892182782,720575940881936635,1
720575940891751079,720575940922709290,1
720575940891751079,720575940918775345,1
720575940891518756,720575940905050934,1
720575940891746215,720575940905043926,1
720575940891751079,720575940875116119,1
720575940891751079,720575940869443690,1
720575940891746215,720575940924431938,1
720575940891746215,720575940922949405,1
720575940891181902,720575940880896913,1
720575940891746215,720575940919029575,1
720575940891746215,720575940915256127,1
720575940891181902,720575940881935355,1
720575940891746215,720575940903193533,1
720575940891751079,720575940881607875,1
720575940891746215,720575940897460886,1
720575940891746215,720575940890939713,1
720575940891181902,720575940881936465,1
720575940891181902,720575940882077216,1
720575940891518756,720575940925790278,1
720575940891518756,720575940914014910,1
720575940891518756,720575940913491825,1
720575940891518756,720575940909767384,1
720575940891181902,720575940880875929,1
720575940891751079,720575940881935355,1
720575940891163574,720575940908782425,1
720575940891164342,720575940864403212,1
720575940891751079,720575940916016480,1
720575940891163574,720575940917429907,1
720575940891163574,720575940918770481,1
720575940891163574,720575940922958792,1
720575940891751079,720575940905061686,1
720575940891163574,720575940927109144,1
720575940891163574,720575940927208416,1
720575940891163574,720575940941124460,1
720575940891751079,720575940899153235,1
720575940891751079,720575940884108031,1
720575940891164342,720575940877555511,1
720575940891164342,720575940894647347,1
720575940891751079,720575940894143043,1
720575940891751079,720575940893395733,1
720575940891164342,720575940901384751,1
720575940891164342,720575940940380075,1
720575940891181902,720575940869533454,1
720575940891181902,720575940878312571,1
720575940893392149,720575940946223236,1
720575940890111288,720575940909393947,1
720575940893395733,720575940865475487,1
720575940889794145,720575940884057772,1
720575940889238903,720575940903188925,1
720575940894143299,720575940910624444,1
720575940889238903,720575940905050934,1
720575940889238903,720575940908781145,1
720575940894143299,720575940902671774,1
720575940894143299,720575940902624978,1
720575940894143299,720575940899782543,1
720575940894143299,720575940899398585,1
720575940894143299,720575940899153235,1
720575940894143299,720575940895353262,1
720575940894143299,720575940893408011,1
720575940889238903,720575940921986112,1
720575940889238903,720575940922795818,1
720575940889238903,720575940922957341,1
720575940889238903,720575940927215328,1
720575940889238903,720575940940386475,1
720575940889249143,720575940875854397,1
720575940889249143,720575940890939713,1
720575940889249143,720575940939715909,1
720575940889238903,720575940899861391,1
720575940894143299,720575940914883824,1
720575940894143299,720575940916016480,1
720575940889238903,720575940890962241,1
720575940889238903,720575940888799761,1
720575940894178664,720575940903414541,1
720575940894178664,720575940902518994,1
720575940894178664,720575940898432765,1
720575940894178664,720575940896736698,1
720575940894178664,720575940894142787,1
720575940894178664,720575940890107704,1
720575940894178664,720575940889924328,1
720575940894178664,720575940881974650,1
720575940894143299,720575940917422227,1
720575940894178664,720575940881055666,1
720575940894178664,720575940880850833,1
720575940894143555,720575940890118968,1
720575940894143299,720575940927248352,1
720575940894143299,720575940924182661,1
720575940889238903,720575940899256770,1
720575940894143299,720575940918990151,1
720575940894143299,720575940918750769,1
720575940894143299,720575940878916148,1
720575940889264869,720575940870685014,1
720575940889264869,720575940896732090,1
720575940894143043,720575940888793434,1
720575940894143043,720575940895353262,1
720575940894143043,720575940894647859,1
720575940894143043,720575940894178664,1
720575940894143043,720575940894142787,1
720575940889794145,720575940869443690,1
720575940894143043,720575940890107704,1
720575940894143043,720575940889728101,1
720575940894143043,720575940888799761,1
720575940894143043,720575940888793178,1
720575940889728101,720575940915967584,1
720575940889794145,720575940875843901,1
720575940894143043,720575940882124516,1
720575940889794145,720575940875854397,1
720575940894143043,720575940881055666,1
720575940894143043,720575940880875929,1
720575940894143043,720575940877501751,1
720575940889794145,720575940878957108,1
720575940889794145,720575940883201751,1
720575940889728101,720575940919632133,1
720575940894143043,720575940903188925,1
720575940894143043,720575940941106028,1
720575940894143043,720575940919632133,1
720575940894143043,720575940937857965,1
720575940889728101,720575940880875929,1
720575940894143043,720575940927215328,1
720575940894143043,720575940927208416,1
720575940894143043,720575940923001544,1
720575940889728101,720575940886540578,1
720575940889728101,720575940890134196,1
720575940889728101,720575940891183798,1
720575940889728101,720575940892205986,1
720575940889728101,720575940903370509,1
720575940889728101,720575940894664404,1
720575940889728101,720575940899281090,1
720575940894143043,720575940915531157,1
720575940889728101,720575940899283650,1
720575940889728101,720575940900963269,1
720575940889728101,720575940901960430,1
720575940889728101,720575940902629074,1
720575940894143043,720575940905042902,1
720575940889238903,720575940887194266,1
720575940894178664,720575940905081398,1
720575940889238903,720575940886540578,1
720575940889166262,720575940904120528,1
720575940894647347,720575940884108031,1
720575940894647347,720575940882128356,1
720575940894647347,720575940881974650,1
720575940894647347,720575940880372359,1
720575940894647347,720575940878916148,1
720575940894647347,720575940877555511,1
720575940894647347,720575940865475487,1
720575940894642900,720575940948987670,1
720575940889166262,720575940913573871,1
720575940894647347,720575940887194266,1
720575940894642900,720575940917866379,1
720575940889166262,720575940920054001,1
720575940889166262,720575940926223758,1
720575940894642900,720575940902624978,1
720575940894642900,720575940899861391,1
720575940894642900,720575940897365506,1
720575940894642900,720575940893156522,1
720575940894642900,720575940891196854,1
720575940894647347,720575940884939979,1
720575940894647347,720575940888731665,1
720575940889215863,720575940865475743,1
720575940894647347,720575940917852811,1
720575940888799761,720575940927244256,1
720575940894647859,720575940885432678,1
720575940894647859,720575940881935355,1
720575940894647859,720575940880005762,1
720575940894647859,720575940878312571,1
720575940894647859,720575940869352923,1
720575940888799761,720575940937857965,1
720575940894647347,720575940922949405,1
720575940894647347,720575940917780131,1
720575940894647347,720575940890111288,1
720575940894647347,720575940912535686,1
720575940894647347,720575940905043670,1
720575940894647347,720575940905042902,1
720575940889166262,720575940891783335,1
720575940889166262,720575940897454998,1
720575940894647347,720575940898432765,1
720575940894647347,720575940891164342,1
720575940894647347,720575940890939713,1
720575940894642900,720575940889924328,1
720575940894642900,720575940882552101,1
720575940889238903,720575940885432678,1
720575940894642644,720575940882552101,1
720575940894642644,720575940894647859,1
720575940894642644,720575940892205566,1
720575940889238903,720575940878312571,1
720575940894642644,720575940890962241,1
720575940889238903,720575940878955572,1
720575940894642644,720575940890111288,1
720575940894642644,720575940889794145,1
720575940889238903,720575940881974650,1
720575940889238903,720575940883197911,1
720575940894642644,720575940902703006,1
720575940894642644,720575940878326395,1
720575940894642644,720575940869443690,1
720575940894563284,720575940920044149,1
720575940894563284,720575940901971694,1
720575940894178664,720575940927109144,1
720575940894178664,720575940924431938,1
720575940894178664,720575940922949405,1
720575940894178664,720575940920881320,1
720575940889215863,720575940927184920,1
720575940894642644,720575940903414541,1
720575940894642900,720575940880839442,1
720575940894642644,720575940920037245,1
720575940889215863,720575940880875929,1
720575940889215863,720575940881055666,1
720575940889215863,720575940881935355,1
720575940894642644,720575940940380075,1
720575940889215863,720575940891183798,1
720575940894642644,720575940927215328,1
720575940889215863,720575940896736698,1
720575940894642644,720575940920881320,1
720575940889215863,720575940899153235,1
720575940889215863,720575940927109144,1
720575940889215863,720575940899283650,1
720575940894642644,720575940917407635,1
720575940889215863,720575940900956101,1
720575940889215863,720575940908781145,1
720575940894642644,720575940912929024,1
720575940889215863,720575940910624444,1
720575940889215863,720575940916016480,1
720575940889215863,720575940919029575,1
720575940894143043,720575940864403212,1
720575940889794145,720575940884925028,1
720575940893395733,720575940881607875,1
720575940889794145,720575940890107704,1
720575940893408011,720575940899283650,1
720575940893408011,720575940897460886,1
720575940893408011,720575940894647859,1
720575940890107704,720575940899432749,1
720575940893408011,720575940893122730,1
720575940890107704,720575940899433773,1
720575940893408011,720575940891163574,1
720575940893408011,720575940890134196,1
720575940893408011,720575940890108216,1
720575940893408011,720575940889924328,1
720575940890107704,720575940899434029,1
720575940893408011,720575940888793434,1
720575940893408011,720575940886931959,1
720575940890107704,720575940903188925,1
720575940890107704,720575940903414541,1
720575940893408011,720575940882160356,1
720575940890107704,720575940905042134,1
720575940890107704,720575940917407635,1
720575940893408011,720575940880372359,1
720575940890107704,720575940897454998,1
720575940890107704,720575940896872522,1
720575940893408011,720575940902624978,1
720575940890107704,720575940877555511,1
720575940893774059,720575940918750769,1
720575940893774059,720575940917852811,1
720575940893774059,720575940884976331,1
720575940893774059,720575940883866908,1
720575940893774059,720575940883201751,1
720575940890107704,720575940865467295,1
720575940893774059,720575940864403724,1
720575940890107704,720575940875116119,1
720575940890107704,720575940882061434,1
720575940890107704,720575940894142787,1
720575940893408011,720575940930897229,1
720575940890107704,720575940883198679,1
720575940890107704,720575940886574602,1
720575940893408011,720575940917852811,1
720575940893408011,720575940912535686,1
720575940893408011,720575940908781145,1
720575940890107704,720575940893395733,1
720575940893408011,720575940903679779,1
720575940890107704,720575940918311989,1
720575940890107704,720575940922957341,1
720575940893408011,720575940875116119,1
720575940893395733,720575940891164342,1
720575940893395733,720575940900956101,1
720575940893395733,720575940899281090,1
720575940893395733,720575940897454998,1
720575940893395733,720575940894178664,1
720575940893395733,720575940894142787,1
720575940893395733,720575940893386005,1
720575940893395733,720575940891183798,1
720575940893395733,720575940891181902,1
720575940893395733,720575940890962241,1
720575940893395733,720575940901960430,1
720575940893395733,720575940890939713,1
720575940890111288,720575940878326395,1
720575940893395733,720575940888793178,1
720575940893395733,720575940884728634,1
720575940890111288,720575940897454998,1
720575940893395733,720575940883905052,1
720575940893395733,720575940882672796,1
720575940893395733,720575940882160356,1
720575940893395733,720575940900963269,1
720575940893395733,720575940903679779,1
720575940890107704,720575940927184920,1
720575940890108216,720575940883198679,1
720575940893408011,720575940865475487,1
720575940893395733,720575940941089388,1
720575940893395733,720575940937857965,1
720575940890107704,720575940927244768,1
720575940893395733,720575940927109144,1
720575940890108216,720575940882160356,1
720575940893395733,720575940922709290,1
720575940893395733,720575940921992256,1
720575940893395733,720575940918750769,1
720575940893395733,720575940905061686,1
720575940893395733,720575940917429907,1
720575940893395733,720575940915967584,1
720575940893395733,720575940915676096,1
720575940890108216,720575940917098044,1
720575940893395733,720575940911411305,1
720575940893395733,720575940909769176,1
720575940893395733,720575940909393947,1
720575940893395733,720575940908781145,1
720575940890090420,720575940930897229,1
720575940890090420,720575940923001544,1
720575940893774059,720575940937857965,1
720575940894142787,720575940889728101,1
720575940889794145,720575940917407635,1
720575940889794145,720575940919600645,1
720575940889794145,720575940919622661,1
720575940894142787,720575940895267018,1
720575940889794145,720575940920881320,1
720575940889794145,720575940922957341,1
720575940894142787,720575940894143043,1
720575940889794145,720575940926223758,1
720575940894142787,720575940888793434,1
720575940889794145,720575940908782425,1
720575940894142787,720575940884976331,1
720575940894142787,720575940881935355,1
720575940889924328,720575940882672796,1
720575940894142787,720575940880875929,1
720575940894142787,720575940878957108,1
720575940889924328,720575940884015788,1
720575940889924328,720575940890108216,1
720575940889924328,720575940896872522,1
720575940889794145,720575940915256127,1
720575940894142787,720575940900033476,1
720575940889924328,720575940905050934,1
720575940894142787,720575940915967584,1
720575940894142787,720575940930873976,1
720575940889794145,720575940890134196,1
720575940894142787,720575940922949405,1
720575940889794145,720575940890962241,1
720575940889794145,720575940894664404,1
720575940894142787,720575940918750769,1
720575940894142787,720575940917429907,1
720575940894142787,720575940916236035,1
720575940889794145,720575940897454998,1
720575940889794145,720575940906113851,1
720575940889794145,720575940899861391,1
720575940889794145,720575940900956101,1
720575940889794145,720575940902703006,1
720575940894142787,720575940908782425,1
720575940889794145,720575940903414541,1
720575940894142787,720575940905081398,1
720575940894142787,720575940905043670,1
720575940889794145,720575940905043926,1
720575940894142787,720575940865475487,1
720575940894142787,720575940864403212,1
720575940890090420,720575940920833705,1
720575940893873415,720575940893156522,1
720575940893873415,720575940922957341,1
720575940893873415,720575940919632133,1
720575940893873415,720575940918314549,1
720575940890090420,720575940894143043,1
720575940893873415,720575940908781145,1
720575940890090420,720575940908781145,1
720575940890090420,720575940908782425,1
720575940893873415,720575940894143299,1
720575940893873415,720575940892205566,1
720575940893873415,720575940926223758,1
720575940893873415,720575940891196854,1
720575940890090420,720575940909393947,1
720575940893873415,720575940881936465,1
720575940893873415,720575940875854397,1
720575940890090420,720575940918815793,1
720575940893873415,720575940869443690,1
720575940893873415,720575940865475743,1
720575940893774059,720575940946223236,1
720575940893873415,720575940925826374,1
720575940893873415,720575940941124460,1
720575940894116163,720575940946223236,1
720575940894116163,720575940886574602,1
720575940894116163,720575940932846484,1
720575940894116163,720575940917531755,1
720575940894116163,720575940915967584,1
720575940894116163,720575940905081398,1
720575940894116163,720575940903751971,1
720575940894116163,720575940903414541,1
720575940894116163,720575940893949822,1
720575940894116163,720575940892204542,1
720575940894116163,720575940882672796,1
720575940893928949,720575940882103072,1
720575940894116163,720575940865467295,1
720575940893949822,720575940937221662,1
720575940890090420,720575940869443690,1
720575940893949822,720575940909802419,1
720575940893949822,720575940896872522,1
720575940890090420,720575940875116119,1
720575940893928949,720575940890939713,1
720575940893928949,720575940883198167,1
720575940884977867,720575940917429907,1
720575940899861391,720575940897365506,1
720575940899861391,720575940897454998,1
720575940882155492,720575940896736698,1
720575940882393805,720575940917531755,1
720575940882393805,720575940921478163,1
720575940882520101,720575940877555511,1
720575940908782425,720575940895353262,1
720575940908782425,720575940890962241,1
720575940908782425,720575940889215863,1
720575940908782425,720575940888793178,1
720575940908782425,720575940880837650,1
720575940908782425,720575940880005762,1
720575940908782425,720575940878955828,1
720575940908782425,720575940878955572,1
720575940908782425,720575940878326395,1
720575940908782425,720575940878325883,1
720575940908782425,720575940862564127,1
720575940882520101,720575940897460886,1
720575940908781145,720575940941124460,1
720575940908781145,720575940937862061,1
720575940908781145,720575940937221662,1
720575940908781145,720575940928343548,1
720575940908782425,720575940899434029,1
720575940882160356,720575940932846484,1
720575940908782425,720575940903113149,1
720575940882160356,720575940877146459,1
720575940882155492,720575940903193533,1
720575940882155492,720575940905042902,1
720575940882155492,720575940916016480,1
720575940882155492,720575940916236035,1
720575940882155492,720575940939715909,1
720575940908782425,720575940927215328,1
720575940908782425,720575940922957341,1
720575940908782425,720575940921986112,1
720575940882160356,720575940896872522,1
720575940908782425,720575940903188925,1
720575940882160356,720575940901717479,1
720575940908782425,720575940920027261,1
720575940908782425,720575940918815793,1
720575940908782425,720575940917531755,1
720575940908782425,720575940914883824,1
720575940908782425,720575940908386564,1
720575940908782425,720575940903751971,1
720575940908782425,720575940903414541,1
720575940908781145,720575940927248352,1
720575940908781145,720575940922958792,1
720575940908781145,720575940922949405,1
720575940908386564,720575940888731665,1
720575940882650524,720575940898861305,1
720575940908386564,720575940902703006,1
720575940908386564,720575940900033476,1
720575940908386564,720575940898432765,1
720575940908386564,720575940894143043,1
720575940908386564,720575940894142787,1
720575940908386564,720575940890107704,1
720575940882672796,720575940869352923,1
720575940882672796,720575940878955572,1
720575940908386564,720575940920833705,1
720575940908386564,720575940881055666,1
720575940908386564,720575940877501751,1
720575940882672796,720575940878955828,1
720575940908386564,720575940875843901,1
720575940908359172,720575940922949405,1
720575940882672796,720575940880005762,1
720575940908359172,720575940920037245,1
720575940908359172,720575940917429907,1
720575940882650524,720575940897341698,1
720575940908386564,720575940922709290,1
720575940882520101,720575940905050934,1
720575940908781145,720575940894647859,1
720575940908781145,720575940919622661,1
720575940908781145,720575940917852811,1
720575940908781145,720575940917531755,1
720575940908781145,720575940917429907,1
720575940882520101,720575940923272236,1
720575940908781145,720575940900963269,1
720575940908781145,720575940899433773,1
720575940882552101,720575940909767384,1
720575940908781145,720575940891181902,1
720575940908386564,720575940923001544,1
720575940908781145,720575940891163574,1
720575940882649500,720575940895711219,1
720575940908781145,720575940883905052,1
720575940908781145,720575940881936465,1
720575940908781145,720575940865475743,1
720575940882649500,720575940901994222,1
720575940908386564,720575940927208416,1
720575940908386564,720575940924431938,1
720575940882155492,720575940898432765,1
720575940909235164,720575940896736698,1
720575940905043670,720575940905043926,1
720575940909235164,720575940899861391,1
720575940909797811,720575940905041878,1
720575940909797811,720575940903415565,1
720575940909797811,720575940899861391,1
720575940882103072,720575940890741967,1
720575940882117920,720575940878325883,1
720575940909797811,720575940894662868,1
720575940882117920,720575940878955572,1
720575940882117920,720575940878955828,1
720575940909797811,720575940861407986,1
720575940882117920,720575940890018996,1
720575940882117920,720575940893395733,1
720575940909769176,720575940905050934,1
720575940882117920,720575940899433773,1
720575940882117920,720575940903113149,1
720575940882117920,720575940919632133,1
720575940909769176,720575940902629074,1
720575940909769176,720575940901384751,1
720575940909769176,720575940899282056,1
720575940909769176,720575940898432765,1
720575940882103072,720575940878947380,1
720575940909797811,720575940932846484,1
720575940910295881,720575940859648663,1
720575940910295881,720575940905041878,1
720575940910295881,720575940922957341,1
720575940882082080,720575940930897229,1
720575940910295881,720575940921478163,1
720575940910295881,720575940920037245,1
720575940910295881,720575940920027261,1
720575940910295881,720575940918815793,1
720575940910295881,720575940917853067,1
720575940910295881,720575940914883824,1
720575940910295881,720575940903113149,1
720575940910295881,720575940878955572,1
720575940910295881,720575940902624978,1
720575940910295881,720575940896872522,1
720575940910295881,720575940894662868,1
720575940910295881,720575940891185846,1
720575940910295881,720575940891183798,1
720575940882082080,720575940964330406,1
720575940910295881,720575940887194266,1
720575940910295881,720575940882672796,1
720575940909769176,720575940895281326,1
720575940909769176,720575940894143043,1
720575940882117920,720575940920894376,1
720575940909392923,720575940898432765,1
720575940909393947,720575940917429907,1
720575940909393947,720575940916299357,1
720575940891181902,720575940919029575,1
720575940882128356,720575940895267018,1
720575940909393947,720575940898432765,1
720575940909393947,720575940888731665,1
720575940909393947,720575940877501751,1
720575940882128356,720575940905043670,1
720575940909235164,720575940937869229,1
720575940882128356,720575940864403724,1
720575940882128356,720575940920037245,1
720575940909235164,720575940925826374,1
720575940882128356,720575940946223236,1
720575940909235164,720575940922795818,1
720575940882155492,720575940881974650,1
720575940909235164,720575940913511793,1
720575940909235164,720575940909767384,1
720575940882155492,720575940890118968,1
720575940909393947,720575940920044149,1
720575940909393947,720575940927208416,1
720575940882117920,720575940927184920,1
720575940882124516,720575940896732090,1
720575940909769176,720575940882155492,1
720575940909767384,720575940937869229,1
720575940882117920,720575940940386475,1
720575940909767384,720575940919029575,1
720575940882124516,720575940889264869,1
720575940909767384,720575940909235164,1
720575940909767384,720575940906113851,1
720575940909767384,720575940899283650,1
720575940882124516,720575940897460886,1
720575940909767128,720575940881567427,1
720575940909767384,720575940880839442,1
720575940909767128,720575940939716165,1
720575940909767128,720575940903414541,1
720575940909767128,720575940897365506,1
720575940909767128,720575940891518756,1
720575940882124516,720575940919622661,1
720575940909767128,720575940886458045,1
720575940882124516,720575940930905464,1
720575940908359172,720575940916236035,1
720575940908359172,720575940915676096,1
720575940882672796,720575940883198679,1
720575940908359172,720575940900963269,1
720575940905365705,720575940881935355,1
720575940883198679,720575940877146459,1
720575940905081398,720575940918750769,1
720575940905081398,720575940917429907,1
720575940905081398,720575940916016480,1
720575940883198679,720575940881974650,1
720575940883198679,720575940888793178,1
720575940883198679,720575940894116163,1
720575940905081398,720575940898821041,1
720575940883198679,720575940902634194,1
720575940883198679,720575940905081398,1
720575940883198679,720575940913491825,1
720575940883198679,720575940918311989,1
720575940883198679,720575940920054001,1
720575940883198679,720575940921525267,1
720575940883201751,720575940859648663,1
720575940905081398,720575940862564127,1
720575940905061686,720575940963340820,1
720575940883201751,720575940875854397,1
720575940883198167,720575940883734520,1
720575940905365705,720575940891181902,1
720575940905365705,720575940893395733,1
720575940905365705,720575940914883824,1
720575940883197911,720575940922949405,1
720575940883197911,720575940922957341,1
720575940905375945,720575940891518756,1
720575940905365705,720575940941089388,1
720575940905365705,720575940930905464,1
720575940905365705,720575940928343548,1
720575940905365705,720575940917852811,1
720575940905365705,720575940917429907,1
720575940905365705,720575940909769176,1
720575940905365705,720575940894142787,1
720575940905365705,720575940905081398,1
720575940905365705,720575940905050934,1
720575940883197911,720575940941089388,1
720575940905365705,720575940903188925,1
720575940905365705,720575940900956101,1
720575940883197911,720575940963340820,1
720575940883198167,720575940851375219,1
720575940883198167,720575940865160474,1
720575940905061686,720575940918750769,1
720575940905061686,720575940915967584,1
720575940905061686,720575940913491825,1
720575940905043670,720575940939716165,1
720575940905043926,720575940899433517,1
720575940905043926,720575940891185846,1
720575940905043926,720575940891184310,1
720575940883201751,720575940899282056,1
720575940905043926,720575940889794145,1
720575940905043926,720575940887194266,1
720575940905043926,720575940879773686,1
720575940905043926,720575940878955828,1
720575940905043670,720575940937869229,1
720575940883201751,720575940894178664,1
720575940905043670,720575940927244768,1
720575940905043670,720575940927184920,1
720575940905043670,720575940921478163,1
720575940883201751,720575940899432749,1
720575940883201751,720575940899433261,1
720575940905043670,720575940917780131,1
720575940905043670,720575940915253823,1
720575940905043670,720575940914883824,1
720575940905043926,720575940899433773,1
720575940905043926,720575940916236035,1
720575940883201751,720575940878326395,1
720575940905061686,720575940883729656,1
720575940905061686,720575940899283650,1
720575940905061686,720575940899153235,1
720575940905061686,720575940897460886,1
720575940905061686,720575940894143043,1
720575940905061686,720575940891783335,1
720575940905061686,720575940889238903,1
720575940905061686,720575940886540578,1
720575940905061686,720575940883905052,1
720575940905061686,720575940883198679,1
720575940883201751,720575940891783335,1
720575940905061686,720575940869443690,1
720575940905050934,720575940898432765,1
720575940905050934,720575940883900444,1
720575940905043926,720575940940386475,1
720575940905043926,720575940922795818,1
720575940883201751,720575940883198679,1
720575940905043926,720575940920037245,1
720575940883201751,720575940890962241,1
720575940905375945,720575940921525267,1
720575940906113851,720575940875116119,1
720575940906113851,720575940877555511,1
720575940907584340,720575940899282056,1
720575940907584340,720575940912535686,1
720575940882672796,720575940905041878,1
720575940882672796,720575940917852811,1
720575940907584340,720575940905061686,1
720575940907584340,720575940904086480,1
720575940907584340,720575940903679779,1
720575940882672796,720575940921478163,1
720575940882672796,720575940921525267,1
720575940882672796,720575940927244512,1
720575940907584340,720575940917852811,1
720575940907584340,720575940897460886,1
720575940907584340,720575940894647859,1
720575940907584340,720575940894143299,1
720575940907584340,720575940893408011,1
720575940907584340,720575940891185846,1
720575940882672796,720575940932846484,1
720575940882672796,720575940946223236,1
720575940882672796,720575940948987670,1
720575940907584340,720575940912929024,1
720575940907584340,720575940918750769,1
720575940883197911,720575940877555511,1
720575940908359172,720575940881936465,1
720575940908359172,720575940898432765,1
720575940908359172,720575940892204542,1
720575940908359172,720575940890245126,1
720575940908359172,720575940890018996,1
720575940908359172,720575940884057772,1
720575940908359172,720575940884051238,1
720575940882672796,720575940893156522,1
720575940882672796,720575940896732090,1
720575940908359172,720575940881935355,1
720575940907584340,720575940919632133,1
720575940908359172,720575940878326395,1
720575940908359172,720575940875843901,1
720575940907584340,720575940948987670,1
720575940882672796,720575940897341698,1
720575940882672796,720575940897365506,1
720575940907584340,720575940937848237,1
720575940907584340,720575940922709290,1
720575940882672796,720575940898432765,1
720575940883197911,720575940865475487,1
720575940907584340,720575940885432678,1
720575940883197911,720575940922795818,1
720575940906113851,720575940892204542,1
720575940883197911,720575940907584340,1
720575940906113851,720575940905042134,1
720575940906113851,720575940905041878,1
720575940906113851,720575940903414541,1
720575940906113851,720575940902634194,1
720575940906113851,720575940899433517,1
720575940906113851,720575940897454998,1
720575940906113851,720575940894647859,1
720575940906113851,720575940891518756,1
720575940906113851,720575940917852811,1
720575940906113851,720575940890107704,1
720575940906113851,720575940884925028,1
720575940906113851,720575940883905052,1
720575940906113851,720575940883901724,1
720575940906113851,720575940882160356,1
720575940906113851,720575940882128356,1
720575940906113851,720575940880875929,1
720575940906113851,720575940880005762,1
720575940906113851,720575940917780131,1
720575940906113851,720575940918311989,1
720575940883197911,720575940881935355,1
720575940883197911,720575940899281090,1
720575940907584340,720575940878312571,1
720575940906283251,720575940915256127,1
720575940906283251,720575940892205566,1
720575940906283251,720575940890107704,1
720575940883197911,720575940894664404,1
720575940906283251,720575940878957108,1
720575940883197911,720575940897454998,1
720575940883197911,720575940897460886,1
720575940906113851,720575940930905464,1
720575940906113851,720575940919029575,1
720575940906113851,720575940927248352,1
720575940906113851,720575940927244512,1
720575940883197911,720575940900234978,1
720575940883197911,720575940900956101,1
720575940883197911,720575940905041878,1
720575940883197911,720575940905042902,1
720575940906113851,720575940920027261,1
720575940883197911,720575940906113851,1
720575940910295881,720575940923272236,1
720575940910295881,720575940927244768,1
720575940910295881,720575940932846484,1
720575940913511793,720575940883198679,1
720575940914883824,720575940909769176,1
720575940881926778,720575940928343548,1
720575940881935185,720575940893156522,1
720575940881935185,720575940917407635,1
720575940914883824,720575940901384751,1
720575940914883824,720575940900033476,1
720575940914883824,720575940899281090,1
720575940914883824,720575940896736698,1
720575940914883824,720575940895281326,1
720575940881935185,720575940922957341,1
720575940914883824,720575940894178664,1
720575940914883824,720575940892615796,1
720575940914883824,720575940891518756,1
720575940914883824,720575940891163574,1
720575940881935185,720575940939715909,1
720575940881935355,720575940883900444,1
720575940914883824,720575940886853257,1
720575940914883824,720575940884728634,1
720575940914883824,720575940881935355,1
720575940914883824,720575940913491825,1
720575940914883824,720575940915684544,1
720575940881926778,720575940915256127,1
720575940915217983,720575940869443690,1
720575940881926778,720575940894662868,1
720575940915217983,720575940900033476,1
720575940915217983,720575940899861391,1
720575940881926778,720575940897365506,1
720575940881926778,720575940900963269,1
720575940881926778,720575940902363320,1
720575940915217983,720575940888793434,1
720575940915217983,720575940880875929,1
720575940915217983,720575940865475743,1
720575940914883824,720575940919632133,1
720575940915217983,720575940865475487,1
720575940881926778,720575940912929024,1
720575940881926778,720575940915253823,1
720575940914883824,720575940941106028,1
720575940914883824,720575940941089388,1
720575940914883824,720575940939715909,1
720575940914883824,720575940927208416,1
720575940914883824,720575940923272236,1
720575940914883824,720575940881607875,1
720575940881935355,720575940884925028,1
720575940914883824,720575940870685014,1
720575940913573871,720575940881974650,1
720575940881936465,720575940884031660,1
720575940913573871,720575940906113851,1
720575940913573871,720575940899433517,1
720575940913573871,720575940891783335,1
720575940913573871,720575940890704372,1
720575940913573871,720575940888731665,1
720575940913573871,720575940887194266,1
720575940881936465,720575940896702138,1
720575940913511793,720575940922795818,1
720575940881935355,720575940939715909,1
720575940913511793,720575940917866379,1
720575940913511793,720575940917422227,1
720575940913511793,720575940903996112,1
720575940913511793,720575940893156522,1
720575940881936465,720575940899433517,1
720575940881936465,720575940899434029,1
720575940881936465,720575940899782543,1
720575940913511793,720575940883905308,1
720575940913573871,720575940927244256,1
720575940914869232,720575940880839442,1
720575940914883824,720575940869443690,1
720575940914869232,720575940902634194,1
720575940914883824,720575940865475743,1
720575940914883824,720575940865475487,1
720575940914869232,720575940939715909,1
720575940914869232,720575940937869229,1
720575940914869232,720575940926223758,1
720575940881935355,720575940890090420,1
720575940881935355,720575940899153235,1
720575940914869232,720575940917407635,1
720575940914869232,720575940900956101,1
720575940914869232,720575940881935355,1
720575940881935355,720575940915253823,1
720575940881935355,720575940915256127,1
720575940881935355,720575940915967584,1
720575940914869232,720575940893122730,1
720575940914869232,720575940891518756,1
720575940881935355,720575940917098044,1
720575940881935355,720575940922765354,1
720575940914869232,720575940881936465,1
720575940915217983,720575940916236035,1
720575940915217983,720575940917852811,1
720575940915217983,720575940920456848,1
720575940915256127,720575940939715909,1
720575940915531157,720575940889924328,1
720575940915531157,720575940884145919,1
720575940915531157,720575940881607875,1
720575940915531157,720575940880875929,1
720575940915531157,720575940878916148,1
720575940915531157,720575940877501751,1
720575940915281053,720575940890018996,1
720575940915281053,720575940883900700,1
720575940915256127,720575940927244768,1
720575940881918801,720575940888793434,1
720575940915256127,720575940927244256,1
720575940915256127,720575940918815793,1
720575940915256127,720575940909802419,1
720575940915256127,720575940905042902,1
720575940881918801,720575940902518994,1
720575940881918801,720575940903414541,1
720575940915256127,720575940903188925,1
720575940915256127,720575940899432749,1
720575940881918801,720575940890107704,1
720575940915531157,720575940894178664,1
720575940881918801,720575940905042902,1
720575940915531157,720575940946223236,1
720575940915684544,720575940890134196,1
720575940881607875,720575940920456848,1
720575940915684544,720575940881935355,1
720575940915684544,720575940875854397,1
720575940915684544,720575940875843901,1
720575940881607875,720575940937857965,1
720575940915684544,720575940865475743,1
720575940881607875,720575940941089388,1
720575940915531157,720575940928343548,1
720575940881918801,720575940881055666,1
720575940881607875,720575940946223236,1
720575940915531157,720575940917852811,1
720575940881869307,720575940963340820,1
720575940881918801,720575940865160474,1
720575940915531157,720575940903679779,1
720575940915531157,720575940903370509,1
720575940915531157,720575940899782543,1
720575940915531157,720575940899281090,1
720575940915256127,720575940897454998,1
720575940915256127,720575940890111288,1
720575940915217983,720575940922709290,1
720575940915253823,720575940878955828,1
720575940915253823,720575940894142787,1
720575940915253823,720575940891783335,1
720575940881926778,720575940877146203,1
720575940915253823,720575940883905052,1
720575940915253823,720575940883729656,1
720575940915253823,720575940882672796,1
720575940915253823,720575940880839442,1
720575940915253823,720575940878956340,1
720575940881926778,720575940880839442,1
720575940915253823,720575940899281090,1
720575940881926778,720575940882160356,1
720575940881926778,720575940882552101,1
720575940881926778,720575940883197911,1
720575940915217983,720575940939715909,1
720575940881926778,720575940892205566,1
720575940881926778,720575940893156522,1
720575940915217983,720575940923001800,1
720575940915217983,720575940923001544,1
720575940915253823,720575940894143299,1
720575940915253823,720575940899433261,1
720575940915256127,720575940890107704,1
720575940915256127,720575940864403212,1
720575940915256127,720575940886540578,1
720575940881918801,720575940905043926,1
720575940915256127,720575940882160356,1
720575940881918801,720575940905365705,1
720575940915256127,720575940878955828,1
720575940915256127,720575940878326395,1
720575940915256127,720575940869533454,1
720575940915256127,720575940869443690,1
720575940915253823,720575940939715909,1
720575940915253823,720575940899433773,1
720575940915253823,720575940937856941,1
720575940915253823,720575940927244768,1
720575940881918801,720575940908782425,1
720575940915253823,720575940920037245,1
720575940881918801,720575940910295881,1
720575940915253823,720575940915676096,1
720575940881918801,720575940916016480,1
720575940915253823,720575940901384751,1
720575940913511793,720575940883901724,1
720575940913511793,720575940882160356,1
720575940910295881,720575940937856941,1
720575940913511793,720575940871523385,1
720575940911489471,720575940874972385,1
720575940911489471,720575940869443690,1
720575940882077216,720575940883729656,1
720575940882077216,720575940887087578,1
720575940911411305,720575940918288693,1
720575940882077216,720575940889924328,1
720575940882077216,720575940891163574,1
720575940911411305,720575940891783335,1
720575940882077216,720575940893408011,1
720575940911411305,720575940865475743,1
720575940910952353,720575940922949405,1
720575940882077216,720575940897460886,1
720575940910952353,720575940917407635,1
720575940882077216,720575940899283650,1
720575940910952353,720575940903193533,1
720575940910952353,720575940900033476,1
720575940882077216,720575940903679779,1
720575940910952353,720575940884057772,1
720575940910952353,720575940882155492,1
720575940911489471,720575940875116119,1
720575940882077216,720575940881936465,1
720575940911489471,720575940881607875,1
720575940911489471,720575940917852811,1
720575940882077216,720575940875116119,1
720575940912535686,720575940877146203,1
720575940912535686,720575940875116119,1
720575940911489471,720575940941106028,1
720575940911489471,720575940937857965,1
720575940882077216,720575940878916148,1
720575940882077216,720575940881926778,1
720575940911489471,720575940918750769,1
720575940911489471,720575940912535686,1
720575940911489471,720575940881935355,1
720575940882077216,720575940881935355,1
720575940911489471,720575940909769176,1
720575940911489471,720575940900234978,1
720575940911489471,720575940897460886,1
720575940911489471,720575940888799761,1
720575940911489471,720575940888731665,1
720575940911489471,720575940883197911,1
720575940911489471,720575940882061434,1
720575940910952353,720575940882117920,1
720575940910624444,720575940948987670,1
720575940910624444,720575940930905464,1
720575940882082080,720575940908782425,1
720575940882082080,720575940888793178,1
720575940910624444,720575940891163574,1
720575940882082080,720575940888799761,1
720575940910624444,720575940888793434,1
720575940882082080,720575940896736698,1
720575940910624444,720575940882124516,1
720575940882082080,720575940900963269,1
720575940882082080,720575940903193533,1
720575940882082080,720575940916236035,1
720575940882082080,720575940882117920,1
720575940882082080,720575940923272236,1
720575940910607129,720575940919632133,1
720575940910607129,720575940903113149,1
720575940910607129,720575940899861391,1
720575940910607129,720575940899433261,1
720575940910607129,720575940878955828,1
720575940910607129,720575940875843901,1
720575940910607129,720575940869352923,1
720575940882082080,720575940883201751,1
720575940910624444,720575940897460886,1
720575940910624444,720575940927248352,1
720575940882077216,720575940930897229,1
720575940910624444,720575940927215328,1
720575940882077216,720575940919622661,1
720575940910624444,720575940917866379,1
720575940910624444,720575940917780131,1
720575940910624444,720575940916016480,1
720575940910624444,720575940914883824,1
720575940882077216,720575940927109144,1
720575940882077216,720575940927215328,1
720575940882077216,720575940937857965,1
720575940910624444,720575940899281090,1
720575940910624444,720575940903193533,1
720575940882077216,720575940939715909,1
720575940910624444,720575940902629074,1
720575940882082080,720575940864403212,1
720575940882082080,720575940875843901,1
720575940910624444,720575940899782543,1
720575940882082080,720575940875854397,1
720575940882082080,720575940878326395,1
720575940882077216,720575940869443690,1
720575940912535686,720575940882061434,1
720575940882077216,720575940865475487,1
720575940881936635,720575940884015788,1
720575940881936635,720575940882160356,1
720575940912929024,720575940900956101,1
720575940912929024,720575940900033476,1
720575940912929024,720575940899398585,1
720575940912929024,720575940897454998,1
720575940912929024,720575940892204542,1
720575940912929024,720575940891783335,1
720575940912929024,720575940891518756,1
720575940912929024,720575940891163574,1
720575940912929024,720575940905043670,1
720575940912929024,720575940890939713,1
720575940912929024,720575940886931959,1
720575940881936635,720575940886540578,1
720575940912929024,720575940884925028,1
720575940881936635,720575940890118968,1
720575940881936635,720575940894664201,1
720575940912929024,720575940880005762,1
720575940912929024,720575940877146203,1
720575940912929024,720575940903414541,1
720575940912929024,720575940915253823,1
720575940912591238,720575940941106028,1
720575940912929024,720575940922949405,1
720575940913511793,720575940871491897,1
720575940913491825,720575940905050934,1
720575940913491825,720575940900033476,1
720575940912929024,720575940946223236,1
720575940881936465,720575940915256127,1
720575940912929024,720575940932846484,1
720575940912929024,720575940927244768,1
720575940881936465,720575940918815793,1
720575940912929024,720575940922795818,1
720575940912929024,720575940915256127,1
720575940912929024,720575940921992256,1
720575940912929024,720575940921986112,1
720575940881936465,720575940922795818,1
720575940881936465,720575940939715909,1
720575940912929024,720575940919029575,1
720575940912929024,720575940918311989,1
720575940881936635,720575940878955572,1
720575940912929024,720575940916299357,1
720575940912929024,720575940859648663,1
720575940912591238,720575940937857965,1
720575940912535686,720575940888793434,1
720575940912535686,720575940913491825,1
720575940912591238,720575940865160474,1
720575940912535686,720575940940380075,1
720575940882061434,720575940897460886,1
720575940882061434,720575940899861391,1
720575940912535686,720575940927109144,1
720575940882061434,720575940909769176,1
720575940912535686,720575940916016480,1
720575940912535686,720575940915217983,1
720575940912535686,720575940909797811,1
720575940912591238,720575940880850833,1
720575940912535686,720575940905043926,1
720575940882061434,720575940912929024,1
720575940882061434,720575940916236035,1
720575940912535686,720575940903679779,1
720575940912535686,720575940895353262,1
720575940912535686,720575940894143043,1
720575940912535686,720575940891185846,1
720575940912535686,720575940891181902,1
720575940912591238,720575940875843901,1
720575940882061434,720575940894142787,1
720575940912591238,720575940937221662,1
720575940912591238,720575940916016480,1
720575940912591238,720575940920456848,1
720575940912591238,720575940920044149,1
720575940912591238,720575940919029575,1
720575940912591238,720575940918815793,1
720575940912591238,720575940918314549,1
720575940912591238,720575940917852811,1
720575940912591238,720575940917429907,1
720575940881974650,720575940881918801,1
720575940912591238,720575940913491825,1
720575940882061434,720575940888799761,1
720575940912591238,720575940908386564,1
720575940912591238,720575940905043670,1
720575940881974650,720575940902518994,1
720575940882061434,720575940865475487,1
720575940882061434,720575940884976331,1
720575940912591238,720575940899282056,1
720575940912591238,720575940898432765,1
720575940912591238,720575940896736698,1
720575940905043670,720575940909769176,1
720575940905043670,720575940904086480,1
720575940899861391,720575940899281090,1
720575940884057772,720575940886540578,1
720575940884108031,720575940875116119,1
720575940902363320,720575940912929024,1
720575940902363320,720575940903996112,1
720575940902363320,720575940896872522,1
720575940902363320,720575940893122730,1
720575940884108031,720575940875843901,1
720575940884108031,720575940881607875,1
720575940902363320,720575940881926778,1
720575940884108031,720575940882155492,1
720575940902363320,720575940877146459,1
720575940884108031,720575940885432678,1
720575940884108031,720575940888793434,1
720575940884108031,720575940890090420,1
720575940884108031,720575940890107704,1
720575940901960430,720575940963340820,1
720575940884108031,720575940890245126,1
720575940901960430,720575940937240862,1
720575940884108031,720575940891751079,1
720575940901960430,720575940927184920,1
720575940902363320,720575940922957341,1
720575940884057772,720575940940386475,1
720575940902363320,720575940941124460,1
720575940902624978,720575940888793434,1
720575940884057772,720575940892204542,1
720575940902624978,720575940900033476,1
720575940884057772,720575940899433005,1
720575940902624978,720575940899153235,1
720575940902624978,720575940897460886,1
720575940902624978,720575940894143299,1
720575940884057772,720575940899433261,1
720575940902624978,720575940890962241,1
720575940902624978,720575940885432678,1
720575940902518994,720575940881974650,1
720575940902624978,720575940881935355,1
720575940884057772,720575940917531755,1
720575940902618322,720575940909802419,1
720575940902618322,720575940905050934,1
720575940902618322,720575940902634194,1
720575940902618322,720575940900244450,1
720575940902618322,720575940890741967,1
720575940902618322,720575940889249143,1
720575940884108031,720575940896736698,1
720575940884108031,720575940902629074,1
720575940901960430,720575940922957341,1
720575940901384751,720575940927248352,1
720575940901960430,720575940889238903,1
720575940884145919,720575940864403212,1
720575940901960430,720575940880875929,1
720575940901960430,720575940875854397,1
720575940884145919,720575940880875929,1
720575940884145919,720575940882160356,1
720575940901384751,720575940937862061,1
720575940901384751,720575940930905464,1
720575940901384751,720575940927184920,1
720575940901960430,720575940891751079,1
720575940901384751,720575940924182661,1
720575940901384751,720575940922958792,1
720575940901384751,720575940922795818,1
720575940901384751,720575940919632133,1
720575940901384751,720575940919622661,1
720575940901384751,720575940919045143,1
720575940901384751,720575940918770481,1
720575940901384751,720575940918750769,1
720575940901960430,720575940891185846,1
720575940901960430,720575940892205566,1
720575940901960430,720575940920456848,1
720575940901960430,720575940905081398,1
720575940901960430,720575940919632133,1
720575940884108031,720575940905043926,1
720575940901960430,720575940917407635,1
720575940901960430,720575940916236035,1
720575940901960430,720575940916016480,1
720575940901960430,720575940915967584,1
720575940901960430,720575940910295881,1
720575940901960430,720575940906113851,1
720575940901960430,720575940905042902,1
720575940884108031,720575940937221662,1
720575940884108031,720575940920062581,1
720575940901960430,720575940903188925,1
720575940884108031,720575940922949405,1
720575940901960430,720575940900956101,1
720575940901960430,720575940899153235,1
720575940884108031,720575940924436802,1
720575940884108031,720575940928343548,1
720575940884108031,720575940930873976,1
720575940902624978,720575940900963269,1
720575940902624978,720575940903751971,1
720575940905043670,720575940902703006,1
720575940902624978,720575940905043926,1
720575940884032172,720575940912929024,1
720575940902671774,720575940886931959,1
720575940884032172,720575940927109144,1
720575940902671774,720575940880839442,1
720575940884032172,720575940939715909,1
720575940902671774,720575940878916148,1
720575940884051238,720575940875843901,1
720575940902671774,720575940877555511,1
720575940902671774,720575940871491897,1
720575940884051238,720575940877146459,1
720575940884051238,720575940881936465,1
720575940902671774,720575940864403724,1
720575940902671774,720575940862564127,1
720575940902634194,720575940927244512,1
720575940902634194,720575940920037245,1
720575940902634194,720575940920027261,1
720575940902634194,720575940905050934,1
720575940902634194,720575940901384751,1
720575940902634194,720575940895281326,1
720575940902671774,720575940889924328,1
720575940902671774,720575940890108216,1
720575940884032172,720575940908782425,1
720575940902671774,720575940915217983,1
720575940902680734,720575940881936465,1
720575940902680734,720575940874972385,1
720575940902671774,720575940937857965,1
720575940902671774,720575940927109144,1
720575940902671774,720575940919029575,1
720575940902671774,720575940918314549,1
720575940884031660,720575940928343548,1
720575940902671774,720575940916236035,1
720575940902671774,720575940908781145,1
720575940884032172,720575940905050934,1
720575940884032172,720575940881936465,1
720575940902671774,720575940905043670,1
720575940884032172,720575940883201751,1
720575940884032172,720575940888793434,1
720575940884032172,720575940897365506,1
720575940902671774,720575940897460886,1
720575940884032172,720575940900963269,1
720575940884032172,720575940903415565,1
720575940902634194,720575940889924328,1
720575940902634194,720575940881844049,1
720575940902634194,720575940864403724,1
720575940902624978,720575940922709290,1
720575940902629074,720575940871523385,1
720575940902629074,720575940869443690,1
720575940902629074,720575940865475487,1
720575940902624978,720575940941124460,1
720575940884051238,720575940924182661,1
720575940902624978,720575940927109144,1
720575940884057772,720575940878325883,1
720575940902624978,720575940922949405,1
720575940902624978,720575940919632133,1
720575940902629074,720575940883905052,1
720575940884057772,720575940878955572,1
720575940902624978,720575940917531755,1
720575940902624978,720575940917422227,1
720575940902624978,720575940916236035,1
720575940902624978,720575940914883824,1
720575940884057772,720575940882117920,1
720575940902624978,720575940908386564,1
720575940884057772,720575940883201751,1
720575940902629074,720575940877555511,1
720575940902629074,720575940886540578,1
720575940902634194,720575940859648663,1
720575940902629074,720575940921478163,1
720575940902629074,720575940946223236,1
720575940902629074,720575940940386475,1
720575940902629074,720575940939716165,1
720575940902629074,720575940939715909,1
720575940902629074,720575940937869229,1
720575940902629074,720575940937221662,1
720575940884051238,720575940902680734,1
720575940884051238,720575940903414541,1
720575940902629074,720575940920881320,1
720575940902629074,720575940891783079,1
720575940884051238,720575940903415565,1
720575940902629074,720575940917531755,1
720575940902629074,720575940909797811,1
720575940884051238,720575940909393947,1
720575940902629074,720575940899356801,1
720575940902629074,720575940894664404,1
720575940884051238,720575940922957341,1
720575940902629074,720575940891783335,1
720575940901384751,720575940917780131,1
720575940901384751,720575940917531755,1
720575940884145919,720575940891163574,1
720575940884145919,720575940891164342,1
720575940900287353,720575940870685014,1
720575940900244450,720575940937221662,1
720575940900244450,720575940924431938,1
720575940900244450,720575940905050934,1
720575940900244450,720575940894664201,1
720575940900244450,720575940890939713,1
720575940900244450,720575940889249143,1
720575940900234978,720575940915967584,1
720575940900234978,720575940883901724,1
720575940900234978,720575940865475487,1
720575940900233186,720575940927244768,1
720575940900233186,720575940922949405,1
720575940900233186,720575940917531755,1
720575940900233186,720575940916016480,1
720575940884925028,720575940899433261,1
720575940900233186,720575940899282056,1
720575940884925028,720575940903751971,1
720575940900233186,720575940890939713,1
720575940900233186,720575940888731665,1
720575940884925028,720575940890111288,1
720575940884925028,720575940885432678,1
720575940900287353,720575940891181902,1
720575940900956101,720575940875843901,1
720575940900956101,720575940881936465,1
720575940900956101,720575940881918801,1
720575940900956101,720575940880839442,1
720575940900956101,720575940880372359,1
720575940900956101,720575940878956340,1
720575940900956101,720575940878955572,1
720575940900956101,720575940878326395,1
720575940900956101,720575940875854397,1
720575940900956101,720575940859648663,1
720575940884925028,720575940882117920,1
720575940884728634,720575940937869229,1
720575940884728634,720575940940380075,1
720575940884728634,720575940941106028,1
720575940900287353,720575940928343548,1
720575940900287353,720575940919632133,1
720575940900287353,720575940907584340,1
720575940900287353,720575940905043670,1
720575940884925028,720575940878955828,1
720575940884925028,720575940905042134,1
720575940884925028,720575940909797811,1
720575940900233186,720575940881055666,1
720575940884977867,720575940884939979,1
720575940899861391,720575940925826374,1
720575940899861391,720575940923272236,1
720575940899861391,720575940922957341,1
720575940884976331,720575940930873976,1
720575940884977867,720575940869352923,1
720575940884977867,720575940877555511,1
720575940884977867,720575940881607875,1
720575940899861391,720575940917852811,1
720575940899861391,720575940916236035,1
720575940884976331,720575940895267018,1
720575940899861391,720575940913573871,1
720575940884977867,720575940891185846,1
720575940884977867,720575940894647859,1
720575940899861391,720575940905043670,1
720575940884977867,720575940902634194,1
720575940899861391,720575940903113149,1
720575940899861391,720575940902624978,1
720575940899861391,720575940901960430,1
720575940899861391,720575940927184920,1
720575940899861391,720575940928343548,1
720575940884925028,720575940918815793,1
720575940884976331,720575940864403724,1
720575940900033476,720575940937862061,1
720575940900033476,720575940937221662,1
720575940900033476,720575940927244768,1
720575940900033476,720575940921992256,1
720575940884925028,720575940920027261,1
720575940884925028,720575940920037245,1
720575940900033476,720575940920027261,1
720575940900033476,720575940913491825,1
720575940900033476,720575940894142787,1
720575940884976331,720575940894662868,1
720575940884976331,720575940877501751,1
720575940900033476,720575940893156522,1
720575940900033476,720575940891184310,1
720575940900033476,720575940890111288,1
720575940884976331,720575940889238903,1
720575940884976331,720575940894142787,1
720575940900033476,720575940865475743,1
720575940899861391,720575940948987670,1
720575940900956101,720575940882160356,1
720575940900956101,720575940883197911,1
720575940900956101,720575940883905052,1
720575940901384751,720575940877501751,1
720575940901384751,720575940888793178,1
720575940901384751,720575940888731665,1
720575940901384751,720575940886540578,1
720575940901384751,720575940884057772,1
720575940884145919,720575940919029575,1
720575940901384751,720575940880850833,1
720575940901384751,720575940880005762,1
720575940884145919,720575940937862061,1
720575940884145919,720575940946223236,1
720575940901384751,720575940890245126,1
720575940901384751,720575940870685014,1
720575940901384751,720575940869443690,1
720575940900963269,720575940919632133,1
720575940884728634,720575940881935355,1
720575940884728634,720575940886540578,1
720575940884728634,720575940889238903,1
720575940900963269,720575940890134196,1
720575940900963269,720575940884031660,1
720575940884145919,720575940917422227,1
720575940901384751,720575940890939713,1
720575940900963269,720575940881935355,1
720575940901384751,720575940903370509,1
720575940901384751,720575940910607129,1
720575940901384751,720575940909393947,1
720575940901384751,720575940905050934,1
720575940884145919,720575940894664404,1
720575940901384751,720575940905043670,1
720575940901384751,720575940905042902,1
720575940901384751,720575940903751971,1
720575940884145919,720575940895353262,1
720575940901384751,720575940899432749,1
720575940901384751,720575940891183798,1
720575940901384751,720575940896736698,1
720575940901384751,720575940895353262,1
720575940901384751,720575940895281326,1
720575940884145919,720575940905043670,1
720575940901384751,720575940894647347,1
720575940884145919,720575940905061686,1
720575940901384751,720575940894143299,1
720575940901384751,720575940893395733,1
720575940900963269,720575940882672796,1
720575940900963269,720575940880837650,1
720575940884728634,720575940920037245,1
720575940900956101,720575940899433517,1
720575940884728634,720575940905042902,1
720575940900956101,720575940903751971,1
720575940884728634,720575940909769176,1
720575940884728634,720575940909797811,1
720575940884728634,720575940917429907,1
720575940900956101,720575940902624978,1
720575940900956101,720575940900963269,1
720575940900956101,720575940899433773,1
720575940900956101,720575940897454998,1
720575940900956101,720575940912929024,1
720575940900956101,720575940896702138,1
720575940884728634,720575940919632133,1
720575940900956101,720575940892205986,1
720575940900956101,720575940892205566,1
720575940900956101,720575940891183798,1
720575940900956101,720575940890111288,1
720575940900956101,720575940890108216,1
720575940884728634,720575940920027261,1
720575940900956101,720575940910295881,1
720575940884728634,720575940899782543,1
720575940900963269,720575940878326395,1
720575940900956101,720575940930905464,1
720575940900963269,720575940875854397,1
720575940900956101,720575940948987670,1
720575940900956101,720575940946223236,1
720575940900956101,720575940939715909,1
720575940900956101,720575940937862061,1
720575940900956101,720575940937857965,1
720575940900956101,720575940937240862,1
720575940900956101,720575940932846484,1
720575940900956101,720575940927244768,1
720575940900956101,720575940915684544,1
720575940900956101,720575940927109144,1
720575940884728634,720575940891183798,1
720575940900956101,720575940921986112,1
720575940884728634,720575940891185846,1
720575940900956101,720575940919029575,1
720575940884728634,720575940899283650,1
720575940884728634,720575940899398585,1
720575940900956101,720575940916299357,1
720575940902680734,720575940884939979,1
720575940902680734,720575940885432678,1
720575940902680734,720575940890018996,1
720575940903751971,720575940881974650,1
720575940905014486,720575940894143299,1
720575940905014486,720575940891185846,1
720575940883729656,720575940927184920,1
720575940883729656,720575940932846484,1
720575940905014486,720575940878312571,1
720575940904258003,720575940925826374,1
720575940883734520,720575940902518994,1
720575940883734520,720575940918311989,1
720575940904086480,720575940922709290,1
720575940904086480,720575940920044149,1
720575940904086480,720575940919622661,1
720575940904086480,720575940918750769,1
720575940883866908,720575940882155492,1
720575940904086480,720575940909769176,1
720575940883866908,720575940884057772,1
720575940883866908,720575940884108031,1
720575940904086480,720575940902629074,1
720575940904086480,720575940899782543,1
720575940904086480,720575940895267018,1
720575940883729656,720575940921986112,1
720575940883729656,720575940920062581,1
720575940883729656,720575940920027261,1
720575940905014486,720575940936679190,1
720575940905014742,720575940882552101,1
720575940905014742,720575940881936465,1
720575940905014742,720575940880838162,1
720575940905014742,720575940880005762,1
720575940905014742,720575940875843901,1
720575940883729656,720575940910607129,1
720575940883729656,720575940914883824,1
720575940905014486,720575940937240862,1
720575940905014486,720575940922957341,1
720575940905014486,720575940899861391,1
720575940905014486,720575940921525267,1
720575940883729656,720575940917852811,1
720575940905014486,720575940917407635,1
720575940905014486,720575940916236035,1
720575940905014486,720575940910295881,1
720575940905014486,720575940905042902,1
720575940883729656,720575940919029575,1
720575940883729656,720575940919622661,1
720575940904086480,720575940894647347,1
720575940904086480,720575940894143043,1
720575940904086480,720575940893774059,1
720575940903751971,720575940917407635,1
720575940883900444,720575940890939713,1
720575940883900444,720575940905050934,1
720575940903996112,720575940859648663,1
720575940903751971,720575940948987670,1
720575940903751971,720575940933768470,1
720575940883900444,720575940917098044,1
720575940903751971,720575940922957341,1
720575940903751971,720575940917531755,1
720575940883901724,720575940880837650,1
720575940903996112,720575940882672796,1
720575940883901724,720575940881935185,1
720575940903751971,720575940899432749,1
720575940903751971,720575940890111288,1
720575940903751971,720575940888799761,1
720575940903751971,720575940888731665,1
720575940903751971,720575940887087578,1
720575940903751971,720575940886458045,1
720575940903751971,720575940885432678,1
720575940883866908,720575940946223236,1
720575940903996112,720575940888731665,1
720575940904086480,720575940893395733,1
720575940903996112,720575940940386475,1
720575940904086480,720575940891181902,1
720575940904086480,720575940890111288,1
720575940904086480,720575940890107704,1
720575940883866908,720575940894142787,1
720575940904086480,720575940888731665,1
720575940883866908,720575940897460886,1
720575940883866908,720575940899153235,1
720575940904086480,720575940865475487,1
720575940903996112,720575940937856941,1
720575940903996112,720575940891184310,1
720575940883866908,720575940915684544,1
720575940903996112,720575940920027261,1
720575940903996112,720575940919632133,1
720575940903996112,720575940905041878,1
720575940903996112,720575940899432749,1
720575940903996112,720575940898432765,1
720575940903996112,720575940892205566,1
720575940883866908,720575940921986112,1
720575940883729656,720575940902703006,1
720575940905014742,720575940890118968,1
720575940883729656,720575940902629074,1
720575940905042902,720575940917407635,1
720575940905042902,720575940927184920,1
720575940883201751,720575940917853067,1
720575940883201751,720575940921478163,1
720575940905042902,720575940920027261,1
720575940883201751,720575940922709290,1
720575940905042902,720575940918815793,1
720575940905042902,720575940917780131,1
720575940883201751,720575940922957341,1
720575940905042902,720575940915253823,1
720575940905042902,720575940927244768,1
720575940905042902,720575940912929024,1
720575940905042902,720575940909797811,1
720575940905042902,720575940909769176,1
720575940905042902,720575940905014486,1
720575940905042902,720575940903751971,1
720575940905042902,720575940903414541,1
720575940905042902,720575940900033476,1
720575940905042902,720575940899433773,1
720575940905042902,720575940927244256,1
720575940905042902,720575940939715909,1
720575940905042902,720575940897365506,1
720575940905043670,720575940890118968,1
720575940905043670,720575940900033476,1
720575940905043670,720575940899433773,1
720575940905043670,720575940899432749,1
720575940905043670,720575940899291016,1
720575940905043670,720575940894143043,1
720575940883201751,720575940909797811,1
720575940905043670,720575940891183798,1
720575940905043670,720575940890134196,1
720575940905043670,720575940886540578,1
720575940905042902,720575940939716165,1
720575940905043670,720575940882117920,1
720575940905043670,720575940881936465,1
720575940905043670,720575940881607875,1
720575940905043670,720575940878956340,1
720575940905043670,720575940878955828,1
720575940905043670,720575940878916148,1
720575940905043670,720575940869352923,1
720575940905042902,720575940941106028,1
720575940905042902,720575940899433517,1
720575940905042902,720575940894178664,1
720575940905014742,720575940891163574,1
720575940905014742,720575940917866379,1
720575940905041878,720575940903113149,1
720575940905041878,720575940893156522,1
720575940905041878,720575940892204542,1
720575940905041878,720575940877146203,1
720575940905041878,720575940859648663,1
720575940883729656,720575940891164342,1
720575940883729656,720575940891185846,1
720575940883729656,720575940895289006,1
720575940905014742,720575940917531755,1
720575940883729656,720575940890107704,1
720575940905014742,720575940915256127,1
720575940905014742,720575940909235164,1
720575940905014742,720575940903996112,1
720575940905014742,720575940902703006,1
720575940883729656,720575940899782543,1
720575940905014742,720575940899782543,1
720575940905014742,720575940894143299,1
720575940905014742,720575940891518756,1
720575940905041878,720575940903996112,1
720575940883729656,720575940886540578,1
720575940905042902,720575940894143299,1
720575940905042902,720575940877146459,1
720575940905042902,720575940893395733,1
720575940905042902,720575940892205566,1
720575940905042902,720575940891751079,1
720575940905042902,720575940891183798,1
720575940905042902,720575940888793178,1
720575940905042902,720575940885432678,1
720575940905042902,720575940881974650,1
720575940905042902,720575940880005762,1
720575940883201751,720575940940386475,1
720575940883729656,720575940883201751,1
720575940905042134,720575940927263052,1
720575940905042134,720575940927244256,1
720575940883729656,720575940878326395,1
720575940883729656,720575940878955828,1
720575940883729656,720575940880839442,1
720575940905042134,720575940899433005,1
720575940905042134,720575940899432749,1
720575940905042134,720575940890018996,1
720575940903751971,720575940882155492,1
720575940903706403,720575940919029575,1
720575940902680734,720575940890245126,1
720575940883901724,720575940882672796,1
720575940903188925,720575940881935355,1
720575940883905052,720575940899283650,1
720575940903188925,720575940875843901,1
720575940903188925,720575940870685014,1
720575940903188925,720575940869352923,1
720575940903122154,720575940924436802,1
720575940903122154,720575940899282056,1
720575940903122154,720575940890118968,1
720575940903122154,720575940881936465,1
720575940903122154,720575940879773686,1
720575940903122154,720575940869533454,1
720575940903113149,720575940927184920,1
720575940903113149,720575940923001544,1
720575940903113149,720575940922795818,1
720575940903113149,720575940905043926,1
720575940903113149,720575940905043670,1
720575940903113149,720575940899291016,1
720575940903113149,720575940894143299,1
720575940883905052,720575940912929024,1
720575940903188925,720575940881936465,1
720575940903188925,720575940883866908,1
720575940903188925,720575940887705416,1
720575940903188925,720575940910607129,1
720575940903188925,720575940939715909,1
720575940903188925,720575940927244768,1
720575940883905052,720575940880372359,1
720575940903188925,720575940921478163,1
720575940883905052,720575940880839442,1
720575940883905052,720575940882077216,1
720575940903188925,720575940917852811,1
720575940903188925,720575940917429907,1
720575940903188925,720575940905042902,1
720575940903188925,720575940890107704,1
720575940903188925,720575940903996112,1
720575940883905052,720575940891163574,1
720575940883905052,720575940894664404,1
720575940903188925,720575940899153235,1
720575940903188925,720575940892205566,1
720575940883905052,720575940899153235,1
720575940903188925,720575940891185846,1
720575940903188925,720575940891181902,1
720575940903113149,720575940880005762,1
720575940902703006,720575940946223236,1
720575940902703006,720575940937862061,1
720575940902703006,720575940865475487,1
720575940902703006,720575940888216655,1
720575940884031660,720575940894647859,1
720575940902703006,720575940882124516,1
720575940884031660,720575940895281326,1
720575940884031660,720575940896736698,1
720575940884031660,720575940899861391,1
720575940902703006,720575940877555511,1
720575940902703006,720575940875854397,1
720575940902680734,720575940941106028,1
720575940902703006,720575940888793434,1
720575940902680734,720575940937221662,1
720575940902680734,720575940920037245,1
720575940902680734,720575940915253823,1
720575940902680734,720575940910952353,1
720575940902680734,720575940903370509,1
720575940884031660,720575940915253823,1
720575940902680734,720575940892205566,1
720575940902680734,720575940891181902,1
720575940902703006,720575940888731665,1
720575940902703006,720575940889264869,1
720575940883905052,720575940917780131,1
720575940884031660,720575940862564127,1
720575940883905052,720575940920037245,1
720575940883905052,720575940927109144,1
720575940902703006,720575940917429907,1
720575940902703006,720575940917407635,1
720575940902703006,720575940916016480,1
720575940883905052,720575940940380075,1
720575940902703006,720575940906113851,1
720575940902703006,720575940905043670,1
720575940902703006,720575940901384751,1
720575940884031660,720575940888793178,1
720575940884031660,720575940878956340,1
720575940902703006,720575940899434029,1
720575940902703006,720575940899283650,1
720575940902703006,720575940897460886,1
720575940884031660,720575940881936635,1
720575940902703006,720575940894662868,1
720575940902703006,720575940890245126,1
720575940884031660,720575940885432678,1
720575940903193533,720575940881936635,1
720575940903193533,720575940920044149,1
720575940903370509,720575940870685014,1
720575940883901724,720575940892204542,1
720575940903415565,720575940927184920,1
720575940903415565,720575940921478163,1
720575940883901724,720575940891184310,1
720575940903415565,720575940920037245,1
720575940903415565,720575940918815793,1
720575940903415565,720575940915253823,1
720575940903415565,720575940905042134,1
720575940903415565,720575940903751971,1
720575940903415565,720575940899433261,1
720575940903679779,720575940878916148,1
720575940903415565,720575940899432749,1
720575940903415565,720575940899282056,1
720575940903415565,720575940895353262,1
720575940903415565,720575940894662868,1
720575940903415565,720575940894143043,1
720575940903415565,720575940892205566,1
720575940903415565,720575940892204542,1
720575940883901724,720575940894662868,1
720575940903415565,720575940940386475,1
720575940903679779,720575940881607875,1
720575940883901724,720575940896872522,1
720575940903679779,720575940923001544,1
720575940903706403,720575940897460886,1
720575940903706403,720575940894642900,1
720575940903706403,720575940892205986,1
720575940903706403,720575940891184310,1
720575940903706403,720575940883901724,1
720575940903679779,720575940939715909,1
720575940883901724,720575940883201751,1
720575940903679779,720575940927215328,1
720575940903679779,720575940921986112,1
720575940903679779,720575940888799761,1
720575940903679779,720575940918750769,1
720575940903679779,720575940917852811,1
720575940883901724,720575940883905052,1
720575940883901724,720575940884145919,1
720575940903679779,720575940904086480,1
720575940903679779,720575940899283650,1
720575940883901724,720575940890107704,1
720575940903679779,720575940891183798,1
720575940903415565,720575940891184310,1
720575940903415565,720575940888216655,1
720575940883905052,720575940878956340,1
720575940903370509,720575940896732090,1
720575940883901724,720575940917866379,1
720575940883901724,720575940918311989,1
720575940903370509,720575940908781145,1
720575940903370509,720575940908386564,1
720575940903370509,720575940902703006,1
720575940903370509,720575940902634194,1
720575940883901724,720575940921525267,1
720575940903370509,720575940899256770,1
720575940883905052,720575940870685014,1
720575940903370509,720575940918775345,1
720575940883905052,720575940878326395,1
720575940903370509,720575940890962241,1
720575940903370509,720575940890108216,1
720575940903370509,720575940884925028,1
720575940903370509,720575940883201751,1
720575940903370509,720575940882117920,1
720575940903370509,720575940881935355,1
720575940903370509,720575940878956340,1
720575940903370509,720575940916236035,1
720575940903370509,720575940937221662,1
720575940903415565,720575940865467295,1
720575940883901724,720575940911489471,1
720575940883901724,720575940899291016,1
720575940903414541,720575940937240862,1
720575940903414541,720575940924156549,1
720575940903414541,720575940922949405,1
720575940883901724,720575940902634194,1
720575940903414541,720575940919632133,1
720575940883901724,720575940905041878,1
720575940903414541,720575940916299357,1
720575940903414541,720575940899434029,1
720575940903370509,720575940939715909,1
720575940903414541,720575940899433773,1
720575940903414541,720575940892205566,1
720575940883901724,720575940912929024,1
720575940903414541,720575940880005762,1
720575940903414541,720575940878955828,1
720575940903414541,720575940865467295,1
720575940883901724,720575940914869232,1
720575940903370509,720575940948987670,1
720575940964330406,720575940927244512,1
