,dend_len_um,tips_dend,branch_dend,branch_per_100um,tips_per_100um,mean_seglen_dend,max_path_dend_um,x_span_um,y_span_um,z_span_um,bbox_vol_um3,directionality_dend,path_vs_straight,soma_y_um,sens_frac__Aδ-HTMR,sens_frac__C-Cold,sens_frac__C-HTMR,sens_frac__C-HTMR-Non-peptidergic,sens_frac__C-Heat,sens_frac__Aβ-LTMR,sens_frac__Aδ-LTMR,sens_frac__C-LTMR,sens_frac__low_confidence_sensory,sens_log1p__Aδ-HTMR,sens_log1p__C-Cold,sens_log1p__C-HTMR,sens_log1p__C-HTMR-Non-peptidergic,sens_log1p__C-Heat,sens_log1p__N/A,sens_log1p__Aβ-LTMR,sens_log1p__Aδ-LTMR,sens_log1p__C-LTMR,sens_log1p__low_confidence_sensory,cns_fraction
720575940907584340,-0.9131644105316029,-0.5080217598010264,-0.38131074193274156,0.6657577117666981,0.3780421781535428,-1.2069213681166784,-1.2505160747974824,-0.39104888413449623,-0.9743440819242422,-0.8805984897976953,-0.6972026887848555,-1.443046803045902,-0.0316658267258852,1.3868778157814268,-0.342706634316294,-0.4380711166856719,-0.5692015331647813,-0.5360298383847063,-0.628569447383467,0.7765413163698139,3.194257580180934,-0.4200594683375454,-0.17370250683591787,-0.8813223101141715,-0.6938186410591065,-1.2463579438000265,-1.5408451106790908,-1.634439829206895,-1.5120285109710785,0.3803409658152072,2.15530311985801,-0.5507139105330742,-1.036953745743798,-0.13362587123840408
720575940880839442,1.4188328312646021,1.990525290785118,2.3242055891632956,0.5134999269326544,0.1122630931581236,-0.532741688045096,1.2921194703804744,1.1385426979287165,-0.1399454574530285,-0.39710822521034533,-0.17961308101443002,-1.6683144028767751,-0.18819069403295738,0.40448572981850334,-0.4021813549963758,-0.4380711166856719,-0.5522739722091415,-0.5313762360194138,-0.628569447383467,1.345050717899384,2.1694899849065434,-0.44397911631462866,-0.5823626415972121,-0.5728695239158706,-0.6938186410591065,-0.7707019203606886,-1.140324185748767,-1.634439829206895,0.6409912676824636,1.5977176452825845,2.7737103572718143,0.035152628694790765,0.07990193959994857,0.2098298288555812
720575940883729656,-0.7741478668641646,-0.2998095055855143,-0.10142974216418597,0.8221602922033192,0.4170735345581355,-1.9088713894328475,-1.7960912294457496,0.25747278014796043,-0.6885402826169317,-0.61412942351944,-0.5382105391380186,1.2406385259675732,-0.4516000785553719,0.5471197894864415,-0.35269485355943725,-0.4380711166856719,-0.5692015331647813,-0.5360298383847063,-0.5226023221574757,-0.32446013674973945,2.397095951727059,-0.29843188316403674,-0.4533250824546777,-0.8813223101141715,-0.6938186410591065,-1.2463579438000265,-1.5408451106790908,-1.0383502684346428,-1.295042769055882,-0.5481932275096997,2.0359934609104724,-0.09304426374475866,-1.2853339858907717,0.13677420634789478
720575940948987670,0.03192662701360164,1.15767627392307,0.7382132571414808,0.597874254201867,0.7845690509417965,-1.2165981083371395,-0.842858657740339,-0.22795052528137189,0.20524614430774912,-0.49875106492473165,-0.4100828848363726,-1.338325720449298,-0.13642751762223956,1.0285097408657324,-0.4625652652340129,-0.4380711166856719,-0.5692015331647813,-0.5360298383847063,-0.628569447383467,0.09195893195771997,2.7737152294264074,-0.008194142829585844,-0.7413178430728158,-1.9359293518237946,-0.6938186410591065,-1.2463579438000265,-1.5408451106790908,-1.634439829206895,-0.38030641736977144,0.3803409658152072,2.5349912243828534,0.7605418565725677,-1.036953745743798,-0.1190338670514988
720575940890900801,-1.489749408290857,-0.9938503529705544,-0.9410727414698526,1.039996067796353,0.8428162573998654,0.9406689477251479,-1.1413331885524247,0.22504669693383839,-1.2504973633328642,-0.8160415510601794,-0.6877508763469452,-0.41089016147555724,2.27141199894415,0.6371575396518274,-0.40033777543602317,-0.4380711166856719,-0.5692015331647813,-0.5360298383847063,-0.628569447383467,-0.3737036841626446,2.1223985447821367,-0.35129432732457827,-0.4357122080924341,-1.408625830968983,-0.6938186410591065,-1.2463579438000265,-1.5408451106790908,-1.634439829206895,-2.1757164956680466,-0.8908875710574512,1.5827600172167293,-0.5507139105330742,-1.9386526805340907,0.2833166908734246
720575940896732090,-0.3348724180513184,1.15767627392307,0.9248005903205178,1.3712873739091376,1.3103104827604537,-0.853664406413124,-0.05276354941668161,-0.2988523341003111,-0.43317273206702284,-0.24189686186270193,-0.48957114845203026,-1.0629213954638492,0.16275109261288576,1.1176560281581933,-0.351061497588061,-0.4380711166856719,-0.5692015331647813,-0.5252882725682877,-0.628569447383467,6.448794162034572,2.751228126765937,0.37454443349310895,0.29461191935050646,-0.7115684922179836,-0.6938186410591065,-1.2463579438000265,-1.140324185748767,-1.634439829206895,-1.0813302933068003,1.9551112853483619,2.318805667556879,0.9206999036974363,-0.039506913743893486,-0.8546212812861519
720575940941124460,0.05017387017981363,1.088272189184566,1.3912689232681104,1.25850060121642,0.702066521275665,-1.3502246143177503,-0.5484699708441356,-0.3131294901423505,-0.5244814783392288,-0.6828070179210523,-0.5939704788814221,-1.3657786949915993,-0.3110126256349975,0.8537830177725085,-0.4625652652340129,-0.4380711166856719,-0.5692015331647813,-0.5360298383847063,-0.628569447383467,0.5013592026221051,3.1927003523163715,-0.4659507396525274,-0.614338189948049,-1.9359293518237946,-0.6938186410591065,-1.2463579438000265,-1.5408451106790908,-1.634439829206895,-0.4145507282572052,0.6911376277505904,2.601428943260193,-0.4625461057556704,-0.8217969951903441,-0.02685505161166725
720575940917422227,-0.6478576791487077,0.4636354265380298,0.3650385907834066,1.2417820247249343,1.1065492485460569,-0.14771766180304807,-1.1803199345972477,-0.7375724002734803,-0.7471857375397303,-0.8957075605660499,-0.7028910045809621,-0.8877516824421118,-0.2597106579300146,0.8635891093746786,-0.37173590445244764,-0.4380711166856719,-0.5692015331647813,-0.5360298383847063,-0.628569447383467,0.2953076203971561,4.701382362576829,-0.37204202844430617,-1.2084104989311706,-0.8813223101141715,-0.6938186410591065,-1.2463579438000265,-1.5408451106790908,-1.634439829206895,-1.1400880672555158,0.2807921284968597,2.6093220217956445,-0.1948265246662089,-3.0555083658778375,-0.5478706402597391
720575940878312571,-0.13763161472712468,1.15767627392307,1.3912689232681104,1.5647165685763023,1.0094253619402258,0.20052729385866427,-1.2452109544279266,-0.20834968393552078,-0.7998924122171825,-1.0083388153846942,-0.6790308089759486,1.1819594199651882,-0.21573857589931245,0.7361099185464591,-0.3818955939471352,-0.4380711166856719,-0.5692015331647813,-0.5256682323533809,-0.628569447383467,3.79432422544227,3.717936594547394,0.39741625937806113,-0.42807067595126247,-0.8813223101141715,-0.6938186410591065,-1.2463579438000265,-1.140324185748767,-1.634439829206895,-1.0470098469605067,1.5977176452825845,2.539326497412913,0.9601311844108353,-0.8217969951903441,-0.9533258693424602
720575940895289006,-0.7263271306685986,0.5330395112765338,0.6449195905519622,1.810179532271265,1.3354653725268317,-2.746064910480863,-0.52674119309338,-0.14954715989796916,-0.5801575431393536,-0.45754450828376403,-0.5379426192611779,-1.548751915867965,-0.09621103408881543,0.6549867971103193,-0.4625652652340129,-0.4380711166856719,-0.5692015331647813,-0.5360298383847063,-0.628569447383467,-0.11767990824485731,2.422503391042379,-0.5229015776220285,-0.3738789082453816,-1.9359293518237946,-0.6938186410591065,-1.2463579438000265,-1.5408451106790908,-1.634439829206895,-1.405702973383112,-0.30504772128029567,1.982179506674897,-1.3778853993323015,-1.2853339858907717,0.2822234038892153
720575940937862061,-0.4800232555977884,0.6024435960150378,0.8315069237309992,1.530084918909609,0.9747354212871331,-0.197918564556115,-1.5222026436507663,-0.6025443821131786,-1.2066988590234322,-1.0275685418171452,-0.7532270205357063,-0.9256421205268239,-0.17128606187069031,1.591022813681163,-0.4625652652340129,-0.4380711166856719,-0.5692015331647813,-0.5253622794193851,-0.628569447383467,0.5853480442383912,3.5110124417970487,-0.2157866337065577,-0.8109156018078024,-1.9359293518237946,-0.6938186410591065,-1.2463579438000265,-1.140324185748767,-1.634439829206895,-0.9140545077537193,0.5499454789422096,2.4808427130919806,0.2628431221221068,-1.579105457487259,-0.2756817230223241
720575940927248352,0.36531959710475803,0.8800599349690539,1.1113879234995547,0.5631764191629411,0.19765419035325654,-0.9567855477046593,0.2751918581691011,-0.46461253560534255,-0.7427316523557205,-0.2336555505345081,-0.5787209491884399,0.7024559984843073,-0.25221332695665055,-0.6518977745971627,-0.42511276804534265,-0.05347449511334408,-0.5692015331647813,-0.5360298383847063,-0.5202035989499632,0.4361013809610543,2.6131710561634,-0.16762993615245567,-0.6178746564049983,-1.1001730447706821,0.20724756211869141,-1.2463579438000265,-1.5408451106790908,-0.6896602283115308,-0.17695691749190062,0.7537728147519335,2.57310728940681,0.6001299052992954,-0.6320152912474526,-0.033214188632189515
720575940902624978,-1.03398881125852,0.11661500284550975,0.3650385907834066,2.1917940985020814,1.4675414626604537,-1.5643196193326931,-1.1330862893775993,-0.49679663312383743,-1.0515482251137496,-0.9259257021027592,-0.7199078011737301,-0.7111288803311364,-0.2050881911002701,-0.5244185837689428,-0.4625652652340129,-0.4380711166856719,-0.5692015331647813,-0.5360298383847063,-0.628569447383467,0.6514804961873463,4.2612928716748355,-0.009871285977870365,-0.0772861565547948,-1.9359293518237946,-0.6938186410591065,-1.2463579438000265,-1.5408451106790908,-1.634439829206895,-1.2924301832013787,0.46939043524471824,2.4947630641438323,0.4731110287472227,-0.6320152912474526,-0.6773169396828917
720575940886853257,-0.39053549508166013,0.7412517654920459,0.9248005903205178,1.4743046185799067,0.9783119431949564,-0.8524347794135775,-0.994625120947804,-0.7252311297964638,-0.17260874880243546,-0.2831034185036692,-0.5328054427623842,-1.721317174698083,-0.19325336535688833,0.35812966042642386,-0.3226308105639066,-0.4380711166856719,-0.47113116135959504,-0.5090690425917551,-0.628569447383467,0.12988616681674028,4.024851048111991,-0.34540053440720164,-0.3210014931144568,-0.7115684922179836,-0.6938186410591065,-0.4924609834065325,-0.9060344639103745,-1.634439829206895,-1.3616729285516693,0.03764662226745566,2.4017271490316485,-0.1948265246662089,-1.036953745743798,-0.44163981036357325
720575940888165967,0.08720771894478156,1.296484443400078,0.9248005903205178,0.7205161610677587,0.8352932558877098,0.5951071983626096,0.08381392194102089,-0.2882049634926894,-0.4316880370056863,-0.9836148814001135,-0.6364208081908734,0.4611033242608206,-0.0253518287754996,0.5007637200943612,-0.307779276459768,0.016067346837627134,-0.5692015331647813,-0.5275092095256132,-0.628569447383467,-0.1577097891839529,3.253276935985827,-0.4410041069749182,-0.5932915437244455,-0.3540187892593601,0.20724756211869141,-1.2463579438000265,-1.140324185748767,-1.634439829206895,-0.4753442569399858,0.03764662226745566,2.593449125861714,-0.3152093882773357,-0.8217969951903441,-0.07730102488835262
720575940883197911,0.3946179753652182,1.990525290785118,1.5778562564471474,0.9654182766929776,1.0251850858647484,-0.04891149284409532,-0.9698119312446588,-0.9105921726473446,-0.6811168073102485,-0.9025753200062109,-0.7139338723130163,0.08598509318943812,-0.3770266940015977,-1.0922804338219212,-0.29020031856236667,0.20556579206266945,-0.5033113557848066,-0.4575356217752565,-0.628569447383467,-0.23164214177847722,-0.25611481724416485,2.149434331344463,0.4225079883323272,-0.045566003061059006,0.7343375016448936,-0.29504589692135064,-0.015919795758558914,-1.634439829206895,-0.0036634275038514175,0.16793296497477816,0.41405689867674667,2.0033858621175766,0.9483773847967221,-0.5569865275328514
720575940889238903,0.17386172397406885,0.9494640197075579,0.9248005903205178,0.6099604506104076,0.44402714850170727,-1.3055027186284063,-0.7250097537331817,-0.012583256172645446,-0.6603310764515347,-0.5756699706545371,-0.5583210509313419,0.9032689914657471,-0.4054961465769464,-0.5074807891833755,-0.18762073553028494,-0.4380711166856719,-0.49212569843225956,-0.4406787541433602,0.4056199741769408,-0.5289181223769973,-0.37023700180293445,1.7200555332979142,1.0869867525002752,-0.11175887915988794,-0.6938186410591065,-0.4924609834065325,-0.21034339756277626,0.6350846939864935,-0.9436783717180655,-0.8908875710574512,-1.1814710777842157,1.5195830921206013,0.5719579430960093,-0.4354589666414797
720575940917780131,0.3129757430727108,1.227080358661574,1.3912689232681104,0.8925304109381729,0.5210615189459674,-0.8420679991204726,0.009952669651278268,-0.2770736214938107,-1.2356504127194978,-0.5742964187665051,-0.6919381488126007,-1.4698637120407871,-0.03703258224380351,-0.28015775658759895,-0.4625652652340129,-0.4380711166856719,-0.5692015331647813,-0.5019205074365825,-0.5645389578684699,-0.45399935975164235,-0.3500905303943003,2.120990817888444,-0.8113460272639059,-1.9359293518237946,-0.6938186410591065,-1.2463579438000265,-0.6108643224931001,-1.0383502684346428,-0.5383510570538493,-0.5481932275096997,-0.6781380412817751,1.7692876827359687,-1.2853339858907717,-0.32019554239503695
720575940899283650,0.09245916939752107,1.018868104446062,1.1113879234995547,0.9062103738928327,0.5926775305490102,-0.8231865601400916,-0.41382783914740806,-0.16745410137442543,-0.753866865315745,-0.7459904047705351,-0.6247123553460588,-0.846149857456586,1.1321286481259358,0.1423956451786672,-0.4625652652340129,-0.4380711166856719,-0.4977807189153522,-0.4182228828546374,-0.48113692532991387,-0.6517848930825796,-0.3470430116214363,1.8948121465997796,0.5300023893504243,-1.9359293518237946,-0.6938186410591065,-0.4924609834065325,-0.05874157212031432,-0.6896602283115308,-0.788635238393393,-1.4767274208346066,-0.6781380412817751,1.6184294756848538,0.29505869015340286,-0.34618384527145957
720575940899281090,0.05540853826560136,0.8106558502305499,0.45833225737292516,0.27502107750485816,0.4565423728671157,-0.9089665666548409,-0.08731197574680645,-0.0692079089495461,-1.0589717004204324,-0.7034102962415358,-0.6599582627905276,0.43361092468595686,-0.4251929073892217,-0.5074807891833755,-0.4074686435127761,-0.4380711166856719,-0.2989076778662563,-0.3024928374122681,-0.23002511744438117,-0.5286774431003948,-0.37023700180293445,1.8095351892520606,1.2278740374304944,-1.1001730447706821,-0.6938186410591065,0.18061012651798714,0.27093610794048817,-0.09357066753927909,-0.9673152577422586,-0.8908875710574512,-1.1814710777842157,1.5437422894053525,0.6546059132002346,-0.5120694509325446
720575940890245126,1.9680966731358382,2.337545714477638,2.3242055891632956,0.10179265629784115,-0.03647119665478596,-0.3129990656441508,1.4087263394410443,0.42637879569615267,0.21712370479844223,-0.4575445082837643,-0.248542936021151,-1.0771176110837761,-0.17961240612534543,1.5473411329078568,-0.20462855887669312,-0.4380711166856719,-0.536334263914523,-0.4908516811993526,0.11775008067753716,0.13412198331473577,0.014015580845444435,1.254285139173795,0.2059199526903432,0.44936079440994664,-0.6938186410591065,-0.4924609834065325,-0.15527035904927367,1.0620082303051985,0.5907180328234739,0.8666319782740153,1.440618903255662,1.9283208952961464,1.1967576249436955,-0.20174099207498267
720575940888806490,1.2774166400320563,1.50469669761559,1.2046815900890733,-0.18006380249442538,-0.08152846153814243,0.4043274633270876,2.3007491740858708,0.9776222103362405,0.9847110515095044,-0.158110196692735,0.2999015477160909,-0.3726569455996075,-0.10317055329193557,1.9369104083759128,-0.30393241054725034,0.06315589034394746,-0.5520977199475644,-0.5172216129465,-0.4167271423763659,-0.05194985154248548,-0.02585907556797074,1.8675483917962261,-0.9359942515825916,0.07170230372107651,0.7343375016448936,-0.7707019203606886,-0.6108643224931001,0.03899513321424171,0.4808875516196297,0.6234864720446112,1.335194104727987,2.095238947511955,-0.8217969951903441,-0.3600439978101013
720575940901384751,-0.37326279807441554,1.296484443400078,1.0180942569100362,1.556790569361312,1.5155706786262655,-1.6696174956434588,-0.020772374779563573,-0.41766731065355217,-0.966920606617559,-0.756978819874793,-0.6826926666661669,0.6882467653053934,-0.35817832113497267,-0.16070173161570095,-0.4625652652340129,-0.4380711166856719,-0.5692015331647813,-0.4516855589390538,-0.628569447383467,-0.6517848930825796,-0.37023700180293445,2.497402826802625,-0.9524728204383602,-1.9359293518237946,-0.6938186410591065,-1.2463579438000265,-0.2712238171416581,-1.634439829206895,-0.9629935631125183,-1.4767274208346066,-1.1814710777842157,1.7166713649616638,-1.9386526805340907,-0.5401729139595938
720575940902703006,-0.7787159120394438,0.3248272570610218,-0.1947234087537045,0.6926886283350226,1.1873394171542155,-0.8282629524639157,0.14684093122950306,-0.7029684457987081,-0.8043464974011925,-1.0083388153846942,-0.71935052327049,0.7843002093918484,0.11317808814189462,0.9277744362252508,-0.383723428124857,-0.4380711166856719,-0.5415741404067681,-0.49805422552988377,-0.628569447383467,-0.38753953968704213,-0.1907964610855279,3.0872691926604126,-0.4815997095206251,-0.7115684922179836,-0.6938186410591065,-0.7707019203606886,-0.5055135389800508,-1.634439829206895,-0.516537010291203,-0.30504772128029567,0.559775143397048,2.049071704154904,-0.46224977214351165,-0.9761371823577478
720575940937848237,-1.3171870402433705,-0.6468299292780344,-0.6611917417012971,1.1250476160338458,1.0024605937462014,-1.1721483291065384,0.4190585605224996,-0.565036599290872,-1.403420954650542,-1.2212393580296912,-0.7846714960056761,-0.6826026474123339,0.17554999482518874,-0.9139878592369988,-0.3550742127931542,0.297806750322782,-0.46875748357067976,0.8584443409597522,-0.5248971516209685,-0.4916667957172158,-0.3376176831272989,1.6320042250758913,2.7133351071809586,-0.8813223101141715,0.20724756211869141,-0.4924609834065325,1.1316008588158635,-1.0383502684346428,-1.663709159095045,-0.8908875710574512,-0.6781380412817751,1.319993764282334,0.9483773847967221,-1.3619380300492754
720575940891181902,-0.3482620483155531,1.018868104446062,1.0180942569100362,1.5094159016999373,1.1930095999116108,-0.8340230691825454,0.6678326532862999,-0.9393884704270515,-0.5964891888140572,-0.9039488718942436,-0.709517300708409,-0.1588309762680817,0.7936749017804563,-0.5520539328296059,-0.36223176206388913,-0.4380711166856719,-0.5223236622186637,-0.5231425138796333,-0.19310882338700336,-0.42760051775830377,-0.3245660770222437,2.562652804117964,-0.4492374334161157,-0.4556012171337349,-0.6938186410591065,-0.4924609834065325,-0.9060344639103745,0.3457268297915166,-0.14572086426446718,-0.30504772128029567,-0.17480500477933467,2.054566418775871,-0.16847830054702487,-0.6665294438836293
720575940918316341,-0.25152924897888224,1.227080358661574,1.3912689232681104,1.7726290559866582,1.2445104815051817,-1.8838526710368115,1.0632845070989363,-0.1783434576776752,-1.2156070293914525,-0.616876527295504,-0.6854585965048808,-1.8096947929097893,0.2832883686562219,-0.706277009845564,-0.4625652652340129,-0.4380711166856719,-0.5692015331647813,-0.410676529831359,-0.628569447383467,-0.31630613926102097,-0.30189314461332434,2.4179459685154034,-0.36897588181271984,-1.9359293518237946,-0.6938186410591065,-1.2463579438000265,-0.015919795758558914,-1.634439829206895,-0.82611353253379,-0.30504772128029567,-0.17480500477933467,1.7579521643347655,-0.6320152912474526,-0.6052190029946073
720575940940380075,-0.0821836022659912,1.85171712130811,1.0180942569100362,1.0597165987301562,1.5613550758206156,-0.36235770717326077,-0.3669351428188924,-0.9599572545554124,-0.8629919523239914,-1.1264642777554668,-0.7559356649406272,-1.5896092400488206,-0.26099285170483744,1.1007182335726255,-0.4625652652340129,-0.07680524701610571,-0.5692015331647813,-0.407245249099803,-0.5776734172561616,-0.337356609325705,-0.3061815542472774,2.5609685891486857,-0.4020666012602444,-1.9359293518237946,0.20724756211869141,-1.2463579438000265,0.19017752736754717,-1.0383502684346428,-0.24117278153153512,-0.11644941453243751,-0.012767959244232803,2.020890567908725,-0.16847830054702487,-0.695571008087918
720575940900956101,0.7865025562891766,1.712908951831102,1.5778562564471474,0.5244974484732909,0.42376194529688055,-0.04412603302943568,0.952211115463439,1.329469411779037,-0.5096345277258619,0.26906444048529315,-0.03854634531064027,0.21662509471960753,-0.3329035583482364,-1.2170852360313669,-0.4625652652340129,-0.4380711166856719,-0.4512353767743419,-0.5360298383847063,-0.4337573536107289,-0.35090468618417,-0.09440757458167143,3.0594361126475977,-0.44325524421558204,-1.9359293518237946,-0.6938186410591065,-0.016804959967194683,-1.5408451106790908,-0.2503627309807355,-0.2454446992903548,-0.11644941453243751,0.9566511763996058,2.1479574280173606,-0.16847830054702487,-0.9826724057004017
720575940881620931,-0.1498945636268473,1.921121206046614,0.45833225737292516,0.5344159557603319,1.7360829573184564,0.1718352592685436,0.7405795983471899,-1.0255353780705425,-0.49256053452049003,-0.917684390774566,-0.7116083448878534,1.2026243762021007,2.157270874713525,-0.9130963963640742,-0.37310335242010906,-0.4380711166856719,-0.5692015331647813,-0.41882240934588455,-0.5250290502160861,-0.49187050830928364,-0.1747700921817595,1.9054191604739166,0.4982957081221438,-0.5728695239158706,-0.6938186410591065,-1.2463579438000265,0.12929710778866532,-0.6896602283115308,-0.1976362291872232,-0.5481932275096997,0.6810824819419754,1.8535808138028387,0.8081775054551489,-0.4232635726651935
720575940924182661,-0.010975176816763242,1.296484443400078,0.6449195905519622,0.5544707542972261,0.9613320910100709,1.2107045330011927,-0.7582182497231026,-0.565036599290872,-0.9067904566334235,-0.9794942257360169,-0.7152129901634096,-1.1275618206946167,-0.03219368229038352,0.45886496506690466,-0.4625652652340129,-0.4380711166856719,-0.5692015331647813,-0.42490639434403976,-0.5729421389941565,-0.3081274592293721,-0.3352319913307897,2.978145450808611,-0.21822445607198745,-1.9359293518237946,-0.6938186410591065,-1.2463579438000265,0.06123858904220385,-1.0383502684346428,-0.4575254605382284,-0.11644941453243751,-0.3837070895537345,2.0453829921601105,-0.039506913743893486,-0.9202738508827653
720575940878956340,0.04634531456009703,1.088272189184566,1.1113879234995547,0.9707379097701592,0.7067006576635076,-0.4339401721973003,2.7727199290506,-0.5372082442936774,-0.3982823981256111,-0.9382876690950496,-0.6512611552751998,1.292527507714584,-0.00890548926245834,0.7378928442923082,-0.3878592217049522,-0.4380711166856719,-0.516845239053646,-0.4856528932576383,-0.4124133991137158,-0.06755584592276921,-0.030181687588141402,3.0313493377106036,-0.15849921704366282,-0.7115684922179836,-0.6938186410591065,-0.4924609834065325,-0.33928233588811985,-0.2503627309807355,-0.451091111864342,0.2807921284968597,1.0293273879055915,2.074331309556939,0.07990193959994857,-1.072161917426385
720575940930905464,7.715939696464587,3.309202900816694,3.443729588237518,-1.3046828496453047,-1.277000210702591,-0.38112478648167636,1.4807180868715206,8.03658693749428,1.459071123606574,0.003968926095069631,3.7758522042032205,-1.0051759239875573,-0.18070898687411846,0.058598135123753746,-0.3415524946618927,-0.4380711166856719,-0.5207389769684876,-0.4827379396323211,-0.12836814330503238,-0.5745306174637654,0.14912590556789476,2.801074718246732,1.0333886941793011,-0.3540187892593601,-0.6938186410591065,-0.4924609834065325,-0.2712238171416581,0.4276912448682521,-0.3197284828827427,-0.8908875710574512,1.3792170421956513,2.081374338786857,1.2532996424785177,-1.0799829319605947
720575940912929024,1.2651256768050037,2.19873754500063,2.1376182559842585,0.5120733093579158,0.34543639233823237,0.2612207615705082,0.8407680619263318,0.5519693717269721,-0.04937905871149121,-0.6017674565271499,-0.3433238727578844,-0.6695627235145251,-0.38552853427245665,1.440365588156903,-0.185998643909614,0.6979448628652354,-0.43352305417766523,-0.5093871640760378,0.7318108741018252,-0.033826651038279594,-0.042921222958430136,2.530292534171189,0.2816121295698506,0.3801550899193776,1.3983922914529066,0.18061012651798714,-0.5055135389800508,1.423072231440401,0.08926548442142983,0.5499454789422096,1.2118208869072278,2.172817879056589,1.0141531362470664,-1.0010757012580251
720575940861450226,-0.19616646643487093,1.435292612877086,1.0180942569100362,1.2409974784649949,1.3564595962776547,-0.049774646613412535,0.3305794833855286,-0.7997627240498206,-0.49478757711249477,-1.1566824192921763,-0.7210044907630417,-0.7067282423701191,-0.16039077695078344,-0.10097371912975216,-0.18167153631898592,-0.05347449511334408,-0.5167058081771849,-0.49995047783621643,-0.35765482629970763,-0.5681013335407615,-0.13156435716562764,3.156490904072799,0.9548627063295451,0.17328473159545155,0.20724756211869141,-0.4924609834065325,-0.5055135389800508,-0.09357066753927909,-0.49499447140387126,-0.8908875710574512,0.7849960289862483,2.095238947511955,1.0773487715998535,-1.2056631641925302
720575940891183798,0.5255469358182773,3.1009906466011823,1.857737256215703,1.05743066610138,1.6974390793596623,-1.210880210058162,2.712808731617113,-0.716277659058236,-0.7494127801317354,-1.0619073390179514,-0.7220685842822526,-1.2548026700423236,0.9286797229136481,1.3984668331294465,-0.38719863771876273,-0.4380711166856719,-0.40017992773847966,-0.4489057233624688,-0.2360481346492484,-0.2476282807616451,-0.10950970381413254,2.3882207274950846,0.8760324810364383,-0.5728695239158706,-0.6938186410591065,0.26143597698696147,0.06123858904220385,0.3457268297915166,-0.0024240162085125334,0.16793296497477816,0.9938981137606482,2.084867879898771,1.3607582643430112,-0.7981666664176957
720575940880875929,-0.57104097496793,0.18601908758401378,-0.288017075343223,0.21552239306832718,0.6662264174629531,-1.1592981307315542,0.7834879704545412,-0.235452081845832,-1.2653443139462315,-0.7926911689636317,-0.7163831856986704,-1.2070897135690353,0.5904567593567691,-0.7285635816686792,-0.4625652652340129,-0.4380711166856719,-0.4175696506044549,-0.11917445727830872,-0.31555886210053885,-0.6517848930825796,-0.34561568914872876,2.6293009032584793,1.1806323571564834,-1.9359293518237946,-0.6938186410591065,-0.14191885947382607,0.6049665735728539,-0.2503627309807355,-1.0905985232170834,-1.4767274208346066,-0.6781380412817751,1.7522105826793373,0.6546059132002346,-1.0701253399495967
720575940908781145,-0.06277190270487758,1.227080358661574,0.08515759101485107,0.012329361756727483,0.9690933111231286,-0.1070495703310935,0.5617886739780653,-0.8675187188255999,-0.7650020782757705,-0.9602644993035653,-0.7239245226433937,0.7351643169605028,-0.289112769799749,0.45975642793982957,-0.42266905900891877,-0.4380711166856719,-0.5132805551992708,-0.48990966856016865,-0.2245415997133044,-0.29520983937531536,-0.22495379521925266,2.8539203982376797,-0.27393267661966353,-1.1001730447706821,-0.6938186410591065,-0.4924609834065325,-0.4164407206888825,0.1538288531098606,-0.5132052714376362,-0.11644941453243751,0.41405689867674667,1.9974462922621457,-0.16847830054702487,-0.8915745482922193
720575940906113851,0.5565321780097607,0.5330395112765338,1.1113879234995547,0.35627335027180373,-0.22343290361549845,0.07118536774437603,0.3860978367227289,0.8675187188255992,-0.10357042845027993,-0.5839112819827306,-0.294174430835975,-1.1959242292889192,-0.38202038793269283,1.066842644401491,-0.24270993389979165,-0.13704760152067122,-0.3226713228530469,-0.42307267414534894,0.431654004591016,-0.25879050090391165,-0.023306155440390507,2.2469223109319785,1.0315639644637034,0.17328473159545155,0.20724756211869141,0.5137784975079498,0.2183699260798338,1.1674432178162764,0.016061433262017196,0.16793296497477816,1.2118208869072278,2.0707814207384336,1.5095977470039093,-0.9048705823712596
720575940917429907,0.0013282791102081286,0.4636354265380298,0.8315069237309992,0.7374397286123924,0.21344594954877896,0.05197588345112063,0.18928845173702685,0.02831232638845075,-0.5757034579553441,-0.3449132534651199,-0.48667333040605754,-0.44305525914304184,-0.3128019916805404,-0.7989891486297238,2.17918076574805,-0.4380711166856719,-0.19297777633504137,-0.24207456210475542,3.377211423037933,-0.5886544528857887,-0.37023700180293445,-0.405294933836676,2.480576397510114,2.047631948276331,-0.6938186410591065,0.8093931874048497,0.7747104291367171,2.3172504466589796,0.18747919707455543,-0.8908875710574512,-1.1814710777842157,0.14246025851097976,2.3136133102874434,-0.5124413048948134
720575940888793434,-0.6278937285183561,-0.16100133610850628,0.3650385907834066,1.2019538553790627,0.36153497232343335,-0.4111808524684759,-0.1470525381875127,0.04065359686546726,-0.006322901932727661,-0.4726535790521184,-0.38882201855839577,-1.339034974769459,-0.38078803327426075,0.5952587846243709,1.6000685966033545,2.257694802788631,0.2981328350802854,0.02755863687114315,4.254395683030212,-0.5679897554613724,-0.37023700180293445,-0.4372723412364668,1.6064077063267101,1.646790056654411,2.0093799684742875,1.1735244006645058,0.9839509851387702,2.2447886194651607,-0.3558202399400215,-0.8908875710574512,-1.1814710777842157,-0.1948265246662089,1.4614962000984675,-0.7105947407889441
720575940922949405,-0.1257553009167927,0.5330395112765338,0.5516259239624437,0.6060545743887487,0.4177150323381052,-1.1716359754431682,-0.08663618204783288,0.06364223795010716,-0.6469688208995047,0.6591531766864503,-0.29000333879662343,-1.0911894849004289,-0.16022088434359205,-0.8711976413366174,2.340107727233455,-0.09544708014852102,-0.35875158939778024,-0.2853232212780117,3.7639753021978373,-0.5026832247174424,-0.37023700180293445,-0.526232894400491,0.45519951377282336,1.9665804323497742,0.20724756211869141,0.33373716396551206,0.5906984522978709,2.254187351849702,-0.057815552875099055,-0.5481932275096997,-1.1814710777842157,-1.1101658182428402,0.8798018374053708,-0.35148557787732954
720575940899282056,-0.2898518935281868,0.3248272570610218,0.45833225737292516,0.7358151330842478,0.42010344075054296,-0.38572443950482255,0.5289415801639332,-0.14640134585480843,-0.8897164634280512,0.13170925168206848,-0.5075290434266424,-1.5838061774857533,0.009082674757477401,-0.6866648266412226,2.386522281172542,-0.4380711166856719,0.38479083994970864,0.018995390482900144,4.271798860197321,-0.5103187068903335,-0.37023700180293445,-0.37237515411098515,1.4571036722105783,2.0187657903036573,-0.6938186410591065,1.3504535901599781,1.0719779578011355,2.392078095023701,-0.12964485581755877,-0.5481932275096997,-1.1814710777842157,0.20539144765776146,1.6458435577142247,-0.9497015223911466
720575940941106028,-0.32553285343357985,0.6718476807535418,0.6449195905519622,1.0162895162996153,0.8112536571295249,-0.28105398360473993,0.47399085123042267,-0.5836694978542117,-0.8978822862654028,-0.5399576215656989,-0.6620678794841367,-1.660530905876666,-0.11635681654300922,-0.8275159605633114,1.7443555580128751,-0.4380711166856719,1.436146524072435,-0.08443650885277565,2.9825699888892756,-0.6517848930825796,-0.37023700180293445,-0.4964132038991847,2.3264522869318185,1.8552904524020308,-0.6938186410591065,1.8786334494293047,0.9765899995787255,2.1656546253304803,-0.0036634275038514175,-1.4767274208346066,-1.1814710777842157,-0.5507139105330742,2.131008821590813,-0.7421313964871545
720575940881936635,-0.1491689421731323,0.6718476807535418,1.2046815900890733,1.3746505127176512,0.5745522813453054,-0.25363942805030243,-1.7525757878047203,-0.12196079059640264,-1.3091428182556633,2.093141347792112,-0.4200757362101548,-1.4656331980886035,0.23890087171508603,-0.8301903491820853,8.396442284592085,6.444003350645811,-0.24629223746669238,-0.5198894960038182,5.067617227459991,-0.6517848930825796,-0.37023700180293445,-0.5434001180909628,2.159886344642162,2.6663338336081077,2.9892559819366715,0.4588510634721433,-0.9060344639103745,2.2817825147002155,-1.0470098469605067,-1.4767274208346066,-1.1814710777842157,-1.8355550461206174,1.5563048479905273,-2.293315116386644
720575940920044149,1.0284509005598141,2.268141629739134,2.3242055891632956,0.8784056398851149,0.5802509912409115,-0.251070746742752,0.15670323062786168,0.3818534277006413,-0.9773134720469152,1.2813721819650565,-0.24328719536505347,-0.2713476188885235,-0.3079302043203555,0.7976208567782573,7.12248750870669,6.473694767181123,-0.4966303606554672,-0.5310421531988957,3.790742451595012,-0.5939419540895696,-0.37023700180293445,-0.5434001180909628,0.3685719664411445,2.913795392517783,3.590649787052894,-0.14191885947382607,-1.140324185748767,2.4754890629280575,0.014835193182402654,-0.8908875710574512,-1.1814710777842157,-1.8355550461206174,1.1967576249436955,-1.6226206693936922
720575940890134196,0.6264198356577577,-0.6468299292780344,-0.5678980751117786,-1.1747161423239856,-1.120553879049067,0.08797486531154526,-0.2891862158390904,0.9180937292118064,3.1820597422877888,1.78546572487289,3.1100216020687337,-1.0089909000649,-0.43637663534567145,-1.2973168945945819,1.666299959139417,0.8868466025841363,-0.5089197449909512,-0.1548684960274804,-0.1930348409500349,1.4623126157093422,-0.37023700180293445,-0.4880791334920803,0.6604872384530758,1.567399409097451,1.1083137652964894,-0.4924609834065325,0.6838839538025009,0.1538288531098606,-0.4067082236753786,1.1733554359594893,-1.1814710777842157,-0.6524961714545247,0.6546059132002346,0.00489835199479713
720575940896736698,-0.34907382657071023,0.5330395112765338,0.8315069237309992,1.2833034294852055,0.7059060585535162,-0.9013002341354526,-0.010889760147379156,-0.7003066031468026,-0.7286270492730216,0.4709765680260325,-0.5207042661353917,1.2666284721379744,0.5408640191862685,-0.7553074678564178,0.2850467504134247,-0.4380711166856719,0.5019841227250612,1.0580172598331423,2.6402002796113173,-0.6517848930825796,-0.37023700180293445,-0.30405271821506574,3.156235996269473,0.9766643152647583,-0.6938186410591065,1.3957157012294368,1.6496181788092048,2.0067878312005627,-0.2611992274254077,-1.4767274208346066,-1.1814710777842157,0.38779540002376894,2.3136133102874434,-1.1150008675334186
720575940927109144,1.3212015590617425,1.782313036569606,2.04432458939474,0.39601502851428805,0.055633544952977045,-0.3829717715918048,0.06331255118669751,0.5989145966787608,-1.0983161195458546,-0.39985532898640996,-0.5592584587423929,-1.1107363369453547,0.08492546630530329,-0.8435622922759543,-0.2333483520494313,-0.4380711166856719,-0.4219461225968582,3.0264204949551288,-0.04825101083175644,-0.5237447846630782,-0.37023700180293445,-0.3615791081997905,1.1899329886693548,0.5127923673878275,-0.6938186410591065,0.4588510634721433,2.4324637906069353,1.023780805640504,0.4629902938163491,-0.30504772128029567,-1.1814710777842157,0.5662620853277921,2.2845804138457275,-1.8593531385601065
720575940894178664,-1.1584126035467652,-0.16100133610850628,-0.38131074193274156,1.2282055084438581,1.370480790737292,-1.23775992763665,-0.5043622406836762,-0.6219032377634007,-1.1718085250820205,-0.7212664707859547,-0.7228190223095267,0.7768262620144893,-0.31527712246046324,-0.7000367697350915,-0.2709003562821126,-0.4380711166856719,1.412087290068103,1.7442472122671546,0.4112442515972993,-0.6517848930825796,-0.37023700180293445,-0.46943775231037865,1.3643197329238275,-0.26441673771756957,-0.6938186410591065,1.5632901477983436,1.6449769526344284,0.7499184138821126,-0.930920295772127,-1.4767274208346066,-1.1814710777842157,-0.5507139105330742,0.9483773847967221,-1.2389587403523312
720575940918750769,-1.0647486505744208,-0.9244462682320503,-0.7544854082908157,0.34857908365649193,0.0581834815752049,0.29514029406026215,-0.629658361538694,-0.17108388680884146,-1.2638596188848943,-0.4616651639478606,-0.6770162970670954,1.622138078931388,0.13628213726386817,-0.6117819453155552,-0.18206202019719958,-0.4380711166856719,3.112305098716941,0.7315430974546928,1.3635740781706176,-0.6517848930825796,-0.37023700180293445,-0.5171590127943759,2.67337456303415,-0.045566003061059006,-0.6938186410591065,1.9407465678259637,1.2717601409959998,1.2311742547587454,-0.9673152577422586,-1.4767274208346066,-1.1814710777842157,-1.1101658182428402,1.4614962000984675,-0.9953367404305559
720575940893395733,0.54063570992927,-0.16100133610850628,-0.1947234087537045,-0.7933053514890602,-0.7220014295882212,0.845285630351862,-0.743278031094723,0.6794958333228128,-1.3729847058931401,-0.17596637123715436,-0.6021307033733956,-1.3283356639801487,-0.4531849297119951,-0.23558461294136848,-0.26616847947756445,-0.4380711166856719,-0.4708865968413777,3.6695315825730037,-0.3038502367158907,-0.6517848930825796,-0.37023700180293445,-0.4351310190555441,-0.17980604787333473,0.12418781483512899,-0.6938186410591065,-0.016804959967194683,2.3063504302942484,0.25511937258383316,-0.31082192223470967,-1.4767274208346066,-1.1814710777842157,-0.004876458967354711,0.48484039409629365,-2.1735941852478673
720575940908386564,-1.5944247996398633,-0.5774258445395304,-1.1276600746488896,0.934140677668133,2.018313199374499,0.21618526017439718,-0.5347676524912864,-1.310110556128814,-1.437568941061286,-1.1195965183153056,-0.8074392109415401,1.7145404149931218,0.30369878955843443,0.7040172551211735,-0.3609020409375381,-0.4380711166856719,-0.5217023892302212,2.5979190508971257,0.9402546909020524,-0.6517848930825796,-0.33938620040489353,-0.020316880582494184,0.48359881053637344,-0.8813223101141715,-0.6938186410591065,-0.7707019203606886,1.628432645139028,0.8020541005069207,-1.6832300930824056,-1.4767274208346066,-0.6781380412817751,0.4318302293741206,-0.16847830054702487,-1.7283477938745908
720575940877501751,-1.4404768694727965,-0.8550421834935463,-1.0343664080593713,0.6823968980409542,0.9652015743273892,-1.1431037157955726,-0.8771325477901013,-1.1404785834937385,-1.3158239460316778,-1.0440511644735322,-0.7902551624655766,1.5706226344216518,-0.13753279048334052,-1.3258437065281696,-0.3070252170016182,-0.4380711166856719,1.6836150077314957,1.7315097554309233,0.34652343580206035,-0.6517848930825796,-0.37023700180293445,-0.4100179100626896,1.0753440234097242,-0.4556012171337349,-0.6938186410591065,1.5967712555957339,1.5963912426716678,0.6350846939864935,-1.0813302933068003,-1.4767274208346066,-1.1814710777842157,-0.25227819913055427,0.6546059132002346,-1.2859638387468197
720575940881935355,-0.03968727038674632,0.5330395112765338,0.8315069237309992,0.7941076512523634,0.3192076413343398,-0.46511813143924374,0.08662135751625884,0.46824232103975943,0.0018429209046241597,-0.3435397015770879,-0.2548323722144137,-1.0140577873859637,0.28939984548416775,-0.2962040883002422,-0.07338906488733982,-0.4380711166856719,-0.02370821980310406,0.35693206604824335,0.804585936805034,-0.4936808598350191,-0.32192348263241766,0.5488240004801792,2.487336130661857,0.44936079440994664,-0.6938186410591065,0.9053015479995252,1.2805821375800897,1.2613519284186467,-0.23833068269921356,-0.5481932275096997,-0.17480500477933467,1.3309986478595088,1.9612433024868723,-0.6493655512958328
720575940899153235,-1.711039578858121,-0.8550421834935463,-1.2209537412384082,1.1103945121230476,1.9005231837638918,0.7235094235875188,1.2040047486708993,-1.197103236270639,-1.0730763035031312,-1.1841534570528212,-0.7872551645919729,-0.10722594120187226,0.8745854433405648,-0.7980976857567993,-0.4278407894455051,-0.4380711166856719,-0.17982583473826422,2.715442134245194,-0.1262067796454342,-0.6517848930825796,-0.37023700180293445,-0.04313450328862494,0.7006206315694075,-1.408625830968983,-0.6938186410591065,0.26143597698696147,1.6355811431410492,-0.09357066753927909,-1.7330179304157016,-1.4767274208346066,-1.1814710777842157,0.38779540002376894,-0.039506913743893486,-1.7516999355148148
720575940894647347,-1.3070126583374606,-0.3692135903240183,-0.7544854082908157,0.9080806399555583,1.4379198851208723,-0.5358183014431513,-1.8579669349480386,-0.8849416889108009,-1.365561230586457,-1.2912905043193361,-0.7971773774944337,0.6700197715870606,-0.4187769526780484,-1.2259998647606134,-0.24928128124393617,-0.4380711166856719,0.888189262249161,2.1452788025517995,0.21997109660627184,-0.6517848930825796,-0.37023700180293445,-0.4748125845787939,-0.04086814139003896,-0.26441673771756957,-0.6938186410591065,1.2850492108441876,1.6767089002532256,0.5025188932329728,-1.1448760033653402,-1.4767274208346066,-1.1814710777842157,-0.6524961714545247,-0.3086781798885981,-1.3357092796611032
720575940903679779,-1.6409830444288898,-1.4796789461400826,-1.5008347410069638,0.1234557697896323,0.2721976799396741,0.4349825045437399,-0.6493574534263977,-1.087725701846882,-1.4152985151412356,-1.2734343297749167,-0.8053271424714504,-1.5132769247491669,0.0049128600771990985,-0.156244417251078,-0.4270515968139481,-0.4380711166856719,-0.12119824378199885,3.0219782124729293,-0.5258134471643239,-0.6517848930825796,-0.37023700180293445,0.13268936944628773,0.04560931717879602,-1.408625830968983,-0.6938186410591065,0.33373716396551206,1.6744992243207713,-1.0383502684346428,-1.8623232397506415,-1.4767274208346066,-1.1814710777842157,0.5662620853277921,-0.6320152912474526,-2.0201990186162644
720575940914883824,-1.2893627275518083,-1.0632544377090585,-0.9410727414698526,0.4894488098093143,0.24928052950669577,0.12449619896313897,-0.8082390736266548,-1.0707867031529372,0.3002666282332963,0.47921787935422633,-0.41642577002729314,-1.2348326883578795,0.10064813994967138,-0.5297673610064907,-0.40259335608968166,-0.4380711166856719,-0.3170205770943025,2.9188035653691684,-0.3682834596215438,-0.6517848930825796,-0.3429383182630902,-0.25025787731240734,-0.4691421878860161,-1.1001730447706821,-0.6938186410591065,0.08897733480874588,1.7549689623222542,-0.4422607076623912,-1.4566136377424745,-1.4767274208346066,-0.6781380412817751,0.14246025851097976,-1.036953745743798,-1.6814443452070196
720575940904086480,-1.6498326599007753,-0.7162340140165384,-0.9410727414698526,1.6207127233167613,1.9504298263264361,-0.971344446940479,-1.166532736102562,-1.196861250575012,-1.6357757317497323,-1.322882197744078,-0.820202047899083,-0.47010599506939205,3.6072764016525833,-0.10186518200267668,-0.4625652652340129,-0.4380711166856719,0.1112608524349572,3.3690102150435095,-0.5407779132156554,-0.6517848930825796,-0.37023700180293445,-0.2311677648856201,0.29089788151369905,-1.9359293518237946,-0.6938186410591065,0.6978683772251677,1.818731330778885,-1.0383502684346428,-1.628482752089501,-1.4767274208346066,-1.1814710777842157,0.17467531734470287,-0.16847830054702487,-2.128950922724406
720575940895353262,-2.6265549663079524e-05,0.7412517654920459,0.6449195905519622,0.5402816285723003,0.45886125839409087,-1.4242655288290875,0.9713693252636871,0.3791915850487341,-1.2749948318449191,-0.7707143387551156,-0.6767990428306948,-1.1129619685897318,-0.18995195342386859,0.6175453564474856,-0.3508622255648653,-0.4380711166856719,0.8712411319833545,0.4970033538726093,0.211760797458707,-0.6517848930825796,-0.3498985068383801,0.7785033772805842,1.290896344594511,-0.5728695239158706,-0.6938186410591065,1.3957157012294368,1.2303043925805435,0.6350846939864935,-0.6955672345637235,-1.4767274208346066,-0.6781380412817751,1.3031346936004,1.0141531362470664,-0.8436161496194065
720575940891164342,-1.3942908415427833,-0.09159725137000227,-0.10142974216418597,2.557596314746526,2.190665361700953,-1.7586835068312177,-2.240091147054145,-1.003514679768414,-1.4590970194506674,-1.233601325021982,-0.8032376305461968,0.08212314799681576,-0.17606715176442517,0.1620078283830089,-0.2891569706058294,-0.4380711166856719,-0.5692015331647813,2.216963282707606,-0.628569447383467,-0.6517848930825796,-0.37023700180293445,0.1703838311602151,0.18406511729659283,-0.5728695239158706,-0.6938186410591065,-1.2463579438000265,1.5405574014779204,-1.634439829206895,-1.6095663036937253,-1.4767274208346066,-1.1814710777842157,0.6164338874829737,-0.46224977214351165,-1.3689707978309396
720575940897460886,0.09581138458591645,0.7412517654920459,0.9248005903205178,0.7092409239751106,0.3529757857400879,-1.0069989869839988,0.14604136175773388,0.373383928353668,-0.7716832060517858,-0.42595281485902253,-0.5022747530452384,-0.6135547796556996,-0.31913681582605463,-0.6037587794592337,-0.1611391391663224,-0.4380711166856719,0.539854165133118,0.5964319337301955,2.4784746744470723,-0.6517848930825796,-0.37023700180293445,0.10604526788461074,3.2025244359095484,0.2194041957307211,-0.6938186410591065,1.3346775715506078,1.3808031386829138,1.8574414891908984,-0.40514397792952367,-1.4767274208346066,-1.1814710777842157,0.9504919222714222,2.131008821590813,-0.859087727085475
720575940903370509,-0.08955215334368671,0.7412517654920459,1.3912689232681104,1.4822444114815039,0.56460056500311,-0.866718489676788,1.640608199423494,0.06823996616703464,-1.0389283170923875,0.028692860079650204,-0.5340777311625567,-0.6659641154598439,0.3023132578503447,0.11476029611800409,0.22928419647351198,-0.4380711166856719,-0.5515699189135805,2.881214855568901,-0.2646036505428529,0.07898665593957521,-0.37023700180293445,-0.24567623603858751,0.9413745346929181,1.1263093454307,-0.6938186410591065,-0.7707019203606886,2.2494944244041437,0.4276912448682521,-0.03620363595035192,0.7537728147519335,-1.1814710777842157,0.7066116716810028,1.6888136284397564,-1.9267992229656175
720575940916016480,-0.4913023888688285,0.11661500284550975,0.08515759101485107,0.5854156227000381,0.4741203324795898,-0.5644536632227038,0.2980984068363676,-0.5391441298586995,-0.8704154276306746,-0.9080695275583405,-0.7001852830634647,-0.2807266467986976,-0.1829549043856612,-0.39159061570317555,-0.4175263134506801,0.024430184836855166,0.18835086649609653,0.930473399871107,0.34880547864008765,-0.6517848930825796,-0.3497356686080795,0.232918505817389,1.6458657137684634,-1.1001730447706821,0.20724756211869141,0.9625202248523743,1.4267710002331384,0.7499184138821126,-0.6808366111825968,-1.4767274208346066,-0.6781380412817751,0.9504919222714222,1.1967576249436955,-0.7410193521640404
720575940905061686,-1.4685292019406126,-0.7856380987550423,-0.9410727414698526,0.9737000969056315,1.1737333922314213,0.3348882865928791,-0.785819026411907,-1.2246896055722065,-1.181459042980709,-1.182779905164789,-0.7940455945206714,0.632297311145734,0.44498040073629114,-0.9193366364745463,-0.4252617832861464,-0.4380711166856719,-0.25548039683307155,2.9425564453307484,1.0983855059016536,-0.6517848930825796,-0.30231613930857393,-0.40904496292189985,1.40638973822712,-1.408625830968983,-0.6938186410591065,0.08897733480874588,1.6332081231644904,0.8020541005069207,-1.9027051685414649,-1.4767274208346066,-0.3837070895537345,-0.4625461057556704,0.29505869015340286,-1.8897775475474234
720575940909769176,-1.4821473698377454,-0.3692135903240183,-0.47460440852226005,2.0838285281509354,2.0002007572652514,-1.3962565859267142,-1.4795117143774663,-1.2479202323524736,-1.3818928762611604,-1.1415733485238213,-0.8031918947581811,-1.2378625348662473,0.1556569798788516,0.13258955357649638,-0.3519386167042533,-0.4380711166856719,1.56288885091847,2.618462799761641,0.4917437585455973,-0.6517848930825796,-0.37023700180293445,-0.5149400009403873,0.14497892239608215,-0.7115684922179836,-0.6938186410591065,1.51594540512676,1.749161581256875,0.6944168699146285,-1.3643922343741428,-1.4767274208346066,-1.1814710777842157,-1.1101658182428402,-0.16847830054702487,-1.8260272535968256
720575940909393947,-1.56810523993598,-1.0632544377090585,-1.4075410744174452,0.1611070750881593,0.933418381421554,-2.1833987980037834,1.4791917622972994,-1.268247030785208,-1.4501888490826476,-1.4204043817943668,-0.8178825031694621,-0.6613019385149457,0.3075311296583486,-0.275700442222976,-0.3632941168033375,-0.4380711166856719,2.028163419868574,1.6443690138494624,0.3288746958349014,-0.6517848930825796,-0.37023700180293445,-0.4242191922115823,-0.0501654464379827,-0.8813223101141715,-0.6938186410591065,1.5280913254965982,1.4335293176516564,0.4276912448682521,-1.4768238166537826,-1.4767274208346066,-1.1814710777842157,-0.4625461057556704,-0.6320152912474526,-1.1979205766180756
720575940875116119,-1.3321309018162837,-0.16100133610850628,-0.288017075343223,1.9336519544865882,1.862108076290564,0.4610951746791313,-0.07440313640710516,-0.48445536264682004,-1.5489210706615364,-1.0138330229368226,-0.7820767352081952,-1.0398333306424685,-0.21370570092378277,0.27254922462566095,-0.3852229406088304,-0.4380711166856719,-0.1355704849629314,3.1396335587221174,-0.40478552756615815,-0.6517848930825796,-0.37023700180293445,-0.38422171767592006,0.1704019664439968,-0.8813223101141715,-0.6938186410591065,0.5137784975079498,1.87771127770009,-0.4422607076623912,-1.2486091641295023,-1.4767274208346066,-1.1814710777842157,-0.14197610735752927,-0.039506913743893486,-1.8428121215111157
720575940881607875,-1.2506869210078457,-0.6468299292780344,-0.288017075343223,1.6678210796640238,0.8403736930172038,-1.8525420917763409,-0.5881767327329683,-0.509379889296482,-1.342548457135738,-1.0756428578982737,-0.7661265792997267,-0.5419066472876736,0.6369864201733075,-0.5048064005646016,-0.1163889527578114,0.15440490957241665,4.404324214813922,0.8090235246519365,0.7069423831570263,-0.6517848930825796,-0.37023700180293445,-0.4988709809492162,0.6372788780898757,0.015325540262989781,0.20724756211869141,2.0614474194151104,1.2350602182107253,0.8020541005069207,-1.233404049068047,-1.4767274208346066,-1.1814710777842157,-0.920215752543986,0.1910689224998069,-1.1766213705066626
720575940869443690,-0.09863022169388821,0.4636354265380298,0.7382132571414808,0.7754187087849517,0.3227419071271649,-1.4635742279584703,-1.0113699173596964,-0.4759858632998476,-0.8050888449318604,-0.09904746550734833,-0.573566299219509,-0.00936746267810118,-0.2885125729466678,0.5257246805362508,0.2599129776996007,-0.4380711166856719,-0.3946032627233071,1.6575377605108719,-0.34023374437704956,-0.2064608667519839,-0.3135360160625139,0.398752019618046,1.5959049815690765,1.1660090400367895,-0.6938186410591065,0.3991415432813026,1.999440966177118,0.25511937258383316,0.1413507927349236,0.3803409658152072,0.11962594694870593,1.4639929292636176,2.098456559733988,-1.431891129491188
720575940878916148,-1.3233960161546023,-0.6468299292780344,-0.9410727414698526,0.5722374187779133,1.01835231837411,1.5775246375894778,-1.0274552857233579,-1.0739325171960978,-1.5147730842507932,-1.1347055890836604,-0.8043597715391111,-0.7567983216501141,-0.04042513436249454,-0.931817116695491,-0.4625652652340129,-0.4380711166856719,2.164215869789368,1.5882651837334956,-0.08601776622639151,-0.6517848930825796,-0.37023700180293445,-0.041705172960618236,0.6800345616885596,-1.9359293518237946,-0.6938186410591065,1.4781619221943496,1.346691819564651,-0.09357066753927909,-1.746540169506001,-1.4767274208346066,-1.1814710777842157,0.3406126375127139,-0.16847830054702487,-1.375129971465032
720575940922709290,-1.5684148996696747,-0.5080217598010264,-0.47460440852226005,2.4502848734949545,2.0566071157374575,-1.2963895988364915,-0.2745256334870259,-1.177744380620417,-1.5088343040054462,-1.4300192450105926,-0.8183234442425471,-0.48302273809310325,0.4554735851502405,0.27076629887981113,-0.4046911389198331,-0.4380711166856719,0.5259176186597978,2.396539190427584,-0.628569447383467,-0.6517848930825796,-0.37023700180293445,-0.17117867850588991,0.5004782855056095,-1.1001730447706821,-0.6938186410591065,1.0402893816874217,1.6811030625104133,-1.634439829206895,-1.3454462053280782,-1.4767274208346066,-1.1814710777842157,0.31569353943078643,0.07990193959994857,-1.5260861226309574
720575940912535686,-1.6191275857630987,-0.7162340140165384,-1.1276600746488896,1.0191096527593355,1.8265528700194777,-1.4797722494129428,-0.5565468672228527,-1.3343091256915927,-1.4019362595892055,-1.1869005608288858,-0.8091296008638452,-0.6083649407570094,1.1883482342958516,0.008676214239975395,-0.25549661206573293,-0.4380711166856719,1.1238661126008258,2.5093160991704972,-0.42885717211092383,-0.6517848930825796,-0.37023700180293445,-0.4723720465765204,0.6879911408449609,-0.4556012171337349,-0.6938186410591065,1.212748023865637,1.6014378210568025,-0.6896602283115308,-1.6865050946271176,-1.4767274208346066,-1.1814710777842157,-0.7728790350656515,-0.039506913743893486,-1.6412838056734398
720575940877555511,-0.2401162179351271,0.25542317232251777,-0.1947234087537045,-0.10078051897930468,0.2918579081941251,1.5138033519324474,0.2508939437568137,-0.6228711805459114,-0.21789194817320442,-0.9671322587437268,-0.6473009164218891,-0.38107054776000476,-0.3490292160876474,0.19410049180829458,0.2500368683095837,1.2837295557484154,1.6928478624073002,-0.36642995903739395,1.3120028846239562,-0.558124158036521,-0.2748340019505726,-0.45712906252573093,0.0916288474638507,0.7687596424720761,1.3983922914529066,1.7433314813407816,0.24525056588105004,1.3724708457636159,-0.34370584017901024,-0.8908875710574512,0.11962594694870593,-0.38477659036506306,0.1910689224998069,0.08088883710844928
720575940902629074,-0.41695867896852945,0.3248272570610218,-0.1947234087537045,0.11977732532672647,0.5889847694606957,0.33137099378596657,-0.29492838126717186,-1.0127101362022697,-0.40941761108563596,-1.0715222022341773,-0.7229099825787232,-0.3007494002601956,-0.16855482409941772,0.278789464736133,0.11076330983523575,-0.4380711166856719,-0.09648823021891974,1.0494201242885468,-0.1406632592925718,-0.1996528555580809,0.059602701129001776,-0.1963504880893409,0.47476626776873915,0.26288678313724173,-0.6938186410591065,0.3991415432813026,1.2397772203415698,-0.09357066753927909,-1.3725758798797358,-0.30504772128029567,0.7849960289862483,0.17467531734470287,-0.16847830054702487,-0.7178456647687439
720575940894664404,-0.746570467453141,-0.16100133610850628,-1.0343664080593713,-0.5915844224096078,0.5414111460509895,1.7638700385322803,1.301441065106789,-0.9928673091607915,-0.4287186468830129,-0.8325241737165671,-0.6919600139157859,-1.0136663910751211,0.017659513577798925,0.4151832842935983,-0.1271077147266846,-0.4380711166856719,2.649845955317743,0.05062718419989357,0.04339823111382831,1.0779312504744476,-0.2057937393051203,-0.39735271874991324,1.5741121288072153,0.07170230372107651,-0.6938186410591065,1.8415310847524997,0.8249881741362634,0.3457268297915166,-0.8321060525416161,0.8666319782740153,0.32852803172310574,-0.1948265246662089,0.9483773847967221,-0.42821807319737737
720575940884057772,-0.8917195182020292,-0.2304054208470103,-0.47460440852226005,0.4769284751884875,0.7023529472125735,-0.6004910449171073,-0.9963086979138903,-1.0151299931585471,-0.07684591734622002,-0.7720878906431483,-0.65481972304264,-0.645090938637056,-0.07467349636427725,-0.10721395924022416,-4.809543024931748e-05,-0.4380711166856719,0.40323726146670524,0.7003983526461912,0.12420009995677127,0.3816597641162745,-0.15970326975463914,-0.3054232289469935,1.2126277139090955,0.2194041957307211,-0.6938186410591065,0.9625202248523743,1.185642979032412,0.3457268297915166,-1.0470098469605067,0.3803409658152072,0.41405689867674667,0.035152628694790765,0.5719579430960093,-0.4987243357088825
720575940884925028,-0.1700754411886304,-0.8550421834935463,-0.9410727414698526,-1.0278305001441528,-0.8285907187444294,0.8678936198598596,-0.18400609873432333,-0.56310071372585,0.3418380899507233,0.22373722818022893,-0.2794614988493992,1.0073366541814612,0.1196155181296409,0.04076887766526148,-0.17312456813488863,-0.4380711166856719,-0.5453369511637614,-0.5097871267412043,0.061114893070442454,1.1742592681543789,-0.2617363019708416,-0.4733179409913616,-0.09627959172370175,0.26288678313724173,-0.6938186410591065,-0.7707019203606886,-0.6108643224931001,0.6944168699146285,0.19191440206383956,1.2438285917697316,0.32852803172310574,-0.38477659036506306,0.29505869015340286,0.8415428734592629
720575940946223236,-0.792695438424495,-0.09159725137000227,-0.38131074193274156,0.4404469045231544,0.7025211895967002,0.13877280785095644,-0.437837777821923,-0.6032703392000619,-0.21343786298919423,-0.7871969614115027,-0.6102545885155094,-1.2360816100513112,-0.41040614479030774,-0.47895397724978783,0.03456002070564858,1.1740148152258716,1.5212026524575781,0.04873101250687277,-0.022930361440685075,0.049755793978689046,-0.29877793623910026,-0.422239442612257,1.2272410238701648,0.34303854949163953,1.1083137652964894,1.54002600172557,0.8152765244862537,0.25511937258383316,-0.776966624761469,0.16793296497477816,-0.17480500477933467,-0.3152093882773357,0.7332206342432678,-0.1199826152307008
720575940888793178,-0.744449000525701,0.25542317232251777,-0.10142974216418597,0.7656473108501188,1.0381617270378594,-0.20030893936437802,-0.6943798866463902,-1.1610473676221003,-0.02636628526077259,-0.9451554285352105,-0.6970630951336063,0.5058245345300489,-0.05971288219037188,-0.4869771431061093,0.24842627644170429,-0.4380711166856719,1.782702489560604,0.22012643431992177,1.5932043733305425,-0.016331372193749343,-0.31845507023493863,-0.5434001180909628,0.609034476386667,0.5426290611178014,-0.6938186410591065,1.5632901477983436,0.9140609924274321,1.2311742547587454,-0.9912794112259872,0.03764662226745566,-0.3837070895537345,-1.8355550461206174,0.1910689224998069,-0.39412859512538645
720575940908782425,-0.8057224501291337,-0.7856380987550423,-1.2209537412384082,-0.7984085241073113,-0.13440595423199028,2.420490891873824,-0.20013699234812213,-0.7358785004040863,-0.4109023061469725,-0.6965425368013743,-0.6373607987884018,-0.4006534107271126,-0.13827116984875568,-0.7330208960333022,-0.05045060752424921,-0.4380711166856719,1.6330710468780538,-0.049698560427242494,0.042167521079950455,0.3841440060806948,-0.37023700180293445,-0.35786204666701876,0.9324966934141216,0.2194041957307211,-0.6938186410591065,1.5857913959757726,0.7196373906232142,0.3457268297915166,-0.7310632634718259,0.46939043524471824,-1.1814710777842157,-0.04748980718787442,0.5719579430960093,-0.0447207028715682
720575940928343548,-1.0192812036281231,-0.5080217598010264,-1.0343664080593713,-0.21101132942863857,0.5648614004016568,3.684694978013002,-0.17233741150634602,-1.0811920880649317,-0.05309079636483315,-1.2129980467014982,-0.7267480734895037,-0.08694313135540527,-0.35033716482804395,-0.2239955955933486,-0.0005787612651690828,-0.4380711166856719,2.439995440544497,-0.09621720440578253,-0.2354160552406587,0.07686847753661247,-0.3207564894157385,-0.33366142865519993,0.7901252832252673,0.26288678313724173,-0.6938186410591065,1.7607052342835254,0.6324874677910093,-0.09357066753927909,-0.8542578567060521,0.16793296497477816,-0.3837070895537345,-0.004876458967354711,0.3927420616601623,-0.16660684302052386
720575940917852811,-0.6797067179858589,-0.3692135903240183,-1.2209537412384082,-0.9333272754059194,0.195212576598998,1.88905097361979,1.5167868480980358,-0.7874214535728041,-0.23942002656258654,-1.0756428578982737,-0.68735556693298,-0.8864539219943262,-0.1364719647174718,0.6523124084915453,0.07083915497457624,-0.4380711166856719,1.3861972149508788,-0.3700174108981322,0.4992732158533419,-0.10170740322782851,-0.22082101253744116,-0.37450769421271174,0.7704420939661558,0.5713395693355428,-0.6938186410591065,1.6591985083930194,0.24525056588105004,0.9418163905637682,-0.2843739709600645,0.16793296497477816,0.41405689867674667,0.035152628694790765,0.8081775054551489,0.17319833933741863
720575940883201751,-0.41089743563947473,0.25542317232251777,-0.6611917417012971,-0.47229885969639057,0.5089215757969499,1.9203625568945333,0.6646134406682088,-0.9522137122953233,0.28764672021193494,-0.5317163102375051,-0.5644965960816318,-1.3324677861674183,0.3213026025305513,-0.23825900156014243,0.32579964168229136,0.6065294721057138,3.1379649265379532,-0.09505262690687163,0.18084309683820976,-0.6517848930825796,-0.2776288095411843,-0.47797530086190476,0.7778649263302738,0.7005882524502631,0.7343375016448936,1.94731337952844,0.6714570328708118,0.5025188932329728,-0.7866849984124319,-1.4767274208346066,-0.012767959244232803,-0.6524961714545247,0.48484039409629365,-0.3507282843456671
720575940920456848,-0.5903063128726644,0.18601908758401378,-0.008136075574667452,0.6234013901771556,0.6960248073535736,0.45224660283202395,-0.41355375504118513,-0.5001844328626261,-0.5296779110539072,-0.794064720851664,-0.6377914932574252,-0.8084751109803393,-0.27623570820472465,0.29929311081339877,0.34855607761204876,-0.4380711166856719,2.574041223217217,-0.002850945502223239,-0.49051558449362587,0.30770141555719616,-0.2182071832086873,-0.34700358447172436,1.117056396334649,0.7687596424720761,-0.6938186410591065,1.8786334494293047,0.8152765244862537,-0.6896602283115308,-0.6900285488774343,0.46939043524471824,0.32852803172310574,0.035152628694790765,0.8081775054551489,-0.40388834064272483
720575940910295881,-0.5956120980938253,-0.8550421834935463,-1.1276600746488896,-0.8879902617305666,-0.46066189002080893,1.8167673577399288,-1.8353655993144213,0.19455649928473667,-0.1295525920236716,0.03418706763177912,-0.23534895865126867,-0.6950670924529604,-0.2457713945284673,-0.3853503755927035,0.37236832700914474,-0.4380711166856719,1.8811021720308447,-0.15397685458774826,0.8813146374692475,-0.4185887772536174,-0.22771660202348779,-0.3957269592025176,1.0911448700326143,0.7239974278932244,-0.6938186410591065,1.649180424103844,0.5760690746484018,0.9837747341096057,-0.79449917782488,-0.5481932275096997,0.2315633996751104,-0.1948265246662089,0.6546059132002346,-0.20851515432204526
720575940882117920,-0.6422274351619675,0.04721091810700575,-1.1276600746488896,-0.8409165124090109,0.620287085915493,0.8517846516142239,-0.3002722473718058,-1.122329656321655,-0.46657837094709803,-0.2844769703917012,-0.6501175381690661,-0.8476834275824812,-0.3760193438149067,-0.4994576233270537,0.0958565554401105,-0.4380711166856719,2.5616720294183417,0.0075809407383701,0.476943382560417,0.004916812412773757,-0.18294007795484937,-0.3770556402625992,1.2556055876048025,0.34303854949163953,-0.6938186410591065,1.7344768218900752,0.7079636693013257,0.6350846939864935,-1.0538197093843442,0.03764662226745566,0.32852803172310574,-0.1948265246662089,0.5719579430960093,-0.4158591309034009
720575940881055666,-0.5484627622403719,-0.5774258445395304,-1.1276600746488896,-0.9335981959587122,-0.2042718419936244,1.658535762680264,1.629771133941161,-0.4868752196030982,0.06494246101143264,-0.8751042822455664,-0.5775384670407986,-0.9440696635663309,-0.10473592601682635,0.6861879976626808,0.09286177640681201,0.9308012188632295,1.361529862469074,-0.3562486076705727,0.9142315416887854,-0.05608486260006472,-0.26910680764663936,-0.3262062619690947,1.3860099249957378,0.5426290611178014,1.1083137652964894,1.5967712555957339,0.24525056588105004,1.1337143672454237,-0.4526974579657012,0.16793296497477816,0.11962594694870593,0.14246025851097976,1.0773487715998535,0.04742684421843161
720575940890962241,-0.8837805929939423,0.04721091810700575,-0.7544854082908157,0.02416711544891869,1.0460147736354017,1.7552720010721419,0.2982872496680697,-1.2682470307852074,-0.3492874611015005,-1.1292113815315314,-0.7507071041900799,-0.5296716772790394,0.17698119604168408,-1.1208072457555087,0.14448852013342683,-0.4380711166856719,1.8213771703042898,0.7226763380701713,0.12420009995677127,0.12329859981656094,-0.2912868522848237,-0.48390589580497045,0.6413801427036585,0.41554464169492367,-0.6938186410591065,1.5632901477983436,1.1958703177413441,0.3457268297915166,-1.0905985232170834,0.16793296497477816,-0.17480500477933467,-0.7728790350656515,0.1910689224998069,-0.660931033844104
720575940905042902,-0.2727970950656456,0.3942313417995258,-0.5678980751117786,-0.5037618050427528,0.46639499338617846,1.2434092378558,-0.006708661089760788,-0.8232353365257159,-0.24164706915459097,-0.43419412618721603,-0.5879308099304869,0.025797317153785155,-0.39796549405842085,1.451954605504923,0.35600038876185564,0.02891685874006481,2.0760822385828686,-0.2556549983842837,1.3451432164862493,-0.6517848930825796,-0.2253355012996059,-0.49660312675363816,0.5516753401922143,0.8110337496012985,0.20724756211869141,1.7941863420809157,0.4795402877194425,1.3187048734311284,-0.5332925893520922,-1.4767274208346066,0.32852803172310574,-0.7728790350656515,0.48484039409629365,-0.11610342158657067
720575940903188925,-0.5649247411275045,0.11661500284550975,-0.47460440852226005,-0.04335929401998272,0.580287527269778,2.48359705521708,0.1869580370652476,-0.8926852311708892,-0.05680253401817444,-0.652588876384343,-0.6135167175073359,-0.5993015001833424,-0.316809094920316,1.2638559393178304,-0.14294224945342912,-0.4380711166856719,1.7828157360948262,0.09004273210274301,0.1421005542601061,0.6575141322487811,-0.17625090210313205,-0.4063549516982769,0.8789942484347079,0.015325540262989781,-0.6938186410591065,1.6075781968360008,0.843935102773781,0.4276912448682521,-0.8321060525416161,0.6234864720446112,0.41405689867674667,-0.25227819913055427,0.48484039409629365,-0.21622080402840033
720575940937857965,-0.5642306570613971,0.3942313417995258,-0.38131074193274156,0.08059387090008727,0.8855067690833819,0.30389797766861343,-0.6105299124511415,-1.1542717681445218,-0.3849201425735805,-0.4726535790521191,-0.6677304113369866,-0.9834737760825594,-0.10845685930911803,-1.406075365091385,0.2457703164329262,2.5926955443932176,1.5405977981572831,-0.012882896303644985,0.737772666758171,-0.3880016686716444,-0.26276096755162737,-0.39154314462750384,0.9749575544306529,0.5127923673878275,1.6354037048226917,1.4650905443866256,0.6838839538025009,0.8020541005069207,-1.011136276814135,-0.5481932275096997,-0.012767959244232803,-0.25227819913055427,0.3927420616601623,-0.22255997440592726
720575940905043926,-0.8091533387027703,0.25542317232251777,-1.1276600746488896,-0.6540386354017163,1.1616252513617205,1.775652958922583,-0.34511112175497516,-1.3374549397347535,0.05232255299007127,-0.32293642325660427,-0.6440204000653753,-0.6381276685430405,-0.18928221982829413,0.5792124529117272,0.19592228567180514,0.20592456402964174,1.936020874353654,-0.10105031027368276,1.185984670198725,0.048843347897412806,-0.1704118556238738,-0.3175276833139875,-0.11869117974192607,0.41554464169492367,0.20724756211869141,1.54002600172557,0.5456499697040037,0.9837747341096057,-1.1281758536838182,0.03764662226745566,0.32852803172310574,-0.04748980718787442,-0.6320152912474526,-0.2709420845517935
720575940875854397,-0.43789665311005765,-0.2998095055855143,-0.7544854082908157,-0.5607589914356165,-0.03325555890579341,1.195840082143961,0.6000628383905565,-0.6497315927605953,-0.25575167223728984,-0.6113823197433754,-0.5902667504024579,0.28897978488538434,0.67266667718628,-0.6224794997906505,-0.013049790985520676,-0.4380711166856719,2.3411151168895796,0.008356641051045713,0.6101330210116823,-0.2691586938989856,-0.3312626256075404,-0.37819498600114965,1.7087740538164051,0.41554464169492367,-0.6938186410591065,1.8999686368568567,0.8887505425928943,0.9837747341096057,-0.4786038394475739,-0.11644941453243751,-0.3837070895537345,-0.004876458967354711,1.3079246078435538,-0.311620735096125
720575940888799761,-0.5967049306412658,-0.02219316663149826,-0.38131074193274156,0.12714172482396527,0.47292431554797243,-0.5655309862838016,-1.7511223101889903,-0.7170036161451194,0.17035581036633674,-0.9465289804232431,-0.6168704533610155,-1.375176505616215,11.253851843045297,-0.06531520421276762,0.3187354400074141,0.6316772640580992,1.0369732228446016,0.7685731135964267,0.20032895438428722,-0.1862563507425402,-0.109433467762089,-0.4496003153155244,-0.32868286247298206,0.6764358056491215,0.7343375016448936,1.3658750613131616,1.276187975322902,0.5025188932329728,-0.8952748898888631,-0.11644941453243751,0.6229589834511465,-0.4625461057556704,-0.6320152912474526,-0.6056843177979514
720575940905043670,-0.767507943498308,-0.3692135903240183,-1.2209537412384082,-0.8411123213267174,0.3224049534528244,3.16832780208464,-0.9226208075015774,-0.8740523326075503,-0.21046847286652087,-0.677312810368923,-0.6315466984926928,-0.4771518382855387,-0.0755819260973324,-0.2908553110626943,0.006675197580269031,-0.4380711166856719,2.951515190463601,-0.00422218829803623,0.8090061552898438,-0.5284358190572502,-0.2194646848625581,-0.4581873433839895,-0.4034311044348436,0.26288678313724173,-0.6938186410591065,1.8566135948782014,0.7310799338855402,0.8977054164740559,-0.9161537655004208,-0.8908875710574512,0.2315633996751104,-0.5507139105330742,-0.8217969951903441,-0.3036674509413486
720575940903415565,-0.535065951851458,0.11661500284550975,-0.7544854082908157,-0.4531332670058019,0.5363883791361239,0.7192416842593267,0.30702639736450205,-0.6388422364573447,-0.3210782549361034,-0.21579937599008936,-0.5282082630930643,-1.3750767805579887,-0.18759317041528248,0.23599924683575152,0.2499572271964209,-0.4380711166856719,0.9288715307624454,-0.1447824192588791,-0.010081147141075766,0.06463965276054619,-0.17563663326304402,-0.36925988892675443,1.6340991644818215,0.8891266833740746,-0.6938186410591065,1.5746329942483426,0.8053988557136621,0.5713536570440243,-0.07840568773556278,0.46939043524471824,0.6810824819419754,0.14246025851097976,1.5563048479905273,0.01572950030539929
720575940927184920,0.5318735519555855,-0.6468299292780344,-1.0343664080593713,-1.5388215056807428,-1.0750258751554815,0.844919581761311,-0.5362273356685022,0.6947409321473633,0.15105477456896038,-0.08119129096292929,-0.051724691178874675,0.9339907376436032,-0.439829406114115,-0.22756144708504705,-0.4200904458611779,-0.4380711166856719,-0.533480340655855,-0.40182028348907967,-0.5548309223092647,-0.4619741011287732,-0.3393023413856902,-0.5215457393971126,-0.5605947943834692,-0.5728695239158706,-0.6938186410591065,-0.29504589692135064,0.6188908510101575,-0.4422607076623912,1.4466781023138886,0.03764662226745566,-0.012767959244232803,-0.6524961714545247,0.6546059132002346,1.080837162822766
720575940878957108,0.5130950864064694,-1.4102748614015785,-1.2209537412384082,-1.6981860672154783,-1.6319297065464788,1.1637945513693857,-1.1976460511010492,1.7877903192980558,1.6713825173777188,1.9159531542359527,2.8884405878186015,1.9689794308870496,-0.46380929367242896,-1.2821620257548636,0.2954850540569393,4.427151726674544,-0.4806573681660505,-0.5177733983362509,-0.12592471189263346,-0.01661680892407557,-0.35585959295376324,-0.5352743631380893,-0.655794472595381,1.0247269175563247,2.9104461716520853,-0.14191885947382607,-0.7398032608184434,0.5025188932329728,0.317887897824771,0.46939043524471824,-0.6781380412817751,-1.3778853993323015,-0.46224977214351165,0.8230165054422044
720575940917531755,0.24757004662688584,-1.3408707766630745,-1.0343664080593713,-1.3974554878968455,-1.480964115305226,1.1012638862082764,0.48720558695310706,0.21633521189123703,0.7189506355302396,0.7992554692657393,0.36437360522436074,1.8341930351899558,-0.41256386717288906,-1.0503816787944646,-0.319012226503026,-0.4380711166856719,-0.5557873482496112,-0.5028402639788209,-0.3239725525521725,-0.3096475499541396,-0.3615244583662642,-0.5237036640983562,-0.6960661102615042,0.17328473159545155,-0.6938186410591065,-0.7707019203606886,-0.21034339756277626,0.5025188932329728,1.2479695655250036,0.3803409658152072,-0.6781380412817751,-0.7728790350656515,0.1910689224998069,1.116025465209556
720575940888216655,0.17494774749444056,-0.5774258445395304,-0.5678980751117786,-0.8889778468543535,-0.8194682133417439,0.8440382328289429,-1.481449917294199,-0.37217399987552935,0.22454718010512578,-0.020755007889510325,-0.3098588615915911,-0.09673568400109953,-0.2495564357163543,-0.6813160494036749,-0.33558185490132053,0.8659111081487215,-0.551402756882305,-0.5066711749749555,-0.4448612031993556,-0.5950387502239743,-0.37023700180293445,-0.5303328769432719,-0.8561137725127619,-0.11175887915988794,1.6354037048226917,-0.7707019203606886,-0.4164407206888825,-0.09357066753927909,0.7662063374886434,-0.8908875710574512,-1.1814710777842157,-1.1101658182428402,-0.6320152912474526,1.1515789833061274
720575940899432749,-0.3621946645225984,-1.3408707766630745,-1.1276600746488896,-1.096346389826946,-1.1696160226902692,-0.5044917248966845,0.6351060942507192,-0.06194833808071234,0.6818332589968228,0.7044803889915136,0.1757639431885648,1.432620260954091,-0.2964217933765748,-0.6929050667516947,-0.3805229938037027,0.12358578715646357,-0.47337195254814335,-0.5096850646638352,-0.4307504095284322,-0.16294597647855188,-0.3577886959398455,-0.5082227491773321,-1.1553281576397432,-0.4556012171337349,0.7343375016448936,-0.016804959967194683,-0.5055135389800508,-0.09357066753927909,0.6341432358018511,0.3803409658152072,-0.6781380412817751,-0.6524961714545247,-1.9386526805340907,1.1325563413642412
720575940891783335,0.5156007009824394,-1.4796789461400826,-1.2209537412384082,-1.6992091230071593,-1.6841916626241975,0.2269395442878442,0.2230201139452184,1.7430229656069154,2.135349724045431,1.6577253992858916,3.0281888929265413,1.0667681196619272,-0.3782556912406067,1.2451352189864127,-0.3621840183079195,-0.4380711166856719,-0.5551314798222813,-0.5244257271333504,-0.570480402291703,1.1874017463550492,-0.2514360927790726,-0.47625679031655904,-0.9116609656297531,-0.11175887915988794,-0.6938186410591065,-0.7707019203606886,-0.7398032608184434,-0.6896602283115308,1.1451049853299562,1.6823070080768405,0.7348964361775508,-0.09304426374475866,-0.46224977214351165,1.0213472396030128
720575940917975893,-0.06748506409596032,-1.3408707766630745,-1.0343664080593713,-1.2061201780806337,-1.3376059248950316,0.8532162581921866,0.7909640727703143,1.215978120529607,2.0321634172825314,0.30477678957413123,1.2176961922207519,1.1738712739771664,-0.2919880592080459,3.921306763506099,-0.1129827642870461,-0.4380711166856719,-0.548785018682293,-0.49674051712040573,-0.5021332710392494,0.3245955297434999,-0.3304552848266933,-0.5434001180909628,-0.5664194540539793,0.5127923673878275,-0.6938186410591065,-0.7707019203606886,-0.33928233588811985,-0.4422607076623912,0.5004557782433473,0.8666319782740153,-0.17480500477933467,-1.8355550461206174,-0.16847830054702487,1.018774169416284
720575940899434029,0.8609558501035671,-0.5080217598010264,-0.38131074193274156,-1.1432686027474823,-1.1301649994647205,0.4548069950292563,-0.8564165076203196,0.6727202338452348,0.5437566182925118,0.3542246575432921,0.28878181456071367,0.9617896988537226,-0.4221541034819584,-0.11612858796947048,-0.38787339204704796,-0.4380711166856719,-0.5542454294221087,-0.5319182147470862,-0.5050751345252555,-0.31800304747458474,-0.34109493219704606,-0.49398899284831904,-1.1998422309132593,-0.3540187892593601,-0.6938186410591065,-0.7707019203606886,-1.140324185748767,-0.2503627309807355,1.074076264935232,0.2807921284968597,-0.17480500477933467,-0.3152093882773357,-1.9386526805340907,1.1837928497143733
720575940920037245,0.26373249157388845,-0.2304054208470103,-0.008136075574667452,-0.4066874540667985,-0.5962797050708408,-0.0877733449322233,-1.0999251868907034,0.04404139660425519,0.2683456844145579,-0.17321926746108973,-0.2279245471384909,1.158223515668144,-0.3723820352961084,0.31712236827189144,-0.1782261488905902,-0.4380711166856719,-0.4735502040931641,-0.5097340682866076,-0.3982098577292295,-0.5501328862634849,-0.32881983211369237,-0.5316961394649478,-0.7399048002464884,0.5426290611178014,-0.6938186410591065,0.08897733480874588,-0.4164407206888825,0.1538288531098606,0.9421193011441138,-0.5481932275096997,-0.012767959244232803,-1.1101658182428402,-0.16847830054702487,1.0824725092391612
720575940922795818,0.17459804093933337,-1.2714666919245705,-0.7544854082908157,-1.0759440483115066,-1.393099533853386,0.37359339733530095,0.7175514802846645,0.7196654587970248,0.7761113953917017,1.0341328421192526,0.7700352175602707,1.420171910437311,-0.3632038386689922,0.41072596992897537,-0.2150633447804119,0.288093717508717,-0.5320321842027905,-0.5087809636926476,-0.2449298236866035,-0.45427906902253773,-0.33804823353093705,-0.5388520446871075,-1.0959700679627835,0.6257011311527354,1.3983922914529066,-0.29504589692135064,-0.2712238171416581,0.7499184138821126,1.3822013099233827,0.03764662226745566,-0.012767959244232803,-1.3778853993323015,-1.036953745743798,1.1009076922904824
720575940927244512,1.018836073316691,-0.9244462682320503,-0.47460440852226005,-1.2950537028482874,-1.4637271219699302,-0.0900010117477638,1.908234219513204,1.4337652465946107,3.438911987899034,1.5107553472664415,3.637435231361964,0.8841166043655732,0.31550089089695715,3.504993601850306,-0.1840052338742084,-0.12023665968339607,-0.5692015331647813,-0.5270849361216253,-0.6061807947910154,1.3191873948440247,-0.31388230543897533,-0.5354375488634152,-0.6698962628364151,0.8110337496012985,0.7343375016448936,-1.2463579438000265,-0.7398032608184434,-1.0383502684346428,1.5916845491835545,1.9551112853483619,0.41405689867674667,-1.1101658182428402,0.5719579430960093,1.0038665442774204
720575940891184310,0.6837630328964853,-0.7162340140165384,-0.288017075343223,-0.9661787207527898,-1.1958923526676744,0.03341795672632077,2.30254694679148,0.22044896871690922,1.7901581222846532,2.273076645124336,1.706497088361574,0.7447752302981537,-0.13586233815883647,1.5339691898139878,-0.35816628451508425,-0.08071626014274806,-0.5570071968005113,-0.5293250812496822,-0.57822441046818,1.214361073118135,-0.31479525849250534,-0.4896841778333656,-1.014142318913831,0.015325540262989781,0.7343375016448936,-0.7707019203606886,-0.9060344639103745,-0.6896602283115308,1.3993741093966892,1.8125933507841627,0.32852803172310574,-0.14197610735752927,-0.6320152912474526,1.052568166612612
720575940917853067,0.8283472956828448,-0.7856380987550423,-0.8477790748803341,-1.509224418536249,-1.303738746648397,1.0965210969999635,-0.43879441380419637,0.6572331493250567,0.8102593818024452,-0.030369871105736152,0.19394626525193215,0.7762935113322156,-0.38356203079726336,1.0472304611971492,-0.3858470234646536,-0.4380711166856719,-0.5423182808867827,-0.4842959963380889,-0.2956021694827729,-0.22323833177398558,-0.32658516893492573,-0.46938731769341263,-0.7894655040269055,-0.26441673771756957,-0.6938186410591065,-0.4924609834065325,0.0239463242756162,0.5713536570440243,1.2352893784094656,0.5499454789422096,0.11962594694870593,-0.004876458967354711,-0.039506913743893486,1.0731789864536703
720575940878325883,0.08809266436688384,-0.5774258445395304,-0.288017075343223,-0.5343541727343263,-0.7620274561445396,-0.26338293560016396,-0.8215961948669553,-0.12147681920514691,0.29061611033460827,0.2882941669177439,-0.12278038073469057,1.1357735123088588,-0.3258212588488889,-0.9835219633251184,-0.41188630056970416,-0.17786205109934922,-0.5514428442162745,-0.47256266774778627,-0.3352982683796424,-0.19883820323821697,-0.33563407591053723,-0.5173244972421922,-0.544280215954834,-0.7115684922179836,0.20724756211869141,-0.7707019203606886,-0.015919795758558914,0.25511937258383316,0.756643673385383,0.3803409658152072,-0.17480500477933467,-0.7728790350656515,0.07990193959994857,1.0882901550434643
720575940880005762,0.0774016024743114,-1.2714666919245705,-1.0343664080593713,-1.299360215713643,-1.3481251352862598,-0.16876273155357813,0.1968712071882832,0.7690305407050921,1.6877141630524224,1.9654010222051133,1.982506633846707,0.8161031960715913,-0.2917770726075543,-0.18744561780343955,-0.32828368974632,-0.4380711166856719,-0.5692015331647813,-0.5041877820974751,-0.5687951160036937,0.3175675986794561,-0.3514296825518335,-0.5434001180909628,-0.8987121202827227,0.07170230372107651,-0.6938186410591065,-1.2463579438000265,-0.2712238171416581,-0.6896602283115308,1.1180802030094439,1.135785328719365,-0.3837070895537345,-1.8355550461206174,-0.46224977214351165,1.1263054252737301
720575940915578005,0.21766255241603738,-1.4796789461400826,-1.2209537412384082,-1.5655503831424897,-1.581771706383976,0.37732275545185473,0.7151433076189367,0.6630408060201242,2.1516813697201336,2.1508305270894668,2.3593512317877257,1.611232625892014,-0.3693909140066964,2.705351404836929,-0.13436426886655234,1.1347211350496271,-0.5692015331647813,-0.5233831173709765,-0.3753364573451587,-0.0162325073908106,-0.3005197104289098,-0.5321422654491365,-1.0337017084506748,0.6764358056491215,2.0093799684742875,-1.2463579438000265,-0.7398032608184434,0.25511937258383316,1.0020891118763877,0.7537728147519335,0.32852803172310574,-1.1101658182428402,-1.036953745743798,1.0485367643440189
720575940878955828,0.23524246084423872,0.04721091810700575,0.3650385907834066,-0.014848934124232948,-0.35132880351351836,-0.0036025328056518598,1.4399176158884899,-0.7138578021019578,0.19708032147039697,-0.10866232872357416,-0.4331200938126331,0.3463727101374253,-0.1414640737995346,-0.4700393485205415,-0.37291801299914007,-0.4380711166856719,-0.49066709199807834,-0.5058036713084655,-0.2394885604979149,-0.30124746478669334,-0.2580187481120527,-0.5030400435899773,-0.7490159626297348,-0.26441673771756957,-0.6938186410591065,-0.016804959967194683,-0.33928233588811985,0.5713536570440243,0.9649407317210925,0.2807921284968597,0.6229589834511465,-0.4625461057556704,-0.16847830054702487,1.0690447272321235
720575940919632133,0.3150402936706055,-0.02219316663149826,0.17845125760436958,-0.2717282351463931,-0.4670930503796658,-0.07841554377472489,0.4402563737350635,0.9338227994276126,0.2913584578652762,-0.5399576215656986,-0.15055216967516669,1.106859641684822,-0.03761741945423379,0.07107861534469814,-0.3882294201367117,-0.24723394271750662,-0.5301288974207923,-0.48232200930261343,-0.4941413797033194,-0.23654635184765843,-0.31948147125709914,-0.5338381956786287,-0.9907422952118432,-0.26441673771756957,0.20724756211869141,-0.29504589692135064,0.06123858904220385,-0.09357066753927909,1.3030342112474167,0.5499454789422096,0.2315633996751104,-1.1101658182428402,-0.6320152912474526,1.1349229962170002
720575940896872522,0.6408413638861019,-1.0632544377090585,-0.7544854082908157,-1.3442656755003088,-1.4245939756627948,-0.06795964785269555,0.9992224317006951,1.319306012562669,3.458213023696411,2.253846918691885,4.434117917304217,0.7070449563049405,-0.4104132691836206,1.4813728803114357,-0.01797996070308472,4.034167275068932,-0.5692015331647813,-0.5220450126959755,-0.2610344375673836,-0.04359437808994749,-0.32893673541523455,-0.5060530998430464,-0.46149621654296785,1.0400958882426392,3.49060322396492,-1.2463579438000265,-0.6108643224931001,0.6944168699146285,1.2983657315459625,0.8666319782740153,0.11962594694870593,-0.38477659036506306,0.7332206342432678,0.9216252599334778
720575940865467295,-1.2196025212655237,-1.5490830308785866,-1.2209537412384082,-0.2014788642802319,-0.6453344391847997,-0.15560673990904078,-1.6772291261100924,-0.5108318034702487,0.5452413133538486,-0.12926560704405812,-0.3128444227891817,0.7773754163916088,0.4531575082587983,-0.8979415275243555,0.4158261587459389,0.3136063401804782,-0.49225106576266375,-0.5360298383847063,-0.5226712662857944,-0.4064510483880891,-0.37023700180293445,-0.5151529426106746,-0.7251354769642603,1.0247269175563247,0.7343375016448936,-0.29504589692135064,-1.5408451106790908,-0.6896602283115308,0.0857367618944314,-0.30504772128029567,-1.1814710777842157,-0.920215752543986,-0.8217969951903441,0.9265816938663911
720575940899433773,0.17772774815758663,-0.7856380987550423,-0.6611917417012971,-0.9845161802072511,-0.9932251989569457,0.567784000934087,-0.39730450472736745,0.5998825394612731,0.7308281960209334,0.2869206150297119,0.30459903525090404,-0.4413531347569081,-0.4388771629752463,-0.3006614026648652,-0.031006762914237325,-0.4380711166856719,-0.4633442158422672,-0.45288262005891927,-0.19153126923622557,-0.5553578072123758,-0.35059283980801775,-0.5156441350240897,-0.8782764427211625,0.8891266833740746,-0.6938186410591065,0.18061012651798714,0.2183699260798338,0.6944168699146285,1.0110804972912588,-0.5481932275096997,-0.3837070895537345,-0.6524961714545247,-0.46224977214351165,0.9786425998051856
720575940899291016,0.2530757714339624,-0.7162340140165384,-0.008136075574667452,-0.3974138990833031,-0.9801189811899947,-0.20830751082180388,-1.026764119787077,0.48155153429928654,0.3841518991988189,0.020451548751456678,0.009052445136599146,1.8584296353824112,-0.38595254169179904,-0.8408879036571807,-0.4009511899028161,-0.4380711166856719,-0.5692015331647813,-0.516244807518028,-0.5988568690068472,-0.6058948943853139,-0.3234933633210544,-0.46942875117057326,-1.0535921140274798,-0.4556012171337349,-0.6938186410591065,-1.2463579438000265,-0.5055135389800508,-1.0383502684346428,1.1393493767748828,-0.8908875710574512,0.11962594694870593,-0.04748980718787442,-1.036953745743798,1.178842203049913
720575940920027261,0.5436319168215044,-0.9938503529705544,-0.47460440852226005,-1.0449390963546046,-1.3358509315681448,0.044565125819652635,-0.07627497458409134,0.4438017657813528,0.5586035689058786,1.0904484695285745,0.5320671577978089,1.3494670609764483,-0.20326030787423272,-0.6866648266412226,-0.37810032412683164,-0.4380711166856719,-0.5692015331647813,-0.5360298383847063,-0.45400326940499997,-0.49001821813816443,-0.34826689012522194,-0.5061492311641478,-0.8810889847582799,-0.3540187892593601,-0.6938186410591065,-1.2463579438000265,-1.5408451106790908,-0.09357066753927909,0.861293004245837,-0.30504772128029567,-0.3837070895537345,-0.5507139105330742,-0.6320152912474526,1.1836157525369504
720575940927244256,0.1993495478635387,-1.2020626071860665,-0.8477790748803341,-1.185134515569848,-1.3471748580772605,-0.182184649135107,-0.008376930387491734,0.4752599062129651,2.9051641133484982,2.1109975223365316,2.6468899670354813,1.4850617602329765,-0.3667813659048517,1.5455582071620078,-0.20605575534507492,0.24907891376829672,-0.5535693803235104,-0.5059474912945539,-0.531762049873283,0.7436932116322094,-0.36008388318264345,-0.49175550027192677,-0.8070110524086207,0.4817375177937526,1.1083137652964894,-0.7707019203606886,-0.33928233588811985,-0.4422607076623912,0.9613946583643974,1.3692714355712066,-0.6781380412817751,-0.3152093882773357,-0.3086781798885981,1.0141227467466167
720575940937856941,0.5145411672525676,-0.6468299292780344,-0.38131074193274156,-0.9433434647929132,-1.0663957470938068,0.07037091873242453,-0.10060608106670316,1.191295579575573,1.220035218731368,0.7250836673119972,1.099904753101572,1.3142361676520748,-0.32764494677865513,4.645174616320886,-0.32107207247739084,0.8073420179208023,-0.5550354212475391,-0.5165576143301495,-0.5115981902170116,0.7483135256691736,-0.29662962800379994,-0.4653981261520427,-0.9086138285737607,0.12418781483512899,1.8357939995318415,-0.7707019203606886,-0.5055135389800508,-0.2503627309807355,1.1322886527983194,1.4524718280511708,0.41405689867674667,-0.004876458967354711,-0.46224977214351165,1.0165004063076755
720575940892204542,0.2776280696959115,-0.2998095055855143,-0.1947234087537045,-0.5995847753675951,-0.6613635443721914,-0.36439794202595155,-1.49304499362384,-0.03895969699607286,0.901568128074651,0.1028646620333913,0.02116550539525771,0.7662763417549635,-0.44657717439147115,-0.7900745199004774,-0.3571136363057222,-0.24118491164080608,-0.5692015331647813,-0.5064777186607353,-0.5176181833431652,-0.43758464353961674,-0.31787265587169944,-0.5088725833269977,-1.1211834054319998,-0.045566003061059006,0.20724756211869141,-1.2463579438000265,-0.2712238171416581,-0.2503627309807355,1.2545746787618817,0.03764662226745566,0.2315633996751104,-0.4625461057556704,-1.2853339858907717,1.1610209460443135
720575940878955572,0.2111977131492402,-1.4796789461400826,-1.5008347410069638,-1.8397447750588607,-1.5793227988120355,1.5902828602788421,-0.9287706627830896,0.5626167423345938,0.9728334910188117,0.7553018088487068,0.6381347034735021,1.475341884319979,-0.3647780427361903,-1.4818497092899772,-0.2704275585939959,-0.4380711166856719,-0.49439263474792194,-0.5236902863064145,-0.628569447383467,-0.1270715075987402,-0.3410838725880875,-0.5214312838274825,-1.1470475000512765,0.3040177823510327,-0.6938186410591065,-0.016804959967194683,-0.7398032608184434,-1.634439829206895,1.0647383890300703,0.6234864720446112,-0.17480500477933467,-0.7728790350656515,-1.579105457487259,1.142769218339206
720575940900033476,0.695717561057852,0.04721091810700575,-0.1947234087537045,-0.8937723758178712,-0.664654743472524,0.9383857117871006,-0.3543213861667255,0.43702616630377517,-0.046409668588818176,-0.2693678996233465,-0.24965971840022186,-0.24958571452160186,0.38944842882955855,-0.6233709626635751,-0.441520128392493,-0.4380711166856719,-0.5249542947072224,-0.41438853750068455,-0.5067845582348529,-0.5577387229128746,-0.3127596389289189,-0.47301642769669444,-1.0980612317571925,-1.1001730447706821,-0.6938186410591065,-0.29504589692135064,0.4434141778434574,-0.2503627309807355,1.0787263788817,-0.5481932275096997,0.2315633996751104,-0.09304426374475866,-1.2853339858907717,1.0920907004358378
720575940899433005,0.3403422884941385,-0.9938503529705544,-0.47460440852226005,-0.914638612303261,-1.2459889973667788,0.5647376116150259,-0.3838571342474298,1.1886337369236668,1.0025273922455453,1.7071732672550521,1.6249204779198878,-0.3662091512074749,-0.31177716836124264,-0.39872231868657243,-0.3309777780354568,0.2375594395735519,-0.5692015331647813,-0.523353534397845,-0.46992860493987765,-0.6027818886257333,-0.37023700180293445,-0.5264738378908836,-1.1412908840853948,0.015325540262989781,1.1083137652964894,-1.2463579438000265,-0.7398032608184434,-0.09357066753927909,1.028924343990796,-0.8908875710574512,-1.1814710777842157,-0.920215752543986,-1.579105457487259,1.1936937891435744
720575940859648663,0.18601455308777604,-1.5490830308785866,-1.2209537412384082,-1.5497723931603085,-1.626845683031299,0.3931449473739408,1.3838526422582402,0.9139799723861334,1.3358414335156295,0.6536589691343211,0.9550999829749017,1.931325110869218,0.04316411712447774,-0.7998806115026483,-0.40018003781929823,0.11103926886721435,-0.5567096797219153,-0.5222931591594004,-0.6027827705223893,-0.05438609825458232,-0.3296695665044967,-0.4883736178207437,-1.1378406472382447,-0.3540187892593601,1.1083137652964894,-0.7707019203606886,-0.6108643224931001,-1.0383502684346428,1.3794154767129576,0.8666319782740153,0.11962594694870593,-0.14197610735752927,-1.2853339858907717,1.1545888862236822
720575940918815793,-0.16879636201711562,-1.2714666919245705,-0.9410727414698526,-1.0288188937042055,-1.2191953286759012,0.7427425767460888,0.4985264043146772,0.2603766084954948,1.3054051847582273,0.6673944880146435,0.572674926731196,0.7258138359371886,-0.38369611433351497,-1.141310891832775,-0.17070351062422542,1.3379907606444936,-0.37223160116866166,-0.5027070408174,-0.4721844508931493,0.12111414723600998,-0.3308731814180399,-0.5378382543050029,-0.8239511078769297,0.5990058245758881,2.1624936443488942,0.5646333582480837,-0.2712238171416581,-0.09357066753927909,1.0124596509897132,0.9178711960531974,-0.012767959244232803,-1.3778853993323015,-0.3086781798885981,1.0003834195557995
720575940899433261,-0.09955783186739958,-1.2020626071860665,-1.2209537412384082,-1.39052099737561,-1.194586744648556,0.8741238332380816,1.2135423378643067,0.21948102593439775,0.44873613436696425,0.4696030161380005,0.12122757239659863,-0.12428781277029607,-0.2693856624264688,0.5729722128012552,-0.15798052428104437,0.8561726299946186,-0.5397584491724848,-0.5198412798951374,-0.5070119385357279,0.47466206523088383,-0.35111365216859997,-0.4569357741264063,-0.5796668735296215,0.6514913356899406,1.8357939995318415,-0.4924609834065325,-0.6108643224931001,-0.2503627309807355,1.0573659806717788,1.2438285917697316,-0.3837070895537345,0.035152628694790765,0.29505869015340286,0.9777002728787868
720575940893156522,0.11223011392403247,-1.2714666919245705,-1.2209537412384082,-1.5116441868887858,-1.3645889799707034,0.47117002052171075,0.7620166592318496,0.3090157333166783,0.9602135829974496,0.41466094061671105,0.3311769161767853,1.9790340718779078,-0.41906787174060967,-0.21151511537240383,-0.1753313845953736,0.24260145865011332,-0.507262350972032,-0.5275159028711428,-0.40481482632497157,-0.00999181232313803,-0.3501221823525229,-0.5092949266430422,-0.7030485480516359,0.5713395693355428,1.1083137652964894,-0.14191885947382607,-0.9060344639103745,0.1538288531098606,0.9853659112503007,0.7537728147519335,-0.3837070895537345,-0.5507139105330742,-0.039506913743893486,1.0493882749613093
720575940892205566,1.5907136918003069,0.18601908758401378,0.45833225737292516,-0.8913969748186987,-1.0070245917836076,-0.24031716562715766,1.3109596661774041,0.6298887657191179,1.5362752667960806,0.9874320779261562,1.1043784828713221,0.054229957093866334,-0.24591884703566838,-0.41209426178044173,-0.15500562253580039,-0.23430952035352504,-0.5413889832771729,-0.3716403089042998,-0.628569447383467,1.786697947746198,-0.2889475885953982,-0.4566193481762715,-0.42671176666749544,0.7005882524502631,0.20724756211869141,-0.4924609834065325,0.6457714908113735,-1.634439829206895,1.1115830564915248,1.925452514306245,0.4905650772582079,0.07289305642325236,0.6546059132002346,0.7754677737361791
720575940909797811,-0.3177119750640171,-1.9655075393096106,-1.7807157407755194,-1.9181182541539565,-1.8174960223609866,1.5420566859555842,-0.9306639621866958,1.3127723987807196,1.1613897638085702,0.8281000589144162,1.2085896135257925,0.7390215720532206,-0.3603400243600282,-1.4658033775773338,-0.15017848176285714,0.3022075577290693,-0.5355199531001209,-0.5175108466567843,-0.3852207651045566,-0.4370173468513782,-0.3483607393848448,-0.5124903155043169,-0.7644110822918663,0.5713395693355428,1.1083137652964894,-0.4924609834065325,-0.6108643224931001,0.1538288531098606,0.8446647402843378,-0.11644941453243751,-0.3837070895537345,-0.6524961714545247,-0.3086781798885981,1.070540406782302
720575940890111288,0.5361975940477636,-0.09159725137000227,-0.1947234087537045,-0.7902916850571802,-0.6682140461265008,0.5554435882117017,0.12707687489051558,0.13067227563900313,0.06494246101143296,0.3954312141842594,-0.07786038360711006,0.7620174882982105,-0.442061801207993,0.37685038075784066,-0.29439291612375057,-0.2653763108256909,-0.4749132474471493,-0.5036285232613391,-0.5555804319811698,0.1748935946602706,-0.3396167744063737,-0.4958091867660767,-0.9841137869304678,0.3801550899193776,0.20724756211869141,0.26143597698696147,-0.15527035904927367,-0.4422607076623912,1.4632259451823195,1.1733554359594893,-0.012767959244232803,-0.1948265246662089,-0.46224977214351165,1.075554773471454
720575940891185846,1.0119616400951226,-0.02219316663149826,0.08515759101485107,-0.8544113894537113,-0.8804018911869711,0.1756593029313143,0.601102070070208,0.34458763057396197,0.43463153128426574,0.8308471626904801,0.31273265587888344,0.8760339711729987,-0.1151968002595429,2.684847758759662,-0.38988612986271737,-0.4380711166856719,-0.5352443501624686,-0.5235828215500622,-0.5351066254787167,-0.36308502186395053,-0.3555334903700468,-0.4976947878349352,-1.0388224823937005,-0.18426497136317174,-0.6938186410591065,-0.29504589692135064,-0.6108643224931001,-0.2503627309807355,1.554793176468245,0.3803409658152072,-0.3837070895537345,-0.1948265246662089,-0.6320152912474526,1.1772252611306884
720575940920881320,0.39848871130775293,-0.7856380987550423,-0.6611917417012971,-1.1276257171359738,-1.1128563719356859,0.18099202650414867,0.40924288149834237,0.16842204415693604,1.1057136990084446,0.6330556908138374,0.423267917801978,2.004824832761853,-0.3686312154369913,-0.7437184505083976,-0.3636537948773617,0.11595457922382589,-0.5439941869591004,-0.5325649279279395,-0.49848192792444956,-0.5714187124995805,-0.3129342025309979,-0.506387408190534,-1.1802932980809437,-0.045566003061059006,1.1083137652964894,-0.4924609834065325,-1.140324185748767,-0.09357066753927909,1.3693491864978886,-0.5481932275096997,0.32852803172310574,-0.38477659036506306,-1.579105457487259,1.1798961015603477
720575940899433517,0.9946577420849999,-0.2998095055855143,-0.47460440852226005,-1.2838504840099256,-1.0515975256533792,0.6673841116985052,0.5757871880938358,1.131767098451138,0.7597797497169984,0.34186269055100166,0.5693554168069277,-0.13831329164358447,-0.45436484546262873,-0.5770148932714951,-0.2708640698548214,-0.0006124831365342171,-0.4647070135662224,-0.5114068018634651,-0.44367868137007505,-0.1282635864752654,-0.3508457370090125,-0.49956227009075793,-0.8318372777735216,0.3040177823510327,0.7343375016448936,0.18061012651798714,-0.4164407206888825,0.03899513321424171,1.0540044767991439,0.6234864720446112,-0.3837070895537345,-0.38477659036506306,-0.3086781798885981,1.0739167819456217
720575940932846484,-0.053490319312333556,-0.9244462682320503,-0.38131074193274156,-0.5053668332528365,-0.9715084424567598,-0.5045537348482197,0.1724938729348563,-0.02298864108463905,0.7389940188582852,0.48883274257045184,0.1313059427231198,1.104626317845802,-0.35774231823869274,-0.6759672721661273,-0.13202600249507648,0.19835649139545525,-0.5402450223563457,-0.5320495813488023,-0.3595849561744872,0.4098868836091738,-0.3420260229262831,-0.47430882010202435,-0.5414988254351067,0.7239974278932244,1.1083137652964894,-0.4924609834065325,-1.140324185748767,0.3457268297915166,1.0873292990586558,1.2093263218217667,-0.17480500477933467,-0.09304426374475866,0.3927420616601623,0.9829288376783571
720575940927244768,0.6143842514210869,-0.7162340140165384,-0.1947234087537045,-0.8422284964714858,-1.1648389699720763,0.11523602899352894,0.3205157303825892,0.2974004199265443,0.5519224411298636,0.7113481484316755,0.29388517454026636,1.0928498084168146,-0.26495975598877025,0.12634931346602438,-0.4453833315817885,-0.4380711166856719,-0.5451182775351631,-0.5294090443048246,-0.5539975913905886,-0.2294819698235946,-0.29202635684149914,-0.5036176727215038,-0.7213523994488357,-1.1001730447706821,-0.6938186410591065,-0.4924609834065325,-0.9060344639103745,-0.4422607076623912,1.443456939225414,0.6234864720446112,0.559775143397048,-0.3152093882773357,0.29505869015340286,1.157079427633392
720575940900963269,-0.13719937374366187,-0.2304054208470103,0.17845125760436958,0.20317762285712127,-0.2745581511506756,0.01707280347713501,-1.7030029178039223,0.19165267093720403,0.387121289321492,0.7607960164008363,0.1966205665038339,0.3048553746623319,-0.4072803047998005,-0.29352969968146825,2.3224212748935247,-0.12206229524057545,-0.3750994515503591,-0.49452673151306276,1.1522347577272838,-0.03294771699598456,-0.37023700180293445,-0.5117327886137907,0.1623196795428623,2.022957195807861,0.20724756211869141,0.33373716396551206,-0.33928233588811985,1.5591409920403962,0.1863686177615209,0.46939043524471824,-1.1814710777842157,-0.7728790350656515,0.7332206342432678,0.06262423321197572
720575940921525267,0.9164139008808906,0.11661500284550975,0.6449195905519622,-0.34899994136352736,-0.7412612910508685,0.11524886714832344,-0.25918086572452814,0.11905696224886914,0.38118250907614526,0.3679601764236142,0.01976675526465964,0.8604751768692149,-0.18974976869660518,1.3850948900355768,-0.15046112199509398,-0.4380711166856719,-0.5342043831730503,-0.5360298383847063,-0.5924474979056323,0.966097258059235,-0.2679487255298029,-0.5177064304370478,-1.1112824564785804,0.5426290611178014,-0.6938186410591065,-0.4924609834065325,-1.5408451106790908,-1.0383502684346428,0.767794990927371,1.397924628569625,0.4905650772582079,-0.7728790350656515,-1.579105457487259,1.0212525000793113
720575940880837650,0.35104264001872254,-0.02219316663149826,0.17845125760436958,-0.303630211026053,-0.49295831678478547,-0.31576222591065495,-0.8885569189989745,-0.235452081845832,0.3403533948893865,-0.26524724395924987,-0.31572956487124937,0.5872879142540189,1.3883679000700375,-0.02341644918531069,-0.38541488211456165,-0.2117137006975699,-0.5383047545866583,-0.506301123901413,-0.5966796542120087,-0.35626912560967056,-0.3200681829150545,-0.5037042767910124,-0.5412388739778172,-0.3540187892593601,0.20724756211869141,-0.4924609834065325,-0.33928233588811985,-1.0383502684346428,1.0062447868618585,0.16793296497477816,0.11962594694870593,-0.4625461057556704,0.29505869015340286,1.1280829296570625
720575940913573871,0.9591516486574518,-0.09159725137000227,0.5516259239624437,-0.45376175994613754,-0.8998140202983612,-0.18382478911582859,-0.5800278814527248,0.4004863262639801,0.847376758335862,2.7414578389433313,1.4580132762572655,0.9376465792325435,0.5699406685823634,-1.240263270727407,-0.43433492861103734,-0.4380711166856719,-0.556011740770775,-0.5142735856404446,-0.5468871936127463,-0.18921554856939224,-0.35310340182944905,-0.39814783065970516,-1.0325625352139136,-0.8813223101141715,-0.6938186410591065,-0.7707019203606886,-0.4164407206888825,-0.4422607076623912,1.2777917677870727,0.6234864720446112,-0.3837070895537345,0.4318302293741206,-0.8217969951903441,1.1190040713187512
720575940881936465,0.3998190561103839,-0.4386176750625223,-0.288017075343223,-0.7805475517304704,-0.8469533528029547,0.13724456307448915,0.3589137202534084,0.08469499346972331,0.28690437268126634,1.2758779744129274,0.2876973981275114,0.3645739752266981,-0.40062030744359334,0.17805416009565175,1.4083044507182478,-0.0014391245453571938,-0.4500048907893168,-0.49506899216865813,-0.04418838491269413,1.153325781297165,-0.31217313522612283,-0.44495134549866594,0.05993172201240975,2.0017653470899015,0.7343375016448936,0.26143597698696147,-0.15527035904927367,0.9418163905637682,0.8926010015211513,1.619671821075497,0.2315633996751104,0.10859243853947638,1.1967576249436955,0.3397275525634606
720575940877146203,0.5752861264555362,0.04721091810700575,0.7382132571414808,0.007591637309413694,-0.5910255381581213,-0.9358762796027571,1.345410742773842,0.6044802676781997,0.22306248504378895,1.9310622250043077,0.7772075036822148,0.1820976682912763,-0.348917621043305,-0.8007720743755729,0.0036252108216451844,0.3128734729817137,-0.5563889594027777,-0.5078511190898961,0.03264888356844493,-0.6109357847199501,-0.3619152061707037,-0.5104772103894765,-0.9063907383947263,1.069932581972613,1.3983922914529066,-0.7707019203606886,-0.2712238171416581,1.1674432178162764,1.3030342112474167,-0.8908875710574512,-0.6781380412817751,-0.4625461057556704,-0.3086781798885981,1.0025289948967073
720575940882672796,0.30611158413709194,-0.3692135903240183,-0.1947234087537045,-0.622161452350807,-0.7352656925959185,-0.1344168804044934,0.8559310583657012,0.5797977267241676,0.5185168022497884,0.937984209956995,0.5106303457541311,0.48632917132189474,0.13094992293310168,-0.9211195622203957,-0.17936610800233777,0.6194375800678958,-0.44289946165000144,-0.5310695455202823,-0.5540772257143033,0.7863467594552994,-0.3585179330796512,-0.4837901747776407,-0.7220322526447877,0.44936079440994664,1.3983922914529066,0.18061012651798714,-1.140324185748767,-0.6896602283115308,0.7071993813212973,1.276977477527746,-0.6781380412817751,-0.3152093882773357,-0.3086781798885981,0.9861497324403466
720575940891783079,-0.10770487917430191,-0.5774258445395304,-0.8477790748803341,-0.9714045312825982,-0.6188169426770241,0.36028883971671943,-0.9242601502248636,-0.16309835885312518,-0.07907295993822513,-0.6924218811372778,-0.5013137921707854,1.2502349968140882,-0.39875940608050775,0.29037848208415284,-0.0857137679433855,-0.08626592448004687,-0.42514201014766245,-0.47002350520098923,-0.38075351506446176,0.5729917834758674,-0.26107551817162056,-0.5434001180909628,-0.596351919693506,0.44936079440994664,0.20724756211869141,0.08897733480874588,-0.15527035904927367,-0.09357066753927909,0.19633827105357154,0.9178711960531974,0.32852803172310574,-1.8355550461206174,-0.46224977214351165,0.909611222252646
720575940903751971,1.6854756376678006,-0.16100133610850628,0.3650385907834066,-0.9989834798697182,-1.2330055311025057,-0.3635998184159655,-0.17586312906468535,1.414890362335643,0.5875551226019439,1.4599339274092482,1.2843095785289504,0.02434869123611197,-0.11184629534877895,1.4154046277150143,-0.4171994178328978,-0.4380711166856719,-0.5183314822413169,-0.5150525998516101,-0.5498119452800205,-0.48960075575121104,-0.34545684197031457,-0.4173539315042447,-1.1338638215222705,-0.5728695239158706,-0.6938186410591065,-0.14191885947382607,-0.4164407206888825,-0.4422607076623912,1.3456309727428777,-0.11644941453243751,-0.17480500477933467,0.36462538304355707,-1.2853339858907717,1.1413506184634739
720575940894662868,1.1937066232369717,0.18601908758401378,0.08515759101485107,-0.9545795508891516,-0.836373020760433,1.3025398945830682,2.503690984882331,2.322578706635455,0.9602135829974496,1.8802408051471147,2.557155398697384,-0.34437033497780917,-0.20166677823815793,0.24045656120037448,-0.1068296996097544,-0.19453649375074936,-0.48609805621350627,-0.5223221150599596,-0.35409136248106793,-0.015902735754701233,-0.3054659263551084,-0.48848960960040255,-0.9479139273964601,0.6764358056491215,0.20724756211869141,-0.016804959967194683,-0.7398032608184434,0.25511937258383316,0.8545098297902148,0.6911376277505904,0.2315633996751104,-0.3152093882773357,-0.8217969951903441,1.0104263693365023
720575940891518756,2.8796733991565993,3.031586561862678,3.3504359216479993,0.1321548932494932,-0.1686035376096984,-0.7981566095923255,-0.339682011410866,0.5502754718575769,1.5088084081613529,0.49020629445848385,0.722558675474551,0.40407276175075624,-0.3558874609272803,-0.821275720452839,-0.047352424613637256,1.2990271286992379,-0.5692015331647813,-0.5034380836016473,-0.3615948639819537,-0.44561861681389076,-0.37023700180293445,-0.4840563390953328,-0.8641570421237934,1.1126019804459233,2.5364699080004898,-1.2463579438000265,-0.10499261404972714,0.5713536570440243,1.605440925428176,0.16793296497477816,-1.1814710777842157,-0.004876458967354711,0.07990193959994857,1.0170454704071283
720575940902634194,0.6835099624075381,0.3248272570610218,0.7382132571414808,-0.08782819028036558,-0.4616588158095948,-1.2439759580925207,3.5707947275794685,-0.15390290241926854,0.5348484479244917,1.955786158988888,0.5070970060727972,0.5230679918829149,0.058501524933590364,2.372835753236048,-0.2259997384729776,0.06453688122758476,-0.5577675745030397,-0.5203131331805787,-0.6049665610222252,0.07729113030379293,-0.3033995637393134,-0.3755118400043313,-1.075883165717791,0.6514913356899406,1.1083137652964894,-0.7707019203606886,-0.5055135389800508,-1.0383502684346428,1.503137808519104,1.096467158299685,0.4905650772582079,0.6164338874829737,-0.8217969951903441,1.0170362501060937
720575940916299357,0.6923636964262857,0.11661500284550975,0.5516259239624437,-0.25463562621321667,-0.6138569638923941,-1.2794220544151982,-0.21136160454683178,0.41258561104536895,0.4227539707935726,1.674208021942278,0.6896051768071112,1.1166441807330438,0.6477282043809142,0.16468221700178245,-0.37115536796819765,-0.4380711166856719,-0.5435763856407742,-0.4761500598832348,-0.6021207141453905,-0.32499202618154444,-0.3619152061707037,-0.3599724894683961,-1.0418694238309198,-0.11175887915988794,-0.6938186410591065,-0.4924609834065325,0.12929710778866532,-1.0383502684346428,1.3163863718445528,0.3803409658152072,-0.6781380412817751,0.6001299052992954,-0.8217969951903441,1.064619953239045
720575940878326395,-0.0665177808780624,-0.2304054208470103,0.08515759101485107,0.016553182686350715,-0.3381910673831985,-0.19269701332124245,1.6464778268280513,-0.06896592325391801,0.1287843486489097,0.3240065160065823,-0.14396508243152015,0.6000461167268735,-0.1487572160180886,-0.6643782548181071,-0.23573602822843734,-0.14690976305581488,-0.549330419522803,-0.5305670158500458,-0.505510850346832,1.6289295381397908,-0.21536100284905996,-0.43398502556776997,-0.37745026592055503,0.2194041957307211,0.20724756211869141,-0.7707019203606886,-1.140324185748767,-0.4422607076623912,0.5170542434347937,1.5751779563065542,0.6810824819419754,-0.004876458967354711,0.1910689224998069,0.8795893872269002
720575940885432678,0.40960185793801746,-0.02219316663149826,0.08515759101485107,-0.4406821481776092,-0.5337799665216528,-0.3582286516048028,0.6443919596364286,-0.27199192188562793,1.0582034570456709,0.698986181439385,0.1982146261618607,-0.655049703157184,-0.16298697814799393,-0.8462366808947281,-0.2324366938719926,-0.17549651413947356,-0.5154411384388473,-0.5360298383847063,-0.3326321667523349,0.4337430261012395,-0.3585978358209463,-0.530243782117265,-0.7263683033529963,0.3040177823510327,0.20724756211869141,-0.29504589692135064,-1.5408451106790908,0.25511937258383316,0.7349325312904195,1.0552302850218733,-0.6781380412817751,-1.1101658182428402,-0.3086781798885981,1.059988900338176
720575940923272236,-0.17994696276440855,-0.4386176750625223,0.17845125760436958,0.25663006278333117,-0.4300684973138681,-0.7138093613632983,0.036477921933534094,-0.2550529231916831,0.09760575236083992,-0.20893161654992815,-0.3576338989357424,-0.38835220419976607,-0.16008546689128472,-0.06174935272106916,0.4882493606897889,-0.4380711166856719,-0.1330385273981388,-0.46275347760017665,-0.02832788248934544,0.04350358748674775,-0.2600691123606373,-0.4989257186715786,0.26473242788458473,1.1263093454307,-0.6938186410591065,0.7741943651031039,-0.10499261404972714,0.5713536570440243,0.11144853221206205,0.46939043524471824,0.32852803172310574,-0.6524961714545247,0.6546059132002346,0.5997350374035164
720575940894647859,1.2800473168775832,-0.02219316663149826,0.45833225737292516,-0.7266534034774932,-1.0015547984310862,0.21060333693801256,-0.5915038870081791,0.7242631870139523,0.39157537450550217,1.1220401629533159,0.596489333729188,0.9295869795163497,-0.43516411830157964,-0.464690571282994,1.0315556053472021,-0.18235437228477047,-0.4819410429795558,-0.5072430125978103,-0.48446541520363284,7.694344352057568,-0.2682204075384965,-0.26792659371915745,0.9179636004309479,1.7124115935040187,0.20724756211869141,-0.016804959967194683,-0.4164407206888825,-0.2503627309807355,0.5161362705678868,2.763818524277848,0.4905650772582079,0.6630610944460769,1.6888136284397564,-0.08484612815829383
720575940890108216,1.3037510073234486,1.296484443400078,1.484562589857629,0.004547586454364164,-0.22301576499857845,0.0019010746147297593,0.7194490015516658,0.39467866956891223,1.2378515594674089,1.6563518473978585,1.1627518946862987,-0.35692971751427477,-0.3271951696447981,-0.18209684056589168,0.4195186079024622,-0.09625802461369773,-0.5458735512324233,-0.513583779402054,-0.3877920740889068,1.691008155794364,-0.3096306937310435,-0.29506454556968387,-0.28909426654827475,1.6188699258320058,0.7343375016448936,-0.4924609834065325,-0.33928233588811985,0.4276912448682521,1.3766251523943316,2.038311677828326,0.41405689867674667,0.8567521204625569,1.138159088739613,0.601043139561274
720575940910607129,-0.15964811812687066,-1.4102748614015785,-1.0343664080593713,-1.1414340774164875,-1.3538592526862478,0.48239431050832793,-0.004107794410460225,0.8762302038681996,0.2705727270065627,0.8184851956981897,0.4574097129834614,0.094104579353546,-0.38517549854096567,0.04522619202988445,-0.3657669477704733,0.41394086797750856,-0.414140414322363,-0.5147156989377715,-0.3885023318272389,-0.6517848930825796,-0.3576479333858381,-0.5149400009403873,-1.2896697529284873,-0.3540187892593601,1.1083137652964894,0.26143597698696147,-0.6108643224931001,0.03899513321424171,0.6195005793754086,-1.4767274208346066,-0.6781380412817751,-0.7728790350656515,-3.0555083658778375,1.1552333068354734
720575940883198679,0.5745757660108158,-0.3692135903240183,0.5516259239624437,-0.15662694363008758,-0.8937744422802771,0.17696266543185105,0.39137570131338406,1.1303151842773722,0.4984734189217428,0.5121831246669998,0.5327045081969082,-0.19236927434427847,-0.40242894111683386,-0.6848819008953733,-0.38997990939222876,-0.4380711166856719,-0.5564840204339152,-0.5325336319625236,-0.3922969410731276,-0.5301467900840532,-0.33719678869277453,-0.5247266089670045,-1.1338638215222705,-0.26441673771756957,-0.6938186410591065,-0.7707019203606886,-1.140324185748767,0.3457268297915166,1.358095325004587,-0.30504772128029567,-0.012767959244232803,-0.7728790350656515,-1.2853339858907717,1.200301324410547
720575940861447666,0.04218936783625816,-0.02219316663149826,-0.008136075574667452,-0.19946762316729644,-0.2495776829687411,0.16183489349428667,-0.296035928280335,-0.39056491274324096,0.2683456844145576,-0.1498688853645415,-0.34022427084775325,-0.20641618011352672,-0.41856117627944683,0.46777959379615064,0.2838643590738402,1.6523901339836997,-0.40275399018541214,-0.48373435028450684,-0.2358903054121217,0.030503621927248935,-0.30846097005293704,-0.508485836857989,-0.26846426239933213,0.9599441218882413,1.8357939995318415,0.18061012651798714,-0.2712238171416581,0.25511937258383316,0.1841453190614936,0.46939043524471824,-0.012767959244232803,-0.7728790350656515,0.07990193959994857,0.7780496810617259
720575940939715909,1.5304747887097847,1.782313036569606,2.4174992557528143,0.48544279798503687,-0.07893693378114716,-0.6826454121335147,1.358642093403139,0.7649167838794204,0.7902159984744003,2.3129096498772714,1.4968684570068271,0.24303187863967504,-0.3527893785181452,-0.7241062673040563,0.03404449725823499,0.44882365138234703,-0.49858484271959347,-0.5249364505558768,-0.31619962071933705,0.37742867033040406,-0.3440280302979458,-0.40638300598003585,-0.8246343668951467,1.296063163326888,1.8357939995318415,0.18061012651798714,-0.6108643224931001,0.7499184138821126,1.6927526194922977,1.4784796722671163,-0.012767959244232803,0.5662620853277921,0.29505869015340286,0.8923556063619155
720575940890107704,-0.22982191146390368,-0.7856380987550423,-0.7544854082908157,-0.7635852561944715,-0.7178528670445922,0.535415965232805,-0.17293061863141426,-0.33757004540075713,0.5994326830926366,0.6564060729103851,0.003058591909584444,-1.2881341995636375,-0.24343664128565293,-0.8801122700658633,-0.24428613250580936,-0.4380711166856719,-0.3943709812105247,-0.4699430096727164,-0.35789510534279745,0.18430849781638245,-0.2850723726664358,-0.5032893376833474,-0.4336672543265296,0.12418781483512899,-0.6938186410591065,0.26143597698696147,-0.10499261404972714,0.03899513321424171,0.36861948375351544,0.6911376277505904,0.2315633996751104,-0.6524961714545247,-0.039506913743893486,0.953346467255733
720575940915253823,-0.5340446779171039,-1.0632544377090585,-1.0343664080593713,-0.8239495649920651,-0.7491362238455829,0.4972820341437839,-1.4453878975325878,-0.8217834223519491,-0.13697606733035547,-0.44106188562737697,-0.574547403989253,0.9797755220281276,0.2403804218696788,-0.49232592034365713,-0.1370860900514705,-0.4380711166856719,-0.5311838962644101,-0.5255783052036395,-0.5500904192508138,0.3178791873942623,-0.2591205666807719,-0.5015332823019532,-0.7549951582214935,0.5127923673878275,-0.6938186410591065,-0.4924609834065325,-0.9060344639103745,-0.6896602283115308,0.6229570713877919,0.9178711960531974,0.4905650772582079,-0.5507139105330742,-0.46224977214351165,1.013725725089588
720575940903414541,-0.10967740695843362,-0.5774258445395304,-0.47460440852226005,-0.5554929763392428,-0.617267141270074,0.7972149438826858,-0.3320824251492002,-0.12922036146523552,0.15328181716096484,-0.07844418718686468,-0.274848834801369,-0.204498161034844,-0.4327483503606745,0.3991369525809555,-0.0794530011428705,-0.4380711166856719,-0.4349531013860587,-0.5175765354753424,-0.35144316302400735,-0.29510865462681735,-0.2830423417789597,-0.47769310528248315,-0.8059478764529097,0.5127923673878275,-0.6938186410591065,0.08897733480874588,-0.7398032608184434,0.03899513321424171,0.3353039918542078,0.03764662226745566,0.2315633996751104,-0.38477659036506306,-0.8217969951903441,0.987653578755322
720575940905042134,1.0555812730597418,-0.7162340140165384,-0.288017075343223,-1.1676457518853418,-1.3431471807892261,0.05489968453964134,0.18781581990256688,1.0475560763726701,0.3603967782174317,0.5135566765550325,0.4277716928139935,1.4225496533411606,-0.0750819981547913,-0.9398402825518125,-0.38815567425863895,0.8991143592440418,-0.5561644004049648,-0.5001890979456641,-0.2787097323516227,-0.568654796236144,-0.37023700180293445,-0.5338287096444895,-0.7146716727388782,-0.26441673771756957,2.0093799684742875,-0.7707019203606886,-0.15527035904927367,0.6350846939864935,1.301868271290911,-0.5481932275096997,-1.1814710777842157,-1.1101658182428402,0.1910689224998069,1.1375120173006144
720575940922957341,0.7388551520545338,-0.3692135903240183,0.08515759101485107,-0.6844054986733158,-0.9788243986261927,0.060997805324871764,-1.009042538848298,1.9591161918025262,0.3277334868680248,-0.27898276283957263,0.2558233634512928,0.29467946584618604,-0.43274164369061496,-0.8105781659777437,-0.17859250890587886,-0.4380711166856719,-0.5502475478447405,-0.5308191461208763,-0.4720641547420029,0.858944751530529,-0.32099437649452306,-0.5016540520205754,-0.9571518227777103,0.41554464169492367,-0.6938186410591065,-0.7707019203606886,-1.140324185748767,-0.2503627309807355,0.6298494161847634,1.276977477527746,-0.012767959244232803,-0.5507139105330742,-1.036953745743798,1.0225216604967358
720575940894116163,0.6697825786331993,-1.3408707766630745,-1.0343664080593713,-1.5989902062491064,-1.631964223730379,0.9401169454820806,0.41450617901341974,1.9673437054538714,0.6231878040740239,2.420046697143787,2.3317385318047013,-0.026281776814291054,-0.35265745944131266,-0.6385258315032933,-0.3513431964738098,1.59238275186138,-0.4306275807370665,-0.5169819650828322,0.050812051429215375,-0.6517848930825796,-0.37023700180293445,-0.5434001180909628,-0.7474592401018277,-0.18426497136317174,2.1624936443488942,0.26143597698696147,-0.6108643224931001,0.9418163905637682,0.7984858037701211,-1.4767274208346066,-1.1814710777842157,-1.8355550461206174,-0.3086781798885981,1.0824046217915215
720575940915256127,0.6475642481880501,0.7412517654920459,1.484562589857629,0.5885932329487784,-0.1412814617697924,-0.4461456840599807,0.12243078594141865,0.488327133776865,0.45467491461231063,2.2593411262440135,1.0082497978939902,-0.9375019345683782,-0.16474187211118976,-0.579689281890269,1.4246102429666538,0.25818938022268845,-0.4424862596712181,-0.4794219160006314,0.8754910588374332,-0.29828993726792535,-0.34966153763228447,-0.4329270679301412,0.20519854002148344,1.962065652483812,1.1083137652964894,0.26143597698696147,-0.015919795758558914,1.6765925996600748,0.7812399946083062,0.2807921284968597,-0.3837070895537345,0.14246025851097976,1.2532996424785177,0.31623990026893173
720575940897454998,0.8142811385935671,0.5330395112765338,0.6449195905519622,-0.2723780610289778,-0.40220665728185506,0.3385927145615455,0.6066445683691496,-0.06799798047140698,0.5563765263138731,0.602837549277128,0.09058465139512083,-0.9062261380617171,-0.1232968098886328,-0.8560427724968991,-0.23247016225060838,-0.06001867846470569,-0.5692015331647813,-0.5324832939119425,-0.4421560752581629,0.3764604147692744,-0.3283420980719562,-0.5244577495424448,-0.5849982940718886,0.5426290611178014,0.7343375016448936,-1.2463579438000265,-1.140324185748767,0.1538288531098606,1.3036168868294147,1.276977477527746,0.11962594694870593,-0.7728790350656515,0.48484039409629365,1.0603249634902907
720575940889924328,0.9673659058236165,1.018868104446062,1.484562589857629,0.27836546038150806,-0.18012408064878,-1.3437939901782923,0.06734813116332794,0.8256551934819923,0.8206522472318017,1.5368528331390536,1.1357875783480542,0.03204949372526796,-0.35768356202936863,-1.0013512207836108,-0.20293303087686176,-0.4380711166856719,-0.5422447540429455,-0.5323244572193161,-0.628569447383467,1.1530334556818806,-0.3264657793065688,-0.3355974780961455,-0.6928979449802891,0.5990058245758881,-0.6938186410591065,-0.4924609834065325,-1.140324185748767,-1.634439829206895,1.1966817301465023,1.7021947079111437,0.11962594694870593,0.6478816275437782,0.1910689224998069,0.9163806167081942
720575940920054001,0.46085621230243123,-0.5774258445395304,-0.288017075343223,-0.8231999880387305,-0.9867692704762321,1.0011549791097771,-1.410621938139422,-0.08009726525279627,0.7382516713276166,0.6962390776633207,0.18451340197799793,2.057352637963989,-0.4579712289222879,-1.1849925726060808,-0.01787237371320072,-0.4380711166856719,-0.5302447253923654,-0.5039006686946875,-0.628569447383467,0.21763106049713818,-0.16781672385531457,-0.5434001180909628,-0.6714449943823548,0.2194041957307211,-0.6938186410591065,-0.7707019203606886,-0.7398032608184434,-1.634439829206895,-0.6284650663510313,0.2807921284968597,0.41405689867674667,-1.8355550461206174,-1.2853339858907717,0.965758855276893
720575940905041878,0.13906921088506446,-1.3408707766630745,-1.0343664080593713,-1.3362327079496377,-1.435092880385002,-0.14362686781564263,0.7049793460240842,1.1806482089679495,1.1487698557872081,0.6852506625590623,1.0244139402559072,0.2285309863510192,-0.05603069822091705,-0.5190698065313953,-0.36576165968975966,-0.4380711166856719,-0.5692015331647813,-0.5277405535596459,-0.5663264246885825,0.6459983090814306,-0.2919007412740659,-0.5212632621505151,-0.7734679287322174,-0.18426497136317174,-0.6938186410591065,-1.2463579438000265,-0.9060344639103745,-0.6896602283115308,1.0411708889496094,1.3396126645290891,0.41405689867674667,-0.7728790350656515,-0.16847830054702487,1.09396359610084
