,dend_len_um,tips_dend,branch_dend,branch_per_100um,tips_per_100um,mean_seglen_dend,max_path_dend_um,x_span_um,y_span_um,z_span_um,bbox_vol_um3,directionality_dend,path_vs_straight,soma_y_um,sens_frac__Aδ-HTMR,sens_frac__C-Cold,sens_frac__C-HTMR,sens_frac__C-HTMR-Non-peptidergic,sens_frac__C-Heat,sens_frac__Aβ-LTMR,sens_frac__Aδ-LTMR,sens_frac__C-LTMR,sens_frac__low_confidence_sensory,sens_log1p__Aδ-HTMR,sens_log1p__C-Cold,sens_log1p__C-HTMR,sens_log1p__C-HTMR-Non-peptidergic,sens_log1p__C-Heat,sens_log1p__N/A,sens_log1p__Aβ-LTMR,sens_log1p__Aδ-LTMR,sens_log1p__C-LTMR,sens_log1p__low_confidence_sensory,cns_fraction
720575940907584340,-0.9240777704997978,-0.517686455852647,-0.4000404005972743,0.6608478210919543,0.384786361974343,-1.188693190602574,-1.1842689009426752,-0.4127439731995937,-0.9680307950859159,-0.9044957657272034,-0.7085202374227625,-1.4597712904019946,-0.019998128358610513,1.3935882426470392,-0.35558493567218513,-0.15723570127144085,-0.5630228100602034,-0.5268861092826473,-0.5492229443191609,0.7860962405002219,3.24473206905863,-0.4097435412115562,-0.1736965969977815,-0.9062885800936915,-0.6731277129622066,-1.262051946364896,-1.53339291803846,-1.615770840940667,-1.5290970488317313,0.38588676384549764,2.183968351873695,-0.5159021590660918,-1.049663242898555,-0.1421652017551072
720575940880839442,1.3962789110271119,1.9385295506202245,2.232533158717866,0.5076424041645387,0.11666087278392119,-0.5130342754837294,1.3108559281456698,1.1226087699886775,-0.13827581399677036,-0.42568439576358824,-0.19380216241316797,-1.6837728194711472,-0.1783827777406919,0.40809033244573173,-0.4152664187181146,-0.15723570127144085,-0.5459018078124489,-0.5221832217854784,-0.5492229443191609,1.3575155196050444,2.2070634687833346,-0.43391669520418913,-0.5835584423669171,-0.5996838137497466,-0.6731277129622066,-0.7803387023471634,-1.1299158173703656,-1.615770840940667,0.6234851017883183,1.58996447392848,2.8047429099650154,0.06426326822093416,0.06650870277665409,0.20197586192371206
720575940883729656,-0.7857551515188842,-0.3130017886465744,-0.12770520480605288,0.8182238302755485,0.42416230282359196,-1.8921833785889208,-1.7196496467511866,0.23822032861096873,-0.6838175675776235,-0.6406054084177111,-0.5504101595168798,1.2088309306488922,-0.4449219144881182,0.5511753284822193,-0.3656078787075161,-0.15723570127144085,-0.5630228100602034,-0.5268861092826473,-0.46618865811544097,-0.32054061535872935,2.437534812816916,-0.2868269184849944,-0.4541414339205691,-0.9062885800936915,-0.6731277129622066,-1.262051946364896,-1.53339291803846,-1.0363282497502007,-1.3121554119658574,-0.5325038576354056,2.064201964405587,-0.0626861304886801,-1.297891424525079,0.12877445740303112
720575940948987670,0.0162956846292105,1.1197908817959341,0.6893003825676114,0.5925418659644034,0.7949022167914427,-1.198391162808662,-0.784228814588061,-0.24903130923678904,0.2049947075392193,-0.5263436042218484,-0.42299334397894167,-1.355638771366732,-0.12600456661191017,1.0340871901053643,-0.4758602520961566,-0.15723570127144085,-0.5630228100602034,-0.5268861092826473,-0.5492229443191609,0.09800986666692546,2.81889542621759,0.006486829204783439,-0.7429810693032802,-1.9545772001879882,-0.6731277129622066,-1.262051946364896,-1.53339291803846,-1.615770840940667,-0.39760499181401404,0.38588676384549764,2.565109937933793,0.7825936782418996,-1.049663242898555,-0.12754407932006478
720575940890900801,-1.4977846463228448,-0.9952840126668165,-0.9447107921797171,1.037415386607554,0.8536636529135304,0.9636092086144392,-1.0771261643840604,0.2056721135204414,-1.2426472123147076,-0.8405635657604703,-0.6991208626471569,-0.4334156754612626,2.3104441853395756,0.641497732230252,-0.41341642999993544,-0.15723570127144085,-0.5630228100602034,-0.5268861092826473,-0.5492229443191609,-0.37003621259518565,2.1593791850645885,-0.3402496111744523,-0.4364767669410495,-1.4304328901408399,-0.6731277129622066,-1.262051946364896,-1.53339291803846,-1.615770840940667,-2.1926501306957227,-0.871454510623025,1.6092335007475158,-0.5159021590660918,-1.950810157102048,0.27560936649014894
720575940896732090,-0.34867242070976484,1.1197908817959341,0.8708571797617589,1.3707686055103463,1.325285104506177,-0.8346611386762087,-0.008897121511447751,-0.3202001676063756,-0.42987120325852546,-0.2719750639286778,-0.5020406150598822,-1.0817823004170044,0.1767287951851499,1.1235153126281687,-0.3639688444153163,-0.15723570127144085,-0.5630228100602034,-0.516030782245079,-0.5492229443191609,6.487382135244475,2.796125228906961,0.39328175834561735,0.2959949598796071,-0.7375518009141621,-0.6731277129622066,-1.262051946364896,-1.1299158173703656,-1.615770840940667,-1.0984863759340613,1.943453844134667,2.348096802599852,0.9411932152049002,-0.052827048401100474,-0.8645993533894525
720575940941124460,0.03445184358227772,1.0515626593939098,1.324749172747128,1.257279863025884,0.7116713217548373,-1.3323108621570539,-0.49534096219000057,-0.3345310981313099,-0.52067179282611,-0.7086183871057246,-0.6058607489732771,-1.3829374520451294,-0.3026640431261835,0.8588080699606675,-0.4758602520961566,-0.15723570127144085,-0.5630228100602034,-0.5268861092826473,-0.5492229443191609,0.5095056253983565,3.2431552369398338,-0.4561211789375622,-0.6156280183763785,-1.9545772001879882,-0.6731277129622066,-1.262051946364896,-1.53339291803846,-1.615770840940667,-0.4318423421195801,0.693288194574662,2.6318019866057236,-0.42859232191605323,-0.8346382114268388,-0.03518132166183853
720575940917422227,-0.6600953627229348,0.4375086577756919,0.3261867881793161,1.240457232349871,1.1197249845188542,-0.12716545808215735,-1.115384418991679,-0.7605726598386701,-0.7421366454299743,-0.9194586210385665,-0.7141769950405029,-0.9075970931660139,-0.25075252064826314,0.8686451634381753,-0.3847151253335345,-0.15723570127144085,-0.5630228100602034,-0.5268861092826473,-0.5492229443191609,0.3023993818488128,4.770830347927617,-0.36121720127614676,-1.2114472631009736,-0.9062885800936915,-0.6731277129622066,-1.262051946364896,-1.53339291803846,-1.615770840940667,-1.157232206634823,0.2874254263635427,2.6397252805831948,-0.16347794047249933,-3.0669821027772572,-0.5572365934815464
720575940878312571,-0.1524161783522432,1.1197908817959341,1.324749172747128,1.5654016776203719,1.0217436493482843,0.22184359083047053,-1.179062910024911,-0.22935664190594668,-0.7945499938795556,-1.0309999060869086,-0.690449173293718,1.1504816186359192,-0.20625797537342294,0.7407629482305649,-0.3949101347324129,-0.15723570127144085,-0.5630228100602034,-0.5164147660886642,-0.5492229443191609,3.8193254707600928,3.7750037836767034,0.41639598518287435,-0.42881276402415713,-0.9062885800936915,-0.6731277129622066,-1.262051946364896,-1.1299158173703656,-1.615770840940667,-1.064172905645114,1.58996447392848,2.56946180679402,0.9802407871207052,-0.8346382114268388,-0.9635009058003815
720575940895289006,-0.7381731206493064,0.5057368801777161,0.5985219839705376,1.8123923699788314,1.3506620717128237,-2.731213807562645,-0.47401820007630635,-0.17033263991342126,-0.5760380059770756,-0.48553581700904,-0.5501437260313654,-1.5648823091208273,-0.08531024274242856,0.6593833567348125,-0.4758602520961566,-0.15723570127144085,-0.5630228100602034,-0.5268861092826473,-0.5492229443191609,-0.11270199600171164,2.4632621114868627,-0.5136755951883865,-0.37446163939409804,-1.9545772001879882,-0.6731277129622066,-1.262051946364896,-1.53339291803846,-1.615770840940667,-1.4227931232309774,-0.2920145421297411,2.0101820053258033,-1.3350243790708767,-1.297891424525079,0.2745138978589717
720575940937862061,-0.49309871320004217,0.5739651025797403,0.7800787811646851,1.5305544851969892,0.986747452007333,-0.1774765079324323,-1.4508788383996003,-0.6250360626706508,-1.199092457969281,-1.050043540119552,-0.7642337520675296,-0.9452745757442801,-0.1612772897500769,1.598378643224262,-0.4758602520961566,-0.15723570127144085,-0.5630228100602034,-0.5161055728841174,-0.5492229443191609,0.5939243583165861,3.5654746212229385,-0.2033057753724687,-0.8127834879936664,-1.9545772001879882,-0.6731277129622066,-1.262051946364896,-1.1299158173703656,-1.615770840940667,-0.9312445912637444,0.5536384689915569,2.5107541410830487,0.28973808810491253,-1.5914830490641074,-0.2845045250545636
720575940927248352,0.34802446709091833,0.8468779921878372,1.0524139769559064,0.5576280762398814,0.20280583678041658,-0.9380085407270358,0.3129302366614292,-0.4865846999721356,-0.7377073483778971,-0.26381350648611585,-0.5906958220687653,0.6736731486817455,-0.2431661086106915,-0.6516329194495032,-0.43827755224596754,-0.09123175892337142,-0.5630228100602034,-0.5268861092826473,-0.4643090537672875,0.4439137859156999,2.6563301301247013,-0.1546387018909839,-0.6191748842065332,-1.1238281237968948,0.12187971343018898,-1.262051946364896,-1.53339291803846,-0.6973760625830789,-0.19429682524976422,0.7552391369634984,2.603371914815531,0.623742707891113,-0.6449726919481097,-0.0415531482983539
720575940902624978,-1.044299055711201,0.09636754576557087,0.3261867881793161,2.196382054241561,1.4839041824607253,-1.5468756185516708,-1.0690333636155354,-0.5188900179351222,-1.0448052773219223,-0.9493843316612922,-0.7310993842337271,-0.7319669636176873,-0.1954810458592693,-0.5237507042418924,-0.4758602520961566,-0.15723570127144085,-0.5630228100602034,-0.5268861092826473,-0.5492229443191609,0.6603953048241272,4.325200482067287,0.004791911301726797,-0.07699672370805899,-1.9545772001879882,-0.6731277129622066,-1.262051946364896,-1.53339291803846,-1.615770840940667,-1.3095433571519053,0.4739634315221791,2.524727780539191,0.4979598617066003,-0.6449726919481097,-0.6869412021416456
720575940886853257,-0.40405764603799776,0.7104215473837887,0.8708571797617589,1.4744270157368022,0.990355548882796,-0.8334288137203064,-0.9331594276639377,-0.7481849063340664,-0.17075732571200383,-0.31278285114148596,-0.5450350500480244,-1.7364776999856562,-0.18350560222457687,0.3615877087338737,-0.3354393188250523,-0.15723570127144085,-0.46383172987358545,-0.4996397784843726,-0.5492229443191609,0.13613122955603757,4.085782044916861,-0.33429335446327774,-0.3214287323390217,-0.7375518009141621,-0.6731277129622066,-0.4985545184960497,-0.8938968435798357,-1.615770840940667,-1.3787720280534699,0.04693611085787818,2.431335715252378,-0.16347794047249933,-1.049663242898555,-0.45079378066479553
720575940888165967,0.0713008316017756,1.2562473265999825,0.8708571797617589,0.7159470796593359,0.846074235331399,0.6172892532932224,0.1251283154116623,-0.30951269399456116,-0.4283947709078332,-1.0065152337592236,-0.6480755683159708,0.43367694811149105,-0.013609109356223406,0.5046727047703604,-0.3205361537373172,-0.07929708381326453,-0.5630228100602034,-0.5182752405869662,-0.5492229443191609,-0.1529367672250687,3.304494431383148,-0.43091015602070104,-0.5945194821471811,-0.3821442700465432,0.12187971343018898,-1.262051946364896,-1.1299158173703656,-1.615770840940667,-0.4926235137619516,0.04693611085787818,2.6237916217207546,-0.2826893492637104,-0.8346382114268388,-0.08572795954556314
720575940883197911,0.377176597520626,1.9385295506202245,1.5063059699412755,0.9623734333046605,1.037642506426679,-0.028142495956145205,-0.9088098877408404,-0.9342441060306671,-0.6764354058241615,-0.9262599189073675,-0.7251585981026526,0.06066699281924568,-0.36946247108470587,-1.093407844712158,-0.30289608303631727,-0.04677562170954638,-0.49637966649192417,-0.4475605801730185,-0.5492229443191609,-0.2272475376510689,-0.24907775921365252,2.1869823538491615,0.42426712148638246,-0.07553950370259807,0.5869292456645754,-0.2986254583294305,0.00278760712773967,-1.615770840940667,-0.02103855931770948,0.17579916847021465,0.4360564774874531,2.013343474054516,0.93445246682534,-0.5663706714476033
720575940889238903,0.15752228844874072,0.9151062145898614,0.8708571797617589,0.6047032852432624,0.45135387406477717,-1.2874908410014,-0.6685819901633963,-0.032852865725072254,-0.6557653529144671,-0.6025181403524233,-0.5704091003037827,0.8733575130491359,-0.39827018925641555,-0.5067593609625598,-0.1999598846719927,-0.15723570127144085,-0.48506618398978224,-0.43052518569696013,0.2611527286602518,-0.5260451055923445,-0.3646366508662999,1.7530528990221037,1.0906998594131176,-0.1413358012820522,-0.6731277129622066,-0.4985545184960497,-0.19307100168542127,0.5903727606781666,-0.9608624338094952,-0.871454510623025,-1.165579329124443,1.534248625681936,0.558263469315114,-0.44460060310981026
720575940917780131,0.2959418962956891,1.1880191041979582,1.324749172747128,0.8890319232197355,0.5290683347801469,-0.8230392874068302,0.052647206254983425,-0.29833942612766273,-1.2278828888077837,-0.6011578807786633,-0.7032849045651293,-1.486437480410112,-0.0254286500747368,-0.27871764852940767,-0.4758602520961566,-0.15723570127144085,-0.5630228100602034,-0.4924155349918324,-0.4990495912078651,-0.45074287626135073,-0.3442365514842679,2.158237389394726,-0.8132151791637275,-1.9545772001879882,-0.6731277129622066,-1.262051946364896,-0.5965481023535156,-1.0363282497502007,-0.5556175069604752,-0.5325038576354056,-0.6603194867360099,1.7815233218965825,-1.297891424525079,-0.32910717146031626
720575940899283650,0.07652606854774043,0.9833344369918856,1.0524139769559064,0.9027970284345832,0.6013166012126381,-0.8041164201735543,-0.3632147019105806,-0.1883070273514745,-0.7487805910080898,-0.7711903274986968,-0.6364320727373335,-0.8662290827827119,1.1576242074622793,0.14517165222868608,-0.4758602520961566,-0.15723570127144085,-0.4907858277503838,-0.40783148992496854,-0.4336969809052897,-0.6495407616951743,-0.3411506668857177,1.9296616237250883,0.5320776217541958,-1.9545772001879882,-0.6731277129622066,-0.4985545184960497,-0.04035022936583251,-0.6973760625830789,-0.8058508149289612,-1.4508944791163088,-0.6603194867360099,1.6321331275548574,0.28153373424837064,-0.3551473338237651
720575940899281090,0.03966038193332553,0.778649769785813,0.41696518677638994,0.26767929426655046,0.4639795878426723,-0.8900846388159334,-0.042799989150384486,-0.08969079356972541,-1.052187439075384,-0.7290222807121286,-0.6714824395905837,0.406339063980914,-0.4182009811419934,-0.5067593609625598,-0.4205720883596395,-0.15723570127144085,-0.28964014635291346,-0.2908757766872096,-0.23692944870477858,-0.5258031944148658,-0.3646366508662999,1.8434808812674826,1.232001439084637,-1.1238281237968948,-0.6731277129622066,0.1830877856883023,0.2917607446839164,-0.11793347139261284,-0.9844945153427815,-0.871454510623025,-1.165579329124443,1.5581727279767899,0.6408608422863112,-0.5213639631171181
720575940890245126,1.942801009151635,2.2796706626303456,2.232533158717866,0.09337272252950421,-0.03338650290090253,-0.2928095101199492,1.4252839258140964,0.4077625236347646,0.2168061663447584,-0.48553581700904036,-0.2623496018267634,-1.0958987290922622,-0.1697025651590053,1.5545588631880871,-0.21702683528714312,-0.15723570127144085,-0.5297799470047466,-0.4812294816006697,0.03558209932321129,0.14038872679916625,0.02445336469195747,1.282346161483209,0.20704218462056234,0.41642206022504374,-0.6731277129622066,-0.4985545184960497,-0.13759147859115115,1.0053736202876224,0.5732220855892438,0.8668653948568266,1.4665482573231317,1.9390089701457625,1.1826806484518635,-0.21041624586617264
720575940888806490,1.2555686227294378,1.460931993806055,1.1431923755529803,-0.1902379731733204,-0.07884155136207317,0.42609092351402317,2.300638762671102,0.9610821801737424,0.9801216916527439,-0.1889992299293013,0.28305216953970175,-0.3953973416046686,-0.09235245288972471,1.9453597586127438,-0.3166759142925143,-0.0712158128490545,-0.5457235414116045,-0.5078786906606839,-0.3832264190147179,-0.04663550437407082,-0.01592328177673565,1.9021089212808426,-0.938229945458669,0.041026218538508956,0.5869292456645754,-0.7803387023471634,-0.5965481023535156,0.01093016948770045,0.4634139287959708,0.6263760793511621,1.3607198828177218,2.104302730074998,-0.8346382114268388,-0.3690351442054057
720575940901384751,-0.3868711686312409,1.2562473265999825,0.9616355783588327,1.5574263480461075,1.532357419578641,-1.65240453165225,0.022496278262324337,-0.4394626572291316,-0.960648633332454,-0.7820724040887788,-0.694090715382222,0.6595437756100455,-0.35039014743886265,-0.15888396434884955,-0.4758602520961566,-0.15723570127144085,-0.5630228100602034,-0.441648560793103,-0.5492229443191609,-0.6495407616951743,-0.3646366508662999,2.5386387006881193,-0.95475697138013,-1.9545772001879882,-0.6731277129622066,-1.262051946364896,-0.25440076912121146,-1.615770840940667,-0.9801736991511963,-1.4508944791163088,-1.165579329124443,1.7294190175203144,-1.950810157102048,-0.549523506419327
720575940902703006,-0.7903003945208921,0.3010522129716435,-0.21848360340312667,0.687946352083882,1.201228401088343,-0.8092039507408779,0.1869776260913284,-0.7258383706002713,-0.7989792909316328,-1.0309999060869086,-0.7305451980497412,0.7550573708358046,0.12656677896985472,0.9330334116545947,-0.3967443233295358,-0.15723570127144085,-0.5350797026775682,-0.48850830626615666,-0.5492229443191609,-0.38394288602622917,-0.18293709715527845,3.1347566080509766,-0.482499205674211,-0.7375518009141621,-0.6731277129622066,-0.7803387023471634,-0.4904197429117416,-1.615770840940667,-0.5338078941739967,-0.2920145421297411,0.5823325452617995,2.058584743681359,-0.47531110338889754,-0.9863577386403762
720575940937848237,-1.326083652641274,-0.6541429006566954,-0.6723755963884956,1.1229962843084498,1.0147173933915645,-1.153843855169501,0.45410870079554233,-0.5873870079017561,-1.394719744436028,-1.2418401400197498,-0.7955037768914591,-0.703601056593366,0.18967977015958812,-0.9145515996665489,-0.36799550972357586,-0.030945355530294,-0.4614309266588775,0.8823565952671002,-0.46798685284851516,-0.4886031104936522,-0.33160668103883145,1.6640684024716952,2.72183067243417,-0.9062885800936915,0.12187971343018898,-0.4985545184960497,1.1587779133645155,-1.0363282497502007,-1.6807468659784743,-0.871454510623025,-0.6603194867360099,1.3366015168031309,0.93445246682534,-1.3729284493795502
720575940891181902,-0.3619952143606104,0.9833344369918856,0.9616355783588327,1.5097568267880008,1.2069486424897757,-0.8149767058803595,0.6982342959348337,-0.9631488642080772,-0.5922787618346925,-0.9276201784811281,-0.7207665291732589,-0.18277313767602565,0.8151490540298468,-0.5514734222239619,-0.37517794203375954,-0.15723570127144085,-0.5156092378425811,-0.5138622983659928,-0.20800238175072347,-0.4242089135503558,-0.3183907656441309,2.6045802125017823,-0.45004176469507695,-0.4831180915086393,-0.6731277129622066,-0.4985545184960497,-0.8938968435798357,0.3090957821092754,-0.16306712113843436,-0.2920145421297411,-0.15505964434757705,2.06402598881561,-0.18171947884986953,-0.676132179965647
720575940918316341,-0.26574527321970176,1.1880191041979582,1.324749172747128,1.7746081845509618,1.2589041944898596,-1.867109765976724,1.0862968875351824,-0.19923739809083052,-1.2079510520734358,-0.6433259275652311,-0.6968413001328068,-1.8243586097559692,0.29869825941182465,-0.706184074188414,-0.4758602520961566,-0.15723570127144085,-0.5630228100602034,-0.40020521537536635,-0.5492229443191609,-0.3123448821759709,-0.2954323991370399,2.4583397400601026,-0.3695441950665317,-1.9545772001879882,-0.6731277129622066,-1.262051946364896,0.00278760712773967,-1.615770840940667,-0.8433214911401938,-0.2920145421297411,-0.15505964434757705,1.7702981102887967,-0.6449726919481097,-0.6146993944961042
720575940940380075,-0.09724494406189747,1.802073105816176,0.9616355783588327,1.0572586554889214,1.5785460197660308,-0.34227645071916374,-0.3171982245848888,-0.9837951200490832,-0.8572983687839838,-1.1479822294302917,-0.766927369197889,-1.6055100030149203,-0.25204994906944045,1.1065239693488358,-0.4758602520961566,-0.09523575042291034,-0.5630228100602034,-0.39673759481283954,-0.5093415610768488,-0.33350309767217273,-0.29977479642086463,2.602878147828921,-0.4027322214574028,-1.9545772001879882,0.12187971343018898,-1.262051946364896,0.21040609898267268,-1.0363282497502007,-0.2584996366167863,-0.105476536971105,0.007597694135620111,2.030677840219615,-0.18171947884986953,-0.705231696419809
720575940900956101,0.7671050200061897,1.6656166610121277,1.5063059699412755,0.51870837280869,0.43090976153074867,-0.023346536240517975,0.9772989708473678,1.3142546036187277,-0.5059074693191857,0.23404149751014305,-0.0535180501371975,0.19057275877193902,-0.3248150774128385,-1.2186072162440846,-0.4758602520961566,-0.15723570127144085,-0.4437085843420094,-0.5268861092826473,-0.39657104293207085,-0.3471205194613146,-0.085334751607096,3.106628546555939,-0.444041984201415,-1.9545772001879882,-0.6731277129622066,-0.016841274478316924,-1.53339291803846,-0.2703468090811911,-0.26277068605521875,-0.105476536971105,0.9807278567955509,2.156508203029045,-0.18171947884986953,-0.9929060029781179
720575940881620931,-0.16461791465994896,1.8703013282182004,0.41696518677638994,0.5286886115588135,1.7548164689724537,0.19308860230626143,0.7696219193816886,-1.0496202416127642,-0.4889284972862227,-0.9412227742187308,-0.7228459724593016,1.1710304316862243,2.1949468701054533,-0.9136573184413209,-0.38608732719955363,-0.15723570127144085,-0.5630228100602034,-0.4084373658504529,-0.46809020665445744,-0.488807865775079,-0.16670896907574448,1.9403810532094672,0.5002777035009882,-0.5996838137497466,-0.6731277129622066,-1.262051946364896,0.14907633154688252,-0.6973760625830789,-0.214971933617927,-0.5325038576354056,0.7041042596314225,1.8649961900812448,0.794338417927474,-0.4323808733052593
720575940924182661,-0.02639196756143624,1.2562473265999825,0.5985219839705376,0.5488682284801365,0.9732257917631493,1.2342372859420183,-0.701169964888391,-0.5873870079017561,-0.9008531231294106,-1.002434455037943,-0.7264306195416086,-1.1460594272752085,-0.0205322557464551,0.46264148718464254,-0.4758602520961566,-0.15723570127144085,-0.5630228100602034,-0.414585784803087,-0.5056342007754445,-0.30412434011432704,-0.32919095528931736,3.0244763472978424,-0.21834946798062244,-1.9545772001879882,-0.6731277129622066,-1.262051946364896,0.08051548463391665,-1.0363282497502007,-0.47480833925206245,-0.105476536971105,-0.3647614258184949,2.054931926824096,-0.052827048401100474,-0.930382932255791
720575940878956340,0.030642398848130324,1.0515626593939098,1.0524139769559064,0.9677261750667897,0.7163463701544764,-0.41401597667838563,2.7637904524794994,-0.5594538382345122,-0.3951750430172536,-0.9616266678251348,-0.6628335827139469,1.260428280919851,0.003032640687758371,0.7425515106810208,-0.4008944948916627,-0.15723570127144085,-0.510068209482487,-0.47597563460379927,-0.37984623301914267,-0.062321376999049403,-0.020300312027484987,3.078244101418667,-0.15844860023985163,-0.7375518009141621,-0.6731277129622066,-0.4985545184960497,-0.32296161603417756,-0.2703468090811911,-0.4683752984395273,0.2874254263635427,1.0536822796287215,2.083598545938248,0.06650870277665409,-1.082574090434668
720575940930905464,7.6619526978885935,3.2348657762586845,3.3218739418827514,-1.3218564988931216,-1.2848674038612329,-0.36108470736096443,1.4959304629648489,8.046634287679682,1.4518418276989757,-0.028488600225589564,3.7397186170023686,-1.0243613756270216,-0.17081217515517816,0.06110921705724986,-0.3544267836803952,-0.15723570127144085,-0.5140064434529257,-0.4730298094379936,-0.15727253372016362,-0.5718910652027374,0.16126462041862397,2.8455289777584776,1.0369441900364882,-0.3821442700465432,-0.6731277129622066,-0.4985545184960497,-0.25440076912121146,0.38877118020875745,-0.3370393705451942,-0.871454510623025,1.404911344202713,2.0905730389139956,1.2391880509322655,-1.0904107117518098
720575940912929024,1.2433390119326744,2.143214217826297,2.0509763615237184,0.5062069075127779,0.3518927192246929,0.2826702276472773,0.8679382996189648,0.5338261328286762,-0.048213440604532275,-0.6283630722538687,-0.35660470388510335,-0.6906344209376055,-0.37806532770148066,1.4472451161607216,-0.1983321538907292,0.037725796087065125,-0.4257938525158853,-0.49996126911326083,0.5167511369746114,-0.028419541472977376,-0.03320022796628428,2.5718769808565667,0.2829569427702977,0.3476309848824541,1.1728223660223933,0.1830877856883023,-0.4904197429117416,1.3563542013471763,0.0718714636510542,0.5536384689915569,1.2368743807934008,2.18112673512465,1.000187950324252,-1.0113460221906776
720575940861450226,-0.21065884340687255,1.392703771404031,0.9616355783588327,1.239667803178917,1.3718416408781684,-0.029007543593439298,0.36728290988030204,-0.8229972216167728,-0.4911431458122611,-1.1779079400530177,-0.7321899895044264,-0.7275910585479493,-0.15025255028441784,-0.09896712225857068,-0.1939900032197388,-0.09123175892337142,-0.5099271852465943,-0.4904246413035979,-0.3369382179394776,-0.5654288734174147,-0.12295930838701982,3.2047119473272225,0.9581872877799588,0.14200004000060526,0.12187971343018898,-0.4985545184960497,-0.4904197429117416,-0.11793347139261284,-0.5122697340754819,-0.871454510623025,0.8084155974415681,2.104302730074998,1.063344897274109,-1.2163417380584445
720575940891183798,0.5074520038322676,3.030181109052612,1.778641165732497,1.0549584955211315,1.7158314273838908,-1.1926607187414013,2.704998732785262,-0.7391977126150403,-0.744351293956013,-1.084050029463559,-0.7332481795445968,-1.2725851452894408,0.9517579624285514,1.4052138985750036,-0.4002316144019123,-0.15723570127144085,-0.3920696943687975,-0.43883928467729005,-0.2416489967092403,-0.24331550062380816,-0.10062700457653975,2.428299463993301,0.8791252534360167,-0.5996838137497466,-0.6731277129622066,0.2649429093727968,0.08051548463391665,0.3090957821092754,-0.019799399948123086,0.17579916847021465,1.018117378912486,2.0940325841111145,1.3465808865689952,-0.8080320837092809
720575940880875929,-0.5836621021666513,0.16459576816759508,-0.3092620020002005,0.20781029797406472,0.6755148071533044,-1.1409654618423957,0.8117285220459414,-0.25656112019056676,-1.2574115358216322,-0.8174391530065462,-0.7275943229549922,-1.2251403497908842,0.6095163338774031,-0.728541104819115,-0.4758602520961566,-0.15723570127144085,-0.4096581399255094,-0.10561591770932223,-0.3039524373789422,-0.6495407616951743,-0.33970537556383573,2.671934663762248,1.1846208393920468,-1.9545772001879882,-0.6731277129622066,-0.14354843140079065,0.6282566314633804,-0.2703468090811911,-1.107752721961405,-1.4508944791163088,-0.6603194867360099,1.764612400402011,0.6408608422863112,-1.0805334489809537
720575940908781145,-0.0779301412957803,1.1880191041979582,0.05385159238809473,0.0033526204059188803,0.9810555310353875,-0.0864081357004189,0.5941718138976024,-0.8910084173283245,-0.7598538336382834,-0.983390821005299,-0.7350938213547135,0.7061976367015468,-0.28050397969562824,0.4635357684098709,-0.43582534771673537,-0.15723570127144085,-0.5064627898686851,-0.4802774923426199,-0.23263264458072255,-0.2911406022818555,-0.2175244448262275,2.8989347286077574,-0.27422150475083074,-1.1238281237968948,-0.6731277129622066,-0.4985545184960497,-0.40068949354035444,0.12255693263073156,-0.5304768325377676,-0.105476536971105,0.4360564774874531,2.0074617026059896,-0.18171947884986953,-0.9016263603961653
720575940906113851,0.5382825779252113,0.5057368801777161,1.0524139769559064,0.3494372703143975,-0.22199878268048465,0.09221787225573859,0.4217638684842427,0.8505639871424711,-0.1021032214048059,-0.610679697794985,-0.30772793790285063,-1.214037618845904,-0.37451549860682015,1.0725412827901706,-0.25524059924968473,-0.10557446030906448,-0.313675352623911,-0.41273264413510746,0.2815526133209753,-0.2545348538477698,-0.013338222425116036,2.2855035338120713,1.0351140945000794,0.14200004000060526,0.12187971343018898,0.5204988745529143,0.23880658091826984,1.1078641290735922,-0.001317707874984789,0.17579916847021465,1.2368743807934008,2.0800832013583643,1.4953292496162538,-0.914948926623538
720575940917429907,-0.014149926424187439,0.4375086577756919,0.7800787811646851,0.7329759772254008,0.21873701195001194,0.07296623993689541,0.2286319884526265,0.008196748829400767,-0.5716087089249988,-0.37399453196069776,-0.4991588738039551,-0.4653999957345047,-0.30447466988866156,-0.799189321612131,2.1750697423091663,-0.15723570127144085,-0.18249972092640726,-0.2298176266262192,2.5896482344034766,-0.5860871925373666,-0.3646366508662999,-0.3948225287258791,2.4883875098728017,2.0051175611644663,-0.6731277129622066,0.8198780566346751,0.7992533370937933,2.225560736923933,0.1700652131462207,-0.871454510623025,-1.165579329124443,0.1705266793137011,2.298852594127074,-0.5217365591115167
720575940889249143,-0.41771359724187507,-0.517686455852647,-0.3092620020002005,-0.022762459607279066,-0.28458033345998895,0.17693353737464154,-1.552656768253132,0.2875284455018433,-1.4257248238005686,0.8230338929483395,-0.5549831555914871,0.2710916611896155,-0.35721622792328683,-1.0495880646759836,0.34521924135815524,13.00107023090387,-0.4180234855692201,-0.506971518408272,3.27699696394825,-0.6495407616951743,-0.3646366508662999,-0.5343913839765203,1.2569020064106982,0.9883410171707095,5.5131110467205025,0.09028810024862186,-0.7264387167022717,2.2339624051592177,-0.21913676351200262,-1.4508944791163088,-1.165579329124443,-1.7882404076482885,1.39770567992358,-0.7596317588008829
720575940888793434,-0.640231065542579,-0.176545343842526,0.3261867881793161,1.2003811778036892,0.36813342392076615,-0.391206720138367,-0.10142426227210562,0.020584502334004363,-0.005396902434451954,-0.5004986723204028,-0.4018504307531983,-1.3563440394671347,-0.37326850147564083,0.599466514644534,1.5939443043199213,0.30540793196029387,0.3142231031102461,0.042671189724488155,3.27699696394825,-0.5653167242330442,-0.3646366508662999,-0.42713884015742226,1.6116482283629114,1.606677216253486,1.7118945662149803,1.1886462827134772,1.010038261483387,2.155122548311493,-0.3731237915042063,-0.871454510623025,-1.165579329124443,-0.16347794047249933,1.4472571505044425,-0.7202854088803754
720575940922949405,-0.14059914717921818,0.5057368801777161,0.5077435853734638,0.6007730993702814,0.42480946400285446,-1.153330377337726,-0.04213682307420491,0.043659729450424144,-0.6424774617582355,0.6203552164580597,-0.3035799866438772,-1.10989151480208,-0.1500806390636287,-0.8716261008556027,2.336556162315855,-0.0984350361428523,-0.3501679298020872,-0.2735243214680853,2.8927107414492697,-0.49967592635330615,-0.3646366508662999,-0.517042218040076,0.45705477999581945,1.9245516456842657,0.12187971343018898,0.3381648126169424,0.6138831996507669,2.164258802668555,-0.07517967759632814,-0.5325038576354056,-1.165579329124443,-1.0699099976273228,0.8659189014220453,-0.36045964600209124
720575940937221662,-0.5926517846025066,0.23282399056961928,0.5077435853734638,1.3605127516588005,0.7673436922244159,-0.40134391733982083,-1.5574613546520952,0.6902518829652439,-1.4449184443595702,0.32789940809960133,-0.5759628188498297,0.8934089727248966,-0.4450457679496303,-0.5326935164941731,1.8936129774710706,1.3114742454959707,-0.2184256500044713,-0.5133638562198,7.717301548851171,-0.6495407616951743,-0.3646366508662999,-0.5343913839765203,0.7892251088634679,1.7658159286278807,3.0187724450069937,0.6199489964680558,-0.8938968435798357,2.858162879802431,-0.268481866109397,-1.4508944791163088,-1.165579329124443,-1.7882404076482885,1.063344897274109,-0.8232472960655195
720575940899282056,-0.303876623780506,0.3010522129716435,0.41696518677638994,0.7313412704319249,0.4272189582412082,-0.36569445260159833,0.5619384883254552,-0.1671749772553854,-0.8838741510964473,0.09801554013411573,-0.5198988815200091,-1.5997395553855809,0.021234534740385794,-0.6865098872333971,2.383132075280633,-0.15723570127144085,0.40187140046645875,0.03401725214812769,3.290633838504071,-0.5073504902340658,-0.3646366508662999,-0.36155385748644064,1.4619051491177615,1.9764243477571823,-0.6731277129622066,1.3678285691418584,1.0987149460201049,2.2982986765130295,-0.14699438034007836,-0.5325038576354056,-1.165579329124443,0.23284548026304663,1.6314916505658659,-0.959869326488625
720575940941106028,-0.3393794761149291,0.6421933249817645,0.5985219839705376,1.0135612887042666,0.8218224053685903,-0.26079433655102896,0.5080145477125234,-0.6060900867224331,-0.8919945290252553,-0.5671513914346565,-0.6735803523524337,-1.6760330680340183,-0.10569539141197164,-0.8278063208194284,1.738732875710302,-0.15723570127144085,1.4652415503791476,-0.0705100684115452,2.280412990727085,-0.6495407616951743,-0.3646366508662999,-0.48690649149462917,2.333810180194203,1.8139284325862213,-0.6731277129622066,1.9027345114523007,1.0026229457608857,2.0781985261003917,-0.02103855931770948,-1.4508944791163088,-1.165579329124443,-0.5159021590660918,2.1163598959994614,-0.7518849957670828
720575940881936635,-0.16389591526895053,0.6421933249817645,1.1431923755529803,1.3741526760450957,0.5830313350506096,-0.23331963001224718,-1.676947318022561,-0.1426423673737189,-1.300966290167059,2.040466211463781,-0.4329307560632499,-1.4822307432017916,0.25378336338972546,-0.8304891644951127,8.413945413956785,1.0238564376033206,-0.2364234380682267,-0.510574828596264,3.914225447057566,-0.6495407616951743,-0.3646366508662999,-0.5343913839765203,2.1667544322133914,2.6201126446154337,2.5764356009347753,0.464871969539416,-0.8938968435798357,2.191083316497834,-1.064172905645114,-1.4508944791163088,-1.165579329124443,-1.7882404076482885,1.542007756489804,-2.306164092551322
720575940920044149,1.0078456380269585,2.2114424402283213,2.232533158717866,0.8748192414803635,0.5887803554392531,-0.2307453126947016,0.19665564233215987,0.36306945216717434,-0.9709836597873005,1.236552803371462,-0.2571230194676059,-0.2946574033743728,-0.2995449973951966,0.8024683527713,7.135561766435963,1.0289520376042185,-0.4896223236634792,-0.5218456007778585,2.9136850874000793,-0.5914017574645277,-0.3646366508662999,-0.5343913839765203,0.3701724947200527,2.866091597776296,3.1070431629181394,-0.14354843140079065,-1.1299158173703656,2.3793802296165425,-0.0025436987060601613,-0.871454510623025,-1.165579329124443,-1.7882404076482885,1.1826806484518635,-1.63413127921187
720575940890134196,0.6078213794612238,-0.6541429006566954,-0.5815971977914219,-1.1910808961641768,-1.1270399013420973,0.10904420809312185,-0.24090208434167382,0.901329486798594,3.16524157067754,1.735768066941481,3.0775819730897807,-1.028154910406673,-0.429517590838853,-1.2990925265146085,1.6604059185167679,0.07014485241388091,-0.5020521460922822,-0.141687983042818,-0.20794441019744989,1.4753776146429654,-0.3646366508662999,-0.47848409466297875,0.6629461760778639,1.5277622184539614,0.9168871398225846,-0.4985545184960497,0.7077564872397516,0.12255693263073156,-0.4240014316242975,1.1702381181787842,-1.165579329124443,-0.6166939690499111,0.6408608422863112,-0.0033645543478553895
720575940896736698,-0.3628029404867448,0.5057368801777161,0.7800787811646851,1.2822370607812577,0.7155447560053405,-0.8824014853983753,0.032194230134286114,-0.7231665021973177,-0.7236812410463186,0.43399965485290226,-0.5330010094774893,1.2346748056090096,0.5593343474688671,-0.7553695415759567,0.27435081786080656,-0.15723570127144085,0.5204039204837659,1.084043140714817,2.012137104530849,-0.6495407616951743,-0.3646366508662999,-0.2925073244586061,3.166033960879428,0.9405663702721923,-0.6731277129622066,1.413667068561472,1.6806186296844672,1.9237683986452105,-0.2785220118865888,-1.4508944791163088,-1.165579329124443,0.41347444586797266,2.298852594127074,-1.1254985253841654
720575940927109144,1.2991349818999114,1.733844883414152,1.9601979629266446,0.38942629544813,0.05953137624961263,-0.3629357449888228,0.10501002543633761,0.5809481755716785,-1.0913128963687337,-0.4284049149111089,-0.5713413074747913,-1.129328507737767,0.09797846785546559,-0.8439033828735331,-0.24584647209622207,-0.15723570127144085,-0.41408462446250405,3.0732932392801526,-0.0944939229631018,-0.5208452884932779,-0.3646366508662999,-0.3506433925593282,1.19394882044699,0.47947359835966413,-0.6731277129622066,0.464871969539416,2.469242289668866,0.9682137713992237,0.44552030883281374,-0.2920145421297411,-1.165579329124443,0.5902044582567451,2.269837471640624,-1.8713361464595222
720575940894178664,-1.1681017655096788,-0.176545343842526,-0.4000404005972743,1.2267962176468707,1.3859866200573583,-1.2195994138024182,-0.45205741221886675,-0.6444678328739508,-1.1643962977280091,-0.7467056551710118,-0.7339944542205439,0.7476254292606834,-0.30697920943881374,-0.6999241056118176,-0.28352902492415,-0.15723570127144085,1.4409073772193584,1.7775407819302094,0.2655598300137631,-0.6495407616951743,-0.3646366508662999,-0.459645147769932,1.368848368331207,-0.29307904740580143,-0.6731277129622066,1.5833754845035215,1.6759431474212887,0.7019995238211979,-0.9481069511010842,-1.4508944791163088,-1.165579329124443,-0.5159021590660918,0.93445246682534,-1.2497037553209256
720575940918750769,-1.0749053520652951,-0.9270557902647922,-0.7631539949855695,0.34169511561252525,0.062103824733477336,0.3166641838592654,-0.5750122976434424,-0.1919504842645926,-1.2559351034709394,-0.48961659573032074,-0.6884458376852708,1.5881863429108058,0.14994534355481143,-0.6113902643142413,-0.1943818446053029,-0.15723570127144085,3.160554584506528,0.75411137261847,1.0117915241489577,-0.6495407616951743,-0.3646366508662999,-0.5078721693175493,2.6817526198599135,-0.07553950370259807,-0.6731277129622066,1.965638606606113,1.299971686987206,1.169815351868633,-0.9844945153427815,-1.4508944791163088,-1.165579329124443,-1.0699099976273228,1.4472571505044425,-1.0055956093047191
720575940893395733,0.5224654597647991,-0.176545343842526,-0.21848360340312667,-0.807296255568154,-0.7249688712549406,0.8680166082411559,-0.6865089134756652,0.6618329190429169,-1.364452881246833,-0.206682604388185,-0.613975701397163,-1.3457048619796,-0.44652559637639033,-0.23400358726800552,-0.27878069786928,-0.15723570127144085,-0.4635843705713744,3.723215354630181,-0.2947777301367894,-0.6495407616951743,-0.3646366508662999,-0.42497482374393336,-0.17981808617690873,0.09319727547693135,-0.6731277129622066,-0.016841274478316924,2.3421981084358245,0.22101871577450904,-0.3281346202663274,-1.4508944791163088,-1.165579329124443,0.024623706661358585,0.4711992537270991,-2.1862042590838824
720575940908386564,-1.60193753267919,-0.5859146782546713,-1.1262675893738647,0.930901166685828,2.0395383526259847,0.237535912694476,-0.48189468012133935,-1.3352672636012795,-1.4286776885019539,-1.1411809315614903,-0.8181451789370602,1.6800693504224498,0.3193511908849796,0.7085688241223556,-0.37384359816546275,-0.15723570127144085,-0.514980865198733,2.6402536442324713,0.6800846567306099,-0.6495407616951743,-0.3333974625355014,-0.005764388154022039,0.4855375880521848,-0.9062885800936915,-0.6731277129622066,-0.7803387023471634,1.6592767292510848,0.752679219188175,-1.7002638320933439,-1.4508944791163088,-0.6603194867360099,0.45708076893811755,-0.18171947884986953,-1.7400693814725192
720575940877501751,-1.4487580597501184,-0.858827567862768,-1.035489190776791,0.6775905674366413,0.9771294364287483,-1.1247355143223696,-0.8178622758266518,-1.1649963771948597,-1.3076102357451742,-1.0663666550046755,-0.8010564657565153,1.5369604304869968,-0.12712297199751305,-1.327709525721906,-0.31977947281048674,-0.15723570127144085,1.7155380033695355,1.7646684258931729,0.2148455473471425,-0.6495407616951743,-0.3646366508662999,-0.39959556015695846,1.0790228935819055,-0.4831180915086393,-0.6731277129622066,1.6172829559863147,1.6269988347287971,0.5903727606781666,-1.0984863759340613,-1.4508944791163088,-1.165579329124443,-0.22037054831436517,0.6408608422863112,-1.2968026520793146
720575940881935355,-0.0549607398402665,0.5057368801777161,0.7800787811646851,0.7899965934384254,0.3254324103034937,-0.445262344285897,0.12788329231864637,0.4497837266994021,0.002723475494356496,-0.37263427238693775,-0.26860414488885626,-1.033193320317337,0.3048823509958281,-0.2948147105835127,-0.0853310905082174,-0.15723570127144085,-0.011295820644826335,0.3755329300247396,0.5737766094700164,-0.4906274834647405,-0.31571490310297395,0.5694083808855515,2.495167120772198,0.41642206022504374,-0.6731277129622066,0.9170077580025287,1.3088587972036612,1.1991502548300932,-0.2556581154763817,-0.5325038576354056,-0.15505964434757705,1.347499311019558,1.946698307440249,-0.6589340369433682
720575940899153235,-1.717970209422603,-0.858827567862768,-1.2170459879709385,1.108251981438278,1.9207084395879221,0.7459732091565854,1.2243876844515533,-1.2218343050395128,-1.0662135464069624,-1.205113131528223,-0.7980731115559051,-0.13145813822125763,0.8970209506606329,-0.7982950403869029,-0.44101505754369735,-0.15723570127144085,-0.16919748428222384,2.759021384989288,-0.1555789208348593,-0.6495407616951743,-0.3646366508662999,-0.028823837354509642,0.7031975859032752,-1.4304328901408399,-0.6731277129622066,0.2649429093727968,1.666477989081614,-0.11793347139261284,-1.7500415494298056,-1.4508944791163088,-1.165579329124443,0.41347444586797266,-0.052827048401100474,-1.7634681221574051
720575940894647347,-1.3159600578905355,-0.3812300110485986,-0.7631539949855695,0.904678934783197,1.4540210937725047,-0.5161176393586973,-1.7803691664672192,-0.9084970105112954,-1.357070719493371,-1.311213378281524,-0.8079402770637087,0.6414192230054733,-0.4117087939588097,-1.2275500284963652,-0.2618347917170706,-0.15723570127144085,0.9110224554997937,2.18281959689421,0.11568098918702434,-0.6495407616951743,-0.3646366508662999,-0.4650769437659873,-0.04047161731659081,-0.29307904740580143,-0.6731277129622066,1.301591300652408,1.7079093030622488,0.4615091197978535,-1.162019169537116,-1.4508944791163088,-1.165579329124443,-0.6166939690499111,-0.3218335277477355,-1.3466473596929274
720575940903679779,-1.6482633740824897,-1.472881569480986,-1.48938118376216,0.11517066434294443,0.2780074261442441,0.4568132257482993,-0.5943432998284458,-1.1120448033908663,-1.4065312032415673,-1.2935300038226405,-0.8160448280009279,-1.5296066979797158,0.01701517555812572,-0.1544125582227094,-0.44022312130386876,-0.15723570127144085,-0.1098999210258803,3.0688039097017943,-0.4687048486064628,-0.6495407616951743,-0.3646366508662999,0.1488634578462458,0.04626013784362086,-1.4304328901408399,-0.6731277129622066,0.3381648126169424,1.7056833178935642,-1.0363282497502007,-1.8793205758532712,-1.4508944791163088,-1.165579329124443,0.5902044582567451,-0.6449726919481097,-2.0325029934087344
720575940914883824,-1.2983982297318404,-1.0635122350688406,-0.9447107921797171,0.4834415961042632,0.2548879539299474,0.14564567414607252,-0.7502561187927146,-1.0950420044629783,0.2994863779835345,0.44216121229546423,-0.4293010395092692,-1.2527274008283782,0.11388795364743735,-0.5291163915932608,-0.4156798521228262,-0.15723570127144085,-0.30796003243747144,2.9645365658677036,-0.34526665923027966,-0.6495407616951743,-0.33699429871857844,-0.23814235326860278,-0.4700050513107833,-1.1238281237968948,-0.6731277129622066,0.09028810024862186,1.7867469891262413,-0.45688565855973456,-1.4736934393649552,-1.4508944791163088,-0.6603194867360099,0.1705266793137011,-1.049663242898555,-1.6930723372824072
720575940904086480,-1.6570688151958408,-0.7223711230587196,-0.9447107921797171,1.6217463449403047,1.971055677976392,-0.9525993840196637,-1.1018548428190733,-1.2215914079119723,-1.6257814073193932,-1.3424993484780106,-0.8308372090161525,-0.4922986984973415,3.662180932893547,-0.09986140348379863,-0.4758602520961566,-0.15723570127144085,0.12521562333820746,3.4195112409037116,-0.48043078487530233,-0.6495407616951743,-0.3646366508662999,-0.2188499193719366,0.29227000050118906,-1.9545772001879882,-0.6731277129622066,0.7069330386957443,1.8509799766064527,-1.0363282497502007,-1.6455276191780424,-1.4508944791163088,-1.165579329124443,0.20242825095487382,-0.18171947884986953,-2.1414719112244276
720575940895353262,-0.015497709644350195,0.7104215473837887,0.5985219839705376,0.5345907915340243,0.46631894541968977,-1.4065142317510848,0.9960991976608954,0.360397583764219,-1.2670083461011323,-0.7956749998263817,-0.6882297887525468,-1.1315416306718218,-0.1801649638935995,0.6218235452752348,-0.36376887962795973,-0.15723570127144085,0.8938806488841492,0.5170876776186826,0.10924751911049685,-0.6495407616951743,-0.3440421105052493,0.8015219533615114,1.295209070356898,-0.5996838137497466,-0.6731277129622066,1.413667068561472,1.2582099608561577,0.5903727606781666,-0.7128017283279678,-1.4508944791163088,-0.6603194867360099,1.319906503022796,1.000187950324252,-0.8535722610550325
720575940891164342,-1.4028025772221677,-0.10831712144050176,-0.12770520480605288,2.5644609745659817,2.213412108860806,-1.7416659648753552,-2.1553531515806017,-1.02751660300651,-1.4500859575869938,-1.254082476183593,-0.8139669084682908,0.056826752904681144,-0.16611518713668083,0.16484583918370332,-0.30184910790693364,-0.15723570127144085,-0.5630228100602034,2.2552632693446393,-0.5492229443191609,-0.6495407616951743,-0.3646366508662999,0.18695741426873014,0.18512308265101632,-0.5996838137497466,-0.6731277129622066,-1.262051946364896,1.5707528936011645,-1.615770840940667,-1.626615015785547,-1.4508944791163088,-1.165579329124443,0.6398880347816708,-0.47531110338889754,-1.3799752510029493
720575940897460886,0.07986155058472517,0.7104215473837887,0.8708571797617589,0.7046016669987126,0.35949867341069064,-0.9883321546102993,0.18619299706914083,0.35456805270322955,-0.7664977792163996,-0.454249846812554,-0.5146737413895734,-0.6349412583442483,-0.3108847625368544,-0.6033417332871889,-0.17338622570642354,-0.15723570127144085,0.5587067263569823,0.6175692805508467,1.8854112906801965,-0.6495407616951743,-0.3646366508662999,0.12193697587364999,3.2124585168279083,0.18784319058252782,-0.6731277129622066,1.351851651521739,1.4098195121976553,1.7785928460205591,-0.42243750383083495,-1.4508944791163088,-1.165579329124443,0.9706953253757578,2.1163598959994614,-0.869074711951917
720575940903370509,-0.1045767137655073,0.7104215473837887,1.324749172747128,1.4824162248477346,0.5729917609713269,-0.8477438642410934,1.6528329299781608,0.04827477487370758,-1.0322556023410365,-0.004003927897904521,-0.5463002799258322,-0.6870560381281188,0.31794919669984456,0.11744893424661652,0.21839440680905736,-0.15723570127144085,-0.5451897088817507,2.9265497634986803,-0.2640246804351857,0.08497119291642372,-0.3646366508662999,-0.23351215469054853,0.9446594526734766,1.0893148386328062,-0.6731277129622066,-0.7803387023471634,2.2849224581908385,0.38877118020875745,-0.0535721535623466,0.7552391369634984,-1.165579329124443,0.7291882920894164,1.6744354149903233,-1.9389168190817332
720575940916016480,-0.5043215447618548,0.09636754576557087,0.05385159238809473,0.5800056936060365,0.4817127327217937,-0.5448158307250609,0.3354087623143918,-0.561397015254842,-0.8646805305374459,-0.9317009572024091,-0.7114862845816948,-0.30398371836436067,-0.1730847779928405,-0.39050280168291346,-0.4306647235333192,-0.07786186507704511,0.2031865907728553,0.9551484958199874,0.21663372266791103,-0.6495407616951743,-0.3438772222717741,0.2501548460125144,1.6512222664670018,-1.1238281237968948,0.12187971343018898,0.9749550835633148,1.4561266545908362,0.7019995238211979,-0.6980740991291549,-1.4508944791163088,-0.6603194867360099,0.9706953253757578,1.1826806484518635,-0.7507707323668545
720575940905061686,-1.4766703642363688,-0.7905993454607438,-0.9447107921797171,0.9707067984588988,1.1875022567289244,0.3564993884888211,-0.728255004012053,-1.249524577579216,-1.1739931080075101,-1.2037528719544628,-0.8048258688928288,0.6039087739863874,0.46231146828704417,-0.919917287017917,-0.43842708553449616,-0.15723570127144085,-0.2457165959884228,2.9885410066050997,0.8039936456958385,-0.6495407616951743,-0.2958607189974332,-0.3986123014951447,1.411042085167249,-1.4304328901408399,-0.6731277129622066,0.09028810024862186,1.6640874542546609,0.752679219188175,-1.9196942965150934,-1.4508944791163088,-0.3647614258184949,-0.42859232191605323,0.28153373424837064,-1.9018212671543584
720575940909769176,-1.490220554735706,-0.3812300110485986,-0.49081879919434807,2.0877445206173686,2.021266006624572,-1.3784438337037368,-1.4089856155157006,-1.2728427018231765,-1.3733114753509876,-1.1629450847416545,-0.8139214264176216,-1.2557402187002282,0.1695503923065027,0.13533455875117748,-0.36484901281398563,-0.15723570127144085,1.5934322370647953,2.661014966772721,0.3286380638051223,-0.6495407616951743,-0.3646366508662999,-0.5056296398576954,0.1459219504443269,-0.7375518009141621,-0.6731277129622066,1.535427832301821,1.7808967447847215,0.648047969276397,-1.381490781143232,-1.4508944791163088,-1.165579329124443,-1.0699099976273228,-0.18171947884986953,-1.8379437599125437
720575940909393947,-1.5757493515273493,-1.0635122350688406,-1.3986027851650862,0.15305630633103456,0.94506564876819,-2.167313134836887,1.494432658708313,-1.2932460605366427,-1.4412273634828394,-1.4390777782149895,-0.8285305328769773,-0.6824200640012039,0.32322906571394855,-0.2742462424032675,-0.37624399002265557,-0.15723570127144085,2.0640237748352606,1.676604798640886,0.20101625338033152,-0.6495407616951743,-0.3646366508662999,-0.4139473508106883,-0.049796262124765824,-0.9062885800936915,-0.6731277129622066,1.5477284243570415,1.4629348539823979,0.38877118020875745,-1.4938995103061734,-1.4508944791163088,-1.165579329124443,-0.42859232191605323,-0.6449726919481097,-1.2085837002015387
720575940875116119,-1.34095291939127,-0.176545343842526,-0.3092620020002005,1.9366332680396763,1.8819541881622837,0.48298319036761495,-0.030132359449271822,-0.5065022644305178,-1.5394101148038857,-1.0364409443819493,-0.7929234115542516,-1.0588239973715605,-0.20420094638003486,0.27573671111198117,-0.3982490488308258,-0.15723570127144085,-0.1244364023422885,3.187705314122841,-0.3738691446735416,-0.6495407616951743,-0.3646366508662999,-0.37352597369872975,0.17141975378270632,-0.9062885800936915,-0.6731277129622066,0.5204988745529143,1.910395244324277,-0.45688565855973456,-1.26573124524688,-1.4508944791163088,-1.165579329124443,-0.11114181460226565,-0.052827048401100474,-1.8547621219200794
720575940881607875,-1.259915480044451,-0.6541429006566954,-0.3092620020002005,1.6691478973982903,0.8511995245943605,-1.835730487365678,-0.5343057787007331,-0.5315206685672674,-1.3341860180576381,-1.0976526252011616,-0.7770617454348824,-0.5636958097425124,0.6565988463310753,-0.5040765172868755,-0.12848046640394775,-0.055555781879850816,4.4673383703577585,0.8324123755272816,0.4972645519591054,-0.6495407616951743,-0.3646366508662999,-0.48939031663983584,0.6396695689480558,-0.015012777251861217,0.12187971343018898,2.0878765178477146,1.2630008884135198,0.752679219188175,-1.2505292208140706,-1.4508944791163088,-1.165579329124443,-0.881808350493465,0.17760762918807105,-1.1872419916647747
720575940869443690,-0.11360946739583463,0.4375086577756919,0.6893003825676114,0.7711913334921235,0.32899787801005353,-1.4459091791124052,-0.949591337209361,-0.49800086496657386,-0.7997175071069785,-0.13050806825760952,-0.5855697695562637,-0.03414965338738433,-0.2798966514814539,0.5297125790767462,0.24912966822028898,-0.15723570127144085,-0.3864293014905824,1.6899130121851336,-0.3232873134796326,-0.20193737394249095,-0.3072218450324586,0.41774590212184126,1.6011146191742338,1.1287766821734273,-0.6731277129622066,0.40440208110639286,2.0330233985973303,0.22101871577450904,0.1239461849781779,0.38588676384549764,0.14049841656993792,1.479199414936119,2.0838275626553564,-1.4430211397701374
720575940878916148,-1.332261635394791,-0.6541429006566954,-0.9447107921797171,0.5667454703048487,1.0307494165284148,1.6018622399951963,-0.9653761405270518,-1.0981996671210141,-1.5054521707379602,-1.1561437868728535,-0.8150828239408796,-0.7773797291235366,-0.02886151149205512,-0.9324372241711099,-0.4758602520961566,-0.15723570127144085,2.2016309769012135,1.6199067869750177,-0.12408739895611513,-0.6495407616951743,-0.3646366508662999,-0.0273793586498753,0.6825509803928288,-1.9545772001879882,-0.6731277129622066,1.4971631972782695,1.3754564233273419,-0.11793347139261284,-1.7635610399569193,-1.4508944791163088,-1.165579329124443,0.3667508224146082,-0.18171947884986953,-1.3861467152274158
720575940922709290,-1.5760574655418949,-0.517686455852647,-0.49081879919434807,2.456481641253411,2.0781703430175997,-1.2783577258779963,-0.22651544402867127,-1.2024025348362128,-1.4995464413351902,-1.4485995952313113,-0.8289690276553183,-0.505142845592072,0.4729293296077277,0.2739481486615245,-0.4177849278420579,-0.15723570127144085,0.5446109186903642,2.4367410203247575,-0.5492229443191609,-0.6495407616951743,-0.3646366508662999,-0.15822505464466707,0.5024666989961585,-1.1238281237968948,-0.6731277129622066,1.0537145882840875,1.7123358978717553,-1.615770840940667,-1.362548603113083,-1.4508944791163088,-1.165579329124443,0.3420742139751462,0.06650870277665409,-1.5374040983976072
720575940912535686,-1.626517010650283,-0.7223711230587196,-1.1262675893738647,1.0163989773162123,1.8460850862919624,-1.4621427410640777,-0.5032669367696961,-1.3595569763554052,-1.3932433120853356,-1.2078336506757439,-0.8198261907536855,-0.6297805878803113,1.2145117780900136,0.011029468444479214,-0.26807172997965134,-0.15723570127144085,1.149392525186073,2.550712320935239,-0.3927313325290827,-0.6495407616951743,-0.3646366508662999,-0.4626105403719929,0.6905309567557621,-0.4831180915086393,-0.6731277129622066,1.2283693974082623,1.632082661036955,-0.6973760625830789,-1.7035381679532815,-1.4508944791163088,-1.165579329124443,-0.7359053778411224,-0.052827048401100474,-1.6528316576570017
720575940877555511,-0.2543892122586462,0.23282399056961928,-0.21848360340312667,-0.1104612411031145,0.2978412227667695,1.538001141819654,0.2890863437920252,-0.6454394213841153,-0.21578851240812322,-0.9901921188741006,-0.6588953148496925,-0.40376365682409426,-0.3411323354374148,0.19703996329191262,0.23921922478516003,0.1382573580632843,1.724876367359002,-0.35549004028187575,0.9713810927468743,-0.5554006304036729,-0.2680326034946056,-0.4472060076163268,0.09241499367919377,0.7339073077651869,1.1728223660223933,1.7657095464394938,0.26588562207694305,1.3071659585663453,-0.3610118541455366,-0.871454510623025,0.14049841656993792,-0.3515795876063572,0.17760762918807105,0.07277756927776938
720575940902629074,-0.43034893411511693,0.3010522129716435,-0.21848360340312667,0.11146932573357157,0.59759123895065,0.35297437829892414,-0.2465369538610237,-1.0367466938530776,-0.4062482856474466,-1.0935718464798811,-0.7340849098517241,-0.3238939380094297,-0.15851360022122105,0.2819966796885772,0.09946148529876368,-0.15723570127144085,-0.08490753146283611,1.075354955070575,-0.16690680640275285,-0.19509451639591216,0.07061439038535318,-0.1836636409448068,0.47667907220952993,0.23106526264134672,-0.6731277129622066,0.40440208110639286,1.2677527059220042,-0.11793347139261284,-1.3896727632211476,-0.2920145421297411,0.8084155974415681,0.20242825095487382,-0.18171947884986953,-0.7275508020311652
720575940894664404,-0.758315409380417,-0.176545343842526,-1.035489190776791,-0.6043198423996035,0.5495976165423697,1.788616506194723,1.3200033431153202,-1.0168291293946945,-0.42544190620644834,-0.8568866806455943,-0.7033066483630191,-1.0328041237699124,0.029913281017156294,0.41882170714846795,-0.13923649187836246,-0.15723570127144085,2.692810645826786,0.06598405023430745,-0.022678920245663873,1.089028818945122,-0.19812317912140143,-0.38679614018877073,1.5792576821034043,0.041026218538508956,-0.6731277129622066,1.8651596683546352,0.8499021734412968,0.3090957821092754,-0.8493127930938372,0.8668653948568266,0.3502001980408558,-0.16347794047249933,0.93445246682534,-0.43734526051058575
720575940884057772,-0.902739923992216,-0.24477356624455018,-0.49081879919434807,0.4708433365949364,0.7119602763746175,-0.5809322829693335,-0.9348115459542408,-1.0391756651284896,-0.07552743909234248,-0.7970352594001424,-0.6663724079213116,-0.6663001747534228,-0.06351680237897392,-0.10522709083516672,-0.011735153021262958,-0.15723570127144085,0.42052862019723786,0.722636781653238,0.040636239894725756,0.38919351327456764,-0.1514524673961025,-0.2938923601833453,1.2167102820520932,0.18784319058252782,-0.6731277129622066,0.9749550835633148,1.213218909132022,0.3090957821092754,-1.064172905645114,0.38588676384549764,0.4360564774874531,0.06426326822093416,0.558263469315114,-0.5079922178040233
720575940884925028,-0.18469805594411784,-0.858827567862768,-0.9447107921797171,-1.0432810573885059,-0.8324991733400734,0.890674202522802,-0.13768732270891446,-0.5854438308814263,0.3408264838029226,0.18915293157605395,-0.2930966317170503,0.9768402846171489,0.1330806965924817,0.043223592552688914,-0.18541332171639663,-0.15723570127144085,-0.5388855133077698,-0.5003654676823897,-0.008796403603424813,1.1858498851793273,-0.25477001394018656,-0.46356645959675047,-0.09604601118694268,0.23106526264134672,-0.6731277129622066,-0.7803387023471634,-0.5965481023535156,0.648047969276397,0.17449951662495813,1.239941405174099,0.3502001980408558,-0.3515795876063572,0.28153373424837064,0.8349494857424643
720575940946223236,-0.8042101397258866,-0.10831712144050176,-0.4000404005972743,0.43413470951198385,0.7121300040698848,0.15995360771015532,-0.38677600004679374,-0.6257647540532747,-0.21135921535604577,-0.8119981147115052,-0.622054516078084,-1.2539693032112613,-0.4032385266130877,-0.47814236175526226,0.02299327735718984,0.11942826544521111,1.551269665657159,0.06406779666393335,-0.0746530332162261,0.055590714731959825,-0.292277972779148,-0.4119466193627509,1.2313665640774822,0.3107368191801347,0.9168871398225846,1.5598150821922336,0.8401188437833722,0.22101871577450904,-0.7941845730878067,0.17579916847021465,-0.15505964434757705,-0.2826893492637104,0.7194274353536234,-0.12849472072000245
720575940888793178,-0.7562045321154283,0.23282399056961928,-0.12770520480605288,0.7613591196831452,1.050733710584632,-0.17987212752379542,-0.6385244610673101,-1.1856426330358665,-0.02532873916879952,-0.968427965693936,-0.7083814182224234,0.47814681190748876,-0.04837843062219723,-0.4861908927823146,0.2376030337352885,-0.15723570127144085,1.8157578167003685,0.23727842426896562,1.1917264578247573,-0.010834714206828204,-0.31220282616546524,-0.5343913839765203,0.6113421114381956,0.5091315327952872,-0.6731277129622066,1.5833754845035215,0.9396324228126843,1.169815351868633,-1.0084537978144241,0.04693611085787818,-0.3647614258184949,-1.7882404076482885,0.17760762918807105,-0.4031877571098839
720575940908782425,-0.8171721248892589,-0.7905993454607438,-1.2170459879709385,-0.8124311896504007,-0.13218586773649846,2.4466780683083305,-0.1535168006093168,-0.7588723799458817,-0.40772471799813886,-0.722220982843327,-0.6490103439444288,-0.4232364582898941,-0.12787012456767186,-0.7330125109452552,-0.06231288817686035,-0.15723570127144085,1.6644164466579712,-0.03540421911376807,-0.02364328659012084,0.3916904706663218,-0.3646366508662999,-0.346886936740335,0.935755505114346,0.18784319058252782,-0.6731277129622066,1.6061632738299816,0.7437738139995229,0.3090957821092754,-0.7482905422269553,0.4739634315221791,-1.165579329124443,-0.01757496782015681,0.558263469315114,-0.053082623711024755
720575940928343548,-1.0296648636020451,-0.517686455852647,-1.035489190776791,-0.2213781133769655,0.573254899129225,3.713655977281965,-0.12623667211110945,-1.105486580947252,-0.051904521481263594,-1.233678582577189,-0.7379017074373992,-0.11128932378527766,-0.34245582483703224,-0.222377931340041,-0.012267663702568682,-0.15723570127144085,2.48056204459353,-0.08241553034731308,-0.2411537085488379,0.08284217275812926,-0.3145332183743912,-0.3224298349269195,0.7929654359486937,0.23106526264134672,-0.6731277129622066,1.7833045446701408,0.6559806526462096,-0.11793347139261284,-0.8714600946287151,0.17579916847021465,-0.3647614258184949,0.024623706661358585,0.37915730394104424,-0.17521198684894584
720575940917852811,-0.691785421673893,-0.3812300110485986,-1.2170459879709385,-0.9481896572161775,0.20034266748217808,1.9140721040048039,1.5313252571033216,-0.8106094681121693,-0.2371967814931637,-1.0976526252011616,-0.6987277463682853,-0.9063066265170696,-0.12604954181435263,0.6567005130591282,0.059398535121050706,-0.15723570127144085,1.4147214408379656,-0.35911548594272363,0.3345380361948291,-0.09664773677966068,-0.21333963371349018,-0.36370899874620716,0.7732243660809375,0.5376700289852918,-0.6731277129622066,1.6805051858713753,0.26588562207694305,0.8885383732997413,-0.3016920448665446,0.17579916847021465,0.4360564774874531,0.06426326822093416,0.794338417927474,0.16527127450975942
720575940883201751,-0.42431794651150395,0.23282399056961928,-0.6723755963884956,-0.48429186229455184,0.5168212153515044,1.9454523888330564,0.6950752362934524,-0.9760224119677631,0.2869367030026493,-0.5589898339920946,-0.5765503841784427,-1.3498137604139238,0.3371641671445703,-0.23668643094368974,0.3152453855279402,0.022037212664906852,3.1865076424191145,-0.0812386191011009,0.08502086205427983,-0.6495407616951743,-0.27086259547909286,-0.4682731792548998,0.7806690261097416,0.6661443500477537,0.5869292456645754,1.9722890430815738,0.6952378453520106,0.4615091197978535,-0.8039009713585191,-1.4508944791163088,0.007597694135620111,-0.6166939690499111,0.4711992537270991,-0.35970084129617985
720575940920456848,-0.6028312738654533,0.16459576816759508,-0.03692680620897908,0.6182278794205934,0.7055762691628047,0.47411520364049653,-0.362945739235221,-0.5222905777206996,-0.5258393060535336,-0.8187994125803065,-0.6494386489657911,-0.8287660795620627,-0.26747391667185183,0.302565147868822,0.33808093363304353,-0.15723570127144085,2.6161396480330295,0.011939547114786305,-0.44104596076622304,0.3148566138253971,-0.21069289836253455,-0.3359133940267669,1.1208579263817686,0.7339073077651869,-0.6731277129622066,1.9027345114523007,0.8401188437833722,-0.6973760625830789,-0.7072641684483939,0.4739634315221791,0.3502001980408558,0.06426326822093416,0.794338417927474,-0.4129669781350476
720575940910295881,-0.6081105743586154,-0.858827567862768,-1.1262675893738647,-0.9025704720300332,-0.46132212157740393,1.8416298887765599,-1.7581901507538016,0.17506707545024214,-0.1279407875419232,0.0014371103971364985,-0.24922882325703957,-0.7159954477539011,-0.2366476350509649,-0.3842428331063174,0.3619759657143657,-0.15723570127144085,1.9152819707805844,-0.14078689845292086,0.6339000947245655,-0.4151510470510279,-0.22032203316001367,-0.3851531504620055,1.0948702043528358,0.689413275109041,-0.6731277129622066,1.6703595267312104,0.5991458450927916,0.9293249478452884,-0.811713562441866,-0.5325038576354056,0.25286437632277353,-0.16347794047249933,0.6408608422863112,-0.2172039259093313
720575940882117920,-0.6544932230552236,0.028139323363546652,-1.1262675893738647,-0.8552037419872547,0.6291699047902911,0.874529889173912,-0.25178096652586773,-1.1467790926292658,-0.46309093114910505,-0.314143110715246,-0.6616963102753582,-0.8677540337893956,-0.36844315186170323,-0.4987108299355071,0.08450290794809359,-0.15723570127144085,2.603629104110699,0.022481914838052442,0.3170407061071077,0.010522227819950386,-0.174981808440031,-0.36628394852338864,1.2598145369685982,0.3107368191801347,-0.6731277129622066,1.7567421277199111,0.7320139309577511,0.5903727606781666,-1.0709813838797626,0.04693611085787818,0.3502001980408558,-0.16347794047249933,0.558263469315114,-0.42496165602875496
720575940881055666,-0.5611965924223205,-0.5859146782546713,-1.1262675893738647,-0.9484622639422642,-0.20266855953346258,1.6830511136877198,1.642198361759878,-0.5089312357059308,0.06547185039878438,-0.8990547274321624,-0.5895199002078358,-0.9635985505233263,-0.09393642490931253,0.6906831996177942,0.08149771764104659,0.07768828310486316,1.3897721998697072,-0.34520086078419915,0.6596932984193578,-0.05079168021083841,-0.2622333083917235,-0.31489565664316593,1.3906023428269014,0.5091315327952872,0.9168871398225846,1.6172829559863147,0.26588562207694305,1.0750772227782848,-0.46998131803107346,0.17579916847021465,0.14049841656993792,0.1705266793137011,1.063344897274109,0.03924880320158384
720575940890962241,-0.8948406272775519,0.028139323363546652,-0.7631539949855695,0.015264050694182848,1.058656087022332,1.7799996035585424,0.33559407650110995,-1.2932460605366418,-0.3464527754444032,-1.1507027485778123,-0.7617278159530214,-0.5515296038961905,0.19112797648468993,-1.1220248439194553,0.13330394043964133,-0.15723570127144085,1.85487445598934,0.7451507076160464,0.040636239894725756,0.1295099445321321,-0.2846925820649759,-0.47426662802822656,0.6437828937868831,0.38280850876509626,-0.6731277129622066,1.5833754845035215,1.223521734060703,0.3090957821092754,-1.107752721961405,0.17579916847021465,-0.15505964434757705,-0.7359053778411224,0.17760762918807105,-0.6705225983358031
720575940905042902,-0.2869069572408615,0.3692804353736677,-0.5815971977914219,-0.515950628805623,0.4739191912412122,1.2670137490341715,0.03629720277278564,-0.8465582429882749,-0.23941143001920176,-0.4624114042551156,-0.5998545874710944,0.0008174899463064568,-0.3906500597569602,1.458870772088686,0.3455511247427366,-0.07709186828292001,2.1124901903494138,-0.2435418898897561,0.9973493710678283,-0.6495407616951743,-0.217910956281062,-0.48709842719584945,0.5538143043200138,0.7759281398623926,0.12187971343018898,1.817212016152934,0.5019045958674729,1.2549015064161513,-0.5505600674551586,-1.4508944791163088,0.3502001980408558,-0.7359053778411224,0.4711992537270991,-0.12460778617053436
720575940903188925,-0.5775763985461438,0.09636754576557087,-0.49081879919434807,-0.05268263411783252,0.5888172140228134,2.509922694514344,0.2263451190188,-0.9162697185926147,-0.05559560235799426,-0.6786926764829988,-0.6252985471210156,-0.6207680865323453,-0.3085293843413151,1.270177433565569,-0.15512607496556605,-0.15723570127144085,1.815872357369993,0.10581703828865338,0.05466277352607451,0.6664598236506054,-0.1682084212105214,-0.39589378090433797,0.8820957302409489,-0.015012777251861217,-0.6731277129622066,1.6282275177415009,0.8689889460851002,0.38877118020875745,-0.8493127930938372,0.6263760793511621,0.4360564774874531,-0.22037054831436517,0.4711992537270991,-0.2249249521888653
720575940937857965,-0.5768857791185269,0.3692804353736677,-0.4000404005972743,0.07204199872607008,0.8967310535298337,0.3254410829273958,-0.5562412754453065,-1.178841513464711,-0.38188715186102123,-0.5004986723204033,-0.6792114690735257,-1.002781200233604,-0.09770156922799487,-1.4081948359924306,0.23493784034855197,0.3629002977149195,1.5708864512053182,0.0018013504463104519,0.5214227103201987,-0.38440738038731515,-0.25580757924169234,-0.3809249948430213,0.9783412270183516,0.47947359835966413,1.381936672056971,1.4839253625883801,0.7077564872397516,0.752679219188175,-1.028306627247807,-0.5325038576354056,0.007597694135620111,-0.22037054831436517,0.37915730394104424,-0.23127677233908092
720575940905043926,-0.8205858875999217,0.23282399056961928,-1.1262675893738647,-0.6671627620621925,1.1752872203428557,1.8004252797949571,-0.295781998838184,-1.362714639013441,0.052922175417899134,-0.3522303787805337,-0.6556329984532411,-0.6593760403037636,-0.17948727272197015,0.5833694525904286,0.18491651416619714,-0.04671404975884299,1.9708282617303927,-0.0872998224235255,0.8726350669284836,0.054673598356079156,-0.16229586580282238,-0.3061251003846425,-0.11852350297401835,0.38280850876509626,0.12187971343018898,1.5598150821922336,0.5685022219911537,0.9293249478452884,-1.145322414368611,0.04693611085787818,0.3502001980408558,-0.01757496782015681,-0.6449726919481097,-0.2797554286667177
720575940875854397,-0.4511823928028775,-0.3130017886465744,-0.7631539949855695,-0.5733025580651103,-0.03014247621414246,1.2193402206092747,0.631730801900947,-0.6724010025411947,-0.2534375373507803,-0.6378848892701904,-0.602177568390764,0.2625207941069234,0.6927030455812533,-0.6221216390169778,-0.02478204864308863,-0.15723570127144085,2.380551756756373,0.023265830397585396,0.4214061546832265,-0.2649561157493756,-0.3251716184240431,-0.36743536931416354,1.714315595490199,0.38280850876509626,-0.6731277129622066,1.9243413908798732,0.9141351609215084,0.9293249478452884,-0.4958824337188763,-0.105476536971105,-0.3647614258184949,0.024623706661358585,1.2937795748632805,-0.32051525318998053
720575940888799761,-0.6091979518468025,-0.04008889903847756,-0.4000404005972743,0.11887956026853669,0.4805061568737526,-0.5458955175685097,-1.6755209995340892,-0.7399264039976641,0.17029854729794677,-0.9697882252676966,-0.6286336768005555,-1.3922824441851298,11.399610717022798,-0.0631958732494488,0.3081566253341758,0.026353042074485605,1.0615066587739626,0.7915335643449811,0.10028969442993677,-0.18162944246111923,-0.10054980877353101,-0.43959746898489327,-0.3291326896190389,0.6421366067578688,0.5869292456645754,1.383446424336902,1.3044322023941546,0.4615091197978535,-0.9124687905896623,-0.105476536971105,0.6457582589583709,-0.42859232191605323,-0.6449726919481097,-0.6151656378320702
720575940905043670,-0.7791483724581487,-0.3812300110485986,-1.2170459879709385,-0.8554007695934821,0.32865794957374106,3.1961558267973125,-0.8625005593012028,-0.8975666397719385,-0.2084063506546609,-0.7031773488106833,-0.6432284996662736,-0.49930494198368086,-0.06443602580483333,-0.2894490232321442,-0.004988486652227816,-0.15723570127144085,2.9979272344803856,0.01055378183150635,0.5772402278891056,-0.5255603336351204,-0.21196623095719633,-0.4482755043822762,-0.4041007371054484,0.23106526264134672,-0.6731277129622066,1.8804342460379946,0.7553008126964216,0.845659284638358,-0.9333434223102137,-0.871454510623025,0.25286437632277353,-0.5159021590660918,-0.8346382114268388,-0.31254609830911617
720575940903415565,-0.5478666544876074,0.09636754576557087,-0.7631539949855695,-0.46500698551782016,0.5445305066297857,0.7416961058713155,0.3441699278234875,-0.6614706318018378,-0.3184005607812469,-0.24613013202723277,-0.5404633750484847,-1.3921832796113252,-0.17777815452451443,0.23907118087763093,0.23913930680167672,-0.15723570127144085,0.9521696244560893,-0.13149508717266145,-0.06458457721752552,0.07055075555546136,-0.1675864192166779,-0.35840557599423617,1.6394211163326315,0.8535531988142742,-0.6731277129622066,1.594862775929614,0.8301682696444097,0.528421537883126,-0.09576562725593227,0.4739634315221791,0.7041042596314225,0.1705266793137011,1.542007756489804,0.007488207447781352
720575940927184920,0.5137470395906941,-0.6541429006566954,-1.035489190776791,-1.5574524026154348,-1.0811099579982053,0.8676497564939388,-0.48332708821654624,0.677135438078016,0.15110492673894568,-0.11282469379872613,-0.0666232839272022,0.9039065938964518,-0.4330113864060696,-0.2259550562409532,-0.4332377700854469,-0.15723570127144085,-0.5268934102700913,-0.3912551747561706,-0.49144251683097884,-0.4587584358220319,-0.3333125477982688,-0.5123053874733151,-0.5617265843758031,-0.5996838137497466,-0.6731277129622066,-0.2986254583294305,0.6422836815863641,-0.45688565855973456,1.4290081705553763,0.04693611085787818,0.007597694135620111,-0.6166939690499111,0.6408608422863112,1.0747212852825159
720575940878957108,0.49506230994146316,-1.4046533470789617,-1.2170459879709385,-1.7178088278714314,-1.6429303594278548,1.187224377908026,-1.1323867863039345,1.7743017631818627,1.6629716538479928,1.864992726448706,2.857230267025217,1.9330783435394399,-0.4572761958800445,-1.2838897456857319,0.2848254100035708,0.6777271404478203,-0.4734667983027179,-0.508436319870677,-0.15535789667793376,-0.01112161192608178,-0.3500782419305544,-0.5261795103749355,-0.6572062078366862,0.9883410171707095,2.506901992607376,-0.14354843140079065,-0.7264387167022717,0.4615091197978535,0.3004474067069411,0.4739634315221791,-0.6603194867360099,-1.3350243790708767,-0.47531110338889754,0.8163861484801882
720575940917531755,0.23086268349134842,-1.3364251246769376,-1.035489190776791,-1.415206541639873,-1.490631983492142,1.1245565125995833,0.5209823579337098,0.19692781692895503,0.7158403008787996,0.7591016929816073,0.3471665428469873,1.7990494873855287,-0.4054218864134098,-1.05137662712644,-0.3318081548479839,-0.15723570127144085,-0.5494553332874846,-0.4933450324442131,-0.3105452819003023,-0.3056522113224084,-0.3558144234710761,-0.5144861823645128,-0.6975962687353735,0.14200004000060526,-0.6731277129622066,-0.7803387023471634,-0.19307100168542127,0.4615091197978535,1.230340023746674,0.38588676384549764,-0.6603194867360099,-0.7359053778411224,0.17760762918807105,1.1099798056946915
720575940888216655,0.15860289089827403,-0.5859146782546713,-0.5815971977914219,-0.9035642037515736,-0.8232961308065367,0.8667664737711168,-1.4108876019134455,-0.393797997251376,0.22418832809822073,-0.052973272553274,-0.32332535308459587,-0.12102683937905398,-0.24047764897625465,-0.6811441998820287,-0.34843538714133965,0.06655193170102026,-0.5450206365906682,-0.4972165156549098,-0.40527185672445015,-0.5925041674770276,-0.3646366508662999,-0.5211856531553714,-0.8581145689498862,-0.1413358012820522,1.381936672056971,-0.7803387023471634,-0.40068949354035444,-0.11793347139261284,0.7486747200750526,-0.871454510623025,-1.165579329124443,-1.0699099976273228,-0.6449726919481097,1.1456042706021892
720575940899432749,-0.3758582835477193,-1.3364251246769376,-1.1262675893738647,-1.112223380806954,-1.1765351852345631,-0.48472232836159646,0.6661192528744301,-0.0824038797434875,0.678929492111489,0.6652437823921479,0.15960326739897085,1.3997336713120663,-0.2878998469239956,-0.6927698558099932,-0.39353276277921356,-0.06084491721038079,-0.4660981279138241,-0.5002623246912364,-0.39421484562091863,-0.15819975559621519,-0.3520316307814371,-0.498841197091682,-1.1582088272772124,-0.4831180915086393,0.5869292456645754,-0.016841274478316924,-0.4904197429117416,-0.11793347139261284,0.6166384618553111,0.38588676384549764,-0.6603194867360099,-0.6166939690499111,-1.950810157102048,1.1265436691037407
720575940891783335,0.4975554173167553,-1.472881569480986,-1.2170459879709385,-1.71883825102556,-1.695653704982409,0.24831379306043413,0.2617333537118733,1.7293657945867302,2.1243567634393767,1.609263926581776,2.996203263219756,1.0359377276246649,-0.3707060709045997,1.2513975278357792,-0.37513003229782693,-0.15723570127144085,-0.5487919698621233,-0.5151591018084435,-0.5037052199762223,1.1990596322809104,-0.24434013334691523,-0.4665364555334468,-0.9138251047703282,-0.1413358012820522,-0.6731277129622066,-0.7803387023471634,-0.7264387167022717,-0.6973760625830789,1.1274963520562271,1.673629758444402,0.7581242187112064,-0.0626861304886801,-0.47531110338889754,1.0151126503132466
720575940917975893,-0.08261977614135582,-1.3364251246769376,-1.035489190776791,-1.2226803864401246,-1.3460081695684485,0.8759646368768397,0.8190649287709503,1.2003358508018789,2.021744715066253,0.26940824642790984,1.1957549857892267,1.1424389304285976,-0.28341343244035866,3.9360297659703742,-0.1250624364049048,-0.15723570127144085,-0.5423729839416015,-0.48718068470142256,-0.4501494096669752,0.33183719941198414,-0.324354113868015,-0.5343913839765203,-0.5675683721063264,0.47947359835966413,-0.6731277129622066,-0.7803387023471634,-0.32296161603417756,-0.45688565855973456,0.482978177934381,0.8668653948568266,-0.15505964434757705,-1.7882404076482885,-0.18171947884986953,1.0125344455819267
720575940899434029,0.8411866675603014,-0.517686455852647,-0.4000404005972743,-1.1594376313064159,-1.136735872577605,0.47668121366037297,-0.7975333276665268,0.6550317994717616,0.5416212834970932,0.3183775910832796,0.2719941274955215,0.9315493166949188,-0.41512607106749017,-0.11416990308744739,-0.4009087144965952,-0.15723570127144085,-0.5478957940378133,-0.5227309404735023,-0.45245461077673765,-0.31405047590140944,-0.33512770589524976,-0.48445658808888664,-1.2028537991373556,-0.3821442700465432,-0.6731277129622066,-0.7803387023471634,-1.1299158173703656,-0.2703468090811911,1.056482069131858,0.2874254263635427,-0.15505964434757705,-0.2826893492637104,-1.950810157102048,1.1778824195684385
720575940920037245,0.24694445084957314,-0.24477356624455018,-0.03692680620897908,-0.41827210004967336,-0.5981372250075804,-0.06708961583757746,-1.0364918968166803,0.023985062119580906,0.26774308244364753,-0.20396208524066434,-0.24184560159925264,1.1268791171649186,-0.3647626259212842,0.3204507723733833,-0.1905326379888783,-0.15723570127144085,-0.46627841644511137,-0.500311847299049,-0.36871654616663435,-0.5473684558373539,-0.32269807211245805,-0.5225633638516336,-0.7415638712672583,0.5091315327952872,-0.6731277129622066,0.09028810024862186,-0.40068949354035444,0.12255693263073156,0.9245519272339439,-0.5325038576354056,0.007597694135620111,-1.0699099976273228,-0.18171947884986953,1.0763598950219015
720575940922795818,0.15825492996282636,-1.2681969022749133,-0.7631539949855695,-1.0916940578460599,-1.4019916983294012,0.3952894231143127,0.7470240959327272,0.7021538422147652,0.7726829463804581,0.9917060800946133,0.7505775871804756,1.3873552842193773,-0.35547537668251794,0.4143503010223278,-0.22749789746077786,-0.032612292840516546,-0.5254287048731948,-0.49934864861412076,-0.2486085580630789,-0.4510240172055532,-0.3320426517279432,-0.5297951090285559,-1.098676188531336,0.5917058967253125,1.1728223660223933,-0.2986254583294305,-0.25440076912121146,0.7019995238211979,1.3645444838744136,0.04693611085787818,0.007597694135620111,-1.3350243790708767,-1.049663242898555,1.0948318653594424
720575940927244512,0.99827880482688,-0.9270557902647922,-0.49081879919434807,-1.312167421574019,-1.4732428150770356,-0.06932217043440916,1.9154581925339065,1.4189432655890077,3.4206643673473303,1.463716152189427,3.60206956698298,0.8543127680481493,0.3312935212931349,3.5184004337888766,-0.1963318138156309,-0.10268938963083546,-0.5630228100602034,-0.5178464738100973,-0.5316795242904244,1.3315198168501097,-0.30757249391540525,-0.5263444255806895,-0.6713494659613741,0.7759281398623926,0.5869292456645754,-1.262051946364896,-0.7264387167022717,-1.0363282497502007,1.5739851430621885,1.943453844134667,0.4360564774874531,-1.0699099976273228,0.558263469315114,0.9975970723753974
720575940891184310,0.6648783383924921,-0.7223711230587196,-0.3092620020002005,-0.9812455655660941,-1.2030434931755063,0.05436759478579572,2.302402942882981,0.20105706809715623,1.7810862419033873,2.218660215626376,1.6818440659165124,0.7157545338540946,-0.1254326718536579,1.5411446448096668,-0.37109833095483163,-0.09590695310762996,-0.5506891217722293,-0.5201103437516196,-0.5097733112820703,1.2261569485656834,-0.30849694031822095,-0.4801061496390413,-1.0166078158793366,-0.015012777251861217,0.5869292456645754,-0.7803387023471634,-0.8938968435798357,-0.6973760625830789,1.3817137927627576,1.8024928160567384,0.3502001980408558,-0.11114181460226565,-0.6449726919481097,1.0463958784768268
720575940917853067,0.808740884276794,-0.7905993454607438,-0.8539323935826433,-1.5276711071581837,-1.311841998309959,1.1198033171149822,-0.3877147606946956,0.6394863833091212,0.8066408904463839,-0.06249508956959601,0.17768471584994508,0.7470956727953437,-0.3760754588149216,1.0528670958351534,-0.3988753012949511,-0.15723570127144085,-0.5358323468927841,-0.47460436713034926,-0.2883146655419763,-0.2188007133037837,-0.3204352763102775,-0.45959417863511665,-0.7912703138129695,-0.29307904740580143,-0.6731277129622066,-0.4985545184960497,0.042947972105108645,0.528421537883126,1.2176624140367907,0.5536384689915569,0.14049841656993792,0.024623706661358585,-0.052827048401100474,1.0670478270729726
720575940878325883,0.07218135966851552,-0.5859146782546713,-0.3092620020002005,-0.546733399302993,-0.7653482636023357,-0.24308451604365758,-0.7633636539701498,-0.14215657311863625,0.2898895677040341,0.25308513154278617,-0.13728476398317538,1.1045552894868012,-0.31764862813023076,-0.9843055352343364,-0.42500510328986474,-0.11257897991702631,-0.5450611820264104,-0.4627467738088708,-0.31941994682562264,-0.1942756943323099,-0.3295981017925665,-0.5080394076081914,-0.5453640311135777,-0.7375518009141621,0.12187971343018898,-0.7803387023471634,0.00278760712773967,0.22101871577450904,0.7391139997021415,0.38588676384549764,-0.15505964434757705,-0.7359053778411224,0.06650870277665409,1.0821891499000464
720575940880005762,0.061543664027014375,-1.2681969022749133,-1.035489190776791,-1.3165007375995954,-1.3566202477614846,-0.1482567033637324,0.23607305543338816,0.7517048562331808,1.6792124097056098,1.9139620711040757,1.9563223394435842,0.7866816152925166,-0.28319993895962237,-0.18571240110569115,-0.3411118500993165,-0.15723570127144085,-0.5630228100602034,-0.4947068217882472,-0.5023846543415943,0.32477329635003027,-0.3455925624971756,-0.5343913839765203,-0.9008381819024212,0.041026218538508956,-0.6731277129622066,-1.262051946364896,-0.25440076912121146,-0.6973760625830789,1.1004770628586578,1.1330784374848408,-0.3647614258184949,-1.7882404076482885,-0.47531110338889754,1.1202802793513889
720575940915578005,0.20110447761696335,-1.472881569480986,-1.2170459879709385,-1.5843476370364016,-1.592329544353877,0.3990269639118236,0.7446609214611108,0.645315914370112,2.140597519296993,2.097597113561713,2.3310762431502434,1.577342181753828,-0.3617359650153631,2.71623017475932,-0.14651827324560854,0.11268473818698076,-0.5630228100602034,-0.5141054500283808,-0.3507932848731652,-0.010735343370968493,-0.2940416745139315,-0.5230142179831928,-1.0362247219779634,0.6421366067578688,1.7118945662149803,-1.262051946364896,-0.7264387167022717,0.22101871577450904,0.9845095483567214,0.7552391369634984,0.3502001980408558,-1.0699099976273228,-1.049663242898555,1.0423564315715892
720575940878955828,0.21859663294669637,0.028139323363546652,0.3261867881793161,-0.023994829554407845,-0.35102379879940476,0.017265877641657906,1.4558923739900747,-0.7367687413396273,0.19687432961041054,-0.14002988527393154,-0.44590274494031873,0.31959115408705774,-0.1311009656567282,-0.4691995495029816,-0.3859013434507639,-0.15723570127144085,-0.48359090919362885,-0.49633982447533853,-0.2443448639791281,-0.29720913087749934,-0.251005659049491,-0.493603563980123,-0.7507018260375138,-0.29307904740580143,-0.6731277129622066,-0.016841274478316924,-0.32296161603417756,0.528421537883126,0.9473687190714721,0.2874254263635427,0.6457582589583709,-0.42859232191605323,-0.18171947884986953,1.0629053179644101
720575940919632133,0.29799614133865726,-0.04008889903847756,0.14462999098516852,-0.2824729129970324,-0.4678100587953015,-0.057711282486886846,0.47491041977148907,0.917117800088776,0.29062778387937993,-0.5671513914346562,-0.16490247795658836,1.075803923396185,-0.026020436147539364,0.07362915421044232,-0.40126598030892974,-0.12448448838515071,-0.5235036681027996,-0.4726094740948057,-0.4438870807505172,-0.23217684959344034,-0.31324214875616563,-0.5247281220773313,-0.9931389818033619,-0.29307904740580143,0.12187971343018898,-0.2986254583294305,0.08051548463391665,-0.11793347139261284,1.2853934768953537,0.5536384689915569,0.25286437632277353,-1.0699099976273228,-0.6449726919481097,1.128915046600653
720575940896872522,0.6221709201822466,-1.0635122350688406,-0.7631539949855695,-1.3616856829633555,-1.433764185683222,-0.047232445013583306,1.0234318515955179,1.3040529242619938,3.439857987906332,2.199616581593733,4.3943323410909825,0.6782363151976024,-0.40324573565633004,1.488382052521212,-0.0297293579712835,0.6102836902650774,-0.5630228100602034,-0.5127531738234132,-0.26122789746032343,-0.03823726398616687,-0.3228164471331342,-0.496648553307043,-0.46233659613804723,1.0036179084068126,3.0187724450069937,-1.262051946364896,-0.5965481023535156,0.648047969276397,1.280725946120431,0.8668653948568266,0.14049841656993792,-0.3515795876063572,0.7194274353536234,0.9151916760908353
720575940865467295,-1.2289862433624235,-1.5411097918830101,-1.2170459879709385,-0.2117863194401266,-0.6476250339585293,-0.135071845818164,-1.6030085552534648,-0.532978051332515,0.5430977158477858,-0.1604337788803359,-0.3262943507023548,0.7481714972272357,0.47058573377721113,-0.8984545376124439,0.40558487750671557,-0.028233851685493826,-0.4851929839671251,-0.5268861092826473,-0.46624268172390143,-0.40295119202725976,-0.3646366508662999,-0.5058448383335357,-0.7267511171461761,0.9883410171707095,0.5869292456645754,-0.2986254583294305,-1.53339291803846,-0.6973760625830789,0.06834345838077377,-0.2920145421297411,-1.165579329124443,-0.881808350493465,-0.8346382114268388,0.9201580005549796
720575940899433773,0.16136901471598988,-0.7905993454607438,-0.6723755963884956,-0.9996971549161723,-0.9985871126726684,0.589906105331579,-0.3470001162028645,0.5819197640818448,0.7276517596843394,0.2517248719690261,0.28772359590723623,-0.4637074377925455,-0.43204782899649635,-0.2992861167096528,-0.04280144753164613,-0.15723570127144085,-0.4559557983052579,-0.44285829968612683,-0.20676623343983752,-0.5526201201967509,-0.34474518457204384,-0.5063412365188631,-0.8803424109566151,0.8535531988142742,-0.6731277129622066,0.1830877856883023,0.23880658091826984,0.648047969276397,0.993499106160738,-0.5325038576354056,-0.3647614258184949,-0.6166939690499111,-0.47531110338889754,0.972322793688292
720575940899291016,0.23634092553802788,-0.7223711230587196,-0.03692680620897908,-0.40894082769999146,-0.9853651879668155,-0.18788824885342537,-0.9646978894533166,0.46314306871417016,0.3829048057976571,-0.012165485340466202,-0.0061833327781600405,1.8231498706924214,-0.37849437305129213,-0.8412205391978492,-0.4140319769866452,-0.15723570127144085,-0.5630228100602034,-0.506891540131668,-0.5259406033901879,-0.6034158780905028,-0.317304547334787,-0.45963605123394474,-1.0561736175060574,-0.4831180915086393,-0.6731277129622066,-1.262051946364896,-0.4904197429117416,-1.0363282497502007,1.1217419134001385,-0.871454510623025,0.14049841656993792,-0.01757496782015681,-1.049663242898555,1.1729218939212034
720575940920027261,0.5254467105814931,-0.9952840126668165,-0.49081879919434807,-1.0604961352140634,-1.3442376824576754,0.06553922217071961,-0.03196922117343481,0.42525111681773475,0.5563856070040174,1.047476722618784,0.5139297492102998,1.3170478169949367,-0.19363144426657566,-0.6865098872333971,-0.39110167075233687,-0.15723570127144085,-0.5630228100602034,-0.5268861092826473,-0.41243544581110236,-0.48694609477986556,-0.3423899530417073,-0.49674570345033636,-0.8831632235866128,-0.3821442700465432,-0.6731277129622066,-1.262051946364896,-1.53339291803846,-0.11793347139261284,0.8437420592852367,-0.2920145421297411,-0.3647614258184949,-0.5159021590660918,-0.6449726919481097,1.1777049689947658
720575940927244256,0.18288288553673715,-1.199968679872889,-0.8539323935826433,-1.201564111972009,-1.3556615811247408,-0.16170807032125842,0.03466010611759712,0.45682774339809845,2.8898869372734013,2.058149585922665,2.6170197437065066,1.451880433802405,-0.3590954110365151,1.5527703007376312,-0.21845899336803792,-0.03930795970902974,-0.547212019324668,-0.4964851676227167,-0.47336608650259837,0.7530800049223737,-0.3543557125972425,-0.4821994244365511,-0.808867456832422,0.44860480634455036,0.9168871398225846,-0.7803387023471634,-0.32296161603417756,-0.45688565855973456,0.9438233664982668,1.3640138756413835,-0.6603194867360099,-0.2826893492637104,-0.3218335277477355,1.007873741028993
720575940937856941,0.49650117242943403,-0.6541429006566954,-0.4000404005972743,-0.9582681860265825,-1.072403639710021,0.09140163624017619,-0.05584568589882201,1.175560343792671,1.214136219237494,0.6856476759985519,1.0786170411979472,1.2820149317462064,-0.31949398457938655,4.662186120855549,-0.333875161824907,0.05650038512482276,-0.5486948135689995,-0.5072076598020393,-0.457565981610635,0.7577239677295617,-0.2901026190601547,-0.4555627087101398,-0.9107690072686935,0.09319727547693135,1.5587402985928334,-0.7803387023471634,-0.4904197429117416,-0.2703468090811911,1.1146826246034929,1.4463053633501106,0.4360564774874531,0.024623706661358585,-0.47531110338889754,1.010256145194028
720575940892204542,0.26077066683355116,-0.3130017886465744,-0.21848360340312667,-0.6123699884846191,-0.6637956505054565,-0.34432116210383545,-1.4222660170780286,-0.05932865262706814,0.8974414800139684,0.06945008908515,0.005862525494901305,0.7371348026838226,-0.4398393296658708,-0.7902465093598502,-0.37004202324052893,-0.12344636200531943,-0.5630228100602034,-0.49702101049353636,-0.4622831599913396,-0.4342441424157011,-0.31161307967087504,-0.4994979183354305,-1.1239636686254832,-0.07553950370259807,0.12187971343018898,-1.262051946364896,-0.25440076912121146,-0.2703468090811911,1.2369437944121808,0.04693611085787818,0.25286437632277353,-0.42859232191605323,-1.297891424525079,1.1550650747147602
720575940878955572,0.1946719086932728,-1.472881569480986,-1.48938118376216,-1.8602485781836429,-1.589859016845213,1.6146484558304546,-0.8685355007371873,0.5445136064404907,0.9683102328472051,0.715573386621278,0.6194088432870888,1.44221518647652,-0.35706828497580445,-1.4842087401368145,-0.2830545835667997,-0.15723570127144085,-0.48735902593302993,-0.5144158721127349,-0.5492229443191609,-0.12214166563250127,-0.3351165070546535,-0.5121897188768277,-1.1499038194935163,0.2719498354761984,-0.6731277129622066,-0.016841274478316924,-0.7264387167022717,-1.615770840940667,1.04714609126605,0.6263760793511621,-0.15505964434757705,-0.7359053778411224,-1.5914830490641074,1.1367769258073668
720575940900033476,0.6767731934963357,0.028139323363546652,-0.21848360340312667,-0.9083885732222509,-0.6671159056294252,0.961320962969454,-0.3048201637689817,0.41844999724657994,-0.04526057590314774,-0.29918025540388293,-0.26346018841453545,-0.2730178073680809,0.4061196819513401,-0.6230159202422058,-0.45474195236739345,-0.15723570127144085,-0.5182699321308876,-0.403956535984034,-0.4537940901411483,-0.5550132224559712,-0.3064356939312544,-0.46326175079376986,-1.100773501625617,-1.1238281237968948,-0.6731277129622066,-0.2986254583294305,0.46551184541700596,-0.2703468090811911,1.0611312378848623,-0.5325038576354056,0.25286437632277353,-0.0626861304886801,-1.297891424525079,1.08599727925569
720575940899433005,0.3231718369580584,-0.9952840126668165,-0.49081879919434807,-0.9293846783733579,-1.2535824111154852,0.5868530318510374,-0.33380401814859384,1.1728884753897164,0.9978388798610537,1.6582332712371457,1.6007200339383116,-0.38898578573047465,-0.3034376699224702,-0.39765705148473784,-0.3438153043184164,-0.04128491600032941,-0.5630228100602034,-0.5140755537494235,-0.4249143053241182,-0.6002869386179053,-0.3646366508662999,-0.5172857151058508,-1.1441302755577079,-0.015012777251861217,0.9168871398225846,-1.262051946364896,-0.7264387167022717,-0.11793347139261284,1.0113393258766226,-0.871454510623025,-1.165579329124443,-0.881808350493465,-1.5914830490641074,1.187803116256985
720575940859648663,0.16961445465204428,-1.5411097918830101,-1.2170459879709385,-1.5684714469543548,-1.6378014521171587,0.41488387171382635,1.4008750090309812,0.897200235630392,1.329297942591504,0.6149141781630183,0.9346156327213194,1.8956356519744475,0.05572092270290137,-0.8000836028373589,-0.41325814401236577,-0.06299813339425427,-0.5503882047892844,-0.5130039483436024,-0.529016882277191,-0.0490842208529934,-0.3235585039801105,-0.47878170000533227,-1.1406698929051167,-0.3821442700465432,0.9168871398225846,-0.7803387023471634,-0.5965481023535156,-1.0363282497502007,1.361759216919218,0.8668653948568266,0.14049841656993792,-0.11114181460226565,-1.297891424525079,1.148620179761169
720575940918815793,-0.18342536151351027,-1.2681969022749133,-0.9447107921797171,-1.0442756025779114,-1.2265521971877358,0.7652485622732118,0.5320916388284875,0.24113509414146478,1.2990310794023088,0.628516773900621,0.5543122305082979,0.6968997081564432,-0.37621113549200486,-1.1425933120997007,-0.1829838474603829,0.1475695912936638,-0.3638019856730914,-0.4932103983498066,-0.4266819531499509,0.12731431097627757,-0.32477727144345175,-0.5287705742592173,-0.8258573264191685,0.5651705285856574,1.8469862042913574,0.5720013442663546,-0.25440076912121146,-0.11793347139261284,0.9948779795290593,0.9175448608352565,0.007597694135620111,-1.3350243790708767,-0.3218335277477355,0.994106997101362
720575940899433261,-0.11453244724563137,-1.199968679872889,-1.2170459879709385,-1.4082288917768915,-1.2017263587259575,0.8969180857730973,1.2337470578982301,0.20008547958699088,0.4471296130527776,0.43263939527914225,0.10536945866202843,-0.14842411700816635,-0.2605424806802032,0.5771094840138326,-0.1702166299761913,0.06488062749659562,-0.5332432624612338,-0.5105261018429066,-0.45397226201227975,0.48267184048431655,-0.34527255354399766,-0.44701067070140477,-0.5808547470933,0.6173415855240798,1.5587402985928334,-0.4985545184960497,-0.5965481023535156,-0.2703468090811911,1.0397751814414011,1.239941405174099,-0.3647614258184949,0.06426326822093416,0.28153373424837064,0.9713785863547251
720575940893156522,0.09619832304700099,-1.2681969022749133,-1.2170459879709385,-1.5301059358253828,-1.3732294418598379,0.4930801416896483,0.7906584155391626,0.2899574167772562,0.9557605578663191,0.37822901232873174,0.3141540255422755,1.9430764744641025,-0.4120031696354358,-0.20985799418684814,-0.18762781011862667,-0.04041961163263454,-0.5003758120476026,-0.5182820048200343,-0.3738921027515262,-0.004462705720495092,-0.34426860191534725,-0.4999247377445742,-0.7045992391609331,0.5376700289852918,0.9168871398225846,-0.14354843140079065,-0.8938968435798357,0.12255693263073156,0.9677897469290423,0.7552391369634984,-0.3647614258184949,-0.5159021590660918,-0.052827048401100474,1.0432096413727014
720575940892205566,1.5673017990573848,0.16459576816759508,0.41696518677638994,-0.9059983880448907,-1.012508332065245,-0.21996813686906194,1.329344083244011,0.6120390078969601,1.5286163099349814,0.9454572545867639,1.083065951184989,0.029090330012221575,-0.23679683954514752,-0.4110712698631586,-0.16723138606008922,-0.12226641682459771,-0.5348924296474906,-0.36075557165337846,-0.5492229443191609,1.8014232914355899,-0.28232386891530703,-0.44669089119515104,-0.42744985871640223,0.6661443500477537,0.12187971343018898,-0.4985545184960497,0.669362722745037,-1.615770840940667,1.093981236966532,1.9141190739500664,0.5128575365240533,0.10163644097105431,0.6408608422863112,0.7687425335935739
720575940909797811,-0.3315976369879469,-1.9504791262951555,-1.7617163795533812,-1.9391098433327703,-1.8301349289894018,1.5663164672126355,-0.8703934226716914,1.2974947018183804,1.155817141385144,0.7876671440305728,1.1866989294360397,0.7100332128759602,-0.3525775353808492,-1.4681116780827095,-0.16238746385404162,-0.030190095026075253,-0.528956330577059,-0.5081709875724271,-0.35853848356256196,-0.4336739420570797,-0.34248498378850173,-0.5031539920832643,-0.7661422167624021,0.5376700289852918,0.9168871398225846,-0.4985545184960497,-0.5965481023535156,0.12255693263073156,0.8271171752250882,-0.105476536971105,-0.3647614258184949,-0.6166939690499111,-0.3218335277477355,1.0644039821332685
720575940890111288,0.5180494974924286,-0.10831712144050176,-0.21848360340312667,-0.8042638324793799,-0.6707066312325733,0.5775386161909386,0.16758287335595076,0.11094223377935193,0.06547185039878471,0.3591853782960877,-0.09261397827991986,0.7328998852473587,-0.43527030615670903,0.3803676144636626,-0.3071032560573406,-0.12759805660573076,-0.46765703610499765,-0.4941416399824786,-0.49202982162458064,0.18136902492673512,-0.33363093927937887,-0.4862960728468799,-0.9864909816556694,0.3476309848824541,0.12187971343018898,0.2649429093727968,-0.13759147859115115,-0.45688565855973456,1.4455526498690434,1.1702381181787842,0.007597694135620111,-0.16347794047249933,-0.47531110338889754,1.0694283549580845
720575940891185846,0.9914386865062036,-0.04008889903847756,0.05385159238809473,-0.8687826093421886,-0.8847677555610005,0.19692103640199157,0.632750614894591,0.32566329452582027,0.4331035057211994,0.7903876631780928,0.29581209206257014,0.8462755616527285,-0.10452159215888635,2.6956617065790742,-0.40292844954449775,-0.15723570127144085,-0.528677578160961,-0.5143072692241846,-0.47598684692673265,-0.3593631993794812,-0.34974803397593945,-0.4882016579562369,-1.041360554126682,-0.21340749086701344,-0.6731277129622066,-0.2986254583294305,-0.5965481023535156,-0.2703468090811911,1.537101268976968,0.38588676384549764,-0.3647614258184949,-0.16347794047249933,-0.6449726919481097,1.1713017254050406
720575940920881320,0.3810280120273468,-0.7905993454607438,-0.6723755963884956,-1.1436973864665791,-1.1192744375534112,0.20226546064133885,0.4444764337984166,0.14883418567578652,1.1004509282341777,0.5945102845566143,0.4057341159664424,1.9687222836181841,-0.3609672399324486,-0.7437438856479918,-0.3766049185084291,-0.062154574602514744,-0.5375274045390906,-0.523384502830951,-0.4472882707186863,-0.5687632321598834,-0.3066124551495674,-0.496986404732473,-1.1832473804923602,-0.07553950370259807,0.9168871398225846,-0.4985545184960497,-1.1299158173703656,-0.11793347139261284,1.3516949728027663,-0.5325038576354056,0.3502001980408558,-0.3515795876063572,-1.5914830490641074,1.1739778954791662
720575940899433517,0.9742211638416732,-0.3130017886465744,-0.49081879919434807,-1.300894475399667,-1.05747477364469,0.6897247512712761,0.6079087571283548,1.1158076504175218,0.7564421905228416,0.30613525491943694,0.551011136876309,-0.1623707685279697,-0.4477195315362131,-0.5765132965303472,-0.2834926123480099,-0.08215965325417446,-0.45733416952815376,-0.502002296376385,-0.4043452499508378,-0.12333984608550243,-0.3450012655466765,-0.490088932225146,-0.8337666864760278,0.2719498354761984,0.5869292456645754,0.1830877856883023,-0.40068949354035444,0.01093016948770045,1.0364143608362142,0.6263760793511621,-0.3647614258184949,-0.3515795876063572,-0.3218335277477355,1.0677870948309631
720575940932846484,-0.0686948885030067,-0.9270557902647922,-0.4000404005972743,-0.5175656464966669,-0.9766786319495071,-0.4847844743707678,0.2121512267316447,-0.04329744220934516,0.7357721376131479,0.45168302931178594,0.11539191524891125,1.073583151499904,-0.3499489640854125,-0.6757785125306606,-0.14417187795008868,-0.0480128719580362,-0.5337353960058366,-0.5228636983458473,-0.3384506394201114,0.4175651114019545,-0.3360705183126134,-0.46456784027564185,-0.5425744616054741,0.689413275109041,0.9168871398225846,-0.4985545184960497,-1.1299158173703656,0.3090957821092754,1.0697324094113518,1.2058160478444462,-0.15505964434757705,-0.0626861304886801,0.37915730394104424,0.9766175847208765
720575940927244768,0.5958458728872414,-0.7223711230587196,-0.21848360340312667,-0.8565238916631001,-1.1717159587819777,0.13636518619838103,0.3574072043199564,0.2782983546552755,0.5497416614259015,0.6720450802609498,0.2770691745701171,1.0618728295487179,-0.25606398693417404,0.12907459017458145,-0.4586185858851047,-0.15723570127144085,-0.5386643407657499,-0.5201951960383551,-0.49078953093694627,-0.22507630899965092,-0.28544139639298666,-0.49418731496008717,-0.7229569150702821,-1.1238281237968948,-0.6731277129622066,-0.4985545184960497,-0.8938968435798357,-0.45688565855973456,1.4257876622083405,0.6263760793511621,0.5823325452617995,-0.2826893492637104,0.28153373424837064,1.1511156910298397
720575940900963269,-0.15198609497305568,-0.24477356624455018,0.14462999098516852,0.19538869556376834,-0.2735753843742825,0.037986578213739554,-1.6283007477255573,0.17215230991974784,0.3858576704990416,0.7210144249163196,0.1803441803594898,0.27830715835806635,-0.40007554631839937,-0.2921318669078285,2.3188082234706084,-0.10300270269004026,-0.3667026086842822,-0.48494345344766643,0.8461891301766127,-0.027536108665221437,-0.3646366508662999,-0.5023884367458366,0.16331370001742593,1.980590641474636,0.12187971343018898,0.3381648126169424,-0.32296161603417756,1.4886229750529123,0.16895485957223677,0.4739634315221791,-1.165579329124443,-0.7359053778411224,0.7194274353536234,0.0544765184846549
720575940921525267,0.8963678900588771,0.09636754576557087,0.5985219839705376,-0.360225547981131,-0.7443987664872952,0.13637805252170251,-0.2114574027323427,0.09928317165737127,0.3799519410962719,0.331980186820882,0.004471535483061279,0.8308042123901778,-0.17996037686733996,1.3917996801965824,-0.16267108667791458,-0.15723570127144085,-0.5276257268511307,-0.5268861092826473,-0.5209183141352031,0.9766224116748438,-0.26106064694660847,-0.5084253886202442,-1.1140336048297463,0.5091315327952872,-0.6731277129622066,-0.4985545184960497,-1.53339291803846,-1.0363282497502007,0.7502630506002208,1.3923540530030822,0.5128575365240533,-0.7359053778411224,-1.5914830490641074,1.0150177217374503
720575940880837650,0.3338187758607953,-0.04008889903847756,0.14462999098516852,-0.31457344250873476,-0.4939036741301305,-0.2955787331077549,-0.8290731756011166,-0.25656112019056676,0.33935005145222996,-0.2950994766826022,-0.3291634863192927,0.5591523432622441,1.4169080182415246,-0.02116465566373048,-0.39844165761635886,-0.11838855338476363,-0.5317729556440431,-0.4968425454635466,-0.5242345697876338,-0.35251241641336817,-0.3138362466449779,-0.4942748368797502,-0.5423137457319932,-0.3821442700465432,0.12187971343018898,-0.4985545184960497,-0.32296161603417756,-1.0363282497502007,0.9886643786495937,0.17579916847021465,0.14049841656993792,-0.42859232191605323,0.28153373424837064,1.1220613307329974
720575940913573871,0.9388923051093739,-0.10831712144050176,0.5077435853734638,-0.4656393901141763,-0.9043512627218774,-0.16335180897546958,-0.5263091937413024,0.3817725309878505,0.8435516992136944,2.682508730278629,1.4347388158935936,0.9075418885707505,0.5887564769939571,-1.2418585281000138,-0.4475317734201861,-0.15723570127144085,-0.5496822900752518,-0.5048994415391082,-0.48521792745286085,-0.18460378674531025,-0.34728735256281196,-0.3875996788802762,-1.0350821988755161,-0.9062885800936915,-0.6731277129622066,-0.7803387023471634,-0.40068949354035444,-0.45688565855973456,1.2601561642754235,0.6263760793511621,-0.3647614258184949,0.45708076893811755,-0.8346382114268388,1.112964355592737
720575940881936465,0.38235171618796654,-0.4494582334506228,-0.3092620020002005,-0.7944590529697998,-0.851023920085483,0.15842200977235588,0.3950877040264364,0.06479177954651237,0.2861984868273028,1.2311117650764205,0.27091572729075114,0.33769012266510046,-0.3933364168478146,0.18094290123780798,1.4015134952200137,-0.08230152031391985,-0.44246403686286273,-0.48549145704944086,-0.0913105088374223,1.1648092516613655,-0.30584180661559074,-0.434899228300177,0.06062465930265097,1.9595257585645203,0.5869292456645754,0.2649429093727968,-0.13759147859115115,0.8885383732997413,0.8750436928209254,1.611678816055565,0.25286437632277353,0.1369884296793332,1.1826806484518635,0.3321327956827213
720575940881935185,0.17418353488291954,-0.9270557902647922,-0.4000404005972743,-0.7276320920581537,-1.1212807340143107,-0.9890103121231504,-1.6575545501631963,0.3186192778271248,0.5357155540943234,0.8243941525221001,0.3538897710522621,2.3819224061818476,-0.4301082458164662,0.16216299550801908,-0.2580297635488096,-0.10258414592039329,-0.4970776928027275,-0.5148100067678663,-0.4437593305300922,-0.5798957472557063,-0.3503430861945454,-0.518266414974952,-0.7468451605304934,0.09319727547693135,0.12187971343018898,-0.2986254583294305,-0.8938968435798357,-0.45688565855973456,0.3994736190875575,-0.871454510623025,-0.6603194867360099,-1.0699099976273228,-0.6449726919481097,1.1278039596104292
720575940877146203,0.5569429128523866,0.028139323363546652,0.6893003825676114,-0.0014145910048412804,-0.5928366722052961,-0.9170533950599931,1.3631514201891808,0.5865348095051274,0.22271189574752814,1.8799555817600695,0.7577100822126064,0.15623938672653365,-0.3410194144538354,-0.8009778840625869,-0.008049076612864317,-0.028359625344498648,-0.5500638194085881,-0.4984089562611161,-0.031101951432771058,-0.6084825698871811,-0.3562100904780767,-0.5011195516102683,-0.9085393798455702,1.0332758428424358,1.1728223660223933,-0.7803387023471634,-0.25440076912121146,1.1078641290735922,1.2853934768953537,-0.871454510623025,-0.6603194867360099,-0.42859232191605323,-0.3218335277477355,0.9962568539237148
720575940882672796,0.2891120009751192,-0.3812300110485986,-0.21848360340312667,-0.6350871796864916,-0.7383502364882152,-0.11383549309563301,0.8828179661016422,0.561759302495921,0.5165219335353219,0.8964879099313937,0.492611866347477,0.4587610184260306,0.1445497734339837,-0.9217058494683733,-0.19167656013971573,0.024252484370298807,-0.4352774097649435,-0.5218732832044293,-0.4908519312258365,0.7959518720942405,-0.3527700484340058,-0.47414968056242324,-0.7236387674502207,0.41642206022504374,1.1728223660223933,0.1830877856883023,-1.1299158173703656,-0.6973760625830789,0.6896797578050436,1.272728163067946,-0.6603194867360099,-0.2826893492637104,-0.3218335277477355,0.9798449067571254
720575940891783079,-0.12263882718230998,-0.5859146782546713,-0.8539323935826433,-0.986503900841861,-0.6208734303725091,0.38195567362225963,-0.864109269892862,-0.18393487905573178,-0.07774208761838121,-0.7181402041220463,-0.5137181118250839,1.21837346648139,-0.3914534048063559,0.2936223356165417,-0.09769864008347492,-0.09685937885560633,-0.4173170333183504,-0.46018071963035473,-0.35503801190607664,0.5815048528548364,-0.2541009114010506,-0.5343913839765203,-0.5975888574923812,0.41642206022504374,0.12187971343018898,0.09028810024862186,-0.13759147859115115,-0.11793347139261284,0.1789224864083263,0.9175448608352565,0.3502001980408558,-1.7882404076482885,-0.47531110338889754,0.9031536644770304
720575940903751971,1.6615907245789123,-0.176545343842526,0.3261867881793161,-1.0142544971172165,-1.2404843216117323,-0.3435212873102246,-0.12969650945856126,1.3999972896407893,0.5851760378425199,1.413386547960297,1.261998808029248,-0.0006229942638135194,-0.10113127754195572,1.4222052418543367,-0.43033669147116954,-0.15723570127144085,-0.5115714368537255,-0.5056867060937962,-0.4875097199922671,-0.48652649563943895,-0.3395445286264005,-0.4070093304670344,-1.1366813728905265,-0.5996838137497466,-0.6731277129622066,-0.14354843140079065,-0.40068949354035444,-0.45688565855973456,1.3279815800695343,-0.105476536971105,-0.15505964434757705,0.39052989808873173,-1.297891424525079,1.1353554951249365
720575940894662868,1.1722764586994348,0.16459576816759508,0.05385159238809473,-0.9695742040202294,-0.8403501806347391,1.3262741458624607,2.4997884803483776,2.3111044150480358,0.9557605578663191,1.8296259775309394,2.527783013325148,-0.3672697101289318,-0.19201898078373164,0.24354258700377107,-0.11888798075350944,-0.1154406247930259,-0.4789696603236511,-0.5130332109088197,-0.33414593991964364,-0.010403883820664065,-0.29905015934548346,-0.47889892109296117,-0.950184672405861,0.6421366067578688,0.12187971343018898,-0.016841274478316924,-0.7264387167022717,0.22101871577450904,0.8369602635941421,0.693288194574662,0.25286437632277353,-0.2826893492637104,-0.8346382114268388,1.0041699875221304
720575940891518756,2.84982744513382,2.9619528866505878,3.2310955432856776,0.12392392998399991,-0.16668536107487109,-0.7790315507648733,-0.2904543347751462,0.5321258529358867,1.5013023114471722,0.45304328888554596,0.7033644399618927,0.37696691428718826,-0.34807206790925727,-0.821546352242832,-0.059203934511529395,0.140882706458139,-0.5630228100602034,-0.49394918342426275,-0.3400255737195211,-0.4423192370480531,-0.3646366508662999,-0.47441866575171526,-0.8661814906903795,1.0756895979917742,2.1769440984493666,-1.262051946364896,-0.0869426422436474,0.528421537883126,1.5877387231523372,0.17579916847021465,-1.165579329124443,0.024623706661358585,0.06650870277665409,1.0108022969652972
720575940902634194,0.6646265311478687,0.3010522129716435,0.6893003825676114,-0.09742829884229814,-0.46232784862627746,-1.225829083011246,3.5469527303197124,-0.17470478820916316,0.5327626893929386,1.9044402540877543,0.48909812926344753,0.4952933559128434,0.07124056504516671,2.3826632777492582,-0.23847231125008148,-0.07097880909615059,-0.5514581887623436,-0.511002952407783,-0.5307280685058032,0.08326698884539911,-0.2969577828758519,-0.36472378670943845,-1.0785302185147327,0.6173415855240798,0.9168871398225846,-0.7803387023471634,-0.4904197429117416,-1.0363282497502007,1.4854564006234736,1.094189789951118,0.5128575365240533,0.6398880347816708,-0.8346382114268388,1.0107930582652125
720575940916299357,0.6734360702496558,0.09636754576557087,0.5077435853734638,-0.2652739219514262,-0.6158696629089181,-1.2613529525292881,-0.16453167399414093,0.393917387364913,0.4212920469156603,1.625587041466899,0.6705937638426397,1.0855334704312847,0.6674682612344724,0.16752868285938716,-0.3841325706288444,-0.15723570127144085,-0.5371048287569727,-0.4663721591118935,-0.5284981046037052,-0.3210752272312292,-0.3562100904780767,-0.3490197465074024,-1.044416455434305,-0.1413358012820522,-0.6731277129622066,-0.4985545184960497,0.14907633154688252,-1.0363282497502007,1.298742923499872,0.38588676384549764,-0.6603194867360099,0.623742707891113,-0.8346382114268388,1.0584717143640048
720575940886540578,1.7420106469013732,2.34789888503237,2.686425151703235,0.5398253466913125,0.12419717780808162,-1.4828610749518185,-1.4874286330509092,0.547428371970985,1.337418320520313,1.4963623819596732,1.2725996569873859,0.2798051556576028,-0.4011307343029319,1.5044791145753165,-0.04262295541492681,-0.1290555075799115,-0.5176847609015673,-0.5050921425781718,-0.512969202531522,1.36149367458081,-0.3277854196062619,-0.43461641944379176,-0.3314802286196582,1.0756895979917742,0.12187971343018898,-0.14354843140079065,-0.32296161603417756,-0.6973760625830789,1.488567853638558,1.9289151269160991,0.14049841656993792,0.3164296519660436,1.1241179863040685,0.8648985655835166
720575940882160356,1.7552821350859653,2.006757773022249,2.5048683545090875,0.4072546090705105,-0.07162808884085406,-0.8944443884640436,-1.120346136142088,1.6343930177181,0.8442899153890409,2.104398411430514,2.1163721612499713,0.4453640485085276,-0.43805710542094456,-0.4844023303318587,0.07196564695029772,0.032476012738291773,-0.5303206660730352,-0.5089205133598921,-0.28772623106961115,-0.4423192370480531,-0.35754848074203455,-0.5183986591165722,-1.0566743654792154,1.2793538827356437,1.7118945662149803,-0.2986254583294305,-0.40068949354035444,0.7019995238211979,1.5882279064731026,0.17579916847021465,-0.6603194867360099,-0.7359053778411224,-0.6449726919481097,1.0130776568147604
720575940878326395,-0.08165732128191117,-0.24477356624455018,0.05385159238809473,0.00760272983221195,-0.33777007747344945,-0.1722434999571447,1.658592879768206,-0.08944789644218386,0.12895844147855873,0.28845188046055326,-0.15835193518086507,0.5718388408510624,-0.13848076282923244,-0.6641528566026957,-0.24824244897122139,-0.10726699088494877,-0.542924617401423,-0.521365431368884,-0.45279603130838936,1.6428473547136035,-0.2078108868669284,-0.423816684749536,-0.3780434990439873,0.18784319058252782,0.12187971343018898,-0.7803387023471634,-1.1299158173703656,-0.45688565855973456,0.49957326928144713,1.5676710149309614,0.7041042596314225,0.024623706661358585,0.17760762918807105,0.873071921077451
720575940885432678,0.39208568549889034,-0.04008889903847756,0.05385159238809473,-0.45247837259096546,-0.535085713738124,-0.3381383354832469,0.6752316061282795,-0.29323858644929707,1.0532050930120198,0.6598027440971072,0.18192939634202152,-0.6762029680615733,-0.15287959877466717,-0.8465862265492173,-0.24493164456213137,-0.11217300972289528,-0.5086480633760847,-0.5268861092826473,-0.31733082866659046,0.4415433599733268,-0.35285095708695324,-0.5210956140815908,-0.7279875687981149,0.2719498354761984,0.12187971343018898,-0.2986254583294305,-1.53339291803846,0.22101871577450904,0.717407270666693,1.0534034000154626,-0.6603194867360099,-1.0699099976273228,-0.3218335277477355,1.0538314202276087
720575940923272236,-0.1945203021434963,-0.4494582334506228,0.14462999098516852,0.24917381632858573,-0.4304586381483576,-0.6944992340601732,0.07867681781012931,-0.27623578752140915,0.09795336211401817,-0.23932883415843142,-0.37083533954127934,-0.4110043881937514,-0.14994361262129455,-0.05961874834853661,0.47825985688482575,-0.15723570127144085,-0.12187551059470388,-0.45283369699624854,-0.07888245160036415,0.0493065067367579,-0.25308183574525545,-0.48944563448536343,0.2660276044436104,1.0893148386328062,-0.6731277129622066,0.7842309964881948,-0.0869426422436474,0.528421537883126,0.0940500024614728,0.4739634315221791,0.3502001980408558,-0.6166939690499111,0.6408608422863112,0.592659123744319
720575940894647859,1.2581861681047293,-0.04008889903847756,0.41696518677638994,-0.7402294747446532,-1.0069902491865994,0.2319417420161609,-0.5375707630426809,0.7067688876380487,0.3902869675511191,1.0787626928152703,0.577994517678442,0.8995275861967378,-0.4282906670266671,-0.46383386215161354,1.023454891993722,-0.1133499458899445,-0.47476514243067613,-0.49779440946616277,-0.4363051367858154,7.739307591106608,-0.26133574921465547,-0.25599832685825313,0.9211796759538037,1.671905597623884,0.12187971343018898,-0.016841274478316924,-0.40068949354035444,-0.2703468090811911,0.49865548300393653,2.7433265349798512,0.5128575365240533,0.6860615088404581,1.6744354149903233,-0.09328811901932806
720575940890108216,1.2817715375541996,1.2562473265999825,1.4155275713442017,-0.00447758762537167,-0.22157796139680905,0.02278156066921555,0.7488861608425006,0.3759429999268593,1.2318534074458038,1.607903667008015,1.1411155134445035,-0.3797585052084057,-0.3190388633269515,-0.18034671375432268,0.40929016336956797,-0.0985742093147543,-0.5394282454240966,-0.5042023297363913,-0.36055332359591574,1.7052437176454398,-0.3032673578140804,-0.2834238930603954,-0.2894276790220268,1.5789243621048694,0.5869292456645754,-0.4985545184960497,-0.32296161603417756,0.38877118020875745,1.3589694597686957,2.025745331843394,0.4360564774874531,0.8778677127220007,1.1241179863040685,0.5939698362113068
720575940910607129,-0.1743227826362653,-1.4046533470789617,-1.035489190776791,-1.157591688135068,-1.362404988246138,0.5043290591808012,0.038849470651278306,0.8593082837339566,0.2699577309696859,0.7781453270142501,0.43968649605553334,0.06874084506156328,-0.37770809730407773,0.04769499867882905,-0.378725417724257,-0.01101457825256138,-0.40618971572383983,-0.5053462371471381,-0.3611098711496716,-0.6495407616951743,-0.35188909613937625,-0.5056296398576954,-1.2929454689783675,-0.3821442700465432,0.9168871398225846,0.2649429093727968,-0.5965481023535156,0.01093016948770045,0.6019987817308055,-1.4508944791163088,-0.6603194867360099,-0.7359053778411224,-3.0669821027772572,1.149265886310042
720575940883198679,0.5562360982924647,-0.3812300110485986,0.5077435853734638,-0.16665524643331447,-0.8982583648904682,0.19822725864385107,0.4269431129141746,1.114350267652275,0.49659009680097377,0.47480744206571035,0.5145635636563513,-0.21612294056417045,-0.3951665401702311,-0.6847213247829409,-0.40302255509617735,-0.15723570127144085,-0.5501599667585839,-0.5233528754178388,-0.3640832713384797,-0.5272800621533728,-0.33118048787976734,-0.5155199686417816,-1.1366813728905265,-0.29307904740580143,-0.6731277129622066,-0.7803387023471634,-1.1299158173703656,0.3090957821092754,1.3404433987967064,-0.2920145421297411,0.007597694135620111,-0.7359053778411224,-1.297891424525079,1.1944238368170135
720575940861447666,0.026507197238156834,-0.04008889903847756,-0.03692680620897908,-0.2097625606314411,-0.24837437861567516,0.18306629447119196,-0.2476238056739651,-0.41225817894451144,0.2677430824436472,-0.18083767248673963,-0.3535222982406948,-0.23009089855441966,-0.4114904537690021,0.4715842994369228,0.27316431596756274,0.2015263786084154,-0.39467317215601583,-0.4740367728247152,-0.24152532403227617,0.03624000171782558,-0.3020829082497432,-0.49910707303702095,-0.2687370100498807,0.9239463518680245,1.5587402985928334,0.1830877856883023,-0.25440076912121146,0.22101871577450904,0.16673201278530733,0.4739634315221791,0.007597694135620111,-0.7359053778411224,0.06650870277665409,0.7713295930981641
720575940939715909,1.507363588681851,1.733844883414152,2.32331155731494,0.4794106513980628,-0.07622714456024794,-0.6632669072045512,1.3761355348571842,0.7475756050649801,0.7867090537120363,2.2581077432654246,1.4733784321828658,0.21683112872986832,-0.34493717500329474,-0.724069698692975,0.022475961705518403,-0.005028043021491602,-0.4915991407548956,-0.5156752341742477,-0.3044545264412558,0.384940762916452,-0.3380977293570238,-0.395922132511927,-0.8265425946365715,1.2580516178123355,1.5587402985928334,0.1830877856883023,-0.5965481023535156,0.7019995238211979,1.6750326700292975,1.47202909047246,0.007597694135620111,0.5902044582567451,0.28153373424837064,0.8858636151185714
720575940890107704,-0.24414629156642845,-0.7905993454607438,-0.7631539949855695,-0.77739118637453,-0.7207836835398622,0.557467050087235,-0.12681879479454194,-0.35906370801297727,0.5969874966480587,0.6176346973105384,-0.01214393273724472,-1.3057293417233422,-0.23428514096220532,-0.8805689131078829,-0.25682227747038744,-0.15723570127144085,-0.38619436555900416,-0.4600993715941934,-0.3371264970759562,0.19083211763871613,-0.27839986711498255,-0.4938555001505157,-0.4344257997610044,0.09319727547693135,-0.6731277129622066,0.2649429093727968,-0.0869426422436474,0.01093016948770045,0.35116868081021785,0.693288194574662,0.25286437632277353,-0.6166939690499111,-0.052827048401100474,0.9469761828731365
720575940915253823,-0.5468504784155367,-1.0635122350688406,-1.035489190776791,-0.8381311945583529,-0.7523432223422805,0.5192494483551728,-1.3754994232714397,-0.8451008602230273,-0.13532294929538582,-0.4692127021239167,-0.5865454312598295,0.9494340542055901,0.25528049312067524,-0.4915565801336831,-0.14924955677320226,-0.15723570127144085,-0.5245707230447546,-0.516323886543104,-0.4877279281142844,0.32508647991095774,-0.2521213486333853,-0.4920808336840734,-0.756698604119361,0.47947359835966413,-0.6731277129622066,-0.4985545184960497,-0.8938968435798357,-0.6973760625830789,0.6054545711682207,0.9175448608352565,0.5128575365240533,-0.5159021590660918,-0.47531110338889754,1.0074759271178655
720575940903414541,-0.12460150875901806,-0.5859146782546713,-0.49081879919434807,-0.5680037679949319,-0.6193099466981121,0.8198404486373346,-0.28299675147806624,-0.14992928119995597,0.15331957526498374,-0.11010417465120546,-0.2885095582445065,-0.22818365931215265,-0.4258461956471891,0.4027246450943633,-0.09141610788514228,-0.15723570127144085,-0.42724024172301694,-0.5082373720847363,-0.33207084963883104,-0.29103889962594937,-0.2763442797610919,-0.46798799290082244,-0.8078011544894876,0.47947359835966413,-0.6731277129622066,0.09028810024862186,-0.7264387167022717,0.01093016948770045,0.31785996069877265,0.04693611085787818,0.25286437632277353,-0.3515795876063572,-0.8346382114268388,0.9813517539875061
720575940905042134,1.0348405846650741,-0.7223711230587196,-0.3092620020002005,-1.1839665005608733,-1.3515983458887026,0.0758964562128939,0.22718687365383614,1.0312794500331655,0.35928188818657786,0.476167701639471,0.4102129045079024,1.3897196635024855,-0.06393015786667153,-0.9404857551981621,-0.40119197805517254,0.07225022791096719,-0.5498366942417443,-0.49066578857859167,-0.2750779993925937,-0.5659851689748073,-0.3646366508662999,-0.5247185355079869,-0.7162565429399067,-0.29307904740580143,1.7118945662149803,-0.7803387023471634,-0.13759147859115115,0.5903727606781666,1.2842277739306376,-0.5325038576354056,-1.165579329124443,-1.0699099976273228,0.17760762918807105,1.1315092340587678
720575940922957341,0.7196954558816157,-0.3812300110485986,0.05385159238809473,-0.6977186246302324,-0.9840591763097176,0.08200795704242794,-0.9473074472033827,1.9462729294810717,0.3268003764713444,-0.30870207242020525,0.23921852640991514,0.2681884411692816,-0.42583940929046393,-0.8108149775400955,-0.1909002716455165,-0.15723570127144085,-0.5438522262933667,-0.5216202318879808,-0.4265876908490515,0.8689214521653409,-0.31477410026137154,-0.49220288334837853,-0.9594497328466057,0.38280850876509626,-0.6731277129622066,-0.7803387023471634,-1.1299158173703656,-0.2703468090811911,0.6123455150104358,1.272728163067946,0.007597694135620111,-0.5159021590660918,-1.049663242898555,1.0162894147561192
720575940894116163,0.6509676699409246,-1.3364251246769376,-1.035489190776791,-1.6179955851305654,-1.6429651813432773,0.9630559952089945,0.44964138334757797,1.954531431817475,0.6206104142591379,2.364207990018726,2.303616735525462,-0.05096890405861758,-0.34480368850309584,-0.6382187010710825,-0.3642515226201339,0.1912279943587886,-0.422865290780694,-0.5076365047467837,-0.016869559308317145,-0.6495407616951743,-0.3646366508662999,-0.5343913839765203,-0.7491405257937589,-0.21340749086701344,1.8469862042913574,0.2649429093727968,-0.5965481023535156,0.8885383732997413,0.7809476251537533,-1.4508944791163088,-1.165579329124443,-1.7882404076482885,-0.3218335277477355,1.076291872105308
720575940915256127,0.6288602460654722,0.7104215473837887,1.4155275713442017,0.5832030808760648,-0.13912207500817825,-0.4262482689698608,0.16302359944938175,0.46994418828532586,0.45303534245554694,2.2050576198887737,0.9874705780516816,-0.9570677341113888,-0.15465534386773422,-0.5791961402060315,1.4178759741437628,-0.037744434007318375,-0.4348594858817529,-0.469678666634281,0.6293368238628461,-0.2942364654507532,-0.3438021580462415,-0.422747514629784,0.2063186505574606,1.9200639150238992,0.9168871398225846,0.2649429093727968,0.00278760712773967,1.6027945162730994,0.7637053214170274,0.2874254263635427,-0.3647614258184949,0.1705266793137011,1.2391880509322655,0.30859827393291334
720575940897454998,0.7947449407994452,0.5057368801777161,0.5985219839705376,-0.28312678330901764,-0.4023508226351184,0.36021194443856336,0.6381895481884703,-0.08847630793201895,0.5541709584779784,0.5645845739338883,0.0748965413666187,-0.9259677168625364,-0.11271784370132046,-0.8564233200267259,-0.244965229292721,-0.09235486265442495,-0.5630228100602034,-0.5233020042496282,-0.4031521581178526,0.3839675514036056,-0.3222143237809551,-0.51524825978225,-0.5862018452710288,0.5091315327952872,0.5869292456645754,-1.262051946364896,-1.1299158173703656,0.12255693263073156,1.2859760340412965,1.272728163067946,0.14049841656993792,-0.7359053778411224,0.4711992537270991,1.0541681539915273
720575940889924328,0.9470655594158883,0.9833344369918856,1.4155275713442017,0.27104449213502424,-0.17830761208136506,-1.3258661284190956,0.10897019810778416,0.8085427840778336,0.8169759169012306,1.489561084090872,1.1143007923001662,0.00703452743005445,-0.34988950975222616,-1.0021911597388973,-0.21532541282699993,-0.15723570127144085,-0.5357579798140356,-0.5231414853575512,-0.5492229443191609,1.1645154297968543,-0.3203143836619191,-0.32438640307199273,-0.69441878711155,0.5651705285856574,-0.6731277129622066,-0.4985545184960497,-1.1299158173703656,-1.615770840940667,1.1790626132582558,1.6933001993844918,0.14049841656993792,0.6710297544873798,0.17760762918807105,0.909936567214578
720575940920054001,0.44308419504910385,-0.5859146782546713,-0.3092620020002005,-0.8373769523382921,-0.9920741886700157,1.0242279539626287,-1.3413830873091446,-0.10062116430908186,0.7350339214378013,0.6570822249495868,0.1683041851103448,2.0209548669668727,-0.45136876497510736,-1.1864130921358749,-0.029621396957943684,-0.15723570127144085,-0.5236208197093928,-0.4944166676396441,-0.5492229443191609,0.22432523964115378,-0.15966806339940062,-0.5343913839765203,-0.6729027517247897,0.18784319058252782,-0.6731277129622066,-0.7803387023471634,-0.7264387167022717,-1.615770840940667,-0.6457131994650899,0.2874254263635427,0.4360564774874531,-1.7882404076482885,-1.297891424525079,0.9594133397327469
720575940905041878,0.12290344809753975,-1.3364251246769376,-1.035489190776791,-1.3536027192967923,-1.4443557789406596,-0.12306568837801617,0.7346868797683042,1.1648728701808548,1.143267466404258,0.6462001483595041,1.0035450434501392,0.20241173575917612,-0.044652496034319304,-0.5183850168905243,-0.3787201112596642,-0.15723570127144085,-0.5630228100602034,-0.5185090347274608,-0.5004502240098249,0.6548850575079848,-0.285314199425955,-0.5120199164668875,-0.7752256958676872,-0.21340749086701344,-0.6731277129622066,-1.262051946364896,-0.8938968435798357,-0.6973760625830789,1.0235833815729403,1.3346791054567824,0.4360564774874531,-0.7359053778411224,-0.18171947884986953,1.0878739122716423
