post_id,post_coord,pre_axon_id,pre_axon_coord,pre_id,overlap
720575940936679190,"18773,6456,182",720575940868783341,"29320,4453,1733",720575940868783341,271.402208
720575940936679190,"18773,6456,182",720575940919043399,"24306,3929,1314",720575940919043399,62.675933
720575940936679190,"18773,6456,182",720575940905401289,"27344,3514,1565",720575940905401289,50.532141
720575940936679190,"18773,6456,182",720575940937876909,"22490,3798,2283",720575940937876909,0.000000
720575940936679190,"18773,6456,182",720575940877168648,"24461,3600,2248",720575940877168648,2.686675
720575940936679190,"18773,6456,182",720575940893449483,"30532,4598,1070",720575940893449483,51.255512
720575940936679190,"18773,6456,182",720575940902330369,"25384,4074,1605",720575940902330369,158.399616
720575940936679190,"18773,6456,182",720575940870691926,"21636,4289,2083",720575940870691926,183.345832
720575940936679190,"18773,6456,182",720575940905126710,"23751,4351,1605",720575940905126710,176.230103
720575940936679190,"18773,6456,182",720575940900275170,"27295,4519,1330",720575940900275170,220.140328
720575940936679190,"18773,6456,182",720575940881834064,"29556,5160,1151",720575940881834064,16.521416
720575940936679190,"18773,6456,182",720575940920897193,"32485,5455,1334",720575940920897193,215.806305
720575940936679190,"18773,6456,182",720575940881834320,"44973,7063,1558",720575940881834320,244.413783
720575940936679190,"18773,6456,182",720575940883912476,"44111,5787,1151",720575940883912476,150.864886
720575940936679190,"18773,6456,182",720575940881949777,"13153,5700,2154",720575940881949777,80.401163
720575940936679190,"18773,6456,182",720575940870692182,"24136,3911,1002",720575940870692182,50.914879
720575940936679190,"18773,6456,182",720575940847595117,"41727,5321,1579",720575940847595117,181.097191
720575940936679190,"18773,6456,182",720575940881834576,"20994,6297,2199",720575940881834576,83.182558
720575940936679190,"18773,6456,182",720575940887754056,"37545,5805,202",720575940887754056,43.135525
720575940936679190,"18773,6456,182",720575940877569847,"28033,3647,860",720575940877569847,66.034960
720575940936679190,"18773,6456,182",720575940916312157,"17947,3091,2607",720575940916312157,19.419004
720575940936679190,"18773,6456,182",720575940897166352,"37387,4317,2239",720575940897166352,0.000000
720575940936679190,"18773,6456,182",720575940888538572,"23742,3073,2451",720575940888538572,65.907339
720575940936679190,"18773,6456,182",720575940935700348,"22409,3328,2752",720575940935700348,0.000000
720575940936679190,"18773,6456,182",720575940873510206,"31190,3277,663",720575940873510206,0.000000
720575940936679190,"18773,6456,182",720575940888148336,"41698,5563,3288",720575940888148336,0.000000
720575940936679190,"18773,6456,182",720575940886558498,"24860,3081,2535",720575940886558498,5.005119
720575940886458045,"21781,7568,207",720575940868783341,"29320,4453,1733",720575940868783341,11.611029
720575940886458045,"21781,7568,207",720575940919043399,"24306,3929,1314",720575940919043399,0.000000
720575940886458045,"21781,7568,207",720575940905401289,"27344,3514,1565",720575940905401289,38.110113
720575940886458045,"21781,7568,207",720575940937876909,"22490,3798,2283",720575940937876909,0.000000
720575940886458045,"21781,7568,207",720575940877168648,"24461,3600,2248",720575940877168648,0.000000
720575940886458045,"21781,7568,207",720575940893449483,"30532,4598,1070",720575940893449483,0.000000
720575940886458045,"21781,7568,207",720575940902330369,"25384,4074,1605",720575940902330369,11.635899
720575940886458045,"21781,7568,207",720575940870691926,"21636,4289,2083",720575940870691926,0.000000
720575940886458045,"21781,7568,207",720575940905126710,"23751,4351,1605",720575940905126710,0.000000
720575940886458045,"21781,7568,207",720575940900275170,"27295,4519,1330",720575940900275170,13.182320
720575940886458045,"21781,7568,207",720575940881834064,"29556,5160,1151",720575940881834064,0.000000
720575940886458045,"21781,7568,207",720575940920897193,"32485,5455,1334",720575940920897193,0.000000
720575940886458045,"21781,7568,207",720575940881834320,"44973,7063,1558",720575940881834320,78.900052
720575940886458045,"21781,7568,207",720575940883912476,"44111,5787,1151",720575940883912476,120.634356
720575940886458045,"21781,7568,207",720575940881949777,"13153,5700,2154",720575940881949777,88.092097
720575940886458045,"21781,7568,207",720575940870692182,"24136,3911,1002",720575940870692182,17.202475
720575940886458045,"21781,7568,207",720575940847595117,"41727,5321,1579",720575940847595117,42.000989
720575940886458045,"21781,7568,207",720575940881834576,"20994,6297,2199",720575940881834576,328.861196
720575940886458045,"21781,7568,207",720575940887754056,"37545,5805,202",720575940887754056,0.000000
720575940886458045,"21781,7568,207",720575940877569847,"28033,3647,860",720575940877569847,0.000000
720575940886458045,"21781,7568,207",720575940916312157,"17947,3091,2607",720575940916312157,0.000000
720575940886458045,"21781,7568,207",720575940897166352,"37387,4317,2239",720575940897166352,2.680602
720575940886458045,"21781,7568,207",720575940888538572,"23742,3073,2451",720575940888538572,0.000000
720575940886458045,"21781,7568,207",720575940935700348,"22409,3328,2752",720575940935700348,32.715175
720575940886458045,"21781,7568,207",720575940873510206,"31190,3277,663",720575940873510206,0.000000
720575940886458045,"21781,7568,207",720575940888148336,"41698,5563,3288",720575940888148336,0.000000
720575940886458045,"21781,7568,207",720575940886558498,"24860,3081,2535",720575940886558498,11.088064
720575940933768470,"19279,9470,174",720575940868783341,"29320,4453,1733",720575940868783341,16.991607
720575940933768470,"19279,9470,174",720575940919043399,"24306,3929,1314",720575940919043399,0.000000
720575940933768470,"19279,9470,174",720575940905401289,"27344,3514,1565",720575940905401289,0.000000
720575940933768470,"19279,9470,174",720575940937876909,"22490,3798,2283",720575940937876909,22.237406
720575940933768470,"19279,9470,174",720575940877168648,"24461,3600,2248",720575940877168648,17.550420
720575940933768470,"19279,9470,174",720575940893449483,"30532,4598,1070",720575940893449483,0.000000
720575940933768470,"19279,9470,174",720575940902330369,"25384,4074,1605",720575940902330369,32.918314
720575940933768470,"19279,9470,174",720575940870691926,"21636,4289,2083",720575940870691926,28.981823
720575940933768470,"19279,9470,174",720575940905126710,"23751,4351,1605",720575940905126710,0.000000
720575940933768470,"19279,9470,174",720575940900275170,"27295,4519,1330",720575940900275170,0.000000
720575940933768470,"19279,9470,174",720575940881834064,"29556,5160,1151",720575940881834064,13.830157
720575940933768470,"19279,9470,174",720575940920897193,"32485,5455,1334",720575940920897193,40.281018
720575940933768470,"19279,9470,174",720575940881834320,"44973,7063,1558",720575940881834320,221.266482
720575940933768470,"19279,9470,174",720575940883912476,"44111,5787,1151",720575940883912476,79.267098
720575940933768470,"19279,9470,174",720575940881949777,"13153,5700,2154",720575940881949777,97.899869
720575940933768470,"19279,9470,174",720575940870692182,"24136,3911,1002",720575940870692182,72.801765
720575940933768470,"19279,9470,174",720575940847595117,"41727,5321,1579",720575940847595117,79.302523
720575940933768470,"19279,9470,174",720575940881834576,"20994,6297,2199",720575940881834576,157.808388
720575940933768470,"19279,9470,174",720575940887754056,"37545,5805,202",720575940887754056,0.000000
720575940933768470,"19279,9470,174",720575940877569847,"28033,3647,860",720575940877569847,0.000000
720575940933768470,"19279,9470,174",720575940916312157,"17947,3091,2607",720575940916312157,0.000000
720575940933768470,"19279,9470,174",720575940897166352,"37387,4317,2239",720575940897166352,0.000000
720575940933768470,"19279,9470,174",720575940888538572,"23742,3073,2451",720575940888538572,0.000000
720575940933768470,"19279,9470,174",720575940935700348,"22409,3328,2752",720575940935700348,92.760082
720575940933768470,"19279,9470,174",720575940873510206,"31190,3277,663",720575940873510206,0.000000
720575940933768470,"19279,9470,174",720575940888148336,"41698,5563,3288",720575940888148336,0.000000
720575940933768470,"19279,9470,174",720575940886558498,"24860,3081,2535",720575940886558498,9.729003
720575940889166262,"17691,7209,203",720575940868783341,"29320,4453,1733",720575940868783341,0.000000
720575940889166262,"17691,7209,203",720575940919043399,"24306,3929,1314",720575940919043399,4.960646
720575940889166262,"17691,7209,203",720575940905401289,"27344,3514,1565",720575940905401289,0.000000
720575940889166262,"17691,7209,203",720575940937876909,"22490,3798,2283",720575940937876909,12.179861
720575940889166262,"17691,7209,203",720575940877168648,"24461,3600,2248",720575940877168648,0.000000
720575940889166262,"17691,7209,203",720575940893449483,"30532,4598,1070",720575940893449483,0.000000
720575940889166262,"17691,7209,203",720575940902330369,"25384,4074,1605",720575940902330369,17.978650
720575940889166262,"17691,7209,203",720575940870691926,"21636,4289,2083",720575940870691926,61.061947
720575940889166262,"17691,7209,203",720575940905126710,"23751,4351,1605",720575940905126710,3.920115
720575940889166262,"17691,7209,203",720575940900275170,"27295,4519,1330",720575940900275170,0.000000
720575940889166262,"17691,7209,203",720575940881834064,"29556,5160,1151",720575940881834064,10.934156
720575940889166262,"17691,7209,203",720575940920897193,"32485,5455,1334",720575940920897193,73.016388
720575940889166262,"17691,7209,203",720575940881834320,"44973,7063,1558",720575940881834320,394.018038
720575940889166262,"17691,7209,203",720575940883912476,"44111,5787,1151",720575940883912476,156.844735
720575940889166262,"17691,7209,203",720575940881949777,"13153,5700,2154",720575940881949777,46.574806
720575940889166262,"17691,7209,203",720575940870692182,"24136,3911,1002",720575940870692182,40.234490
720575940889166262,"17691,7209,203",720575940847595117,"41727,5321,1579",720575940847595117,42.519762
720575940889166262,"17691,7209,203",720575940881834576,"20994,6297,2199",720575940881834576,0.000000
720575940889166262,"17691,7209,203",720575940887754056,"37545,5805,202",720575940887754056,16.788420
720575940889166262,"17691,7209,203",720575940877569847,"28033,3647,860",720575940877569847,0.000000
720575940889166262,"17691,7209,203",720575940916312157,"17947,3091,2607",720575940916312157,0.000000
720575940889166262,"17691,7209,203",720575940897166352,"37387,4317,2239",720575940897166352,0.000000
720575940889166262,"17691,7209,203",720575940888538572,"23742,3073,2451",720575940888538572,0.000000
720575940889166262,"17691,7209,203",720575940935700348,"22409,3328,2752",720575940935700348,0.000000
720575940889166262,"17691,7209,203",720575940873510206,"31190,3277,663",720575940873510206,0.000000
720575940889166262,"17691,7209,203",720575940888148336,"41698,5563,3288",720575940888148336,0.000000
720575940889166262,"17691,7209,203",720575940886558498,"24860,3081,2535",720575940886558498,0.000000
720575940891185486,"4188,2402,2263",720575940868783341,"29320,4453,1733",720575940868783341,38.560055
720575940891185486,"4188,2402,2263",720575940919043399,"24306,3929,1314",720575940919043399,19.273918
720575940891185486,"4188,2402,2263",720575940905401289,"27344,3514,1565",720575940905401289,19.872393
720575940891185486,"4188,2402,2263",720575940937876909,"22490,3798,2283",720575940937876909,22.026036
720575940891185486,"4188,2402,2263",720575940877168648,"24461,3600,2248",720575940877168648,30.659674
720575940891185486,"4188,2402,2263",720575940893449483,"30532,4598,1070",720575940893449483,20.583164
720575940891185486,"4188,2402,2263",720575940902330369,"25384,4074,1605",720575940902330369,0.000000
720575940891185486,"4188,2402,2263",720575940870691926,"21636,4289,2083",720575940870691926,0.000000
720575940891185486,"4188,2402,2263",720575940905126710,"23751,4351,1605",720575940905126710,0.000000
720575940891185486,"4188,2402,2263",720575940900275170,"27295,4519,1330",720575940900275170,0.000000
720575940891185486,"4188,2402,2263",720575940881834064,"29556,5160,1151",720575940881834064,0.000000
720575940891185486,"4188,2402,2263",720575940920897193,"32485,5455,1334",720575940920897193,0.000000
720575940891185486,"4188,2402,2263",720575940881834320,"44973,7063,1558",720575940881834320,0.000000
720575940891185486,"4188,2402,2263",720575940883912476,"44111,5787,1151",720575940883912476,0.000000
720575940891185486,"4188,2402,2263",720575940881949777,"13153,5700,2154",720575940881949777,0.000000
720575940891185486,"4188,2402,2263",720575940870692182,"24136,3911,1002",720575940870692182,0.000000
720575940891185486,"4188,2402,2263",720575940847595117,"41727,5321,1579",720575940847595117,0.000000
720575940891185486,"4188,2402,2263",720575940881834576,"20994,6297,2199",720575940881834576,0.000000
720575940891185486,"4188,2402,2263",720575940887754056,"37545,5805,202",720575940887754056,0.000000
720575940891185486,"4188,2402,2263",720575940877569847,"28033,3647,860",720575940877569847,0.000000
720575940891185486,"4188,2402,2263",720575940916312157,"17947,3091,2607",720575940916312157,14.994084
720575940891185486,"4188,2402,2263",720575940897166352,"37387,4317,2239",720575940897166352,0.000000
720575940891185486,"4188,2402,2263",720575940888538572,"23742,3073,2451",720575940888538572,75.938159
720575940891185486,"4188,2402,2263",720575940935700348,"22409,3328,2752",720575940935700348,62.230789
720575940891185486,"4188,2402,2263",720575940873510206,"31190,3277,663",720575940873510206,0.000000
720575940891185486,"4188,2402,2263",720575940888148336,"41698,5563,3288",720575940888148336,0.000000
720575940891185486,"4188,2402,2263",720575940886558498,"24860,3081,2535",720575940886558498,60.191653
720575940895711219,"25622,2275,1458",720575940868783341,"29320,4453,1733",720575940868783341,0.000000
720575940895711219,"25622,2275,1458",720575940919043399,"24306,3929,1314",720575940919043399,0.000000
720575940895711219,"25622,2275,1458",720575940905401289,"27344,3514,1565",720575940905401289,0.000000
720575940895711219,"25622,2275,1458",720575940937876909,"22490,3798,2283",720575940937876909,0.000000
720575940895711219,"25622,2275,1458",720575940877168648,"24461,3600,2248",720575940877168648,0.000000
720575940895711219,"25622,2275,1458",720575940893449483,"30532,4598,1070",720575940893449483,0.000000
720575940895711219,"25622,2275,1458",720575940902330369,"25384,4074,1605",720575940902330369,0.000000
720575940895711219,"25622,2275,1458",720575940870691926,"21636,4289,2083",720575940870691926,0.000000
720575940895711219,"25622,2275,1458",720575940905126710,"23751,4351,1605",720575940905126710,0.000000
720575940895711219,"25622,2275,1458",720575940900275170,"27295,4519,1330",720575940900275170,0.000000
720575940895711219,"25622,2275,1458",720575940881834064,"29556,5160,1151",720575940881834064,0.000000
720575940895711219,"25622,2275,1458",720575940920897193,"32485,5455,1334",720575940920897193,0.000000
720575940895711219,"25622,2275,1458",720575940881834320,"44973,7063,1558",720575940881834320,0.000000
720575940895711219,"25622,2275,1458",720575940883912476,"44111,5787,1151",720575940883912476,40.770732
720575940895711219,"25622,2275,1458",720575940881949777,"13153,5700,2154",720575940881949777,0.000000
720575940895711219,"25622,2275,1458",720575940870692182,"24136,3911,1002",720575940870692182,0.000000
720575940895711219,"25622,2275,1458",720575940847595117,"41727,5321,1579",720575940847595117,0.000000
720575940895711219,"25622,2275,1458",720575940881834576,"20994,6297,2199",720575940881834576,0.000000
720575940895711219,"25622,2275,1458",720575940887754056,"37545,5805,202",720575940887754056,0.000000
720575940895711219,"25622,2275,1458",720575940877569847,"28033,3647,860",720575940877569847,0.000000
720575940895711219,"25622,2275,1458",720575940916312157,"17947,3091,2607",720575940916312157,0.000000
720575940895711219,"25622,2275,1458",720575940897166352,"37387,4317,2239",720575940897166352,25.058844
720575940895711219,"25622,2275,1458",720575940888538572,"23742,3073,2451",720575940888538572,0.000000
720575940895711219,"25622,2275,1458",720575940935700348,"22409,3328,2752",720575940935700348,0.000000
720575940895711219,"25622,2275,1458",720575940873510206,"31190,3277,663",720575940873510206,11.305268
720575940895711219,"25622,2275,1458",720575940888148336,"41698,5563,3288",720575940888148336,0.000000
720575940895711219,"25622,2275,1458",720575940886558498,"24860,3081,2535",720575940886558498,12.564288
720575940915684544,"24489,2909,374",720575940868783341,"29320,4453,1733",720575940868783341,1212.634399
720575940915684544,"24489,2909,374",720575940919043399,"24306,3929,1314",720575940919043399,1586.096061
720575940915684544,"24489,2909,374",720575940905401289,"27344,3514,1565",720575940905401289,650.677343
720575940915684544,"24489,2909,374",720575940937876909,"22490,3798,2283",720575940937876909,1016.931151
720575940915684544,"24489,2909,374",720575940877168648,"24461,3600,2248",720575940877168648,1362.981303
720575940915684544,"24489,2909,374",720575940893449483,"30532,4598,1070",720575940893449483,1025.015457
720575940915684544,"24489,2909,374",720575940902330369,"25384,4074,1605",720575940902330369,718.993646
720575940915684544,"24489,2909,374",720575940870691926,"21636,4289,2083",720575940870691926,736.204345
720575940915684544,"24489,2909,374",720575940905126710,"23751,4351,1605",720575940905126710,717.587743
720575940915684544,"24489,2909,374",720575940900275170,"27295,4519,1330",720575940900275170,495.817188
720575940915684544,"24489,2909,374",720575940881834064,"29556,5160,1151",720575940881834064,266.402404
720575940915684544,"24489,2909,374",720575940920897193,"32485,5455,1334",720575940920897193,736.562327
720575940915684544,"24489,2909,374",720575940881834320,"44973,7063,1558",720575940881834320,26.810222
720575940915684544,"24489,2909,374",720575940883912476,"44111,5787,1151",720575940883912476,277.310979
720575940915684544,"24489,2909,374",720575940881949777,"13153,5700,2154",720575940881949777,424.819805
720575940915684544,"24489,2909,374",720575940870692182,"24136,3911,1002",720575940870692182,689.040426
720575940915684544,"24489,2909,374",720575940847595117,"41727,5321,1579",720575940847595117,187.185373
720575940915684544,"24489,2909,374",720575940881834576,"20994,6297,2199",720575940881834576,117.976003
720575940915684544,"24489,2909,374",720575940887754056,"37545,5805,202",720575940887754056,2.938336
720575940915684544,"24489,2909,374",720575940877569847,"28033,3647,860",720575940877569847,144.514468
720575940915684544,"24489,2909,374",720575940916312157,"17947,3091,2607",720575940916312157,653.762514
720575940915684544,"24489,2909,374",720575940897166352,"37387,4317,2239",720575940897166352,0.000000
720575940915684544,"24489,2909,374",720575940888538572,"23742,3073,2451",720575940888538572,488.456640
720575940915684544,"24489,2909,374",720575940935700348,"22409,3328,2752",720575940935700348,257.386890
720575940915684544,"24489,2909,374",720575940873510206,"31190,3277,663",720575940873510206,52.877268
720575940915684544,"24489,2909,374",720575940888148336,"41698,5563,3288",720575940888148336,30.333321
720575940915684544,"24489,2909,374",720575940886558498,"24860,3081,2535",720575940886558498,85.187838
720575940883734520,"16226,2070,2758",720575940868783341,"29320,4453,1733",720575940868783341,0.000000
720575940883734520,"16226,2070,2758",720575940919043399,"24306,3929,1314",720575940919043399,0.000000
720575940883734520,"16226,2070,2758",720575940905401289,"27344,3514,1565",720575940905401289,0.000000
720575940883734520,"16226,2070,2758",720575940937876909,"22490,3798,2283",720575940937876909,0.000000
720575940883734520,"16226,2070,2758",720575940877168648,"24461,3600,2248",720575940877168648,17.249156
720575940883734520,"16226,2070,2758",720575940893449483,"30532,4598,1070",720575940893449483,0.000000
720575940883734520,"16226,2070,2758",720575940902330369,"25384,4074,1605",720575940902330369,0.000000
720575940883734520,"16226,2070,2758",720575940870691926,"21636,4289,2083",720575940870691926,0.000000
720575940883734520,"16226,2070,2758",720575940905126710,"23751,4351,1605",720575940905126710,0.000000
720575940883734520,"16226,2070,2758",720575940900275170,"27295,4519,1330",720575940900275170,0.000000
720575940883734520,"16226,2070,2758",720575940881834064,"29556,5160,1151",720575940881834064,0.000000
720575940883734520,"16226,2070,2758",720575940920897193,"32485,5455,1334",720575940920897193,0.000000
720575940883734520,"16226,2070,2758",720575940881834320,"44973,7063,1558",720575940881834320,0.000000
720575940883734520,"16226,2070,2758",720575940883912476,"44111,5787,1151",720575940883912476,0.000000
720575940883734520,"16226,2070,2758",720575940881949777,"13153,5700,2154",720575940881949777,0.000000
720575940883734520,"16226,2070,2758",720575940870692182,"24136,3911,1002",720575940870692182,0.000000
720575940883734520,"16226,2070,2758",720575940847595117,"41727,5321,1579",720575940847595117,0.000000
720575940883734520,"16226,2070,2758",720575940881834576,"20994,6297,2199",720575940881834576,0.000000
720575940883734520,"16226,2070,2758",720575940887754056,"37545,5805,202",720575940887754056,0.000000
720575940883734520,"16226,2070,2758",720575940877569847,"28033,3647,860",720575940877569847,0.000000
720575940883734520,"16226,2070,2758",720575940916312157,"17947,3091,2607",720575940916312157,56.782658
720575940883734520,"16226,2070,2758",720575940897166352,"37387,4317,2239",720575940897166352,0.000000
720575940883734520,"16226,2070,2758",720575940888538572,"23742,3073,2451",720575940888538572,178.419488
720575940883734520,"16226,2070,2758",720575940935700348,"22409,3328,2752",720575940935700348,59.465671
720575940883734520,"16226,2070,2758",720575940873510206,"31190,3277,663",720575940873510206,0.000000
720575940883734520,"16226,2070,2758",720575940888148336,"41698,5563,3288",720575940888148336,0.000000
720575940883734520,"16226,2070,2758",720575940886558498,"24860,3081,2535",720575940886558498,50.770560
720575940890741967,"20908,2296,3247",720575940868783341,"29320,4453,1733",720575940868783341,0.000000
720575940890741967,"20908,2296,3247",720575940919043399,"24306,3929,1314",720575940919043399,0.000000
720575940890741967,"20908,2296,3247",720575940905401289,"27344,3514,1565",720575940905401289,0.000000
720575940890741967,"20908,2296,3247",720575940937876909,"22490,3798,2283",720575940937876909,0.000000
720575940890741967,"20908,2296,3247",720575940877168648,"24461,3600,2248",720575940877168648,0.000000
720575940890741967,"20908,2296,3247",720575940893449483,"30532,4598,1070",720575940893449483,0.000000
720575940890741967,"20908,2296,3247",720575940902330369,"25384,4074,1605",720575940902330369,0.000000
720575940890741967,"20908,2296,3247",720575940870691926,"21636,4289,2083",720575940870691926,0.000000
720575940890741967,"20908,2296,3247",720575940905126710,"23751,4351,1605",720575940905126710,0.000000
720575940890741967,"20908,2296,3247",720575940900275170,"27295,4519,1330",720575940900275170,0.000000
720575940890741967,"20908,2296,3247",720575940881834064,"29556,5160,1151",720575940881834064,0.000000
720575940890741967,"20908,2296,3247",720575940920897193,"32485,5455,1334",720575940920897193,0.000000
720575940890741967,"20908,2296,3247",720575940881834320,"44973,7063,1558",720575940881834320,0.000000
720575940890741967,"20908,2296,3247",720575940883912476,"44111,5787,1151",720575940883912476,0.000000
720575940890741967,"20908,2296,3247",720575940881949777,"13153,5700,2154",720575940881949777,0.000000
720575940890741967,"20908,2296,3247",720575940870692182,"24136,3911,1002",720575940870692182,0.000000
720575940890741967,"20908,2296,3247",720575940847595117,"41727,5321,1579",720575940847595117,0.000000
720575940890741967,"20908,2296,3247",720575940881834576,"20994,6297,2199",720575940881834576,0.000000
720575940890741967,"20908,2296,3247",720575940887754056,"37545,5805,202",720575940887754056,0.000000
720575940890741967,"20908,2296,3247",720575940877569847,"28033,3647,860",720575940877569847,4.129063
720575940890741967,"20908,2296,3247",720575940916312157,"17947,3091,2607",720575940916312157,0.000000
720575940890741967,"20908,2296,3247",720575940897166352,"37387,4317,2239",720575940897166352,12.164077
720575940890741967,"20908,2296,3247",720575940888538572,"23742,3073,2451",720575940888538572,32.823450
720575940890741967,"20908,2296,3247",720575940935700348,"22409,3328,2752",720575940935700348,98.157476
720575940890741967,"20908,2296,3247",720575940873510206,"31190,3277,663",720575940873510206,18.492097
720575940890741967,"20908,2296,3247",720575940888148336,"41698,5563,3288",720575940888148336,0.000000
720575940890741967,"20908,2296,3247",720575940886558498,"24860,3081,2535",720575940886558498,21.515234
720575940895196362,"30713,2356,238",720575940868783341,"29320,4453,1733",720575940868783341,0.000000
720575940895196362,"30713,2356,238",720575940919043399,"24306,3929,1314",720575940919043399,0.000000
720575940895196362,"30713,2356,238",720575940905401289,"27344,3514,1565",720575940905401289,0.000000
720575940895196362,"30713,2356,238",720575940937876909,"22490,3798,2283",720575940937876909,0.000000
720575940895196362,"30713,2356,238",720575940877168648,"24461,3600,2248",720575940877168648,0.000000
720575940895196362,"30713,2356,238",720575940893449483,"30532,4598,1070",720575940893449483,0.000000
720575940895196362,"30713,2356,238",720575940902330369,"25384,4074,1605",720575940902330369,0.000000
720575940895196362,"30713,2356,238",720575940870691926,"21636,4289,2083",720575940870691926,0.000000
720575940895196362,"30713,2356,238",720575940905126710,"23751,4351,1605",720575940905126710,0.000000
720575940895196362,"30713,2356,238",720575940900275170,"27295,4519,1330",720575940900275170,0.000000
720575940895196362,"30713,2356,238",720575940881834064,"29556,5160,1151",720575940881834064,0.000000
720575940895196362,"30713,2356,238",720575940920897193,"32485,5455,1334",720575940920897193,0.000000
720575940895196362,"30713,2356,238",720575940881834320,"44973,7063,1558",720575940881834320,0.000000
720575940895196362,"30713,2356,238",720575940883912476,"44111,5787,1151",720575940883912476,0.000000
720575940895196362,"30713,2356,238",720575940881949777,"13153,5700,2154",720575940881949777,0.000000
720575940895196362,"30713,2356,238",720575940870692182,"24136,3911,1002",720575940870692182,0.000000
720575940895196362,"30713,2356,238",720575940847595117,"41727,5321,1579",720575940847595117,0.000000
720575940895196362,"30713,2356,238",720575940881834576,"20994,6297,2199",720575940881834576,0.000000
720575940895196362,"30713,2356,238",720575940887754056,"37545,5805,202",720575940887754056,0.000000
720575940895196362,"30713,2356,238",720575940877569847,"28033,3647,860",720575940877569847,0.000000
720575940895196362,"30713,2356,238",720575940916312157,"17947,3091,2607",720575940916312157,0.000000
720575940895196362,"30713,2356,238",720575940897166352,"37387,4317,2239",720575940897166352,0.000000
720575940895196362,"30713,2356,238",720575940888538572,"23742,3073,2451",720575940888538572,0.000000
720575940895196362,"30713,2356,238",720575940935700348,"22409,3328,2752",720575940935700348,2.446240
720575940895196362,"30713,2356,238",720575940873510206,"31190,3277,663",720575940873510206,0.000000
720575940895196362,"30713,2356,238",720575940888148336,"41698,5563,3288",720575940888148336,0.000000
720575940895196362,"30713,2356,238",720575940886558498,"24860,3081,2535",720575940886558498,12.573898
720575940899184211,"22420,2066,612",720575940868783341,"29320,4453,1733",720575940868783341,0.000000
720575940899184211,"22420,2066,612",720575940919043399,"24306,3929,1314",720575940919043399,0.000000
720575940899184211,"22420,2066,612",720575940905401289,"27344,3514,1565",720575940905401289,0.000000
720575940899184211,"22420,2066,612",720575940937876909,"22490,3798,2283",720575940937876909,0.000000
720575940899184211,"22420,2066,612",720575940877168648,"24461,3600,2248",720575940877168648,0.000000
720575940899184211,"22420,2066,612",720575940893449483,"30532,4598,1070",720575940893449483,0.000000
720575940899184211,"22420,2066,612",720575940902330369,"25384,4074,1605",720575940902330369,0.000000
720575940899184211,"22420,2066,612",720575940870691926,"21636,4289,2083",720575940870691926,0.000000
720575940899184211,"22420,2066,612",720575940905126710,"23751,4351,1605",720575940905126710,0.000000
720575940899184211,"22420,2066,612",720575940900275170,"27295,4519,1330",720575940900275170,0.000000
720575940899184211,"22420,2066,612",720575940881834064,"29556,5160,1151",720575940881834064,0.000000
720575940899184211,"22420,2066,612",720575940920897193,"32485,5455,1334",720575940920897193,0.000000
720575940899184211,"22420,2066,612",720575940881834320,"44973,7063,1558",720575940881834320,0.000000
720575940899184211,"22420,2066,612",720575940883912476,"44111,5787,1151",720575940883912476,0.000000
720575940899184211,"22420,2066,612",720575940881949777,"13153,5700,2154",720575940881949777,0.000000
720575940899184211,"22420,2066,612",720575940870692182,"24136,3911,1002",720575940870692182,0.000000
720575940899184211,"22420,2066,612",720575940847595117,"41727,5321,1579",720575940847595117,0.000000
720575940899184211,"22420,2066,612",720575940881834576,"20994,6297,2199",720575940881834576,0.000000
720575940899184211,"22420,2066,612",720575940887754056,"37545,5805,202",720575940887754056,0.000000
720575940899184211,"22420,2066,612",720575940877569847,"28033,3647,860",720575940877569847,0.000000
720575940899184211,"22420,2066,612",720575940916312157,"17947,3091,2607",720575940916312157,0.000000
720575940899184211,"22420,2066,612",720575940897166352,"37387,4317,2239",720575940897166352,0.000000
720575940899184211,"22420,2066,612",720575940888538572,"23742,3073,2451",720575940888538572,0.000000
720575940899184211,"22420,2066,612",720575940935700348,"22409,3328,2752",720575940935700348,44.387148
720575940899184211,"22420,2066,612",720575940873510206,"31190,3277,663",720575940873510206,0.000000
720575940899184211,"22420,2066,612",720575940888148336,"41698,5563,3288",720575940888148336,0.000000
720575940899184211,"22420,2066,612",720575940886558498,"24860,3081,2535",720575940886558498,0.000000
720575940881127565,"41370,3050,230",720575940868783341,"29320,4453,1733",720575940868783341,33.498987
720575940881127565,"41370,3050,230",720575940919043399,"24306,3929,1314",720575940919043399,0.000000
720575940881127565,"41370,3050,230",720575940905401289,"27344,3514,1565",720575940905401289,0.000000
720575940881127565,"41370,3050,230",720575940937876909,"22490,3798,2283",720575940937876909,0.000000
720575940881127565,"41370,3050,230",720575940877168648,"24461,3600,2248",720575940877168648,0.000000
720575940881127565,"41370,3050,230",720575940893449483,"30532,4598,1070",720575940893449483,0.000000
720575940881127565,"41370,3050,230",720575940902330369,"25384,4074,1605",720575940902330369,0.000000
720575940881127565,"41370,3050,230",720575940870691926,"21636,4289,2083",720575940870691926,0.000000
720575940881127565,"41370,3050,230",720575940905126710,"23751,4351,1605",720575940905126710,0.000000
720575940881127565,"41370,3050,230",720575940900275170,"27295,4519,1330",720575940900275170,0.000000
720575940881127565,"41370,3050,230",720575940881834064,"29556,5160,1151",720575940881834064,0.000000
720575940881127565,"41370,3050,230",720575940920897193,"32485,5455,1334",720575940920897193,0.000000
720575940881127565,"41370,3050,230",720575940881834320,"44973,7063,1558",720575940881834320,0.000000
720575940881127565,"41370,3050,230",720575940883912476,"44111,5787,1151",720575940883912476,0.000000
720575940881127565,"41370,3050,230",720575940881949777,"13153,5700,2154",720575940881949777,0.000000
720575940881127565,"41370,3050,230",720575940870692182,"24136,3911,1002",720575940870692182,0.000000
720575940881127565,"41370,3050,230",720575940847595117,"41727,5321,1579",720575940847595117,0.000000
720575940881127565,"41370,3050,230",720575940881834576,"20994,6297,2199",720575940881834576,0.000000
720575940881127565,"41370,3050,230",720575940887754056,"37545,5805,202",720575940887754056,6.061117
720575940881127565,"41370,3050,230",720575940877569847,"28033,3647,860",720575940877569847,31.912055
720575940881127565,"41370,3050,230",720575940916312157,"17947,3091,2607",720575940916312157,0.000000
720575940881127565,"41370,3050,230",720575940897166352,"37387,4317,2239",720575940897166352,0.000000
720575940881127565,"41370,3050,230",720575940888538572,"23742,3073,2451",720575940888538572,0.000000
720575940881127565,"41370,3050,230",720575940935700348,"22409,3328,2752",720575940935700348,10.936262
720575940881127565,"41370,3050,230",720575940873510206,"31190,3277,663",720575940873510206,26.984814
720575940881127565,"41370,3050,230",720575940888148336,"41698,5563,3288",720575940888148336,0.000000
720575940881127565,"41370,3050,230",720575940886558498,"24860,3081,2535",720575940886558498,11.846423
720575940937231134,"30886,2367,3277",720575940868783341,"29320,4453,1733",720575940868783341,21.400779
720575940937231134,"30886,2367,3277",720575940919043399,"24306,3929,1314",720575940919043399,0.000000
720575940937231134,"30886,2367,3277",720575940905401289,"27344,3514,1565",720575940905401289,0.000000
720575940937231134,"30886,2367,3277",720575940937876909,"22490,3798,2283",720575940937876909,0.000000
720575940937231134,"30886,2367,3277",720575940877168648,"24461,3600,2248",720575940877168648,0.000000
720575940937231134,"30886,2367,3277",720575940893449483,"30532,4598,1070",720575940893449483,0.000000
720575940937231134,"30886,2367,3277",720575940902330369,"25384,4074,1605",720575940902330369,0.000000
720575940937231134,"30886,2367,3277",720575940870691926,"21636,4289,2083",720575940870691926,0.000000
720575940937231134,"30886,2367,3277",720575940905126710,"23751,4351,1605",720575940905126710,0.000000
720575940937231134,"30886,2367,3277",720575940900275170,"27295,4519,1330",720575940900275170,0.000000
720575940937231134,"30886,2367,3277",720575940881834064,"29556,5160,1151",720575940881834064,0.000000
720575940937231134,"30886,2367,3277",720575940920897193,"32485,5455,1334",720575940920897193,0.000000
720575940937231134,"30886,2367,3277",720575940881834320,"44973,7063,1558",720575940881834320,0.000000
720575940937231134,"30886,2367,3277",720575940883912476,"44111,5787,1151",720575940883912476,0.000000
720575940937231134,"30886,2367,3277",720575940881949777,"13153,5700,2154",720575940881949777,0.000000
720575940937231134,"30886,2367,3277",720575940870692182,"24136,3911,1002",720575940870692182,0.000000
720575940937231134,"30886,2367,3277",720575940847595117,"41727,5321,1579",720575940847595117,0.000000
720575940937231134,"30886,2367,3277",720575940881834576,"20994,6297,2199",720575940881834576,0.000000
720575940937231134,"30886,2367,3277",720575940887754056,"37545,5805,202",720575940887754056,12.798685
720575940937231134,"30886,2367,3277",720575940877569847,"28033,3647,860",720575940877569847,4.876705
720575940937231134,"30886,2367,3277",720575940916312157,"17947,3091,2607",720575940916312157,0.000000
720575940937231134,"30886,2367,3277",720575940897166352,"37387,4317,2239",720575940897166352,0.000000
720575940937231134,"30886,2367,3277",720575940888538572,"23742,3073,2451",720575940888538572,0.000000
720575940937231134,"30886,2367,3277",720575940935700348,"22409,3328,2752",720575940935700348,0.000000
720575940937231134,"30886,2367,3277",720575940873510206,"31190,3277,663",720575940873510206,0.000000
720575940937231134,"30886,2367,3277",720575940888148336,"41698,5563,3288",720575940888148336,0.000000
720575940937231134,"30886,2367,3277",720575940886558498,"24860,3081,2535",720575940886558498,0.000000
720575940851375219,"22177,2473,3761",720575940868783341,"29320,4453,1733",720575940868783341,0.000000
720575940851375219,"22177,2473,3761",720575940919043399,"24306,3929,1314",720575940919043399,0.000000
720575940851375219,"22177,2473,3761",720575940905401289,"27344,3514,1565",720575940905401289,0.000000
720575940851375219,"22177,2473,3761",720575940937876909,"22490,3798,2283",720575940937876909,0.000000
720575940851375219,"22177,2473,3761",720575940877168648,"24461,3600,2248",720575940877168648,0.000000
720575940851375219,"22177,2473,3761",720575940893449483,"30532,4598,1070",720575940893449483,0.000000
720575940851375219,"22177,2473,3761",720575940902330369,"25384,4074,1605",720575940902330369,0.000000
720575940851375219,"22177,2473,3761",720575940870691926,"21636,4289,2083",720575940870691926,0.000000
720575940851375219,"22177,2473,3761",720575940905126710,"23751,4351,1605",720575940905126710,0.000000
720575940851375219,"22177,2473,3761",720575940900275170,"27295,4519,1330",720575940900275170,0.000000
720575940851375219,"22177,2473,3761",720575940881834064,"29556,5160,1151",720575940881834064,0.000000
720575940851375219,"22177,2473,3761",720575940920897193,"32485,5455,1334",720575940920897193,0.000000
720575940851375219,"22177,2473,3761",720575940881834320,"44973,7063,1558",720575940881834320,0.000000
720575940851375219,"22177,2473,3761",720575940883912476,"44111,5787,1151",720575940883912476,0.000000
720575940851375219,"22177,2473,3761",720575940881949777,"13153,5700,2154",720575940881949777,0.000000
720575940851375219,"22177,2473,3761",720575940870692182,"24136,3911,1002",720575940870692182,0.000000
720575940851375219,"22177,2473,3761",720575940847595117,"41727,5321,1579",720575940847595117,0.000000
720575940851375219,"22177,2473,3761",720575940881834576,"20994,6297,2199",720575940881834576,0.000000
720575940851375219,"22177,2473,3761",720575940887754056,"37545,5805,202",720575940887754056,0.000000
720575940851375219,"22177,2473,3761",720575940877569847,"28033,3647,860",720575940877569847,18.439238
720575940851375219,"22177,2473,3761",720575940916312157,"17947,3091,2607",720575940916312157,0.000000
720575940851375219,"22177,2473,3761",720575940897166352,"37387,4317,2239",720575940897166352,0.000000
720575940851375219,"22177,2473,3761",720575940888538572,"23742,3073,2451",720575940888538572,29.930720
720575940851375219,"22177,2473,3761",720575940935700348,"22409,3328,2752",720575940935700348,0.000000
720575940851375219,"22177,2473,3761",720575940873510206,"31190,3277,663",720575940873510206,0.000000
720575940851375219,"22177,2473,3761",720575940888148336,"41698,5563,3288",720575940888148336,0.000000
720575940851375219,"22177,2473,3761",720575940886558498,"24860,3081,2535",720575940886558498,6.638534
720575940882649500,"26006,2356,190",720575940868783341,"29320,4453,1733",720575940868783341,0.000000
720575940882649500,"26006,2356,190",720575940919043399,"24306,3929,1314",720575940919043399,0.000000
720575940882649500,"26006,2356,190",720575940905401289,"27344,3514,1565",720575940905401289,0.000000
720575940882649500,"26006,2356,190",720575940937876909,"22490,3798,2283",720575940937876909,0.000000
720575940882649500,"26006,2356,190",720575940877168648,"24461,3600,2248",720575940877168648,0.000000
720575940882649500,"26006,2356,190",720575940893449483,"30532,4598,1070",720575940893449483,0.000000
720575940882649500,"26006,2356,190",720575940902330369,"25384,4074,1605",720575940902330369,0.000000
720575940882649500,"26006,2356,190",720575940870691926,"21636,4289,2083",720575940870691926,0.000000
720575940882649500,"26006,2356,190",720575940905126710,"23751,4351,1605",720575940905126710,0.000000
720575940882649500,"26006,2356,190",720575940900275170,"27295,4519,1330",720575940900275170,0.000000
720575940882649500,"26006,2356,190",720575940881834064,"29556,5160,1151",720575940881834064,0.000000
720575940882649500,"26006,2356,190",720575940920897193,"32485,5455,1334",720575940920897193,0.000000
720575940882649500,"26006,2356,190",720575940881834320,"44973,7063,1558",720575940881834320,0.000000
720575940882649500,"26006,2356,190",720575940883912476,"44111,5787,1151",720575940883912476,0.000000
720575940882649500,"26006,2356,190",720575940881949777,"13153,5700,2154",720575940881949777,0.000000
720575940882649500,"26006,2356,190",720575940870692182,"24136,3911,1002",720575940870692182,0.000000
720575940882649500,"26006,2356,190",720575940847595117,"41727,5321,1579",720575940847595117,0.000000
720575940882649500,"26006,2356,190",720575940881834576,"20994,6297,2199",720575940881834576,0.000000
720575940882649500,"26006,2356,190",720575940887754056,"37545,5805,202",720575940887754056,11.634508
720575940882649500,"26006,2356,190",720575940877569847,"28033,3647,860",720575940877569847,0.000000
720575940882649500,"26006,2356,190",720575940916312157,"17947,3091,2607",720575940916312157,0.000000
720575940882649500,"26006,2356,190",720575940897166352,"37387,4317,2239",720575940897166352,0.000000
720575940882649500,"26006,2356,190",720575940888538572,"23742,3073,2451",720575940888538572,0.000000
720575940882649500,"26006,2356,190",720575940935700348,"22409,3328,2752",720575940935700348,11.198859
720575940882649500,"26006,2356,190",720575940873510206,"31190,3277,663",720575940873510206,0.000000
720575940882649500,"26006,2356,190",720575940888148336,"41698,5563,3288",720575940888148336,0.000000
720575940882649500,"26006,2356,190",720575940886558498,"24860,3081,2535",720575940886558498,13.365078
720575940902618322,"23806,2095,1436",720575940868783341,"29320,4453,1733",720575940868783341,0.000000
720575940902618322,"23806,2095,1436",720575940919043399,"24306,3929,1314",720575940919043399,0.000000
720575940902618322,"23806,2095,1436",720575940905401289,"27344,3514,1565",720575940905401289,14.028381
720575940902618322,"23806,2095,1436",720575940937876909,"22490,3798,2283",720575940937876909,0.000000
720575940902618322,"23806,2095,1436",720575940877168648,"24461,3600,2248",720575940877168648,0.000000
720575940902618322,"23806,2095,1436",720575940893449483,"30532,4598,1070",720575940893449483,0.000000
720575940902618322,"23806,2095,1436",720575940902330369,"25384,4074,1605",720575940902330369,0.000000
720575940902618322,"23806,2095,1436",720575940870691926,"21636,4289,2083",720575940870691926,0.000000
720575940902618322,"23806,2095,1436",720575940905126710,"23751,4351,1605",720575940905126710,0.000000
720575940902618322,"23806,2095,1436",720575940900275170,"27295,4519,1330",720575940900275170,0.000000
720575940902618322,"23806,2095,1436",720575940881834064,"29556,5160,1151",720575940881834064,0.000000
720575940902618322,"23806,2095,1436",720575940920897193,"32485,5455,1334",720575940920897193,0.000000
720575940902618322,"23806,2095,1436",720575940881834320,"44973,7063,1558",720575940881834320,0.000000
720575940902618322,"23806,2095,1436",720575940883912476,"44111,5787,1151",720575940883912476,0.000000
720575940902618322,"23806,2095,1436",720575940881949777,"13153,5700,2154",720575940881949777,0.000000
720575940902618322,"23806,2095,1436",720575940870692182,"24136,3911,1002",720575940870692182,0.000000
720575940902618322,"23806,2095,1436",720575940847595117,"41727,5321,1579",720575940847595117,0.000000
720575940902618322,"23806,2095,1436",720575940881834576,"20994,6297,2199",720575940881834576,0.000000
720575940902618322,"23806,2095,1436",720575940887754056,"37545,5805,202",720575940887754056,34.614895
720575940902618322,"23806,2095,1436",720575940877569847,"28033,3647,860",720575940877569847,11.845550
720575940902618322,"23806,2095,1436",720575940916312157,"17947,3091,2607",720575940916312157,14.312184
720575940902618322,"23806,2095,1436",720575940897166352,"37387,4317,2239",720575940897166352,13.967914
720575940902618322,"23806,2095,1436",720575940888538572,"23742,3073,2451",720575940888538572,16.377343
720575940902618322,"23806,2095,1436",720575940935700348,"22409,3328,2752",720575940935700348,0.000000
720575940902618322,"23806,2095,1436",720575940873510206,"31190,3277,663",720575940873510206,0.000000
720575940902618322,"23806,2095,1436",720575940888148336,"41698,5563,3288",720575940888148336,0.000000
720575940902618322,"23806,2095,1436",720575940886558498,"24860,3081,2535",720575940886558498,5.966250
720575940901994222,"29330,2425,284",720575940868783341,"29320,4453,1733",720575940868783341,0.000000
720575940901994222,"29330,2425,284",720575940919043399,"24306,3929,1314",720575940919043399,0.000000
720575940901994222,"29330,2425,284",720575940905401289,"27344,3514,1565",720575940905401289,0.000000
720575940901994222,"29330,2425,284",720575940937876909,"22490,3798,2283",720575940937876909,0.000000
720575940901994222,"29330,2425,284",720575940877168648,"24461,3600,2248",720575940877168648,0.000000
720575940901994222,"29330,2425,284",720575940893449483,"30532,4598,1070",720575940893449483,0.000000
720575940901994222,"29330,2425,284",720575940902330369,"25384,4074,1605",720575940902330369,0.000000
720575940901994222,"29330,2425,284",720575940870691926,"21636,4289,2083",720575940870691926,0.000000
720575940901994222,"29330,2425,284",720575940905126710,"23751,4351,1605",720575940905126710,0.000000
720575940901994222,"29330,2425,284",720575940900275170,"27295,4519,1330",720575940900275170,0.000000
720575940901994222,"29330,2425,284",720575940881834064,"29556,5160,1151",720575940881834064,0.000000
720575940901994222,"29330,2425,284",720575940920897193,"32485,5455,1334",720575940920897193,0.000000
720575940901994222,"29330,2425,284",720575940881834320,"44973,7063,1558",720575940881834320,0.000000
720575940901994222,"29330,2425,284",720575940883912476,"44111,5787,1151",720575940883912476,0.000000
720575940901994222,"29330,2425,284",720575940881949777,"13153,5700,2154",720575940881949777,0.000000
720575940901994222,"29330,2425,284",720575940870692182,"24136,3911,1002",720575940870692182,0.000000
720575940901994222,"29330,2425,284",720575940847595117,"41727,5321,1579",720575940847595117,0.000000
720575940901994222,"29330,2425,284",720575940881834576,"20994,6297,2199",720575940881834576,0.000000
720575940901994222,"29330,2425,284",720575940887754056,"37545,5805,202",720575940887754056,0.000000
720575940901994222,"29330,2425,284",720575940877569847,"28033,3647,860",720575940877569847,0.000000
720575940901994222,"29330,2425,284",720575940916312157,"17947,3091,2607",720575940916312157,0.000000
720575940901994222,"29330,2425,284",720575940897166352,"37387,4317,2239",720575940897166352,0.000000
720575940901994222,"29330,2425,284",720575940888538572,"23742,3073,2451",720575940888538572,13.993664
720575940901994222,"29330,2425,284",720575940935700348,"22409,3328,2752",720575940935700348,49.764429
720575940901994222,"29330,2425,284",720575940873510206,"31190,3277,663",720575940873510206,0.000000
720575940901994222,"29330,2425,284",720575940888148336,"41698,5563,3288",720575940888148336,0.000000
720575940901994222,"29330,2425,284",720575940886558498,"24860,3081,2535",720575940886558498,0.000000
720575940915281053,"16152,2973,266",720575940868783341,"29320,4453,1733",720575940868783341,0.000000
720575940915281053,"16152,2973,266",720575940919043399,"24306,3929,1314",720575940919043399,0.000000
720575940915281053,"16152,2973,266",720575940905401289,"27344,3514,1565",720575940905401289,0.000000
720575940915281053,"16152,2973,266",720575940937876909,"22490,3798,2283",720575940937876909,0.000000
720575940915281053,"16152,2973,266",720575940877168648,"24461,3600,2248",720575940877168648,0.000000
720575940915281053,"16152,2973,266",720575940893449483,"30532,4598,1070",720575940893449483,0.000000
720575940915281053,"16152,2973,266",720575940902330369,"25384,4074,1605",720575940902330369,0.000000
720575940915281053,"16152,2973,266",720575940870691926,"21636,4289,2083",720575940870691926,0.000000
720575940915281053,"16152,2973,266",720575940905126710,"23751,4351,1605",720575940905126710,0.000000
720575940915281053,"16152,2973,266",720575940900275170,"27295,4519,1330",720575940900275170,0.000000
720575940915281053,"16152,2973,266",720575940881834064,"29556,5160,1151",720575940881834064,0.000000
720575940915281053,"16152,2973,266",720575940920897193,"32485,5455,1334",720575940920897193,0.000000
720575940915281053,"16152,2973,266",720575940881834320,"44973,7063,1558",720575940881834320,0.000000
720575940915281053,"16152,2973,266",720575940883912476,"44111,5787,1151",720575940883912476,0.000000
720575940915281053,"16152,2973,266",720575940881949777,"13153,5700,2154",720575940881949777,0.000000
720575940915281053,"16152,2973,266",720575940870692182,"24136,3911,1002",720575940870692182,0.000000
720575940915281053,"16152,2973,266",720575940847595117,"41727,5321,1579",720575940847595117,0.000000
720575940915281053,"16152,2973,266",720575940881834576,"20994,6297,2199",720575940881834576,0.000000
720575940915281053,"16152,2973,266",720575940887754056,"37545,5805,202",720575940887754056,0.000000
720575940915281053,"16152,2973,266",720575940877569847,"28033,3647,860",720575940877569847,0.000000
720575940915281053,"16152,2973,266",720575940916312157,"17947,3091,2607",720575940916312157,0.000000
720575940915281053,"16152,2973,266",720575940897166352,"37387,4317,2239",720575940897166352,0.000000
720575940915281053,"16152,2973,266",720575940888538572,"23742,3073,2451",720575940888538572,0.000000
720575940915281053,"16152,2973,266",720575940935700348,"22409,3328,2752",720575940935700348,0.000000
720575940915281053,"16152,2973,266",720575940873510206,"31190,3277,663",720575940873510206,0.000000
720575940915281053,"16152,2973,266",720575940888148336,"41698,5563,3288",720575940888148336,0.000000
720575940915281053,"16152,2973,266",720575940886558498,"24860,3081,2535",720575940886558498,0.000000
720575940893928949,"22810,2422,3228",720575940868783341,"29320,4453,1733",720575940868783341,0.000000
720575940893928949,"22810,2422,3228",720575940919043399,"24306,3929,1314",720575940919043399,0.000000
720575940893928949,"22810,2422,3228",720575940905401289,"27344,3514,1565",720575940905401289,0.000000
720575940893928949,"22810,2422,3228",720575940937876909,"22490,3798,2283",720575940937876909,0.000000
720575940893928949,"22810,2422,3228",720575940877168648,"24461,3600,2248",720575940877168648,0.000000
720575940893928949,"22810,2422,3228",720575940893449483,"30532,4598,1070",720575940893449483,0.000000
720575940893928949,"22810,2422,3228",720575940902330369,"25384,4074,1605",720575940902330369,0.000000
720575940893928949,"22810,2422,3228",720575940870691926,"21636,4289,2083",720575940870691926,0.000000
720575940893928949,"22810,2422,3228",720575940905126710,"23751,4351,1605",720575940905126710,0.000000
720575940893928949,"22810,2422,3228",720575940900275170,"27295,4519,1330",720575940900275170,0.000000
720575940893928949,"22810,2422,3228",720575940881834064,"29556,5160,1151",720575940881834064,0.000000
720575940893928949,"22810,2422,3228",720575940920897193,"32485,5455,1334",720575940920897193,0.000000
720575940893928949,"22810,2422,3228",720575940881834320,"44973,7063,1558",720575940881834320,0.000000
720575940893928949,"22810,2422,3228",720575940883912476,"44111,5787,1151",720575940883912476,0.000000
720575940893928949,"22810,2422,3228",720575940881949777,"13153,5700,2154",720575940881949777,0.000000
720575940893928949,"22810,2422,3228",720575940870692182,"24136,3911,1002",720575940870692182,0.000000
720575940893928949,"22810,2422,3228",720575940847595117,"41727,5321,1579",720575940847595117,0.000000
720575940893928949,"22810,2422,3228",720575940881834576,"20994,6297,2199",720575940881834576,0.000000
720575940893928949,"22810,2422,3228",720575940887754056,"37545,5805,202",720575940887754056,0.000000
720575940893928949,"22810,2422,3228",720575940877569847,"28033,3647,860",720575940877569847,0.000000
720575940893928949,"22810,2422,3228",720575940916312157,"17947,3091,2607",720575940916312157,0.000000
720575940893928949,"22810,2422,3228",720575940897166352,"37387,4317,2239",720575940897166352,0.000000
720575940893928949,"22810,2422,3228",720575940888538572,"23742,3073,2451",720575940888538572,15.104587
720575940893928949,"22810,2422,3228",720575940935700348,"22409,3328,2752",720575940935700348,105.474658
720575940893928949,"22810,2422,3228",720575940873510206,"31190,3277,663",720575940873510206,0.000000
720575940893928949,"22810,2422,3228",720575940888148336,"41698,5563,3288",720575940888148336,0.000000
720575940893928949,"22810,2422,3228",720575940886558498,"24860,3081,2535",720575940886558498,18.211344
720575940927175960,"5514,2073,1191",720575940868783341,"29320,4453,1733",720575940868783341,0.000000
720575940927175960,"5514,2073,1191",720575940919043399,"24306,3929,1314",720575940919043399,0.000000
720575940927175960,"5514,2073,1191",720575940905401289,"27344,3514,1565",720575940905401289,11.783924
720575940927175960,"5514,2073,1191",720575940937876909,"22490,3798,2283",720575940937876909,0.000000
720575940927175960,"5514,2073,1191",720575940877168648,"24461,3600,2248",720575940877168648,5.732391
720575940927175960,"5514,2073,1191",720575940893449483,"30532,4598,1070",720575940893449483,0.000000
720575940927175960,"5514,2073,1191",720575940902330369,"25384,4074,1605",720575940902330369,0.000000
720575940927175960,"5514,2073,1191",720575940870691926,"21636,4289,2083",720575940870691926,0.000000
720575940927175960,"5514,2073,1191",720575940905126710,"23751,4351,1605",720575940905126710,0.000000
720575940927175960,"5514,2073,1191",720575940900275170,"27295,4519,1330",720575940900275170,0.000000
720575940927175960,"5514,2073,1191",720575940881834064,"29556,5160,1151",720575940881834064,0.000000
720575940927175960,"5514,2073,1191",720575940920897193,"32485,5455,1334",720575940920897193,0.000000
720575940927175960,"5514,2073,1191",720575940881834320,"44973,7063,1558",720575940881834320,0.000000
720575940927175960,"5514,2073,1191",720575940883912476,"44111,5787,1151",720575940883912476,0.000000
720575940927175960,"5514,2073,1191",720575940881949777,"13153,5700,2154",720575940881949777,0.000000
720575940927175960,"5514,2073,1191",720575940870692182,"24136,3911,1002",720575940870692182,0.000000
720575940927175960,"5514,2073,1191",720575940847595117,"41727,5321,1579",720575940847595117,0.000000
720575940927175960,"5514,2073,1191",720575940881834576,"20994,6297,2199",720575940881834576,0.000000
720575940927175960,"5514,2073,1191",720575940887754056,"37545,5805,202",720575940887754056,0.000000
720575940927175960,"5514,2073,1191",720575940877569847,"28033,3647,860",720575940877569847,75.059751
720575940927175960,"5514,2073,1191",720575940916312157,"17947,3091,2607",720575940916312157,65.808026
720575940927175960,"5514,2073,1191",720575940897166352,"37387,4317,2239",720575940897166352,36.512401
720575940927175960,"5514,2073,1191",720575940888538572,"23742,3073,2451",720575940888538572,74.988412
720575940927175960,"5514,2073,1191",720575940935700348,"22409,3328,2752",720575940935700348,152.485937
720575940927175960,"5514,2073,1191",720575940873510206,"31190,3277,663",720575940873510206,0.000000
720575940927175960,"5514,2073,1191",720575940888148336,"41698,5563,3288",720575940888148336,0.000000
720575940927175960,"5514,2073,1191",720575940886558498,"24860,3081,2535",720575940886558498,26.289403
720575940902302721,"24621,2101,1180",720575940868783341,"29320,4453,1733",720575940868783341,0.000000
720575940902302721,"24621,2101,1180",720575940919043399,"24306,3929,1314",720575940919043399,0.000000
720575940902302721,"24621,2101,1180",720575940905401289,"27344,3514,1565",720575940905401289,7.431737
720575940902302721,"24621,2101,1180",720575940937876909,"22490,3798,2283",720575940937876909,0.000000
720575940902302721,"24621,2101,1180",720575940877168648,"24461,3600,2248",720575940877168648,0.000000
720575940902302721,"24621,2101,1180",720575940893449483,"30532,4598,1070",720575940893449483,0.000000
720575940902302721,"24621,2101,1180",720575940902330369,"25384,4074,1605",720575940902330369,0.000000
720575940902302721,"24621,2101,1180",720575940870691926,"21636,4289,2083",720575940870691926,0.000000
720575940902302721,"24621,2101,1180",720575940905126710,"23751,4351,1605",720575940905126710,0.000000
720575940902302721,"24621,2101,1180",720575940900275170,"27295,4519,1330",720575940900275170,0.000000
720575940902302721,"24621,2101,1180",720575940881834064,"29556,5160,1151",720575940881834064,0.000000
720575940902302721,"24621,2101,1180",720575940920897193,"32485,5455,1334",720575940920897193,0.000000
720575940902302721,"24621,2101,1180",720575940881834320,"44973,7063,1558",720575940881834320,0.000000
720575940902302721,"24621,2101,1180",720575940883912476,"44111,5787,1151",720575940883912476,0.000000
720575940902302721,"24621,2101,1180",720575940881949777,"13153,5700,2154",720575940881949777,0.000000
720575940902302721,"24621,2101,1180",720575940870692182,"24136,3911,1002",720575940870692182,0.000000
720575940902302721,"24621,2101,1180",720575940847595117,"41727,5321,1579",720575940847595117,0.000000
720575940902302721,"24621,2101,1180",720575940881834576,"20994,6297,2199",720575940881834576,0.000000
720575940902302721,"24621,2101,1180",720575940887754056,"37545,5805,202",720575940887754056,15.916303
720575940902302721,"24621,2101,1180",720575940877569847,"28033,3647,860",720575940877569847,0.000000
720575940902302721,"24621,2101,1180",720575940916312157,"17947,3091,2607",720575940916312157,0.000000
720575940902302721,"24621,2101,1180",720575940897166352,"37387,4317,2239",720575940897166352,14.606015
720575940902302721,"24621,2101,1180",720575940888538572,"23742,3073,2451",720575940888538572,3.453805
720575940902302721,"24621,2101,1180",720575940935700348,"22409,3328,2752",720575940935700348,0.000000
720575940902302721,"24621,2101,1180",720575940873510206,"31190,3277,663",720575940873510206,0.000000
720575940902302721,"24621,2101,1180",720575940888148336,"41698,5563,3288",720575940888148336,0.000000
720575940902302721,"24621,2101,1180",720575940886558498,"24860,3081,2535",720575940886558498,16.413675
720575940882650524,"32269,2716,155",720575940868783341,"29320,4453,1733",720575940868783341,0.000000
720575940882650524,"32269,2716,155",720575940919043399,"24306,3929,1314",720575940919043399,0.000000
720575940882650524,"32269,2716,155",720575940905401289,"27344,3514,1565",720575940905401289,0.000000
720575940882650524,"32269,2716,155",720575940937876909,"22490,3798,2283",720575940937876909,0.000000
720575940882650524,"32269,2716,155",720575940877168648,"24461,3600,2248",720575940877168648,0.000000
720575940882650524,"32269,2716,155",720575940893449483,"30532,4598,1070",720575940893449483,0.000000
720575940882650524,"32269,2716,155",720575940902330369,"25384,4074,1605",720575940902330369,0.000000
720575940882650524,"32269,2716,155",720575940870691926,"21636,4289,2083",720575940870691926,0.000000
720575940882650524,"32269,2716,155",720575940905126710,"23751,4351,1605",720575940905126710,0.000000
720575940882650524,"32269,2716,155",720575940900275170,"27295,4519,1330",720575940900275170,0.000000
720575940882650524,"32269,2716,155",720575940881834064,"29556,5160,1151",720575940881834064,0.000000
720575940882650524,"32269,2716,155",720575940920897193,"32485,5455,1334",720575940920897193,0.000000
720575940882650524,"32269,2716,155",720575940881834320,"44973,7063,1558",720575940881834320,0.000000
720575940882650524,"32269,2716,155",720575940883912476,"44111,5787,1151",720575940883912476,0.000000
720575940882650524,"32269,2716,155",720575940881949777,"13153,5700,2154",720575940881949777,0.000000
720575940882650524,"32269,2716,155",720575940870692182,"24136,3911,1002",720575940870692182,0.000000
720575940882650524,"32269,2716,155",720575940847595117,"41727,5321,1579",720575940847595117,0.000000
720575940882650524,"32269,2716,155",720575940881834576,"20994,6297,2199",720575940881834576,0.000000
720575940882650524,"32269,2716,155",720575940887754056,"37545,5805,202",720575940887754056,0.000000
720575940882650524,"32269,2716,155",720575940877569847,"28033,3647,860",720575940877569847,0.000000
720575940882650524,"32269,2716,155",720575940916312157,"17947,3091,2607",720575940916312157,0.000000
720575940882650524,"32269,2716,155",720575940897166352,"37387,4317,2239",720575940897166352,10.914684
720575940882650524,"32269,2716,155",720575940888538572,"23742,3073,2451",720575940888538572,0.000000
720575940882650524,"32269,2716,155",720575940935700348,"22409,3328,2752",720575940935700348,0.000000
720575940882650524,"32269,2716,155",720575940873510206,"31190,3277,663",720575940873510206,18.804770
720575940882650524,"32269,2716,155",720575940888148336,"41698,5563,3288",720575940888148336,0.000000
720575940882650524,"32269,2716,155",720575940886558498,"24860,3081,2535",720575940886558498,5.091624
720575940898861305,"37137,2890,171",720575940868783341,"29320,4453,1733",720575940868783341,0.000000
720575940898861305,"37137,2890,171",720575940919043399,"24306,3929,1314",720575940919043399,0.000000
720575940898861305,"37137,2890,171",720575940905401289,"27344,3514,1565",720575940905401289,0.000000
720575940898861305,"37137,2890,171",720575940937876909,"22490,3798,2283",720575940937876909,0.000000
720575940898861305,"37137,2890,171",720575940877168648,"24461,3600,2248",720575940877168648,0.000000
720575940898861305,"37137,2890,171",720575940893449483,"30532,4598,1070",720575940893449483,0.000000
720575940898861305,"37137,2890,171",720575940902330369,"25384,4074,1605",720575940902330369,0.000000
720575940898861305,"37137,2890,171",720575940870691926,"21636,4289,2083",720575940870691926,0.000000
720575940898861305,"37137,2890,171",720575940905126710,"23751,4351,1605",720575940905126710,0.000000
720575940898861305,"37137,2890,171",720575940900275170,"27295,4519,1330",720575940900275170,0.000000
720575940898861305,"37137,2890,171",720575940881834064,"29556,5160,1151",720575940881834064,0.000000
720575940898861305,"37137,2890,171",720575940920897193,"32485,5455,1334",720575940920897193,0.000000
720575940898861305,"37137,2890,171",720575940881834320,"44973,7063,1558",720575940881834320,0.000000
720575940898861305,"37137,2890,171",720575940883912476,"44111,5787,1151",720575940883912476,14.636109
720575940898861305,"37137,2890,171",720575940881949777,"13153,5700,2154",720575940881949777,0.000000
720575940898861305,"37137,2890,171",720575940870692182,"24136,3911,1002",720575940870692182,0.000000
720575940898861305,"37137,2890,171",720575940847595117,"41727,5321,1579",720575940847595117,0.000000
720575940898861305,"37137,2890,171",720575940881834576,"20994,6297,2199",720575940881834576,0.000000
720575940898861305,"37137,2890,171",720575940887754056,"37545,5805,202",720575940887754056,0.000000
720575940898861305,"37137,2890,171",720575940877569847,"28033,3647,860",720575940877569847,0.000000
720575940898861305,"37137,2890,171",720575940916312157,"17947,3091,2607",720575940916312157,0.000000
720575940898861305,"37137,2890,171",720575940897166352,"37387,4317,2239",720575940897166352,25.929877
720575940898861305,"37137,2890,171",720575940888538572,"23742,3073,2451",720575940888538572,0.000000
720575940898861305,"37137,2890,171",720575940935700348,"22409,3328,2752",720575940935700348,0.000000
720575940898861305,"37137,2890,171",720575940873510206,"31190,3277,663",720575940873510206,12.712100
720575940898861305,"37137,2890,171",720575940888148336,"41698,5563,3288",720575940888148336,0.000000
720575940898861305,"37137,2890,171",720575940886558498,"24860,3081,2535",720575940886558498,40.962057
720575940927275084,"16712,2908,191",720575940868783341,"29320,4453,1733",720575940868783341,0.000000
720575940927275084,"16712,2908,191",720575940919043399,"24306,3929,1314",720575940919043399,0.000000
720575940927275084,"16712,2908,191",720575940905401289,"27344,3514,1565",720575940905401289,0.000000
720575940927275084,"16712,2908,191",720575940937876909,"22490,3798,2283",720575940937876909,0.000000
720575940927275084,"16712,2908,191",720575940877168648,"24461,3600,2248",720575940877168648,9.686254
720575940927275084,"16712,2908,191",720575940893449483,"30532,4598,1070",720575940893449483,0.000000
720575940927275084,"16712,2908,191",720575940902330369,"25384,4074,1605",720575940902330369,0.000000
720575940927275084,"16712,2908,191",720575940870691926,"21636,4289,2083",720575940870691926,0.000000
720575940927275084,"16712,2908,191",720575940905126710,"23751,4351,1605",720575940905126710,0.000000
720575940927275084,"16712,2908,191",720575940900275170,"27295,4519,1330",720575940900275170,0.000000
720575940927275084,"16712,2908,191",720575940881834064,"29556,5160,1151",720575940881834064,0.000000
720575940927275084,"16712,2908,191",720575940920897193,"32485,5455,1334",720575940920897193,0.000000
720575940927275084,"16712,2908,191",720575940881834320,"44973,7063,1558",720575940881834320,0.000000
720575940927275084,"16712,2908,191",720575940883912476,"44111,5787,1151",720575940883912476,0.000000
720575940927275084,"16712,2908,191",720575940881949777,"13153,5700,2154",720575940881949777,0.000000
720575940927275084,"16712,2908,191",720575940870692182,"24136,3911,1002",720575940870692182,0.000000
720575940927275084,"16712,2908,191",720575940847595117,"41727,5321,1579",720575940847595117,0.000000
720575940927275084,"16712,2908,191",720575940881834576,"20994,6297,2199",720575940881834576,0.000000
720575940927275084,"16712,2908,191",720575940887754056,"37545,5805,202",720575940887754056,0.000000
720575940927275084,"16712,2908,191",720575940877569847,"28033,3647,860",720575940877569847,12.069684
720575940927275084,"16712,2908,191",720575940916312157,"17947,3091,2607",720575940916312157,15.397530
720575940927275084,"16712,2908,191",720575940897166352,"37387,4317,2239",720575940897166352,0.000000
720575940927275084,"16712,2908,191",720575940888538572,"23742,3073,2451",720575940888538572,25.050734
720575940927275084,"16712,2908,191",720575940935700348,"22409,3328,2752",720575940935700348,94.964732
720575940927275084,"16712,2908,191",720575940873510206,"31190,3277,663",720575940873510206,0.000000
720575940927275084,"16712,2908,191",720575940888148336,"41698,5563,3288",720575940888148336,0.000000
720575940927275084,"16712,2908,191",720575940886558498,"24860,3081,2535",720575940886558498,0.000000
720575940946141316,"8619,2477,2951",720575940868783341,"29320,4453,1733",720575940868783341,0.000000
720575940946141316,"8619,2477,2951",720575940919043399,"24306,3929,1314",720575940919043399,0.000000
720575940946141316,"8619,2477,2951",720575940905401289,"27344,3514,1565",720575940905401289,0.000000
720575940946141316,"8619,2477,2951",720575940937876909,"22490,3798,2283",720575940937876909,0.000000
720575940946141316,"8619,2477,2951",720575940877168648,"24461,3600,2248",720575940877168648,0.000000
720575940946141316,"8619,2477,2951",720575940893449483,"30532,4598,1070",720575940893449483,0.000000
720575940946141316,"8619,2477,2951",720575940902330369,"25384,4074,1605",720575940902330369,0.000000
720575940946141316,"8619,2477,2951",720575940870691926,"21636,4289,2083",720575940870691926,0.000000
720575940946141316,"8619,2477,2951",720575940905126710,"23751,4351,1605",720575940905126710,0.000000
720575940946141316,"8619,2477,2951",720575940900275170,"27295,4519,1330",720575940900275170,0.000000
720575940946141316,"8619,2477,2951",720575940881834064,"29556,5160,1151",720575940881834064,0.000000
720575940946141316,"8619,2477,2951",720575940920897193,"32485,5455,1334",720575940920897193,0.000000
720575940946141316,"8619,2477,2951",720575940881834320,"44973,7063,1558",720575940881834320,0.000000
720575940946141316,"8619,2477,2951",720575940883912476,"44111,5787,1151",720575940883912476,0.000000
720575940946141316,"8619,2477,2951",720575940881949777,"13153,5700,2154",720575940881949777,0.000000
720575940946141316,"8619,2477,2951",720575940870692182,"24136,3911,1002",720575940870692182,0.000000
720575940946141316,"8619,2477,2951",720575940847595117,"41727,5321,1579",720575940847595117,0.000000
720575940946141316,"8619,2477,2951",720575940881834576,"20994,6297,2199",720575940881834576,0.000000
720575940946141316,"8619,2477,2951",720575940887754056,"37545,5805,202",720575940887754056,0.000000
720575940946141316,"8619,2477,2951",720575940877569847,"28033,3647,860",720575940877569847,0.000000
720575940946141316,"8619,2477,2951",720575940916312157,"17947,3091,2607",720575940916312157,0.000000
720575940946141316,"8619,2477,2951",720575940897166352,"37387,4317,2239",720575940897166352,0.000000
720575940946141316,"8619,2477,2951",720575940888538572,"23742,3073,2451",720575940888538572,0.000000
720575940946141316,"8619,2477,2951",720575940935700348,"22409,3328,2752",720575940935700348,0.000000
720575940946141316,"8619,2477,2951",720575940873510206,"31190,3277,663",720575940873510206,0.000000
720575940946141316,"8619,2477,2951",720575940888148336,"41698,5563,3288",720575940888148336,0.000000
720575940946141316,"8619,2477,2951",720575940886558498,"24860,3081,2535",720575940886558498,0.000000
720575940878947380,"15451,3081,4005",720575940868783341,"29320,4453,1733",720575940868783341,0.000000
720575940878947380,"15451,3081,4005",720575940919043399,"24306,3929,1314",720575940919043399,0.000000
720575940878947380,"15451,3081,4005",720575940905401289,"27344,3514,1565",720575940905401289,0.000000
720575940878947380,"15451,3081,4005",720575940937876909,"22490,3798,2283",720575940937876909,0.000000
720575940878947380,"15451,3081,4005",720575940877168648,"24461,3600,2248",720575940877168648,7.562901
720575940878947380,"15451,3081,4005",720575940893449483,"30532,4598,1070",720575940893449483,0.000000
720575940878947380,"15451,3081,4005",720575940902330369,"25384,4074,1605",720575940902330369,0.000000
720575940878947380,"15451,3081,4005",720575940870691926,"21636,4289,2083",720575940870691926,0.000000
720575940878947380,"15451,3081,4005",720575940905126710,"23751,4351,1605",720575940905126710,0.000000
720575940878947380,"15451,3081,4005",720575940900275170,"27295,4519,1330",720575940900275170,0.000000
720575940878947380,"15451,3081,4005",720575940881834064,"29556,5160,1151",720575940881834064,0.000000
720575940878947380,"15451,3081,4005",720575940920897193,"32485,5455,1334",720575940920897193,0.000000
720575940878947380,"15451,3081,4005",720575940881834320,"44973,7063,1558",720575940881834320,0.000000
720575940878947380,"15451,3081,4005",720575940883912476,"44111,5787,1151",720575940883912476,0.000000
720575940878947380,"15451,3081,4005",720575940881949777,"13153,5700,2154",720575940881949777,0.000000
720575940878947380,"15451,3081,4005",720575940870692182,"24136,3911,1002",720575940870692182,8.019203
720575940878947380,"15451,3081,4005",720575940847595117,"41727,5321,1579",720575940847595117,0.000000
720575940878947380,"15451,3081,4005",720575940881834576,"20994,6297,2199",720575940881834576,0.000000
720575940878947380,"15451,3081,4005",720575940887754056,"37545,5805,202",720575940887754056,12.233925
720575940878947380,"15451,3081,4005",720575940877569847,"28033,3647,860",720575940877569847,29.470907
720575940878947380,"15451,3081,4005",720575940916312157,"17947,3091,2607",720575940916312157,33.943234
720575940878947380,"15451,3081,4005",720575940897166352,"37387,4317,2239",720575940897166352,6.575383
720575940878947380,"15451,3081,4005",720575940888538572,"23742,3073,2451",720575940888538572,92.793758
720575940878947380,"15451,3081,4005",720575940935700348,"22409,3328,2752",720575940935700348,70.795781
720575940878947380,"15451,3081,4005",720575940873510206,"31190,3277,663",720575940873510206,0.000000
720575940878947380,"15451,3081,4005",720575940888148336,"41698,5563,3288",720575940888148336,0.000000
720575940878947380,"15451,3081,4005",720575940886558498,"24860,3081,2535",720575940886558498,85.776358
720575940887704904,"20950,8963,161",720575940868783341,"29320,4453,1733",720575940868783341,258.397106
720575940887704904,"20950,8963,161",720575940919043399,"24306,3929,1314",720575940919043399,231.829078
720575940887704904,"20950,8963,161",720575940905401289,"27344,3514,1565",720575940905401289,33.134050
720575940887704904,"20950,8963,161",720575940937876909,"22490,3798,2283",720575940937876909,111.651814
720575940887704904,"20950,8963,161",720575940877168648,"24461,3600,2248",720575940877168648,137.236751
720575940887704904,"20950,8963,161",720575940893449483,"30532,4598,1070",720575940893449483,40.845641
720575940887704904,"20950,8963,161",720575940902330369,"25384,4074,1605",720575940902330369,608.308996
720575940887704904,"20950,8963,161",720575940870691926,"21636,4289,2083",720575940870691926,424.533705
720575940887704904,"20950,8963,161",720575940905126710,"23751,4351,1605",720575940905126710,305.889863
720575940887704904,"20950,8963,161",720575940900275170,"27295,4519,1330",720575940900275170,248.680234
720575940887704904,"20950,8963,161",720575940881834064,"29556,5160,1151",720575940881834064,213.265804
720575940887704904,"20950,8963,161",720575940920897193,"32485,5455,1334",720575940920897193,274.577703
720575940887704904,"20950,8963,161",720575940881834320,"44973,7063,1558",720575940881834320,338.295510
720575940887704904,"20950,8963,161",720575940883912476,"44111,5787,1151",720575940883912476,370.674913
720575940887704904,"20950,8963,161",720575940881949777,"13153,5700,2154",720575940881949777,60.464356
720575940887704904,"20950,8963,161",720575940870692182,"24136,3911,1002",720575940870692182,156.161454
720575940887704904,"20950,8963,161",720575940847595117,"41727,5321,1579",720575940847595117,356.470498
720575940887704904,"20950,8963,161",720575940881834576,"20994,6297,2199",720575940881834576,55.914793
720575940887704904,"20950,8963,161",720575940887754056,"37545,5805,202",720575940887754056,194.607656
720575940887704904,"20950,8963,161",720575940877569847,"28033,3647,860",720575940877569847,137.347855
720575940887704904,"20950,8963,161",720575940916312157,"17947,3091,2607",720575940916312157,0.000000
720575940887704904,"20950,8963,161",720575940897166352,"37387,4317,2239",720575940897166352,0.000000
720575940887704904,"20950,8963,161",720575940888538572,"23742,3073,2451",720575940888538572,6.576026
720575940887704904,"20950,8963,161",720575940935700348,"22409,3328,2752",720575940935700348,0.000000
720575940887704904,"20950,8963,161",720575940873510206,"31190,3277,663",720575940873510206,0.000000
720575940887704904,"20950,8963,161",720575940888148336,"41698,5563,3288",720575940888148336,0.000000
720575940887704904,"20950,8963,161",720575940886558498,"24860,3081,2535",720575940886558498,11.749727
720575940882155492,"28474,3736,989",720575940868783341,"29320,4453,1733",720575940868783341,244.773956
720575940882155492,"28474,3736,989",720575940919043399,"24306,3929,1314",720575940919043399,435.314586
720575940882155492,"28474,3736,989",720575940905401289,"27344,3514,1565",720575940905401289,733.045009
720575940882155492,"28474,3736,989",720575940937876909,"22490,3798,2283",720575940937876909,279.017581
720575940882155492,"28474,3736,989",720575940877168648,"24461,3600,2248",720575940877168648,511.421479
720575940882155492,"28474,3736,989",720575940893449483,"30532,4598,1070",720575940893449483,338.124339
720575940882155492,"28474,3736,989",720575940902330369,"25384,4074,1605",720575940902330369,168.970681
720575940882155492,"28474,3736,989",720575940870691926,"21636,4289,2083",720575940870691926,148.318506
720575940882155492,"28474,3736,989",720575940905126710,"23751,4351,1605",720575940905126710,165.439675
720575940882155492,"28474,3736,989",720575940900275170,"27295,4519,1330",720575940900275170,59.635270
720575940882155492,"28474,3736,989",720575940881834064,"29556,5160,1151",720575940881834064,42.568771
720575940882155492,"28474,3736,989",720575940920897193,"32485,5455,1334",720575940920897193,17.933928
720575940882155492,"28474,3736,989",720575940881834320,"44973,7063,1558",720575940881834320,0.000000
720575940882155492,"28474,3736,989",720575940883912476,"44111,5787,1151",720575940883912476,43.793018
720575940882155492,"28474,3736,989",720575940881949777,"13153,5700,2154",720575940881949777,70.207281
720575940882155492,"28474,3736,989",720575940870692182,"24136,3911,1002",720575940870692182,477.161025
720575940882155492,"28474,3736,989",720575940847595117,"41727,5321,1579",720575940847595117,0.000000
720575940882155492,"28474,3736,989",720575940881834576,"20994,6297,2199",720575940881834576,0.000000
720575940882155492,"28474,3736,989",720575940887754056,"37545,5805,202",720575940887754056,347.731000
720575940882155492,"28474,3736,989",720575940877569847,"28033,3647,860",720575940877569847,910.890662
720575940882155492,"28474,3736,989",720575940916312157,"17947,3091,2607",720575940916312157,678.346115
720575940882155492,"28474,3736,989",720575940897166352,"37387,4317,2239",720575940897166352,0.000000
720575940882155492,"28474,3736,989",720575940888538572,"23742,3073,2451",720575940888538572,362.139332
720575940882155492,"28474,3736,989",720575940935700348,"22409,3328,2752",720575940935700348,70.914133
720575940882155492,"28474,3736,989",720575940873510206,"31190,3277,663",720575940873510206,341.332553
720575940882155492,"28474,3736,989",720575940888148336,"41698,5563,3288",720575940888148336,46.492036
720575940882155492,"28474,3736,989",720575940886558498,"24860,3081,2535",720575940886558498,81.518479
720575940920833705,"25796,2131,2494",720575940868783341,"29320,4453,1733",720575940868783341,989.430069
720575940920833705,"25796,2131,2494",720575940919043399,"24306,3929,1314",720575940919043399,1499.065893
720575940920833705,"25796,2131,2494",720575940905401289,"27344,3514,1565",720575940905401289,497.001842
720575940920833705,"25796,2131,2494",720575940937876909,"22490,3798,2283",720575940937876909,795.455574
720575940920833705,"25796,2131,2494",720575940877168648,"24461,3600,2248",720575940877168648,1171.576360
720575940920833705,"25796,2131,2494",720575940893449483,"30532,4598,1070",720575940893449483,1038.818475
720575940920833705,"25796,2131,2494",720575940902330369,"25384,4074,1605",720575940902330369,1005.862604
720575940920833705,"25796,2131,2494",720575940870691926,"21636,4289,2083",720575940870691926,622.951285
720575940920833705,"25796,2131,2494",720575940905126710,"23751,4351,1605",720575940905126710,800.523832
720575940920833705,"25796,2131,2494",720575940900275170,"27295,4519,1330",720575940900275170,467.257569
720575940920833705,"25796,2131,2494",720575940881834064,"29556,5160,1151",720575940881834064,495.757537
720575940920833705,"25796,2131,2494",720575940920897193,"32485,5455,1334",720575940920897193,663.892698
720575940920833705,"25796,2131,2494",720575940881834320,"44973,7063,1558",720575940881834320,133.108759
720575940920833705,"25796,2131,2494",720575940883912476,"44111,5787,1151",720575940883912476,194.377956
720575940920833705,"25796,2131,2494",720575940881949777,"13153,5700,2154",720575940881949777,482.784570
720575940920833705,"25796,2131,2494",720575940870692182,"24136,3911,1002",720575940870692182,825.601301
720575940920833705,"25796,2131,2494",720575940847595117,"41727,5321,1579",720575940847595117,294.529660
720575940920833705,"25796,2131,2494",720575940881834576,"20994,6297,2199",720575940881834576,33.161155
720575940920833705,"25796,2131,2494",720575940887754056,"37545,5805,202",720575940887754056,202.730347
720575940920833705,"25796,2131,2494",720575940877569847,"28033,3647,860",720575940877569847,346.131411
720575940920833705,"25796,2131,2494",720575940916312157,"17947,3091,2607",720575940916312157,461.867437
720575940920833705,"25796,2131,2494",720575940897166352,"37387,4317,2239",720575940897166352,9.692526
720575940920833705,"25796,2131,2494",720575940888538572,"23742,3073,2451",720575940888538572,315.648755
720575940920833705,"25796,2131,2494",720575940935700348,"22409,3328,2752",720575940935700348,67.476478
720575940920833705,"25796,2131,2494",720575940873510206,"31190,3277,663",720575940873510206,17.842119
720575940920833705,"25796,2131,2494",720575940888148336,"41698,5563,3288",720575940888148336,12.450592
720575940920833705,"25796,2131,2494",720575940886558498,"24860,3081,2535",720575940886558498,55.667535
720575940911411305,"25293,3922,1423",720575940868783341,"29320,4453,1733",720575940868783341,159.932049
720575940911411305,"25293,3922,1423",720575940919043399,"24306,3929,1314",720575940919043399,368.881042
720575940911411305,"25293,3922,1423",720575940905401289,"27344,3514,1565",720575940905401289,151.779050
720575940911411305,"25293,3922,1423",720575940937876909,"22490,3798,2283",720575940937876909,165.950197
720575940911411305,"25293,3922,1423",720575940877168648,"24461,3600,2248",720575940877168648,388.223464
720575940911411305,"25293,3922,1423",720575940893449483,"30532,4598,1070",720575940893449483,288.444073
720575940911411305,"25293,3922,1423",720575940902330369,"25384,4074,1605",720575940902330369,256.896079
720575940911411305,"25293,3922,1423",720575940870691926,"21636,4289,2083",720575940870691926,116.244096
720575940911411305,"25293,3922,1423",720575940905126710,"23751,4351,1605",720575940905126710,276.610605
720575940911411305,"25293,3922,1423",720575940900275170,"27295,4519,1330",720575940900275170,20.575100
720575940911411305,"25293,3922,1423",720575940881834064,"29556,5160,1151",720575940881834064,124.323551
720575940911411305,"25293,3922,1423",720575940920897193,"32485,5455,1334",720575940920897193,54.869829
720575940911411305,"25293,3922,1423",720575940881834320,"44973,7063,1558",720575940881834320,0.000000
720575940911411305,"25293,3922,1423",720575940883912476,"44111,5787,1151",720575940883912476,78.573619
720575940911411305,"25293,3922,1423",720575940881949777,"13153,5700,2154",720575940881949777,226.207320
720575940911411305,"25293,3922,1423",720575940870692182,"24136,3911,1002",720575940870692182,339.558634
720575940911411305,"25293,3922,1423",720575940847595117,"41727,5321,1579",720575940847595117,0.000000
720575940911411305,"25293,3922,1423",720575940881834576,"20994,6297,2199",720575940881834576,0.000000
720575940911411305,"25293,3922,1423",720575940887754056,"37545,5805,202",720575940887754056,12.407512
720575940911411305,"25293,3922,1423",720575940877569847,"28033,3647,860",720575940877569847,15.215055
720575940911411305,"25293,3922,1423",720575940916312157,"17947,3091,2607",720575940916312157,49.729269
720575940911411305,"25293,3922,1423",720575940897166352,"37387,4317,2239",720575940897166352,0.000000
720575940911411305,"25293,3922,1423",720575940888538572,"23742,3073,2451",720575940888538572,46.547738
720575940911411305,"25293,3922,1423",720575940935700348,"22409,3328,2752",720575940935700348,14.827371
720575940911411305,"25293,3922,1423",720575940873510206,"31190,3277,663",720575940873510206,0.000000
720575940911411305,"25293,3922,1423",720575940888148336,"41698,5563,3288",720575940888148336,0.000000
720575940911411305,"25293,3922,1423",720575940886558498,"24860,3081,2535",720575940886558498,0.000000
720575940921986112,"26047,5807,252",720575940868783341,"29320,4453,1733",720575940868783341,1268.576616
720575940921986112,"26047,5807,252",720575940919043399,"24306,3929,1314",720575940919043399,1161.705873
720575940921986112,"26047,5807,252",720575940905401289,"27344,3514,1565",720575940905401289,750.622155
720575940921986112,"26047,5807,252",720575940937876909,"22490,3798,2283",720575940937876909,1154.590524
720575940921986112,"26047,5807,252",720575940877168648,"24461,3600,2248",720575940877168648,1900.828170
720575940921986112,"26047,5807,252",720575940893449483,"30532,4598,1070",720575940893449483,922.104201
720575940921986112,"26047,5807,252",720575940902330369,"25384,4074,1605",720575940902330369,470.997856
720575940921986112,"26047,5807,252",720575940870691926,"21636,4289,2083",720575940870691926,595.428507
720575940921986112,"26047,5807,252",720575940905126710,"23751,4351,1605",720575940905126710,590.414902
720575940921986112,"26047,5807,252",720575940900275170,"27295,4519,1330",720575940900275170,253.275730
720575940921986112,"26047,5807,252",720575940881834064,"29556,5160,1151",720575940881834064,146.830628
720575940921986112,"26047,5807,252",720575940920897193,"32485,5455,1334",720575940920897193,684.580345
720575940921986112,"26047,5807,252",720575940881834320,"44973,7063,1558",720575940881834320,39.933321
720575940921986112,"26047,5807,252",720575940883912476,"44111,5787,1151",720575940883912476,188.628380
720575940921986112,"26047,5807,252",720575940881949777,"13153,5700,2154",720575940881949777,313.858878
720575940921986112,"26047,5807,252",720575940870692182,"24136,3911,1002",720575940870692182,468.807005
720575940921986112,"26047,5807,252",720575940847595117,"41727,5321,1579",720575940847595117,88.061163
720575940921986112,"26047,5807,252",720575940881834576,"20994,6297,2199",720575940881834576,97.530224
720575940921986112,"26047,5807,252",720575940887754056,"37545,5805,202",720575940887754056,93.360136
720575940921986112,"26047,5807,252",720575940877569847,"28033,3647,860",720575940877569847,269.567296
720575940921986112,"26047,5807,252",720575940916312157,"17947,3091,2607",720575940916312157,765.980696
720575940921986112,"26047,5807,252",720575940897166352,"37387,4317,2239",720575940897166352,0.000000
720575940921986112,"26047,5807,252",720575940888538572,"23742,3073,2451",720575940888538572,742.702458
720575940921986112,"26047,5807,252",720575940935700348,"22409,3328,2752",720575940935700348,307.954076
720575940921986112,"26047,5807,252",720575940873510206,"31190,3277,663",720575940873510206,142.411480
720575940921986112,"26047,5807,252",720575940888148336,"41698,5563,3288",720575940888148336,59.155064
720575940921986112,"26047,5807,252",720575940886558498,"24860,3081,2535",720575940886558498,275.884107
720575940915967584,"23721,3896,2113",720575940868783341,"29320,4453,1733",720575940868783341,2120.146047
720575940915967584,"23721,3896,2113",720575940919043399,"24306,3929,1314",720575940919043399,1069.809290
720575940915967584,"23721,3896,2113",720575940905401289,"27344,3514,1565",720575940905401289,1015.504589
720575940915967584,"23721,3896,2113",720575940937876909,"22490,3798,2283",720575940937876909,1467.406411
720575940915967584,"23721,3896,2113",720575940877168648,"24461,3600,2248",720575940877168648,1825.939146
720575940915967584,"23721,3896,2113",720575940893449483,"30532,4598,1070",720575940893449483,1134.443475
720575940915967584,"23721,3896,2113",720575940902330369,"25384,4074,1605",720575940902330369,742.314088
720575940915967584,"23721,3896,2113",720575940870691926,"21636,4289,2083",720575940870691926,824.005497
720575940915967584,"23721,3896,2113",720575940905126710,"23751,4351,1605",720575940905126710,833.300956
720575940915967584,"23721,3896,2113",720575940900275170,"27295,4519,1330",720575940900275170,664.283968
720575940915967584,"23721,3896,2113",720575940881834064,"29556,5160,1151",720575940881834064,274.778515
720575940915967584,"23721,3896,2113",720575940920897193,"32485,5455,1334",720575940920897193,592.686121
720575940915967584,"23721,3896,2113",720575940881834320,"44973,7063,1558",720575940881834320,118.767563
720575940915967584,"23721,3896,2113",720575940883912476,"44111,5787,1151",720575940883912476,386.265024
720575940915967584,"23721,3896,2113",720575940881949777,"13153,5700,2154",720575940881949777,524.170268
720575940915967584,"23721,3896,2113",720575940870692182,"24136,3911,1002",720575940870692182,565.529302
720575940915967584,"23721,3896,2113",720575940847595117,"41727,5321,1579",720575940847595117,462.249446
720575940915967584,"23721,3896,2113",720575940881834576,"20994,6297,2199",720575940881834576,97.331630
720575940915967584,"23721,3896,2113",720575940887754056,"37545,5805,202",720575940887754056,36.733899
720575940915967584,"23721,3896,2113",720575940877569847,"28033,3647,860",720575940877569847,263.538293
720575940915967584,"23721,3896,2113",720575940916312157,"17947,3091,2607",720575940916312157,469.016060
720575940915967584,"23721,3896,2113",720575940897166352,"37387,4317,2239",720575940897166352,3.446642
720575940915967584,"23721,3896,2113",720575940888538572,"23742,3073,2451",720575940888538572,556.348480
720575940915967584,"23721,3896,2113",720575940935700348,"22409,3328,2752",720575940935700348,330.971009
720575940915967584,"23721,3896,2113",720575940873510206,"31190,3277,663",720575940873510206,56.327257
720575940915967584,"23721,3896,2113",720575940888148336,"41698,5563,3288",720575940888148336,39.258267
720575940915967584,"23721,3896,2113",720575940886558498,"24860,3081,2535",720575940886558498,319.871435
720575940901960430,"22857,3626,2112",720575940868783341,"29320,4453,1733",720575940868783341,1508.612898
720575940901960430,"22857,3626,2112",720575940919043399,"24306,3929,1314",720575940919043399,998.489715
720575940901960430,"22857,3626,2112",720575940905401289,"27344,3514,1565",720575940905401289,785.284182
720575940901960430,"22857,3626,2112",720575940937876909,"22490,3798,2283",720575940937876909,1375.313693
720575940901960430,"22857,3626,2112",720575940877168648,"24461,3600,2248",720575940877168648,1684.603008
720575940901960430,"22857,3626,2112",720575940893449483,"30532,4598,1070",720575940893449483,789.560936
720575940901960430,"22857,3626,2112",720575940902330369,"25384,4074,1605",720575940902330369,166.895672
720575940901960430,"22857,3626,2112",720575940870691926,"21636,4289,2083",720575940870691926,581.664660
720575940901960430,"22857,3626,2112",720575940905126710,"23751,4351,1605",720575940905126710,415.489734
720575940901960430,"22857,3626,2112",720575940900275170,"27295,4519,1330",720575940900275170,380.222935
720575940901960430,"22857,3626,2112",720575940881834064,"29556,5160,1151",720575940881834064,95.920634
720575940901960430,"22857,3626,2112",720575940920897193,"32485,5455,1334",720575940920897193,393.716309
720575940901960430,"22857,3626,2112",720575940881834320,"44973,7063,1558",720575940881834320,10.637304
720575940901960430,"22857,3626,2112",720575940883912476,"44111,5787,1151",720575940883912476,133.356030
720575940901960430,"22857,3626,2112",720575940881949777,"13153,5700,2154",720575940881949777,336.023392
720575940901960430,"22857,3626,2112",720575940870692182,"24136,3911,1002",720575940870692182,318.132628
720575940901960430,"22857,3626,2112",720575940847595117,"41727,5321,1579",720575940847595117,88.554818
720575940901960430,"22857,3626,2112",720575940881834576,"20994,6297,2199",720575940881834576,16.960305
720575940901960430,"22857,3626,2112",720575940887754056,"37545,5805,202",720575940887754056,3.879201
720575940901960430,"22857,3626,2112",720575940877569847,"28033,3647,860",720575940877569847,278.637372
720575940901960430,"22857,3626,2112",720575940916312157,"17947,3091,2607",720575940916312157,906.928490
720575940901960430,"22857,3626,2112",720575940897166352,"37387,4317,2239",720575940897166352,36.166675
720575940901960430,"22857,3626,2112",720575940888538572,"23742,3073,2451",720575940888538572,1154.737782
720575940901960430,"22857,3626,2112",720575940935700348,"22409,3328,2752",720575940935700348,487.448889
720575940901960430,"22857,3626,2112",720575940873510206,"31190,3277,663",720575940873510206,156.065339
720575940901960430,"22857,3626,2112",720575940888148336,"41698,5563,3288",720575940888148336,57.825077
720575940901960430,"22857,3626,2112",720575940886558498,"24860,3081,2535",720575940886558498,465.435519
720575940889728101,"21249,3777,2262",720575940868783341,"29320,4453,1733",720575940868783341,1385.283624
720575940889728101,"21249,3777,2262",720575940919043399,"24306,3929,1314",720575940919043399,860.632747
720575940889728101,"21249,3777,2262",720575940905401289,"27344,3514,1565",720575940905401289,797.138676
720575940889728101,"21249,3777,2262",720575940937876909,"22490,3798,2283",720575940937876909,1203.640101
720575940889728101,"21249,3777,2262",720575940877168648,"24461,3600,2248",720575940877168648,1591.041772
720575940889728101,"21249,3777,2262",720575940893449483,"30532,4598,1070",720575940893449483,807.724451
720575940889728101,"21249,3777,2262",720575940902330369,"25384,4074,1605",720575940902330369,165.118034
720575940889728101,"21249,3777,2262",720575940870691926,"21636,4289,2083",720575940870691926,636.000870
720575940889728101,"21249,3777,2262",720575940905126710,"23751,4351,1605",720575940905126710,217.522015
720575940889728101,"21249,3777,2262",720575940900275170,"27295,4519,1330",720575940900275170,233.561145
720575940889728101,"21249,3777,2262",720575940881834064,"29556,5160,1151",720575940881834064,121.258095
720575940889728101,"21249,3777,2262",720575940920897193,"32485,5455,1334",720575940920897193,427.630291
720575940889728101,"21249,3777,2262",720575940881834320,"44973,7063,1558",720575940881834320,57.133968
720575940889728101,"21249,3777,2262",720575940883912476,"44111,5787,1151",720575940883912476,255.710874
720575940889728101,"21249,3777,2262",720575940881949777,"13153,5700,2154",720575940881949777,325.042823
720575940889728101,"21249,3777,2262",720575940870692182,"24136,3911,1002",720575940870692182,252.401852
720575940889728101,"21249,3777,2262",720575940847595117,"41727,5321,1579",720575940847595117,222.305836
720575940889728101,"21249,3777,2262",720575940881834576,"20994,6297,2199",720575940881834576,37.817885
720575940889728101,"21249,3777,2262",720575940887754056,"37545,5805,202",720575940887754056,7.598961
720575940889728101,"21249,3777,2262",720575940877569847,"28033,3647,860",720575940877569847,116.806079
720575940889728101,"21249,3777,2262",720575940916312157,"17947,3091,2607",720575940916312157,390.967935
720575940889728101,"21249,3777,2262",720575940897166352,"37387,4317,2239",720575940897166352,14.256726
720575940889728101,"21249,3777,2262",720575940888538572,"23742,3073,2451",720575940888538572,484.659065
720575940889728101,"21249,3777,2262",720575940935700348,"22409,3328,2752",720575940935700348,169.731835
720575940889728101,"21249,3777,2262",720575940873510206,"31190,3277,663",720575940873510206,60.012079
720575940889728101,"21249,3777,2262",720575940888148336,"41698,5563,3288",720575940888148336,46.685702
720575940889728101,"21249,3777,2262",720575940886558498,"24860,3081,2535",720575940886558498,213.093418
720575940864403212,"30810,3882,1199",720575940868783341,"29320,4453,1733",720575940868783341,549.110837
720575940864403212,"30810,3882,1199",720575940919043399,"24306,3929,1314",720575940919043399,1066.998894
720575940864403212,"30810,3882,1199",720575940905401289,"27344,3514,1565",720575940905401289,836.416298
720575940864403212,"30810,3882,1199",720575940937876909,"22490,3798,2283",720575940937876909,453.802119
720575940864403212,"30810,3882,1199",720575940877168648,"24461,3600,2248",720575940877168648,750.922588
720575940864403212,"30810,3882,1199",720575940893449483,"30532,4598,1070",720575940893449483,587.777824
720575940864403212,"30810,3882,1199",720575940902330369,"25384,4074,1605",720575940902330369,833.013286
720575940864403212,"30810,3882,1199",720575940870691926,"21636,4289,2083",720575940870691926,22.627291
720575940864403212,"30810,3882,1199",720575940905126710,"23751,4351,1605",720575940905126710,294.195360
720575940864403212,"30810,3882,1199",720575940900275170,"27295,4519,1330",720575940900275170,485.435806
720575940864403212,"30810,3882,1199",720575940881834064,"29556,5160,1151",720575940881834064,383.553793
720575940864403212,"30810,3882,1199",720575940920897193,"32485,5455,1334",720575940920897193,390.855178
720575940864403212,"30810,3882,1199",720575940881834320,"44973,7063,1558",720575940881834320,18.444637
720575940864403212,"30810,3882,1199",720575940883912476,"44111,5787,1151",720575940883912476,66.135242
720575940864403212,"30810,3882,1199",720575940881949777,"13153,5700,2154",720575940881949777,252.658036
720575940864403212,"30810,3882,1199",720575940870692182,"24136,3911,1002",720575940870692182,427.249597
720575940864403212,"30810,3882,1199",720575940847595117,"41727,5321,1579",720575940847595117,0.000000
720575940864403212,"30810,3882,1199",720575940881834576,"20994,6297,2199",720575940881834576,0.000000
720575940864403212,"30810,3882,1199",720575940887754056,"37545,5805,202",720575940887754056,536.216042
720575940864403212,"30810,3882,1199",720575940877569847,"28033,3647,860",720575940877569847,764.344477
720575940864403212,"30810,3882,1199",720575940916312157,"17947,3091,2607",720575940916312157,170.494086
720575940864403212,"30810,3882,1199",720575940897166352,"37387,4317,2239",720575940897166352,0.000000
720575940864403212,"30810,3882,1199",720575940888538572,"23742,3073,2451",720575940888538572,466.665487
720575940864403212,"30810,3882,1199",720575940935700348,"22409,3328,2752",720575940935700348,51.516339
720575940864403212,"30810,3882,1199",720575940873510206,"31190,3277,663",720575940873510206,315.227429
720575940864403212,"30810,3882,1199",720575940888148336,"41698,5563,3288",720575940888148336,34.851850
720575940864403212,"30810,3882,1199",720575940886558498,"24860,3081,2535",720575940886558498,39.729192
720575940915217983,"31305,3893,1498",720575940868783341,"29320,4453,1733",720575940868783341,1417.851887
720575940915217983,"31305,3893,1498",720575940919043399,"24306,3929,1314",720575940919043399,1048.244916
720575940915217983,"31305,3893,1498",720575940905401289,"27344,3514,1565",720575940905401289,1449.879867
720575940915217983,"31305,3893,1498",720575940937876909,"22490,3798,2283",720575940937876909,584.335642
720575940915217983,"31305,3893,1498",720575940877168648,"24461,3600,2248",720575940877168648,1177.850823
720575940915217983,"31305,3893,1498",720575940893449483,"30532,4598,1070",720575940893449483,755.961765
720575940915217983,"31305,3893,1498",720575940902330369,"25384,4074,1605",720575940902330369,1159.031730
720575940915217983,"31305,3893,1498",720575940870691926,"21636,4289,2083",720575940870691926,442.964141
720575940915217983,"31305,3893,1498",720575940905126710,"23751,4351,1605",720575940905126710,998.004742
720575940915217983,"31305,3893,1498",720575940900275170,"27295,4519,1330",720575940900275170,1560.876867
720575940915217983,"31305,3893,1498",720575940881834064,"29556,5160,1151",720575940881834064,544.278754
720575940915217983,"31305,3893,1498",720575940920897193,"32485,5455,1334",720575940920897193,959.367587
720575940915217983,"31305,3893,1498",720575940881834320,"44973,7063,1558",720575940881834320,34.549484
720575940915217983,"31305,3893,1498",720575940883912476,"44111,5787,1151",720575940883912476,144.524539
720575940915217983,"31305,3893,1498",720575940881949777,"13153,5700,2154",720575940881949777,434.682125
720575940915217983,"31305,3893,1498",720575940870692182,"24136,3911,1002",720575940870692182,713.893338
720575940915217983,"31305,3893,1498",720575940847595117,"41727,5321,1579",720575940847595117,315.158317
720575940915217983,"31305,3893,1498",720575940881834576,"20994,6297,2199",720575940881834576,40.079125
720575940915217983,"31305,3893,1498",720575940887754056,"37545,5805,202",720575940887754056,764.805095
720575940915217983,"31305,3893,1498",720575940877569847,"28033,3647,860",720575940877569847,645.289187
720575940915217983,"31305,3893,1498",720575940916312157,"17947,3091,2607",720575940916312157,93.131346
720575940915217983,"31305,3893,1498",720575940897166352,"37387,4317,2239",720575940897166352,185.046576
720575940915217983,"31305,3893,1498",720575940888538572,"23742,3073,2451",720575940888538572,630.090909
720575940915217983,"31305,3893,1498",720575940935700348,"22409,3328,2752",720575940935700348,8.695086
720575940915217983,"31305,3893,1498",720575940873510206,"31190,3277,663",720575940873510206,126.265066
720575940915217983,"31305,3893,1498",720575940888148336,"41698,5563,3288",720575940888148336,48.115066
720575940915217983,"31305,3893,1498",720575940886558498,"24860,3081,2535",720575940886558498,18.135073
720575940927208416,"26539,3772,1513",720575940868783341,"29320,4453,1733",720575940868783341,483.652547
720575940927208416,"26539,3772,1513",720575940919043399,"24306,3929,1314",720575940919043399,1397.434831
720575940927208416,"26539,3772,1513",720575940905401289,"27344,3514,1565",720575940905401289,748.125405
720575940927208416,"26539,3772,1513",720575940937876909,"22490,3798,2283",720575940937876909,607.579046
720575940927208416,"26539,3772,1513",720575940877168648,"24461,3600,2248",720575940877168648,1142.527976
720575940927208416,"26539,3772,1513",720575940893449483,"30532,4598,1070",720575940893449483,837.848118
720575940927208416,"26539,3772,1513",720575940902330369,"25384,4074,1605",720575940902330369,1138.581405
720575940927208416,"26539,3772,1513",720575940870691926,"21636,4289,2083",720575940870691926,393.215906
720575940927208416,"26539,3772,1513",720575940905126710,"23751,4351,1605",720575940905126710,797.600720
720575940927208416,"26539,3772,1513",720575940900275170,"27295,4519,1330",720575940900275170,516.629690
720575940927208416,"26539,3772,1513",720575940881834064,"29556,5160,1151",720575940881834064,902.692534
720575940927208416,"26539,3772,1513",720575940920897193,"32485,5455,1334",720575940920897193,600.726471
720575940927208416,"26539,3772,1513",720575940881834320,"44973,7063,1558",720575940881834320,69.171211
720575940927208416,"26539,3772,1513",720575940883912476,"44111,5787,1151",720575940883912476,257.432809
720575940927208416,"26539,3772,1513",720575940881949777,"13153,5700,2154",720575940881949777,622.907304
720575940927208416,"26539,3772,1513",720575940870692182,"24136,3911,1002",720575940870692182,985.579129
720575940927208416,"26539,3772,1513",720575940847595117,"41727,5321,1579",720575940847595117,260.109553
720575940927208416,"26539,3772,1513",720575940881834576,"20994,6297,2199",720575940881834576,21.232030
720575940927208416,"26539,3772,1513",720575940887754056,"37545,5805,202",720575940887754056,418.127302
720575940927208416,"26539,3772,1513",720575940877569847,"28033,3647,860",720575940877569847,888.862551
720575940927208416,"26539,3772,1513",720575940916312157,"17947,3091,2607",720575940916312157,464.150629
720575940927208416,"26539,3772,1513",720575940897166352,"37387,4317,2239",720575940897166352,0.000000
720575940927208416,"26539,3772,1513",720575940888538572,"23742,3073,2451",720575940888538572,517.961428
720575940927208416,"26539,3772,1513",720575940935700348,"22409,3328,2752",720575940935700348,151.754729
720575940927208416,"26539,3772,1513",720575940873510206,"31190,3277,663",720575940873510206,202.874880
720575940927208416,"26539,3772,1513",720575940888148336,"41698,5563,3288",720575940888148336,36.160246
720575940927208416,"26539,3772,1513",720575940886558498,"24860,3081,2535",720575940886558498,102.815174
720575940941089388,"27967,3954,1442",720575940868783341,"29320,4453,1733",720575940868783341,1447.012988
720575940941089388,"27967,3954,1442",720575940919043399,"24306,3929,1314",720575940919043399,1518.785626
720575940941089388,"27967,3954,1442",720575940905401289,"27344,3514,1565",720575940905401289,1108.873015
720575940941089388,"27967,3954,1442",720575940937876909,"22490,3798,2283",720575940937876909,1372.912363
720575940941089388,"27967,3954,1442",720575940877168648,"24461,3600,2248",720575940877168648,1611.831508
720575940941089388,"27967,3954,1442",720575940893449483,"30532,4598,1070",720575940893449483,1492.961484
720575940941089388,"27967,3954,1442",720575940902330369,"25384,4074,1605",720575940902330369,1321.966073
720575940941089388,"27967,3954,1442",720575940870691926,"21636,4289,2083",720575940870691926,846.427011
720575940941089388,"27967,3954,1442",720575940905126710,"23751,4351,1605",720575940905126710,1070.370542
720575940941089388,"27967,3954,1442",720575940900275170,"27295,4519,1330",720575940900275170,1071.323834
720575940941089388,"27967,3954,1442",720575940881834064,"29556,5160,1151",720575940881834064,730.260200
720575940941089388,"27967,3954,1442",720575940920897193,"32485,5455,1334",720575940920897193,1144.071188
720575940941089388,"27967,3954,1442",720575940881834320,"44973,7063,1558",720575940881834320,120.913378
720575940941089388,"27967,3954,1442",720575940883912476,"44111,5787,1151",720575940883912476,277.851641
720575940941089388,"27967,3954,1442",720575940881949777,"13153,5700,2154",720575940881949777,529.996035
720575940941089388,"27967,3954,1442",720575940870692182,"24136,3911,1002",720575940870692182,826.846493
720575940941089388,"27967,3954,1442",720575940847595117,"41727,5321,1579",720575940847595117,385.772363
720575940941089388,"27967,3954,1442",720575940881834576,"20994,6297,2199",720575940881834576,37.782994
720575940941089388,"27967,3954,1442",720575940887754056,"37545,5805,202",720575940887754056,259.140013
720575940941089388,"27967,3954,1442",720575940877569847,"28033,3647,860",720575940877569847,371.972137
720575940941089388,"27967,3954,1442",720575940916312157,"17947,3091,2607",720575940916312157,192.632294
720575940941089388,"27967,3954,1442",720575940897166352,"37387,4317,2239",720575940897166352,0.000000
720575940941089388,"27967,3954,1442",720575940888538572,"23742,3073,2451",720575940888538572,651.950632
720575940941089388,"27967,3954,1442",720575940935700348,"22409,3328,2752",720575940935700348,146.583760
720575940941089388,"27967,3954,1442",720575940873510206,"31190,3277,663",720575940873510206,75.585795
720575940941089388,"27967,3954,1442",720575940888148336,"41698,5563,3288",720575940888148336,11.682460
720575940941089388,"27967,3954,1442",720575940886558498,"24860,3081,2535",720575940886558498,114.181786
720575940864403724,"33662,4397,1063",720575940868783341,"29320,4453,1733",720575940868783341,559.945080
720575940864403724,"33662,4397,1063",720575940919043399,"24306,3929,1314",720575940919043399,552.291640
720575940864403724,"33662,4397,1063",720575940905401289,"27344,3514,1565",720575940905401289,1098.429066
720575940864403724,"33662,4397,1063",720575940937876909,"22490,3798,2283",720575940937876909,424.089809
720575940864403724,"33662,4397,1063",720575940877168648,"24461,3600,2248",720575940877168648,675.249999
720575940864403724,"33662,4397,1063",720575940893449483,"30532,4598,1070",720575940893449483,329.540125
720575940864403724,"33662,4397,1063",720575940902330369,"25384,4074,1605",720575940902330369,398.825517
720575940864403724,"33662,4397,1063",720575940870691926,"21636,4289,2083",720575940870691926,0.000000
720575940864403724,"33662,4397,1063",720575940905126710,"23751,4351,1605",720575940905126710,356.172033
720575940864403724,"33662,4397,1063",720575940900275170,"27295,4519,1330",720575940900275170,987.040807
720575940864403724,"33662,4397,1063",720575940881834064,"29556,5160,1151",720575940881834064,240.311234
720575940864403724,"33662,4397,1063",720575940920897193,"32485,5455,1334",720575940920897193,322.913853
720575940864403724,"33662,4397,1063",720575940881834320,"44973,7063,1558",720575940881834320,0.000000
720575940864403724,"33662,4397,1063",720575940883912476,"44111,5787,1151",720575940883912476,62.455421
720575940864403724,"33662,4397,1063",720575940881949777,"13153,5700,2154",720575940881949777,164.229400
720575940864403724,"33662,4397,1063",720575940870692182,"24136,3911,1002",720575940870692182,262.574548
720575940864403724,"33662,4397,1063",720575940847595117,"41727,5321,1579",720575940847595117,74.867441
720575940864403724,"33662,4397,1063",720575940881834576,"20994,6297,2199",720575940881834576,12.032206
720575940864403724,"33662,4397,1063",720575940887754056,"37545,5805,202",720575940887754056,597.117615
720575940864403724,"33662,4397,1063",720575940877569847,"28033,3647,860",720575940877569847,563.121895
720575940864403724,"33662,4397,1063",720575940916312157,"17947,3091,2607",720575940916312157,90.116851
720575940864403724,"33662,4397,1063",720575940897166352,"37387,4317,2239",720575940897166352,55.058021
720575940864403724,"33662,4397,1063",720575940888538572,"23742,3073,2451",720575940888538572,426.060163
720575940864403724,"33662,4397,1063",720575940935700348,"22409,3328,2752",720575940935700348,0.000000
720575940864403724,"33662,4397,1063",720575940873510206,"31190,3277,663",720575940873510206,256.863333
720575940864403724,"33662,4397,1063",720575940888148336,"41698,5563,3288",720575940888148336,15.671753
720575940864403724,"33662,4397,1063",720575940886558498,"24860,3081,2535",720575940886558498,0.000000
720575940899256770,"29129,3886,1545",720575940868783341,"29320,4453,1733",720575940868783341,1348.192975
720575940899256770,"29129,3886,1545",720575940919043399,"24306,3929,1314",720575940919043399,1556.442251
720575940899256770,"29129,3886,1545",720575940905401289,"27344,3514,1565",720575940905401289,1588.121552
720575940899256770,"29129,3886,1545",720575940937876909,"22490,3798,2283",720575940937876909,1211.919593
720575940899256770,"29129,3886,1545",720575940877168648,"24461,3600,2248",720575940877168648,1687.573307
720575940899256770,"29129,3886,1545",720575940893449483,"30532,4598,1070",720575940893449483,1316.312950
720575940899256770,"29129,3886,1545",720575940902330369,"25384,4074,1605",720575940902330369,1033.282381
720575940899256770,"29129,3886,1545",720575940870691926,"21636,4289,2083",720575940870691926,470.302720
720575940899256770,"29129,3886,1545",720575940905126710,"23751,4351,1605",720575940905126710,955.880911
720575940899256770,"29129,3886,1545",720575940900275170,"27295,4519,1330",720575940900275170,839.958052
720575940899256770,"29129,3886,1545",720575940881834064,"29556,5160,1151",720575940881834064,644.823569
720575940899256770,"29129,3886,1545",720575940920897193,"32485,5455,1334",720575940920897193,778.511418
720575940899256770,"29129,3886,1545",720575940881834320,"44973,7063,1558",720575940881834320,0.000000
720575940899256770,"29129,3886,1545",720575940883912476,"44111,5787,1151",720575940883912476,315.232470
720575940899256770,"29129,3886,1545",720575940881949777,"13153,5700,2154",720575940881949777,446.942380
720575940899256770,"29129,3886,1545",720575940870692182,"24136,3911,1002",720575940870692182,859.746755
720575940899256770,"29129,3886,1545",720575940847595117,"41727,5321,1579",720575940847595117,91.854452
720575940899256770,"29129,3886,1545",720575940881834576,"20994,6297,2199",720575940881834576,47.303595
720575940899256770,"29129,3886,1545",720575940887754056,"37545,5805,202",720575940887754056,392.308033
720575940899256770,"29129,3886,1545",720575940877569847,"28033,3647,860",720575940877569847,1185.667493
720575940899256770,"29129,3886,1545",720575940916312157,"17947,3091,2607",720575940916312157,248.486293
720575940899256770,"29129,3886,1545",720575940897166352,"37387,4317,2239",720575940897166352,36.238962
720575940899256770,"29129,3886,1545",720575940888538572,"23742,3073,2451",720575940888538572,630.545512
720575940899256770,"29129,3886,1545",720575940935700348,"22409,3328,2752",720575940935700348,40.434750
720575940899256770,"29129,3886,1545",720575940873510206,"31190,3277,663",720575940873510206,202.830705
720575940899256770,"29129,3886,1545",720575940888148336,"41698,5563,3288",720575940888148336,12.450592
720575940899256770,"29129,3886,1545",720575940886558498,"24860,3081,2535",720575940886558498,54.779984
720575940893386005,"26493,3984,1521",720575940868783341,"29320,4453,1733",720575940868783341,487.622273
720575940893386005,"26493,3984,1521",720575940919043399,"24306,3929,1314",720575940919043399,626.540515
720575940893386005,"26493,3984,1521",720575940905401289,"27344,3514,1565",720575940905401289,560.340788
720575940893386005,"26493,3984,1521",720575940937876909,"22490,3798,2283",720575940937876909,471.139772
720575940893386005,"26493,3984,1521",720575940877168648,"24461,3600,2248",720575940877168648,782.507329
720575940893386005,"26493,3984,1521",720575940893449483,"30532,4598,1070",720575940893449483,757.121080
720575940893386005,"26493,3984,1521",720575940902330369,"25384,4074,1605",720575940902330369,425.731771
720575940893386005,"26493,3984,1521",720575940870691926,"21636,4289,2083",720575940870691926,242.495716
720575940893386005,"26493,3984,1521",720575940905126710,"23751,4351,1605",720575940905126710,464.418180
720575940893386005,"26493,3984,1521",720575940900275170,"27295,4519,1330",720575940900275170,339.337113
720575940893386005,"26493,3984,1521",720575940881834064,"29556,5160,1151",720575940881834064,304.821738
720575940893386005,"26493,3984,1521",720575940920897193,"32485,5455,1334",720575940920897193,374.613254
720575940893386005,"26493,3984,1521",720575940881834320,"44973,7063,1558",720575940881834320,3.951178
720575940893386005,"26493,3984,1521",720575940883912476,"44111,5787,1151",720575940883912476,150.657778
720575940893386005,"26493,3984,1521",720575940881949777,"13153,5700,2154",720575940881949777,158.547592
720575940893386005,"26493,3984,1521",720575940870692182,"24136,3911,1002",720575940870692182,385.886968
720575940893386005,"26493,3984,1521",720575940847595117,"41727,5321,1579",720575940847595117,0.000000
720575940893386005,"26493,3984,1521",720575940881834576,"20994,6297,2199",720575940881834576,0.000000
720575940893386005,"26493,3984,1521",720575940887754056,"37545,5805,202",720575940887754056,58.442270
720575940893386005,"26493,3984,1521",720575940877569847,"28033,3647,860",720575940877569847,277.003017
720575940893386005,"26493,3984,1521",720575940916312157,"17947,3091,2607",720575940916312157,24.424287
720575940893386005,"26493,3984,1521",720575940897166352,"37387,4317,2239",720575940897166352,0.000000
720575940893386005,"26493,3984,1521",720575940888538572,"23742,3073,2451",720575940888538572,285.951928
720575940893386005,"26493,3984,1521",720575940935700348,"22409,3328,2752",720575940935700348,54.263187
720575940893386005,"26493,3984,1521",720575940873510206,"31190,3277,663",720575940873510206,67.032315
720575940893386005,"26493,3984,1521",720575940888148336,"41698,5563,3288",720575940888148336,26.787760
720575940893386005,"26493,3984,1521",720575940886558498,"24860,3081,2535",720575940886558498,0.000000
720575940921992256,"22284,3720,1940",720575940868783341,"29320,4453,1733",720575940868783341,627.107887
720575940921992256,"22284,3720,1940",720575940919043399,"24306,3929,1314",720575940919043399,1122.001251
720575940921992256,"22284,3720,1940",720575940905401289,"27344,3514,1565",720575940905401289,283.562806
720575940921992256,"22284,3720,1940",720575940937876909,"22490,3798,2283",720575940937876909,453.008959
720575940921992256,"22284,3720,1940",720575940877168648,"24461,3600,2248",720575940877168648,918.044666
720575940921992256,"22284,3720,1940",720575940893449483,"30532,4598,1070",720575940893449483,966.431151
720575940921992256,"22284,3720,1940",720575940902330369,"25384,4074,1605",720575940902330369,570.637392
720575940921992256,"22284,3720,1940",720575940870691926,"21636,4289,2083",720575940870691926,378.713216
720575940921992256,"22284,3720,1940",720575940905126710,"23751,4351,1605",720575940905126710,575.002301
720575940921992256,"22284,3720,1940",720575940900275170,"27295,4519,1330",720575940900275170,342.463267
720575940921992256,"22284,3720,1940",720575940881834064,"29556,5160,1151",720575940881834064,235.491219
720575940921992256,"22284,3720,1940",720575940920897193,"32485,5455,1334",720575940920897193,460.613092
720575940921992256,"22284,3720,1940",720575940881834320,"44973,7063,1558",720575940881834320,50.830394
720575940921992256,"22284,3720,1940",720575940883912476,"44111,5787,1151",720575940883912476,82.943222
720575940921992256,"22284,3720,1940",720575940881949777,"13153,5700,2154",720575940881949777,317.692069
720575940921992256,"22284,3720,1940",720575940870692182,"24136,3911,1002",720575940870692182,429.178846
720575940921992256,"22284,3720,1940",720575940847595117,"41727,5321,1579",720575940847595117,0.000000
720575940921992256,"22284,3720,1940",720575940881834576,"20994,6297,2199",720575940881834576,46.000717
720575940921992256,"22284,3720,1940",720575940887754056,"37545,5805,202",720575940887754056,61.153258
720575940921992256,"22284,3720,1940",720575940877569847,"28033,3647,860",720575940877569847,268.324199
720575940921992256,"22284,3720,1940",720575940916312157,"17947,3091,2607",720575940916312157,343.884340
720575940921992256,"22284,3720,1940",720575940897166352,"37387,4317,2239",720575940897166352,0.000000
720575940921992256,"22284,3720,1940",720575940888538572,"23742,3073,2451",720575940888538572,147.441107
720575940921992256,"22284,3720,1940",720575940935700348,"22409,3328,2752",720575940935700348,66.039076
720575940921992256,"22284,3720,1940",720575940873510206,"31190,3277,663",720575940873510206,26.387797
720575940921992256,"22284,3720,1940",720575940888148336,"41698,5563,3288",720575940888148336,12.450592
720575940921992256,"22284,3720,1940",720575940886558498,"24860,3081,2535",720575940886558498,21.226507
720575940892615796,"22563,3720,2410",720575940868783341,"29320,4453,1733",720575940868783341,839.014935
720575940892615796,"22563,3720,2410",720575940919043399,"24306,3929,1314",720575940919043399,545.919540
720575940892615796,"22563,3720,2410",720575940905401289,"27344,3514,1565",720575940905401289,433.290758
720575940892615796,"22563,3720,2410",720575940937876909,"22490,3798,2283",720575940937876909,792.764688
720575940892615796,"22563,3720,2410",720575940877168648,"24461,3600,2248",720575940877168648,645.873242
720575940892615796,"22563,3720,2410",720575940893449483,"30532,4598,1070",720575940893449483,452.635866
720575940892615796,"22563,3720,2410",720575940902330369,"25384,4074,1605",720575940902330369,103.540137
720575940892615796,"22563,3720,2410",720575940870691926,"21636,4289,2083",720575940870691926,304.827724
720575940892615796,"22563,3720,2410",720575940905126710,"23751,4351,1605",720575940905126710,235.481478
720575940892615796,"22563,3720,2410",720575940900275170,"27295,4519,1330",720575940900275170,185.029409
720575940892615796,"22563,3720,2410",720575940881834064,"29556,5160,1151",720575940881834064,89.183355
720575940892615796,"22563,3720,2410",720575940920897193,"32485,5455,1334",720575940920897193,320.410286
720575940892615796,"22563,3720,2410",720575940881834320,"44973,7063,1558",720575940881834320,8.154316
720575940892615796,"22563,3720,2410",720575940883912476,"44111,5787,1151",720575940883912476,103.001702
720575940892615796,"22563,3720,2410",720575940881949777,"13153,5700,2154",720575940881949777,229.243474
720575940892615796,"22563,3720,2410",720575940870692182,"24136,3911,1002",720575940870692182,116.446466
720575940892615796,"22563,3720,2410",720575940847595117,"41727,5321,1579",720575940847595117,85.558961
720575940892615796,"22563,3720,2410",720575940881834576,"20994,6297,2199",720575940881834576,79.502640
720575940892615796,"22563,3720,2410",720575940887754056,"37545,5805,202",720575940887754056,0.000000
720575940892615796,"22563,3720,2410",720575940877569847,"28033,3647,860",720575940877569847,7.978638
720575940892615796,"22563,3720,2410",720575940916312157,"17947,3091,2607",720575940916312157,199.746774
720575940892615796,"22563,3720,2410",720575940897166352,"37387,4317,2239",720575940897166352,0.000000
720575940892615796,"22563,3720,2410",720575940888538572,"23742,3073,2451",720575940888538572,529.441705
720575940892615796,"22563,3720,2410",720575940935700348,"22409,3328,2752",720575940935700348,250.369154
720575940892615796,"22563,3720,2410",720575940873510206,"31190,3277,663",720575940873510206,81.379107
720575940892615796,"22563,3720,2410",720575940888148336,"41698,5563,3288",720575940888148336,28.004897
720575940892615796,"22563,3720,2410",720575940886558498,"24860,3081,2535",720575940886558498,94.312107
720575940884728634,"30123,3858,1792",720575940868783341,"29320,4453,1733",720575940868783341,1104.603260
720575940884728634,"30123,3858,1792",720575940919043399,"24306,3929,1314",720575940919043399,549.803752
720575940884728634,"30123,3858,1792",720575940905401289,"27344,3514,1565",720575940905401289,962.511895
720575940884728634,"30123,3858,1792",720575940937876909,"22490,3798,2283",720575940937876909,671.238919
720575940884728634,"30123,3858,1792",720575940877168648,"24461,3600,2248",720575940877168648,917.158972
720575940884728634,"30123,3858,1792",720575940893449483,"30532,4598,1070",720575940893449483,684.873536
720575940884728634,"30123,3858,1792",720575940902330369,"25384,4074,1605",720575940902330369,574.140881
720575940884728634,"30123,3858,1792",720575940870691926,"21636,4289,2083",720575940870691926,625.694528
720575940884728634,"30123,3858,1792",720575940905126710,"23751,4351,1605",720575940905126710,781.046604
720575940884728634,"30123,3858,1792",720575940900275170,"27295,4519,1330",720575940900275170,634.241371
720575940884728634,"30123,3858,1792",720575940881834064,"29556,5160,1151",720575940881834064,240.359355
720575940884728634,"30123,3858,1792",720575940920897193,"32485,5455,1334",720575940920897193,725.783789
720575940884728634,"30123,3858,1792",720575940881834320,"44973,7063,1558",720575940881834320,0.000000
720575940884728634,"30123,3858,1792",720575940883912476,"44111,5787,1151",720575940883912476,104.987694
720575940884728634,"30123,3858,1792",720575940881949777,"13153,5700,2154",720575940881949777,290.663960
720575940884728634,"30123,3858,1792",720575940870692182,"24136,3911,1002",720575940870692182,272.522416
720575940884728634,"30123,3858,1792",720575940847595117,"41727,5321,1579",720575940847595117,272.671834
720575940884728634,"30123,3858,1792",720575940881834576,"20994,6297,2199",720575940881834576,0.000000
720575940884728634,"30123,3858,1792",720575940887754056,"37545,5805,202",720575940887754056,120.680477
720575940884728634,"30123,3858,1792",720575940877569847,"28033,3647,860",720575940877569847,255.150739
720575940884728634,"30123,3858,1792",720575940916312157,"17947,3091,2607",720575940916312157,47.068409
720575940884728634,"30123,3858,1792",720575940897166352,"37387,4317,2239",720575940897166352,0.000000
720575940884728634,"30123,3858,1792",720575940888538572,"23742,3073,2451",720575940888538572,311.213401
720575940884728634,"30123,3858,1792",720575940935700348,"22409,3328,2752",720575940935700348,0.000000
720575940884728634,"30123,3858,1792",720575940873510206,"31190,3277,663",720575940873510206,130.591807
720575940884728634,"30123,3858,1792",720575940888148336,"41698,5563,3288",720575940888148336,4.720524
720575940884728634,"30123,3858,1792",720575940886558498,"24860,3081,2535",720575940886558498,39.539712
720575940915531157,"29832,4178,1459",720575940868783341,"29320,4453,1733",720575940868783341,363.220870
720575940915531157,"29832,4178,1459",720575940919043399,"24306,3929,1314",720575940919043399,423.981762
720575940915531157,"29832,4178,1459",720575940905401289,"27344,3514,1565",720575940905401289,97.265072
720575940915531157,"29832,4178,1459",720575940937876909,"22490,3798,2283",720575940937876909,247.674170
720575940915531157,"29832,4178,1459",720575940877168648,"24461,3600,2248",720575940877168648,250.742660
720575940915531157,"29832,4178,1459",720575940893449483,"30532,4598,1070",720575940893449483,393.805329
720575940915531157,"29832,4178,1459",720575940902330369,"25384,4074,1605",720575940902330369,576.285761
720575940915531157,"29832,4178,1459",720575940870691926,"21636,4289,2083",720575940870691926,53.012497
720575940915531157,"29832,4178,1459",720575940905126710,"23751,4351,1605",720575940905126710,416.502775
720575940915531157,"29832,4178,1459",720575940900275170,"27295,4519,1330",720575940900275170,425.849604
720575940915531157,"29832,4178,1459",720575940881834064,"29556,5160,1151",720575940881834064,345.080992
720575940915531157,"29832,4178,1459",720575940920897193,"32485,5455,1334",720575940920897193,328.806714
720575940915531157,"29832,4178,1459",720575940881834320,"44973,7063,1558",720575940881834320,0.000000
720575940915531157,"29832,4178,1459",720575940883912476,"44111,5787,1151",720575940883912476,30.922217
720575940915531157,"29832,4178,1459",720575940881949777,"13153,5700,2154",720575940881949777,167.949374
720575940915531157,"29832,4178,1459",720575940870692182,"24136,3911,1002",720575940870692182,245.494178
720575940915531157,"29832,4178,1459",720575940847595117,"41727,5321,1579",720575940847595117,8.730153
720575940915531157,"29832,4178,1459",720575940881834576,"20994,6297,2199",720575940881834576,90.255610
720575940915531157,"29832,4178,1459",720575940887754056,"37545,5805,202",720575940887754056,117.624548
720575940915531157,"29832,4178,1459",720575940877569847,"28033,3647,860",720575940877569847,19.584702
720575940915531157,"29832,4178,1459",720575940916312157,"17947,3091,2607",720575940916312157,17.892480
720575940915531157,"29832,4178,1459",720575940897166352,"37387,4317,2239",720575940897166352,0.000000
720575940915531157,"29832,4178,1459",720575940888538572,"23742,3073,2451",720575940888538572,46.941725
720575940915531157,"29832,4178,1459",720575940935700348,"22409,3328,2752",720575940935700348,0.000000
720575940915531157,"29832,4178,1459",720575940873510206,"31190,3277,663",720575940873510206,7.153821
720575940915531157,"29832,4178,1459",720575940888148336,"41698,5563,3288",720575940888148336,8.204422
720575940915531157,"29832,4178,1459",720575940886558498,"24860,3081,2535",720575940886558498,0.000000
720575940886931959,"24862,4018,1992",720575940868783341,"29320,4453,1733",720575940868783341,587.501830
720575940886931959,"24862,4018,1992",720575940919043399,"24306,3929,1314",720575940919043399,390.405555
720575940886931959,"24862,4018,1992",720575940905401289,"27344,3514,1565",720575940905401289,218.498656
720575940886931959,"24862,4018,1992",720575940937876909,"22490,3798,2283",720575940937876909,366.865688
720575940886931959,"24862,4018,1992",720575940877168648,"24461,3600,2248",720575940877168648,292.153462
720575940886931959,"24862,4018,1992",720575940893449483,"30532,4598,1070",720575940893449483,379.000361
720575940886931959,"24862,4018,1992",720575940902330369,"25384,4074,1605",720575940902330369,1097.216155
720575940886931959,"24862,4018,1992",720575940870691926,"21636,4289,2083",720575940870691926,1302.210236
720575940886931959,"24862,4018,1992",720575940905126710,"23751,4351,1605",720575940905126710,883.281909
720575940886931959,"24862,4018,1992",720575940900275170,"27295,4519,1330",720575940900275170,839.175940
720575940886931959,"24862,4018,1992",720575940881834064,"29556,5160,1151",720575940881834064,568.514740
720575940886931959,"24862,4018,1992",720575940920897193,"32485,5455,1334",720575940920897193,962.013140
720575940886931959,"24862,4018,1992",720575940881834320,"44973,7063,1558",720575940881834320,289.185424
720575940886931959,"24862,4018,1992",720575940883912476,"44111,5787,1151",720575940883912476,165.809655
720575940886931959,"24862,4018,1992",720575940881949777,"13153,5700,2154",720575940881949777,280.429655
720575940886931959,"24862,4018,1992",720575940870692182,"24136,3911,1002",720575940870692182,400.932218
720575940886931959,"24862,4018,1992",720575940847595117,"41727,5321,1579",720575940847595117,636.298387
720575940886931959,"24862,4018,1992",720575940881834576,"20994,6297,2199",720575940881834576,180.822124
720575940886931959,"24862,4018,1992",720575940887754056,"37545,5805,202",720575940887754056,141.943552
720575940886931959,"24862,4018,1992",720575940877569847,"28033,3647,860",720575940877569847,235.131952
720575940886931959,"24862,4018,1992",720575940916312157,"17947,3091,2607",720575940916312157,42.397436
720575940886931959,"24862,4018,1992",720575940897166352,"37387,4317,2239",720575940897166352,0.000000
720575940886931959,"24862,4018,1992",720575940888538572,"23742,3073,2451",720575940888538572,156.306148
720575940886931959,"24862,4018,1992",720575940935700348,"22409,3328,2752",720575940935700348,16.136423
720575940886931959,"24862,4018,1992",720575940873510206,"31190,3277,663",720575940873510206,0.000000
720575940886931959,"24862,4018,1992",720575940888148336,"41698,5563,3288",720575940888148336,0.000000
720575940886931959,"24862,4018,1992",720575940886558498,"24860,3081,2535",720575940886558498,0.000000
720575940910624444,"25272,4264,1916",720575940868783341,"29320,4453,1733",720575940868783341,87.884165
720575940910624444,"25272,4264,1916",720575940919043399,"24306,3929,1314",720575940919043399,172.731738
720575940910624444,"25272,4264,1916",720575940905401289,"27344,3514,1565",720575940905401289,99.321696
720575940910624444,"25272,4264,1916",720575940937876909,"22490,3798,2283",720575940937876909,7.889741
720575940910624444,"25272,4264,1916",720575940877168648,"24461,3600,2248",720575940877168648,87.960353
720575940910624444,"25272,4264,1916",720575940893449483,"30532,4598,1070",720575940893449483,118.726891
720575940910624444,"25272,4264,1916",720575940902330369,"25384,4074,1605",720575940902330369,503.274386
720575940910624444,"25272,4264,1916",720575940870691926,"21636,4289,2083",720575940870691926,378.001627
720575940910624444,"25272,4264,1916",720575940905126710,"23751,4351,1605",720575940905126710,240.510861
720575940910624444,"25272,4264,1916",720575940900275170,"27295,4519,1330",720575940900275170,260.921099
720575940910624444,"25272,4264,1916",720575940881834064,"29556,5160,1151",720575940881834064,302.125305
720575940910624444,"25272,4264,1916",720575940920897193,"32485,5455,1334",720575940920897193,434.039100
720575940910624444,"25272,4264,1916",720575940881834320,"44973,7063,1558",720575940881834320,143.719980
720575940910624444,"25272,4264,1916",720575940883912476,"44111,5787,1151",720575940883912476,68.022097
720575940910624444,"25272,4264,1916",720575940881949777,"13153,5700,2154",720575940881949777,80.704179
720575940910624444,"25272,4264,1916",720575940870692182,"24136,3911,1002",720575940870692182,193.649357
720575940910624444,"25272,4264,1916",720575940847595117,"41727,5321,1579",720575940847595117,51.086705
720575940910624444,"25272,4264,1916",720575940881834576,"20994,6297,2199",720575940881834576,40.456434
720575940910624444,"25272,4264,1916",720575940887754056,"37545,5805,202",720575940887754056,7.679013
720575940910624444,"25272,4264,1916",720575940877569847,"28033,3647,860",720575940877569847,60.985457
720575940910624444,"25272,4264,1916",720575940916312157,"17947,3091,2607",720575940916312157,15.859955
720575940910624444,"25272,4264,1916",720575940897166352,"37387,4317,2239",720575940897166352,0.000000
720575940910624444,"25272,4264,1916",720575940888538572,"23742,3073,2451",720575940888538572,91.219549
720575940910624444,"25272,4264,1916",720575940935700348,"22409,3328,2752",720575940935700348,6.112264
720575940910624444,"25272,4264,1916",720575940873510206,"31190,3277,663",720575940873510206,0.000000
720575940910624444,"25272,4264,1916",720575940888148336,"41698,5563,3288",720575940888148336,0.000000
720575940910624444,"25272,4264,1916",720575940886558498,"24860,3081,2535",720575940886558498,0.000000
720575940891163574,"26388,4287,1519",720575940868783341,"29320,4453,1733",720575940868783341,467.331091
720575940891163574,"26388,4287,1519",720575940919043399,"24306,3929,1314",720575940919043399,759.220830
720575940891163574,"26388,4287,1519",720575940905401289,"27344,3514,1565",720575940905401289,214.142148
720575940891163574,"26388,4287,1519",720575940937876909,"22490,3798,2283",720575940937876909,152.786546
720575940891163574,"26388,4287,1519",720575940877168648,"24461,3600,2248",720575940877168648,212.498962
720575940891163574,"26388,4287,1519",720575940893449483,"30532,4598,1070",720575940893449483,558.804763
720575940891163574,"26388,4287,1519",720575940902330369,"25384,4074,1605",720575940902330369,2352.830516
720575940891163574,"26388,4287,1519",720575940870691926,"21636,4289,2083",720575940870691926,867.208008
720575940891163574,"26388,4287,1519",720575940905126710,"23751,4351,1605",720575940905126710,1304.101657
720575940891163574,"26388,4287,1519",720575940900275170,"27295,4519,1330",720575940900275170,1301.987965
720575940891163574,"26388,4287,1519",720575940881834064,"29556,5160,1151",720575940881834064,1156.878696
720575940891163574,"26388,4287,1519",720575940920897193,"32485,5455,1334",720575940920897193,1044.026764
720575940891163574,"26388,4287,1519",720575940881834320,"44973,7063,1558",720575940881834320,116.357362
720575940891163574,"26388,4287,1519",720575940883912476,"44111,5787,1151",720575940883912476,193.973404
720575940891163574,"26388,4287,1519",720575940881949777,"13153,5700,2154",720575940881949777,729.259853
720575940891163574,"26388,4287,1519",720575940870692182,"24136,3911,1002",720575940870692182,593.561502
720575940891163574,"26388,4287,1519",720575940847595117,"41727,5321,1579",720575940847595117,278.387944
720575940891163574,"26388,4287,1519",720575940881834576,"20994,6297,2199",720575940881834576,275.896806
720575940891163574,"26388,4287,1519",720575940887754056,"37545,5805,202",720575940887754056,284.287732
720575940891163574,"26388,4287,1519",720575940877569847,"28033,3647,860",720575940877569847,407.931810
720575940891163574,"26388,4287,1519",720575940916312157,"17947,3091,2607",720575940916312157,33.611496
720575940891163574,"26388,4287,1519",720575940897166352,"37387,4317,2239",720575940897166352,0.000000
720575940891163574,"26388,4287,1519",720575940888538572,"23742,3073,2451",720575940888538572,69.328990
720575940891163574,"26388,4287,1519",720575940935700348,"22409,3328,2752",720575940935700348,0.000000
720575940891163574,"26388,4287,1519",720575940873510206,"31190,3277,663",720575940873510206,0.000000
720575940891163574,"26388,4287,1519",720575940888148336,"41698,5563,3288",720575940888148336,0.000000
720575940891163574,"26388,4287,1519",720575940886558498,"24860,3081,2535",720575940886558498,0.000000
720575940922958792,"26717,4411,1402",720575940868783341,"29320,4453,1733",720575940868783341,471.002811
720575940922958792,"26717,4411,1402",720575940919043399,"24306,3929,1314",720575940919043399,542.855352
720575940922958792,"26717,4411,1402",720575940905401289,"27344,3514,1565",720575940905401289,221.733021
720575940922958792,"26717,4411,1402",720575940937876909,"22490,3798,2283",720575940937876909,11.075275
720575940922958792,"26717,4411,1402",720575940877168648,"24461,3600,2248",720575940877168648,125.800100
720575940922958792,"26717,4411,1402",720575940893449483,"30532,4598,1070",720575940893449483,414.698450
720575940922958792,"26717,4411,1402",720575940902330369,"25384,4074,1605",720575940902330369,2506.448366
720575940922958792,"26717,4411,1402",720575940870691926,"21636,4289,2083",720575940870691926,471.278022
720575940922958792,"26717,4411,1402",720575940905126710,"23751,4351,1605",720575940905126710,905.820790
720575940922958792,"26717,4411,1402",720575940900275170,"27295,4519,1330",720575940900275170,901.469272
720575940922958792,"26717,4411,1402",720575940881834064,"29556,5160,1151",720575940881834064,1453.394792
720575940922958792,"26717,4411,1402",720575940920897193,"32485,5455,1334",720575940920897193,577.337661
720575940922958792,"26717,4411,1402",720575940881834320,"44973,7063,1558",720575940881834320,71.320712
720575940922958792,"26717,4411,1402",720575940883912476,"44111,5787,1151",720575940883912476,179.152446
720575940922958792,"26717,4411,1402",720575940881949777,"13153,5700,2154",720575940881949777,791.858297
720575940922958792,"26717,4411,1402",720575940870692182,"24136,3911,1002",720575940870692182,517.593408
720575940922958792,"26717,4411,1402",720575940847595117,"41727,5321,1579",720575940847595117,111.247647
720575940922958792,"26717,4411,1402",720575940881834576,"20994,6297,2199",720575940881834576,88.771595
720575940922958792,"26717,4411,1402",720575940887754056,"37545,5805,202",720575940887754056,314.107040
720575940922958792,"26717,4411,1402",720575940877569847,"28033,3647,860",720575940877569847,151.838806
720575940922958792,"26717,4411,1402",720575940916312157,"17947,3091,2607",720575940916312157,34.362385
720575940922958792,"26717,4411,1402",720575940897166352,"37387,4317,2239",720575940897166352,0.000000
720575940922958792,"26717,4411,1402",720575940888538572,"23742,3073,2451",720575940888538572,3.122828
720575940922958792,"26717,4411,1402",720575940935700348,"22409,3328,2752",720575940935700348,0.000000
720575940922958792,"26717,4411,1402",720575940873510206,"31190,3277,663",720575940873510206,114.588666
720575940922958792,"26717,4411,1402",720575940888148336,"41698,5563,3288",720575940888148336,0.000000
720575940922958792,"26717,4411,1402",720575940886558498,"24860,3081,2535",720575940886558498,5.699177
720575940918770481,"28448,4288,1309",720575940868783341,"29320,4453,1733",720575940868783341,352.801617
720575940918770481,"28448,4288,1309",720575940919043399,"24306,3929,1314",720575940919043399,455.501184
720575940918770481,"28448,4288,1309",720575940905401289,"27344,3514,1565",720575940905401289,213.830929
720575940918770481,"28448,4288,1309",720575940937876909,"22490,3798,2283",720575940937876909,54.800058
720575940918770481,"28448,4288,1309",720575940877168648,"24461,3600,2248",720575940877168648,146.639600
720575940918770481,"28448,4288,1309",720575940893449483,"30532,4598,1070",720575940893449483,423.808083
720575940918770481,"28448,4288,1309",720575940902330369,"25384,4074,1605",720575940902330369,2020.309910
720575940918770481,"28448,4288,1309",720575940870691926,"21636,4289,2083",720575940870691926,312.386762
720575940918770481,"28448,4288,1309",720575940905126710,"23751,4351,1605",720575940905126710,742.516427
720575940918770481,"28448,4288,1309",720575940900275170,"27295,4519,1330",720575940900275170,1013.842406
720575940918770481,"28448,4288,1309",720575940881834064,"29556,5160,1151",720575940881834064,1171.396062
720575940918770481,"28448,4288,1309",720575940920897193,"32485,5455,1334",720575940920897193,663.656823
720575940918770481,"28448,4288,1309",720575940881834320,"44973,7063,1558",720575940881834320,5.576266
720575940918770481,"28448,4288,1309",720575940883912476,"44111,5787,1151",720575940883912476,56.759658
720575940918770481,"28448,4288,1309",720575940881949777,"13153,5700,2154",720575940881949777,560.281757
720575940918770481,"28448,4288,1309",720575940870692182,"24136,3911,1002",720575940870692182,654.882474
720575940918770481,"28448,4288,1309",720575940847595117,"41727,5321,1579",720575940847595117,63.213887
720575940918770481,"28448,4288,1309",720575940881834576,"20994,6297,2199",720575940881834576,111.166796
720575940918770481,"28448,4288,1309",720575940887754056,"37545,5805,202",720575940887754056,351.122410
720575940918770481,"28448,4288,1309",720575940877569847,"28033,3647,860",720575940877569847,125.148844
720575940918770481,"28448,4288,1309",720575940916312157,"17947,3091,2607",720575940916312157,0.000000
720575940918770481,"28448,4288,1309",720575940897166352,"37387,4317,2239",720575940897166352,0.000000
720575940918770481,"28448,4288,1309",720575940888538572,"23742,3073,2451",720575940888538572,23.018120
720575940918770481,"28448,4288,1309",720575940935700348,"22409,3328,2752",720575940935700348,0.000000
720575940918770481,"28448,4288,1309",720575940873510206,"31190,3277,663",720575940873510206,0.000000
720575940918770481,"28448,4288,1309",720575940888148336,"41698,5563,3288",720575940888148336,0.000000
720575940918770481,"28448,4288,1309",720575940886558498,"24860,3081,2535",720575940886558498,0.000000
720575940893408011,"29678,4733,1536",720575940868783341,"29320,4453,1733",720575940868783341,1192.869388
720575940893408011,"29678,4733,1536",720575940919043399,"24306,3929,1314",720575940919043399,402.258093
720575940893408011,"29678,4733,1536",720575940905401289,"27344,3514,1565",720575940905401289,544.937911
720575940893408011,"29678,4733,1536",720575940937876909,"22490,3798,2283",720575940937876909,282.895074
720575940893408011,"29678,4733,1536",720575940877168648,"24461,3600,2248",720575940877168648,391.710593
720575940893408011,"29678,4733,1536",720575940893449483,"30532,4598,1070",720575940893449483,561.092014
720575940893408011,"29678,4733,1536",720575940902330369,"25384,4074,1605",720575940902330369,942.294200
720575940893408011,"29678,4733,1536",720575940870691926,"21636,4289,2083",720575940870691926,1188.529717
720575940893408011,"29678,4733,1536",720575940905126710,"23751,4351,1605",720575940905126710,1118.902057
720575940893408011,"29678,4733,1536",720575940900275170,"27295,4519,1330",720575940900275170,1388.961356
720575940893408011,"29678,4733,1536",720575940881834064,"29556,5160,1151",720575940881834064,340.568634
720575940893408011,"29678,4733,1536",720575940920897193,"32485,5455,1334",720575940920897193,803.302294
720575940893408011,"29678,4733,1536",720575940881834320,"44973,7063,1558",720575940881834320,49.913105
720575940893408011,"29678,4733,1536",720575940883912476,"44111,5787,1151",720575940883912476,127.728370
720575940893408011,"29678,4733,1536",720575940881949777,"13153,5700,2154",720575940881949777,705.431793
720575940893408011,"29678,4733,1536",720575940870692182,"24136,3911,1002",720575940870692182,276.495247
720575940893408011,"29678,4733,1536",720575940847595117,"41727,5321,1579",720575940847595117,830.483504
720575940893408011,"29678,4733,1536",720575940881834576,"20994,6297,2199",720575940881834576,148.095133
720575940893408011,"29678,4733,1536",720575940887754056,"37545,5805,202",720575940887754056,100.018095
720575940893408011,"29678,4733,1536",720575940877569847,"28033,3647,860",720575940877569847,123.533622
720575940893408011,"29678,4733,1536",720575940916312157,"17947,3091,2607",720575940916312157,64.075674
720575940893408011,"29678,4733,1536",720575940897166352,"37387,4317,2239",720575940897166352,0.000000
720575940893408011,"29678,4733,1536",720575940888538572,"23742,3073,2451",720575940888538572,174.100874
720575940893408011,"29678,4733,1536",720575940935700348,"22409,3328,2752",720575940935700348,13.774540
720575940893408011,"29678,4733,1536",720575940873510206,"31190,3277,663",720575940873510206,0.000000
720575940893408011,"29678,4733,1536",720575940888148336,"41698,5563,3288",720575940888148336,0.000000
720575940893408011,"29678,4733,1536",720575940886558498,"24860,3081,2535",720575940886558498,0.000000
720575940880372359,"31209,4366,1278",720575940868783341,"29320,4453,1733",720575940868783341,1029.277556
720575940880372359,"31209,4366,1278",720575940919043399,"24306,3929,1314",720575940919043399,594.458370
720575940880372359,"31209,4366,1278",720575940905401289,"27344,3514,1565",720575940905401289,276.970741
720575940880372359,"31209,4366,1278",720575940937876909,"22490,3798,2283",720575940937876909,237.311734
720575940880372359,"31209,4366,1278",720575940877168648,"24461,3600,2248",720575940877168648,335.219627
720575940880372359,"31209,4366,1278",720575940893449483,"30532,4598,1070",720575940893449483,679.353072
720575940880372359,"31209,4366,1278",720575940902330369,"25384,4074,1605",720575940902330369,1454.640222
720575940880372359,"31209,4366,1278",720575940870691926,"21636,4289,2083",720575940870691926,774.303939
720575940880372359,"31209,4366,1278",720575940905126710,"23751,4351,1605",720575940905126710,1351.671238
720575940880372359,"31209,4366,1278",720575940900275170,"27295,4519,1330",720575940900275170,1875.034454
720575940880372359,"31209,4366,1278",720575940881834064,"29556,5160,1151",720575940881834064,680.330710
720575940880372359,"31209,4366,1278",720575940920897193,"32485,5455,1334",720575940920897193,1292.599254
720575940880372359,"31209,4366,1278",720575940881834320,"44973,7063,1558",720575940881834320,30.898650
720575940880372359,"31209,4366,1278",720575940883912476,"44111,5787,1151",720575940883912476,139.763919
720575940880372359,"31209,4366,1278",720575940881949777,"13153,5700,2154",720575940881949777,741.022900
720575940880372359,"31209,4366,1278",720575940870692182,"24136,3911,1002",720575940870692182,576.618295
720575940880372359,"31209,4366,1278",720575940847595117,"41727,5321,1579",720575940847595117,268.275090
720575940880372359,"31209,4366,1278",720575940881834576,"20994,6297,2199",720575940881834576,193.950311
720575940880372359,"31209,4366,1278",720575940887754056,"37545,5805,202",720575940887754056,165.703413
720575940880372359,"31209,4366,1278",720575940877569847,"28033,3647,860",720575940877569847,191.100116
720575940880372359,"31209,4366,1278",720575940916312157,"17947,3091,2607",720575940916312157,30.272476
720575940880372359,"31209,4366,1278",720575940897166352,"37387,4317,2239",720575940897166352,0.000000
720575940880372359,"31209,4366,1278",720575940888538572,"23742,3073,2451",720575940888538572,240.341015
720575940880372359,"31209,4366,1278",720575940935700348,"22409,3328,2752",720575940935700348,7.420544
720575940880372359,"31209,4366,1278",720575940873510206,"31190,3277,663",720575940873510206,0.000000
720575940880372359,"31209,4366,1278",720575940888148336,"41698,5563,3288",720575940888148336,0.000000
720575940880372359,"31209,4366,1278",720575940886558498,"24860,3081,2535",720575940886558498,0.000000
720575940882077216,"28256,4213,1654",720575940868783341,"29320,4453,1733",720575940868783341,396.137966
720575940882077216,"28256,4213,1654",720575940919043399,"24306,3929,1314",720575940919043399,229.093896
720575940882077216,"28256,4213,1654",720575940905401289,"27344,3514,1565",720575940905401289,117.641629
720575940882077216,"28256,4213,1654",720575940937876909,"22490,3798,2283",720575940937876909,214.920457
720575940882077216,"28256,4213,1654",720575940877168648,"24461,3600,2248",720575940877168648,219.509054
720575940882077216,"28256,4213,1654",720575940893449483,"30532,4598,1070",720575940893449483,643.052385
720575940882077216,"28256,4213,1654",720575940902330369,"25384,4074,1605",720575940902330369,843.373186
720575940882077216,"28256,4213,1654",720575940870691926,"21636,4289,2083",720575940870691926,401.860902
720575940882077216,"28256,4213,1654",720575940905126710,"23751,4351,1605",720575940905126710,838.713293
720575940882077216,"28256,4213,1654",720575940900275170,"27295,4519,1330",720575940900275170,1261.312972
720575940882077216,"28256,4213,1654",720575940881834064,"29556,5160,1151",720575940881834064,497.891061
720575940882077216,"28256,4213,1654",720575940920897193,"32485,5455,1334",720575940920897193,955.879733
720575940882077216,"28256,4213,1654",720575940881834320,"44973,7063,1558",720575940881834320,88.914333
720575940882077216,"28256,4213,1654",720575940883912476,"44111,5787,1151",720575940883912476,41.157962
720575940882077216,"28256,4213,1654",720575940881949777,"13153,5700,2154",720575940881949777,406.213791
720575940882077216,"28256,4213,1654",720575940870692182,"24136,3911,1002",720575940870692182,240.179527
720575940882077216,"28256,4213,1654",720575940847595117,"41727,5321,1579",720575940847595117,96.961795
720575940882077216,"28256,4213,1654",720575940881834576,"20994,6297,2199",720575940881834576,121.065091
720575940882077216,"28256,4213,1654",720575940887754056,"37545,5805,202",720575940887754056,132.034180
720575940882077216,"28256,4213,1654",720575940877569847,"28033,3647,860",720575940877569847,143.316990
720575940882077216,"28256,4213,1654",720575940916312157,"17947,3091,2607",720575940916312157,61.582419
720575940882077216,"28256,4213,1654",720575940897166352,"37387,4317,2239",720575940897166352,0.000000
720575940882077216,"28256,4213,1654",720575940888538572,"23742,3073,2451",720575940888538572,125.185642
720575940882077216,"28256,4213,1654",720575940935700348,"22409,3328,2752",720575940935700348,28.247985
720575940882077216,"28256,4213,1654",720575940873510206,"31190,3277,663",720575940873510206,8.646889
720575940882077216,"28256,4213,1654",720575940888148336,"41698,5563,3288",720575940888148336,0.000000
720575940882077216,"28256,4213,1654",720575940886558498,"24860,3081,2535",720575940886558498,19.755804
720575940918990151,"26421,4468,1134",720575940868783341,"29320,4453,1733",720575940868783341,296.611577
720575940918990151,"26421,4468,1134",720575940919043399,"24306,3929,1314",720575940919043399,980.378274
720575940918990151,"26421,4468,1134",720575940905401289,"27344,3514,1565",720575940905401289,157.933649
720575940918990151,"26421,4468,1134",720575940937876909,"22490,3798,2283",720575940937876909,173.863435
720575940918990151,"26421,4468,1134",720575940877168648,"24461,3600,2248",720575940877168648,195.461522
720575940918990151,"26421,4468,1134",720575940893449483,"30532,4598,1070",720575940893449483,215.306356
720575940918990151,"26421,4468,1134",720575940902330369,"25384,4074,1605",720575940902330369,2098.153641
720575940918990151,"26421,4468,1134",720575940870691926,"21636,4289,2083",720575940870691926,318.434682
720575940918990151,"26421,4468,1134",720575940905126710,"23751,4351,1605",720575940905126710,730.072658
720575940918990151,"26421,4468,1134",720575940900275170,"27295,4519,1330",720575940900275170,770.682543
720575940918990151,"26421,4468,1134",720575940881834064,"29556,5160,1151",720575940881834064,1192.195262
720575940918990151,"26421,4468,1134",720575940920897193,"32485,5455,1334",720575940920897193,100.965496
720575940918990151,"26421,4468,1134",720575940881834320,"44973,7063,1558",720575940881834320,13.236142
720575940918990151,"26421,4468,1134",720575940883912476,"44111,5787,1151",720575940883912476,312.323888
720575940918990151,"26421,4468,1134",720575940881949777,"13153,5700,2154",720575940881949777,890.332793
720575940918990151,"26421,4468,1134",720575940870692182,"24136,3911,1002",720575940870692182,996.475437
720575940918990151,"26421,4468,1134",720575940847595117,"41727,5321,1579",720575940847595117,149.218830
720575940918990151,"26421,4468,1134",720575940881834576,"20994,6297,2199",720575940881834576,6.757738
720575940918990151,"26421,4468,1134",720575940887754056,"37545,5805,202",720575940887754056,256.491857
720575940918990151,"26421,4468,1134",720575940877569847,"28033,3647,860",720575940877569847,470.319190
720575940918990151,"26421,4468,1134",720575940916312157,"17947,3091,2607",720575940916312157,55.449629
720575940918990151,"26421,4468,1134",720575940897166352,"37387,4317,2239",720575940897166352,0.000000
720575940918990151,"26421,4468,1134",720575940888538572,"23742,3073,2451",720575940888538572,5.722397
720575940918990151,"26421,4468,1134",720575940935700348,"22409,3328,2752",720575940935700348,14.915884
720575940918990151,"26421,4468,1134",720575940873510206,"31190,3277,663",720575940873510206,0.000000
720575940918990151,"26421,4468,1134",720575940888148336,"41698,5563,3288",720575940888148336,0.000000
720575940918990151,"26421,4468,1134",720575940886558498,"24860,3081,2535",720575940886558498,0.000000
720575940862185831,"26323,4330,1470",720575940868783341,"29320,4453,1733",720575940868783341,190.577381
720575940862185831,"26323,4330,1470",720575940919043399,"24306,3929,1314",720575940919043399,331.098395
720575940862185831,"26323,4330,1470",720575940905401289,"27344,3514,1565",720575940905401289,134.672077
720575940862185831,"26323,4330,1470",720575940937876909,"22490,3798,2283",720575940937876909,138.657247
720575940862185831,"26323,4330,1470",720575940877168648,"24461,3600,2248",720575940877168648,234.241205
720575940862185831,"26323,4330,1470",720575940893449483,"30532,4598,1070",720575940893449483,269.965737
720575940862185831,"26323,4330,1470",720575940902330369,"25384,4074,1605",720575940902330369,883.964459
720575940862185831,"26323,4330,1470",720575940870691926,"21636,4289,2083",720575940870691926,226.058484
720575940862185831,"26323,4330,1470",720575940905126710,"23751,4351,1605",720575940905126710,635.066621
720575940862185831,"26323,4330,1470",720575940900275170,"27295,4519,1330",720575940900275170,366.997393
720575940862185831,"26323,4330,1470",720575940881834064,"29556,5160,1151",720575940881834064,717.928597
720575940862185831,"26323,4330,1470",720575940920897193,"32485,5455,1334",720575940920897193,504.172751
720575940862185831,"26323,4330,1470",720575940881834320,"44973,7063,1558",720575940881834320,102.581540
720575940862185831,"26323,4330,1470",720575940883912476,"44111,5787,1151",720575940883912476,43.614112
720575940862185831,"26323,4330,1470",720575940881949777,"13153,5700,2154",720575940881949777,301.258947
720575940862185831,"26323,4330,1470",720575940870692182,"24136,3911,1002",720575940870692182,346.973881
720575940862185831,"26323,4330,1470",720575940847595117,"41727,5321,1579",720575940847595117,60.635078
720575940862185831,"26323,4330,1470",720575940881834576,"20994,6297,2199",720575940881834576,68.325025
720575940862185831,"26323,4330,1470",720575940887754056,"37545,5805,202",720575940887754056,123.129034
720575940862185831,"26323,4330,1470",720575940877569847,"28033,3647,860",720575940877569847,214.020431
720575940862185831,"26323,4330,1470",720575940916312157,"17947,3091,2607",720575940916312157,42.169858
720575940862185831,"26323,4330,1470",720575940897166352,"37387,4317,2239",720575940897166352,0.000000
720575940862185831,"26323,4330,1470",720575940888538572,"23742,3073,2451",720575940888538572,58.564352
720575940862185831,"26323,4330,1470",720575940935700348,"22409,3328,2752",720575940935700348,14.827371
720575940862185831,"26323,4330,1470",720575940873510206,"31190,3277,663",720575940873510206,0.000000
720575940862185831,"26323,4330,1470",720575940888148336,"41698,5563,3288",720575940888148336,0.000000
720575940862185831,"26323,4330,1470",720575940886558498,"24860,3081,2535",720575940886558498,0.000000
720575940902671774,"33392,5096,1170",720575940868783341,"29320,4453,1733",720575940868783341,915.434934
720575940902671774,"33392,5096,1170",720575940919043399,"24306,3929,1314",720575940919043399,343.400320
720575940902671774,"33392,5096,1170",720575940905401289,"27344,3514,1565",720575940905401289,676.275468
720575940902671774,"33392,5096,1170",720575940937876909,"22490,3798,2283",720575940937876909,223.985928
720575940902671774,"33392,5096,1170",720575940877168648,"24461,3600,2248",720575940877168648,355.346278
720575940902671774,"33392,5096,1170",720575940893449483,"30532,4598,1070",720575940893449483,606.624608
720575940902671774,"33392,5096,1170",720575940902330369,"25384,4074,1605",720575940902330369,1121.627142
720575940902671774,"33392,5096,1170",720575940870691926,"21636,4289,2083",720575940870691926,489.615928
720575940902671774,"33392,5096,1170",720575940905126710,"23751,4351,1605",720575940905126710,1020.428262
720575940902671774,"33392,5096,1170",720575940900275170,"27295,4519,1330",720575940900275170,1515.649107
720575940902671774,"33392,5096,1170",720575940881834064,"29556,5160,1151",720575940881834064,477.129860
720575940902671774,"33392,5096,1170",720575940920897193,"32485,5455,1334",720575940920897193,874.878526
720575940902671774,"33392,5096,1170",720575940881834320,"44973,7063,1558",720575940881834320,26.271980
720575940902671774,"33392,5096,1170",720575940883912476,"44111,5787,1151",720575940883912476,24.254700
720575940902671774,"33392,5096,1170",720575940881949777,"13153,5700,2154",720575940881949777,669.821138
720575940902671774,"33392,5096,1170",720575940870692182,"24136,3911,1002",720575940870692182,485.300881
720575940902671774,"33392,5096,1170",720575940847595117,"41727,5321,1579",720575940847595117,440.624317
720575940902671774,"33392,5096,1170",720575940881834576,"20994,6297,2199",720575940881834576,100.301398
720575940902671774,"33392,5096,1170",720575940887754056,"37545,5805,202",720575940887754056,360.480172
720575940902671774,"33392,5096,1170",720575940877569847,"28033,3647,860",720575940877569847,200.600128
720575940902671774,"33392,5096,1170",720575940916312157,"17947,3091,2607",720575940916312157,183.891374
720575940902671774,"33392,5096,1170",720575940897166352,"37387,4317,2239",720575940897166352,0.000000
720575940902671774,"33392,5096,1170",720575940888538572,"23742,3073,2451",720575940888538572,222.318599
720575940902671774,"33392,5096,1170",720575940935700348,"22409,3328,2752",720575940935700348,96.216935
720575940902671774,"33392,5096,1170",720575940873510206,"31190,3277,663",720575940873510206,89.566621
720575940902671774,"33392,5096,1170",720575940888148336,"41698,5563,3288",720575940888148336,16.610760
720575940902671774,"33392,5096,1170",720575940886558498,"24860,3081,2535",720575940886558498,42.966280
720575940889215863,"23847,4184,1759",720575940868783341,"29320,4453,1733",720575940868783341,61.088530
720575940889215863,"23847,4184,1759",720575940919043399,"24306,3929,1314",720575940919043399,185.061236
720575940889215863,"23847,4184,1759",720575940905401289,"27344,3514,1565",720575940905401289,66.224723
720575940889215863,"23847,4184,1759",720575940937876909,"22490,3798,2283",720575940937876909,150.243976
720575940889215863,"23847,4184,1759",720575940877168648,"24461,3600,2248",720575940877168648,209.965666
720575940889215863,"23847,4184,1759",720575940893449483,"30532,4598,1070",720575940893449483,149.811557
720575940889215863,"23847,4184,1759",720575940902330369,"25384,4074,1605",720575940902330369,414.567379
720575940889215863,"23847,4184,1759",720575940870691926,"21636,4289,2083",720575940870691926,477.522363
720575940889215863,"23847,4184,1759",720575940905126710,"23751,4351,1605",720575940905126710,276.400937
720575940889215863,"23847,4184,1759",720575940900275170,"27295,4519,1330",720575940900275170,109.330122
720575940889215863,"23847,4184,1759",720575940881834064,"29556,5160,1151",720575940881834064,178.877008
720575940889215863,"23847,4184,1759",720575940920897193,"32485,5455,1334",720575940920897193,210.616621
720575940889215863,"23847,4184,1759",720575940881834320,"44973,7063,1558",720575940881834320,4.207886
720575940889215863,"23847,4184,1759",720575940883912476,"44111,5787,1151",720575940883912476,78.820222
720575940889215863,"23847,4184,1759",720575940881949777,"13153,5700,2154",720575940881949777,249.662383
720575940889215863,"23847,4184,1759",720575940870692182,"24136,3911,1002",720575940870692182,145.150369
720575940889215863,"23847,4184,1759",720575940847595117,"41727,5321,1579",720575940847595117,95.695704
720575940889215863,"23847,4184,1759",720575940881834576,"20994,6297,2199",720575940881834576,0.000000
720575940889215863,"23847,4184,1759",720575940887754056,"37545,5805,202",720575940887754056,0.000000
720575940889215863,"23847,4184,1759",720575940877569847,"28033,3647,860",720575940877569847,48.823730
720575940889215863,"23847,4184,1759",720575940916312157,"17947,3091,2607",720575940916312157,31.734342
720575940889215863,"23847,4184,1759",720575940897166352,"37387,4317,2239",720575940897166352,0.000000
720575940889215863,"23847,4184,1759",720575940888538572,"23742,3073,2451",720575940888538572,46.155452
720575940889215863,"23847,4184,1759",720575940935700348,"22409,3328,2752",720575940935700348,13.774540
720575940889215863,"23847,4184,1759",720575940873510206,"31190,3277,663",720575940873510206,0.000000
720575940889215863,"23847,4184,1759",720575940888148336,"41698,5563,3288",720575940888148336,0.000000
720575940889215863,"23847,4184,1759",720575940886558498,"24860,3081,2535",720575940886558498,0.000000
720575940887087578,"29954,4364,1204",720575940868783341,"29320,4453,1733",720575940868783341,293.771446
720575940887087578,"29954,4364,1204",720575940919043399,"24306,3929,1314",720575940919043399,262.864523
720575940887087578,"29954,4364,1204",720575940905401289,"27344,3514,1565",720575940905401289,164.413704
720575940887087578,"29954,4364,1204",720575940937876909,"22490,3798,2283",720575940937876909,82.842201
720575940887087578,"29954,4364,1204",720575940877168648,"24461,3600,2248",720575940877168648,89.960891
720575940887087578,"29954,4364,1204",720575940893449483,"30532,4598,1070",720575940893449483,218.374130
720575940887087578,"29954,4364,1204",720575940902330369,"25384,4074,1605",720575940902330369,1199.853759
720575940887087578,"29954,4364,1204",720575940870691926,"21636,4289,2083",720575940870691926,333.354158
720575940887087578,"29954,4364,1204",720575940905126710,"23751,4351,1605",720575940905126710,480.256189
720575940887087578,"29954,4364,1204",720575940900275170,"27295,4519,1330",720575940900275170,577.134598
720575940887087578,"29954,4364,1204",720575940881834064,"29556,5160,1151",720575940881834064,300.201000
720575940887087578,"29954,4364,1204",720575940920897193,"32485,5455,1334",720575940920897193,372.608276
720575940887087578,"29954,4364,1204",720575940881834320,"44973,7063,1558",720575940881834320,44.896304
720575940887087578,"29954,4364,1204",720575940883912476,"44111,5787,1151",720575940883912476,85.885908
720575940887087578,"29954,4364,1204",720575940881949777,"13153,5700,2154",720575940881949777,313.380176
720575940887087578,"29954,4364,1204",720575940870692182,"24136,3911,1002",720575940870692182,341.620350
720575940887087578,"29954,4364,1204",720575940847595117,"41727,5321,1579",720575940847595117,13.369260
720575940887087578,"29954,4364,1204",720575940881834576,"20994,6297,2199",720575940881834576,59.056320
720575940887087578,"29954,4364,1204",720575940887754056,"37545,5805,202",720575940887754056,87.654991
720575940887087578,"29954,4364,1204",720575940877569847,"28033,3647,860",720575940877569847,94.420166
720575940887087578,"29954,4364,1204",720575940916312157,"17947,3091,2607",720575940916312157,29.550837
720575940887087578,"29954,4364,1204",720575940897166352,"37387,4317,2239",720575940897166352,0.000000
720575940887087578,"29954,4364,1204",720575940888538572,"23742,3073,2451",720575940888538572,0.000000
720575940887087578,"29954,4364,1204",720575940935700348,"22409,3328,2752",720575940935700348,0.000000
720575940887087578,"29954,4364,1204",720575940873510206,"31190,3277,663",720575940873510206,54.629298
720575940887087578,"29954,4364,1204",720575940888148336,"41698,5563,3288",720575940888148336,0.000000
720575940887087578,"29954,4364,1204",720575940886558498,"24860,3081,2535",720575940886558498,0.000000
720575940927215328,"27248,4326,1726",720575940868783341,"29320,4453,1733",720575940868783341,1829.218714
720575940927215328,"27248,4326,1726",720575940919043399,"24306,3929,1314",720575940919043399,822.615775
720575940927215328,"27248,4326,1726",720575940905401289,"27344,3514,1565",720575940905401289,556.056159
720575940927215328,"27248,4326,1726",720575940937876909,"22490,3798,2283",720575940937876909,681.316315
720575940927215328,"27248,4326,1726",720575940877168648,"24461,3600,2248",720575940877168648,1138.496430
720575940927215328,"27248,4326,1726",720575940893449483,"30532,4598,1070",720575940893449483,659.665258
720575940927215328,"27248,4326,1726",720575940902330369,"25384,4074,1605",720575940902330369,1121.122185
720575940927215328,"27248,4326,1726",720575940870691926,"21636,4289,2083",720575940870691926,1407.275034
720575940927215328,"27248,4326,1726",720575940905126710,"23751,4351,1605",720575940905126710,752.405919
720575940927215328,"27248,4326,1726",720575940900275170,"27295,4519,1330",720575940900275170,1112.057475
720575940927215328,"27248,4326,1726",720575940881834064,"29556,5160,1151",720575940881834064,489.969225
720575940927215328,"27248,4326,1726",720575940920897193,"32485,5455,1334",720575940920897193,1069.473611
720575940927215328,"27248,4326,1726",720575940881834320,"44973,7063,1558",720575940881834320,275.045813
720575940927215328,"27248,4326,1726",720575940883912476,"44111,5787,1151",720575940883912476,203.868396
720575940927215328,"27248,4326,1726",720575940881949777,"13153,5700,2154",720575940881949777,347.514219
720575940927215328,"27248,4326,1726",720575940870692182,"24136,3911,1002",720575940870692182,357.059984
720575940927215328,"27248,4326,1726",720575940847595117,"41727,5321,1579",720575940847595117,681.125242
720575940927215328,"27248,4326,1726",720575940881834576,"20994,6297,2199",720575940881834576,278.781917
720575940927215328,"27248,4326,1726",720575940887754056,"37545,5805,202",720575940887754056,66.405637
720575940927215328,"27248,4326,1726",720575940877569847,"28033,3647,860",720575940877569847,332.541157
720575940927215328,"27248,4326,1726",720575940916312157,"17947,3091,2607",720575940916312157,256.929855
720575940927215328,"27248,4326,1726",720575940897166352,"37387,4317,2239",720575940897166352,0.000000
720575940927215328,"27248,4326,1726",720575940888538572,"23742,3073,2451",720575940888538572,419.975732
720575940927215328,"27248,4326,1726",720575940935700348,"22409,3328,2752",720575940935700348,33.691266
720575940927215328,"27248,4326,1726",720575940873510206,"31190,3277,663",720575940873510206,24.655327
720575940927215328,"27248,4326,1726",720575940888148336,"41698,5563,3288",720575940888148336,13.954510
720575940927215328,"27248,4326,1726",720575940886558498,"24860,3081,2535",720575940886558498,69.991547
720575940893122730,"31524,4210,1812",720575940868783341,"29320,4453,1733",720575940868783341,1279.480903
720575940893122730,"31524,4210,1812",720575940919043399,"24306,3929,1314",720575940919043399,42.497575
720575940893122730,"31524,4210,1812",720575940905401289,"27344,3514,1565",720575940905401289,88.657260
720575940893122730,"31524,4210,1812",720575940937876909,"22490,3798,2283",720575940937876909,0.000000
720575940893122730,"31524,4210,1812",720575940877168648,"24461,3600,2248",720575940877168648,144.126850
720575940893122730,"31524,4210,1812",720575940893449483,"30532,4598,1070",720575940893449483,91.168372
720575940893122730,"31524,4210,1812",720575940902330369,"25384,4074,1605",720575940902330369,483.234554
720575940893122730,"31524,4210,1812",720575940870691926,"21636,4289,2083",720575940870691926,1171.451654
720575940893122730,"31524,4210,1812",720575940905126710,"23751,4351,1605",720575940905126710,370.769474
720575940893122730,"31524,4210,1812",720575940900275170,"27295,4519,1330",720575940900275170,582.242453
720575940893122730,"31524,4210,1812",720575940881834064,"29556,5160,1151",720575940881834064,13.318472
720575940893122730,"31524,4210,1812",720575940920897193,"32485,5455,1334",720575940920897193,326.296986
720575940893122730,"31524,4210,1812",720575940881834320,"44973,7063,1558",720575940881834320,286.829053
720575940893122730,"31524,4210,1812",720575940883912476,"44111,5787,1151",720575940883912476,164.087820
720575940893122730,"31524,4210,1812",720575940881949777,"13153,5700,2154",720575940881949777,565.549877
720575940893122730,"31524,4210,1812",720575940870692182,"24136,3911,1002",720575940870692182,180.240625
720575940893122730,"31524,4210,1812",720575940847595117,"41727,5321,1579",720575940847595117,1200.314726
720575940893122730,"31524,4210,1812",720575940881834576,"20994,6297,2199",720575940881834576,174.143725
720575940893122730,"31524,4210,1812",720575940887754056,"37545,5805,202",720575940887754056,18.695803
720575940893122730,"31524,4210,1812",720575940877569847,"28033,3647,860",720575940877569847,13.189975
720575940893122730,"31524,4210,1812",720575940916312157,"17947,3091,2607",720575940916312157,65.794218
720575940893122730,"31524,4210,1812",720575940897166352,"37387,4317,2239",720575940897166352,26.352586
720575940893122730,"31524,4210,1812",720575940888538572,"23742,3073,2451",720575940888538572,76.380306
720575940893122730,"31524,4210,1812",720575940935700348,"22409,3328,2752",720575940935700348,0.000000
720575940893122730,"31524,4210,1812",720575940873510206,"31190,3277,663",720575940873510206,0.000000
720575940893122730,"31524,4210,1812",720575940888148336,"41698,5563,3288",720575940888148336,26.942916
720575940893122730,"31524,4210,1812",720575940886558498,"24860,3081,2535",720575940886558498,87.095048
720575940914869232,"25837,4669,2033",720575940868783341,"29320,4453,1733",720575940868783341,1383.675251
720575940914869232,"25837,4669,2033",720575940919043399,"24306,3929,1314",720575940919043399,17.230588
720575940914869232,"25837,4669,2033",720575940905401289,"27344,3514,1565",720575940905401289,165.426099
720575940914869232,"25837,4669,2033",720575940937876909,"22490,3798,2283",720575940937876909,74.322905
720575940914869232,"25837,4669,2033",720575940877168648,"24461,3600,2248",720575940877168648,130.181191
720575940914869232,"25837,4669,2033",720575940893449483,"30532,4598,1070",720575940893449483,33.515892
720575940914869232,"25837,4669,2033",720575940902330369,"25384,4074,1605",720575940902330369,570.193239
720575940914869232,"25837,4669,2033",720575940870691926,"21636,4289,2083",720575940870691926,1237.052716
720575940914869232,"25837,4669,2033",720575940905126710,"23751,4351,1605",720575940905126710,299.776999
720575940914869232,"25837,4669,2033",720575940900275170,"27295,4519,1330",720575940900275170,598.047337
720575940914869232,"25837,4669,2033",720575940881834064,"29556,5160,1151",720575940881834064,125.648322
720575940914869232,"25837,4669,2033",720575940920897193,"32485,5455,1334",720575940920897193,383.985925
720575940914869232,"25837,4669,2033",720575940881834320,"44973,7063,1558",720575940881834320,218.517040
720575940914869232,"25837,4669,2033",720575940883912476,"44111,5787,1151",720575940883912476,226.530725
720575940914869232,"25837,4669,2033",720575940881949777,"13153,5700,2154",720575940881949777,535.252569
720575940914869232,"25837,4669,2033",720575940870692182,"24136,3911,1002",720575940870692182,84.747723
720575940914869232,"25837,4669,2033",720575940847595117,"41727,5321,1579",720575940847595117,1104.884462
720575940914869232,"25837,4669,2033",720575940881834576,"20994,6297,2199",720575940881834576,249.823029
720575940914869232,"25837,4669,2033",720575940887754056,"37545,5805,202",720575940887754056,46.105023
720575940914869232,"25837,4669,2033",720575940877569847,"28033,3647,860",720575940877569847,0.000000
720575940914869232,"25837,4669,2033",720575940916312157,"17947,3091,2607",720575940916312157,136.437924
720575940914869232,"25837,4669,2033",720575940897166352,"37387,4317,2239",720575940897166352,31.060574
720575940914869232,"25837,4669,2033",720575940888538572,"23742,3073,2451",720575940888538572,290.669721
720575940914869232,"25837,4669,2033",720575940935700348,"22409,3328,2752",720575940935700348,43.549255
720575940914869232,"25837,4669,2033",720575940873510206,"31190,3277,663",720575940873510206,10.950981
720575940914869232,"25837,4669,2033",720575940888148336,"41698,5563,3288",720575940888148336,8.407954
720575940914869232,"25837,4669,2033",720575940886558498,"24860,3081,2535",720575940886558498,131.285201
720575940894642644,"26297,4875,1664",720575940868783341,"29320,4453,1733",720575940868783341,231.759640
720575940894642644,"26297,4875,1664",720575940919043399,"24306,3929,1314",720575940919043399,172.734281
720575940894642644,"26297,4875,1664",720575940905401289,"27344,3514,1565",720575940905401289,37.169075
720575940894642644,"26297,4875,1664",720575940937876909,"22490,3798,2283",720575940937876909,15.004547
720575940894642644,"26297,4875,1664",720575940877168648,"24461,3600,2248",720575940877168648,10.194267
720575940894642644,"26297,4875,1664",720575940893449483,"30532,4598,1070",720575940893449483,64.470995
720575940894642644,"26297,4875,1664",720575940902330369,"25384,4074,1605",720575940902330369,407.361545
720575940894642644,"26297,4875,1664",720575940870691926,"21636,4289,2083",720575940870691926,594.384062
720575940894642644,"26297,4875,1664",720575940905126710,"23751,4351,1605",720575940905126710,381.722018
720575940894642644,"26297,4875,1664",720575940900275170,"27295,4519,1330",720575940900275170,361.464369
720575940894642644,"26297,4875,1664",720575940881834064,"29556,5160,1151",720575940881834064,383.075550
720575940894642644,"26297,4875,1664",720575940920897193,"32485,5455,1334",720575940920897193,310.741088
720575940894642644,"26297,4875,1664",720575940881834320,"44973,7063,1558",720575940881834320,417.524891
720575940894642644,"26297,4875,1664",720575940883912476,"44111,5787,1151",720575940883912476,122.648968
720575940894642644,"26297,4875,1664",720575940881949777,"13153,5700,2154",720575940881949777,270.781590
720575940894642644,"26297,4875,1664",720575940870692182,"24136,3911,1002",720575940870692182,176.760832
720575940894642644,"26297,4875,1664",720575940847595117,"41727,5321,1579",720575940847595117,433.377365
720575940894642644,"26297,4875,1664",720575940881834576,"20994,6297,2199",720575940881834576,57.643232
720575940894642644,"26297,4875,1664",720575940887754056,"37545,5805,202",720575940887754056,53.578626
720575940894642644,"26297,4875,1664",720575940877569847,"28033,3647,860",720575940877569847,184.001255
720575940894642644,"26297,4875,1664",720575940916312157,"17947,3091,2607",720575940916312157,19.524567
720575940894642644,"26297,4875,1664",720575940897166352,"37387,4317,2239",720575940897166352,0.000000
720575940894642644,"26297,4875,1664",720575940888538572,"23742,3073,2451",720575940888538572,21.414978
720575940894642644,"26297,4875,1664",720575940935700348,"22409,3328,2752",720575940935700348,0.000000
720575940894642644,"26297,4875,1664",720575940873510206,"31190,3277,663",720575940873510206,0.000000
720575940894642644,"26297,4875,1664",720575940888148336,"41698,5563,3288",720575940888148336,0.000000
720575940894642644,"26297,4875,1664",720575940886558498,"24860,3081,2535",720575940886558498,11.463372
720575940900287353,"26938,4735,1737",720575940868783341,"29320,4453,1733",720575940868783341,206.281768
720575940900287353,"26938,4735,1737",720575940919043399,"24306,3929,1314",720575940919043399,0.000000
720575940900287353,"26938,4735,1737",720575940905401289,"27344,3514,1565",720575940905401289,11.626418
720575940900287353,"26938,4735,1737",720575940937876909,"22490,3798,2283",720575940937876909,35.640841
720575940900287353,"26938,4735,1737",720575940877168648,"24461,3600,2248",720575940877168648,0.000000
720575940900287353,"26938,4735,1737",720575940893449483,"30532,4598,1070",720575940893449483,89.555463
720575940900287353,"26938,4735,1737",720575940902330369,"25384,4074,1605",720575940902330369,410.473288
720575940900287353,"26938,4735,1737",720575940870691926,"21636,4289,2083",720575940870691926,180.712049
720575940900287353,"26938,4735,1737",720575940905126710,"23751,4351,1605",720575940905126710,226.922635
720575940900287353,"26938,4735,1737",720575940900275170,"27295,4519,1330",720575940900275170,474.476391
720575940900287353,"26938,4735,1737",720575940881834064,"29556,5160,1151",720575940881834064,140.366383
720575940900287353,"26938,4735,1737",720575940920897193,"32485,5455,1334",720575940920897193,401.392984
720575940900287353,"26938,4735,1737",720575940881834320,"44973,7063,1558",720575940881834320,67.477599
720575940900287353,"26938,4735,1737",720575940883912476,"44111,5787,1151",720575940883912476,28.839245
720575940900287353,"26938,4735,1737",720575940881949777,"13153,5700,2154",720575940881949777,306.028307
720575940900287353,"26938,4735,1737",720575940870692182,"24136,3911,1002",720575940870692182,179.387510
720575940900287353,"26938,4735,1737",720575940847595117,"41727,5321,1579",720575940847595117,182.302946
720575940900287353,"26938,4735,1737",720575940881834576,"20994,6297,2199",720575940881834576,91.136125
720575940900287353,"26938,4735,1737",720575940887754056,"37545,5805,202",720575940887754056,123.358794
720575940900287353,"26938,4735,1737",720575940877569847,"28033,3647,860",720575940877569847,29.956007
720575940900287353,"26938,4735,1737",720575940916312157,"17947,3091,2607",720575940916312157,0.000000
720575940900287353,"26938,4735,1737",720575940897166352,"37387,4317,2239",720575940897166352,0.000000
720575940900287353,"26938,4735,1737",720575940888538572,"23742,3073,2451",720575940888538572,39.053819
720575940900287353,"26938,4735,1737",720575940935700348,"22409,3328,2752",720575940935700348,0.000000
720575940900287353,"26938,4735,1737",720575940873510206,"31190,3277,663",720575940873510206,0.000000
720575940900287353,"26938,4735,1737",720575940888148336,"41698,5563,3288",720575940888148336,0.000000
720575940900287353,"26938,4735,1737",720575940886558498,"24860,3081,2535",720575940886558498,0.000000
720575940919600645,"22821,4421,2035",720575940868783341,"29320,4453,1733",720575940868783341,327.980194
720575940919600645,"22821,4421,2035",720575940919043399,"24306,3929,1314",720575940919043399,176.850899
720575940919600645,"22821,4421,2035",720575940905401289,"27344,3514,1565",720575940905401289,81.413174
720575940919600645,"22821,4421,2035",720575940937876909,"22490,3798,2283",720575940937876909,131.770773
720575940919600645,"22821,4421,2035",720575940877168648,"24461,3600,2248",720575940877168648,143.934633
720575940919600645,"22821,4421,2035",720575940893449483,"30532,4598,1070",720575940893449483,75.810184
720575940919600645,"22821,4421,2035",720575940902330369,"25384,4074,1605",720575940902330369,346.850910
720575940919600645,"22821,4421,2035",720575940870691926,"21636,4289,2083",720575940870691926,298.119622
720575940919600645,"22821,4421,2035",720575940905126710,"23751,4351,1605",720575940905126710,146.162818
720575940919600645,"22821,4421,2035",720575940900275170,"27295,4519,1330",720575940900275170,152.916025
720575940919600645,"22821,4421,2035",720575940881834064,"29556,5160,1151",720575940881834064,79.532494
720575940919600645,"22821,4421,2035",720575940920897193,"32485,5455,1334",720575940920897193,295.402373
720575940919600645,"22821,4421,2035",720575940881834320,"44973,7063,1558",720575940881834320,89.288375
720575940919600645,"22821,4421,2035",720575940883912476,"44111,5787,1151",720575940883912476,217.552136
720575940919600645,"22821,4421,2035",720575940881949777,"13153,5700,2154",720575940881949777,119.020494
720575940919600645,"22821,4421,2035",720575940870692182,"24136,3911,1002",720575940870692182,139.387153
720575940919600645,"22821,4421,2035",720575940847595117,"41727,5321,1579",720575940847595117,487.583701
720575940919600645,"22821,4421,2035",720575940881834576,"20994,6297,2199",720575940881834576,30.243719
720575940919600645,"22821,4421,2035",720575940887754056,"37545,5805,202",720575940887754056,45.410813
720575940919600645,"22821,4421,2035",720575940877569847,"28033,3647,860",720575940877569847,22.510246
720575940919600645,"22821,4421,2035",720575940916312157,"17947,3091,2607",720575940916312157,38.927850
720575940919600645,"22821,4421,2035",720575940897166352,"37387,4317,2239",720575940897166352,0.000000
720575940919600645,"22821,4421,2035",720575940888538572,"23742,3073,2451",720575940888538572,46.984362
720575940919600645,"22821,4421,2035",720575940935700348,"22409,3328,2752",720575940935700348,16.136423
720575940919600645,"22821,4421,2035",720575940873510206,"31190,3277,663",720575940873510206,0.000000
720575940919600645,"22821,4421,2035",720575940888148336,"41698,5563,3288",720575940888148336,0.000000
720575940919600645,"22821,4421,2035",720575940886558498,"24860,3081,2535",720575940886558498,0.000000
720575940888787983,"31857,4613,1190",720575940868783341,"29320,4453,1733",720575940868783341,123.761330
720575940888787983,"31857,4613,1190",720575940919043399,"24306,3929,1314",720575940919043399,0.000000
720575940888787983,"31857,4613,1190",720575940905401289,"27344,3514,1565",720575940905401289,0.000000
720575940888787983,"31857,4613,1190",720575940937876909,"22490,3798,2283",720575940937876909,10.491107
720575940888787983,"31857,4613,1190",720575940877168648,"24461,3600,2248",720575940877168648,4.549099
720575940888787983,"31857,4613,1190",720575940893449483,"30532,4598,1070",720575940893449483,79.279087
720575940888787983,"31857,4613,1190",720575940902330369,"25384,4074,1605",720575940902330369,154.446036
720575940888787983,"31857,4613,1190",720575940870691926,"21636,4289,2083",720575940870691926,102.632222
720575940888787983,"31857,4613,1190",720575940905126710,"23751,4351,1605",720575940905126710,274.461487
720575940888787983,"31857,4613,1190",720575940900275170,"27295,4519,1330",720575940900275170,453.149648
720575940888787983,"31857,4613,1190",720575940881834064,"29556,5160,1151",720575940881834064,97.017622
720575940888787983,"31857,4613,1190",720575940920897193,"32485,5455,1334",720575940920897193,339.168008
720575940888787983,"31857,4613,1190",720575940881834320,"44973,7063,1558",720575940881834320,8.054330
720575940888787983,"31857,4613,1190",720575940883912476,"44111,5787,1151",720575940883912476,112.247071
720575940888787983,"31857,4613,1190",720575940881949777,"13153,5700,2154",720575940881949777,179.891351
720575940888787983,"31857,4613,1190",720575940870692182,"24136,3911,1002",720575940870692182,26.252736
720575940888787983,"31857,4613,1190",720575940847595117,"41727,5321,1579",720575940847595117,104.590519
720575940888787983,"31857,4613,1190",720575940881834576,"20994,6297,2199",720575940881834576,54.588757
720575940888787983,"31857,4613,1190",720575940887754056,"37545,5805,202",720575940887754056,32.212109
720575940888787983,"31857,4613,1190",720575940877569847,"28033,3647,860",720575940877569847,0.000000
720575940888787983,"31857,4613,1190",720575940916312157,"17947,3091,2607",720575940916312157,0.000000
720575940888787983,"31857,4613,1190",720575940897166352,"37387,4317,2239",720575940897166352,0.000000
720575940888787983,"31857,4613,1190",720575940888538572,"23742,3073,2451",720575940888538572,0.000000
720575940888787983,"31857,4613,1190",720575940935700348,"22409,3328,2752",720575940935700348,0.000000
720575940888787983,"31857,4613,1190",720575940873510206,"31190,3277,663",720575940873510206,0.000000
720575940888787983,"31857,4613,1190",720575940888148336,"41698,5563,3288",720575940888148336,0.000000
720575940888787983,"31857,4613,1190",720575940886558498,"24860,3081,2535",720575940886558498,0.000000
720575940894642900,"28077,4397,1947",720575940868783341,"29320,4453,1733",720575940868783341,202.418080
720575940894642900,"28077,4397,1947",720575940919043399,"24306,3929,1314",720575940919043399,0.000000
720575940894642900,"28077,4397,1947",720575940905401289,"27344,3514,1565",720575940905401289,7.023302
720575940894642900,"28077,4397,1947",720575940937876909,"22490,3798,2283",720575940937876909,0.000000
720575940894642900,"28077,4397,1947",720575940877168648,"24461,3600,2248",720575940877168648,12.847120
720575940894642900,"28077,4397,1947",720575940893449483,"30532,4598,1070",720575940893449483,0.000000
720575940894642900,"28077,4397,1947",720575940902330369,"25384,4074,1605",720575940902330369,77.582309
720575940894642900,"28077,4397,1947",720575940870691926,"21636,4289,2083",720575940870691926,200.877865
720575940894642900,"28077,4397,1947",720575940905126710,"23751,4351,1605",720575940905126710,50.307159
720575940894642900,"28077,4397,1947",720575940900275170,"27295,4519,1330",720575940900275170,298.479029
720575940894642900,"28077,4397,1947",720575940881834064,"29556,5160,1151",720575940881834064,0.000000
720575940894642900,"28077,4397,1947",720575940920897193,"32485,5455,1334",720575940920897193,115.708009
720575940894642900,"28077,4397,1947",720575940881834320,"44973,7063,1558",720575940881834320,203.352676
720575940894642900,"28077,4397,1947",720575940883912476,"44111,5787,1151",720575940883912476,0.000000
720575940894642900,"28077,4397,1947",720575940881949777,"13153,5700,2154",720575940881949777,114.070462
720575940894642900,"28077,4397,1947",720575940870692182,"24136,3911,1002",720575940870692182,17.831766
720575940894642900,"28077,4397,1947",720575940847595117,"41727,5321,1579",720575940847595117,467.008700
720575940894642900,"28077,4397,1947",720575940881834576,"20994,6297,2199",720575940881834576,29.844271
720575940894642900,"28077,4397,1947",720575940887754056,"37545,5805,202",720575940887754056,115.737685
720575940894642900,"28077,4397,1947",720575940877569847,"28033,3647,860",720575940877569847,84.087332
720575940894642900,"28077,4397,1947",720575940916312157,"17947,3091,2607",720575940916312157,11.170869
720575940894642900,"28077,4397,1947",720575940897166352,"37387,4317,2239",720575940897166352,0.000000
720575940894642900,"28077,4397,1947",720575940888538572,"23742,3073,2451",720575940888538572,40.412109
720575940894642900,"28077,4397,1947",720575940935700348,"22409,3328,2752",720575940935700348,0.000000
720575940894642900,"28077,4397,1947",720575940873510206,"31190,3277,663",720575940873510206,0.000000
720575940894642900,"28077,4397,1947",720575940888148336,"41698,5563,3288",720575940888148336,0.000000
720575940894642900,"28077,4397,1947",720575940886558498,"24860,3081,2535",720575940886558498,29.831537
720575940902363320,"31294,5325,1609",720575940868783341,"29320,4453,1733",720575940868783341,317.116868
720575940902363320,"31294,5325,1609",720575940919043399,"24306,3929,1314",720575940919043399,28.295646
720575940902363320,"31294,5325,1609",720575940905401289,"27344,3514,1565",720575940905401289,11.376129
720575940902363320,"31294,5325,1609",720575940937876909,"22490,3798,2283",720575940937876909,0.000000
720575940902363320,"31294,5325,1609",720575940877168648,"24461,3600,2248",720575940877168648,45.649127
720575940902363320,"31294,5325,1609",720575940893449483,"30532,4598,1070",720575940893449483,89.429647
720575940902363320,"31294,5325,1609",720575940902330369,"25384,4074,1605",720575940902330369,143.914362
720575940902363320,"31294,5325,1609",720575940870691926,"21636,4289,2083",720575940870691926,229.855421
720575940902363320,"31294,5325,1609",720575940905126710,"23751,4351,1605",720575940905126710,37.755127
720575940902363320,"31294,5325,1609",720575940900275170,"27295,4519,1330",720575940900275170,168.563713
720575940902363320,"31294,5325,1609",720575940881834064,"29556,5160,1151",720575940881834064,21.022965
720575940902363320,"31294,5325,1609",720575940920897193,"32485,5455,1334",720575940920897193,214.958271
720575940902363320,"31294,5325,1609",720575940881834320,"44973,7063,1558",720575940881834320,264.385101
720575940902363320,"31294,5325,1609",720575940883912476,"44111,5787,1151",720575940883912476,121.354109
720575940902363320,"31294,5325,1609",720575940881949777,"13153,5700,2154",720575940881949777,190.102984
720575940902363320,"31294,5325,1609",720575940870692182,"24136,3911,1002",720575940870692182,121.208059
720575940902363320,"31294,5325,1609",720575940847595117,"41727,5321,1579",720575940847595117,699.128389
720575940902363320,"31294,5325,1609",720575940881834576,"20994,6297,2199",720575940881834576,123.107965
720575940902363320,"31294,5325,1609",720575940887754056,"37545,5805,202",720575940887754056,18.171023
720575940902363320,"31294,5325,1609",720575940877569847,"28033,3647,860",720575940877569847,29.897043
720575940902363320,"31294,5325,1609",720575940916312157,"17947,3091,2607",720575940916312157,0.000000
720575940902363320,"31294,5325,1609",720575940897166352,"37387,4317,2239",720575940897166352,13.480521
720575940902363320,"31294,5325,1609",720575940888538572,"23742,3073,2451",720575940888538572,0.000000
720575940902363320,"31294,5325,1609",720575940935700348,"22409,3328,2752",720575940935700348,0.000000
720575940902363320,"31294,5325,1609",720575940873510206,"31190,3277,663",720575940873510206,0.000000
720575940902363320,"31294,5325,1609",720575940888148336,"41698,5563,3288",720575940888148336,9.287272
720575940902363320,"31294,5325,1609",720575940886558498,"24860,3081,2535",720575940886558498,0.000000
720575940879973250,"29001,5190,1911",720575940868783341,"29320,4453,1733",720575940868783341,165.756533
720575940879973250,"29001,5190,1911",720575940919043399,"24306,3929,1314",720575940919043399,0.000000
720575940879973250,"29001,5190,1911",720575940905401289,"27344,3514,1565",720575940905401289,57.964440
720575940879973250,"29001,5190,1911",720575940937876909,"22490,3798,2283",720575940937876909,13.867708
720575940879973250,"29001,5190,1911",720575940877168648,"24461,3600,2248",720575940877168648,0.000000
720575940879973250,"29001,5190,1911",720575940893449483,"30532,4598,1070",720575940893449483,0.000000
720575940879973250,"29001,5190,1911",720575940902330369,"25384,4074,1605",720575940902330369,37.879631
720575940879973250,"29001,5190,1911",720575940870691926,"21636,4289,2083",720575940870691926,148.710949
720575940879973250,"29001,5190,1911",720575940905126710,"23751,4351,1605",720575940905126710,0.000000
720575940879973250,"29001,5190,1911",720575940900275170,"27295,4519,1330",720575940900275170,25.755780
720575940879973250,"29001,5190,1911",720575940881834064,"29556,5160,1151",720575940881834064,0.000000
720575940879973250,"29001,5190,1911",720575940920897193,"32485,5455,1334",720575940920897193,45.020348
720575940879973250,"29001,5190,1911",720575940881834320,"44973,7063,1558",720575940881834320,316.736868
720575940879973250,"29001,5190,1911",720575940883912476,"44111,5787,1151",720575940883912476,93.850871
720575940879973250,"29001,5190,1911",720575940881949777,"13153,5700,2154",720575940881949777,172.916999
720575940879973250,"29001,5190,1911",720575940870692182,"24136,3911,1002",720575940870692182,9.850900
720575940879973250,"29001,5190,1911",720575940847595117,"41727,5321,1579",720575940847595117,451.343243
720575940879973250,"29001,5190,1911",720575940881834576,"20994,6297,2199",720575940881834576,204.842827
720575940879973250,"29001,5190,1911",720575940887754056,"37545,5805,202",720575940887754056,0.000000
720575940879973250,"29001,5190,1911",720575940877569847,"28033,3647,860",720575940877569847,0.000000
720575940879973250,"29001,5190,1911",720575940916312157,"17947,3091,2607",720575940916312157,39.737802
720575940879973250,"29001,5190,1911",720575940897166352,"37387,4317,2239",720575940897166352,0.000000
720575940879973250,"29001,5190,1911",720575940888538572,"23742,3073,2451",720575940888538572,93.170508
720575940879973250,"29001,5190,1911",720575940935700348,"22409,3328,2752",720575940935700348,72.396618
720575940879973250,"29001,5190,1911",720575940873510206,"31190,3277,663",720575940873510206,0.000000
720575940879973250,"29001,5190,1911",720575940888148336,"41698,5563,3288",720575940888148336,0.000000
720575940879973250,"29001,5190,1911",720575940886558498,"24860,3081,2535",720575940886558498,179.793645
720575940881567427,"27959,5227,2169",720575940868783341,"29320,4453,1733",720575940868783341,28.359978
720575940881567427,"27959,5227,2169",720575940919043399,"24306,3929,1314",720575940919043399,0.000000
720575940881567427,"27959,5227,2169",720575940905401289,"27344,3514,1565",720575940905401289,17.382707
720575940881567427,"27959,5227,2169",720575940937876909,"22490,3798,2283",720575940937876909,0.000000
720575940881567427,"27959,5227,2169",720575940877168648,"24461,3600,2248",720575940877168648,0.000000
720575940881567427,"27959,5227,2169",720575940893449483,"30532,4598,1070",720575940893449483,0.000000
720575940881567427,"27959,5227,2169",720575940902330369,"25384,4074,1605",720575940902330369,0.000000
720575940881567427,"27959,5227,2169",720575940870691926,"21636,4289,2083",720575940870691926,0.000000
720575940881567427,"27959,5227,2169",720575940905126710,"23751,4351,1605",720575940905126710,0.000000
720575940881567427,"27959,5227,2169",720575940900275170,"27295,4519,1330",720575940900275170,0.000000
720575940881567427,"27959,5227,2169",720575940881834064,"29556,5160,1151",720575940881834064,0.000000
720575940881567427,"27959,5227,2169",720575940920897193,"32485,5455,1334",720575940920897193,0.000000
720575940881567427,"27959,5227,2169",720575940881834320,"44973,7063,1558",720575940881834320,249.196321
720575940881567427,"27959,5227,2169",720575940883912476,"44111,5787,1151",720575940883912476,71.703222
720575940881567427,"27959,5227,2169",720575940881949777,"13153,5700,2154",720575940881949777,0.000000
720575940881567427,"27959,5227,2169",720575940870692182,"24136,3911,1002",720575940870692182,0.000000
720575940881567427,"27959,5227,2169",720575940847595117,"41727,5321,1579",720575940847595117,79.883791
720575940881567427,"27959,5227,2169",720575940881834576,"20994,6297,2199",720575940881834576,143.853512
720575940881567427,"27959,5227,2169",720575940887754056,"37545,5805,202",720575940887754056,0.000000
720575940881567427,"27959,5227,2169",720575940877569847,"28033,3647,860",720575940877569847,0.000000
720575940881567427,"27959,5227,2169",720575940916312157,"17947,3091,2607",720575940916312157,0.000000
720575940881567427,"27959,5227,2169",720575940897166352,"37387,4317,2239",720575940897166352,0.000000
720575940881567427,"27959,5227,2169",720575940888538572,"23742,3073,2451",720575940888538572,27.606283
720575940881567427,"27959,5227,2169",720575940935700348,"22409,3328,2752",720575940935700348,8.689194
720575940881567427,"27959,5227,2169",720575940873510206,"31190,3277,663",720575940873510206,0.000000
720575940881567427,"27959,5227,2169",720575940888148336,"41698,5563,3288",720575940888148336,0.000000
720575940881567427,"27959,5227,2169",720575940886558498,"24860,3081,2535",720575940886558498,91.605407
720575940909767128,"28113,4977,2227",720575940868783341,"29320,4453,1733",720575940868783341,53.767986
720575940909767128,"28113,4977,2227",720575940919043399,"24306,3929,1314",720575940919043399,0.000000
720575940909767128,"28113,4977,2227",720575940905401289,"27344,3514,1565",720575940905401289,17.382707
720575940909767128,"28113,4977,2227",720575940937876909,"22490,3798,2283",720575940937876909,0.000000
720575940909767128,"28113,4977,2227",720575940877168648,"24461,3600,2248",720575940877168648,0.000000
720575940909767128,"28113,4977,2227",720575940893449483,"30532,4598,1070",720575940893449483,0.000000
720575940909767128,"28113,4977,2227",720575940902330369,"25384,4074,1605",720575940902330369,32.563813
720575940909767128,"28113,4977,2227",720575940870691926,"21636,4289,2083",720575940870691926,8.393486
720575940909767128,"28113,4977,2227",720575940905126710,"23751,4351,1605",720575940905126710,0.000000
720575940909767128,"28113,4977,2227",720575940900275170,"27295,4519,1330",720575940900275170,56.042456
720575940909767128,"28113,4977,2227",720575940881834064,"29556,5160,1151",720575940881834064,0.000000
720575940909767128,"28113,4977,2227",720575940920897193,"32485,5455,1334",720575940920897193,0.000000
720575940909767128,"28113,4977,2227",720575940881834320,"44973,7063,1558",720575940881834320,80.828852
720575940909767128,"28113,4977,2227",720575940883912476,"44111,5787,1151",720575940883912476,54.467919
720575940909767128,"28113,4977,2227",720575940881949777,"13153,5700,2154",720575940881949777,226.403757
720575940909767128,"28113,4977,2227",720575940870692182,"24136,3911,1002",720575940870692182,44.915069
720575940909767128,"28113,4977,2227",720575940847595117,"41727,5321,1579",720575940847595117,211.650730
720575940909767128,"28113,4977,2227",720575940881834576,"20994,6297,2199",720575940881834576,335.826322
720575940909767128,"28113,4977,2227",720575940887754056,"37545,5805,202",720575940887754056,0.000000
720575940909767128,"28113,4977,2227",720575940877569847,"28033,3647,860",720575940877569847,0.000000
720575940909767128,"28113,4977,2227",720575940916312157,"17947,3091,2607",720575940916312157,0.000000
720575940909767128,"28113,4977,2227",720575940897166352,"37387,4317,2239",720575940897166352,0.000000
720575940909767128,"28113,4977,2227",720575940888538572,"23742,3073,2451",720575940888538572,30.593090
720575940909767128,"28113,4977,2227",720575940935700348,"22409,3328,2752",720575940935700348,65.228023
720575940909767128,"28113,4977,2227",720575940873510206,"31190,3277,663",720575940873510206,0.000000
720575940909767128,"28113,4977,2227",720575940888148336,"41698,5563,3288",720575940888148336,4.973212
720575940909767128,"28113,4977,2227",720575940886558498,"24860,3081,2535",720575940886558498,134.498684
720575940893392149,"31501,4685,1552",720575940868783341,"29320,4453,1733",720575940868783341,449.759526
720575940893392149,"31501,4685,1552",720575940919043399,"24306,3929,1314",720575940919043399,131.938012
720575940893392149,"31501,4685,1552",720575940905401289,"27344,3514,1565",720575940905401289,5.888810
720575940893392149,"31501,4685,1552",720575940937876909,"22490,3798,2283",720575940937876909,15.786237
720575940893392149,"31501,4685,1552",720575940877168648,"24461,3600,2248",720575940877168648,40.280796
720575940893392149,"31501,4685,1552",720575940893449483,"30532,4598,1070",720575940893449483,190.221714
720575940893392149,"31501,4685,1552",720575940902330369,"25384,4074,1605",720575940902330369,671.257630
720575940893392149,"31501,4685,1552",720575940870691926,"21636,4289,2083",720575940870691926,534.450421
720575940893392149,"31501,4685,1552",720575940905126710,"23751,4351,1605",720575940905126710,467.457913
720575940893392149,"31501,4685,1552",720575940900275170,"27295,4519,1330",720575940900275170,849.029010
720575940893392149,"31501,4685,1552",720575940881834064,"29556,5160,1151",720575940881834064,241.293788
720575940893392149,"31501,4685,1552",720575940920897193,"32485,5455,1334",720575940920897193,590.973522
720575940893392149,"31501,4685,1552",720575940881834320,"44973,7063,1558",720575940881834320,29.942032
720575940893392149,"31501,4685,1552",720575940883912476,"44111,5787,1151",720575940883912476,161.966743
720575940893392149,"31501,4685,1552",720575940881949777,"13153,5700,2154",720575940881949777,286.781553
720575940893392149,"31501,4685,1552",720575940870692182,"24136,3911,1002",720575940870692182,149.701292
720575940893392149,"31501,4685,1552",720575940847595117,"41727,5321,1579",720575940847595117,234.833423
720575940893392149,"31501,4685,1552",720575940881834576,"20994,6297,2199",720575940881834576,241.706972
720575940893392149,"31501,4685,1552",720575940887754056,"37545,5805,202",720575940887754056,197.953317
720575940893392149,"31501,4685,1552",720575940877569847,"28033,3647,860",720575940877569847,80.169122
720575940893392149,"31501,4685,1552",720575940916312157,"17947,3091,2607",720575940916312157,0.000000
720575940893392149,"31501,4685,1552",720575940897166352,"37387,4317,2239",720575940897166352,0.000000
720575940893392149,"31501,4685,1552",720575940888538572,"23742,3073,2451",720575940888538572,23.527282
720575940893392149,"31501,4685,1552",720575940935700348,"22409,3328,2752",720575940935700348,0.000000
720575940893392149,"31501,4685,1552",720575940873510206,"31190,3277,663",720575940873510206,0.000000
720575940893392149,"31501,4685,1552",720575940888148336,"41698,5563,3288",720575940888148336,0.000000
720575940893392149,"31501,4685,1552",720575940886558498,"24860,3081,2535",720575940886558498,0.000000
720575940909235164,"25307,4834,2029",720575940868783341,"29320,4453,1733",720575940868783341,581.207521
720575940909235164,"25307,4834,2029",720575940919043399,"24306,3929,1314",720575940919043399,0.000000
720575940909235164,"25307,4834,2029",720575940905401289,"27344,3514,1565",720575940905401289,15.467434
720575940909235164,"25307,4834,2029",720575940937876909,"22490,3798,2283",720575940937876909,24.281173
720575940909235164,"25307,4834,2029",720575940877168648,"24461,3600,2248",720575940877168648,13.554569
720575940909235164,"25307,4834,2029",720575940893449483,"30532,4598,1070",720575940893449483,13.261066
720575940909235164,"25307,4834,2029",720575940902330369,"25384,4074,1605",720575940902330369,293.697557
720575940909235164,"25307,4834,2029",720575940870691926,"21636,4289,2083",720575940870691926,418.657102
720575940909235164,"25307,4834,2029",720575940905126710,"23751,4351,1605",720575940905126710,140.563570
720575940909235164,"25307,4834,2029",720575940900275170,"27295,4519,1330",720575940900275170,199.636643
720575940909235164,"25307,4834,2029",720575940881834064,"29556,5160,1151",720575940881834064,94.237951
720575940909235164,"25307,4834,2029",720575940920897193,"32485,5455,1334",720575940920897193,162.090206
720575940909235164,"25307,4834,2029",720575940881834320,"44973,7063,1558",720575940881834320,616.187516
720575940909235164,"25307,4834,2029",720575940883912476,"44111,5787,1151",720575940883912476,195.633770
720575940909235164,"25307,4834,2029",720575940881949777,"13153,5700,2154",720575940881949777,213.896605
720575940909235164,"25307,4834,2029",720575940870692182,"24136,3911,1002",720575940870692182,31.719182
720575940909235164,"25307,4834,2029",720575940847595117,"41727,5321,1579",720575940847595117,568.840593
720575940909235164,"25307,4834,2029",720575940881834576,"20994,6297,2199",720575940881834576,239.054328
720575940909235164,"25307,4834,2029",720575940887754056,"37545,5805,202",720575940887754056,25.942484
720575940909235164,"25307,4834,2029",720575940877569847,"28033,3647,860",720575940877569847,0.000000
720575940909235164,"25307,4834,2029",720575940916312157,"17947,3091,2607",720575940916312157,52.532389
720575940909235164,"25307,4834,2029",720575940897166352,"37387,4317,2239",720575940897166352,0.000000
720575940909235164,"25307,4834,2029",720575940888538572,"23742,3073,2451",720575940888538572,144.447411
720575940909235164,"25307,4834,2029",720575940935700348,"22409,3328,2752",720575940935700348,15.849358
720575940909235164,"25307,4834,2029",720575940873510206,"31190,3277,663",720575940873510206,0.000000
720575940909235164,"25307,4834,2029",720575940888148336,"41698,5563,3288",720575940888148336,0.000000
720575940909235164,"25307,4834,2029",720575940886558498,"24860,3081,2535",720575940886558498,61.092344
720575940940896383,"27354,4848,1311",720575940868783341,"29320,4453,1733",720575940868783341,151.774074
720575940940896383,"27354,4848,1311",720575940919043399,"24306,3929,1314",720575940919043399,73.938075
720575940940896383,"27354,4848,1311",720575940905401289,"27344,3514,1565",720575940905401289,0.000000
720575940940896383,"27354,4848,1311",720575940937876909,"22490,3798,2283",720575940937876909,8.715622
720575940940896383,"27354,4848,1311",720575940877168648,"24461,3600,2248",720575940877168648,10.199141
720575940940896383,"27354,4848,1311",720575940893449483,"30532,4598,1070",720575940893449483,31.454277
720575940940896383,"27354,4848,1311",720575940902330369,"25384,4074,1605",720575940902330369,76.089191
720575940940896383,"27354,4848,1311",720575940870691926,"21636,4289,2083",720575940870691926,296.586457
720575940940896383,"27354,4848,1311",720575940905126710,"23751,4351,1605",720575940905126710,257.189057
720575940940896383,"27354,4848,1311",720575940900275170,"27295,4519,1330",720575940900275170,488.559826
720575940940896383,"27354,4848,1311",720575940881834064,"29556,5160,1151",720575940881834064,40.202468
720575940940896383,"27354,4848,1311",720575940920897193,"32485,5455,1334",720575940920897193,236.187010
720575940940896383,"27354,4848,1311",720575940881834320,"44973,7063,1558",720575940881834320,83.114042
720575940940896383,"27354,4848,1311",720575940883912476,"44111,5787,1151",720575940883912476,17.462570
720575940940896383,"27354,4848,1311",720575940881949777,"13153,5700,2154",720575940881949777,160.876682
720575940940896383,"27354,4848,1311",720575940870692182,"24136,3911,1002",720575940870692182,10.689749
720575940940896383,"27354,4848,1311",720575940847595117,"41727,5321,1579",720575940847595117,144.476276
720575940940896383,"27354,4848,1311",720575940881834576,"20994,6297,2199",720575940881834576,153.164465
720575940940896383,"27354,4848,1311",720575940887754056,"37545,5805,202",720575940887754056,113.750246
720575940940896383,"27354,4848,1311",720575940877569847,"28033,3647,860",720575940877569847,112.000933
720575940940896383,"27354,4848,1311",720575940916312157,"17947,3091,2607",720575940916312157,13.202598
720575940940896383,"27354,4848,1311",720575940897166352,"37387,4317,2239",720575940897166352,0.000000
720575940940896383,"27354,4848,1311",720575940888538572,"23742,3073,2451",720575940888538572,34.087699
720575940940896383,"27354,4848,1311",720575940935700348,"22409,3328,2752",720575940935700348,0.000000
720575940940896383,"27354,4848,1311",720575940873510206,"31190,3277,663",720575940873510206,0.000000
720575940940896383,"27354,4848,1311",720575940888148336,"41698,5563,3288",720575940888148336,0.000000
720575940940896383,"27354,4848,1311",720575940886558498,"24860,3081,2535",720575940886558498,3.435408
720575940909767384,"24857,5224,2082",720575940868783341,"29320,4453,1733",720575940868783341,595.640461
720575940909767384,"24857,5224,2082",720575940919043399,"24306,3929,1314",720575940919043399,0.000000
720575940909767384,"24857,5224,2082",720575940905401289,"27344,3514,1565",720575940905401289,27.098841
720575940909767384,"24857,5224,2082",720575940937876909,"22490,3798,2283",720575940937876909,97.253164
720575940909767384,"24857,5224,2082",720575940877168648,"24461,3600,2248",720575940877168648,132.378321
720575940909767384,"24857,5224,2082",720575940893449483,"30532,4598,1070",720575940893449483,0.000000
720575940909767384,"24857,5224,2082",720575940902330369,"25384,4074,1605",720575940902330369,461.238466
720575940909767384,"24857,5224,2082",720575940870691926,"21636,4289,2083",720575940870691926,445.055963
720575940909767384,"24857,5224,2082",720575940905126710,"23751,4351,1605",720575940905126710,64.017546
720575940909767384,"24857,5224,2082",720575940900275170,"27295,4519,1330",720575940900275170,267.506201
720575940909767384,"24857,5224,2082",720575940881834064,"29556,5160,1151",720575940881834064,81.001576
720575940909767384,"24857,5224,2082",720575940920897193,"32485,5455,1334",720575940920897193,325.011581
720575940909767384,"24857,5224,2082",720575940881834320,"44973,7063,1558",720575940881834320,456.391263
720575940909767384,"24857,5224,2082",720575940883912476,"44111,5787,1151",720575940883912476,436.861044
720575940909767384,"24857,5224,2082",720575940881949777,"13153,5700,2154",720575940881949777,286.249976
720575940909767384,"24857,5224,2082",720575940870692182,"24136,3911,1002",720575940870692182,133.378374
720575940909767384,"24857,5224,2082",720575940847595117,"41727,5321,1579",720575940847595117,769.280719
720575940909767384,"24857,5224,2082",720575940881834576,"20994,6297,2199",720575940881834576,180.144404
720575940909767384,"24857,5224,2082",720575940887754056,"37545,5805,202",720575940887754056,11.979915
720575940909767384,"24857,5224,2082",720575940877569847,"28033,3647,860",720575940877569847,15.806753
720575940909767384,"24857,5224,2082",720575940916312157,"17947,3091,2607",720575940916312157,84.473367
720575940909767384,"24857,5224,2082",720575940897166352,"37387,4317,2239",720575940897166352,0.000000
720575940909767384,"24857,5224,2082",720575940888538572,"23742,3073,2451",720575940888538572,150.448802
720575940909767384,"24857,5224,2082",720575940935700348,"22409,3328,2752",720575940935700348,117.066124
720575940909767384,"24857,5224,2082",720575940873510206,"31190,3277,663",720575940873510206,0.000000
720575940909767384,"24857,5224,2082",720575940888148336,"41698,5563,3288",720575940888148336,0.000000
720575940909767384,"24857,5224,2082",720575940886558498,"24860,3081,2535",720575940886558498,53.612584
720575940913511793,"26783,4866,2104",720575940868783341,"29320,4453,1733",720575940868783341,334.887761
720575940913511793,"26783,4866,2104",720575940919043399,"24306,3929,1314",720575940919043399,0.000000
720575940913511793,"26783,4866,2104",720575940905401289,"27344,3514,1565",720575940905401289,0.000000
720575940913511793,"26783,4866,2104",720575940937876909,"22490,3798,2283",720575940937876909,0.000000
720575940913511793,"26783,4866,2104",720575940877168648,"24461,3600,2248",720575940877168648,63.790566
720575940913511793,"26783,4866,2104",720575940893449483,"30532,4598,1070",720575940893449483,21.018854
720575940913511793,"26783,4866,2104",720575940902330369,"25384,4074,1605",720575940902330369,53.919575
720575940913511793,"26783,4866,2104",720575940870691926,"21636,4289,2083",720575940870691926,249.728198
720575940913511793,"26783,4866,2104",720575940905126710,"23751,4351,1605",720575940905126710,0.000000
720575940913511793,"26783,4866,2104",720575940900275170,"27295,4519,1330",720575940900275170,98.297741
720575940913511793,"26783,4866,2104",720575940881834064,"29556,5160,1151",720575940881834064,0.000000
720575940913511793,"26783,4866,2104",720575940920897193,"32485,5455,1334",720575940920897193,36.171095
720575940913511793,"26783,4866,2104",720575940881834320,"44973,7063,1558",720575940881834320,559.545305
720575940913511793,"26783,4866,2104",720575940883912476,"44111,5787,1151",720575940883912476,193.654648
720575940913511793,"26783,4866,2104",720575940881949777,"13153,5700,2154",720575940881949777,149.809091
720575940913511793,"26783,4866,2104",720575940870692182,"24136,3911,1002",720575940870692182,37.066033
720575940913511793,"26783,4866,2104",720575940847595117,"41727,5321,1579",720575940847595117,644.349546
720575940913511793,"26783,4866,2104",720575940881834576,"20994,6297,2199",720575940881834576,406.053260
720575940913511793,"26783,4866,2104",720575940887754056,"37545,5805,202",720575940887754056,7.137226
720575940913511793,"26783,4866,2104",720575940877569847,"28033,3647,860",720575940877569847,21.496520
720575940913511793,"26783,4866,2104",720575940916312157,"17947,3091,2607",720575940916312157,22.882989
720575940913511793,"26783,4866,2104",720575940897166352,"37387,4317,2239",720575940897166352,68.323026
720575940913511793,"26783,4866,2104",720575940888538572,"23742,3073,2451",720575940888538572,7.392326
720575940913511793,"26783,4866,2104",720575940935700348,"22409,3328,2752",720575940935700348,0.000000
720575940913511793,"26783,4866,2104",720575940873510206,"31190,3277,663",720575940873510206,0.000000
720575940913511793,"26783,4866,2104",720575940888148336,"41698,5563,3288",720575940888148336,0.000000
720575940913511793,"26783,4866,2104",720575940886558498,"24860,3081,2535",720575940886558498,42.357311
720575940899353473,"24741,5240,2177",720575940868783341,"29320,4453,1733",720575940868783341,224.984651
720575940899353473,"24741,5240,2177",720575940919043399,"24306,3929,1314",720575940919043399,0.000000
720575940899353473,"24741,5240,2177",720575940905401289,"27344,3514,1565",720575940905401289,0.000000
720575940899353473,"24741,5240,2177",720575940937876909,"22490,3798,2283",720575940937876909,69.623838
720575940899353473,"24741,5240,2177",720575940877168648,"24461,3600,2248",720575940877168648,7.890436
720575940899353473,"24741,5240,2177",720575940893449483,"30532,4598,1070",720575940893449483,0.000000
720575940899353473,"24741,5240,2177",720575940902330369,"25384,4074,1605",720575940902330369,144.261089
720575940899353473,"24741,5240,2177",720575940870691926,"21636,4289,2083",720575940870691926,161.610662
720575940899353473,"24741,5240,2177",720575940905126710,"23751,4351,1605",720575940905126710,63.357078
720575940899353473,"24741,5240,2177",720575940900275170,"27295,4519,1330",720575940900275170,10.136316
720575940899353473,"24741,5240,2177",720575940881834064,"29556,5160,1151",720575940881834064,13.331393
720575940899353473,"24741,5240,2177",720575940920897193,"32485,5455,1334",720575940920897193,49.443711
720575940899353473,"24741,5240,2177",720575940881834320,"44973,7063,1558",720575940881834320,225.703126
720575940899353473,"24741,5240,2177",720575940883912476,"44111,5787,1151",720575940883912476,183.161744
720575940899353473,"24741,5240,2177",720575940881949777,"13153,5700,2154",720575940881949777,0.000000
720575940899353473,"24741,5240,2177",720575940870692182,"24136,3911,1002",720575940870692182,7.310270
720575940899353473,"24741,5240,2177",720575940847595117,"41727,5321,1579",720575940847595117,333.994371
720575940899353473,"24741,5240,2177",720575940881834576,"20994,6297,2199",720575940881834576,25.627509
720575940899353473,"24741,5240,2177",720575940887754056,"37545,5805,202",720575940887754056,0.000000
720575940899353473,"24741,5240,2177",720575940877569847,"28033,3647,860",720575940877569847,0.000000
720575940899353473,"24741,5240,2177",720575940916312157,"17947,3091,2607",720575940916312157,10.184530
720575940899353473,"24741,5240,2177",720575940897166352,"37387,4317,2239",720575940897166352,0.000000
720575940899353473,"24741,5240,2177",720575940888538572,"23742,3073,2451",720575940888538572,10.934535
720575940899353473,"24741,5240,2177",720575940935700348,"22409,3328,2752",720575940935700348,0.000000
720575940899353473,"24741,5240,2177",720575940873510206,"31190,3277,663",720575940873510206,0.000000
720575940899353473,"24741,5240,2177",720575940888148336,"41698,5563,3288",720575940888148336,0.000000
720575940899353473,"24741,5240,2177",720575940886558498,"24860,3081,2535",720575940886558498,42.093417
720575940903706403,"25530,5454,1897",720575940868783341,"29320,4453,1733",720575940868783341,32.664817
720575940903706403,"25530,5454,1897",720575940919043399,"24306,3929,1314",720575940919043399,0.000000
720575940903706403,"25530,5454,1897",720575940905401289,"27344,3514,1565",720575940905401289,0.000000
720575940903706403,"25530,5454,1897",720575940937876909,"22490,3798,2283",720575940937876909,0.000000
720575940903706403,"25530,5454,1897",720575940877168648,"24461,3600,2248",720575940877168648,0.000000
720575940903706403,"25530,5454,1897",720575940893449483,"30532,4598,1070",720575940893449483,0.000000
720575940903706403,"25530,5454,1897",720575940902330369,"25384,4074,1605",720575940902330369,0.000000
720575940903706403,"25530,5454,1897",720575940870691926,"21636,4289,2083",720575940870691926,0.000000
720575940903706403,"25530,5454,1897",720575940905126710,"23751,4351,1605",720575940905126710,0.000000
720575940903706403,"25530,5454,1897",720575940900275170,"27295,4519,1330",720575940900275170,28.851107
720575940903706403,"25530,5454,1897",720575940881834064,"29556,5160,1151",720575940881834064,0.000000
720575940903706403,"25530,5454,1897",720575940920897193,"32485,5455,1334",720575940920897193,5.081640
720575940903706403,"25530,5454,1897",720575940881834320,"44973,7063,1558",720575940881834320,178.811852
720575940903706403,"25530,5454,1897",720575940883912476,"44111,5787,1151",720575940883912476,43.369363
720575940903706403,"25530,5454,1897",720575940881949777,"13153,5700,2154",720575940881949777,14.484251
720575940903706403,"25530,5454,1897",720575940870692182,"24136,3911,1002",720575940870692182,0.000000
720575940903706403,"25530,5454,1897",720575940847595117,"41727,5321,1579",720575940847595117,0.000000
720575940903706403,"25530,5454,1897",720575940881834576,"20994,6297,2199",720575940881834576,0.000000
720575940903706403,"25530,5454,1897",720575940887754056,"37545,5805,202",720575940887754056,17.097496
720575940903706403,"25530,5454,1897",720575940877569847,"28033,3647,860",720575940877569847,70.256909
720575940903706403,"25530,5454,1897",720575940916312157,"17947,3091,2607",720575940916312157,0.000000
720575940903706403,"25530,5454,1897",720575940897166352,"37387,4317,2239",720575940897166352,0.000000
720575940903706403,"25530,5454,1897",720575940888538572,"23742,3073,2451",720575940888538572,20.869683
720575940903706403,"25530,5454,1897",720575940935700348,"22409,3328,2752",720575940935700348,0.000000
720575940903706403,"25530,5454,1897",720575940873510206,"31190,3277,663",720575940873510206,0.000000
720575940903706403,"25530,5454,1897",720575940888148336,"41698,5563,3288",720575940888148336,0.000000
720575940903706403,"25530,5454,1897",720575940886558498,"24860,3081,2535",720575940886558498,6.860680
720575940861406706,"23217,4980,1695",720575940868783341,"29320,4453,1733",720575940868783341,130.398633
720575940861406706,"23217,4980,1695",720575940919043399,"24306,3929,1314",720575940919043399,56.451786
720575940861406706,"23217,4980,1695",720575940905401289,"27344,3514,1565",720575940905401289,0.000000
720575940861406706,"23217,4980,1695",720575940937876909,"22490,3798,2283",720575940937876909,31.128049
720575940861406706,"23217,4980,1695",720575940877168648,"24461,3600,2248",720575940877168648,33.680461
720575940861406706,"23217,4980,1695",720575940893449483,"30532,4598,1070",720575940893449483,0.000000
720575940861406706,"23217,4980,1695",720575940902330369,"25384,4074,1605",720575940902330369,233.523836
720575940861406706,"23217,4980,1695",720575940870691926,"21636,4289,2083",720575940870691926,227.112787
720575940861406706,"23217,4980,1695",720575940905126710,"23751,4351,1605",720575940905126710,41.525780
720575940861406706,"23217,4980,1695",720575940900275170,"27295,4519,1330",720575940900275170,71.544511
720575940861406706,"23217,4980,1695",720575940881834064,"29556,5160,1151",720575940881834064,166.838341
720575940861406706,"23217,4980,1695",720575940920897193,"32485,5455,1334",720575940920897193,169.552538
720575940861406706,"23217,4980,1695",720575940881834320,"44973,7063,1558",720575940881834320,185.762350
720575940861406706,"23217,4980,1695",720575940883912476,"44111,5787,1151",720575940883912476,154.423662
720575940861406706,"23217,4980,1695",720575940881949777,"13153,5700,2154",720575940881949777,0.000000
720575940861406706,"23217,4980,1695",720575940870692182,"24136,3911,1002",720575940870692182,25.672382
720575940861406706,"23217,4980,1695",720575940847595117,"41727,5321,1579",720575940847595117,242.100792
720575940861406706,"23217,4980,1695",720575940881834576,"20994,6297,2199",720575940881834576,16.499003
720575940861406706,"23217,4980,1695",720575940887754056,"37545,5805,202",720575940887754056,41.527888
720575940861406706,"23217,4980,1695",720575940877569847,"28033,3647,860",720575940877569847,27.840969
720575940861406706,"23217,4980,1695",720575940916312157,"17947,3091,2607",720575940916312157,0.000000
720575940861406706,"23217,4980,1695",720575940897166352,"37387,4317,2239",720575940897166352,0.000000
720575940861406706,"23217,4980,1695",720575940888538572,"23742,3073,2451",720575940888538572,0.000000
720575940861406706,"23217,4980,1695",720575940935700348,"22409,3328,2752",720575940935700348,0.000000
720575940861406706,"23217,4980,1695",720575940873510206,"31190,3277,663",720575940873510206,0.000000
720575940861406706,"23217,4980,1695",720575940888148336,"41698,5563,3288",720575940888148336,0.000000
720575940861406706,"23217,4980,1695",720575940886558498,"24860,3081,2535",720575940886558498,0.000000
720575940905081398,"25744,3531,1474",720575940868783341,"29320,4453,1733",720575940868783341,224.302092
720575940905081398,"25744,3531,1474",720575940919043399,"24306,3929,1314",720575940919043399,524.521864
720575940905081398,"25744,3531,1474",720575940905401289,"27344,3514,1565",720575940905401289,516.507699
720575940905081398,"25744,3531,1474",720575940937876909,"22490,3798,2283",720575940937876909,286.556267
720575940905081398,"25744,3531,1474",720575940877168648,"24461,3600,2248",720575940877168648,480.956482
720575940905081398,"25744,3531,1474",720575940893449483,"30532,4598,1070",720575940893449483,138.432486
720575940905081398,"25744,3531,1474",720575940902330369,"25384,4074,1605",720575940902330369,170.118926
720575940905081398,"25744,3531,1474",720575940870691926,"21636,4289,2083",720575940870691926,26.213546
720575940905081398,"25744,3531,1474",720575940905126710,"23751,4351,1605",720575940905126710,72.673851
720575940905081398,"25744,3531,1474",720575940900275170,"27295,4519,1330",720575940900275170,180.441529
720575940905081398,"25744,3531,1474",720575940881834064,"29556,5160,1151",720575940881834064,127.865277
720575940905081398,"25744,3531,1474",720575940920897193,"32485,5455,1334",720575940920897193,0.000000
720575940905081398,"25744,3531,1474",720575940881834320,"44973,7063,1558",720575940881834320,0.000000
720575940905081398,"25744,3531,1474",720575940883912476,"44111,5787,1151",720575940883912476,25.791349
720575940905081398,"25744,3531,1474",720575940881949777,"13153,5700,2154",720575940881949777,166.244515
720575940905081398,"25744,3531,1474",720575940870692182,"24136,3911,1002",720575940870692182,511.150183
720575940905081398,"25744,3531,1474",720575940847595117,"41727,5321,1579",720575940847595117,0.000000
720575940905081398,"25744,3531,1474",720575940881834576,"20994,6297,2199",720575940881834576,25.582737
720575940905081398,"25744,3531,1474",720575940887754056,"37545,5805,202",720575940887754056,357.539393
720575940905081398,"25744,3531,1474",720575940877569847,"28033,3647,860",720575940877569847,1050.106271
720575940905081398,"25744,3531,1474",720575940916312157,"17947,3091,2607",720575940916312157,862.016030
720575940905081398,"25744,3531,1474",720575940897166352,"37387,4317,2239",720575940897166352,0.000000
720575940905081398,"25744,3531,1474",720575940888538572,"23742,3073,2451",720575940888538572,503.391126
720575940905081398,"25744,3531,1474",720575940935700348,"22409,3328,2752",720575940935700348,148.096509
720575940905081398,"25744,3531,1474",720575940873510206,"31190,3277,663",720575940873510206,189.572780
720575940905081398,"25744,3531,1474",720575940888148336,"41698,5563,3288",720575940888148336,65.750566
720575940905081398,"25744,3531,1474",720575940886558498,"24860,3081,2535",720575940886558498,204.608535
720575940895267018,"28053,3670,1741",720575940868783341,"29320,4453,1733",720575940868783341,80.003176
720575940895267018,"28053,3670,1741",720575940919043399,"24306,3929,1314",720575940919043399,31.261952
720575940895267018,"28053,3670,1741",720575940905401289,"27344,3514,1565",720575940905401289,201.957733
720575940895267018,"28053,3670,1741",720575940937876909,"22490,3798,2283",720575940937876909,157.400035
720575940895267018,"28053,3670,1741",720575940877168648,"24461,3600,2248",720575940877168648,392.307468
720575940895267018,"28053,3670,1741",720575940893449483,"30532,4598,1070",720575940893449483,109.542697
720575940895267018,"28053,3670,1741",720575940902330369,"25384,4074,1605",720575940902330369,0.000000
720575940895267018,"28053,3670,1741",720575940870691926,"21636,4289,2083",720575940870691926,43.852793
720575940895267018,"28053,3670,1741",720575940905126710,"23751,4351,1605",720575940905126710,125.449002
720575940895267018,"28053,3670,1741",720575940900275170,"27295,4519,1330",720575940900275170,10.124672
720575940895267018,"28053,3670,1741",720575940881834064,"29556,5160,1151",720575940881834064,54.757560
720575940895267018,"28053,3670,1741",720575940920897193,"32485,5455,1334",720575940920897193,64.763356
720575940895267018,"28053,3670,1741",720575940881834320,"44973,7063,1558",720575940881834320,0.000000
720575940895267018,"28053,3670,1741",720575940883912476,"44111,5787,1151",720575940883912476,151.156950
720575940895267018,"28053,3670,1741",720575940881949777,"13153,5700,2154",720575940881949777,37.420638
720575940895267018,"28053,3670,1741",720575940870692182,"24136,3911,1002",720575940870692182,163.009124
720575940895267018,"28053,3670,1741",720575940847595117,"41727,5321,1579",720575940847595117,0.000000
720575940895267018,"28053,3670,1741",720575940881834576,"20994,6297,2199",720575940881834576,12.879745
720575940895267018,"28053,3670,1741",720575940887754056,"37545,5805,202",720575940887754056,45.488322
720575940895267018,"28053,3670,1741",720575940877569847,"28033,3647,860",720575940877569847,250.124792
720575940895267018,"28053,3670,1741",720575940916312157,"17947,3091,2607",720575940916312157,321.987033
720575940895267018,"28053,3670,1741",720575940897166352,"37387,4317,2239",720575940897166352,147.332746
720575940895267018,"28053,3670,1741",720575940888538572,"23742,3073,2451",720575940888538572,481.063348
720575940895267018,"28053,3670,1741",720575940935700348,"22409,3328,2752",720575940935700348,53.156276
720575940895267018,"28053,3670,1741",720575940873510206,"31190,3277,663",720575940873510206,52.447619
720575940895267018,"28053,3670,1741",720575940888148336,"41698,5563,3288",720575940888148336,11.682460
720575940895267018,"28053,3670,1741",720575940886558498,"24860,3081,2535",720575940886558498,87.354275
720575940883866908,"22699,3811,1776",720575940868783341,"29320,4453,1733",720575940868783341,343.295238
720575940883866908,"22699,3811,1776",720575940919043399,"24306,3929,1314",720575940919043399,613.958906
720575940883866908,"22699,3811,1776",720575940905401289,"27344,3514,1565",720575940905401289,207.614986
720575940883866908,"22699,3811,1776",720575940937876909,"22490,3798,2283",720575940937876909,434.946253
720575940883866908,"22699,3811,1776",720575940877168648,"24461,3600,2248",720575940877168648,686.785730
720575940883866908,"22699,3811,1776",720575940893449483,"30532,4598,1070",720575940893449483,406.054316
720575940883866908,"22699,3811,1776",720575940902330369,"25384,4074,1605",720575940902330369,126.211926
720575940883866908,"22699,3811,1776",720575940870691926,"21636,4289,2083",720575940870691926,174.544681
720575940883866908,"22699,3811,1776",720575940905126710,"23751,4351,1605",720575940905126710,134.209638
720575940883866908,"22699,3811,1776",720575940900275170,"27295,4519,1330",720575940900275170,51.012639
720575940883866908,"22699,3811,1776",720575940881834064,"29556,5160,1151",720575940881834064,88.298966
720575940883866908,"22699,3811,1776",720575940920897193,"32485,5455,1334",720575940920897193,192.344310
720575940883866908,"22699,3811,1776",720575940881834320,"44973,7063,1558",720575940881834320,0.000000
720575940883866908,"22699,3811,1776",720575940883912476,"44111,5787,1151",720575940883912476,14.743961
720575940883866908,"22699,3811,1776",720575940881949777,"13153,5700,2154",720575940881949777,169.596804
720575940883866908,"22699,3811,1776",720575940870692182,"24136,3911,1002",720575940870692182,224.880563
720575940883866908,"22699,3811,1776",720575940847595117,"41727,5321,1579",720575940847595117,0.000000
720575940883866908,"22699,3811,1776",720575940881834576,"20994,6297,2199",720575940881834576,0.000000
720575940883866908,"22699,3811,1776",720575940887754056,"37545,5805,202",720575940887754056,0.000000
720575940883866908,"22699,3811,1776",720575940877569847,"28033,3647,860",720575940877569847,98.459931
720575940883866908,"22699,3811,1776",720575940916312157,"17947,3091,2607",720575940916312157,699.491726
720575940883866908,"22699,3811,1776",720575940897166352,"37387,4317,2239",720575940897166352,0.000000
720575940883866908,"22699,3811,1776",720575940888538572,"23742,3073,2451",720575940888538572,584.172960
720575940883866908,"22699,3811,1776",720575940935700348,"22409,3328,2752",720575940935700348,296.548649
720575940883866908,"22699,3811,1776",720575940873510206,"31190,3277,663",720575940873510206,0.000000
720575940883866908,"22699,3811,1776",720575940888148336,"41698,5563,3288",720575940888148336,0.000000
720575940883866908,"22699,3811,1776",720575940886558498,"24860,3081,2535",720575940886558498,261.195905
720575940918775345,"26329,3640,1884",720575940868783341,"29320,4453,1733",720575940868783341,432.300897
720575940918775345,"26329,3640,1884",720575940919043399,"24306,3929,1314",720575940919043399,310.702796
720575940918775345,"26329,3640,1884",720575940905401289,"27344,3514,1565",720575940905401289,261.800187
720575940918775345,"26329,3640,1884",720575940937876909,"22490,3798,2283",720575940937876909,335.845269
720575940918775345,"26329,3640,1884",720575940877168648,"24461,3600,2248",720575940877168648,498.741147
720575940918775345,"26329,3640,1884",720575940893449483,"30532,4598,1070",720575940893449483,223.894310
720575940918775345,"26329,3640,1884",720575940902330369,"25384,4074,1605",720575940902330369,0.000000
720575940918775345,"26329,3640,1884",720575940870691926,"21636,4289,2083",720575940870691926,122.013946
720575940918775345,"26329,3640,1884",720575940905126710,"23751,4351,1605",720575940905126710,119.829688
720575940918775345,"26329,3640,1884",720575940900275170,"27295,4519,1330",720575940900275170,19.861884
720575940918775345,"26329,3640,1884",720575940881834064,"29556,5160,1151",720575940881834064,0.000000
720575940918775345,"26329,3640,1884",720575940920897193,"32485,5455,1334",720575940920897193,35.934853
720575940918775345,"26329,3640,1884",720575940881834320,"44973,7063,1558",720575940881834320,0.000000
720575940918775345,"26329,3640,1884",720575940883912476,"44111,5787,1151",720575940883912476,249.253556
720575940918775345,"26329,3640,1884",720575940881949777,"13153,5700,2154",720575940881949777,60.734630
720575940918775345,"26329,3640,1884",720575940870692182,"24136,3911,1002",720575940870692182,156.118701
720575940918775345,"26329,3640,1884",720575940847595117,"41727,5321,1579",720575940847595117,9.523769
720575940918775345,"26329,3640,1884",720575940881834576,"20994,6297,2199",720575940881834576,8.381430
720575940918775345,"26329,3640,1884",720575940887754056,"37545,5805,202",720575940887754056,17.787018
720575940918775345,"26329,3640,1884",720575940877569847,"28033,3647,860",720575940877569847,443.001810
720575940918775345,"26329,3640,1884",720575940916312157,"17947,3091,2607",720575940916312157,652.653915
720575940918775345,"26329,3640,1884",720575940897166352,"37387,4317,2239",720575940897166352,144.090168
720575940918775345,"26329,3640,1884",720575940888538572,"23742,3073,2451",720575940888538572,748.829806
720575940918775345,"26329,3640,1884",720575940935700348,"22409,3328,2752",720575940935700348,168.153610
720575940918775345,"26329,3640,1884",720575940873510206,"31190,3277,663",720575940873510206,119.061117
720575940918775345,"26329,3640,1884",720575940888148336,"41698,5563,3288",720575940888148336,49.203213
720575940918775345,"26329,3640,1884",720575940886558498,"24860,3081,2535",720575940886558498,281.986704
720575940893774059,"26542,3591,1832",720575940868783341,"29320,4453,1733",720575940868783341,51.936524
720575940893774059,"26542,3591,1832",720575940919043399,"24306,3929,1314",720575940919043399,86.783159
720575940893774059,"26542,3591,1832",720575940905401289,"27344,3514,1565",720575940905401289,279.583903
720575940893774059,"26542,3591,1832",720575940937876909,"22490,3798,2283",720575940937876909,0.000000
720575940893774059,"26542,3591,1832",720575940877168648,"24461,3600,2248",720575940877168648,257.018088
720575940893774059,"26542,3591,1832",720575940893449483,"30532,4598,1070",720575940893449483,14.898437
720575940893774059,"26542,3591,1832",720575940902330369,"25384,4074,1605",720575940902330369,9.374573
720575940893774059,"26542,3591,1832",720575940870691926,"21636,4289,2083",720575940870691926,0.000000
720575940893774059,"26542,3591,1832",720575940905126710,"23751,4351,1605",720575940905126710,63.178603
720575940893774059,"26542,3591,1832",720575940900275170,"27295,4519,1330",720575940900275170,6.788024
720575940893774059,"26542,3591,1832",720575940881834064,"29556,5160,1151",720575940881834064,19.427716
720575940893774059,"26542,3591,1832",720575940920897193,"32485,5455,1334",720575940920897193,9.343588
720575940893774059,"26542,3591,1832",720575940881834320,"44973,7063,1558",720575940881834320,0.000000
720575940893774059,"26542,3591,1832",720575940883912476,"44111,5787,1151",720575940883912476,116.048006
720575940893774059,"26542,3591,1832",720575940881949777,"13153,5700,2154",720575940881949777,0.000000
720575940893774059,"26542,3591,1832",720575940870692182,"24136,3911,1002",720575940870692182,182.869633
720575940893774059,"26542,3591,1832",720575940847595117,"41727,5321,1579",720575940847595117,0.000000
720575940893774059,"26542,3591,1832",720575940881834576,"20994,6297,2199",720575940881834576,0.000000
720575940893774059,"26542,3591,1832",720575940887754056,"37545,5805,202",720575940887754056,156.275907
720575940893774059,"26542,3591,1832",720575940877569847,"28033,3647,860",720575940877569847,183.969859
720575940893774059,"26542,3591,1832",720575940916312157,"17947,3091,2607",720575940916312157,162.676392
720575940893774059,"26542,3591,1832",720575940897166352,"37387,4317,2239",720575940897166352,94.122077
720575940893774059,"26542,3591,1832",720575940888538572,"23742,3073,2451",720575940888538572,308.808957
720575940893774059,"26542,3591,1832",720575940935700348,"22409,3328,2752",720575940935700348,15.013626
720575940893774059,"26542,3591,1832",720575940873510206,"31190,3277,663",720575940873510206,114.495801
720575940893774059,"26542,3591,1832",720575940888148336,"41698,5563,3288",720575940888148336,17.630494
720575940893774059,"26542,3591,1832",720575940886558498,"24860,3081,2535",720575940886558498,49.660879
720575940900233186,"23843,3330,1469",720575940868783341,"29320,4453,1733",720575940868783341,42.962379
720575940900233186,"23843,3330,1469",720575940919043399,"24306,3929,1314",720575940919043399,168.421570
720575940900233186,"23843,3330,1469",720575940905401289,"27344,3514,1565",720575940905401289,276.543321
720575940900233186,"23843,3330,1469",720575940937876909,"22490,3798,2283",720575940937876909,146.543562
720575940900233186,"23843,3330,1469",720575940877168648,"24461,3600,2248",720575940877168648,175.438542
720575940900233186,"23843,3330,1469",720575940893449483,"30532,4598,1070",720575940893449483,126.931116
720575940900233186,"23843,3330,1469",720575940902330369,"25384,4074,1605",720575940902330369,103.576571
720575940900233186,"23843,3330,1469",720575940870691926,"21636,4289,2083",720575940870691926,101.585167
720575940900233186,"23843,3330,1469",720575940905126710,"23751,4351,1605",720575940905126710,99.577501
720575940900233186,"23843,3330,1469",720575940900275170,"27295,4519,1330",720575940900275170,89.796726
720575940900233186,"23843,3330,1469",720575940881834064,"29556,5160,1151",720575940881834064,35.248168
720575940900233186,"23843,3330,1469",720575940920897193,"32485,5455,1334",720575940920897193,0.000000
720575940900233186,"23843,3330,1469",720575940881834320,"44973,7063,1558",720575940881834320,0.000000
720575940900233186,"23843,3330,1469",720575940883912476,"44111,5787,1151",720575940883912476,11.221691
720575940900233186,"23843,3330,1469",720575940881949777,"13153,5700,2154",720575940881949777,17.651911
720575940900233186,"23843,3330,1469",720575940870692182,"24136,3911,1002",720575940870692182,358.552368
720575940900233186,"23843,3330,1469",720575940847595117,"41727,5321,1579",720575940847595117,0.000000
720575940900233186,"23843,3330,1469",720575940881834576,"20994,6297,2199",720575940881834576,0.000000
720575940900233186,"23843,3330,1469",720575940887754056,"37545,5805,202",720575940887754056,148.027569
720575940900233186,"23843,3330,1469",720575940877569847,"28033,3647,860",720575940877569847,687.509962
720575940900233186,"23843,3330,1469",720575940916312157,"17947,3091,2607",720575940916312157,562.311750
720575940900233186,"23843,3330,1469",720575940897166352,"37387,4317,2239",720575940897166352,0.000000
720575940900233186,"23843,3330,1469",720575940888538572,"23742,3073,2451",720575940888538572,449.213134
720575940900233186,"23843,3330,1469",720575940935700348,"22409,3328,2752",720575940935700348,92.938976
720575940900233186,"23843,3330,1469",720575940873510206,"31190,3277,663",720575940873510206,198.267457
720575940900233186,"23843,3330,1469",720575940888148336,"41698,5563,3288",720575940888148336,64.547493
720575940900233186,"23843,3330,1469",720575940886558498,"24860,3081,2535",720575940886558498,123.610646
720575940882061434,"26236,3422,1898",720575940868783341,"29320,4453,1733",720575940868783341,27.105386
720575940882061434,"26236,3422,1898",720575940919043399,"24306,3929,1314",720575940919043399,27.658364
720575940882061434,"26236,3422,1898",720575940905401289,"27344,3514,1565",720575940905401289,145.271163
720575940882061434,"26236,3422,1898",720575940937876909,"22490,3798,2283",720575940937876909,26.193022
720575940882061434,"26236,3422,1898",720575940877168648,"24461,3600,2248",720575940877168648,310.330366
720575940882061434,"26236,3422,1898",720575940893449483,"30532,4598,1070",720575940893449483,8.905079
720575940882061434,"26236,3422,1898",720575940902330369,"25384,4074,1605",720575940902330369,0.000000
720575940882061434,"26236,3422,1898",720575940870691926,"21636,4289,2083",720575940870691926,12.066345
720575940882061434,"26236,3422,1898",720575940905126710,"23751,4351,1605",720575940905126710,22.196243
720575940882061434,"26236,3422,1898",720575940900275170,"27295,4519,1330",720575940900275170,0.000000
720575940882061434,"26236,3422,1898",720575940881834064,"29556,5160,1151",720575940881834064,0.000000
720575940882061434,"26236,3422,1898",720575940920897193,"32485,5455,1334",720575940920897193,18.738813
720575940882061434,"26236,3422,1898",720575940881834320,"44973,7063,1558",720575940881834320,0.000000
720575940882061434,"26236,3422,1898",720575940883912476,"44111,5787,1151",720575940883912476,235.876810
720575940882061434,"26236,3422,1898",720575940881949777,"13153,5700,2154",720575940881949777,12.390316
720575940882061434,"26236,3422,1898",720575940870692182,"24136,3911,1002",720575940870692182,106.786227
720575940882061434,"26236,3422,1898",720575940847595117,"41727,5321,1579",720575940847595117,0.000000
720575940882061434,"26236,3422,1898",720575940881834576,"20994,6297,2199",720575940881834576,0.000000
720575940882061434,"26236,3422,1898",720575940887754056,"37545,5805,202",720575940887754056,131.732791
720575940882061434,"26236,3422,1898",720575940877569847,"28033,3647,860",720575940877569847,724.663785
720575940882061434,"26236,3422,1898",720575940916312157,"17947,3091,2607",720575940916312157,518.087896
720575940882061434,"26236,3422,1898",720575940897166352,"37387,4317,2239",720575940897166352,65.620387
720575940882061434,"26236,3422,1898",720575940888538572,"23742,3073,2451",720575940888538572,659.122861
720575940882061434,"26236,3422,1898",720575940935700348,"22409,3328,2752",720575940935700348,161.171888
720575940882061434,"26236,3422,1898",720575940873510206,"31190,3277,663",720575940873510206,148.044649
720575940882061434,"26236,3422,1898",720575940888148336,"41698,5563,3288",720575940888148336,63.678061
720575940882061434,"26236,3422,1898",720575940886558498,"24860,3081,2535",720575940886558498,205.454840
720575940920062581,"24924,3542,1867",720575940868783341,"29320,4453,1733",720575940868783341,342.059150
720575940920062581,"24924,3542,1867",720575940919043399,"24306,3929,1314",720575940919043399,371.563357
720575940920062581,"24924,3542,1867",720575940905401289,"27344,3514,1565",720575940905401289,109.466770
720575940920062581,"24924,3542,1867",720575940937876909,"22490,3798,2283",720575940937876909,158.781528
720575940920062581,"24924,3542,1867",720575940877168648,"24461,3600,2248",720575940877168648,330.919520
720575940920062581,"24924,3542,1867",720575940893449483,"30532,4598,1070",720575940893449483,303.381524
720575940920062581,"24924,3542,1867",720575940902330369,"25384,4074,1605",720575940902330369,26.320443
720575940920062581,"24924,3542,1867",720575940870691926,"21636,4289,2083",720575940870691926,107.364283
720575940920062581,"24924,3542,1867",720575940905126710,"23751,4351,1605",720575940905126710,92.910800
720575940920062581,"24924,3542,1867",720575940900275170,"27295,4519,1330",720575940900275170,11.629448
720575940920062581,"24924,3542,1867",720575940881834064,"29556,5160,1151",720575940881834064,0.000000
720575940920062581,"24924,3542,1867",720575940920897193,"32485,5455,1334",720575940920897193,116.953606
720575940920062581,"24924,3542,1867",720575940881834320,"44973,7063,1558",720575940881834320,0.000000
720575940920062581,"24924,3542,1867",720575940883912476,"44111,5787,1151",720575940883912476,0.000000
720575940920062581,"24924,3542,1867",720575940881949777,"13153,5700,2154",720575940881949777,25.519656
720575940920062581,"24924,3542,1867",720575940870692182,"24136,3911,1002",720575940870692182,112.309079
720575940920062581,"24924,3542,1867",720575940847595117,"41727,5321,1579",720575940847595117,0.000000
720575940920062581,"24924,3542,1867",720575940881834576,"20994,6297,2199",720575940881834576,0.000000
720575940920062581,"24924,3542,1867",720575940887754056,"37545,5805,202",720575940887754056,6.225699
720575940920062581,"24924,3542,1867",720575940877569847,"28033,3647,860",720575940877569847,47.222162
720575940920062581,"24924,3542,1867",720575940916312157,"17947,3091,2607",720575940916312157,426.962418
720575940920062581,"24924,3542,1867",720575940897166352,"37387,4317,2239",720575940897166352,0.000000
720575940920062581,"24924,3542,1867",720575940888538572,"23742,3073,2451",720575940888538572,206.706238
720575940920062581,"24924,3542,1867",720575940935700348,"22409,3328,2752",720575940935700348,160.386887
720575940920062581,"24924,3542,1867",720575940873510206,"31190,3277,663",720575940873510206,0.000000
720575940920062581,"24924,3542,1867",720575940888148336,"41698,5563,3288",720575940888148336,0.000000
720575940920062581,"24924,3542,1867",720575940886558498,"24860,3081,2535",720575940886558498,100.554387
720575940891751079,"24514,3577,2109",720575940868783341,"29320,4453,1733",720575940868783341,467.479638
720575940891751079,"24514,3577,2109",720575940919043399,"24306,3929,1314",720575940919043399,424.186703
720575940891751079,"24514,3577,2109",720575940905401289,"27344,3514,1565",720575940905401289,307.586129
720575940891751079,"24514,3577,2109",720575940937876909,"22490,3798,2283",720575940937876909,603.438204
720575940891751079,"24514,3577,2109",720575940877168648,"24461,3600,2248",720575940877168648,633.867120
720575940891751079,"24514,3577,2109",720575940893449483,"30532,4598,1070",720575940893449483,281.782983
720575940891751079,"24514,3577,2109",720575940902330369,"25384,4074,1605",720575940902330369,5.444528
720575940891751079,"24514,3577,2109",720575940870691926,"21636,4289,2083",720575940870691926,236.865757
720575940891751079,"24514,3577,2109",720575940905126710,"23751,4351,1605",720575940905126710,161.350301
720575940891751079,"24514,3577,2109",720575940900275170,"27295,4519,1330",720575940900275170,52.294225
720575940891751079,"24514,3577,2109",720575940881834064,"29556,5160,1151",720575940881834064,23.146710
720575940891751079,"24514,3577,2109",720575940920897193,"32485,5455,1334",720575940920897193,128.499069
720575940891751079,"24514,3577,2109",720575940881834320,"44973,7063,1558",720575940881834320,0.000000
720575940891751079,"24514,3577,2109",720575940883912476,"44111,5787,1151",720575940883912476,0.000000
720575940891751079,"24514,3577,2109",720575940881949777,"13153,5700,2154",720575940881949777,134.631598
720575940891751079,"24514,3577,2109",720575940870692182,"24136,3911,1002",720575940870692182,175.979370
720575940891751079,"24514,3577,2109",720575940847595117,"41727,5321,1579",720575940847595117,9.617796
720575940891751079,"24514,3577,2109",720575940881834576,"20994,6297,2199",720575940881834576,0.000000
720575940891751079,"24514,3577,2109",720575940887754056,"37545,5805,202",720575940887754056,0.000000
720575940891751079,"24514,3577,2109",720575940877569847,"28033,3647,860",720575940877569847,186.182328
720575940891751079,"24514,3577,2109",720575940916312157,"17947,3091,2607",720575940916312157,696.309992
720575940891751079,"24514,3577,2109",720575940897166352,"37387,4317,2239",720575940897166352,14.823537
720575940891751079,"24514,3577,2109",720575940888538572,"23742,3073,2451",720575940888538572,664.221735
720575940891751079,"24514,3577,2109",720575940935700348,"22409,3328,2752",720575940935700348,301.822894
720575940891751079,"24514,3577,2109",720575940873510206,"31190,3277,663",720575940873510206,97.282389
720575940891751079,"24514,3577,2109",720575940888148336,"41698,5563,3288",720575940888148336,48.530968
720575940891751079,"24514,3577,2109",720575940886558498,"24860,3081,2535",720575940886558498,313.102389
720575940882128356,"29046,3380,1703",720575940868783341,"29320,4453,1733",720575940868783341,34.564617
720575940882128356,"29046,3380,1703",720575940919043399,"24306,3929,1314",720575940919043399,26.290629
720575940882128356,"29046,3380,1703",720575940905401289,"27344,3514,1565",720575940905401289,115.019854
720575940882128356,"29046,3380,1703",720575940937876909,"22490,3798,2283",720575940937876909,0.000000
720575940882128356,"29046,3380,1703",720575940877168648,"24461,3600,2248",720575940877168648,121.486808
720575940882128356,"29046,3380,1703",720575940893449483,"30532,4598,1070",720575940893449483,19.308978
720575940882128356,"29046,3380,1703",720575940902330369,"25384,4074,1605",720575940902330369,0.000000
720575940882128356,"29046,3380,1703",720575940870691926,"21636,4289,2083",720575940870691926,0.000000
720575940882128356,"29046,3380,1703",720575940905126710,"23751,4351,1605",720575940905126710,9.325874
720575940882128356,"29046,3380,1703",720575940900275170,"27295,4519,1330",720575940900275170,0.000000
720575940882128356,"29046,3380,1703",720575940881834064,"29556,5160,1151",720575940881834064,0.000000
720575940882128356,"29046,3380,1703",720575940920897193,"32485,5455,1334",720575940920897193,0.000000
720575940882128356,"29046,3380,1703",720575940881834320,"44973,7063,1558",720575940881834320,0.000000
720575940882128356,"29046,3380,1703",720575940883912476,"44111,5787,1151",720575940883912476,74.502642
720575940882128356,"29046,3380,1703",720575940881949777,"13153,5700,2154",720575940881949777,0.000000
720575940882128356,"29046,3380,1703",720575940870692182,"24136,3911,1002",720575940870692182,19.473182
720575940882128356,"29046,3380,1703",720575940847595117,"41727,5321,1579",720575940847595117,0.000000
720575940882128356,"29046,3380,1703",720575940881834576,"20994,6297,2199",720575940881834576,0.000000
720575940882128356,"29046,3380,1703",720575940887754056,"37545,5805,202",720575940887754056,133.319977
720575940882128356,"29046,3380,1703",720575940877569847,"28033,3647,860",720575940877569847,410.581848
720575940882128356,"29046,3380,1703",720575940916312157,"17947,3091,2607",720575940916312157,217.702765
720575940882128356,"29046,3380,1703",720575940897166352,"37387,4317,2239",720575940897166352,114.893104
720575940882128356,"29046,3380,1703",720575940888538572,"23742,3073,2451",720575940888538572,332.902515
720575940882128356,"29046,3380,1703",720575940935700348,"22409,3328,2752",720575940935700348,109.684865
720575940882128356,"29046,3380,1703",720575940873510206,"31190,3277,663",720575940873510206,78.808972
720575940882128356,"29046,3380,1703",720575940888148336,"41698,5563,3288",720575940888148336,9.336514
720575940882128356,"29046,3380,1703",720575940886558498,"24860,3081,2535",720575940886558498,48.149154
720575940887705416,"29080,3540,1734",720575940868783341,"29320,4453,1733",720575940868783341,73.207438
720575940887705416,"29080,3540,1734",720575940919043399,"24306,3929,1314",720575940919043399,125.203060
720575940887705416,"29080,3540,1734",720575940905401289,"27344,3514,1565",720575940905401289,213.202758
720575940887705416,"29080,3540,1734",720575940937876909,"22490,3798,2283",720575940937876909,13.359195
720575940887705416,"29080,3540,1734",720575940877168648,"24461,3600,2248",720575940877168648,414.536955
720575940887705416,"29080,3540,1734",720575940893449483,"30532,4598,1070",720575940893449483,42.657292
720575940887705416,"29080,3540,1734",720575940902330369,"25384,4074,1605",720575940902330369,20.752387
720575940887705416,"29080,3540,1734",720575940870691926,"21636,4289,2083",720575940870691926,46.990240
720575940887705416,"29080,3540,1734",720575940905126710,"23751,4351,1605",720575940905126710,152.924095
720575940887705416,"29080,3540,1734",720575940900275170,"27295,4519,1330",720575940900275170,0.000000
720575940887705416,"29080,3540,1734",720575940881834064,"29556,5160,1151",720575940881834064,9.445691
720575940887705416,"29080,3540,1734",720575940920897193,"32485,5455,1334",720575940920897193,0.000000
720575940887705416,"29080,3540,1734",720575940881834320,"44973,7063,1558",720575940881834320,0.000000
720575940887705416,"29080,3540,1734",720575940883912476,"44111,5787,1151",720575940883912476,75.595928
720575940887705416,"29080,3540,1734",720575940881949777,"13153,5700,2154",720575940881949777,37.607729
720575940887705416,"29080,3540,1734",720575940870692182,"24136,3911,1002",720575940870692182,203.548535
720575940887705416,"29080,3540,1734",720575940847595117,"41727,5321,1579",720575940847595117,0.000000
720575940887705416,"29080,3540,1734",720575940881834576,"20994,6297,2199",720575940881834576,0.000000
720575940887705416,"29080,3540,1734",720575940887754056,"37545,5805,202",720575940887754056,32.500777
720575940887705416,"29080,3540,1734",720575940877569847,"28033,3647,860",720575940877569847,256.485662
720575940887705416,"29080,3540,1734",720575940916312157,"17947,3091,2607",720575940916312157,236.522956
720575940887705416,"29080,3540,1734",720575940897166352,"37387,4317,2239",720575940897166352,14.316472
720575940887705416,"29080,3540,1734",720575940888538572,"23742,3073,2451",720575940888538572,444.495833
720575940887705416,"29080,3540,1734",720575940935700348,"22409,3328,2752",720575940935700348,124.490605
720575940887705416,"29080,3540,1734",720575940873510206,"31190,3277,663",720575940873510206,209.257044
720575940887705416,"29080,3540,1734",720575940888148336,"41698,5563,3288",720575940888148336,15.323025
720575940887705416,"29080,3540,1734",720575940886558498,"24860,3081,2535",720575940886558498,72.528800
720575940930873976,"31261,3457,1722",720575940868783341,"29320,4453,1733",720575940868783341,191.351573
720575940930873976,"31261,3457,1722",720575940919043399,"24306,3929,1314",720575940919043399,290.212930
720575940930873976,"31261,3457,1722",720575940905401289,"27344,3514,1565",720575940905401289,304.062071
720575940930873976,"31261,3457,1722",720575940937876909,"22490,3798,2283",720575940937876909,120.196645
720575940930873976,"31261,3457,1722",720575940877168648,"24461,3600,2248",720575940877168648,303.827272
720575940930873976,"31261,3457,1722",720575940893449483,"30532,4598,1070",720575940893449483,43.474480
720575940930873976,"31261,3457,1722",720575940902330369,"25384,4074,1605",720575940902330369,0.000000
720575940930873976,"31261,3457,1722",720575940870691926,"21636,4289,2083",720575940870691926,143.729582
720575940930873976,"31261,3457,1722",720575940905126710,"23751,4351,1605",720575940905126710,54.757165
720575940930873976,"31261,3457,1722",720575940900275170,"27295,4519,1330",720575940900275170,0.000000
720575940930873976,"31261,3457,1722",720575940881834064,"29556,5160,1151",720575940881834064,0.000000
720575940930873976,"31261,3457,1722",720575940920897193,"32485,5455,1334",720575940920897193,55.708711
720575940930873976,"31261,3457,1722",720575940881834320,"44973,7063,1558",720575940881834320,0.000000
720575940930873976,"31261,3457,1722",720575940883912476,"44111,5787,1151",720575940883912476,296.557283
720575940930873976,"31261,3457,1722",720575940881949777,"13153,5700,2154",720575940881949777,0.000000
720575940930873976,"31261,3457,1722",720575940870692182,"24136,3911,1002",720575940870692182,181.175183
720575940930873976,"31261,3457,1722",720575940847595117,"41727,5321,1579",720575940847595117,70.471137
720575940930873976,"31261,3457,1722",720575940881834576,"20994,6297,2199",720575940881834576,0.000000
720575940930873976,"31261,3457,1722",720575940887754056,"37545,5805,202",720575940887754056,145.179166
720575940930873976,"31261,3457,1722",720575940877569847,"28033,3647,860",720575940877569847,673.260376
720575940930873976,"31261,3457,1722",720575940916312157,"17947,3091,2607",720575940916312157,330.743739
720575940930873976,"31261,3457,1722",720575940897166352,"37387,4317,2239",720575940897166352,106.354882
720575940930873976,"31261,3457,1722",720575940888538572,"23742,3073,2451",720575940888538572,498.487844
720575940930873976,"31261,3457,1722",720575940935700348,"22409,3328,2752",720575940935700348,86.272256
720575940930873976,"31261,3457,1722",720575940873510206,"31190,3277,663",720575940873510206,112.079889
720575940930873976,"31261,3457,1722",720575940888148336,"41698,5563,3288",720575940888148336,53.861593
720575940930873976,"31261,3457,1722",720575940886558498,"24860,3081,2535",720575940886558498,40.560360
720575940884976331,"29293,3807,1568",720575940868783341,"29320,4453,1733",720575940868783341,149.059576
720575940884976331,"29293,3807,1568",720575940919043399,"24306,3929,1314",720575940919043399,190.251398
720575940884976331,"29293,3807,1568",720575940905401289,"27344,3514,1565",720575940905401289,422.226536
720575940884976331,"29293,3807,1568",720575940937876909,"22490,3798,2283",720575940937876909,21.686932
720575940884976331,"29293,3807,1568",720575940877168648,"24461,3600,2248",720575940877168648,216.531640
720575940884976331,"29293,3807,1568",720575940893449483,"30532,4598,1070",720575940893449483,0.000000
720575940884976331,"29293,3807,1568",720575940902330369,"25384,4074,1605",720575940902330369,36.293002
720575940884976331,"29293,3807,1568",720575940870691926,"21636,4289,2083",720575940870691926,26.415966
720575940884976331,"29293,3807,1568",720575940905126710,"23751,4351,1605",720575940905126710,22.683228
720575940884976331,"29293,3807,1568",720575940900275170,"27295,4519,1330",720575940900275170,131.025495
720575940884976331,"29293,3807,1568",720575940881834064,"29556,5160,1151",720575940881834064,0.000000
720575940884976331,"29293,3807,1568",720575940920897193,"32485,5455,1334",720575940920897193,38.901651
720575940884976331,"29293,3807,1568",720575940881834320,"44973,7063,1558",720575940881834320,8.024848
720575940884976331,"29293,3807,1568",720575940883912476,"44111,5787,1151",720575940883912476,204.559831
720575940884976331,"29293,3807,1568",720575940881949777,"13153,5700,2154",720575940881949777,0.000000
720575940884976331,"29293,3807,1568",720575940870692182,"24136,3911,1002",720575940870692182,75.607291
720575940884976331,"29293,3807,1568",720575940847595117,"41727,5321,1579",720575940847595117,2.927948
720575940884976331,"29293,3807,1568",720575940881834576,"20994,6297,2199",720575940881834576,0.000000
720575940884976331,"29293,3807,1568",720575940887754056,"37545,5805,202",720575940887754056,381.988476
720575940884976331,"29293,3807,1568",720575940877569847,"28033,3647,860",720575940877569847,456.511100
720575940884976331,"29293,3807,1568",720575940916312157,"17947,3091,2607",720575940916312157,331.144303
720575940884976331,"29293,3807,1568",720575940897166352,"37387,4317,2239",720575940897166352,116.559180
720575940884976331,"29293,3807,1568",720575940888538572,"23742,3073,2451",720575940888538572,492.376745
720575940884976331,"29293,3807,1568",720575940935700348,"22409,3328,2752",720575940935700348,23.385370
720575940884976331,"29293,3807,1568",720575940873510206,"31190,3277,663",720575940873510206,128.577881
720575940884976331,"29293,3807,1568",720575940888148336,"41698,5563,3288",720575940888148336,97.601144
720575940884976331,"29293,3807,1568",720575940886558498,"24860,3081,2535",720575940886558498,57.745677
720575940927216096,"29355,3719,1918",720575940868783341,"29320,4453,1733",720575940868783341,158.662672
720575940927216096,"29355,3719,1918",720575940919043399,"24306,3929,1314",720575940919043399,78.940293
720575940927216096,"29355,3719,1918",720575940905401289,"27344,3514,1565",720575940905401289,282.060458
720575940927216096,"29355,3719,1918",720575940937876909,"22490,3798,2283",720575940937876909,13.661728
720575940927216096,"29355,3719,1918",720575940877168648,"24461,3600,2248",720575940877168648,107.460923
720575940927216096,"29355,3719,1918",720575940893449483,"30532,4598,1070",720575940893449483,4.370711
720575940927216096,"29355,3719,1918",720575940902330369,"25384,4074,1605",720575940902330369,12.662295
720575940927216096,"29355,3719,1918",720575940870691926,"21636,4289,2083",720575940870691926,0.000000
720575940927216096,"29355,3719,1918",720575940905126710,"23751,4351,1605",720575940905126710,45.539457
720575940927216096,"29355,3719,1918",720575940900275170,"27295,4519,1330",720575940900275170,78.686727
720575940927216096,"29355,3719,1918",720575940881834064,"29556,5160,1151",720575940881834064,0.000000
720575940927216096,"29355,3719,1918",720575940920897193,"32485,5455,1334",720575940920897193,24.877638
720575940927216096,"29355,3719,1918",720575940881834320,"44973,7063,1558",720575940881834320,0.000000
720575940927216096,"29355,3719,1918",720575940883912476,"44111,5787,1151",720575940883912476,144.860070
720575940927216096,"29355,3719,1918",720575940881949777,"13153,5700,2154",720575940881949777,11.182328
720575940927216096,"29355,3719,1918",720575940870692182,"24136,3911,1002",720575940870692182,9.716108
720575940927216096,"29355,3719,1918",720575940847595117,"41727,5321,1579",720575940847595117,52.644366
720575940927216096,"29355,3719,1918",720575940881834576,"20994,6297,2199",720575940881834576,0.000000
720575940927216096,"29355,3719,1918",720575940887754056,"37545,5805,202",720575940887754056,235.365827
720575940927216096,"29355,3719,1918",720575940877569847,"28033,3647,860",720575940877569847,217.033328
720575940927216096,"29355,3719,1918",720575940916312157,"17947,3091,2607",720575940916312157,408.674847
720575940927216096,"29355,3719,1918",720575940897166352,"37387,4317,2239",720575940897166352,277.470301
720575940927216096,"29355,3719,1918",720575940888538572,"23742,3073,2451",720575940888538572,805.595076
720575940927216096,"29355,3719,1918",720575940935700348,"22409,3328,2752",720575940935700348,15.215816
720575940927216096,"29355,3719,1918",720575940873510206,"31190,3277,663",720575940873510206,100.621196
720575940927216096,"29355,3719,1918",720575940888148336,"41698,5563,3288",720575940888148336,288.158013
720575940927216096,"29355,3719,1918",720575940886558498,"24860,3081,2535",720575940886558498,167.113211
720575940911489471,"24685,3904,2176",720575940868783341,"29320,4453,1733",720575940868783341,482.983258
720575940911489471,"24685,3904,2176",720575940919043399,"24306,3929,1314",720575940919043399,146.853361
720575940911489471,"24685,3904,2176",720575940905401289,"27344,3514,1565",720575940905401289,453.402799
720575940911489471,"24685,3904,2176",720575940937876909,"22490,3798,2283",720575940937876909,291.930305
720575940911489471,"24685,3904,2176",720575940877168648,"24461,3600,2248",720575940877168648,353.045353
720575940911489471,"24685,3904,2176",720575940893449483,"30532,4598,1070",720575940893449483,154.361139
720575940911489471,"24685,3904,2176",720575940902330369,"25384,4074,1605",720575940902330369,27.201414
720575940911489471,"24685,3904,2176",720575940870691926,"21636,4289,2083",720575940870691926,72.972176
720575940911489471,"24685,3904,2176",720575940905126710,"23751,4351,1605",720575940905126710,87.536230
720575940911489471,"24685,3904,2176",720575940900275170,"27295,4519,1330",720575940900275170,78.240149
720575940911489471,"24685,3904,2176",720575940881834064,"29556,5160,1151",720575940881834064,8.993183
720575940911489471,"24685,3904,2176",720575940920897193,"32485,5455,1334",720575940920897193,96.669293
720575940911489471,"24685,3904,2176",720575940881834320,"44973,7063,1558",720575940881834320,0.000000
720575940911489471,"24685,3904,2176",720575940883912476,"44111,5787,1151",720575940883912476,107.102739
720575940911489471,"24685,3904,2176",720575940881949777,"13153,5700,2154",720575940881949777,84.681738
720575940911489471,"24685,3904,2176",720575940870692182,"24136,3911,1002",720575940870692182,127.118643
720575940911489471,"24685,3904,2176",720575940847595117,"41727,5321,1579",720575940847595117,23.002725
720575940911489471,"24685,3904,2176",720575940881834576,"20994,6297,2199",720575940881834576,0.000000
720575940911489471,"24685,3904,2176",720575940887754056,"37545,5805,202",720575940887754056,0.000000
720575940911489471,"24685,3904,2176",720575940877569847,"28033,3647,860",720575940877569847,255.618132
720575940911489471,"24685,3904,2176",720575940916312157,"17947,3091,2607",720575940916312157,432.459403
720575940911489471,"24685,3904,2176",720575940897166352,"37387,4317,2239",720575940897166352,160.727573
720575940911489471,"24685,3904,2176",720575940888538572,"23742,3073,2451",720575940888538572,774.757389
720575940911489471,"24685,3904,2176",720575940935700348,"22409,3328,2752",720575940935700348,348.025340
720575940911489471,"24685,3904,2176",720575940873510206,"31190,3277,663",720575940873510206,69.499020
720575940911489471,"24685,3904,2176",720575940888148336,"41698,5563,3288",720575940888148336,118.339935
720575940911489471,"24685,3904,2176",720575940886558498,"24860,3081,2535",720575940886558498,151.992408
720575940868496536,"29224,3387,1299",720575940868783341,"29320,4453,1733",720575940868783341,113.565338
720575940868496536,"29224,3387,1299",720575940919043399,"24306,3929,1314",720575940919043399,17.923817
720575940868496536,"29224,3387,1299",720575940905401289,"27344,3514,1565",720575940905401289,35.686400
720575940868496536,"29224,3387,1299",720575940937876909,"22490,3798,2283",720575940937876909,37.005888
720575940868496536,"29224,3387,1299",720575940877168648,"24461,3600,2248",720575940877168648,42.913566
720575940868496536,"29224,3387,1299",720575940893449483,"30532,4598,1070",720575940893449483,0.000000
720575940868496536,"29224,3387,1299",720575940902330369,"25384,4074,1605",720575940902330369,72.933600
720575940868496536,"29224,3387,1299",720575940870691926,"21636,4289,2083",720575940870691926,107.855685
720575940868496536,"29224,3387,1299",720575940905126710,"23751,4351,1605",720575940905126710,29.450440
720575940868496536,"29224,3387,1299",720575940900275170,"27295,4519,1330",720575940900275170,40.669924
720575940868496536,"29224,3387,1299",720575940881834064,"29556,5160,1151",720575940881834064,0.000000
720575940868496536,"29224,3387,1299",720575940920897193,"32485,5455,1334",720575940920897193,58.202551
720575940868496536,"29224,3387,1299",720575940881834320,"44973,7063,1558",720575940881834320,29.881079
720575940868496536,"29224,3387,1299",720575940883912476,"44111,5787,1151",720575940883912476,37.419389
720575940868496536,"29224,3387,1299",720575940881949777,"13153,5700,2154",720575940881949777,41.900657
720575940868496536,"29224,3387,1299",720575940870692182,"24136,3911,1002",720575940870692182,58.274879
720575940868496536,"29224,3387,1299",720575940847595117,"41727,5321,1579",720575940847595117,38.820039
720575940868496536,"29224,3387,1299",720575940881834576,"20994,6297,2199",720575940881834576,25.118622
720575940868496536,"29224,3387,1299",720575940887754056,"37545,5805,202",720575940887754056,50.270126
720575940868496536,"29224,3387,1299",720575940877569847,"28033,3647,860",720575940877569847,20.971263
720575940868496536,"29224,3387,1299",720575940916312157,"17947,3091,2607",720575940916312157,65.958839
720575940868496536,"29224,3387,1299",720575940897166352,"37387,4317,2239",720575940897166352,0.000000
720575940868496536,"29224,3387,1299",720575940888538572,"23742,3073,2451",720575940888538572,182.415235
720575940868496536,"29224,3387,1299",720575940935700348,"22409,3328,2752",720575940935700348,48.644300
720575940868496536,"29224,3387,1299",720575940873510206,"31190,3277,663",720575940873510206,28.330027
720575940868496536,"29224,3387,1299",720575940888148336,"41698,5563,3288",720575940888148336,9.687247
720575940868496536,"29224,3387,1299",720575940886558498,"24860,3081,2535",720575940886558498,100.949654
720575940900234978,"26143,3454,2175",720575940868783341,"29320,4453,1733",720575940868783341,150.704555
720575940900234978,"26143,3454,2175",720575940919043399,"24306,3929,1314",720575940919043399,20.543855
720575940900234978,"26143,3454,2175",720575940905401289,"27344,3514,1565",720575940905401289,435.807021
720575940900234978,"26143,3454,2175",720575940937876909,"22490,3798,2283",720575940937876909,96.185602
720575940900234978,"26143,3454,2175",720575940877168648,"24461,3600,2248",720575940877168648,28.591877
720575940900234978,"26143,3454,2175",720575940893449483,"30532,4598,1070",720575940893449483,23.473222
720575940900234978,"26143,3454,2175",720575940902330369,"25384,4074,1605",720575940902330369,4.203313
720575940900234978,"26143,3454,2175",720575940870691926,"21636,4289,2083",720575940870691926,10.743976
720575940900234978,"26143,3454,2175",720575940905126710,"23751,4351,1605",720575940905126710,14.207658
720575940900234978,"26143,3454,2175",720575940900275170,"27295,4519,1330",720575940900275170,10.015438
720575940900234978,"26143,3454,2175",720575940881834064,"29556,5160,1151",720575940881834064,29.715318
720575940900234978,"26143,3454,2175",720575940920897193,"32485,5455,1334",720575940920897193,0.000000
720575940900234978,"26143,3454,2175",720575940881834320,"44973,7063,1558",720575940881834320,9.138711
720575940900234978,"26143,3454,2175",720575940883912476,"44111,5787,1151",720575940883912476,19.597251
720575940900234978,"26143,3454,2175",720575940881949777,"13153,5700,2154",720575940881949777,0.000000
720575940900234978,"26143,3454,2175",720575940870692182,"24136,3911,1002",720575940870692182,35.506055
720575940900234978,"26143,3454,2175",720575940847595117,"41727,5321,1579",720575940847595117,150.746134
720575940900234978,"26143,3454,2175",720575940881834576,"20994,6297,2199",720575940881834576,28.763364
720575940900234978,"26143,3454,2175",720575940887754056,"37545,5805,202",720575940887754056,0.000000
720575940900234978,"26143,3454,2175",720575940877569847,"28033,3647,860",720575940877569847,43.302610
720575940900234978,"26143,3454,2175",720575940916312157,"17947,3091,2607",720575940916312157,159.051713
720575940900234978,"26143,3454,2175",720575940897166352,"37387,4317,2239",720575940897166352,408.890763
720575940900234978,"26143,3454,2175",720575940888538572,"23742,3073,2451",720575940888538572,377.107551
720575940900234978,"26143,3454,2175",720575940935700348,"22409,3328,2752",720575940935700348,386.340018
720575940900234978,"26143,3454,2175",720575940873510206,"31190,3277,663",720575940873510206,117.549921
720575940900234978,"26143,3454,2175",720575940888148336,"41698,5563,3288",720575940888148336,127.299728
720575940900234978,"26143,3454,2175",720575940886558498,"24860,3081,2535",720575940886558498,411.683701
720575940884108031,"27124,3682,1641",720575940868783341,"29320,4453,1733",720575940868783341,67.044308
720575940884108031,"27124,3682,1641",720575940919043399,"24306,3929,1314",720575940919043399,509.970645
720575940884108031,"27124,3682,1641",720575940905401289,"27344,3514,1565",720575940905401289,394.978350
720575940884108031,"27124,3682,1641",720575940937876909,"22490,3798,2283",720575940937876909,163.437775
720575940884108031,"27124,3682,1641",720575940877168648,"24461,3600,2248",720575940877168648,741.566472
720575940884108031,"27124,3682,1641",720575940893449483,"30532,4598,1070",720575940893449483,233.443263
720575940884108031,"27124,3682,1641",720575940902330369,"25384,4074,1605",720575940902330369,111.156891
720575940884108031,"27124,3682,1641",720575940870691926,"21636,4289,2083",720575940870691926,87.103741
720575940884108031,"27124,3682,1641",720575940905126710,"23751,4351,1605",720575940905126710,245.814827
720575940884108031,"27124,3682,1641",720575940900275170,"27295,4519,1330",720575940900275170,72.480393
720575940884108031,"27124,3682,1641",720575940881834064,"29556,5160,1151",720575940881834064,13.745281
720575940884108031,"27124,3682,1641",720575940920897193,"32485,5455,1334",720575940920897193,82.272051
720575940884108031,"27124,3682,1641",720575940881834320,"44973,7063,1558",720575940881834320,0.000000
720575940884108031,"27124,3682,1641",720575940883912476,"44111,5787,1151",720575940883912476,280.710507
720575940884108031,"27124,3682,1641",720575940881949777,"13153,5700,2154",720575940881949777,284.103467
720575940884108031,"27124,3682,1641",720575940870692182,"24136,3911,1002",720575940870692182,435.930409
720575940884108031,"27124,3682,1641",720575940847595117,"41727,5321,1579",720575940847595117,0.000000
720575940884108031,"27124,3682,1641",720575940881834576,"20994,6297,2199",720575940881834576,0.000000
720575940884108031,"27124,3682,1641",720575940887754056,"37545,5805,202",720575940887754056,249.965900
720575940884108031,"27124,3682,1641",720575940877569847,"28033,3647,860",720575940877569847,1155.754131
720575940884108031,"27124,3682,1641",720575940916312157,"17947,3091,2607",720575940916312157,1001.982206
720575940884108031,"27124,3682,1641",720575940897166352,"37387,4317,2239",720575940897166352,48.354365
720575940884108031,"27124,3682,1641",720575940888538572,"23742,3073,2451",720575940888538572,912.902432
720575940884108031,"27124,3682,1641",720575940935700348,"22409,3328,2752",720575940935700348,277.540717
720575940884108031,"27124,3682,1641",720575940873510206,"31190,3277,663",720575940873510206,473.278033
720575940884108031,"27124,3682,1641",720575940888148336,"41698,5563,3288",720575940888148336,111.499764
720575940884108031,"27124,3682,1641",720575940886558498,"24860,3081,2535",720575940886558498,390.769254
720575940903122154,"26575,3122,1701",720575940868783341,"29320,4453,1733",720575940868783341,2.053973
720575940903122154,"26575,3122,1701",720575940919043399,"24306,3929,1314",720575940919043399,10.256616
720575940903122154,"26575,3122,1701",720575940905401289,"27344,3514,1565",720575940905401289,23.591404
720575940903122154,"26575,3122,1701",720575940937876909,"22490,3798,2283",720575940937876909,0.000000
720575940903122154,"26575,3122,1701",720575940877168648,"24461,3600,2248",720575940877168648,86.102631
720575940903122154,"26575,3122,1701",720575940893449483,"30532,4598,1070",720575940893449483,0.000000
720575940903122154,"26575,3122,1701",720575940902330369,"25384,4074,1605",720575940902330369,11.745241
720575940903122154,"26575,3122,1701",720575940870691926,"21636,4289,2083",720575940870691926,0.000000
720575940903122154,"26575,3122,1701",720575940905126710,"23751,4351,1605",720575940905126710,12.926331
720575940903122154,"26575,3122,1701",720575940900275170,"27295,4519,1330",720575940900275170,0.000000
720575940903122154,"26575,3122,1701",720575940881834064,"29556,5160,1151",720575940881834064,0.000000
720575940903122154,"26575,3122,1701",720575940920897193,"32485,5455,1334",720575940920897193,6.842173
720575940903122154,"26575,3122,1701",720575940881834320,"44973,7063,1558",720575940881834320,0.000000
720575940903122154,"26575,3122,1701",720575940883912476,"44111,5787,1151",720575940883912476,76.534679
720575940903122154,"26575,3122,1701",720575940881949777,"13153,5700,2154",720575940881949777,0.000000
720575940903122154,"26575,3122,1701",720575940870692182,"24136,3911,1002",720575940870692182,48.054934
720575940903122154,"26575,3122,1701",720575940847595117,"41727,5321,1579",720575940847595117,19.246853
720575940903122154,"26575,3122,1701",720575940881834576,"20994,6297,2199",720575940881834576,0.000000
720575940903122154,"26575,3122,1701",720575940887754056,"37545,5805,202",720575940887754056,68.898589
720575940903122154,"26575,3122,1701",720575940877569847,"28033,3647,860",720575940877569847,290.957901
720575940903122154,"26575,3122,1701",720575940916312157,"17947,3091,2607",720575940916312157,200.428926
720575940903122154,"26575,3122,1701",720575940897166352,"37387,4317,2239",720575940897166352,157.233781
720575940903122154,"26575,3122,1701",720575940888538572,"23742,3073,2451",720575940888538572,203.659669
720575940903122154,"26575,3122,1701",720575940935700348,"22409,3328,2752",720575940935700348,86.495674
720575940903122154,"26575,3122,1701",720575940873510206,"31190,3277,663",720575940873510206,140.111627
720575940903122154,"26575,3122,1701",720575940888148336,"41698,5563,3288",720575940888148336,39.015561
720575940903122154,"26575,3122,1701",720575940886558498,"24860,3081,2535",720575940886558498,81.654315
720575940869533454,"24761,3035,2084",720575940868783341,"29320,4453,1733",720575940868783341,228.877965
720575940869533454,"24761,3035,2084",720575940919043399,"24306,3929,1314",720575940919043399,603.792109
720575940869533454,"24761,3035,2084",720575940905401289,"27344,3514,1565",720575940905401289,527.330280
720575940869533454,"24761,3035,2084",720575940937876909,"22490,3798,2283",720575940937876909,128.557169
720575940869533454,"24761,3035,2084",720575940877168648,"24461,3600,2248",720575940877168648,692.059510
720575940869533454,"24761,3035,2084",720575940893449483,"30532,4598,1070",720575940893449483,210.004185
720575940869533454,"24761,3035,2084",720575940902330369,"25384,4074,1605",720575940902330369,36.521895
720575940869533454,"24761,3035,2084",720575940870691926,"21636,4289,2083",720575940870691926,37.048740
720575940869533454,"24761,3035,2084",720575940905126710,"23751,4351,1605",720575940905126710,94.454221
720575940869533454,"24761,3035,2084",720575940900275170,"27295,4519,1330",720575940900275170,40.828069
720575940869533454,"24761,3035,2084",720575940881834064,"29556,5160,1151",720575940881834064,106.316650
720575940869533454,"24761,3035,2084",720575940920897193,"32485,5455,1334",720575940920897193,150.763115
720575940869533454,"24761,3035,2084",720575940881834320,"44973,7063,1558",720575940881834320,0.000000
720575940869533454,"24761,3035,2084",720575940883912476,"44111,5787,1151",720575940883912476,284.420157
720575940869533454,"24761,3035,2084",720575940881949777,"13153,5700,2154",720575940881949777,63.029099
720575940869533454,"24761,3035,2084",720575940870692182,"24136,3911,1002",720575940870692182,367.202777
720575940869533454,"24761,3035,2084",720575940847595117,"41727,5321,1579",720575940847595117,18.163764
720575940869533454,"24761,3035,2084",720575940881834576,"20994,6297,2199",720575940881834576,0.000000
720575940869533454,"24761,3035,2084",720575940887754056,"37545,5805,202",720575940887754056,441.002213
720575940869533454,"24761,3035,2084",720575940877569847,"28033,3647,860",720575940877569847,1216.404738
720575940869533454,"24761,3035,2084",720575940916312157,"17947,3091,2607",720575940916312157,883.977195
720575940869533454,"24761,3035,2084",720575940897166352,"37387,4317,2239",720575940897166352,174.456101
720575940869533454,"24761,3035,2084",720575940888538572,"23742,3073,2451",720575940888538572,920.608657
720575940869533454,"24761,3035,2084",720575940935700348,"22409,3328,2752",720575940935700348,189.579390
720575940869533454,"24761,3035,2084",720575940873510206,"31190,3277,663",720575940873510206,427.919188
720575940869533454,"24761,3035,2084",720575940888148336,"41698,5563,3288",720575940888148336,132.038172
720575940869533454,"24761,3035,2084",720575940886558498,"24860,3081,2535",720575940886558498,311.567259
720575940891746215,"24833,3296,2105",720575940868783341,"29320,4453,1733",720575940868783341,12.693090
720575940891746215,"24833,3296,2105",720575940919043399,"24306,3929,1314",720575940919043399,6.963156
720575940891746215,"24833,3296,2105",720575940905401289,"27344,3514,1565",720575940905401289,23.565066
720575940891746215,"24833,3296,2105",720575940937876909,"22490,3798,2283",720575940937876909,14.477505
720575940891746215,"24833,3296,2105",720575940877168648,"24461,3600,2248",720575940877168648,20.907554
720575940891746215,"24833,3296,2105",720575940893449483,"30532,4598,1070",720575940893449483,24.158552
720575940891746215,"24833,3296,2105",720575940902330369,"25384,4074,1605",720575940902330369,36.798549
720575940891746215,"24833,3296,2105",720575940870691926,"21636,4289,2083",720575940870691926,65.640289
720575940891746215,"24833,3296,2105",720575940905126710,"23751,4351,1605",720575940905126710,14.922399
720575940891746215,"24833,3296,2105",720575940900275170,"27295,4519,1330",720575940900275170,0.000000
720575940891746215,"24833,3296,2105",720575940881834064,"29556,5160,1151",720575940881834064,11.373953
720575940891746215,"24833,3296,2105",720575940920897193,"32485,5455,1334",720575940920897193,0.000000
720575940891746215,"24833,3296,2105",720575940881834320,"44973,7063,1558",720575940881834320,0.000000
720575940891746215,"24833,3296,2105",720575940883912476,"44111,5787,1151",720575940883912476,11.597709
720575940891746215,"24833,3296,2105",720575940881949777,"13153,5700,2154",720575940881949777,0.000000
720575940891746215,"24833,3296,2105",720575940870692182,"24136,3911,1002",720575940870692182,57.375836
720575940891746215,"24833,3296,2105",720575940847595117,"41727,5321,1579",720575940847595117,19.307831
720575940891746215,"24833,3296,2105",720575940881834576,"20994,6297,2199",720575940881834576,0.000000
720575940891746215,"24833,3296,2105",720575940887754056,"37545,5805,202",720575940887754056,0.000000
720575940891746215,"24833,3296,2105",720575940877569847,"28033,3647,860",720575940877569847,36.409742
720575940891746215,"24833,3296,2105",720575940916312157,"17947,3091,2607",720575940916312157,173.681127
720575940891746215,"24833,3296,2105",720575940897166352,"37387,4317,2239",720575940897166352,0.000000
720575940891746215,"24833,3296,2105",720575940888538572,"23742,3073,2451",720575940888538572,104.160561
720575940891746215,"24833,3296,2105",720575940935700348,"22409,3328,2752",720575940935700348,21.869670
720575940891746215,"24833,3296,2105",720575940873510206,"31190,3277,663",720575940873510206,0.000000
720575940891746215,"24833,3296,2105",720575940888148336,"41698,5563,3288",720575940888148336,0.000000
720575940891746215,"24833,3296,2105",720575940886558498,"24860,3081,2535",720575940886558498,11.216128
720575940884051238,"26268,3416,1326",720575940868783341,"29320,4453,1733",720575940868783341,129.309840
720575940884051238,"26268,3416,1326",720575940919043399,"24306,3929,1314",720575940919043399,196.489593
720575940884051238,"26268,3416,1326",720575940905401289,"27344,3514,1565",720575940905401289,112.606337
720575940884051238,"26268,3416,1326",720575940937876909,"22490,3798,2283",720575940937876909,20.607217
720575940884051238,"26268,3416,1326",720575940877168648,"24461,3600,2248",720575940877168648,115.335655
720575940884051238,"26268,3416,1326",720575940893449483,"30532,4598,1070",720575940893449483,184.148825
720575940884051238,"26268,3416,1326",720575940902330369,"25384,4074,1605",720575940902330369,266.208723
720575940884051238,"26268,3416,1326",720575940870691926,"21636,4289,2083",720575940870691926,51.782092
720575940884051238,"26268,3416,1326",720575940905126710,"23751,4351,1605",720575940905126710,77.402167
720575940884051238,"26268,3416,1326",720575940900275170,"27295,4519,1330",720575940900275170,247.141148
720575940884051238,"26268,3416,1326",720575940881834064,"29556,5160,1151",720575940881834064,151.155013
720575940884051238,"26268,3416,1326",720575940920897193,"32485,5455,1334",720575940920897193,173.854934
720575940884051238,"26268,3416,1326",720575940881834320,"44973,7063,1558",720575940881834320,0.000000
720575940884051238,"26268,3416,1326",720575940883912476,"44111,5787,1151",720575940883912476,97.831591
720575940884051238,"26268,3416,1326",720575940881949777,"13153,5700,2154",720575940881949777,152.732212
720575940884051238,"26268,3416,1326",720575940870692182,"24136,3911,1002",720575940870692182,196.134345
720575940884051238,"26268,3416,1326",720575940847595117,"41727,5321,1579",720575940847595117,0.000000
720575940884051238,"26268,3416,1326",720575940881834576,"20994,6297,2199",720575940881834576,34.204770
720575940884051238,"26268,3416,1326",720575940887754056,"37545,5805,202",720575940887754056,227.379258
720575940884051238,"26268,3416,1326",720575940877569847,"28033,3647,860",720575940877569847,451.064015
720575940884051238,"26268,3416,1326",720575940916312157,"17947,3091,2607",720575940916312157,121.576375
720575940884051238,"26268,3416,1326",720575940897166352,"37387,4317,2239",720575940897166352,0.000000
720575940884051238,"26268,3416,1326",720575940888538572,"23742,3073,2451",720575940888538572,57.203964
720575940884051238,"26268,3416,1326",720575940935700348,"22409,3328,2752",720575940935700348,25.210467
720575940884051238,"26268,3416,1326",720575940873510206,"31190,3277,663",720575940873510206,30.952556
720575940884051238,"26268,3416,1326",720575940888148336,"41698,5563,3288",720575940888148336,36.679362
720575940884051238,"26268,3416,1326",720575940886558498,"24860,3081,2535",720575940886558498,19.618142
720575940897347842,"27279,3232,945",720575940868783341,"29320,4453,1733",720575940868783341,185.950657
720575940897347842,"27279,3232,945",720575940919043399,"24306,3929,1314",720575940919043399,101.641666
720575940897347842,"27279,3232,945",720575940905401289,"27344,3514,1565",720575940905401289,210.079439
720575940897347842,"27279,3232,945",720575940937876909,"22490,3798,2283",720575940937876909,90.917378
720575940897347842,"27279,3232,945",720575940877168648,"24461,3600,2248",720575940877168648,9.326807
720575940897347842,"27279,3232,945",720575940893449483,"30532,4598,1070",720575940893449483,150.703768
720575940897347842,"27279,3232,945",720575940902330369,"25384,4074,1605",720575940902330369,210.302250
720575940897347842,"27279,3232,945",720575940870691926,"21636,4289,2083",720575940870691926,104.361266
720575940897347842,"27279,3232,945",720575940905126710,"23751,4351,1605",720575940905126710,82.133808
720575940897347842,"27279,3232,945",720575940900275170,"27295,4519,1330",720575940900275170,106.596182
720575940897347842,"27279,3232,945",720575940881834064,"29556,5160,1151",720575940881834064,92.688124
720575940897347842,"27279,3232,945",720575940920897193,"32485,5455,1334",720575940920897193,89.778018
720575940897347842,"27279,3232,945",720575940881834320,"44973,7063,1558",720575940881834320,14.928850
720575940897347842,"27279,3232,945",720575940883912476,"44111,5787,1151",720575940883912476,103.771713
720575940897347842,"27279,3232,945",720575940881949777,"13153,5700,2154",720575940881949777,155.652141
720575940897347842,"27279,3232,945",720575940870692182,"24136,3911,1002",720575940870692182,83.255302
720575940897347842,"27279,3232,945",720575940847595117,"41727,5321,1579",720575940847595117,58.808241
720575940897347842,"27279,3232,945",720575940881834576,"20994,6297,2199",720575940881834576,5.752454
720575940897347842,"27279,3232,945",720575940887754056,"37545,5805,202",720575940887754056,211.067509
720575940897347842,"27279,3232,945",720575940877569847,"28033,3647,860",720575940877569847,395.100899
720575940897347842,"27279,3232,945",720575940916312157,"17947,3091,2607",720575940916312157,165.829091
720575940897347842,"27279,3232,945",720575940897166352,"37387,4317,2239",720575940897166352,53.964560
720575940897347842,"27279,3232,945",720575940888538572,"23742,3073,2451",720575940888538572,203.855780
720575940897347842,"27279,3232,945",720575940935700348,"22409,3328,2752",720575940935700348,0.000000
720575940897347842,"27279,3232,945",720575940873510206,"31190,3277,663",720575940873510206,155.208717
720575940897347842,"27279,3232,945",720575940888148336,"41698,5563,3288",720575940888148336,21.271240
720575940897347842,"27279,3232,945",720575940886558498,"24860,3081,2535",720575940886558498,0.000000
720575940847552365,"29034,3394,1365",720575940868783341,"29320,4453,1733",720575940868783341,33.497158
720575940847552365,"29034,3394,1365",720575940919043399,"24306,3929,1314",720575940919043399,0.000000
720575940847552365,"29034,3394,1365",720575940905401289,"27344,3514,1565",720575940905401289,140.728588
720575940847552365,"29034,3394,1365",720575940937876909,"22490,3798,2283",720575940937876909,103.158914
720575940847552365,"29034,3394,1365",720575940877168648,"24461,3600,2248",720575940877168648,139.336098
720575940847552365,"29034,3394,1365",720575940893449483,"30532,4598,1070",720575940893449483,10.468836
720575940847552365,"29034,3394,1365",720575940902330369,"25384,4074,1605",720575940902330369,0.000000
720575940847552365,"29034,3394,1365",720575940870691926,"21636,4289,2083",720575940870691926,88.179927
720575940847552365,"29034,3394,1365",720575940905126710,"23751,4351,1605",720575940905126710,9.014586
720575940847552365,"29034,3394,1365",720575940900275170,"27295,4519,1330",720575940900275170,14.098077
720575940847552365,"29034,3394,1365",720575940881834064,"29556,5160,1151",720575940881834064,6.883550
720575940847552365,"29034,3394,1365",720575940920897193,"32485,5455,1334",720575940920897193,38.444077
720575940847552365,"29034,3394,1365",720575940881834320,"44973,7063,1558",720575940881834320,15.605581
720575940847552365,"29034,3394,1365",720575940883912476,"44111,5787,1151",720575940883912476,69.301863
720575940847552365,"29034,3394,1365",720575940881949777,"13153,5700,2154",720575940881949777,48.324880
720575940847552365,"29034,3394,1365",720575940870692182,"24136,3911,1002",720575940870692182,15.471291
720575940847552365,"29034,3394,1365",720575940847595117,"41727,5321,1579",720575940847595117,28.234856
720575940847552365,"29034,3394,1365",720575940881834576,"20994,6297,2199",720575940881834576,16.499003
720575940847552365,"29034,3394,1365",720575940887754056,"37545,5805,202",720575940887754056,6.179415
720575940847552365,"29034,3394,1365",720575940877569847,"28033,3647,860",720575940877569847,236.081815
720575940847552365,"29034,3394,1365",720575940916312157,"17947,3091,2607",720575940916312157,221.007935
720575940847552365,"29034,3394,1365",720575940897166352,"37387,4317,2239",720575940897166352,0.000000
720575940847552365,"29034,3394,1365",720575940888538572,"23742,3073,2451",720575940888538572,219.148777
720575940847552365,"29034,3394,1365",720575940935700348,"22409,3328,2752",720575940935700348,224.259059
720575940847552365,"29034,3394,1365",720575940873510206,"31190,3277,663",720575940873510206,166.057110
720575940847552365,"29034,3394,1365",720575940888148336,"41698,5563,3288",720575940888148336,104.776773
720575940847552365,"29034,3394,1365",720575940886558498,"24860,3081,2535",720575940886558498,450.187994
720575940908359172,"24354,2920,1422",720575940868783341,"29320,4453,1733",720575940868783341,0.000000
720575940908359172,"24354,2920,1422",720575940919043399,"24306,3929,1314",720575940919043399,56.023935
720575940908359172,"24354,2920,1422",720575940905401289,"27344,3514,1565",720575940905401289,132.516856
720575940908359172,"24354,2920,1422",720575940937876909,"22490,3798,2283",720575940937876909,0.000000
720575940908359172,"24354,2920,1422",720575940877168648,"24461,3600,2248",720575940877168648,49.762823
720575940908359172,"24354,2920,1422",720575940893449483,"30532,4598,1070",720575940893449483,0.000000
720575940908359172,"24354,2920,1422",720575940902330369,"25384,4074,1605",720575940902330369,0.000000
720575940908359172,"24354,2920,1422",720575940870691926,"21636,4289,2083",720575940870691926,84.865523
720575940908359172,"24354,2920,1422",720575940905126710,"23751,4351,1605",720575940905126710,0.000000
720575940908359172,"24354,2920,1422",720575940900275170,"27295,4519,1330",720575940900275170,2.835717
720575940908359172,"24354,2920,1422",720575940881834064,"29556,5160,1151",720575940881834064,6.588475
720575940908359172,"24354,2920,1422",720575940920897193,"32485,5455,1334",720575940920897193,0.000000
720575940908359172,"24354,2920,1422",720575940881834320,"44973,7063,1558",720575940881834320,6.952797
720575940908359172,"24354,2920,1422",720575940883912476,"44111,5787,1151",720575940883912476,2.141775
720575940908359172,"24354,2920,1422",720575940881949777,"13153,5700,2154",720575940881949777,0.000000
720575940908359172,"24354,2920,1422",720575940870692182,"24136,3911,1002",720575940870692182,201.072579
720575940908359172,"24354,2920,1422",720575940847595117,"41727,5321,1579",720575940847595117,0.000000
720575940908359172,"24354,2920,1422",720575940881834576,"20994,6297,2199",720575940881834576,0.000000
720575940908359172,"24354,2920,1422",720575940887754056,"37545,5805,202",720575940887754056,24.099018
720575940908359172,"24354,2920,1422",720575940877569847,"28033,3647,860",720575940877569847,246.259843
720575940908359172,"24354,2920,1422",720575940916312157,"17947,3091,2607",720575940916312157,314.430674
720575940908359172,"24354,2920,1422",720575940897166352,"37387,4317,2239",720575940897166352,0.000000
720575940908359172,"24354,2920,1422",720575940888538572,"23742,3073,2451",720575940888538572,100.547718
720575940908359172,"24354,2920,1422",720575940935700348,"22409,3328,2752",720575940935700348,30.937694
720575940908359172,"24354,2920,1422",720575940873510206,"31190,3277,663",720575940873510206,32.843377
720575940908359172,"24354,2920,1422",720575940888148336,"41698,5563,3288",720575940888148336,28.647521
720575940908359172,"24354,2920,1422",720575940886558498,"24860,3081,2535",720575940886558498,21.226507
720575940922765354,"28549,3501,1075",720575940868783341,"29320,4453,1733",720575940868783341,207.198782
720575940922765354,"28549,3501,1075",720575940919043399,"24306,3929,1314",720575940919043399,315.127336
720575940922765354,"28549,3501,1075",720575940905401289,"27344,3514,1565",720575940905401289,133.832962
720575940922765354,"28549,3501,1075",720575940937876909,"22490,3798,2283",720575940937876909,91.543215
720575940922765354,"28549,3501,1075",720575940877168648,"24461,3600,2248",720575940877168648,162.184975
720575940922765354,"28549,3501,1075",720575940893449483,"30532,4598,1070",720575940893449483,274.129343
720575940922765354,"28549,3501,1075",720575940902330369,"25384,4074,1605",720575940902330369,356.752513
720575940922765354,"28549,3501,1075",720575940870691926,"21636,4289,2083",720575940870691926,69.796033
720575940922765354,"28549,3501,1075",720575940905126710,"23751,4351,1605",720575940905126710,241.237833
720575940922765354,"28549,3501,1075",720575940900275170,"27295,4519,1330",720575940900275170,135.701729
720575940922765354,"28549,3501,1075",720575940881834064,"29556,5160,1151",720575940881834064,180.515518
720575940922765354,"28549,3501,1075",720575940920897193,"32485,5455,1334",720575940920897193,229.667689
720575940922765354,"28549,3501,1075",720575940881834320,"44973,7063,1558",720575940881834320,22.475324
720575940922765354,"28549,3501,1075",720575940883912476,"44111,5787,1151",720575940883912476,119.863285
720575940922765354,"28549,3501,1075",720575940881949777,"13153,5700,2154",720575940881949777,95.966768
720575940922765354,"28549,3501,1075",720575940870692182,"24136,3911,1002",720575940870692182,266.506005
720575940922765354,"28549,3501,1075",720575940847595117,"41727,5321,1579",720575940847595117,33.247646
720575940922765354,"28549,3501,1075",720575940881834576,"20994,6297,2199",720575940881834576,11.942667
720575940922765354,"28549,3501,1075",720575940887754056,"37545,5805,202",720575940887754056,254.631289
720575940922765354,"28549,3501,1075",720575940877569847,"28033,3647,860",720575940877569847,367.730120
720575940922765354,"28549,3501,1075",720575940916312157,"17947,3091,2607",720575940916312157,306.793522
720575940922765354,"28549,3501,1075",720575940897166352,"37387,4317,2239",720575940897166352,46.014924
720575940922765354,"28549,3501,1075",720575940888538572,"23742,3073,2451",720575940888538572,395.459446
720575940922765354,"28549,3501,1075",720575940935700348,"22409,3328,2752",720575940935700348,117.520643
720575940922765354,"28549,3501,1075",720575940873510206,"31190,3277,663",720575940873510206,127.655066
720575940922765354,"28549,3501,1075",720575940888148336,"41698,5563,3288",720575940888148336,24.365387
720575940922765354,"28549,3501,1075",720575940886558498,"24860,3081,2535",720575940886558498,35.684187
720575940919045143,"28363,3506,1556",720575940868783341,"29320,4453,1733",720575940868783341,26.051581
720575940919045143,"28363,3506,1556",720575940919043399,"24306,3929,1314",720575940919043399,126.679139
720575940919045143,"28363,3506,1556",720575940905401289,"27344,3514,1565",720575940905401289,74.986469
720575940919045143,"28363,3506,1556",720575940937876909,"22490,3798,2283",720575940937876909,11.650635
720575940919045143,"28363,3506,1556",720575940877168648,"24461,3600,2248",720575940877168648,177.866520
720575940919045143,"28363,3506,1556",720575940893449483,"30532,4598,1070",720575940893449483,21.142933
720575940919045143,"28363,3506,1556",720575940902330369,"25384,4074,1605",720575940902330369,168.793841
720575940919045143,"28363,3506,1556",720575940870691926,"21636,4289,2083",720575940870691926,7.467460
720575940919045143,"28363,3506,1556",720575940905126710,"23751,4351,1605",720575940905126710,78.518518
720575940919045143,"28363,3506,1556",720575940900275170,"27295,4519,1330",720575940900275170,98.529016
720575940919045143,"28363,3506,1556",720575940881834064,"29556,5160,1151",720575940881834064,87.775748
720575940919045143,"28363,3506,1556",720575940920897193,"32485,5455,1334",720575940920897193,37.135396
720575940919045143,"28363,3506,1556",720575940881834320,"44973,7063,1558",720575940881834320,25.346412
720575940919045143,"28363,3506,1556",720575940883912476,"44111,5787,1151",720575940883912476,183.344821
720575940919045143,"28363,3506,1556",720575940881949777,"13153,5700,2154",720575940881949777,27.429269
720575940919045143,"28363,3506,1556",720575940870692182,"24136,3911,1002",720575940870692182,94.926464
720575940919045143,"28363,3506,1556",720575940847595117,"41727,5321,1579",720575940847595117,6.122654
720575940919045143,"28363,3506,1556",720575940881834576,"20994,6297,2199",720575940881834576,0.000000
720575940919045143,"28363,3506,1556",720575940887754056,"37545,5805,202",720575940887754056,62.050009
720575940919045143,"28363,3506,1556",720575940877569847,"28033,3647,860",720575940877569847,494.972026
720575940919045143,"28363,3506,1556",720575940916312157,"17947,3091,2607",720575940916312157,142.499178
720575940919045143,"28363,3506,1556",720575940897166352,"37387,4317,2239",720575940897166352,64.551450
720575940919045143,"28363,3506,1556",720575940888538572,"23742,3073,2451",720575940888538572,79.887808
720575940919045143,"28363,3506,1556",720575940935700348,"22409,3328,2752",720575940935700348,34.425543
720575940919045143,"28363,3506,1556",720575940873510206,"31190,3277,663",720575940873510206,20.076446
720575940919045143,"28363,3506,1556",720575940888148336,"41698,5563,3288",720575940888148336,3.125570
720575940919045143,"28363,3506,1556",720575940886558498,"24860,3081,2535",720575940886558498,0.000000
720575940919045143,"27613,3357,1641",720575940868783341,"29320,4453,1733",720575940868783341,26.051581
720575940919045143,"27613,3357,1641",720575940919043399,"24306,3929,1314",720575940919043399,126.679139
720575940919045143,"27613,3357,1641",720575940905401289,"27344,3514,1565",720575940905401289,74.986469
720575940919045143,"27613,3357,1641",720575940937876909,"22490,3798,2283",720575940937876909,11.650635
720575940919045143,"27613,3357,1641",720575940877168648,"24461,3600,2248",720575940877168648,195.059136
720575940919045143,"27613,3357,1641",720575940893449483,"30532,4598,1070",720575940893449483,30.788593
720575940919045143,"27613,3357,1641",720575940902330369,"25384,4074,1605",720575940902330369,168.793841
720575940919045143,"27613,3357,1641",720575940870691926,"21636,4289,2083",720575940870691926,7.467460
720575940919045143,"27613,3357,1641",720575940905126710,"23751,4351,1605",720575940905126710,91.909152
720575940919045143,"27613,3357,1641",720575940900275170,"27295,4519,1330",720575940900275170,98.529016
720575940919045143,"27613,3357,1641",720575940881834064,"29556,5160,1151",720575940881834064,87.775748
720575940919045143,"27613,3357,1641",720575940920897193,"32485,5455,1334",720575940920897193,37.135396
720575940919045143,"27613,3357,1641",720575940881834320,"44973,7063,1558",720575940881834320,25.346412
720575940919045143,"27613,3357,1641",720575940883912476,"44111,5787,1151",720575940883912476,183.344821
720575940919045143,"27613,3357,1641",720575940881949777,"13153,5700,2154",720575940881949777,27.429269
720575940919045143,"27613,3357,1641",720575940870692182,"24136,3911,1002",720575940870692182,88.754139
720575940919045143,"27613,3357,1641",720575940847595117,"41727,5321,1579",720575940847595117,6.122654
720575940919045143,"27613,3357,1641",720575940881834576,"20994,6297,2199",720575940881834576,0.000000
720575940919045143,"27613,3357,1641",720575940887754056,"37545,5805,202",720575940887754056,62.050009
720575940919045143,"27613,3357,1641",720575940877569847,"28033,3647,860",720575940877569847,499.565356
720575940919045143,"27613,3357,1641",720575940916312157,"17947,3091,2607",720575940916312157,121.862783
720575940919045143,"27613,3357,1641",720575940897166352,"37387,4317,2239",720575940897166352,64.551450
720575940919045143,"27613,3357,1641",720575940888538572,"23742,3073,2451",720575940888538572,96.876344
720575940919045143,"27613,3357,1641",720575940935700348,"22409,3328,2752",720575940935700348,34.425543
720575940919045143,"27613,3357,1641",720575940873510206,"31190,3277,663",720575940873510206,20.076446
720575940919045143,"27613,3357,1641",720575940888148336,"41698,5563,3288",720575940888148336,3.125570
720575940919045143,"27613,3357,1641",720575940886558498,"24860,3081,2535",720575940886558498,0.000000
720575940887090394,"25833,3710,1553",720575940868783341,"29320,4453,1733",720575940868783341,55.306715
720575940887090394,"25833,3710,1553",720575940919043399,"24306,3929,1314",720575940919043399,96.363501
720575940887090394,"25833,3710,1553",720575940905401289,"27344,3514,1565",720575940905401289,52.884567
720575940887090394,"25833,3710,1553",720575940937876909,"22490,3798,2283",720575940937876909,0.000000
720575940887090394,"25833,3710,1553",720575940877168648,"24461,3600,2248",720575940877168648,95.069700
720575940887090394,"25833,3710,1553",720575940893449483,"30532,4598,1070",720575940893449483,69.964333
720575940887090394,"25833,3710,1553",720575940902330369,"25384,4074,1605",720575940902330369,116.424410
720575940887090394,"25833,3710,1553",720575940870691926,"21636,4289,2083",720575940870691926,83.011178
720575940887090394,"25833,3710,1553",720575940905126710,"23751,4351,1605",720575940905126710,62.364633
720575940887090394,"25833,3710,1553",720575940900275170,"27295,4519,1330",720575940900275170,50.125233
720575940887090394,"25833,3710,1553",720575940881834064,"29556,5160,1151",720575940881834064,53.047262
720575940887090394,"25833,3710,1553",720575940920897193,"32485,5455,1334",720575940920897193,33.206388
720575940887090394,"25833,3710,1553",720575940881834320,"44973,7063,1558",720575940881834320,7.091565
720575940887090394,"25833,3710,1553",720575940883912476,"44111,5787,1151",720575940883912476,0.000000
720575940887090394,"25833,3710,1553",720575940881949777,"13153,5700,2154",720575940881949777,42.359259
720575940887090394,"25833,3710,1553",720575940870692182,"24136,3911,1002",720575940870692182,28.485851
720575940887090394,"25833,3710,1553",720575940847595117,"41727,5321,1579",720575940847595117,67.388752
720575940887090394,"25833,3710,1553",720575940881834576,"20994,6297,2199",720575940881834576,0.000000
720575940887090394,"25833,3710,1553",720575940887754056,"37545,5805,202",720575940887754056,21.456732
720575940887090394,"25833,3710,1553",720575940877569847,"28033,3647,860",720575940877569847,82.975721
720575940887090394,"25833,3710,1553",720575940916312157,"17947,3091,2607",720575940916312157,47.435835
720575940887090394,"25833,3710,1553",720575940897166352,"37387,4317,2239",720575940897166352,15.164534
720575940887090394,"25833,3710,1553",720575940888538572,"23742,3073,2451",720575940888538572,6.333939
720575940887090394,"25833,3710,1553",720575940935700348,"22409,3328,2752",720575940935700348,6.556228
720575940887090394,"25833,3710,1553",720575940873510206,"31190,3277,663",720575940873510206,0.000000
720575940887090394,"25833,3710,1553",720575940888148336,"41698,5563,3288",720575940888148336,32.215207
720575940887090394,"25833,3710,1553",720575940886558498,"24860,3081,2535",720575940886558498,25.404218
720575940941563158,"25687,2977,1459",720575940868783341,"29320,4453,1733",720575940868783341,17.989661
720575940941563158,"25687,2977,1459",720575940919043399,"24306,3929,1314",720575940919043399,0.000000
720575940941563158,"25687,2977,1459",720575940905401289,"27344,3514,1565",720575940905401289,0.000000
720575940941563158,"25687,2977,1459",720575940937876909,"22490,3798,2283",720575940937876909,23.812617
720575940941563158,"25687,2977,1459",720575940877168648,"24461,3600,2248",720575940877168648,14.366831
720575940941563158,"25687,2977,1459",720575940893449483,"30532,4598,1070",720575940893449483,31.505122
720575940941563158,"25687,2977,1459",720575940902330369,"25384,4074,1605",720575940902330369,101.031938
720575940941563158,"25687,2977,1459",720575940870691926,"21636,4289,2083",720575940870691926,8.771537
720575940941563158,"25687,2977,1459",720575940905126710,"23751,4351,1605",720575940905126710,26.942164
720575940941563158,"25687,2977,1459",720575940900275170,"27295,4519,1330",720575940900275170,62.659879
720575940941563158,"25687,2977,1459",720575940881834064,"29556,5160,1151",720575940881834064,4.573260
720575940941563158,"25687,2977,1459",720575940920897193,"32485,5455,1334",720575940920897193,0.000000
720575940941563158,"25687,2977,1459",720575940881834320,"44973,7063,1558",720575940881834320,0.000000
720575940941563158,"25687,2977,1459",720575940883912476,"44111,5787,1151",720575940883912476,8.247189
720575940941563158,"25687,2977,1459",720575940881949777,"13153,5700,2154",720575940881949777,0.000000
720575940941563158,"25687,2977,1459",720575940870692182,"24136,3911,1002",720575940870692182,69.671097
720575940941563158,"25687,2977,1459",720575940847595117,"41727,5321,1579",720575940847595117,19.044703
720575940941563158,"25687,2977,1459",720575940881834576,"20994,6297,2199",720575940881834576,0.000000
720575940941563158,"25687,2977,1459",720575940887754056,"37545,5805,202",720575940887754056,0.000000
720575940941563158,"25687,2977,1459",720575940877569847,"28033,3647,860",720575940877569847,35.008951
720575940941563158,"25687,2977,1459",720575940916312157,"17947,3091,2607",720575940916312157,102.540815
720575940941563158,"25687,2977,1459",720575940897166352,"37387,4317,2239",720575940897166352,0.000000
720575940941563158,"25687,2977,1459",720575940888538572,"23742,3073,2451",720575940888538572,64.658445
720575940941563158,"25687,2977,1459",720575940935700348,"22409,3328,2752",720575940935700348,6.283462
720575940941563158,"25687,2977,1459",720575940873510206,"31190,3277,663",720575940873510206,0.000000
720575940941563158,"25687,2977,1459",720575940888148336,"41698,5563,3288",720575940888148336,0.000000
720575940941563158,"25687,2977,1459",720575940886558498,"24860,3081,2535",720575940886558498,9.850745
720575940884977867,"28289,3278,1954",720575940868783341,"29320,4453,1733",720575940868783341,50.422622
720575940884977867,"28289,3278,1954",720575940919043399,"24306,3929,1314",720575940919043399,0.000000
720575940884977867,"28289,3278,1954",720575940905401289,"27344,3514,1565",720575940905401289,189.424693
720575940884977867,"28289,3278,1954",720575940937876909,"22490,3798,2283",720575940937876909,134.327526
720575940884977867,"28289,3278,1954",720575940877168648,"24461,3600,2248",720575940877168648,87.799167
720575940884977867,"28289,3278,1954",720575940893449483,"30532,4598,1070",720575940893449483,0.000000
720575940884977867,"28289,3278,1954",720575940902330369,"25384,4074,1605",720575940902330369,0.000000
720575940884977867,"28289,3278,1954",720575940870691926,"21636,4289,2083",720575940870691926,0.000000
720575940884977867,"28289,3278,1954",720575940905126710,"23751,4351,1605",720575940905126710,0.000000
720575940884977867,"28289,3278,1954",720575940900275170,"27295,4519,1330",720575940900275170,0.000000
720575940884977867,"28289,3278,1954",720575940881834064,"29556,5160,1151",720575940881834064,0.000000
720575940884977867,"28289,3278,1954",720575940920897193,"32485,5455,1334",720575940920897193,0.000000
720575940884977867,"28289,3278,1954",720575940881834320,"44973,7063,1558",720575940881834320,26.306158
720575940884977867,"28289,3278,1954",720575940883912476,"44111,5787,1151",720575940883912476,28.568233
720575940884977867,"28289,3278,1954",720575940881949777,"13153,5700,2154",720575940881949777,0.000000
720575940884977867,"28289,3278,1954",720575940870692182,"24136,3911,1002",720575940870692182,0.000000
720575940884977867,"28289,3278,1954",720575940847595117,"41727,5321,1579",720575940847595117,9.869921
720575940884977867,"28289,3278,1954",720575940881834576,"20994,6297,2199",720575940881834576,0.000000
720575940884977867,"28289,3278,1954",720575940887754056,"37545,5805,202",720575940887754056,44.447878
720575940884977867,"28289,3278,1954",720575940877569847,"28033,3647,860",720575940877569847,285.272581
720575940884977867,"28289,3278,1954",720575940916312157,"17947,3091,2607",720575940916312157,268.596968
720575940884977867,"28289,3278,1954",720575940897166352,"37387,4317,2239",720575940897166352,356.952303
720575940884977867,"28289,3278,1954",720575940888538572,"23742,3073,2451",720575940888538572,381.234837
720575940884977867,"28289,3278,1954",720575940935700348,"22409,3328,2752",720575940935700348,298.170148
720575940884977867,"28289,3278,1954",720575940873510206,"31190,3277,663",720575940873510206,72.212360
720575940884977867,"28289,3278,1954",720575940888148336,"41698,5563,3288",720575940888148336,10.742879
720575940884977867,"28289,3278,1954",720575940886558498,"24860,3081,2535",720575940886558498,335.556035
720575940882082080,"27503,3367,1437",720575940868783341,"29320,4453,1733",720575940868783341,31.259885
720575940882082080,"27503,3367,1437",720575940919043399,"24306,3929,1314",720575940919043399,0.000000
720575940882082080,"27503,3367,1437",720575940905401289,"27344,3514,1565",720575940905401289,55.634356
720575940882082080,"27503,3367,1437",720575940937876909,"22490,3798,2283",720575940937876909,44.611709
720575940882082080,"27503,3367,1437",720575940877168648,"24461,3600,2248",720575940877168648,72.855037
720575940882082080,"27503,3367,1437",720575940893449483,"30532,4598,1070",720575940893449483,24.399854
720575940882082080,"27503,3367,1437",720575940902330369,"25384,4074,1605",720575940902330369,110.741304
720575940882082080,"27503,3367,1437",720575940870691926,"21636,4289,2083",720575940870691926,0.000000
720575940882082080,"27503,3367,1437",720575940905126710,"23751,4351,1605",720575940905126710,21.462374
720575940882082080,"27503,3367,1437",720575940900275170,"27295,4519,1330",720575940900275170,8.212844
720575940882082080,"27503,3367,1437",720575940881834064,"29556,5160,1151",720575940881834064,0.000000
720575940882082080,"27503,3367,1437",720575940920897193,"32485,5455,1334",720575940920897193,0.000000
720575940882082080,"27503,3367,1437",720575940881834320,"44973,7063,1558",720575940881834320,0.000000
720575940882082080,"27503,3367,1437",720575940883912476,"44111,5787,1151",720575940883912476,7.625985
720575940882082080,"27503,3367,1437",720575940881949777,"13153,5700,2154",720575940881949777,38.427604
720575940882082080,"27503,3367,1437",720575940870692182,"24136,3911,1002",720575940870692182,0.000000
720575940882082080,"27503,3367,1437",720575940847595117,"41727,5321,1579",720575940847595117,0.000000
720575940882082080,"27503,3367,1437",720575940881834576,"20994,6297,2199",720575940881834576,14.247652
720575940882082080,"27503,3367,1437",720575940887754056,"37545,5805,202",720575940887754056,68.843618
720575940882082080,"27503,3367,1437",720575940877569847,"28033,3647,860",720575940877569847,316.563019
720575940882082080,"27503,3367,1437",720575940916312157,"17947,3091,2607",720575940916312157,370.255606
720575940882082080,"27503,3367,1437",720575940897166352,"37387,4317,2239",720575940897166352,39.117467
720575940882082080,"27503,3367,1437",720575940888538572,"23742,3073,2451",720575940888538572,202.981873
720575940882082080,"27503,3367,1437",720575940935700348,"22409,3328,2752",720575940935700348,204.524199
720575940882082080,"27503,3367,1437",720575940873510206,"31190,3277,663",720575940873510206,13.115437
720575940882082080,"27503,3367,1437",720575940888148336,"41698,5563,3288",720575940888148336,123.484676
720575940882082080,"27503,3367,1437",720575940886558498,"24860,3081,2535",720575940886558498,234.664668
720575940884031660,"28123,3222,1809",720575940868783341,"29320,4453,1733",720575940868783341,53.912720
720575940884031660,"28123,3222,1809",720575940919043399,"24306,3929,1314",720575940919043399,65.617142
720575940884031660,"28123,3222,1809",720575940905401289,"27344,3514,1565",720575940905401289,122.289670
720575940884031660,"28123,3222,1809",720575940937876909,"22490,3798,2283",720575940937876909,104.931935
720575940884031660,"28123,3222,1809",720575940877168648,"24461,3600,2248",720575940877168648,117.962262
720575940884031660,"28123,3222,1809",720575940893449483,"30532,4598,1070",720575940893449483,22.947599
720575940884031660,"28123,3222,1809",720575940902330369,"25384,4074,1605",720575940902330369,134.030900
720575940884031660,"28123,3222,1809",720575940870691926,"21636,4289,2083",720575940870691926,22.398207
720575940884031660,"28123,3222,1809",720575940905126710,"23751,4351,1605",720575940905126710,87.440235
720575940884031660,"28123,3222,1809",720575940900275170,"27295,4519,1330",720575940900275170,45.405109
720575940884031660,"28123,3222,1809",720575940881834064,"29556,5160,1151",720575940881834064,80.900862
720575940884031660,"28123,3222,1809",720575940920897193,"32485,5455,1334",720575940920897193,36.833220
720575940884031660,"28123,3222,1809",720575940881834320,"44973,7063,1558",720575940881834320,0.000000
720575940884031660,"28123,3222,1809",720575940883912476,"44111,5787,1151",720575940883912476,94.492382
720575940884031660,"28123,3222,1809",720575940881949777,"13153,5700,2154",720575940881949777,17.289768
720575940884031660,"28123,3222,1809",720575940870692182,"24136,3911,1002",720575940870692182,86.148938
720575940884031660,"28123,3222,1809",720575940847595117,"41727,5321,1579",720575940847595117,0.000000
720575940884031660,"28123,3222,1809",720575940881834576,"20994,6297,2199",720575940881834576,0.000000
720575940884031660,"28123,3222,1809",720575940887754056,"37545,5805,202",720575940887754056,36.145423
720575940884031660,"28123,3222,1809",720575940877569847,"28033,3647,860",720575940877569847,308.422638
720575940884031660,"28123,3222,1809",720575940916312157,"17947,3091,2607",720575940916312157,494.601188
720575940884031660,"28123,3222,1809",720575940897166352,"37387,4317,2239",720575940897166352,180.445397
720575940884031660,"28123,3222,1809",720575940888538572,"23742,3073,2451",720575940888538572,288.920748
720575940884031660,"28123,3222,1809",720575940935700348,"22409,3328,2752",720575940935700348,111.486837
720575940884031660,"28123,3222,1809",720575940873510206,"31190,3277,663",720575940873510206,94.739484
720575940884031660,"28123,3222,1809",720575940888148336,"41698,5563,3288",720575940888148336,72.288815
720575940884031660,"28123,3222,1809",720575940886558498,"24860,3081,2535",720575940886558498,104.679071
720575940884032172,"29497,3289,1771",720575940868783341,"29320,4453,1733",720575940868783341,8.999963
720575940884032172,"29497,3289,1771",720575940919043399,"24306,3929,1314",720575940919043399,58.389377
720575940884032172,"29497,3289,1771",720575940905401289,"27344,3514,1565",720575940905401289,34.007272
720575940884032172,"29497,3289,1771",720575940937876909,"22490,3798,2283",720575940937876909,14.949711
720575940884032172,"29497,3289,1771",720575940877168648,"24461,3600,2248",720575940877168648,32.682875
720575940884032172,"29497,3289,1771",720575940893449483,"30532,4598,1070",720575940893449483,21.783096
720575940884032172,"29497,3289,1771",720575940902330369,"25384,4074,1605",720575940902330369,99.021138
720575940884032172,"29497,3289,1771",720575940870691926,"21636,4289,2083",720575940870691926,13.234284
720575940884032172,"29497,3289,1771",720575940905126710,"23751,4351,1605",720575940905126710,55.345327
720575940884032172,"29497,3289,1771",720575940900275170,"27295,4519,1330",720575940900275170,60.444299
720575940884032172,"29497,3289,1771",720575940881834064,"29556,5160,1151",720575940881834064,76.580323
720575940884032172,"29497,3289,1771",720575940920897193,"32485,5455,1334",720575940920897193,0.000000
720575940884032172,"29497,3289,1771",720575940881834320,"44973,7063,1558",720575940881834320,0.000000
720575940884032172,"29497,3289,1771",720575940883912476,"44111,5787,1151",720575940883912476,52.359845
720575940884032172,"29497,3289,1771",720575940881949777,"13153,5700,2154",720575940881949777,20.651811
720575940884032172,"29497,3289,1771",720575940870692182,"24136,3911,1002",720575940870692182,57.787752
720575940884032172,"29497,3289,1771",720575940847595117,"41727,5321,1579",720575940847595117,0.000000
720575940884032172,"29497,3289,1771",720575940881834576,"20994,6297,2199",720575940881834576,0.000000
720575940884032172,"29497,3289,1771",720575940887754056,"37545,5805,202",720575940887754056,0.000000
720575940884032172,"29497,3289,1771",720575940877569847,"28033,3647,860",720575940877569847,54.879880
720575940884032172,"29497,3289,1771",720575940916312157,"17947,3091,2607",720575940916312157,52.260100
720575940884032172,"29497,3289,1771",720575940897166352,"37387,4317,2239",720575940897166352,59.293404
720575940884032172,"29497,3289,1771",720575940888538572,"23742,3073,2451",720575940888538572,161.400419
720575940884032172,"29497,3289,1771",720575940935700348,"22409,3328,2752",720575940935700348,49.859831
720575940884032172,"29497,3289,1771",720575940873510206,"31190,3277,663",720575940873510206,7.539508
720575940884032172,"29497,3289,1771",720575940888148336,"41698,5563,3288",720575940888148336,30.592621
720575940884032172,"29497,3289,1771",720575940886558498,"24860,3081,2535",720575940886558498,26.217302
720575940924156549,"25253,3128,1554",720575940868783341,"29320,4453,1733",720575940868783341,6.812990
720575940924156549,"25253,3128,1554",720575940919043399,"24306,3929,1314",720575940919043399,17.879074
720575940924156549,"25253,3128,1554",720575940905401289,"27344,3514,1565",720575940905401289,111.123591
720575940924156549,"25253,3128,1554",720575940937876909,"22490,3798,2283",720575940937876909,0.000000
720575940924156549,"25253,3128,1554",720575940877168648,"24461,3600,2248",720575940877168648,11.441172
720575940924156549,"25253,3128,1554",720575940893449483,"30532,4598,1070",720575940893449483,84.466599
720575940924156549,"25253,3128,1554",720575940902330369,"25384,4074,1605",720575940902330369,15.326009
720575940924156549,"25253,3128,1554",720575940870691926,"21636,4289,2083",720575940870691926,41.092028
720575940924156549,"25253,3128,1554",720575940905126710,"23751,4351,1605",720575940905126710,103.017591
720575940924156549,"25253,3128,1554",720575940900275170,"27295,4519,1330",720575940900275170,55.139893
720575940924156549,"25253,3128,1554",720575940881834064,"29556,5160,1151",720575940881834064,83.267300
720575940924156549,"25253,3128,1554",720575940920897193,"32485,5455,1334",720575940920897193,19.042759
720575940924156549,"25253,3128,1554",720575940881834320,"44973,7063,1558",720575940881834320,0.000000
720575940924156549,"25253,3128,1554",720575940883912476,"44111,5787,1151",720575940883912476,49.444658
720575940924156549,"25253,3128,1554",720575940881949777,"13153,5700,2154",720575940881949777,64.011132
720575940924156549,"25253,3128,1554",720575940870692182,"24136,3911,1002",720575940870692182,202.829865
720575940924156549,"25253,3128,1554",720575940847595117,"41727,5321,1579",720575940847595117,0.000000
720575940924156549,"25253,3128,1554",720575940881834576,"20994,6297,2199",720575940881834576,26.820545
720575940924156549,"25253,3128,1554",720575940887754056,"37545,5805,202",720575940887754056,0.000000
720575940924156549,"25253,3128,1554",720575940877569847,"28033,3647,860",720575940877569847,118.051667
720575940924156549,"25253,3128,1554",720575940916312157,"17947,3091,2607",720575940916312157,157.209724
720575940924156549,"25253,3128,1554",720575940897166352,"37387,4317,2239",720575940897166352,0.000000
720575940924156549,"25253,3128,1554",720575940888538572,"23742,3073,2451",720575940888538572,23.441345
720575940924156549,"25253,3128,1554",720575940935700348,"22409,3328,2752",720575940935700348,11.117137
720575940924156549,"25253,3128,1554",720575940873510206,"31190,3277,663",720575940873510206,0.000000
720575940924156549,"25253,3128,1554",720575940888148336,"41698,5563,3288",720575940888148336,16.752107
720575940924156549,"25253,3128,1554",720575940886558498,"24860,3081,2535",720575940886558498,12.943312
720575940893949822,"28670,2881,2106",720575940868783341,"29320,4453,1733",720575940868783341,25.380334
720575940893949822,"28670,2881,2106",720575940919043399,"24306,3929,1314",720575940919043399,0.000000
720575940893949822,"28670,2881,2106",720575940905401289,"27344,3514,1565",720575940905401289,38.056117
720575940893949822,"28670,2881,2106",720575940937876909,"22490,3798,2283",720575940937876909,0.000000
720575940893949822,"28670,2881,2106",720575940877168648,"24461,3600,2248",720575940877168648,0.000000
720575940893949822,"28670,2881,2106",720575940893449483,"30532,4598,1070",720575940893449483,0.000000
720575940893949822,"28670,2881,2106",720575940902330369,"25384,4074,1605",720575940902330369,0.000000
720575940893949822,"28670,2881,2106",720575940870691926,"21636,4289,2083",720575940870691926,0.000000
720575940893949822,"28670,2881,2106",720575940905126710,"23751,4351,1605",720575940905126710,0.000000
720575940893949822,"28670,2881,2106",720575940900275170,"27295,4519,1330",720575940900275170,0.000000
720575940893949822,"28670,2881,2106",720575940881834064,"29556,5160,1151",720575940881834064,0.000000
720575940893949822,"28670,2881,2106",720575940920897193,"32485,5455,1334",720575940920897193,11.605907
720575940893949822,"28670,2881,2106",720575940881834320,"44973,7063,1558",720575940881834320,0.000000
720575940893949822,"28670,2881,2106",720575940883912476,"44111,5787,1151",720575940883912476,111.467833
720575940893949822,"28670,2881,2106",720575940881949777,"13153,5700,2154",720575940881949777,0.000000
720575940893949822,"28670,2881,2106",720575940870692182,"24136,3911,1002",720575940870692182,0.000000
720575940893949822,"28670,2881,2106",720575940847595117,"41727,5321,1579",720575940847595117,7.405318
720575940893949822,"28670,2881,2106",720575940881834576,"20994,6297,2199",720575940881834576,0.000000
720575940893949822,"28670,2881,2106",720575940887754056,"37545,5805,202",720575940887754056,117.388217
720575940893949822,"28670,2881,2106",720575940877569847,"28033,3647,860",720575940877569847,56.840895
720575940893949822,"28670,2881,2106",720575940916312157,"17947,3091,2607",720575940916312157,152.728611
720575940893949822,"28670,2881,2106",720575940897166352,"37387,4317,2239",720575940897166352,192.628030
720575940893949822,"28670,2881,2106",720575940888538572,"23742,3073,2451",720575940888538572,273.665439
720575940893949822,"28670,2881,2106",720575940935700348,"22409,3328,2752",720575940935700348,74.837570
720575940893949822,"28670,2881,2106",720575940873510206,"31190,3277,663",720575940873510206,69.221824
720575940893949822,"28670,2881,2106",720575940888148336,"41698,5563,3288",720575940888148336,33.810611
720575940893949822,"28670,2881,2106",720575940886558498,"24860,3081,2535",720575940886558498,31.228096
720575940924436802,"27329,3158,1375",720575940868783341,"29320,4453,1733",720575940868783341,180.801883
720575940924436802,"27329,3158,1375",720575940919043399,"24306,3929,1314",720575940919043399,31.743491
720575940924436802,"27329,3158,1375",720575940905401289,"27344,3514,1565",720575940905401289,412.068528
720575940924436802,"27329,3158,1375",720575940937876909,"22490,3798,2283",720575940937876909,60.680254
720575940924436802,"27329,3158,1375",720575940877168648,"24461,3600,2248",720575940877168648,42.882653
720575940924436802,"27329,3158,1375",720575940893449483,"30532,4598,1070",720575940893449483,49.730385
720575940924436802,"27329,3158,1375",720575940902330369,"25384,4074,1605",720575940902330369,0.000000
720575940924436802,"27329,3158,1375",720575940870691926,"21636,4289,2083",720575940870691926,15.717659
720575940924436802,"27329,3158,1375",720575940905126710,"23751,4351,1605",720575940905126710,98.323660
720575940924436802,"27329,3158,1375",720575940900275170,"27295,4519,1330",720575940900275170,57.732597
720575940924436802,"27329,3158,1375",720575940881834064,"29556,5160,1151",720575940881834064,75.925032
720575940924436802,"27329,3158,1375",720575940920897193,"32485,5455,1334",720575940920897193,0.000000
720575940924436802,"27329,3158,1375",720575940881834320,"44973,7063,1558",720575940881834320,0.000000
720575940924436802,"27329,3158,1375",720575940883912476,"44111,5787,1151",720575940883912476,356.875072
720575940924436802,"27329,3158,1375",720575940881949777,"13153,5700,2154",720575940881949777,23.858787
720575940924436802,"27329,3158,1375",720575940870692182,"24136,3911,1002",720575940870692182,66.492276
720575940924436802,"27329,3158,1375",720575940847595117,"41727,5321,1579",720575940847595117,0.000000
720575940924436802,"27329,3158,1375",720575940881834576,"20994,6297,2199",720575940881834576,0.000000
720575940924436802,"27329,3158,1375",720575940887754056,"37545,5805,202",720575940887754056,471.993532
720575940924436802,"27329,3158,1375",720575940877569847,"28033,3647,860",720575940877569847,517.289167
720575940924436802,"27329,3158,1375",720575940916312157,"17947,3091,2607",720575940916312157,712.316069
720575940924436802,"27329,3158,1375",720575940897166352,"37387,4317,2239",720575940897166352,141.775461
720575940924436802,"27329,3158,1375",720575940888538572,"23742,3073,2451",720575940888538572,400.417661
720575940924436802,"27329,3158,1375",720575940935700348,"22409,3328,2752",720575940935700348,96.107023
720575940924436802,"27329,3158,1375",720575940873510206,"31190,3277,663",720575940873510206,357.306447
720575940924436802,"27329,3158,1375",720575940888148336,"41698,5563,3288",720575940888148336,64.847287
720575940924436802,"27329,3158,1375",720575940886558498,"24860,3081,2535",720575940886558498,82.520084
720575940902680734,"23933,4711,1078",720575940868783341,"29320,4453,1733",720575940868783341,0.000000
720575940902680734,"23933,4711,1078",720575940919043399,"24306,3929,1314",720575940919043399,164.109854
720575940902680734,"23933,4711,1078",720575940905401289,"27344,3514,1565",720575940905401289,25.352785
720575940902680734,"23933,4711,1078",720575940937876909,"22490,3798,2283",720575940937876909,0.000000
720575940902680734,"23933,4711,1078",720575940877168648,"24461,3600,2248",720575940877168648,102.926591
720575940902680734,"23933,4711,1078",720575940893449483,"30532,4598,1070",720575940893449483,10.394230
720575940902680734,"23933,4711,1078",720575940902330369,"25384,4074,1605",720575940902330369,79.060440
720575940902680734,"23933,4711,1078",720575940870691926,"21636,4289,2083",720575940870691926,19.582045
720575940902680734,"23933,4711,1078",720575940905126710,"23751,4351,1605",720575940905126710,41.256982
720575940902680734,"23933,4711,1078",720575940900275170,"27295,4519,1330",720575940900275170,47.268360
720575940902680734,"23933,4711,1078",720575940881834064,"29556,5160,1151",720575940881834064,52.927030
720575940902680734,"23933,4711,1078",720575940920897193,"32485,5455,1334",720575940920897193,15.338036
720575940902680734,"23933,4711,1078",720575940881834320,"44973,7063,1558",720575940881834320,0.000000
720575940902680734,"23933,4711,1078",720575940883912476,"44111,5787,1151",720575940883912476,24.775138
720575940902680734,"23933,4711,1078",720575940881949777,"13153,5700,2154",720575940881949777,22.236398
720575940902680734,"23933,4711,1078",720575940870692182,"24136,3911,1002",720575940870692182,72.951799
720575940902680734,"23933,4711,1078",720575940847595117,"41727,5321,1579",720575940847595117,5.560445
720575940902680734,"23933,4711,1078",720575940881834576,"20994,6297,2199",720575940881834576,0.000000
720575940902680734,"23933,4711,1078",720575940887754056,"37545,5805,202",720575940887754056,0.000000
720575940902680734,"23933,4711,1078",720575940877569847,"28033,3647,860",720575940877569847,291.070340
720575940902680734,"23933,4711,1078",720575940916312157,"17947,3091,2607",720575940916312157,119.920886
720575940902680734,"23933,4711,1078",720575940897166352,"37387,4317,2239",720575940897166352,0.000000
720575940902680734,"23933,4711,1078",720575940888538572,"23742,3073,2451",720575940888538572,101.230881
720575940902680734,"23933,4711,1078",720575940935700348,"22409,3328,2752",720575940935700348,44.322352
720575940902680734,"23933,4711,1078",720575940873510206,"31190,3277,663",720575940873510206,41.729419
720575940902680734,"23933,4711,1078",720575940888148336,"41698,5563,3288",720575940888148336,45.697373
720575940902680734,"23933,4711,1078",720575940886558498,"24860,3081,2535",720575940886558498,52.762093
720575940912591238,"25006,2803,546",720575940868783341,"29320,4453,1733",720575940868783341,0.000000
720575940912591238,"25006,2803,546",720575940919043399,"24306,3929,1314",720575940919043399,122.960704
720575940912591238,"25006,2803,546",720575940905401289,"27344,3514,1565",720575940905401289,134.873948
720575940912591238,"25006,2803,546",720575940937876909,"22490,3798,2283",720575940937876909,37.032276
720575940912591238,"25006,2803,546",720575940877168648,"24461,3600,2248",720575940877168648,111.335037
720575940912591238,"25006,2803,546",720575940893449483,"30532,4598,1070",720575940893449483,42.282201
720575940912591238,"25006,2803,546",720575940902330369,"25384,4074,1605",720575940902330369,137.736582
720575940912591238,"25006,2803,546",720575940870691926,"21636,4289,2083",720575940870691926,23.548857
720575940912591238,"25006,2803,546",720575940905126710,"23751,4351,1605",720575940905126710,80.516398
720575940912591238,"25006,2803,546",720575940900275170,"27295,4519,1330",720575940900275170,56.962912
720575940912591238,"25006,2803,546",720575940881834064,"29556,5160,1151",720575940881834064,66.387679
720575940912591238,"25006,2803,546",720575940920897193,"32485,5455,1334",720575940920897193,60.686207
720575940912591238,"25006,2803,546",720575940881834320,"44973,7063,1558",720575940881834320,0.000000
720575940912591238,"25006,2803,546",720575940883912476,"44111,5787,1151",720575940883912476,178.077587
720575940912591238,"25006,2803,546",720575940881949777,"13153,5700,2154",720575940881949777,37.697697
720575940912591238,"25006,2803,546",720575940870692182,"24136,3911,1002",720575940870692182,97.415161
720575940912591238,"25006,2803,546",720575940847595117,"41727,5321,1579",720575940847595117,0.000000
720575940912591238,"25006,2803,546",720575940881834576,"20994,6297,2199",720575940881834576,0.000000
720575940912591238,"25006,2803,546",720575940887754056,"37545,5805,202",720575940887754056,85.881915
720575940912591238,"25006,2803,546",720575940877569847,"28033,3647,860",720575940877569847,317.869974
720575940912591238,"25006,2803,546",720575940916312157,"17947,3091,2607",720575940916312157,270.661328
720575940912591238,"25006,2803,546",720575940897166352,"37387,4317,2239",720575940897166352,0.000000
720575940912591238,"25006,2803,546",720575940888538572,"23742,3073,2451",720575940888538572,107.513616
720575940912591238,"25006,2803,546",720575940935700348,"22409,3328,2752",720575940935700348,50.147819
720575940912591238,"25006,2803,546",720575940873510206,"31190,3277,663",720575940873510206,108.463625
720575940912591238,"25006,2803,546",720575940888148336,"41698,5563,3288",720575940888148336,38.941518
720575940912591238,"25006,2803,546",720575940886558498,"24860,3081,2535",720575940886558498,78.486204
720575940964330406,"18843,2794,249",720575940868783341,"29320,4453,1733",720575940868783341,51.633083
720575940964330406,"18843,2794,249",720575940919043399,"24306,3929,1314",720575940919043399,7.495051
720575940964330406,"18843,2794,249",720575940905401289,"27344,3514,1565",720575940905401289,319.876150
720575940964330406,"18843,2794,249",720575940937876909,"22490,3798,2283",720575940937876909,14.583181
720575940964330406,"18843,2794,249",720575940877168648,"24461,3600,2248",720575940877168648,166.432711
720575940964330406,"18843,2794,249",720575940893449483,"30532,4598,1070",720575940893449483,51.865134
720575940964330406,"18843,2794,249",720575940902330369,"25384,4074,1605",720575940902330369,0.000000
720575940964330406,"18843,2794,249",720575940870691926,"21636,4289,2083",720575940870691926,12.922162
720575940964330406,"18843,2794,249",720575940905126710,"23751,4351,1605",720575940905126710,16.197869
720575940964330406,"18843,2794,249",720575940900275170,"27295,4519,1330",720575940900275170,11.739628
720575940964330406,"18843,2794,249",720575940881834064,"29556,5160,1151",720575940881834064,50.306127
720575940964330406,"18843,2794,249",720575940920897193,"32485,5455,1334",720575940920897193,40.026538
720575940964330406,"18843,2794,249",720575940881834320,"44973,7063,1558",720575940881834320,0.000000
720575940964330406,"18843,2794,249",720575940883912476,"44111,5787,1151",720575940883912476,40.923375
720575940964330406,"18843,2794,249",720575940881949777,"13153,5700,2154",720575940881949777,40.720536
720575940964330406,"18843,2794,249",720575940870692182,"24136,3911,1002",720575940870692182,83.212705
720575940964330406,"18843,2794,249",720575940847595117,"41727,5321,1579",720575940847595117,140.649114
720575940964330406,"18843,2794,249",720575940881834576,"20994,6297,2199",720575940881834576,0.000000
720575940964330406,"18843,2794,249",720575940887754056,"37545,5805,202",720575940887754056,89.219658
720575940964330406,"18843,2794,249",720575940877569847,"28033,3647,860",720575940877569847,142.025986
720575940964330406,"18843,2794,249",720575940916312157,"17947,3091,2607",720575940916312157,340.893977
720575940964330406,"18843,2794,249",720575940897166352,"37387,4317,2239",720575940897166352,554.530606
720575940964330406,"18843,2794,249",720575940888538572,"23742,3073,2451",720575940888538572,312.046619
720575940964330406,"18843,2794,249",720575940935700348,"22409,3328,2752",720575940935700348,200.824767
720575940964330406,"18843,2794,249",720575940873510206,"31190,3277,663",720575940873510206,93.291498
720575940964330406,"18843,2794,249",720575940888148336,"41698,5563,3288",720575940888148336,153.984826
720575940964330406,"18843,2794,249",720575940886558498,"24860,3081,2535",720575940886558498,43.928062
720575940918288693,"23404,3422,1637",720575940868783341,"29320,4453,1733",720575940868783341,40.724297
720575940918288693,"23404,3422,1637",720575940919043399,"24306,3929,1314",720575940919043399,0.000000
720575940918288693,"23404,3422,1637",720575940905401289,"27344,3514,1565",720575940905401289,11.259294
720575940918288693,"23404,3422,1637",720575940937876909,"22490,3798,2283",720575940937876909,2.523461
720575940918288693,"23404,3422,1637",720575940877168648,"24461,3600,2248",720575940877168648,89.940553
720575940918288693,"23404,3422,1637",720575940893449483,"30532,4598,1070",720575940893449483,11.303695
720575940918288693,"23404,3422,1637",720575940902330369,"25384,4074,1605",720575940902330369,0.000000
720575940918288693,"23404,3422,1637",720575940870691926,"21636,4289,2083",720575940870691926,0.000000
720575940918288693,"23404,3422,1637",720575940905126710,"23751,4351,1605",720575940905126710,0.000000
720575940918288693,"23404,3422,1637",720575940900275170,"27295,4519,1330",720575940900275170,6.148841
720575940918288693,"23404,3422,1637",720575940881834064,"29556,5160,1151",720575940881834064,0.000000
720575940918288693,"23404,3422,1637",720575940920897193,"32485,5455,1334",720575940920897193,8.267923
720575940918288693,"23404,3422,1637",720575940881834320,"44973,7063,1558",720575940881834320,0.000000
720575940918288693,"23404,3422,1637",720575940883912476,"44111,5787,1151",720575940883912476,22.597731
720575940918288693,"23404,3422,1637",720575940881949777,"13153,5700,2154",720575940881949777,0.000000
720575940918288693,"23404,3422,1637",720575940870692182,"24136,3911,1002",720575940870692182,59.871406
720575940918288693,"23404,3422,1637",720575940847595117,"41727,5321,1579",720575940847595117,0.000000
720575940918288693,"23404,3422,1637",720575940881834576,"20994,6297,2199",720575940881834576,0.000000
720575940918288693,"23404,3422,1637",720575940887754056,"37545,5805,202",720575940887754056,19.503582
720575940918288693,"23404,3422,1637",720575940877569847,"28033,3647,860",720575940877569847,206.869634
720575940918288693,"23404,3422,1637",720575940916312157,"17947,3091,2607",720575940916312157,285.923829
720575940918288693,"23404,3422,1637",720575940897166352,"37387,4317,2239",720575940897166352,31.974471
720575940918288693,"23404,3422,1637",720575940888538572,"23742,3073,2451",720575940888538572,461.878688
720575940918288693,"23404,3422,1637",720575940935700348,"22409,3328,2752",720575940935700348,78.317766
720575940918288693,"23404,3422,1637",720575940873510206,"31190,3277,663",720575940873510206,57.162710
720575940918288693,"23404,3422,1637",720575940888148336,"41698,5563,3288",720575940888148336,62.017208
720575940918288693,"23404,3422,1637",720575940886558498,"24860,3081,2535",720575940886558498,109.343940
720575940901971694,"22575,2759,2453",720575940868783341,"29320,4453,1733",720575940868783341,0.000000
720575940901971694,"22575,2759,2453",720575940919043399,"24306,3929,1314",720575940919043399,0.000000
720575940901971694,"22575,2759,2453",720575940905401289,"27344,3514,1565",720575940905401289,0.000000
720575940901971694,"22575,2759,2453",720575940937876909,"22490,3798,2283",720575940937876909,0.000000
720575940901971694,"22575,2759,2453",720575940877168648,"24461,3600,2248",720575940877168648,0.000000
720575940901971694,"22575,2759,2453",720575940893449483,"30532,4598,1070",720575940893449483,0.000000
720575940901971694,"22575,2759,2453",720575940902330369,"25384,4074,1605",720575940902330369,0.000000
720575940901971694,"22575,2759,2453",720575940870691926,"21636,4289,2083",720575940870691926,0.000000
720575940901971694,"22575,2759,2453",720575940905126710,"23751,4351,1605",720575940905126710,0.000000
720575940901971694,"22575,2759,2453",720575940900275170,"27295,4519,1330",720575940900275170,0.000000
720575940901971694,"22575,2759,2453",720575940881834064,"29556,5160,1151",720575940881834064,0.000000
720575940901971694,"22575,2759,2453",720575940920897193,"32485,5455,1334",720575940920897193,0.000000
720575940901971694,"22575,2759,2453",720575940881834320,"44973,7063,1558",720575940881834320,0.000000
720575940901971694,"22575,2759,2453",720575940883912476,"44111,5787,1151",720575940883912476,5.046196
720575940901971694,"22575,2759,2453",720575940881949777,"13153,5700,2154",720575940881949777,0.000000
720575940901971694,"22575,2759,2453",720575940870692182,"24136,3911,1002",720575940870692182,0.000000
720575940901971694,"22575,2759,2453",720575940847595117,"41727,5321,1579",720575940847595117,0.000000
720575940901971694,"22575,2759,2453",720575940881834576,"20994,6297,2199",720575940881834576,0.000000
720575940901971694,"22575,2759,2453",720575940887754056,"37545,5805,202",720575940887754056,11.816985
720575940901971694,"22575,2759,2453",720575940877569847,"28033,3647,860",720575940877569847,0.000000
720575940901971694,"22575,2759,2453",720575940916312157,"17947,3091,2607",720575940916312157,29.918115
720575940901971694,"22575,2759,2453",720575940897166352,"37387,4317,2239",720575940897166352,36.820892
720575940901971694,"22575,2759,2453",720575940888538572,"23742,3073,2451",720575940888538572,19.227983
720575940901971694,"22575,2759,2453",720575940935700348,"22409,3328,2752",720575940935700348,71.921501
720575940901971694,"22575,2759,2453",720575940873510206,"31190,3277,663",720575940873510206,32.046577
720575940901971694,"22575,2759,2453",720575940888148336,"41698,5563,3288",720575940888148336,0.000000
720575940901971694,"22575,2759,2453",720575940886558498,"24860,3081,2535",720575940886558498,135.005164
720575940892182782,"24278,3182,952",720575940868783341,"29320,4453,1733",720575940868783341,0.000000
720575940892182782,"24278,3182,952",720575940919043399,"24306,3929,1314",720575940919043399,0.000000
720575940892182782,"24278,3182,952",720575940905401289,"27344,3514,1565",720575940905401289,0.000000
720575940892182782,"24278,3182,952",720575940937876909,"22490,3798,2283",720575940937876909,0.000000
720575940892182782,"24278,3182,952",720575940877168648,"24461,3600,2248",720575940877168648,0.000000
720575940892182782,"24278,3182,952",720575940893449483,"30532,4598,1070",720575940893449483,0.000000
720575940892182782,"24278,3182,952",720575940902330369,"25384,4074,1605",720575940902330369,10.179503
720575940892182782,"24278,3182,952",720575940870691926,"21636,4289,2083",720575940870691926,31.084335
720575940892182782,"24278,3182,952",720575940905126710,"23751,4351,1605",720575940905126710,0.000000
720575940892182782,"24278,3182,952",720575940900275170,"27295,4519,1330",720575940900275170,0.000000
720575940892182782,"24278,3182,952",720575940881834064,"29556,5160,1151",720575940881834064,0.000000
720575940892182782,"24278,3182,952",720575940920897193,"32485,5455,1334",720575940920897193,25.925892
720575940892182782,"24278,3182,952",720575940881834320,"44973,7063,1558",720575940881834320,0.000000
720575940892182782,"24278,3182,952",720575940883912476,"44111,5787,1151",720575940883912476,0.000000
720575940892182782,"24278,3182,952",720575940881949777,"13153,5700,2154",720575940881949777,0.000000
720575940892182782,"24278,3182,952",720575940870692182,"24136,3911,1002",720575940870692182,2.266098
720575940892182782,"24278,3182,952",720575940847595117,"41727,5321,1579",720575940847595117,0.000000
720575940892182782,"24278,3182,952",720575940881834576,"20994,6297,2199",720575940881834576,0.000000
720575940892182782,"24278,3182,952",720575940887754056,"37545,5805,202",720575940887754056,49.615686
720575940892182782,"24278,3182,952",720575940877569847,"28033,3647,860",720575940877569847,24.675634
720575940892182782,"24278,3182,952",720575940916312157,"17947,3091,2607",720575940916312157,75.378372
720575940892182782,"24278,3182,952",720575940897166352,"37387,4317,2239",720575940897166352,0.000000
720575940892182782,"24278,3182,952",720575940888538572,"23742,3073,2451",720575940888538572,185.814618
720575940892182782,"24278,3182,952",720575940935700348,"22409,3328,2752",720575940935700348,9.284709
720575940892182782,"24278,3182,952",720575940873510206,"31190,3277,663",720575940873510206,0.000000
720575940892182782,"24278,3182,952",720575940888148336,"41698,5563,3288",720575940888148336,0.000000
720575940892182782,"24278,3182,952",720575940886558498,"24860,3081,2535",720575940886558498,27.093918
720575940905365705,"29832,3463,1674",720575940868783341,"29320,4453,1733",720575940868783341,126.431497
720575940905365705,"29832,3463,1674",720575940919043399,"24306,3929,1314",720575940919043399,116.142723
720575940905365705,"29832,3463,1674",720575940905401289,"27344,3514,1565",720575940905401289,203.431689
720575940905365705,"29832,3463,1674",720575940937876909,"22490,3798,2283",720575940937876909,116.386044
720575940905365705,"29832,3463,1674",720575940877168648,"24461,3600,2248",720575940877168648,350.736844
720575940905365705,"29832,3463,1674",720575940893449483,"30532,4598,1070",720575940893449483,90.626894
720575940905365705,"29832,3463,1674",720575940902330369,"25384,4074,1605",720575940902330369,0.000000
720575940905365705,"29832,3463,1674",720575940870691926,"21636,4289,2083",720575940870691926,82.702194
720575940905365705,"29832,3463,1674",720575940905126710,"23751,4351,1605",720575940905126710,82.768936
720575940905365705,"29832,3463,1674",720575940900275170,"27295,4519,1330",720575940900275170,0.000000
720575940905365705,"29832,3463,1674",720575940881834064,"29556,5160,1151",720575940881834064,5.448275
720575940905365705,"29832,3463,1674",720575940920897193,"32485,5455,1334",720575940920897193,21.384959
720575940905365705,"29832,3463,1674",720575940881834320,"44973,7063,1558",720575940881834320,0.000000
720575940905365705,"29832,3463,1674",720575940883912476,"44111,5787,1151",720575940883912476,122.699399
720575940905365705,"29832,3463,1674",720575940881949777,"13153,5700,2154",720575940881949777,74.580554
720575940905365705,"29832,3463,1674",720575940870692182,"24136,3911,1002",720575940870692182,96.246905
720575940905365705,"29832,3463,1674",720575940847595117,"41727,5321,1579",720575940847595117,0.000000
720575940905365705,"29832,3463,1674",720575940881834576,"20994,6297,2199",720575940881834576,0.000000
720575940905365705,"29832,3463,1674",720575940887754056,"37545,5805,202",720575940887754056,231.221581
720575940905365705,"29832,3463,1674",720575940877569847,"28033,3647,860",720575940877569847,209.548233
720575940905365705,"29832,3463,1674",720575940916312157,"17947,3091,2607",720575940916312157,250.137630
720575940905365705,"29832,3463,1674",720575940897166352,"37387,4317,2239",720575940897166352,0.000000
720575940905365705,"29832,3463,1674",720575940888538572,"23742,3073,2451",720575940888538572,241.689162
720575940905365705,"29832,3463,1674",720575940935700348,"22409,3328,2752",720575940935700348,121.838177
720575940905365705,"29832,3463,1674",720575940873510206,"31190,3277,663",720575940873510206,142.775135
720575940905365705,"29832,3463,1674",720575940888148336,"41698,5563,3288",720575940888148336,2.174323
720575940905365705,"29832,3463,1674",720575940886558498,"24860,3081,2535",720575940886558498,90.423657
720575940862564127,"29749,3529,1860",720575940868783341,"29320,4453,1733",720575940868783341,42.573934
720575940862564127,"29749,3529,1860",720575940919043399,"24306,3929,1314",720575940919043399,7.763403
720575940862564127,"29749,3529,1860",720575940905401289,"27344,3514,1565",720575940905401289,323.173729
720575940862564127,"29749,3529,1860",720575940937876909,"22490,3798,2283",720575940937876909,30.244614
720575940862564127,"29749,3529,1860",720575940877168648,"24461,3600,2248",720575940877168648,69.751366
720575940862564127,"29749,3529,1860",720575940893449483,"30532,4598,1070",720575940893449483,10.353926
720575940862564127,"29749,3529,1860",720575940902330369,"25384,4074,1605",720575940902330369,0.000000
720575940862564127,"29749,3529,1860",720575940870691926,"21636,4289,2083",720575940870691926,21.864264
720575940862564127,"29749,3529,1860",720575940905126710,"23751,4351,1605",720575940905126710,8.417510
720575940862564127,"29749,3529,1860",720575940900275170,"27295,4519,1330",720575940900275170,45.913953
720575940862564127,"29749,3529,1860",720575940881834064,"29556,5160,1151",720575940881834064,0.000000
720575940862564127,"29749,3529,1860",720575940920897193,"32485,5455,1334",720575940920897193,62.150584
720575940862564127,"29749,3529,1860",720575940881834320,"44973,7063,1558",720575940881834320,0.000000
720575940862564127,"29749,3529,1860",720575940883912476,"44111,5787,1151",720575940883912476,204.452988
720575940862564127,"29749,3529,1860",720575940881949777,"13153,5700,2154",720575940881949777,7.414338
720575940862564127,"29749,3529,1860",720575940870692182,"24136,3911,1002",720575940870692182,122.243929
720575940862564127,"29749,3529,1860",720575940847595117,"41727,5321,1579",720575940847595117,9.785312
720575940862564127,"29749,3529,1860",720575940881834576,"20994,6297,2199",720575940881834576,25.007730
720575940862564127,"29749,3529,1860",720575940887754056,"37545,5805,202",720575940887754056,274.298772
720575940862564127,"29749,3529,1860",720575940877569847,"28033,3647,860",720575940877569847,807.027114
720575940862564127,"29749,3529,1860",720575940916312157,"17947,3091,2607",720575940916312157,718.264201
720575940862564127,"29749,3529,1860",720575940897166352,"37387,4317,2239",720575940897166352,459.473681
720575940862564127,"29749,3529,1860",720575940888538572,"23742,3073,2451",720575940888538572,332.724546
720575940862564127,"29749,3529,1860",720575940935700348,"22409,3328,2752",720575940935700348,210.520656
720575940862564127,"29749,3529,1860",720575940873510206,"31190,3277,663",720575940873510206,151.788076
720575940862564127,"29749,3529,1860",720575940888148336,"41698,5563,3288",720575940888148336,72.706546
720575940862564127,"29749,3529,1860",720575940886558498,"24860,3081,2535",720575940886558498,287.695042
720575940888059760,"23175,3716,1985",720575940868783341,"29320,4453,1733",720575940868783341,2.858587
720575940888059760,"23175,3716,1985",720575940919043399,"24306,3929,1314",720575940919043399,32.020953
720575940888059760,"23175,3716,1985",720575940905401289,"27344,3514,1565",720575940905401289,0.000000
720575940888059760,"23175,3716,1985",720575940937876909,"22490,3798,2283",720575940937876909,0.000000
720575940888059760,"23175,3716,1985",720575940877168648,"24461,3600,2248",720575940877168648,34.259776
720575940888059760,"23175,3716,1985",720575940893449483,"30532,4598,1070",720575940893449483,20.293704
720575940888059760,"23175,3716,1985",720575940902330369,"25384,4074,1605",720575940902330369,8.549548
720575940888059760,"23175,3716,1985",720575940870691926,"21636,4289,2083",720575940870691926,65.175134
720575940888059760,"23175,3716,1985",720575940905126710,"23751,4351,1605",720575940905126710,29.929368
720575940888059760,"23175,3716,1985",720575940900275170,"27295,4519,1330",720575940900275170,28.201938
720575940888059760,"23175,3716,1985",720575940881834064,"29556,5160,1151",720575940881834064,4.789730
720575940888059760,"23175,3716,1985",720575940920897193,"32485,5455,1334",720575940920897193,27.264604
720575940888059760,"23175,3716,1985",720575940881834320,"44973,7063,1558",720575940881834320,0.000000
720575940888059760,"23175,3716,1985",720575940883912476,"44111,5787,1151",720575940883912476,6.821603
720575940888059760,"23175,3716,1985",720575940881949777,"13153,5700,2154",720575940881949777,0.000000
720575940888059760,"23175,3716,1985",720575940870692182,"24136,3911,1002",720575940870692182,28.552686
720575940888059760,"23175,3716,1985",720575940847595117,"41727,5321,1579",720575940847595117,0.000000
720575940888059760,"23175,3716,1985",720575940881834576,"20994,6297,2199",720575940881834576,0.000000
720575940888059760,"23175,3716,1985",720575940887754056,"37545,5805,202",720575940887754056,0.000000
720575940888059760,"23175,3716,1985",720575940877569847,"28033,3647,860",720575940877569847,106.882333
720575940888059760,"23175,3716,1985",720575940916312157,"17947,3091,2607",720575940916312157,91.089194
720575940888059760,"23175,3716,1985",720575940897166352,"37387,4317,2239",720575940897166352,0.000000
720575940888059760,"23175,3716,1985",720575940888538572,"23742,3073,2451",720575940888538572,140.905340
720575940888059760,"23175,3716,1985",720575940935700348,"22409,3328,2752",720575940935700348,43.815830
720575940888059760,"23175,3716,1985",720575940873510206,"31190,3277,663",720575940873510206,0.000000
720575940888059760,"23175,3716,1985",720575940888148336,"41698,5563,3288",720575940888148336,38.465322
720575940888059760,"23175,3716,1985",720575940886558498,"24860,3081,2535",720575940886558498,48.446599
720575940916233731,"26522,3116,1868",720575940868783341,"29320,4453,1733",720575940868783341,38.106126
720575940916233731,"26522,3116,1868",720575940919043399,"24306,3929,1314",720575940919043399,16.030310
720575940916233731,"26522,3116,1868",720575940905401289,"27344,3514,1565",720575940905401289,172.022184
720575940916233731,"26522,3116,1868",720575940937876909,"22490,3798,2283",720575940937876909,8.385776
720575940916233731,"26522,3116,1868",720575940877168648,"24461,3600,2248",720575940877168648,76.650755
720575940916233731,"26522,3116,1868",720575940893449483,"30532,4598,1070",720575940893449483,0.000000
720575940916233731,"26522,3116,1868",720575940902330369,"25384,4074,1605",720575940902330369,0.000000
720575940916233731,"26522,3116,1868",720575940870691926,"21636,4289,2083",720575940870691926,0.000000
720575940916233731,"26522,3116,1868",720575940905126710,"23751,4351,1605",720575940905126710,0.000000
720575940916233731,"26522,3116,1868",720575940900275170,"27295,4519,1330",720575940900275170,0.000000
720575940916233731,"26522,3116,1868",720575940881834064,"29556,5160,1151",720575940881834064,0.000000
720575940916233731,"26522,3116,1868",720575940920897193,"32485,5455,1334",720575940920897193,0.000000
720575940916233731,"26522,3116,1868",720575940881834320,"44973,7063,1558",720575940881834320,0.000000
720575940916233731,"26522,3116,1868",720575940883912476,"44111,5787,1151",720575940883912476,111.543470
720575940916233731,"26522,3116,1868",720575940881949777,"13153,5700,2154",720575940881949777,0.000000
720575940916233731,"26522,3116,1868",720575940870692182,"24136,3911,1002",720575940870692182,105.780252
720575940916233731,"26522,3116,1868",720575940847595117,"41727,5321,1579",720575940847595117,0.000000
720575940916233731,"26522,3116,1868",720575940881834576,"20994,6297,2199",720575940881834576,0.000000
720575940916233731,"26522,3116,1868",720575940887754056,"37545,5805,202",720575940887754056,113.905715
720575940916233731,"26522,3116,1868",720575940877569847,"28033,3647,860",720575940877569847,342.524000
720575940916233731,"26522,3116,1868",720575940916312157,"17947,3091,2607",720575940916312157,238.510988
720575940916233731,"26522,3116,1868",720575940897166352,"37387,4317,2239",720575940897166352,75.613054
720575940916233731,"26522,3116,1868",720575940888538572,"23742,3073,2451",720575940888538572,130.774643
720575940916233731,"26522,3116,1868",720575940935700348,"22409,3328,2752",720575940935700348,127.904840
720575940916233731,"26522,3116,1868",720575940873510206,"31190,3277,663",720575940873510206,173.286031
720575940916233731,"26522,3116,1868",720575940888148336,"41698,5563,3288",720575940888148336,22.341429
720575940916233731,"26522,3116,1868",720575940886558498,"24860,3081,2535",720575940886558498,138.478668
720575940893344533,"23615,2381,2267",720575940868783341,"29320,4453,1733",720575940868783341,0.000000
720575940893344533,"23615,2381,2267",720575940919043399,"24306,3929,1314",720575940919043399,0.000000
720575940893344533,"23615,2381,2267",720575940905401289,"27344,3514,1565",720575940905401289,0.000000
720575940893344533,"23615,2381,2267",720575940937876909,"22490,3798,2283",720575940937876909,0.000000
720575940893344533,"23615,2381,2267",720575940877168648,"24461,3600,2248",720575940877168648,0.000000
720575940893344533,"23615,2381,2267",720575940893449483,"30532,4598,1070",720575940893449483,0.000000
720575940893344533,"23615,2381,2267",720575940902330369,"25384,4074,1605",720575940902330369,0.000000
720575940893344533,"23615,2381,2267",720575940870691926,"21636,4289,2083",720575940870691926,0.000000
720575940893344533,"23615,2381,2267",720575940905126710,"23751,4351,1605",720575940905126710,0.000000
720575940893344533,"23615,2381,2267",720575940900275170,"27295,4519,1330",720575940900275170,0.000000
720575940893344533,"23615,2381,2267",720575940881834064,"29556,5160,1151",720575940881834064,0.000000
720575940893344533,"23615,2381,2267",720575940920897193,"32485,5455,1334",720575940920897193,0.000000
720575940893344533,"23615,2381,2267",720575940881834320,"44973,7063,1558",720575940881834320,0.000000
720575940893344533,"23615,2381,2267",720575940883912476,"44111,5787,1151",720575940883912476,0.000000
720575940893344533,"23615,2381,2267",720575940881949777,"13153,5700,2154",720575940881949777,0.000000
720575940893344533,"23615,2381,2267",720575940870692182,"24136,3911,1002",720575940870692182,0.000000
720575940893344533,"23615,2381,2267",720575940847595117,"41727,5321,1579",720575940847595117,0.000000
720575940893344533,"23615,2381,2267",720575940881834576,"20994,6297,2199",720575940881834576,0.000000
720575940893344533,"23615,2381,2267",720575940887754056,"37545,5805,202",720575940887754056,0.000000
720575940893344533,"23615,2381,2267",720575940877569847,"28033,3647,860",720575940877569847,0.000000
720575940893344533,"23615,2381,2267",720575940916312157,"17947,3091,2607",720575940916312157,30.133004
720575940893344533,"23615,2381,2267",720575940897166352,"37387,4317,2239",720575940897166352,0.000000
720575940893344533,"23615,2381,2267",720575940888538572,"23742,3073,2451",720575940888538572,53.440430
720575940893344533,"23615,2381,2267",720575940935700348,"22409,3328,2752",720575940935700348,52.241623
720575940893344533,"23615,2381,2267",720575940873510206,"31190,3277,663",720575940873510206,0.000000
720575940893344533,"23615,2381,2267",720575940888148336,"41698,5563,3288",720575940888148336,0.000000
720575940893344533,"23615,2381,2267",720575940886558498,"24860,3081,2535",720575940886558498,43.365736
720575940925744198,"29094,2550,1453",720575940868783341,"29320,4453,1733",720575940868783341,0.000000
720575940925744198,"29094,2550,1453",720575940919043399,"24306,3929,1314",720575940919043399,0.000000
720575940925744198,"29094,2550,1453",720575940905401289,"27344,3514,1565",720575940905401289,0.000000
720575940925744198,"29094,2550,1453",720575940937876909,"22490,3798,2283",720575940937876909,0.000000
720575940925744198,"29094,2550,1453",720575940877168648,"24461,3600,2248",720575940877168648,0.000000
720575940925744198,"29094,2550,1453",720575940893449483,"30532,4598,1070",720575940893449483,0.000000
720575940925744198,"29094,2550,1453",720575940902330369,"25384,4074,1605",720575940902330369,0.000000
720575940925744198,"29094,2550,1453",720575940870691926,"21636,4289,2083",720575940870691926,0.000000
720575940925744198,"29094,2550,1453",720575940905126710,"23751,4351,1605",720575940905126710,0.000000
720575940925744198,"29094,2550,1453",720575940900275170,"27295,4519,1330",720575940900275170,0.000000
720575940925744198,"29094,2550,1453",720575940881834064,"29556,5160,1151",720575940881834064,0.000000
720575940925744198,"29094,2550,1453",720575940920897193,"32485,5455,1334",720575940920897193,0.000000
720575940925744198,"29094,2550,1453",720575940881834320,"44973,7063,1558",720575940881834320,0.000000
720575940925744198,"29094,2550,1453",720575940883912476,"44111,5787,1151",720575940883912476,0.000000
720575940925744198,"29094,2550,1453",720575940881949777,"13153,5700,2154",720575940881949777,0.000000
720575940925744198,"29094,2550,1453",720575940870692182,"24136,3911,1002",720575940870692182,0.000000
720575940925744198,"29094,2550,1453",720575940847595117,"41727,5321,1579",720575940847595117,0.000000
720575940925744198,"29094,2550,1453",720575940881834576,"20994,6297,2199",720575940881834576,0.000000
720575940925744198,"29094,2550,1453",720575940887754056,"37545,5805,202",720575940887754056,0.000000
720575940925744198,"29094,2550,1453",720575940877569847,"28033,3647,860",720575940877569847,0.000000
720575940925744198,"29094,2550,1453",720575940916312157,"17947,3091,2607",720575940916312157,0.000000
720575940925744198,"29094,2550,1453",720575940897166352,"37387,4317,2239",720575940897166352,22.081885
720575940925744198,"29094,2550,1453",720575940888538572,"23742,3073,2451",720575940888538572,0.000000
720575940925744198,"29094,2550,1453",720575940935700348,"22409,3328,2752",720575940935700348,36.144500
720575940925744198,"29094,2550,1453",720575940873510206,"31190,3277,663",720575940873510206,0.000000
720575940925744198,"29094,2550,1453",720575940888148336,"41698,5563,3288",720575940888148336,0.000000
720575940925744198,"29094,2550,1453",720575940886558498,"24860,3081,2535",720575940886558498,38.604130
720575940881918801,"23421,3247,1533",720575940868783341,"29320,4453,1733",720575940868783341,47.366066
720575940881918801,"23421,3247,1533",720575940919043399,"24306,3929,1314",720575940919043399,143.592530
720575940881918801,"23421,3247,1533",720575940905401289,"27344,3514,1565",720575940905401289,301.256640
720575940881918801,"23421,3247,1533",720575940937876909,"22490,3798,2283",720575940937876909,77.644927
720575940881918801,"23421,3247,1533",720575940877168648,"24461,3600,2248",720575940877168648,99.432526
720575940881918801,"23421,3247,1533",720575940893449483,"30532,4598,1070",720575940893449483,114.750028
720575940881918801,"23421,3247,1533",720575940902330369,"25384,4074,1605",720575940902330369,113.049929
720575940881918801,"23421,3247,1533",720575940870691926,"21636,4289,2083",720575940870691926,74.425485
720575940881918801,"23421,3247,1533",720575940905126710,"23751,4351,1605",720575940905126710,80.459503
720575940881918801,"23421,3247,1533",720575940900275170,"27295,4519,1330",720575940900275170,15.640321
720575940881918801,"23421,3247,1533",720575940881834064,"29556,5160,1151",720575940881834064,65.092969
720575940881918801,"23421,3247,1533",720575940920897193,"32485,5455,1334",720575940920897193,10.015683
720575940881918801,"23421,3247,1533",720575940881834320,"44973,7063,1558",720575940881834320,0.000000
720575940881918801,"23421,3247,1533",720575940883912476,"44111,5787,1151",720575940883912476,41.056732
720575940881918801,"23421,3247,1533",720575940881949777,"13153,5700,2154",720575940881949777,15.879619
720575940881918801,"23421,3247,1533",720575940870692182,"24136,3911,1002",720575940870692182,421.089147
720575940881918801,"23421,3247,1533",720575940847595117,"41727,5321,1579",720575940847595117,0.000000
720575940881918801,"23421,3247,1533",720575940881834576,"20994,6297,2199",720575940881834576,0.000000
720575940881918801,"23421,3247,1533",720575940887754056,"37545,5805,202",720575940887754056,148.118276
720575940881918801,"23421,3247,1533",720575940877569847,"28033,3647,860",720575940877569847,386.990359
720575940881918801,"23421,3247,1533",720575940916312157,"17947,3091,2607",720575940916312157,482.214979
720575940881918801,"23421,3247,1533",720575940897166352,"37387,4317,2239",720575940897166352,0.000000
720575940881918801,"23421,3247,1533",720575940888538572,"23742,3073,2451",720575940888538572,429.874231
720575940881918801,"23421,3247,1533",720575940935700348,"22409,3328,2752",720575940935700348,38.676897
720575940881918801,"23421,3247,1533",720575940873510206,"31190,3277,663",720575940873510206,152.527540
720575940881918801,"23421,3247,1533",720575940888148336,"41698,5563,3288",720575940888148336,46.616587
720575940881918801,"23421,3247,1533",720575940886558498,"24860,3081,2535",720575940886558498,89.108985
720575940910952353,"26812,3261,1598",720575940868783341,"29320,4453,1733",720575940868783341,3.303043
720575940910952353,"26812,3261,1598",720575940919043399,"24306,3929,1314",720575940919043399,109.964875
720575940910952353,"26812,3261,1598",720575940905401289,"27344,3514,1565",720575940905401289,147.682630
720575940910952353,"26812,3261,1598",720575940937876909,"22490,3798,2283",720575940937876909,22.032622
720575940910952353,"26812,3261,1598",720575940877168648,"24461,3600,2248",720575940877168648,81.488507
720575940910952353,"26812,3261,1598",720575940893449483,"30532,4598,1070",720575940893449483,13.230094
720575940910952353,"26812,3261,1598",720575940902330369,"25384,4074,1605",720575940902330369,119.216236
720575940910952353,"26812,3261,1598",720575940870691926,"21636,4289,2083",720575940870691926,25.757989
720575940910952353,"26812,3261,1598",720575940905126710,"23751,4351,1605",720575940905126710,74.289274
720575940910952353,"26812,3261,1598",720575940900275170,"27295,4519,1330",720575940900275170,73.753341
720575940910952353,"26812,3261,1598",720575940881834064,"29556,5160,1151",720575940881834064,97.094588
720575940910952353,"26812,3261,1598",720575940920897193,"32485,5455,1334",720575940920897193,51.636220
720575940910952353,"26812,3261,1598",720575940881834320,"44973,7063,1558",720575940881834320,0.000000
720575940910952353,"26812,3261,1598",720575940883912476,"44111,5787,1151",720575940883912476,69.150563
720575940910952353,"26812,3261,1598",720575940881949777,"13153,5700,2154",720575940881949777,17.059954
720575940910952353,"26812,3261,1598",720575940870692182,"24136,3911,1002",720575940870692182,298.798501
720575940910952353,"26812,3261,1598",720575940847595117,"41727,5321,1579",720575940847595117,7.967546
720575940910952353,"26812,3261,1598",720575940881834576,"20994,6297,2199",720575940881834576,25.118622
720575940910952353,"26812,3261,1598",720575940887754056,"37545,5805,202",720575940887754056,76.522923
720575940910952353,"26812,3261,1598",720575940877569847,"28033,3647,860",720575940877569847,597.765696
720575940910952353,"26812,3261,1598",720575940916312157,"17947,3091,2607",720575940916312157,337.772134
720575940910952353,"26812,3261,1598",720575940897166352,"37387,4317,2239",720575940897166352,0.000000
720575940910952353,"26812,3261,1598",720575940888538572,"23742,3073,2451",720575940888538572,91.480771
720575940910952353,"26812,3261,1598",720575940935700348,"22409,3328,2752",720575940935700348,68.280106
720575940910952353,"26812,3261,1598",720575940873510206,"31190,3277,663",720575940873510206,53.404577
720575940910952353,"26812,3261,1598",720575940888148336,"41698,5563,3288",720575940888148336,20.987103
720575940910952353,"26812,3261,1598",720575940886558498,"24860,3081,2535",720575940886558498,102.469113
720575940880896913,"29487,3214,1942",720575940868783341,"29320,4453,1733",720575940868783341,0.000000
720575940880896913,"29487,3214,1942",720575940919043399,"24306,3929,1314",720575940919043399,0.000000
720575940880896913,"29487,3214,1942",720575940905401289,"27344,3514,1565",720575940905401289,0.000000
720575940880896913,"29487,3214,1942",720575940937876909,"22490,3798,2283",720575940937876909,0.000000
720575940880896913,"29487,3214,1942",720575940877168648,"24461,3600,2248",720575940877168648,30.113413
720575940880896913,"29487,3214,1942",720575940893449483,"30532,4598,1070",720575940893449483,0.000000
720575940880896913,"29487,3214,1942",720575940902330369,"25384,4074,1605",720575940902330369,0.000000
720575940880896913,"29487,3214,1942",720575940870691926,"21636,4289,2083",720575940870691926,0.000000
720575940880896913,"29487,3214,1942",720575940905126710,"23751,4351,1605",720575940905126710,0.000000
720575940880896913,"29487,3214,1942",720575940900275170,"27295,4519,1330",720575940900275170,0.000000
720575940880896913,"29487,3214,1942",720575940881834064,"29556,5160,1151",720575940881834064,7.095813
720575940880896913,"29487,3214,1942",720575940920897193,"32485,5455,1334",720575940920897193,18.582103
720575940880896913,"29487,3214,1942",720575940881834320,"44973,7063,1558",720575940881834320,0.000000
720575940880896913,"29487,3214,1942",720575940883912476,"44111,5787,1151",720575940883912476,85.560133
720575940880896913,"29487,3214,1942",720575940881949777,"13153,5700,2154",720575940881949777,0.000000
720575940880896913,"29487,3214,1942",720575940870692182,"24136,3911,1002",720575940870692182,0.000000
720575940880896913,"29487,3214,1942",720575940847595117,"41727,5321,1579",720575940847595117,0.000000
720575940880896913,"29487,3214,1942",720575940881834576,"20994,6297,2199",720575940881834576,0.000000
720575940880896913,"29487,3214,1942",720575940887754056,"37545,5805,202",720575940887754056,75.986626
720575940880896913,"29487,3214,1942",720575940877569847,"28033,3647,860",720575940877569847,98.780286
720575940880896913,"29487,3214,1942",720575940916312157,"17947,3091,2607",720575940916312157,102.755533
720575940880896913,"29487,3214,1942",720575940897166352,"37387,4317,2239",720575940897166352,69.997322
720575940880896913,"29487,3214,1942",720575940888538572,"23742,3073,2451",720575940888538572,87.563432
720575940880896913,"29487,3214,1942",720575940935700348,"22409,3328,2752",720575940935700348,53.367492
720575940880896913,"29487,3214,1942",720575940873510206,"31190,3277,663",720575940873510206,91.188526
720575940880896913,"29487,3214,1942",720575940888148336,"41698,5563,3288",720575940888148336,23.086367
720575940880896913,"29487,3214,1942",720575940886558498,"24860,3081,2535",720575940886558498,63.435263
720575940874972385,"27733,3048,1438",720575940868783341,"29320,4453,1733",720575940868783341,0.000000
720575940874972385,"27733,3048,1438",720575940919043399,"24306,3929,1314",720575940919043399,244.337844
720575940874972385,"27733,3048,1438",720575940905401289,"27344,3514,1565",720575940905401289,0.000000
720575940874972385,"27733,3048,1438",720575940937876909,"22490,3798,2283",720575940937876909,6.832674
720575940874972385,"27733,3048,1438",720575940877168648,"24461,3600,2248",720575940877168648,28.284188
720575940874972385,"27733,3048,1438",720575940893449483,"30532,4598,1070",720575940893449483,0.000000
720575940874972385,"27733,3048,1438",720575940902330369,"25384,4074,1605",720575940902330369,87.234308
720575940874972385,"27733,3048,1438",720575940870691926,"21636,4289,2083",720575940870691926,30.040315
720575940874972385,"27733,3048,1438",720575940905126710,"23751,4351,1605",720575940905126710,31.797513
720575940874972385,"27733,3048,1438",720575940900275170,"27295,4519,1330",720575940900275170,10.296301
720575940874972385,"27733,3048,1438",720575940881834064,"29556,5160,1151",720575940881834064,56.680930
720575940874972385,"27733,3048,1438",720575940920897193,"32485,5455,1334",720575940920897193,0.000000
720575940874972385,"27733,3048,1438",720575940881834320,"44973,7063,1558",720575940881834320,0.000000
720575940874972385,"27733,3048,1438",720575940883912476,"44111,5787,1151",720575940883912476,53.814111
720575940874972385,"27733,3048,1438",720575940881949777,"13153,5700,2154",720575940881949777,0.000000
720575940874972385,"27733,3048,1438",720575940870692182,"24136,3911,1002",720575940870692182,81.071220
720575940874972385,"27733,3048,1438",720575940847595117,"41727,5321,1579",720575940847595117,0.000000
720575940874972385,"27733,3048,1438",720575940881834576,"20994,6297,2199",720575940881834576,0.000000
720575940874972385,"27733,3048,1438",720575940887754056,"37545,5805,202",720575940887754056,34.028661
720575940874972385,"27733,3048,1438",720575940877569847,"28033,3647,860",720575940877569847,277.698366
720575940874972385,"27733,3048,1438",720575940916312157,"17947,3091,2607",720575940916312157,99.338743
720575940874972385,"27733,3048,1438",720575940897166352,"37387,4317,2239",720575940897166352,41.728097
720575940874972385,"27733,3048,1438",720575940888538572,"23742,3073,2451",720575940888538572,62.002437
720575940874972385,"27733,3048,1438",720575940935700348,"22409,3328,2752",720575940935700348,6.178243
720575940874972385,"27733,3048,1438",720575940873510206,"31190,3277,663",720575940873510206,19.608246
720575940874972385,"27733,3048,1438",720575940888148336,"41698,5563,3288",720575940888148336,24.287477
720575940874972385,"27733,3048,1438",720575940886558498,"24860,3081,2535",720575940886558498,23.256424
720575940882520101,"23429,3054,1750",720575940868783341,"29320,4453,1733",720575940868783341,4.137994
720575940882520101,"23429,3054,1750",720575940919043399,"24306,3929,1314",720575940919043399,15.323458
720575940882520101,"23429,3054,1750",720575940905401289,"27344,3514,1565",720575940905401289,0.000000
720575940882520101,"23429,3054,1750",720575940937876909,"22490,3798,2283",720575940937876909,0.000000
720575940882520101,"23429,3054,1750",720575940877168648,"24461,3600,2248",720575940877168648,31.764028
720575940882520101,"23429,3054,1750",720575940893449483,"30532,4598,1070",720575940893449483,8.642166
720575940882520101,"23429,3054,1750",720575940902330369,"25384,4074,1605",720575940902330369,0.000000
720575940882520101,"23429,3054,1750",720575940870691926,"21636,4289,2083",720575940870691926,0.000000
720575940882520101,"23429,3054,1750",720575940905126710,"23751,4351,1605",720575940905126710,0.000000
720575940882520101,"23429,3054,1750",720575940900275170,"27295,4519,1330",720575940900275170,0.000000
720575940882520101,"23429,3054,1750",720575940881834064,"29556,5160,1151",720575940881834064,0.000000
720575940882520101,"23429,3054,1750",720575940920897193,"32485,5455,1334",720575940920897193,12.585191
720575940882520101,"23429,3054,1750",720575940881834320,"44973,7063,1558",720575940881834320,0.000000
720575940882520101,"23429,3054,1750",720575940883912476,"44111,5787,1151",720575940883912476,43.678875
720575940882520101,"23429,3054,1750",720575940881949777,"13153,5700,2154",720575940881949777,12.870529
720575940882520101,"23429,3054,1750",720575940870692182,"24136,3911,1002",720575940870692182,0.000000
720575940882520101,"23429,3054,1750",720575940847595117,"41727,5321,1579",720575940847595117,0.000000
720575940882520101,"23429,3054,1750",720575940881834576,"20994,6297,2199",720575940881834576,0.000000
720575940882520101,"23429,3054,1750",720575940887754056,"37545,5805,202",720575940887754056,0.000000
720575940882520101,"23429,3054,1750",720575940877569847,"28033,3647,860",720575940877569847,300.066315
720575940882520101,"23429,3054,1750",720575940916312157,"17947,3091,2607",720575940916312157,148.115944
720575940882520101,"23429,3054,1750",720575940897166352,"37387,4317,2239",720575940897166352,19.611911
720575940882520101,"23429,3054,1750",720575940888538572,"23742,3073,2451",720575940888538572,172.184334
720575940882520101,"23429,3054,1750",720575940935700348,"22409,3328,2752",720575940935700348,49.688529
720575940882520101,"23429,3054,1750",720575940873510206,"31190,3277,663",720575940873510206,0.000000
720575940882520101,"23429,3054,1750",720575940888148336,"41698,5563,3288",720575940888148336,52.610562
720575940882520101,"23429,3054,1750",720575940886558498,"24860,3081,2535",720575940886558498,104.645567
720575940927263052,"26203,2519,1615",720575940868783341,"29320,4453,1733",720575940868783341,6.350033
720575940927263052,"26203,2519,1615",720575940919043399,"24306,3929,1314",720575940919043399,0.000000
720575940927263052,"26203,2519,1615",720575940905401289,"27344,3514,1565",720575940905401289,0.000000
720575940927263052,"26203,2519,1615",720575940937876909,"22490,3798,2283",720575940937876909,0.000000
720575940927263052,"26203,2519,1615",720575940877168648,"24461,3600,2248",720575940877168648,0.000000
720575940927263052,"26203,2519,1615",720575940893449483,"30532,4598,1070",720575940893449483,0.000000
720575940927263052,"26203,2519,1615",720575940902330369,"25384,4074,1605",720575940902330369,0.000000
720575940927263052,"26203,2519,1615",720575940870691926,"21636,4289,2083",720575940870691926,0.000000
720575940927263052,"26203,2519,1615",720575940905126710,"23751,4351,1605",720575940905126710,0.000000
720575940927263052,"26203,2519,1615",720575940900275170,"27295,4519,1330",720575940900275170,0.000000
720575940927263052,"26203,2519,1615",720575940881834064,"29556,5160,1151",720575940881834064,0.000000
720575940927263052,"26203,2519,1615",720575940920897193,"32485,5455,1334",720575940920897193,0.000000
720575940927263052,"26203,2519,1615",720575940881834320,"44973,7063,1558",720575940881834320,0.000000
720575940927263052,"26203,2519,1615",720575940883912476,"44111,5787,1151",720575940883912476,0.000000
720575940927263052,"26203,2519,1615",720575940881949777,"13153,5700,2154",720575940881949777,0.000000
720575940927263052,"26203,2519,1615",720575940870692182,"24136,3911,1002",720575940870692182,0.000000
720575940927263052,"26203,2519,1615",720575940847595117,"41727,5321,1579",720575940847595117,0.000000
720575940927263052,"26203,2519,1615",720575940881834576,"20994,6297,2199",720575940881834576,0.000000
720575940927263052,"26203,2519,1615",720575940887754056,"37545,5805,202",720575940887754056,0.000000
720575940927263052,"26203,2519,1615",720575940877569847,"28033,3647,860",720575940877569847,80.114046
720575940927263052,"26203,2519,1615",720575940916312157,"17947,3091,2607",720575940916312157,0.000000
720575940927263052,"26203,2519,1615",720575940897166352,"37387,4317,2239",720575940897166352,0.000000
720575940927263052,"26203,2519,1615",720575940888538572,"23742,3073,2451",720575940888538572,19.594918
720575940927263052,"26203,2519,1615",720575940935700348,"22409,3328,2752",720575940935700348,27.870642
720575940927263052,"26203,2519,1615",720575940873510206,"31190,3277,663",720575940873510206,0.000000
720575940927263052,"26203,2519,1615",720575940888148336,"41698,5563,3288",720575940888148336,0.000000
720575940927263052,"26203,2519,1615",720575940886558498,"24860,3081,2535",720575940886558498,13.185120
720575940929691425,"4155,2321,2655",720575940868783341,"29320,4453,1733",720575940868783341,0.000000
720575940929691425,"4155,2321,2655",720575940919043399,"24306,3929,1314",720575940919043399,0.000000
720575940929691425,"4155,2321,2655",720575940905401289,"27344,3514,1565",720575940905401289,0.000000
720575940929691425,"4155,2321,2655",720575940937876909,"22490,3798,2283",720575940937876909,0.000000
720575940929691425,"4155,2321,2655",720575940877168648,"24461,3600,2248",720575940877168648,0.000000
720575940929691425,"4155,2321,2655",720575940893449483,"30532,4598,1070",720575940893449483,0.000000
720575940929691425,"4155,2321,2655",720575940902330369,"25384,4074,1605",720575940902330369,0.000000
720575940929691425,"4155,2321,2655",720575940870691926,"21636,4289,2083",720575940870691926,4.703558
720575940929691425,"4155,2321,2655",720575940905126710,"23751,4351,1605",720575940905126710,0.000000
720575940929691425,"4155,2321,2655",720575940900275170,"27295,4519,1330",720575940900275170,0.000000
720575940929691425,"4155,2321,2655",720575940881834064,"29556,5160,1151",720575940881834064,0.000000
720575940929691425,"4155,2321,2655",720575940920897193,"32485,5455,1334",720575940920897193,0.000000
720575940929691425,"4155,2321,2655",720575940881834320,"44973,7063,1558",720575940881834320,0.000000
720575940929691425,"4155,2321,2655",720575940883912476,"44111,5787,1151",720575940883912476,0.000000
720575940929691425,"4155,2321,2655",720575940881949777,"13153,5700,2154",720575940881949777,0.000000
720575940929691425,"4155,2321,2655",720575940870692182,"24136,3911,1002",720575940870692182,0.000000
720575940929691425,"4155,2321,2655",720575940847595117,"41727,5321,1579",720575940847595117,0.000000
720575940929691425,"4155,2321,2655",720575940881834576,"20994,6297,2199",720575940881834576,0.000000
720575940929691425,"4155,2321,2655",720575940887754056,"37545,5805,202",720575940887754056,0.000000
720575940929691425,"4155,2321,2655",720575940877569847,"28033,3647,860",720575940877569847,0.000000
720575940929691425,"4155,2321,2655",720575940916312157,"17947,3091,2607",720575940916312157,9.398935
720575940929691425,"4155,2321,2655",720575940897166352,"37387,4317,2239",720575940897166352,0.000000
720575940929691425,"4155,2321,2655",720575940888538572,"23742,3073,2451",720575940888538572,47.961500
720575940929691425,"4155,2321,2655",720575940935700348,"22409,3328,2752",720575940935700348,79.289355
720575940929691425,"4155,2321,2655",720575940873510206,"31190,3277,663",720575940873510206,0.000000
720575940929691425,"4155,2321,2655",720575940888148336,"41698,5563,3288",720575940888148336,0.000000
720575940929691425,"4155,2321,2655",720575940886558498,"24860,3081,2535",720575940886558498,13.215933
720575940868757741,"35166,2230,3665",720575940868783341,"29320,4453,1733",720575940868783341,26.064279
720575940868757741,"35166,2230,3665",720575940919043399,"24306,3929,1314",720575940919043399,0.000000
720575940868757741,"35166,2230,3665",720575940905401289,"27344,3514,1565",720575940905401289,28.204859
720575940868757741,"35166,2230,3665",720575940937876909,"22490,3798,2283",720575940937876909,0.000000
720575940868757741,"35166,2230,3665",720575940877168648,"24461,3600,2248",720575940877168648,0.000000
720575940868757741,"35166,2230,3665",720575940893449483,"30532,4598,1070",720575940893449483,0.000000
720575940868757741,"35166,2230,3665",720575940902330369,"25384,4074,1605",720575940902330369,0.000000
720575940868757741,"35166,2230,3665",720575940870691926,"21636,4289,2083",720575940870691926,0.000000
720575940868757741,"35166,2230,3665",720575940905126710,"23751,4351,1605",720575940905126710,0.000000
720575940868757741,"35166,2230,3665",720575940900275170,"27295,4519,1330",720575940900275170,0.000000
720575940868757741,"35166,2230,3665",720575940881834064,"29556,5160,1151",720575940881834064,0.000000
720575940868757741,"35166,2230,3665",720575940920897193,"32485,5455,1334",720575940920897193,0.000000
720575940868757741,"35166,2230,3665",720575940881834320,"44973,7063,1558",720575940881834320,0.000000
720575940868757741,"35166,2230,3665",720575940883912476,"44111,5787,1151",720575940883912476,0.000000
720575940868757741,"35166,2230,3665",720575940881949777,"13153,5700,2154",720575940881949777,0.000000
720575940868757741,"35166,2230,3665",720575940870692182,"24136,3911,1002",720575940870692182,0.000000
720575940868757741,"35166,2230,3665",720575940847595117,"41727,5321,1579",720575940847595117,0.000000
720575940868757741,"35166,2230,3665",720575940881834576,"20994,6297,2199",720575940881834576,0.000000
720575940868757741,"35166,2230,3665",720575940887754056,"37545,5805,202",720575940887754056,0.000000
720575940868757741,"35166,2230,3665",720575940877569847,"28033,3647,860",720575940877569847,0.000000
720575940868757741,"35166,2230,3665",720575940916312157,"17947,3091,2607",720575940916312157,0.000000
720575940868757741,"35166,2230,3665",720575940897166352,"37387,4317,2239",720575940897166352,0.000000
720575940868757741,"35166,2230,3665",720575940888538572,"23742,3073,2451",720575940888538572,0.000000
720575940868757741,"35166,2230,3665",720575940935700348,"22409,3328,2752",720575940935700348,63.463853
720575940868757741,"35166,2230,3665",720575940873510206,"31190,3277,663",720575940873510206,0.000000
720575940868757741,"35166,2230,3665",720575940888148336,"41698,5563,3288",720575940888148336,0.000000
720575940868757741,"35166,2230,3665",720575940886558498,"24860,3081,2535",720575940886558498,24.208606
720575940909392923,"34909,2971,134",720575940868783341,"29320,4453,1733",720575940868783341,0.000000
720575940909392923,"34909,2971,134",720575940919043399,"24306,3929,1314",720575940919043399,0.000000
720575940909392923,"34909,2971,134",720575940905401289,"27344,3514,1565",720575940905401289,8.094508
720575940909392923,"34909,2971,134",720575940937876909,"22490,3798,2283",720575940937876909,0.000000
720575940909392923,"34909,2971,134",720575940877168648,"24461,3600,2248",720575940877168648,0.000000
720575940909392923,"34909,2971,134",720575940893449483,"30532,4598,1070",720575940893449483,0.000000
720575940909392923,"34909,2971,134",720575940902330369,"25384,4074,1605",720575940902330369,0.000000
720575940909392923,"34909,2971,134",720575940870691926,"21636,4289,2083",720575940870691926,0.000000
720575940909392923,"34909,2971,134",720575940905126710,"23751,4351,1605",720575940905126710,0.000000
720575940909392923,"34909,2971,134",720575940900275170,"27295,4519,1330",720575940900275170,0.000000
720575940909392923,"34909,2971,134",720575940881834064,"29556,5160,1151",720575940881834064,0.000000
720575940909392923,"34909,2971,134",720575940920897193,"32485,5455,1334",720575940920897193,0.000000
720575940909392923,"34909,2971,134",720575940881834320,"44973,7063,1558",720575940881834320,0.000000
720575940909392923,"34909,2971,134",720575940883912476,"44111,5787,1151",720575940883912476,89.459560
720575940909392923,"34909,2971,134",720575940881949777,"13153,5700,2154",720575940881949777,0.000000
720575940909392923,"34909,2971,134",720575940870692182,"24136,3911,1002",720575940870692182,0.000000
720575940909392923,"34909,2971,134",720575940847595117,"41727,5321,1579",720575940847595117,0.000000
720575940909392923,"34909,2971,134",720575940881834576,"20994,6297,2199",720575940881834576,0.000000
720575940909392923,"34909,2971,134",720575940887754056,"37545,5805,202",720575940887754056,58.257048
720575940909392923,"34909,2971,134",720575940877569847,"28033,3647,860",720575940877569847,0.000000
720575940909392923,"34909,2971,134",720575940916312157,"17947,3091,2607",720575940916312157,28.125906
720575940909392923,"34909,2971,134",720575940897166352,"37387,4317,2239",720575940897166352,72.633766
720575940909392923,"34909,2971,134",720575940888538572,"23742,3073,2451",720575940888538572,0.000000
720575940909392923,"34909,2971,134",720575940935700348,"22409,3328,2752",720575940935700348,8.440557
720575940909392923,"34909,2971,134",720575940873510206,"31190,3277,663",720575940873510206,159.547046
720575940909392923,"34909,2971,134",720575940888148336,"41698,5563,3288",720575940888148336,6.919077
720575940909392923,"34909,2971,134",720575940886558498,"24860,3081,2535",720575940886558498,0.000000
720575940935668092,"48889,3910,1537",720575940868783341,"29320,4453,1733",720575940868783341,5.776475
720575940935668092,"48889,3910,1537",720575940919043399,"24306,3929,1314",720575940919043399,0.000000
720575940935668092,"48889,3910,1537",720575940905401289,"27344,3514,1565",720575940905401289,8.545882
720575940935668092,"48889,3910,1537",720575940937876909,"22490,3798,2283",720575940937876909,0.000000
720575940935668092,"48889,3910,1537",720575940877168648,"24461,3600,2248",720575940877168648,0.000000
720575940935668092,"48889,3910,1537",720575940893449483,"30532,4598,1070",720575940893449483,0.000000
720575940935668092,"48889,3910,1537",720575940902330369,"25384,4074,1605",720575940902330369,0.000000
720575940935668092,"48889,3910,1537",720575940870691926,"21636,4289,2083",720575940870691926,0.000000
720575940935668092,"48889,3910,1537",720575940905126710,"23751,4351,1605",720575940905126710,0.000000
720575940935668092,"48889,3910,1537",720575940900275170,"27295,4519,1330",720575940900275170,0.000000
720575940935668092,"48889,3910,1537",720575940881834064,"29556,5160,1151",720575940881834064,0.000000
720575940935668092,"48889,3910,1537",720575940920897193,"32485,5455,1334",720575940920897193,0.000000
720575940935668092,"48889,3910,1537",720575940881834320,"44973,7063,1558",720575940881834320,0.000000
720575940935668092,"48889,3910,1537",720575940883912476,"44111,5787,1151",720575940883912476,99.790573
720575940935668092,"48889,3910,1537",720575940881949777,"13153,5700,2154",720575940881949777,0.000000
720575940935668092,"48889,3910,1537",720575940870692182,"24136,3911,1002",720575940870692182,0.000000
720575940935668092,"48889,3910,1537",720575940847595117,"41727,5321,1579",720575940847595117,0.000000
720575940935668092,"48889,3910,1537",720575940881834576,"20994,6297,2199",720575940881834576,0.000000
720575940935668092,"48889,3910,1537",720575940887754056,"37545,5805,202",720575940887754056,77.543066
720575940935668092,"48889,3910,1537",720575940877569847,"28033,3647,860",720575940877569847,15.957238
720575940935668092,"48889,3910,1537",720575940916312157,"17947,3091,2607",720575940916312157,72.244620
720575940935668092,"48889,3910,1537",720575940897166352,"37387,4317,2239",720575940897166352,56.843340
720575940935668092,"48889,3910,1537",720575940888538572,"23742,3073,2451",720575940888538572,94.905211
720575940935668092,"48889,3910,1537",720575940935700348,"22409,3328,2752",720575940935700348,96.939115
720575940935668092,"48889,3910,1537",720575940873510206,"31190,3277,663",720575940873510206,78.531783
720575940935668092,"48889,3910,1537",720575940888148336,"41698,5563,3288",720575940888148336,21.997200
720575940935668092,"48889,3910,1537",720575940886558498,"24860,3081,2535",720575940886558498,98.182865
720575940879810013,"27773,4974,2223",720575940868783341,"29320,4453,1733",720575940868783341,15.490694
720575940879810013,"27773,4974,2223",720575940919043399,"24306,3929,1314",720575940919043399,0.000000
720575940879810013,"27773,4974,2223",720575940905401289,"27344,3514,1565",720575940905401289,9.593960
720575940879810013,"27773,4974,2223",720575940937876909,"22490,3798,2283",720575940937876909,0.000000
720575940879810013,"27773,4974,2223",720575940877168648,"24461,3600,2248",720575940877168648,0.000000
720575940879810013,"27773,4974,2223",720575940893449483,"30532,4598,1070",720575940893449483,0.000000
720575940879810013,"27773,4974,2223",720575940902330369,"25384,4074,1605",720575940902330369,0.000000
720575940879810013,"27773,4974,2223",720575940870691926,"21636,4289,2083",720575940870691926,0.000000
720575940879810013,"27773,4974,2223",720575940905126710,"23751,4351,1605",720575940905126710,0.000000
720575940879810013,"27773,4974,2223",720575940900275170,"27295,4519,1330",720575940900275170,0.000000
720575940879810013,"27773,4974,2223",720575940881834064,"29556,5160,1151",720575940881834064,0.000000
720575940879810013,"27773,4974,2223",720575940920897193,"32485,5455,1334",720575940920897193,0.000000
720575940879810013,"27773,4974,2223",720575940881834320,"44973,7063,1558",720575940881834320,33.034389
720575940879810013,"27773,4974,2223",720575940883912476,"44111,5787,1151",720575940883912476,17.683208
720575940879810013,"27773,4974,2223",720575940881949777,"13153,5700,2154",720575940881949777,0.000000
720575940879810013,"27773,4974,2223",720575940870692182,"24136,3911,1002",720575940870692182,0.000000
720575940879810013,"27773,4974,2223",720575940847595117,"41727,5321,1579",720575940847595117,44.363540
720575940879810013,"27773,4974,2223",720575940881834576,"20994,6297,2199",720575940881834576,13.465412
720575940879810013,"27773,4974,2223",720575940887754056,"37545,5805,202",720575940887754056,0.000000
720575940879810013,"27773,4974,2223",720575940877569847,"28033,3647,860",720575940877569847,0.000000
720575940879810013,"27773,4974,2223",720575940916312157,"17947,3091,2607",720575940916312157,0.000000
720575940879810013,"27773,4974,2223",720575940897166352,"37387,4317,2239",720575940897166352,0.000000
720575940879810013,"27773,4974,2223",720575940888538572,"23742,3073,2451",720575940888538572,0.000000
720575940879810013,"27773,4974,2223",720575940935700348,"22409,3328,2752",720575940935700348,0.000000
720575940879810013,"27773,4974,2223",720575940873510206,"31190,3277,663",720575940873510206,0.000000
720575940879810013,"27773,4974,2223",720575940888148336,"41698,5563,3288",720575940888148336,0.000000
720575940879810013,"27773,4974,2223",720575940886558498,"24860,3081,2535",720575940886558498,0.000000
720575940889794145,"25131,5086,1149",720575940868783341,"29320,4453,1733",720575940868783341,96.821268
720575940889794145,"25131,5086,1149",720575940919043399,"24306,3929,1314",720575940919043399,93.633847
720575940889794145,"25131,5086,1149",720575940905401289,"27344,3514,1565",720575940905401289,17.786242
720575940889794145,"25131,5086,1149",720575940937876909,"22490,3798,2283",720575940937876909,0.000000
720575940889794145,"25131,5086,1149",720575940877168648,"24461,3600,2248",720575940877168648,0.000000
720575940889794145,"25131,5086,1149",720575940893449483,"30532,4598,1070",720575940893449483,9.789535
720575940889794145,"25131,5086,1149",720575940902330369,"25384,4074,1605",720575940902330369,281.094616
720575940889794145,"25131,5086,1149",720575940870691926,"21636,4289,2083",720575940870691926,222.522740
720575940889794145,"25131,5086,1149",720575940905126710,"23751,4351,1605",720575940905126710,118.637549
720575940889794145,"25131,5086,1149",720575940900275170,"27295,4519,1330",720575940900275170,96.627276
720575940889794145,"25131,5086,1149",720575940881834064,"29556,5160,1151",720575940881834064,137.783721
720575940889794145,"25131,5086,1149",720575940920897193,"32485,5455,1334",720575940920897193,120.065665
720575940889794145,"25131,5086,1149",720575940881834320,"44973,7063,1558",720575940881834320,63.962168
720575940889794145,"25131,5086,1149",720575940883912476,"44111,5787,1151",720575940883912476,241.836318
720575940889794145,"25131,5086,1149",720575940881949777,"13153,5700,2154",720575940881949777,52.819535
720575940889794145,"25131,5086,1149",720575940870692182,"24136,3911,1002",720575940870692182,72.603380
720575940889794145,"25131,5086,1149",720575940847595117,"41727,5321,1579",720575940847595117,40.239684
720575940889794145,"25131,5086,1149",720575940881834576,"20994,6297,2199",720575940881834576,4.014050
720575940889794145,"25131,5086,1149",720575940887754056,"37545,5805,202",720575940887754056,57.618662
720575940889794145,"25131,5086,1149",720575940877569847,"28033,3647,860",720575940877569847,72.342428
720575940889794145,"25131,5086,1149",720575940916312157,"17947,3091,2607",720575940916312157,0.000000
720575940889794145,"25131,5086,1149",720575940897166352,"37387,4317,2239",720575940897166352,0.000000
720575940889794145,"25131,5086,1149",720575940888538572,"23742,3073,2451",720575940888538572,0.000000
720575940889794145,"25131,5086,1149",720575940935700348,"22409,3328,2752",720575940935700348,0.000000
720575940889794145,"25131,5086,1149",720575940873510206,"31190,3277,663",720575940873510206,0.000000
720575940889794145,"25131,5086,1149",720575940888148336,"41698,5563,3288",720575940888148336,0.000000
720575940889794145,"25131,5086,1149",720575940886558498,"24860,3081,2535",720575940886558498,22.775122
720575940893873415,"27024,4701,1429",720575940868783341,"29320,4453,1733",720575940868783341,70.887953
720575940893873415,"27024,4701,1429",720575940919043399,"24306,3929,1314",720575940919043399,82.904574
720575940893873415,"27024,4701,1429",720575940905401289,"27344,3514,1565",720575940905401289,15.778079
720575940893873415,"27024,4701,1429",720575940937876909,"22490,3798,2283",720575940937876909,15.061263
720575940893873415,"27024,4701,1429",720575940877168648,"24461,3600,2248",720575940877168648,4.102666
720575940893873415,"27024,4701,1429",720575940893449483,"30532,4598,1070",720575940893449483,94.173045
720575940893873415,"27024,4701,1429",720575940902330369,"25384,4074,1605",720575940902330369,534.825756
720575940893873415,"27024,4701,1429",720575940870691926,"21636,4289,2083",720575940870691926,108.743829
720575940893873415,"27024,4701,1429",720575940905126710,"23751,4351,1605",720575940905126710,181.269655
720575940893873415,"27024,4701,1429",720575940900275170,"27295,4519,1330",720575940900275170,570.615643
720575940893873415,"27024,4701,1429",720575940881834064,"29556,5160,1151",720575940881834064,342.232938
720575940893873415,"27024,4701,1429",720575940920897193,"32485,5455,1334",720575940920897193,303.942106
720575940893873415,"27024,4701,1429",720575940881834320,"44973,7063,1558",720575940881834320,46.274642
720575940893873415,"27024,4701,1429",720575940883912476,"44111,5787,1151",720575940883912476,14.669125
720575940893873415,"27024,4701,1429",720575940881949777,"13153,5700,2154",720575940881949777,293.366821
720575940893873415,"27024,4701,1429",720575940870692182,"24136,3911,1002",720575940870692182,97.686059
720575940893873415,"27024,4701,1429",720575940847595117,"41727,5321,1579",720575940847595117,110.372409
720575940893873415,"27024,4701,1429",720575940881834576,"20994,6297,2199",720575940881834576,81.408681
720575940893873415,"27024,4701,1429",720575940887754056,"37545,5805,202",720575940887754056,158.371687
720575940893873415,"27024,4701,1429",720575940877569847,"28033,3647,860",720575940877569847,59.444516
720575940893873415,"27024,4701,1429",720575940916312157,"17947,3091,2607",720575940916312157,0.000000
720575940893873415,"27024,4701,1429",720575940897166352,"37387,4317,2239",720575940897166352,0.000000
720575940893873415,"27024,4701,1429",720575940888538572,"23742,3073,2451",720575940888538572,26.069862
720575940893873415,"27024,4701,1429",720575940935700348,"22409,3328,2752",720575940935700348,0.000000
720575940893873415,"27024,4701,1429",720575940873510206,"31190,3277,663",720575940873510206,0.000000
720575940893873415,"27024,4701,1429",720575940888148336,"41698,5563,3288",720575940888148336,0.000000
720575940893873415,"27024,4701,1429",720575940886558498,"24860,3081,2535",720575940886558498,0.000000
720575940881926778,"24783,4663,1354",720575940868783341,"29320,4453,1733",720575940868783341,120.123842
720575940881926778,"24783,4663,1354",720575940919043399,"24306,3929,1314",720575940919043399,27.670264
720575940881926778,"24783,4663,1354",720575940905401289,"27344,3514,1565",720575940905401289,30.215136
720575940881926778,"24783,4663,1354",720575940937876909,"22490,3798,2283",720575940937876909,0.000000
720575940881926778,"24783,4663,1354",720575940877168648,"24461,3600,2248",720575940877168648,12.847120
720575940881926778,"24783,4663,1354",720575940893449483,"30532,4598,1070",720575940893449483,4.851386
720575940881926778,"24783,4663,1354",720575940902330369,"25384,4074,1605",720575940902330369,293.252401
720575940881926778,"24783,4663,1354",720575940870691926,"21636,4289,2083",720575940870691926,178.548012
720575940881926778,"24783,4663,1354",720575940905126710,"23751,4351,1605",720575940905126710,46.152122
720575940881926778,"24783,4663,1354",720575940900275170,"27295,4519,1330",720575940900275170,327.052816
720575940881926778,"24783,4663,1354",720575940881834064,"29556,5160,1151",720575940881834064,22.508277
720575940881926778,"24783,4663,1354",720575940920897193,"32485,5455,1334",720575940920897193,153.369577
720575940881926778,"24783,4663,1354",720575940881834320,"44973,7063,1558",720575940881834320,168.519567
720575940881926778,"24783,4663,1354",720575940883912476,"44111,5787,1151",720575940883912476,20.133893
720575940881926778,"24783,4663,1354",720575940881949777,"13153,5700,2154",720575940881949777,172.263448
720575940881926778,"24783,4663,1354",720575940870692182,"24136,3911,1002",720575940870692182,30.811212
720575940881926778,"24783,4663,1354",720575940847595117,"41727,5321,1579",720575940847595117,228.994886
720575940881926778,"24783,4663,1354",720575940881834576,"20994,6297,2199",720575940881834576,114.052440
720575940881926778,"24783,4663,1354",720575940887754056,"37545,5805,202",720575940887754056,51.746186
720575940881926778,"24783,4663,1354",720575940877569847,"28033,3647,860",720575940877569847,32.514645
720575940881926778,"24783,4663,1354",720575940916312157,"17947,3091,2607",720575940916312157,0.000000
720575940881926778,"24783,4663,1354",720575940897166352,"37387,4317,2239",720575940897166352,7.206323
720575940881926778,"24783,4663,1354",720575940888538572,"23742,3073,2451",720575940888538572,3.969094
720575940881926778,"24783,4663,1354",720575940935700348,"22409,3328,2752",720575940935700348,0.000000
720575940881926778,"24783,4663,1354",720575940873510206,"31190,3277,663",720575940873510206,0.000000
720575940881926778,"24783,4663,1354",720575940888148336,"41698,5563,3288",720575940888148336,24.865999
720575940881926778,"24783,4663,1354",720575940886558498,"24860,3081,2535",720575940886558498,0.000000
720575940906283251,"23917,4673,1248",720575940868783341,"29320,4453,1733",720575940868783341,54.115702
720575940906283251,"23917,4673,1248",720575940919043399,"24306,3929,1314",720575940919043399,132.569383
720575940906283251,"23917,4673,1248",720575940905401289,"27344,3514,1565",720575940905401289,7.436780
720575940906283251,"23917,4673,1248",720575940937876909,"22490,3798,2283",720575940937876909,0.000000
720575940906283251,"23917,4673,1248",720575940877168648,"24461,3600,2248",720575940877168648,0.000000
720575940906283251,"23917,4673,1248",720575940893449483,"30532,4598,1070",720575940893449483,9.789535
720575940906283251,"23917,4673,1248",720575940902330369,"25384,4074,1605",720575940902330369,100.507443
720575940906283251,"23917,4673,1248",720575940870691926,"21636,4289,2083",720575940870691926,13.762168
720575940906283251,"23917,4673,1248",720575940905126710,"23751,4351,1605",720575940905126710,30.901553
720575940906283251,"23917,4673,1248",720575940900275170,"27295,4519,1330",720575940900275170,33.153786
720575940906283251,"23917,4673,1248",720575940881834064,"29556,5160,1151",720575940881834064,240.931615
720575940906283251,"23917,4673,1248",720575940920897193,"32485,5455,1334",720575940920897193,0.000000
720575940906283251,"23917,4673,1248",720575940881834320,"44973,7063,1558",720575940881834320,0.000000
720575940906283251,"23917,4673,1248",720575940883912476,"44111,5787,1151",720575940883912476,84.453591
720575940906283251,"23917,4673,1248",720575940881949777,"13153,5700,2154",720575940881949777,50.602719
720575940906283251,"23917,4673,1248",720575940870692182,"24136,3911,1002",720575940870692182,92.964550
720575940906283251,"23917,4673,1248",720575940847595117,"41727,5321,1579",720575940847595117,14.185814
720575940906283251,"23917,4673,1248",720575940881834576,"20994,6297,2199",720575940881834576,0.000000
720575940906283251,"23917,4673,1248",720575940887754056,"37545,5805,202",720575940887754056,0.000000
720575940906283251,"23917,4673,1248",720575940877569847,"28033,3647,860",720575940877569847,15.847486
720575940906283251,"23917,4673,1248",720575940916312157,"17947,3091,2607",720575940916312157,18.762964
720575940906283251,"23917,4673,1248",720575940897166352,"37387,4317,2239",720575940897166352,0.000000
720575940906283251,"23917,4673,1248",720575940888538572,"23742,3073,2451",720575940888538572,0.000000
720575940906283251,"23917,4673,1248",720575940935700348,"22409,3328,2752",720575940935700348,0.000000
720575940906283251,"23917,4673,1248",720575940873510206,"31190,3277,663",720575940873510206,0.000000
720575940906283251,"23917,4673,1248",720575940888148336,"41698,5563,3288",720575940888148336,0.000000
720575940906283251,"23917,4673,1248",720575940886558498,"24860,3081,2535",720575940886558498,12.727901
720575940932756628,"26894,5344,1453",720575940868783341,"29320,4453,1733",720575940868783341,25.942228
720575940932756628,"26894,5344,1453",720575940919043399,"24306,3929,1314",720575940919043399,0.000000
720575940932756628,"26894,5344,1453",720575940905401289,"27344,3514,1565",720575940905401289,10.432721
720575940932756628,"26894,5344,1453",720575940937876909,"22490,3798,2283",720575940937876909,0.000000
720575940932756628,"26894,5344,1453",720575940877168648,"24461,3600,2248",720575940877168648,0.000000
720575940932756628,"26894,5344,1453",720575940893449483,"30532,4598,1070",720575940893449483,0.000000
720575940932756628,"26894,5344,1453",720575940902330369,"25384,4074,1605",720575940902330369,0.000000
720575940932756628,"26894,5344,1453",720575940870691926,"21636,4289,2083",720575940870691926,0.000000
720575940932756628,"26894,5344,1453",720575940905126710,"23751,4351,1605",720575940905126710,0.000000
720575940932756628,"26894,5344,1453",720575940900275170,"27295,4519,1330",720575940900275170,0.000000
720575940932756628,"26894,5344,1453",720575940881834064,"29556,5160,1151",720575940881834064,0.000000
720575940932756628,"26894,5344,1453",720575940920897193,"32485,5455,1334",720575940920897193,21.430642
720575940932756628,"26894,5344,1453",720575940881834320,"44973,7063,1558",720575940881834320,72.850309
720575940932756628,"26894,5344,1453",720575940883912476,"44111,5787,1151",720575940883912476,34.278388
720575940932756628,"26894,5344,1453",720575940881949777,"13153,5700,2154",720575940881949777,36.471776
720575940932756628,"26894,5344,1453",720575940870692182,"24136,3911,1002",720575940870692182,10.988074
720575940932756628,"26894,5344,1453",720575940847595117,"41727,5321,1579",720575940847595117,38.763872
720575940932756628,"26894,5344,1453",720575940881834576,"20994,6297,2199",720575940881834576,11.500716
720575940932756628,"26894,5344,1453",720575940887754056,"37545,5805,202",720575940887754056,17.097496
720575940932756628,"26894,5344,1453",720575940877569847,"28033,3647,860",720575940877569847,10.846715
720575940932756628,"26894,5344,1453",720575940916312157,"17947,3091,2607",720575940916312157,0.000000
720575940932756628,"26894,5344,1453",720575940897166352,"37387,4317,2239",720575940897166352,0.000000
720575940932756628,"26894,5344,1453",720575940888538572,"23742,3073,2451",720575940888538572,0.000000
720575940932756628,"26894,5344,1453",720575940935700348,"22409,3328,2752",720575940935700348,0.000000
720575940932756628,"26894,5344,1453",720575940873510206,"31190,3277,663",720575940873510206,0.000000
720575940932756628,"26894,5344,1453",720575940888148336,"41698,5563,3288",720575940888148336,0.000000
720575940932756628,"26894,5344,1453",720575940886558498,"24860,3081,2535",720575940886558498,0.000000
720575940890743247,"25914,4375,1475",720575940868783341,"29320,4453,1733",720575940868783341,21.225868
720575940890743247,"25914,4375,1475",720575940919043399,"24306,3929,1314",720575940919043399,37.186970
720575940890743247,"25914,4375,1475",720575940905401289,"27344,3514,1565",720575940905401289,0.000000
720575940890743247,"25914,4375,1475",720575940937876909,"22490,3798,2283",720575940937876909,0.000000
720575940890743247,"25914,4375,1475",720575940877168648,"24461,3600,2248",720575940877168648,0.000000
720575940890743247,"25914,4375,1475",720575940893449483,"30532,4598,1070",720575940893449483,0.000000
720575940890743247,"25914,4375,1475",720575940902330369,"25384,4074,1605",720575940902330369,165.357011
720575940890743247,"25914,4375,1475",720575940870691926,"21636,4289,2083",720575940870691926,29.299952
720575940890743247,"25914,4375,1475",720575940905126710,"23751,4351,1605",720575940905126710,192.625784
720575940890743247,"25914,4375,1475",720575940900275170,"27295,4519,1330",720575940900275170,59.152402
720575940890743247,"25914,4375,1475",720575940881834064,"29556,5160,1151",720575940881834064,76.028490
720575940890743247,"25914,4375,1475",720575940920897193,"32485,5455,1334",720575940920897193,72.321855
720575940890743247,"25914,4375,1475",720575940881834320,"44973,7063,1558",720575940881834320,0.000000
720575940890743247,"25914,4375,1475",720575940883912476,"44111,5787,1151",720575940883912476,42.530963
720575940890743247,"25914,4375,1475",720575940881949777,"13153,5700,2154",720575940881949777,119.157258
720575940890743247,"25914,4375,1475",720575940870692182,"24136,3911,1002",720575940870692182,13.904470
720575940890743247,"25914,4375,1475",720575940847595117,"41727,5321,1579",720575940847595117,44.411746
720575940890743247,"25914,4375,1475",720575940881834576,"20994,6297,2199",720575940881834576,0.000000
720575940890743247,"25914,4375,1475",720575940887754056,"37545,5805,202",720575940887754056,86.591031
720575940890743247,"25914,4375,1475",720575940877569847,"28033,3647,860",720575940877569847,109.310166
720575940890743247,"25914,4375,1475",720575940916312157,"17947,3091,2607",720575940916312157,0.000000
720575940890743247,"25914,4375,1475",720575940897166352,"37387,4317,2239",720575940897166352,0.000000
720575940890743247,"25914,4375,1475",720575940888538572,"23742,3073,2451",720575940888538572,8.547781
720575940890743247,"25914,4375,1475",720575940935700348,"22409,3328,2752",720575940935700348,0.000000
720575940890743247,"25914,4375,1475",720575940873510206,"31190,3277,663",720575940873510206,0.000000
720575940890743247,"25914,4375,1475",720575940888148336,"41698,5563,3288",720575940888148336,0.000000
720575940890743247,"25914,4375,1475",720575940886558498,"24860,3081,2535",720575940886558498,2.203446
720575940905014486,"26436,4960,1947",720575940868783341,"29320,4453,1733",720575940868783341,44.535934
720575940905014486,"26436,4960,1947",720575940919043399,"24306,3929,1314",720575940919043399,0.000000
720575940905014486,"26436,4960,1947",720575940905401289,"27344,3514,1565",720575940905401289,5.872189
720575940905014486,"26436,4960,1947",720575940937876909,"22490,3798,2283",720575940937876909,0.000000
720575940905014486,"26436,4960,1947",720575940877168648,"24461,3600,2248",720575940877168648,0.000000
720575940905014486,"26436,4960,1947",720575940893449483,"30532,4598,1070",720575940893449483,8.711720
720575940905014486,"26436,4960,1947",720575940902330369,"25384,4074,1605",720575940902330369,0.000000
720575940905014486,"26436,4960,1947",720575940870691926,"21636,4289,2083",720575940870691926,51.102060
720575940905014486,"26436,4960,1947",720575940905126710,"23751,4351,1605",720575940905126710,22.609368
720575940905014486,"26436,4960,1947",720575940900275170,"27295,4519,1330",720575940900275170,78.530222
720575940905014486,"26436,4960,1947",720575940881834064,"29556,5160,1151",720575940881834064,0.000000
720575940905014486,"26436,4960,1947",720575940920897193,"32485,5455,1334",720575940920897193,12.861174
720575940905014486,"26436,4960,1947",720575940881834320,"44973,7063,1558",720575940881834320,65.461651
720575940905014486,"26436,4960,1947",720575940883912476,"44111,5787,1151",720575940883912476,0.000000
720575940905014486,"26436,4960,1947",720575940881949777,"13153,5700,2154",720575940881949777,43.298560
720575940905014486,"26436,4960,1947",720575940870692182,"24136,3911,1002",720575940870692182,13.995501
720575940905014486,"26436,4960,1947",720575940847595117,"41727,5321,1579",720575940847595117,119.064274
720575940905014486,"26436,4960,1947",720575940881834576,"20994,6297,2199",720575940881834576,22.012667
720575940905014486,"26436,4960,1947",720575940887754056,"37545,5805,202",720575940887754056,12.363113
720575940905014486,"26436,4960,1947",720575940877569847,"28033,3647,860",720575940877569847,45.448488
720575940905014486,"26436,4960,1947",720575940916312157,"17947,3091,2607",720575940916312157,0.000000
720575940905014486,"26436,4960,1947",720575940897166352,"37387,4317,2239",720575940897166352,0.000000
720575940905014486,"26436,4960,1947",720575940888538572,"23742,3073,2451",720575940888538572,0.000000
720575940905014486,"26436,4960,1947",720575940935700348,"22409,3328,2752",720575940935700348,0.000000
720575940905014486,"26436,4960,1947",720575940873510206,"31190,3277,663",720575940873510206,0.000000
720575940905014486,"26436,4960,1947",720575940888148336,"41698,5563,3288",720575940888148336,0.000000
720575940905014486,"26436,4960,1947",720575940886558498,"24860,3081,2535",720575940886558498,0.000000
720575940905014742,"23808,5175,2239",720575940868783341,"29320,4453,1733",720575940868783341,120.434847
720575940905014742,"23808,5175,2239",720575940919043399,"24306,3929,1314",720575940919043399,12.398113
720575940905014742,"23808,5175,2239",720575940905401289,"27344,3514,1565",720575940905401289,10.989150
720575940905014742,"23808,5175,2239",720575940937876909,"22490,3798,2283",720575940937876909,79.381162
720575940905014742,"23808,5175,2239",720575940877168648,"24461,3600,2248",720575940877168648,18.828632
720575940905014742,"23808,5175,2239",720575940893449483,"30532,4598,1070",720575940893449483,0.000000
720575940905014742,"23808,5175,2239",720575940902330369,"25384,4074,1605",720575940902330369,132.858520
720575940905014742,"23808,5175,2239",720575940870691926,"21636,4289,2083",720575940870691926,402.630302
720575940905014742,"23808,5175,2239",720575940905126710,"23751,4351,1605",720575940905126710,19.930361
720575940905014742,"23808,5175,2239",720575940900275170,"27295,4519,1330",720575940900275170,70.286167
720575940905014742,"23808,5175,2239",720575940881834064,"29556,5160,1151",720575940881834064,81.985076
720575940905014742,"23808,5175,2239",720575940920897193,"32485,5455,1334",720575940920897193,57.736958
720575940905014742,"23808,5175,2239",720575940881834320,"44973,7063,1558",720575940881834320,256.569902
720575940905014742,"23808,5175,2239",720575940883912476,"44111,5787,1151",720575940883912476,83.140159
720575940905014742,"23808,5175,2239",720575940881949777,"13153,5700,2154",720575940881949777,26.489632
720575940905014742,"23808,5175,2239",720575940870692182,"24136,3911,1002",720575940870692182,76.433402
720575940905014742,"23808,5175,2239",720575940847595117,"41727,5321,1579",720575940847595117,230.024786
720575940905014742,"23808,5175,2239",720575940881834576,"20994,6297,2199",720575940881834576,15.389399
720575940905014742,"23808,5175,2239",720575940887754056,"37545,5805,202",720575940887754056,6.657538
720575940905014742,"23808,5175,2239",720575940877569847,"28033,3647,860",720575940877569847,0.000000
720575940905014742,"23808,5175,2239",720575940916312157,"17947,3091,2607",720575940916312157,16.033432
720575940905014742,"23808,5175,2239",720575940897166352,"37387,4317,2239",720575940897166352,0.000000
720575940905014742,"23808,5175,2239",720575940888538572,"23742,3073,2451",720575940888538572,34.383399
720575940905014742,"23808,5175,2239",720575940935700348,"22409,3328,2752",720575940935700348,10.384454
720575940905014742,"23808,5175,2239",720575940873510206,"31190,3277,663",720575940873510206,0.000000
720575940905014742,"23808,5175,2239",720575940888148336,"41698,5563,3288",720575940888148336,0.000000
720575940905014742,"23808,5175,2239",720575940886558498,"24860,3081,2535",720575940886558498,0.000000
720575940898835143,"25661,6050,1998",720575940868783341,"29320,4453,1733",720575940868783341,0.000000
720575940898835143,"25661,6050,1998",720575940919043399,"24306,3929,1314",720575940919043399,0.000000
720575940898835143,"25661,6050,1998",720575940905401289,"27344,3514,1565",720575940905401289,66.454743
720575940898835143,"25661,6050,1998",720575940937876909,"22490,3798,2283",720575940937876909,0.000000
720575940898835143,"25661,6050,1998",720575940877168648,"24461,3600,2248",720575940877168648,0.000000
720575940898835143,"25661,6050,1998",720575940893449483,"30532,4598,1070",720575940893449483,0.000000
720575940898835143,"25661,6050,1998",720575940902330369,"25384,4074,1605",720575940902330369,0.000000
720575940898835143,"25661,6050,1998",720575940870691926,"21636,4289,2083",720575940870691926,0.000000
720575940898835143,"25661,6050,1998",720575940905126710,"23751,4351,1605",720575940905126710,0.000000
720575940898835143,"25661,6050,1998",720575940900275170,"27295,4519,1330",720575940900275170,0.000000
720575940898835143,"25661,6050,1998",720575940881834064,"29556,5160,1151",720575940881834064,0.000000
720575940898835143,"25661,6050,1998",720575940920897193,"32485,5455,1334",720575940920897193,0.000000
720575940898835143,"25661,6050,1998",720575940881834320,"44973,7063,1558",720575940881834320,13.968360
720575940898835143,"25661,6050,1998",720575940883912476,"44111,5787,1151",720575940883912476,0.000000
720575940898835143,"25661,6050,1998",720575940881949777,"13153,5700,2154",720575940881949777,4.521925
720575940898835143,"25661,6050,1998",720575940870692182,"24136,3911,1002",720575940870692182,0.000000
720575940898835143,"25661,6050,1998",720575940847595117,"41727,5321,1579",720575940847595117,0.000000
720575940898835143,"25661,6050,1998",720575940881834576,"20994,6297,2199",720575940881834576,0.000000
720575940898835143,"25661,6050,1998",720575940887754056,"37545,5805,202",720575940887754056,0.000000
720575940898835143,"25661,6050,1998",720575940877569847,"28033,3647,860",720575940877569847,0.000000
720575940898835143,"25661,6050,1998",720575940916312157,"17947,3091,2607",720575940916312157,0.000000
720575940898835143,"25661,6050,1998",720575940897166352,"37387,4317,2239",720575940897166352,0.000000
720575940898835143,"25661,6050,1998",720575940888538572,"23742,3073,2451",720575940888538572,0.000000
720575940898835143,"25661,6050,1998",720575940935700348,"22409,3328,2752",720575940935700348,0.000000
720575940898835143,"25661,6050,1998",720575940873510206,"31190,3277,663",720575940873510206,0.000000
720575940898835143,"25661,6050,1998",720575940888148336,"41698,5563,3288",720575940888148336,0.000000
720575940898835143,"25661,6050,1998",720575940886558498,"24860,3081,2535",720575940886558498,43.593895
720575940917637910,"28335,6052,2102",720575940868783341,"29320,4453,1733",720575940868783341,0.000000
720575940917637910,"28335,6052,2102",720575940919043399,"24306,3929,1314",720575940919043399,0.000000
720575940917637910,"28335,6052,2102",720575940905401289,"27344,3514,1565",720575940905401289,13.202346
720575940917637910,"28335,6052,2102",720575940937876909,"22490,3798,2283",720575940937876909,0.000000
720575940917637910,"28335,6052,2102",720575940877168648,"24461,3600,2248",720575940877168648,0.000000
720575940917637910,"28335,6052,2102",720575940893449483,"30532,4598,1070",720575940893449483,0.000000
720575940917637910,"28335,6052,2102",720575940902330369,"25384,4074,1605",720575940902330369,0.000000
720575940917637910,"28335,6052,2102",720575940870691926,"21636,4289,2083",720575940870691926,0.000000
720575940917637910,"28335,6052,2102",720575940905126710,"23751,4351,1605",720575940905126710,0.000000
720575940917637910,"28335,6052,2102",720575940900275170,"27295,4519,1330",720575940900275170,0.000000
720575940917637910,"28335,6052,2102",720575940881834064,"29556,5160,1151",720575940881834064,0.000000
720575940917637910,"28335,6052,2102",720575940920897193,"32485,5455,1334",720575940920897193,6.972159
720575940917637910,"28335,6052,2102",720575940881834320,"44973,7063,1558",720575940881834320,20.992775
720575940917637910,"28335,6052,2102",720575940883912476,"44111,5787,1151",720575940883912476,33.338034
720575940917637910,"28335,6052,2102",720575940881949777,"13153,5700,2154",720575940881949777,5.178496
720575940917637910,"28335,6052,2102",720575940870692182,"24136,3911,1002",720575940870692182,0.000000
720575940917637910,"28335,6052,2102",720575940847595117,"41727,5321,1579",720575940847595117,7.641319
720575940917637910,"28335,6052,2102",720575940881834576,"20994,6297,2199",720575940881834576,26.712085
720575940917637910,"28335,6052,2102",720575940887754056,"37545,5805,202",720575940887754056,34.535225
720575940917637910,"28335,6052,2102",720575940877569847,"28033,3647,860",720575940877569847,13.798755
720575940917637910,"28335,6052,2102",720575940916312157,"17947,3091,2607",720575940916312157,0.000000
720575940917637910,"28335,6052,2102",720575940897166352,"37387,4317,2239",720575940897166352,0.000000
720575940917637910,"28335,6052,2102",720575940888538572,"23742,3073,2451",720575940888538572,0.000000
720575940917637910,"28335,6052,2102",720575940935700348,"22409,3328,2752",720575940935700348,0.000000
720575940917637910,"28335,6052,2102",720575940873510206,"31190,3277,663",720575940873510206,0.000000
720575940917637910,"28335,6052,2102",720575940888148336,"41698,5563,3288",720575940888148336,0.000000
720575940917637910,"28335,6052,2102",720575940886558498,"24860,3081,2535",720575940886558498,7.395059
720575940881272414,"28357,5746,2096",720575940868783341,"29320,4453,1733",720575940868783341,0.000000
720575940881272414,"28357,5746,2096",720575940919043399,"24306,3929,1314",720575940919043399,0.000000
720575940881272414,"28357,5746,2096",720575940905401289,"27344,3514,1565",720575940905401289,64.946158
720575940881272414,"28357,5746,2096",720575940937876909,"22490,3798,2283",720575940937876909,0.000000
720575940881272414,"28357,5746,2096",720575940877168648,"24461,3600,2248",720575940877168648,0.000000
720575940881272414,"28357,5746,2096",720575940893449483,"30532,4598,1070",720575940893449483,0.000000
720575940881272414,"28357,5746,2096",720575940902330369,"25384,4074,1605",720575940902330369,0.000000
720575940881272414,"28357,5746,2096",720575940870691926,"21636,4289,2083",720575940870691926,0.000000
720575940881272414,"28357,5746,2096",720575940905126710,"23751,4351,1605",720575940905126710,0.000000
720575940881272414,"28357,5746,2096",720575940900275170,"27295,4519,1330",720575940900275170,0.000000
720575940881272414,"28357,5746,2096",720575940881834064,"29556,5160,1151",720575940881834064,0.000000
720575940881272414,"28357,5746,2096",720575940920897193,"32485,5455,1334",720575940920897193,0.000000
720575940881272414,"28357,5746,2096",720575940881834320,"44973,7063,1558",720575940881834320,0.000000
720575940881272414,"28357,5746,2096",720575940883912476,"44111,5787,1151",720575940883912476,7.527279
720575940881272414,"28357,5746,2096",720575940881949777,"13153,5700,2154",720575940881949777,32.968502
720575940881272414,"28357,5746,2096",720575940870692182,"24136,3911,1002",720575940870692182,12.562726
720575940881272414,"28357,5746,2096",720575940847595117,"41727,5321,1579",720575940847595117,0.000000
720575940881272414,"28357,5746,2096",720575940881834576,"20994,6297,2199",720575940881834576,58.095069
720575940881272414,"28357,5746,2096",720575940887754056,"37545,5805,202",720575940887754056,0.000000
720575940881272414,"28357,5746,2096",720575940877569847,"28033,3647,860",720575940877569847,0.000000
720575940881272414,"28357,5746,2096",720575940916312157,"17947,3091,2607",720575940916312157,0.000000
720575940881272414,"28357,5746,2096",720575940897166352,"37387,4317,2239",720575940897166352,0.000000
720575940881272414,"28357,5746,2096",720575940888538572,"23742,3073,2451",720575940888538572,0.000000
720575940881272414,"28357,5746,2096",720575940935700348,"22409,3328,2752",720575940935700348,0.000000
720575940881272414,"28357,5746,2096",720575940873510206,"31190,3277,663",720575940873510206,0.000000
720575940881272414,"28357,5746,2096",720575940888148336,"41698,5563,3288",720575940888148336,0.000000
720575940881272414,"28357,5746,2096",720575940886558498,"24860,3081,2535",720575940886558498,12.562380
720575940940902015,"27025,5461,2049",720575940868783341,"29320,4453,1733",720575940868783341,87.354422
720575940940902015,"27025,5461,2049",720575940919043399,"24306,3929,1314",720575940919043399,0.000000
720575940940902015,"27025,5461,2049",720575940905401289,"27344,3514,1565",720575940905401289,7.305223
720575940940902015,"27025,5461,2049",720575940937876909,"22490,3798,2283",720575940937876909,0.000000
720575940940902015,"27025,5461,2049",720575940877168648,"24461,3600,2248",720575940877168648,5.806772
720575940940902015,"27025,5461,2049",720575940893449483,"30532,4598,1070",720575940893449483,0.000000
720575940940902015,"27025,5461,2049",720575940902330369,"25384,4074,1605",720575940902330369,5.952305
720575940940902015,"27025,5461,2049",720575940870691926,"21636,4289,2083",720575940870691926,31.295673
720575940940902015,"27025,5461,2049",720575940905126710,"23751,4351,1605",720575940905126710,0.000000
720575940940902015,"27025,5461,2049",720575940900275170,"27295,4519,1330",720575940900275170,0.000000
720575940940902015,"27025,5461,2049",720575940881834064,"29556,5160,1151",720575940881834064,0.000000
720575940940902015,"27025,5461,2049",720575940920897193,"32485,5455,1334",720575940920897193,9.963584
720575940940902015,"27025,5461,2049",720575940881834320,"44973,7063,1558",720575940881834320,74.811092
720575940940902015,"27025,5461,2049",720575940883912476,"44111,5787,1151",720575940883912476,24.752086
720575940940902015,"27025,5461,2049",720575940881949777,"13153,5700,2154",720575940881949777,0.000000
720575940940902015,"27025,5461,2049",720575940870692182,"24136,3911,1002",720575940870692182,16.531630
720575940940902015,"27025,5461,2049",720575940847595117,"41727,5321,1579",720575940847595117,154.038555
720575940940902015,"27025,5461,2049",720575940881834576,"20994,6297,2199",720575940881834576,112.616582
720575940940902015,"27025,5461,2049",720575940887754056,"37545,5805,202",720575940887754056,5.959892
720575940940902015,"27025,5461,2049",720575940877569847,"28033,3647,860",720575940877569847,9.328566
720575940940902015,"27025,5461,2049",720575940916312157,"17947,3091,2607",720575940916312157,0.000000
720575940940902015,"27025,5461,2049",720575940897166352,"37387,4317,2239",720575940897166352,40.749717
720575940940902015,"27025,5461,2049",720575940888538572,"23742,3073,2451",720575940888538572,7.238363
720575940940902015,"27025,5461,2049",720575940935700348,"22409,3328,2752",720575940935700348,7.993936
720575940940902015,"27025,5461,2049",720575940873510206,"31190,3277,663",720575940873510206,0.000000
720575940940902015,"27025,5461,2049",720575940888148336,"41698,5563,3288",720575940888148336,9.452307
720575940940902015,"27025,5461,2049",720575940886558498,"24860,3081,2535",720575940886558498,36.822038
720575940871491897,"25907,4783,1553",720575940868783341,"29320,4453,1733",720575940868783341,80.974752
720575940871491897,"25907,4783,1553",720575940919043399,"24306,3929,1314",720575940919043399,0.000000
720575940871491897,"25907,4783,1553",720575940905401289,"27344,3514,1565",720575940905401289,9.509463
720575940871491897,"25907,4783,1553",720575940937876909,"22490,3798,2283",720575940937876909,8.054582
720575940871491897,"25907,4783,1553",720575940877168648,"24461,3600,2248",720575940877168648,0.000000
720575940871491897,"25907,4783,1553",720575940893449483,"30532,4598,1070",720575940893449483,44.766023
720575940871491897,"25907,4783,1553",720575940902330369,"25384,4074,1605",720575940902330369,73.335140
720575940871491897,"25907,4783,1553",720575940870691926,"21636,4289,2083",720575940870691926,75.696466
720575940871491897,"25907,4783,1553",720575940905126710,"23751,4351,1605",720575940905126710,147.805220
720575940871491897,"25907,4783,1553",720575940900275170,"27295,4519,1330",720575940900275170,139.854889
720575940871491897,"25907,4783,1553",720575940881834064,"29556,5160,1151",720575940881834064,54.123566
720575940871491897,"25907,4783,1553",720575940920897193,"32485,5455,1334",720575940920897193,143.957146
720575940871491897,"25907,4783,1553",720575940881834320,"44973,7063,1558",720575940881834320,122.768129
720575940871491897,"25907,4783,1553",720575940883912476,"44111,5787,1151",720575940883912476,8.232809
720575940871491897,"25907,4783,1553",720575940881949777,"13153,5700,2154",720575940881949777,47.283087
720575940871491897,"25907,4783,1553",720575940870692182,"24136,3911,1002",720575940870692182,10.750223
720575940871491897,"25907,4783,1553",720575940847595117,"41727,5321,1579",720575940847595117,136.129287
720575940871491897,"25907,4783,1553",720575940881834576,"20994,6297,2199",720575940881834576,24.466935
720575940871491897,"25907,4783,1553",720575940887754056,"37545,5805,202",720575940887754056,41.661826
720575940871491897,"25907,4783,1553",720575940877569847,"28033,3647,860",720575940877569847,73.987413
720575940871491897,"25907,4783,1553",720575940916312157,"17947,3091,2607",720575940916312157,0.000000
720575940871491897,"25907,4783,1553",720575940897166352,"37387,4317,2239",720575940897166352,0.000000
720575940871491897,"25907,4783,1553",720575940888538572,"23742,3073,2451",720575940888538572,43.127213
720575940871491897,"25907,4783,1553",720575940935700348,"22409,3328,2752",720575940935700348,0.000000
720575940871491897,"25907,4783,1553",720575940873510206,"31190,3277,663",720575940873510206,8.651229
720575940871491897,"25907,4783,1553",720575940888148336,"41698,5563,3288",720575940888148336,0.000000
720575940871491897,"25907,4783,1553",720575940886558498,"24860,3081,2535",720575940886558498,0.000000
720575940892205986,"25935,4201,1803",720575940868783341,"29320,4453,1733",720575940868783341,308.102591
720575940892205986,"25935,4201,1803",720575940919043399,"24306,3929,1314",720575940919043399,215.685180
720575940892205986,"25935,4201,1803",720575940905401289,"27344,3514,1565",720575940905401289,147.905311
720575940892205986,"25935,4201,1803",720575940937876909,"22490,3798,2283",720575940937876909,146.625720
720575940892205986,"25935,4201,1803",720575940877168648,"24461,3600,2248",720575940877168648,142.403326
720575940892205986,"25935,4201,1803",720575940893449483,"30532,4598,1070",720575940893449483,87.882464
720575940892205986,"25935,4201,1803",720575940902330369,"25384,4074,1605",720575940902330369,283.945742
720575940892205986,"25935,4201,1803",720575940870691926,"21636,4289,2083",720575940870691926,418.111909
720575940892205986,"25935,4201,1803",720575940905126710,"23751,4351,1605",720575940905126710,172.542433
720575940892205986,"25935,4201,1803",720575940900275170,"27295,4519,1330",720575940900275170,230.293223
720575940892205986,"25935,4201,1803",720575940881834064,"29556,5160,1151",720575940881834064,28.955040
720575940892205986,"25935,4201,1803",720575940920897193,"32485,5455,1334",720575940920897193,276.039873
720575940892205986,"25935,4201,1803",720575940881834320,"44973,7063,1558",720575940881834320,193.022785
720575940892205986,"25935,4201,1803",720575940883912476,"44111,5787,1151",720575940883912476,80.878764
720575940892205986,"25935,4201,1803",720575940881949777,"13153,5700,2154",720575940881949777,122.712204
720575940892205986,"25935,4201,1803",720575940870692182,"24136,3911,1002",720575940870692182,70.591371
720575940892205986,"25935,4201,1803",720575940847595117,"41727,5321,1579",720575940847595117,278.817870
720575940892205986,"25935,4201,1803",720575940881834576,"20994,6297,2199",720575940881834576,167.032369
720575940892205986,"25935,4201,1803",720575940887754056,"37545,5805,202",720575940887754056,122.022413
720575940892205986,"25935,4201,1803",720575940877569847,"28033,3647,860",720575940877569847,63.994022
720575940892205986,"25935,4201,1803",720575940916312157,"17947,3091,2607",720575940916312157,41.004041
720575940892205986,"25935,4201,1803",720575940897166352,"37387,4317,2239",720575940897166352,26.434332
720575940892205986,"25935,4201,1803",720575940888538572,"23742,3073,2451",720575940888538572,133.099767
720575940892205986,"25935,4201,1803",720575940935700348,"22409,3328,2752",720575940935700348,77.037409
720575940892205986,"25935,4201,1803",720575940873510206,"31190,3277,663",720575940873510206,13.810869
720575940892205986,"25935,4201,1803",720575940888148336,"41698,5563,3288",720575940888148336,33.025900
720575940892205986,"25935,4201,1803",720575940886558498,"24860,3081,2535",720575940886558498,47.033969
720575940897114128,"26326,4915,1578",720575940868783341,"29320,4453,1733",720575940868783341,87.163935
720575940897114128,"26326,4915,1578",720575940919043399,"24306,3929,1314",720575940919043399,0.000000
720575940897114128,"26326,4915,1578",720575940905401289,"27344,3514,1565",720575940905401289,19.946164
720575940897114128,"26326,4915,1578",720575940937876909,"22490,3798,2283",720575940937876909,34.028148
720575940897114128,"26326,4915,1578",720575940877168648,"24461,3600,2248",720575940877168648,16.802030
720575940897114128,"26326,4915,1578",720575940893449483,"30532,4598,1070",720575940893449483,22.867258
720575940897114128,"26326,4915,1578",720575940902330369,"25384,4074,1605",720575940902330369,58.528081
720575940897114128,"26326,4915,1578",720575940870691926,"21636,4289,2083",720575940870691926,184.405364
720575940897114128,"26326,4915,1578",720575940905126710,"23751,4351,1605",720575940905126710,71.811110
720575940897114128,"26326,4915,1578",720575940900275170,"27295,4519,1330",720575940900275170,188.383169
720575940897114128,"26326,4915,1578",720575940881834064,"29556,5160,1151",720575940881834064,23.678177
720575940897114128,"26326,4915,1578",720575940920897193,"32485,5455,1334",720575940920897193,125.588027
720575940897114128,"26326,4915,1578",720575940881834320,"44973,7063,1558",720575940881834320,73.926562
720575940897114128,"26326,4915,1578",720575940883912476,"44111,5787,1151",720575940883912476,33.017568
720575940897114128,"26326,4915,1578",720575940881949777,"13153,5700,2154",720575940881949777,65.174013
720575940897114128,"26326,4915,1578",720575940870692182,"24136,3911,1002",720575940870692182,64.483825
720575940897114128,"26326,4915,1578",720575940847595117,"41727,5321,1579",720575940847595117,82.426634
720575940897114128,"26326,4915,1578",720575940881834576,"20994,6297,2199",720575940881834576,76.425205
720575940897114128,"26326,4915,1578",720575940887754056,"37545,5805,202",720575940887754056,67.517017
720575940897114128,"26326,4915,1578",720575940877569847,"28033,3647,860",720575940877569847,90.664503
720575940897114128,"26326,4915,1578",720575940916312157,"17947,3091,2607",720575940916312157,41.855893
720575940897114128,"26326,4915,1578",720575940897166352,"37387,4317,2239",720575940897166352,0.000000
720575940897114128,"26326,4915,1578",720575940888538572,"23742,3073,2451",720575940888538572,93.170898
720575940897114128,"26326,4915,1578",720575940935700348,"22409,3328,2752",720575940935700348,33.568923
720575940897114128,"26326,4915,1578",720575940873510206,"31190,3277,663",720575940873510206,35.269504
720575940897114128,"26326,4915,1578",720575940888148336,"41698,5563,3288",720575940888148336,16.137444
720575940897114128,"26326,4915,1578",720575940886558498,"24860,3081,2535",720575940886558498,17.055388
720575940884949941,"28270,6011,1915",720575940868783341,"29320,4453,1733",720575940868783341,10.641877
720575940884949941,"28270,6011,1915",720575940919043399,"24306,3929,1314",720575940919043399,0.000000
720575940884949941,"28270,6011,1915",720575940905401289,"27344,3514,1565",720575940905401289,0.000000
720575940884949941,"28270,6011,1915",720575940937876909,"22490,3798,2283",720575940937876909,0.000000
720575940884949941,"28270,6011,1915",720575940877168648,"24461,3600,2248",720575940877168648,0.000000
720575940884949941,"28270,6011,1915",720575940893449483,"30532,4598,1070",720575940893449483,0.000000
720575940884949941,"28270,6011,1915",720575940902330369,"25384,4074,1605",720575940902330369,0.000000
720575940884949941,"28270,6011,1915",720575940870691926,"21636,4289,2083",720575940870691926,0.000000
720575940884949941,"28270,6011,1915",720575940905126710,"23751,4351,1605",720575940905126710,0.000000
720575940884949941,"28270,6011,1915",720575940900275170,"27295,4519,1330",720575940900275170,0.000000
720575940884949941,"28270,6011,1915",720575940881834064,"29556,5160,1151",720575940881834064,0.000000
720575940884949941,"28270,6011,1915",720575940920897193,"32485,5455,1334",720575940920897193,0.000000
720575940884949941,"28270,6011,1915",720575940881834320,"44973,7063,1558",720575940881834320,45.301254
720575940884949941,"28270,6011,1915",720575940883912476,"44111,5787,1151",720575940883912476,9.867555
720575940884949941,"28270,6011,1915",720575940881949777,"13153,5700,2154",720575940881949777,0.000000
720575940884949941,"28270,6011,1915",720575940870692182,"24136,3911,1002",720575940870692182,0.000000
720575940884949941,"28270,6011,1915",720575940847595117,"41727,5321,1579",720575940847595117,0.000000
720575940884949941,"28270,6011,1915",720575940881834576,"20994,6297,2199",720575940881834576,38.082455
720575940884949941,"28270,6011,1915",720575940887754056,"37545,5805,202",720575940887754056,8.948609
720575940884949941,"28270,6011,1915",720575940877569847,"28033,3647,860",720575940877569847,31.673938
720575940884949941,"28270,6011,1915",720575940916312157,"17947,3091,2607",720575940916312157,0.000000
720575940884949941,"28270,6011,1915",720575940897166352,"37387,4317,2239",720575940897166352,0.000000
720575940884949941,"28270,6011,1915",720575940888538572,"23742,3073,2451",720575940888538572,10.130143
720575940884949941,"28270,6011,1915",720575940935700348,"22409,3328,2752",720575940935700348,0.000000
720575940884949941,"28270,6011,1915",720575940873510206,"31190,3277,663",720575940873510206,0.000000
720575940884949941,"28270,6011,1915",720575940888148336,"41698,5563,3288",720575940888148336,0.000000
720575940884949941,"28270,6011,1915",720575940886558498,"24860,3081,2535",720575940886558498,5.000087
720575940869534222,"26977,6028,1639",720575940868783341,"29320,4453,1733",720575940868783341,0.000000
720575940869534222,"26977,6028,1639",720575940919043399,"24306,3929,1314",720575940919043399,0.000000
720575940869534222,"26977,6028,1639",720575940905401289,"27344,3514,1565",720575940905401289,34.223279
720575940869534222,"26977,6028,1639",720575940937876909,"22490,3798,2283",720575940937876909,0.000000
720575940869534222,"26977,6028,1639",720575940877168648,"24461,3600,2248",720575940877168648,0.000000
720575940869534222,"26977,6028,1639",720575940893449483,"30532,4598,1070",720575940893449483,8.749343
720575940869534222,"26977,6028,1639",720575940902330369,"25384,4074,1605",720575940902330369,0.000000
720575940869534222,"26977,6028,1639",720575940870691926,"21636,4289,2083",720575940870691926,0.000000
720575940869534222,"26977,6028,1639",720575940905126710,"23751,4351,1605",720575940905126710,0.000000
720575940869534222,"26977,6028,1639",720575940900275170,"27295,4519,1330",720575940900275170,0.000000
720575940869534222,"26977,6028,1639",720575940881834064,"29556,5160,1151",720575940881834064,0.000000
720575940869534222,"26977,6028,1639",720575940920897193,"32485,5455,1334",720575940920897193,0.000000
720575940869534222,"26977,6028,1639",720575940881834320,"44973,7063,1558",720575940881834320,33.313222
720575940869534222,"26977,6028,1639",720575940883912476,"44111,5787,1151",720575940883912476,37.763411
720575940869534222,"26977,6028,1639",720575940881949777,"13153,5700,2154",720575940881949777,0.000000
720575940869534222,"26977,6028,1639",720575940870692182,"24136,3911,1002",720575940870692182,0.000000
720575940869534222,"26977,6028,1639",720575940847595117,"41727,5321,1579",720575940847595117,0.000000
720575940869534222,"26977,6028,1639",720575940881834576,"20994,6297,2199",720575940881834576,0.000000
720575940869534222,"26977,6028,1639",720575940887754056,"37545,5805,202",720575940887754056,0.000000
720575940869534222,"26977,6028,1639",720575940877569847,"28033,3647,860",720575940877569847,60.365756
720575940869534222,"26977,6028,1639",720575940916312157,"17947,3091,2607",720575940916312157,0.000000
720575940869534222,"26977,6028,1639",720575940897166352,"37387,4317,2239",720575940897166352,0.000000
720575940869534222,"26977,6028,1639",720575940888538572,"23742,3073,2451",720575940888538572,12.061333
720575940869534222,"26977,6028,1639",720575940935700348,"22409,3328,2752",720575940935700348,0.000000
720575940869534222,"26977,6028,1639",720575940873510206,"31190,3277,663",720575940873510206,0.000000
720575940869534222,"26977,6028,1639",720575940888148336,"41698,5563,3288",720575940888148336,0.000000
720575940869534222,"26977,6028,1639",720575940886558498,"24860,3081,2535",720575940886558498,0.000000
720575940905375945,"25419,6070,1979",720575940868783341,"29320,4453,1733",720575940868783341,0.000000
720575940905375945,"25419,6070,1979",720575940919043399,"24306,3929,1314",720575940919043399,0.000000
720575940905375945,"25419,6070,1979",720575940905401289,"27344,3514,1565",720575940905401289,9.400496
720575940905375945,"25419,6070,1979",720575940937876909,"22490,3798,2283",720575940937876909,0.000000
720575940905375945,"25419,6070,1979",720575940877168648,"24461,3600,2248",720575940877168648,0.000000
720575940905375945,"25419,6070,1979",720575940893449483,"30532,4598,1070",720575940893449483,0.000000
720575940905375945,"25419,6070,1979",720575940902330369,"25384,4074,1605",720575940902330369,0.000000
720575940905375945,"25419,6070,1979",720575940870691926,"21636,4289,2083",720575940870691926,0.000000
720575940905375945,"25419,6070,1979",720575940905126710,"23751,4351,1605",720575940905126710,0.000000
720575940905375945,"25419,6070,1979",720575940900275170,"27295,4519,1330",720575940900275170,0.000000
720575940905375945,"25419,6070,1979",720575940881834064,"29556,5160,1151",720575940881834064,0.000000
720575940905375945,"25419,6070,1979",720575940920897193,"32485,5455,1334",720575940920897193,0.000000
720575940905375945,"25419,6070,1979",720575940881834320,"44973,7063,1558",720575940881834320,18.435256
720575940905375945,"25419,6070,1979",720575940883912476,"44111,5787,1151",720575940883912476,10.811709
720575940905375945,"25419,6070,1979",720575940881949777,"13153,5700,2154",720575940881949777,0.000000
720575940905375945,"25419,6070,1979",720575940870692182,"24136,3911,1002",720575940870692182,6.220043
720575940905375945,"25419,6070,1979",720575940847595117,"41727,5321,1579",720575940847595117,0.000000
720575940905375945,"25419,6070,1979",720575940881834576,"20994,6297,2199",720575940881834576,16.842358
720575940905375945,"25419,6070,1979",720575940887754056,"37545,5805,202",720575940887754056,0.000000
720575940905375945,"25419,6070,1979",720575940877569847,"28033,3647,860",720575940877569847,0.000000
720575940905375945,"25419,6070,1979",720575940916312157,"17947,3091,2607",720575940916312157,0.000000
720575940905375945,"25419,6070,1979",720575940897166352,"37387,4317,2239",720575940897166352,0.000000
720575940905375945,"25419,6070,1979",720575940888538572,"23742,3073,2451",720575940888538572,14.271309
720575940905375945,"25419,6070,1979",720575940935700348,"22409,3328,2752",720575940935700348,0.000000
720575940905375945,"25419,6070,1979",720575940873510206,"31190,3277,663",720575940873510206,0.000000
720575940905375945,"25419,6070,1979",720575940888148336,"41698,5563,3288",720575940888148336,0.000000
720575940905375945,"25419,6070,1979",720575940886558498,"24860,3081,2535",720575940886558498,38.876347
720575940904258003,"26519,5848,1963",720575940868783341,"29320,4453,1733",720575940868783341,0.000000
720575940904258003,"26519,5848,1963",720575940919043399,"24306,3929,1314",720575940919043399,0.000000
720575940904258003,"26519,5848,1963",720575940905401289,"27344,3514,1565",720575940905401289,0.000000
720575940904258003,"26519,5848,1963",720575940937876909,"22490,3798,2283",720575940937876909,0.000000
720575940904258003,"26519,5848,1963",720575940877168648,"24461,3600,2248",720575940877168648,0.000000
720575940904258003,"26519,5848,1963",720575940893449483,"30532,4598,1070",720575940893449483,0.000000
720575940904258003,"26519,5848,1963",720575940902330369,"25384,4074,1605",720575940902330369,0.000000
720575940904258003,"26519,5848,1963",720575940870691926,"21636,4289,2083",720575940870691926,0.000000
720575940904258003,"26519,5848,1963",720575940905126710,"23751,4351,1605",720575940905126710,0.000000
720575940904258003,"26519,5848,1963",720575940900275170,"27295,4519,1330",720575940900275170,0.000000
720575940904258003,"26519,5848,1963",720575940881834064,"29556,5160,1151",720575940881834064,0.000000
720575940904258003,"26519,5848,1963",720575940920897193,"32485,5455,1334",720575940920897193,0.000000
720575940904258003,"26519,5848,1963",720575940881834320,"44973,7063,1558",720575940881834320,79.338958
720575940904258003,"26519,5848,1963",720575940883912476,"44111,5787,1151",720575940883912476,31.448954
720575940904258003,"26519,5848,1963",720575940881949777,"13153,5700,2154",720575940881949777,28.761289
720575940904258003,"26519,5848,1963",720575940870692182,"24136,3911,1002",720575940870692182,0.000000
720575940904258003,"26519,5848,1963",720575940847595117,"41727,5321,1579",720575940847595117,0.000000
720575940904258003,"26519,5848,1963",720575940881834576,"20994,6297,2199",720575940881834576,0.000000
720575940904258003,"26519,5848,1963",720575940887754056,"37545,5805,202",720575940887754056,0.000000
720575940904258003,"26519,5848,1963",720575940877569847,"28033,3647,860",720575940877569847,0.000000
720575940904258003,"26519,5848,1963",720575940916312157,"17947,3091,2607",720575940916312157,0.000000
720575940904258003,"26519,5848,1963",720575940897166352,"37387,4317,2239",720575940897166352,0.000000
720575940904258003,"26519,5848,1963",720575940888538572,"23742,3073,2451",720575940888538572,0.000000
720575940904258003,"26519,5848,1963",720575940935700348,"22409,3328,2752",720575940935700348,0.000000
720575940904258003,"26519,5848,1963",720575940873510206,"31190,3277,663",720575940873510206,0.000000
720575940904258003,"26519,5848,1963",720575940888148336,"41698,5563,3288",720575940888148336,0.000000
720575940904258003,"26519,5848,1963",720575940886558498,"24860,3081,2535",720575940886558498,0.000000
720575940861407986,"26281,5263,1792",720575940868783341,"29320,4453,1733",720575940868783341,0.000000
720575940861407986,"26281,5263,1792",720575940919043399,"24306,3929,1314",720575940919043399,0.000000
720575940861407986,"26281,5263,1792",720575940905401289,"27344,3514,1565",720575940905401289,14.858234
720575940861407986,"26281,5263,1792",720575940937876909,"22490,3798,2283",720575940937876909,0.000000
720575940861407986,"26281,5263,1792",720575940877168648,"24461,3600,2248",720575940877168648,0.000000
720575940861407986,"26281,5263,1792",720575940893449483,"30532,4598,1070",720575940893449483,0.000000
720575940861407986,"26281,5263,1792",720575940902330369,"25384,4074,1605",720575940902330369,0.000000
720575940861407986,"26281,5263,1792",720575940870691926,"21636,4289,2083",720575940870691926,8.323911
720575940861407986,"26281,5263,1792",720575940905126710,"23751,4351,1605",720575940905126710,0.000000
720575940861407986,"26281,5263,1792",720575940900275170,"27295,4519,1330",720575940900275170,0.000000
720575940861407986,"26281,5263,1792",720575940881834064,"29556,5160,1151",720575940881834064,0.000000
720575940861407986,"26281,5263,1792",720575940920897193,"32485,5455,1334",720575940920897193,36.910479
720575940861407986,"26281,5263,1792",720575940881834320,"44973,7063,1558",720575940881834320,65.554983
720575940861407986,"26281,5263,1792",720575940883912476,"44111,5787,1151",720575940883912476,44.356968
720575940861407986,"26281,5263,1792",720575940881949777,"13153,5700,2154",720575940881949777,20.348468
720575940861407986,"26281,5263,1792",720575940870692182,"24136,3911,1002",720575940870692182,0.000000
720575940861407986,"26281,5263,1792",720575940847595117,"41727,5321,1579",720575940847595117,7.630979
720575940861407986,"26281,5263,1792",720575940881834576,"20994,6297,2199",720575940881834576,0.000000
720575940861407986,"26281,5263,1792",720575940887754056,"37545,5805,202",720575940887754056,50.256135
720575940861407986,"26281,5263,1792",720575940877569847,"28033,3647,860",720575940877569847,6.062947
720575940861407986,"26281,5263,1792",720575940916312157,"17947,3091,2607",720575940916312157,0.000000
720575940861407986,"26281,5263,1792",720575940897166352,"37387,4317,2239",720575940897166352,0.000000
720575940861407986,"26281,5263,1792",720575940888538572,"23742,3073,2451",720575940888538572,45.196345
720575940861407986,"26281,5263,1792",720575940935700348,"22409,3328,2752",720575940935700348,0.000000
720575940861407986,"26281,5263,1792",720575940873510206,"31190,3277,663",720575940873510206,0.000000
720575940861407986,"26281,5263,1792",720575940888148336,"41698,5563,3288",720575940888148336,0.000000
720575940861407986,"26281,5263,1792",720575940886558498,"24860,3081,2535",720575940886558498,0.000000
720575940881869307,"24668,2071,2039",720575940868783341,"29320,4453,1733",720575940868783341,0.000000
720575940881869307,"24668,2071,2039",720575940919043399,"24306,3929,1314",720575940919043399,0.000000
720575940881869307,"24668,2071,2039",720575940905401289,"27344,3514,1565",720575940905401289,0.000000
720575940881869307,"24668,2071,2039",720575940937876909,"22490,3798,2283",720575940937876909,0.000000
720575940881869307,"24668,2071,2039",720575940877168648,"24461,3600,2248",720575940877168648,0.000000
720575940881869307,"24668,2071,2039",720575940893449483,"30532,4598,1070",720575940893449483,0.000000
720575940881869307,"24668,2071,2039",720575940902330369,"25384,4074,1605",720575940902330369,0.000000
720575940881869307,"24668,2071,2039",720575940870691926,"21636,4289,2083",720575940870691926,0.000000
720575940881869307,"24668,2071,2039",720575940905126710,"23751,4351,1605",720575940905126710,0.000000
720575940881869307,"24668,2071,2039",720575940900275170,"27295,4519,1330",720575940900275170,0.000000
720575940881869307,"24668,2071,2039",720575940881834064,"29556,5160,1151",720575940881834064,0.000000
720575940881869307,"24668,2071,2039",720575940920897193,"32485,5455,1334",720575940920897193,0.000000
720575940881869307,"24668,2071,2039",720575940881834320,"44973,7063,1558",720575940881834320,0.000000
720575940881869307,"24668,2071,2039",720575940883912476,"44111,5787,1151",720575940883912476,0.000000
720575940881869307,"24668,2071,2039",720575940881949777,"13153,5700,2154",720575940881949777,0.000000
720575940881869307,"24668,2071,2039",720575940870692182,"24136,3911,1002",720575940870692182,0.000000
720575940881869307,"24668,2071,2039",720575940847595117,"41727,5321,1579",720575940847595117,0.000000
720575940881869307,"24668,2071,2039",720575940881834576,"20994,6297,2199",720575940881834576,0.000000
720575940881869307,"24668,2071,2039",720575940887754056,"37545,5805,202",720575940887754056,0.000000
720575940881869307,"24668,2071,2039",720575940877569847,"28033,3647,860",720575940877569847,0.000000
720575940881869307,"24668,2071,2039",720575940916312157,"17947,3091,2607",720575940916312157,0.000000
720575940881869307,"24668,2071,2039",720575940897166352,"37387,4317,2239",720575940897166352,0.000000
720575940881869307,"24668,2071,2039",720575940888538572,"23742,3073,2451",720575940888538572,0.000000
720575940881869307,"24668,2071,2039",720575940935700348,"22409,3328,2752",720575940935700348,6.689649
720575940881869307,"24668,2071,2039",720575940873510206,"31190,3277,663",720575940873510206,0.000000
720575940881869307,"24668,2071,2039",720575940888148336,"41698,5563,3288",720575940888148336,0.000000
720575940881869307,"24668,2071,2039",720575940886558498,"24860,3081,2535",720575940886558498,0.000000
720575940872856946,"37680,2944,147",720575940868783341,"29320,4453,1733",720575940868783341,10.373150
720575940872856946,"37680,2944,147",720575940919043399,"24306,3929,1314",720575940919043399,9.986028
720575940872856946,"37680,2944,147",720575940905401289,"27344,3514,1565",720575940905401289,35.449598
720575940872856946,"37680,2944,147",720575940937876909,"22490,3798,2283",720575940937876909,0.000000
720575940872856946,"37680,2944,147",720575940877168648,"24461,3600,2248",720575940877168648,9.686254
720575940872856946,"37680,2944,147",720575940893449483,"30532,4598,1070",720575940893449483,42.335486
720575940872856946,"37680,2944,147",720575940902330369,"25384,4074,1605",720575940902330369,39.315473
720575940872856946,"37680,2944,147",720575940870691926,"21636,4289,2083",720575940870691926,48.706076
720575940872856946,"37680,2944,147",720575940905126710,"23751,4351,1605",720575940905126710,10.578724
720575940872856946,"37680,2944,147",720575940900275170,"27295,4519,1330",720575940900275170,0.000000
720575940872856946,"37680,2944,147",720575940881834064,"29556,5160,1151",720575940881834064,15.087091
720575940872856946,"37680,2944,147",720575940920897193,"32485,5455,1334",720575940920897193,0.000000
720575940872856946,"37680,2944,147",720575940881834320,"44973,7063,1558",720575940881834320,0.000000
720575940872856946,"37680,2944,147",720575940883912476,"44111,5787,1151",720575940883912476,0.000000
720575940872856946,"37680,2944,147",720575940881949777,"13153,5700,2154",720575940881949777,14.643082
720575940872856946,"37680,2944,147",720575940870692182,"24136,3911,1002",720575940870692182,157.461545
720575940872856946,"37680,2944,147",720575940847595117,"41727,5321,1579",720575940847595117,0.000000
720575940872856946,"37680,2944,147",720575940881834576,"20994,6297,2199",720575940881834576,0.000000
720575940872856946,"37680,2944,147",720575940887754056,"37545,5805,202",720575940887754056,5.175457
720575940872856946,"37680,2944,147",720575940877569847,"28033,3647,860",720575940877569847,66.103606
720575940872856946,"37680,2944,147",720575940916312157,"17947,3091,2607",720575940916312157,76.414362
720575940872856946,"37680,2944,147",720575940897166352,"37387,4317,2239",720575940897166352,11.746536
720575940872856946,"37680,2944,147",720575940888538572,"23742,3073,2451",720575940888538572,194.398815
720575940872856946,"37680,2944,147",720575940935700348,"22409,3328,2752",720575940935700348,152.420135
720575940872856946,"37680,2944,147",720575940873510206,"31190,3277,663",720575940873510206,6.151332
720575940872856946,"37680,2944,147",720575940888148336,"41698,5563,3288",720575940888148336,0.000000
720575940872856946,"37680,2944,147",720575940886558498,"24860,3081,2535",720575940886558498,64.530011
720575940900244450,"4165,2175,1752",720575940868783341,"29320,4453,1733",720575940868783341,0.000000
720575940900244450,"4165,2175,1752",720575940919043399,"24306,3929,1314",720575940919043399,0.000000
720575940900244450,"4165,2175,1752",720575940905401289,"27344,3514,1565",720575940905401289,0.000000
720575940900244450,"4165,2175,1752",720575940937876909,"22490,3798,2283",720575940937876909,0.000000
720575940900244450,"4165,2175,1752",720575940877168648,"24461,3600,2248",720575940877168648,0.000000
720575940900244450,"4165,2175,1752",720575940893449483,"30532,4598,1070",720575940893449483,0.000000
720575940900244450,"4165,2175,1752",720575940902330369,"25384,4074,1605",720575940902330369,0.000000
720575940900244450,"4165,2175,1752",720575940870691926,"21636,4289,2083",720575940870691926,0.000000
720575940900244450,"4165,2175,1752",720575940905126710,"23751,4351,1605",720575940905126710,0.000000
720575940900244450,"4165,2175,1752",720575940900275170,"27295,4519,1330",720575940900275170,0.000000
720575940900244450,"4165,2175,1752",720575940881834064,"29556,5160,1151",720575940881834064,0.000000
720575940900244450,"4165,2175,1752",720575940920897193,"32485,5455,1334",720575940920897193,0.000000
720575940900244450,"4165,2175,1752",720575940881834320,"44973,7063,1558",720575940881834320,0.000000
720575940900244450,"4165,2175,1752",720575940883912476,"44111,5787,1151",720575940883912476,0.000000
720575940900244450,"4165,2175,1752",720575940881949777,"13153,5700,2154",720575940881949777,0.000000
720575940900244450,"4165,2175,1752",720575940870692182,"24136,3911,1002",720575940870692182,0.000000
720575940900244450,"4165,2175,1752",720575940847595117,"41727,5321,1579",720575940847595117,0.000000
720575940900244450,"4165,2175,1752",720575940881834576,"20994,6297,2199",720575940881834576,0.000000
720575940900244450,"4165,2175,1752",720575940887754056,"37545,5805,202",720575940887754056,0.000000
720575940900244450,"4165,2175,1752",720575940877569847,"28033,3647,860",720575940877569847,0.000000
720575940900244450,"4165,2175,1752",720575940916312157,"17947,3091,2607",720575940916312157,48.378189
720575940900244450,"4165,2175,1752",720575940897166352,"37387,4317,2239",720575940897166352,101.769991
720575940900244450,"4165,2175,1752",720575940888538572,"23742,3073,2451",720575940888538572,30.931844
720575940900244450,"4165,2175,1752",720575940935700348,"22409,3328,2752",720575940935700348,31.386149
720575940900244450,"4165,2175,1752",720575940873510206,"31190,3277,663",720575940873510206,0.000000
720575940900244450,"4165,2175,1752",720575940888148336,"41698,5563,3288",720575940888148336,0.000000
720575940900244450,"4165,2175,1752",720575940886558498,"24860,3081,2535",720575940886558498,36.866973
720575940851372659,"17972,2341,3227",720575940868783341,"29320,4453,1733",720575940868783341,0.000000
720575940851372659,"17972,2341,3227",720575940919043399,"24306,3929,1314",720575940919043399,0.000000
720575940851372659,"17972,2341,3227",720575940905401289,"27344,3514,1565",720575940905401289,0.000000
720575940851372659,"17972,2341,3227",720575940937876909,"22490,3798,2283",720575940937876909,0.000000
720575940851372659,"17972,2341,3227",720575940877168648,"24461,3600,2248",720575940877168648,0.000000
720575940851372659,"17972,2341,3227",720575940893449483,"30532,4598,1070",720575940893449483,0.000000
720575940851372659,"17972,2341,3227",720575940902330369,"25384,4074,1605",720575940902330369,0.000000
720575940851372659,"17972,2341,3227",720575940870691926,"21636,4289,2083",720575940870691926,0.000000
720575940851372659,"17972,2341,3227",720575940905126710,"23751,4351,1605",720575940905126710,0.000000
720575940851372659,"17972,2341,3227",720575940900275170,"27295,4519,1330",720575940900275170,0.000000
720575940851372659,"17972,2341,3227",720575940881834064,"29556,5160,1151",720575940881834064,0.000000
720575940851372659,"17972,2341,3227",720575940920897193,"32485,5455,1334",720575940920897193,0.000000
720575940851372659,"17972,2341,3227",720575940881834320,"44973,7063,1558",720575940881834320,0.000000
720575940851372659,"17972,2341,3227",720575940883912476,"44111,5787,1151",720575940883912476,0.000000
720575940851372659,"17972,2341,3227",720575940881949777,"13153,5700,2154",720575940881949777,0.000000
720575940851372659,"17972,2341,3227",720575940870692182,"24136,3911,1002",720575940870692182,0.000000
720575940851372659,"17972,2341,3227",720575940847595117,"41727,5321,1579",720575940847595117,0.000000
720575940851372659,"17972,2341,3227",720575940881834576,"20994,6297,2199",720575940881834576,0.000000
720575940851372659,"17972,2341,3227",720575940887754056,"37545,5805,202",720575940887754056,0.000000
720575940851372659,"17972,2341,3227",720575940877569847,"28033,3647,860",720575940877569847,24.077607
720575940851372659,"17972,2341,3227",720575940916312157,"17947,3091,2607",720575940916312157,0.000000
720575940851372659,"17972,2341,3227",720575940897166352,"37387,4317,2239",720575940897166352,0.000000
720575940851372659,"17972,2341,3227",720575940888538572,"23742,3073,2451",720575940888538572,50.289208
720575940851372659,"17972,2341,3227",720575940935700348,"22409,3328,2752",720575940935700348,19.545959
720575940851372659,"17972,2341,3227",720575940873510206,"31190,3277,663",720575940873510206,0.000000
720575940851372659,"17972,2341,3227",720575940888148336,"41698,5563,3288",720575940888148336,0.000000
720575940851372659,"17972,2341,3227",720575940886558498,"24860,3081,2535",720575940886558498,9.370483
