pre_pt_root_id,post_pt_root_id,syn_count
720575940964350630,720575940902363320,18
720575940892182114,720575940869534222,14
720575940917544555,720575940887704904,13
720575940892219134,720575940893392149,12
720575940917544555,720575940910198206,11
720575940892219134,720575940888787983,11
720575940937868973,720575940894642644,10
720575940893347043,720575940906444529,10
720575940937868973,720575940909235164,10
720575940920893096,720575940901942768,10
720575940920893096,720575940892234402,9
720575940937868973,720575940887704904,9
720575940964350630,720575940894642900,9
720575940882552357,720575940901960430,8
720575940917544555,720575940913511793,8
720575940917544555,720575940909767384,8
720575940865475999,720575940888966838,8
720575940937869485,720575940925743686,8
720575940910977441,720575940886931959,8
720575940917544555,720575940944477462,8
720575940910977441,720575940918990151,8
720575940917544555,720575940891165110,7
720575940884783674,720575940890045752,7
720575940917544555,720575940895156153,7
720575940880937361,720575940922765354,7
720575940892182114,720575940909046256,7
720575940892182114,720575940935616790,7
720575940926223502,720575940922958792,7
720575940910977441,720575940918770481,7
720575940900331385,720575940891746215,7
720575940964350630,720575940909235164,7
720575940910977441,720575940891163574,7
720575940937869485,720575940909767384,7
720575940892219134,720575940898490867,7
720575940892219134,720575940889352630,7
720575940930896973,720575940900287353,7
720575940894738697,720575940911728368,7
720575940865475999,720575940932756628,6
720575940892182114,720575940898796992,6
720575940922033216,720575940880372359,6
720575940892182114,720575940911560177,6
720575940917544555,720575940941909014,6
720575940917544555,720575940906463089,6
720575940894738697,720575940886687198,6
720575940935686268,720575940887305927,6
720575940930896973,720575940894642644,6
720575940937868973,720575940889178038,6
720575940964350630,720575940909767384,6
720575940964350630,720575940917058364,6
720575940964350630,720575940906445552,6
720575940884783418,720575940880372359,6
720575940926223502,720575940902671774,6
720575940884783674,720575940906497984,6
720575940884783674,720575940881926778,6
720575940900331385,720575940897114128,5
720575940935686268,720575940914246680,5
720575940892240546,720575940892205986,5
720575940884783418,720575940918990151,5
720575940917544555,720575940917058364,5
720575940935686268,720575940919045143,5
720575940893347043,720575940907463664,5
720575940880937361,720575940924436802,5
720575940880937361,720575940875191611,5
720575940937868973,720575940861406706,5
720575940884783418,720575940910624444,5
720575940882552357,720575940921986112,5
720575940937869485,720575940904258003,5
720575940917544555,720575940942809622,5
720575940892219134,720575940928249515,5
720575940920893096,720575940886871485,5
720575940892240546,720575940878256683,5
720575940884783418,720575940927215328,5
720575940937868973,720575940940896383,5
720575940917544555,720575940958593702,5
720575940900331385,720575940871491897,5
720575940937868973,720575940909767384,5
720575940892182114,720575940890230379,5
720575940937869485,720575940893336509,5
720575940880937361,720575940896107251,5
720575940917544555,720575940898864177,5
720575940964350630,720575940894642644,5
720575940935686268,720575940912153840,5
720575940923002056,720575940922342166,5
720575940892240546,720575940897112080,5
720575940884783674,720575940906776049,5
720575940937868973,720575940879973250,5
720575940880937361,720575940889823926,5
720575940964350630,720575940919600645,5
720575940865475999,720575940895921885,5
720575940910977441,720575940922958792,5
720575940920893096,720575940889862326,4
720575940894738697,720575940901922030,4
720575940892240546,720575940890619599,4
720575940920893096,720575940897328830,4
720575940910977441,720575940914869232,4
720575940920893096,720575940893606643,4
720575940917544555,720575940897490737,4
720575940894738697,720575940892234402,4
720575940893347043,720575940886902973,4
720575940893347043,720575940895946398,4
720575940880937361,720575940926174688,4
720575940935686268,720575940900807920,4
720575940917544555,720575940901863702,4
720575940893347043,720575940892205986,4
720575940917544555,720575940889155254,4
720575940935686268,720575940898054590,4
720575940880937361,720575940913509360,4
720575940917544555,720575940909235164,4
720575940917544555,720575940942998872,4
720575940917544555,720575940912653758,4
720575940917544555,720575940884226929,4
720575940917544555,720575940919600645,4
720575940893347043,720575940964329638,4
720575940894738697,720575940884583646,4
720575940892240290,720575940927215328,4
720575940882552357,720575940889728101,4
720575940892240546,720575940874468318,4
720575940917544555,720575940932926230,4
720575940926223502,720575940880372359,4
720575940900331385,720575940899356801,4
720575940964350630,720575940886478046,4
720575940892219134,720575940895156153,4
720575940892219134,720575940902363320,4
720575940926223502,720575940918770481,4
720575940937869485,720575940933568278,4
720575940892219134,720575940909767128,4
720575940892219134,720575940909767384,4
720575940910977441,720575940893408011,4
720575940910977441,720575940883087710,4
720575940892219134,720575940912041026,4
720575940964350630,720575940879973250,4
720575940884783162,720575940915684544,4
720575940930896973,720575940919600645,4
720575940900331385,720575940903784811,4
720575940865475999,720575940892570484,4
720575940900331385,720575940925324895,4
720575940865475999,720575940887870909,4
720575940920893096,720575940907730673,4
720575940884783418,720575940886931959,4
720575940884783418,720575940887087578,4
720575940865475999,720575940881962846,4
720575940964350630,720575940913511793,4
720575940901832423,720575940878642654,4
720575940922033216,720575940882077216,4
720575940923002056,720575940893873415,4
720575940926223502,720575940893408011,4
720575940901832423,720575940908339392,4
720575940917544555,720575940895692729,3
720575940923002056,720575940909692632,3
720575940917544555,720575940897593817,3
720575940923002056,720575940892628209,3
720575940930896973,720575940878109763,3
720575940930896973,720575940880484537,3
720575940926223502,720575940931170655,3
720575940917544555,720575940897076153,3
720575940920893096,720575940906445552,3
720575940917544555,720575940890750708,3
720575940923002056,720575940911425471,3
720575940917544555,720575940894642644,3
720575940890119224,720575940893122730,3
720575940884783674,720575940914163952,3
720575940935686268,720575940912591238,3
720575940884783674,720575940879243835,3
720575940882552357,720575940864403724,3
720575940917544555,720575940882682055,3
720575940926223246,720575940899256770,3
720575940926223246,720575940905244440,3
720575940926223246,720575940915967584,3
720575940884783418,720575940898595953,3
720575940926223246,720575940921986112,3
720575940926223502,720575940862185831,3
720575940930896973,720575940881994874,3
720575940892182114,720575940921740054,3
720575940892182114,720575940902001648,3
720575940882552357,720575940915967584,3
720575940935686268,720575940889440369,3
720575940920893096,720575940889574582,3
720575940922033216,720575940893408011,3
720575940922033216,720575940891163574,3
720575940920893096,720575940890045752,3
720575940892240546,720575940898054590,3
720575940882552357,720575940894593779,3
720575940882552357,720575940915217983,3
720575940935686268,720575940900124403,3
720575940920893096,720575940896872266,3
720575940922033216,720575940862185831,3
720575940920893096,720575940933568278,3
720575940920893096,720575940926094102,3
720575940882552357,720575940899256770,3
720575940920893096,720575940901937904,3
720575940920893096,720575940914716797,3
720575940930896973,720575940942887446,3
720575940892219134,720575940927080472,3
720575940930896973,720575940917035664,3
720575940882552357,720575940890761726,3
720575940892182114,720575940906463936,3
720575940892240290,720575940893122730,3
720575940917544555,720575940907748337,3
720575940930896973,720575940893232061,3
720575940892182114,720575940926045716,3
720575940930896973,720575940898349122,3
720575940917544555,720575940909624572,3
720575940892219134,720575940873758833,3
720575940922033216,720575940918770481,3
720575940917544555,720575940915591822,3
720575940930896973,720575940910198206,3
720575940892219134,720575940903905470,3
720575940892219134,720575940909235164,3
720575940930896973,720575940915491862,3
720575940930896973,720575940915908674,3
720575940930896973,720575940959922964,3
720575940917544555,720575940894092643,3
720575940900331385,720575940900807920,3
720575940937868973,720575940944477462,3
720575940901832423,720575940887090394,3
720575940964350630,720575940883395678,3
720575940894738697,720575940898749625,3
720575940910977441,720575940862185831,3
720575940901832423,720575940893248075,3
720575940880937361,720575940906087739,3
720575940937869485,720575940861407986,3
720575940865475999,720575940903632447,3
720575940901832423,720575940895579888,3
720575940880937361,720575940897074873,3
720575940893347043,720575940911443569,3
720575940880937361,720575940913489136,3
720575940901832423,720575940898825459,3
720575940937868973,720575940913511793,3
720575940937868973,720575940910484883,3
720575940937868973,720575940909692632,3
720575940893347043,720575940893051837,3
720575940937868973,720575940900287353,3
720575940865475999,720575940911451261,3
720575940910977441,720575940880372359,3
720575940964350630,720575940900287353,3
720575940880937361,720575940864293947,3
720575940937869485,720575940909767128,3
720575940937869485,720575940910638251,3
720575940910977441,720575940890673908,3
720575940900331385,720575940917746083,3
720575940910977441,720575940895784723,3
720575940910977441,720575940887087578,3
720575940937869485,720575940902801651,3
720575940900331385,720575940936729876,3
720575940880937361,720575940889270471,3
720575940937869485,720575940947927830,3
720575940900331385,720575940941563158,3
720575940900331385,720575940888440780,3
720575940901832423,720575940872199134,3
720575940900331385,720575940884031660,3
720575940901832423,720575940872283870,3
720575940865475999,720575940963367188,3
720575940900331385,720575940859567767,3
720575940894738697,720575940957388564,3
720575940964350630,720575940898490867,3
720575940893347043,720575940924768607,3
720575940865475999,720575940884949941,3
720575940937868973,720575940891165110,3
720575940937868973,720575940898786694,3
720575940901832423,720575940912795632,3
720575940937868973,720575940897076153,3
720575940964350630,720575940905492926,3
720575940901832423,720575940914641088,3
720575940892240546,720575940923617372,3
720575940901832423,720575940915714473,2
720575940901832423,720575940873770847,2
720575940901832423,720575940874922891,2
720575940892182114,720575940921433107,2
720575940892182114,720575940916541206,2
720575940892182114,720575940915638040,2
720575940923001544,720575940885713959,2
720575940901832423,720575940914050800,2
720575940926223246,720575940915684544,2
720575940892182114,720575940914317163,2
720575940901832423,720575940875120983,2
720575940884783418,720575940903642175,2
720575940901832423,720575940914016958,2
720575940923002056,720575940862185831,2
720575940910977441,720575940879996034,2
720575940892182114,720575940906955389,2
720575940923002056,720575940871491897,2
720575940910977441,720575940878451295,2
720575940923002056,720575940873430847,2
720575940926223502,720575940878055072,2
720575940923002056,720575940882077216,2
720575940923002056,720575940882988894,2
720575940892182114,720575940902190320,2
720575940901832423,720575940883104222,2
720575940923002056,720575940886508254,2
720575940884783418,720575940910740368,2
720575940923002056,720575940886931959,2
720575940892219134,720575940910198206,2
720575940910977441,720575940882337875,2
720575940910977441,720575940890102123,2
720575940892182114,720575940939892007,2
720575940884783418,720575940890431926,2
720575940926223502,720575940862549791,2
720575940900331385,720575940920015345,2
720575940892219134,720575940902184070,2
720575940892219134,720575940900287353,2
720575940892219134,720575940899068529,2
720575940922033216,720575940910624444,2
720575940884783418,720575940889215863,2
720575940892219134,720575940898197826,2
720575940901832423,720575940914822569,2
720575940892219134,720575940895080829,2
720575940892219134,720575940894948120,2
720575940892219134,720575940894642644,2
720575940910977441,720575940886300676,2
720575940892219134,720575940847431584,2
720575940926223502,720575940852207672,2
720575940892219134,720575940891165110,2
720575940884783418,720575940891163574,2
720575940901832423,720575940871446073,2
720575940901832423,720575940924436802,2
720575940884783418,720575940893408011,2
720575940926223502,720575940784674378,2
720575940892219134,720575940882594270,2
720575940892219134,720575940879973250,2
720575940884783418,720575940894305600,2
720575940884783418,720575940911489532,2
720575940901832423,720575940930760575,2
720575940901832423,720575940915744169,2
720575940884783674,720575940881833822,2
720575940892182114,720575940900285169,2
720575940901832423,720575940899514795,2
720575940884783418,720575940927023192,2
720575940923002056,720575940932756628,2
720575940923002056,720575940933251196,2
720575940923002056,720575940947927830,2
720575940923002056,720575940964253350,2
720575940926223246,720575940887536857,2
720575940890119224,720575940896375795,2
720575940901832423,720575940898866675,2
720575940926223246,720575940814603274,2
720575940926223246,720575940838320237,2
720575940884783674,720575940796031940,2
720575940884783674,720575940914166512,2
720575940926223246,720575940883808406,2
720575940884783674,720575940913448561,2
720575940890119224,720575940916569256,2
720575940901832423,720575940899567024,2
720575940901832423,720575940901090752,2
720575940901832423,720575940901976768,2
720575940884783674,720575940905467357,2
720575940884783674,720575940904067757,2
720575940884783674,720575940903739565,2
720575940901832423,720575940904150955,2
720575940926223246,720575940883801238,2
720575940884783674,720575940896414909,2
720575940901832423,720575940907027856,2
720575940884783674,720575940886931959,2
720575940884783674,720575940884583646,2
720575940884783674,720575940882531294,2
720575940923002056,720575940921433875,2
720575940923002056,720575940915684544,2
720575940923002056,720575940887704904,2
720575940901832423,720575940893979819,2
720575940901832423,720575940891422128,2
720575940910977441,720575940862549791,2
720575940892182114,720575940895670771,2
720575940926223246,720575940894731481,2
720575940892182114,720575940890952862,2
720575940901832423,720575940912409328,2
720575940923002056,720575940898726078,2
720575940892182114,720575940889899702,2
720575940892182114,720575940889862326,2
720575940884783418,720575940918770481,2
720575940892182114,720575940887428295,2
720575940892182114,720575940886760125,2
720575940923002056,720575940900287353,2
720575940892182114,720575940886298038,2
720575940923002056,720575940914249791,2
720575940892182114,720575940883874505,2
720575940892182114,720575940882676062,2
720575940901832423,720575940908967920,2
720575940926223246,720575940893386005,2
720575940884783418,720575940922958792,2
720575940900331385,720575940907731441,2
720575940892182114,720575940881838174,2
720575940926223246,720575940891148127,2
720575940901832423,720575940897343490,2
720575940901832423,720575940897899714,2
720575940901832423,720575940898244025,2
720575940892182114,720575940827981534,2
720575940884783418,720575940926116884,2
720575940892219134,720575940911527104,2
720575940892240546,720575940899356801,2
720575940900331385,720575940907662577,2
720575940917544555,720575940896631481,2
720575940917544299,720575940869052344,2
720575940893347043,720575940889824694,2
720575940884783418,720575940882077216,2
720575940917544555,720575940893924797,2
720575940917544555,720575940893392149,2
720575940917544555,720575940892628209,2
720575940892240290,720575940910575385,2
720575940892240290,720575940911361470,2
720575940893347043,720575940889823926,2
720575940917544299,720575940873065787,2
720575940892240290,720575940913033349,2
720575940893347043,720575940881916923,2
720575940917544555,720575940887954109,2
720575940893347043,720575940881226078,2
720575940917544299,720575940884900858,2
720575940917544555,720575940895426489,2
720575940893347043,720575940895222717,2
720575940917544299,720575940889728101,2
720575940893347043,720575940895732669,2
720575940917544555,720575940911454705,2
720575940892240290,720575940886931959,2
720575940917544299,720575940823457578,2
720575940893347043,720575940910864064,2
720575940893347043,720575940907993073,2
720575940893347043,720575940903784811,2
720575940917544555,720575940907647217,2
720575940892240290,720575940892627676,2
720575940893347043,720575940902815729,2
720575940893347043,720575940901484139,2
720575940917544555,720575940905389811,2
720575940917544555,720575940903706403,2
720575940893347043,720575940900807920,2
720575940917544555,720575940897982961,2
720575940893347043,720575940897425085,2
720575940892240290,720575940914869232,2
720575940917544555,720575940886478046,2
720575940892219134,720575940912485954,2
720575940917544299,720575940924630597,2
720575940917544299,720575940920833705,2
720575940892240546,720575940888645046,2
720575940892240546,720575940919045143,2
720575940892240546,720575940889000886,2
720575940892240546,720575940889008822,2
720575940917544299,720575940892957916,2
720575940917544299,720575940899256770,2
720575940892240546,720575940892304907,2
720575940892240546,720575940894229252,2
720575940892240546,720575940895147901,2
720575940917544299,720575940916662594,2
720575940917544299,720575940915531157,2
720575940892240546,720575940907015721,2
720575940892240546,720575940897347842,2
720575940892240546,720575940897374466,2
720575940892240546,720575940886902973,2
720575940917544299,720575940932942507,2
720575940892240290,720575940916891773,2
720575940892240546,720575940882080634,2
720575940917544555,720575940884895588,2
720575940917544299,720575940890739987,2
720575940917544555,720575940884176302,2
720575940917544555,720575940883395678,2
720575940892240546,720575940939235160,2
720575940892240546,720575940924436802,2
720575940917544555,720575940881996832,2
720575940917544555,720575940881567427,2
720575940917544555,720575940881297118,2
720575940917544555,720575940880924766,2
720575940917544555,720575940878600030,2
720575940917544555,720575940863639804,2
720575940917544555,720575940809760869,2
720575940892240546,720575940874945761,2
720575940892240546,720575940920406187,2
720575940892240290,720575940885489821,2
720575940893347043,720575940920495128,2
720575940893347043,720575940927211084,2
720575940910977441,720575940897973314,2
720575940900331385,720575940889440369,2
720575940892240034,720575940864403724,2
720575940900331385,720575940885726878,2
720575940920893096,720575940931833183,2
720575940892240034,720575940884318163,2
720575940920893096,720575940923747606,2
720575940920893096,720575940923697686,2
720575940920893096,720575940917058364,2
720575940900331385,720575940878256683,2
720575940920893096,720575940914150896,2
720575940920893096,720575940912382704,2
720575940920893096,720575940911451261,2
720575940900331385,720575940877109512,2
720575940900331385,720575940875151959,2
720575940920893096,720575940902190320,2
720575940910977441,720575940898808307,2
720575940922033216,720575940887087578,2
720575940917544555,720575940925913624,2
720575940900331385,720575940897026494,2
720575940922033216,720575940908955005,2
720575940900331385,720575940907468990,2
720575940900331385,720575940907463664,2
720575940892219134,720575940924475307,2
720575940910977441,720575940895253433,2
720575940900331385,720575940902774127,2
720575940922033216,720575940902671774,2
720575940892219134,720575940940896383,2
720575940892240546,720575940901346095,2
720575940892219134,720575940942898008,2
720575940892219134,720575940962896404,2
720575940922033216,720575940897927106,2
720575940900331385,720575940899162172,2
720575940922033216,720575940892807187,2
720575940910977441,720575940896699200,2
720575940910977441,720575940910624444,2
720575940920893096,720575940899065328,2
720575940920893096,720575940898865907,2
720575940920893096,720575940898864883,2
720575940892240290,720575940859328356,2
720575940920893096,720575940881381375,2
720575940892240290,720575940864601927,2
720575940894738697,720575940898223815,2
720575940910977441,720575940923240748,2
720575940917544555,720575940943280004,2
720575940910977441,720575940927215328,2
720575940910977441,720575940930097028,2
720575940910977441,720575940930859103,2
720575940892240290,720575940880372359,2
720575940894738697,720575940879810013,2
720575940917544555,720575940939853956,2
720575940892240290,720575940880851300,2
720575940917544555,720575940935810470,2
720575940894738697,720575940875046655,2
720575940920893096,720575940884583646,2
720575940910977441,720575940918795470,2
720575940894738697,720575940901560048,2
720575940892240034,720575940921267230,2
720575940892240034,720575940913551420,2
720575940894738697,720575940948803238,2
720575940910977441,720575940916471618,2
720575940894738697,720575940917687574,2
720575940920893096,720575940894197488,2
720575940892240034,720575940920833705,2
720575940910977441,720575940917122068,2
720575940894738697,720575940902315192,2
720575940892240034,720575940929682209,2
720575940920893096,720575940891860624,2
720575940920893096,720575940891829904,2
720575940910977441,720575940917399089,2
720575940894738697,720575940908127216,2
720575940894738697,720575940907967216,2
720575940964350630,720575940962986772,2
720575940901832423,720575940923657820,2
720575940884783418,720575940881814355,2
720575940930896973,720575940888275779,2
720575940937869485,720575940933768470,2
720575940937868973,720575940879473758,2
720575940930896973,720575940887704904,2
720575940880937361,720575940897114128,2
720575940937868973,720575940881994874,2
720575940884783162,720575940941089388,2
720575940937868973,720575940882916190,2
720575940937868973,720575940926094102,2
720575940935686268,720575940885018590,2
720575940937869485,720575940919095830,2
720575940882552357,720575940896216503,2
720575940882552357,720575940896746347,2
720575940880937361,720575940873404478,2
720575940930896973,720575940944477462,2
720575940937868973,720575940886508254,2
720575940884783162,720575940921033108,2
720575940882552357,720575940807128855,2
720575940937868973,720575940878109763,2
720575940882552357,720575940823622992,2
720575940937868973,720575940888926065,2
720575940926223502,720575940898808307,2
720575940884783162,720575940855991227,2
720575940935686268,720575940942726678,2
720575940882552357,720575940891568915,2
720575940930896973,720575940895692729,2
720575940865475999,720575940922342166,2
720575940930896973,720575940925781134,2
720575940937868973,720575940932926230,2
720575940964350630,720575940874342365,2
720575940930896973,720575940940896383,2
720575940930896973,720575940893392149,2
720575940937869485,720575940963367188,2
720575940937868973,720575940861407986,2
720575940926223502,720575940898407326,2
720575940937869485,720575940886391485,2
720575940865475999,720575940937011988,2
720575940865475999,720575940940051476,2
720575940930896973,720575940890264989,2
720575940880937361,720575940874162654,2
720575940880937361,720575940917746083,2
720575940865475999,720575940909383870,2
720575940937868973,720575940895114685,2
720575940880937361,720575940943467908,2
720575940882552357,720575940906297413,2
720575940880937361,720575940892000199,2
720575940880937361,720575940887800007,2
720575940937868973,720575940898161849,2
720575940937869485,720575940898835143,2
720575940926223502,720575940910532080,2
720575940926223502,720575940919055224,2
720575940937869485,720575940897981681,2
720575940880937361,720575940889913320,2
720575940937868973,720575940899829314,2
720575940884783162,720575940903910063,2
720575940926223502,720575940910624444,2
720575940926223502,720575940910937249,2
720575940937869485,720575940897692267,2
720575940937868973,720575940899353473,2
720575940880937361,720575940890672591,2
720575940880937361,720575940887043290,2
720575940880937361,720575940885647712,2
720575940882552357,720575940800278369,2
720575940882552357,720575940904044098,2
720575940935686268,720575940881675358,2
720575940937869485,720575940909235164,2
720575940926223502,720575940907557884,2
720575940880937361,720575940924481346,2
720575940882552357,720575940916675094,2
720575940926223502,720575940908926000,2
720575940937868973,720575940903905470,2
720575940926223502,720575940939699013,2
720575940882552357,720575940903300877,2
720575940880937361,720575940882707550,2
720575940930896973,720575940907635185,2
720575940880937361,720575940884031660,2
720575940937868973,720575940892305285,2
720575940926223502,720575940934810283,2
720575940937868973,720575940902979453,2
720575940880937361,720575940884829662,2
720575940926223502,720575940923370388,2
720575940880937361,720575940898492147,2
720575940930896973,720575940889155254,2
720575940882552357,720575940888990397,2
720575940935686268,720575940898557586,2
720575940882552357,720575940865749974,2
720575940865475999,720575940883176286,2
720575940865475999,720575940896837442,2
720575940865475999,720575940897981681,2
720575940964350630,720575940897076153,2
720575940964350630,720575940896430009,2
720575940937869485,720575940879973250,2
720575940935686268,720575940902774127,2
720575940930896973,720575940915568533,2
720575940884783162,720575940813450748,2
720575940964350630,720575940894562800,2
720575940865475999,720575940882968158,2
720575940882552357,720575940941089388,2
720575940882552357,720575940934670356,2
720575940930896973,720575940897593817,2
720575940935686268,720575940902682175,2
720575940935686268,720575940924156549,2
720575940882552357,720575940876350920,2
720575940964350630,720575940909767128,2
720575940882552357,720575940876620864,2
720575940926223502,720575940886285610,2
720575940926223502,720575940887087578,2
720575940926223502,720575940886246698,2
720575940964350630,720575940901863702,2
720575940930896973,720575940912041026,2
720575940865475999,720575940884681274,2
720575940882552357,720575940874810078,2
720575940935686268,720575940899401005,2
720575940865475999,720575940886362334,2
720575940937869485,720575940878317918,2
720575940930896973,720575940898490867,2
720575940935686268,720575940914387600,2
720575940926223502,720575940882077216,2
720575940880937361,720575940902334085,2
720575940865475999,720575940907770609,2
720575940930896973,720575940909767384,2
720575940884783162,720575940855647126,2
720575940882552357,720575940855325697,2
720575940882552357,720575940927208416,2
720575940882552357,720575940886477060,2
720575940882552357,720575940886414568,2
720575940935686268,720575940931025796,2
720575940880937361,720575940899356801,2
720575940937869485,720575940870185859,2
720575940935686268,720575940897063609,2
720575940964350630,720575940885980574,2
720575940882552357,720575940856232826,2
720575940937869485,720575940880328071,2
720575940865475999,720575940903759679,2
720575940926223502,720575940886931959,2
720575940964350630,720575940923624518,2
720575940964350630,720575940890750708,2
720575940882552357,720575940881980977,2
720575940930896973,720575940896631481,2
720575940882552357,720575940882949922,2
720575940964350630,720575940915568533,2
720575940884783162,720575940850666368,2
720575940917544299,720575940679853898,1
720575940917544299,720575940877275098,1
720575940917544299,720575940880237998,1
720575940917544299,720575940881425320,1
720575940917544299,720575940881600406,1
720575940917544299,720575940799126606,1
720575940917544299,720575940795111885,1
720575940917544299,720575940869204920,1
720575940917544299,720575940673452262,1
720575940917544299,720575940866903719,1
720575940917544299,720575940872078989,1
720575940917544299,720575940793654785,1
720575940917544299,720575940874786363,1
720575940917544299,720575940875714720,1
720575940917544299,720575940872816646,1
720575940917544299,720575940872925189,1
720575940937868973,720575940902363320,1
720575940917544299,720575940879336616,1
720575940937868973,720575940899861950,1
720575940917544299,720575940878819572,1
720575940917544299,720575940794357407,1
720575940917544299,720575940878858036,1
720575940917544299,720575940875479456,1
720575940917544299,720575940743347636,1
720575940917544299,720575940792805932,1
720575940917544299,720575940873349850,1
720575940917544299,720575940877528375,1
720575940937868973,720575940910198206,1
720575940917544299,720575940806176750,1
720575940937868973,720575940948326054,1
720575940917544299,720575940854321826,1
720575940917544299,720575940854162027,1
720575940937868973,720575940928249515,1
720575940917544299,720575940853815792,1
720575940917544299,720575940852997614,1
720575940917544299,720575940816615931,1
720575940917544299,720575940817058961,1
720575940937868973,720575940928736388,1
720575940917544299,720575940817060241,1
720575940917544299,720575940882335089,1
720575940937868973,720575940929633257,1
720575940937868973,720575940934635286,1
720575940937868973,720575940933568278,1
720575940917544299,720575940850409241,1
720575940917544299,720575940850159427,1
720575940917544299,720575940850093369,1
720575940937868973,720575940933009574,1
720575940917544299,720575940824297465,1
720575940917544299,720575940829683678,1
720575940937868973,720575940918700942,1
720575940917544299,720575940854476801,1
720575940917544299,720575940815799561,1
720575940937868973,720575940909767128,1
720575940917544299,720575940866756363,1
720575940937868973,720575940903706403,1
720575940917544299,720575940866666507,1
720575940917544299,720575940864403724,1
720575940917544299,720575940864114231,1
720575940917544299,720575940863676601,1
720575940937868973,720575940942964056,1
720575940917544299,720575940863228476,1
720575940917544299,720575940863214050,1
720575940937868973,720575940912485954,1
720575940917544299,720575940848716622,1
720575940917544299,720575940861233873,1
720575940917544299,720575940860431647,1
720575940917544299,720575940858964946,1
720575940917544299,720575940809518278,1
720575940937868973,720575940939853956,1
720575940917544299,720575940856124946,1
720575940917544299,720575940855603815,1
720575940917544299,720575940881989664,1
720575940917544299,720575940893386005,1
720575940917544299,720575940882362993,1
720575940935686268,720575940939463812,1
720575940917544555,720575940878460126,1
720575940917544555,720575940869030091,1
720575940917544555,720575940868836021,1
720575940917544555,720575940863043230,1
720575940917544555,720575940848926448,1
720575940917544555,720575940784231533,1
720575940917544555,720575940600119366,1
720575940917544555,720575940461435429,1
720575940935686268,720575940931336287,1
720575940917544299,720575940951516326,1
720575940935686268,720575940932739988,1
720575940917544299,720575940941089388,1
720575940917544299,720575940930184316,1
720575940917544555,720575940879973250,1
720575940917544299,720575940927110368,1
720575940935686268,720575940946503188,1
720575940935686268,720575940950828052,1
720575940917544299,720575940921986112,1
720575940935686268,720575940958579732,1
720575940917544299,720575940920219412,1
720575940937868973,720575940845062205,1
720575940937868973,720575940869534222,1
720575940917544299,720575940919930493,1
720575940917544299,720575940919106300,1
720575940917544299,720575940918664824,1
720575940937868973,720575940870185859,1
720575940935686268,720575940927211084,1
720575940935686268,720575940926020628,1
720575940937868973,720575940899788943,1
720575940917544555,720575940887635638,1
720575940935686268,720575940908748633,1
720575940935686268,720575940908967920,1
720575940935686268,720575940911295024,1
720575940935686268,720575940911447793,1
720575940917544555,720575940890727631,1
720575940917544555,720575940889166262,1
720575940935686268,720575940911511025,1
720575940917544555,720575940888787983,1
720575940935686268,720575940912409328,1
720575940917544555,720575940887807412,1
720575940935686268,720575940912823536,1
720575940935686268,720575940914085872,1
720575940917544555,720575940886924743,1
720575940935686268,720575940924436802,1
720575940935686268,720575940914271659,1
720575940917544555,720575940886464881,1
720575940917544555,720575940885076860,1
720575940935686268,720575940914574734,1
720575940935686268,720575940914641088,1
720575940935686268,720575940917107476,1
720575940935686268,720575940917765654,1
720575940935686268,720575940920015345,1
720575940917544555,720575940882561479,1
720575940935686268,720575940922765354,1
720575940935686268,720575940922914845,1
720575940917544555,720575940881675870,1
720575940937868973,720575940877052507,1
720575940917544299,720575940918552696,1
720575940917544299,720575940917770123,1
720575940917544299,720575940889436273,1
720575940917544299,720575940892615796,1
720575940937868973,720575940893232061,1
720575940917544299,720575940892072299,1
720575940937868973,720575940894642900,1
720575940917544299,720575940892069218,1
720575940917544299,720575940891532608,1
720575940937868973,720575940895669662,1
720575940917544299,720575940891375289,1
720575940937868973,720575940896872266,1
720575940937868973,720575940897867115,1
720575940917544299,720575940890327737,1
720575940917544299,720575940890198020,1
720575940917544299,720575940888478137,1
720575940917544299,720575940917089446,1
720575940917544299,720575940888384761,1
720575940917544299,720575940886484968,1
720575940917544299,720575940885224994,1
720575940937868973,720575940898829555,1
720575940917544299,720575940884802904,1
720575940917544299,720575940884728634,1
720575940917544299,720575940884318942,1
720575940917544299,720575940883976998,1
720575940917544299,720575940883272316,1
720575940917544299,720575940883251930,1
720575940917544299,720575940883114670,1
720575940917544299,720575940882836337,1
720575940917544299,720575940893974020,1
720575940917544299,720575940894238845,1
720575940917544299,720575940895319772,1
720575940917544299,720575940896711498,1
720575940917544299,720575940916536488,1
720575940917544299,720575940915684544,1
720575940917544299,720575940915217983,1
720575940917544299,720575940915201131,1
720575940917544299,720575940915039764,1
720575940937868973,720575940883391084,1
720575940917544299,720575940913476115,1
720575940917544299,720575940913100336,1
720575940917544299,720575940907863856,1
720575940917544299,720575940907710449,1
720575940937868973,720575940888819126,1
720575940917544299,720575940905486739,1
720575940917544299,720575940904871037,1
720575940917544299,720575940904287512,1
720575940917544299,720575940903910063,1
720575940917544299,720575940903674620,1
720575940917544299,720575940903615996,1
720575940937868973,720575940890265195,1
720575940917544299,720575940903197613,1
720575940917544299,720575940903136424,1
720575940917544299,720575940903017862,1
720575940917544299,720575940901960430,1
720575940917544299,720575940901184113,1
720575940917544299,720575940901097073,1
720575940937868973,720575940891629180,1
720575940917544299,720575940584996732,1
720575940937869485,720575940881926778,1
720575940917544299,720575940543981784,1
720575940937869485,720575940946343956,1
720575940937869485,720575940931646230,1
720575940910977441,720575940885891998,1
720575940910977441,720575940885719619,1
720575940910977441,720575940885481427,1
720575940910977441,720575940885360541,1
720575940910977441,720575940885077884,1
720575940910977441,720575940884821214,1
720575940910977441,720575940884013924,1
720575940910977441,720575940883410142,1
720575940937869485,720575940934757030,1
720575940910977441,720575940882464168,1
720575940937869485,720575940937162516,1
720575940937869485,720575940945351958,1
720575940910977441,720575940881803364,1
720575940937869485,720575940922899144,1
720575940910977441,720575940881240575,1
720575940937869485,720575940946893590,1
720575940910977441,720575940880833374,1
720575940910977441,720575940880825182,1
720575940964350630,720575940861406706,1
720575940964350630,720575940871785694,1
720575940910977441,720575940878696926,1
720575940910977441,720575940878037152,1
720575940910977441,720575940877235912,1
720575940910977441,720575940876329420,1
720575940910977441,720575940875281100,1
720575940910977441,720575940874479766,1
720575940910977441,720575940873854535,1
720575940937869485,720575940925745222,1
720575940910977441,720575940886961078,1
720575940937869485,720575940903706403,1
720575940910977441,720575940891054992,1
720575940910977441,720575940893809137,1
720575940937869485,720575940903906370,1
720575940937869485,720575940904236796,1
720575940910977441,720575940893607473,1
720575940910977441,720575940893425156,1
720575940937869485,720575940905451454,1
720575940910977441,720575940893122730,1
720575940910977441,720575940892172315,1
720575940910977441,720575940891833598,1
720575940910977441,720575940891296476,1
720575940910977441,720575940891283619,1
720575940910977441,720575940891246334,1
720575940910977441,720575940891218686,1
720575940910977441,720575940891036998,1
720575940910977441,720575940887009487,1
720575940910977441,720575940890724734,1
720575940937869485,720575940910894146,1
720575940910977441,720575940890431926,1
720575940937869485,720575940913448561,1
720575940910977441,720575940889605302,1
720575940910977441,720575940889518214,1
720575940910977441,720575940889352630,1
720575940910977441,720575940889180340,1
720575940910977441,720575940888785777,1
720575940910977441,720575940888715265,1
720575940937869485,720575940917288753,1
720575940910977441,720575940888125328,1
720575940937869485,720575940918718513,1
720575940910977441,720575940873179912,1
720575940910977441,720575940872814046,1
720575940910977441,720575940871347527,1
720575940905014742,720575940937869485,1
720575940910977441,720575940815738220,1
720575940910977441,720575940813020717,1
720575940910977441,720575940800688914,1
720575940910977441,720575940800096035,1
720575940964350630,720575940898161849,1
720575940910977441,720575940797174403,1
720575940910977441,720575940789758661,1
720575940910977441,720575940690000108,1
720575940910977441,720575940499602256,1
720575940910977441,720575940445225438,1
720575940910977441,0,1
720575940964350630,720575940907748337,1
720575940907770609,720575940865475999,1
720575940903632447,720575940865475999,1
720575940910977441,720575940871299734,1
720575940901832423,720575940960569108,1
720575940901832423,720575940959874470,1
720575940901832423,720575940958579732,1
720575940901832423,720575940956463782,1
720575940901832423,720575940937801389,1
720575940964350630,720575940910198206,1
720575940901832423,720575940926418710,1
720575940901832423,720575940925170502,1
720575940964350630,720575940925181718,1
720575940964350630,720575940926094102,1
720575940964350630,720575940940896383,1
720575940901832423,720575940924411926,1
720575940901832423,720575940923977349,1
720575940964350630,720575940897593817,1
720575940964350630,720575940895156153,1
720575940910977441,720575940816559628,1
720575940910977441,720575940817510883,1
720575940910977441,720575940871193735,1
720575940910977441,720575940871166584,1
720575940910977441,720575940869351076,1
720575940910977441,720575940866757060,1
720575940910977441,720575940866517408,1
720575940910977441,720575940866070384,1
720575940910977441,720575940865156656,1
720575940910977441,720575940865076274,1
720575940910977441,720575940864153406,1
720575940910977441,720575940863587032,1
720575940910977441,720575940862694974,1
720575940964350630,720575940885065182,1
720575940964350630,720575940889240640,1
720575940910977441,720575940861046993,1
720575940910977441,720575940860481039,1
720575940910977441,720575940859403434,1
720575940910977441,720575940853713511,1
720575940910977441,720575940853358958,1
720575940964350630,720575940889352630,1
720575940910977441,720575940852337464,1
720575940910977441,720575940849352932,1
720575940910977441,720575940844161903,1
720575940910977441,720575940843718777,1
720575940910977441,720575940834312861,1
720575940964350630,720575940890790876,1
720575940910977441,720575940834172263,1
720575940910977441,720575940820343354,1
720575940910977441,720575940894519827,1
720575940910977441,720575940894596371,1
720575940917544299,720575940465315958,1
720575940910977441,720575940915040816,1
720575940910977441,720575940917866379,1
720575940910977441,720575940917767238,1
720575940910977441,720575940917666731,1
720575940937869485,720575940886441405,1
720575940937869485,720575940886458045,1
720575940910977441,720575940917263382,1
720575940937869485,720575940886902973,1
720575940910977441,720575940916680214,1
720575940910977441,720575940916569256,1
720575940937869485,720575940888815485,1
720575940937869485,720575940889198525,1
720575940910977441,720575940916299101,1
720575940910977441,720575940916206614,1
720575940910977441,720575940914959504,1
720575940937869485,720575940884302230,1
720575940937869485,720575940892090434,1
720575940910977441,720575940914395667,1
720575940910977441,720575940914110960,1
720575940910977441,720575940913570729,1
720575940910977441,720575940912826145,1
720575940910977441,720575940912683645,1
720575940937869485,720575940892205986,1
720575940910977441,720575940912555133,1
720575940937869485,720575940892628209,1
720575940910977441,720575940911477744,1
720575940910977441,720575940911190832,1
720575940910977441,720575940911189744,1
720575940910977441,720575940910937249,1
720575940937869485,720575940884949941,1
720575940937869485,720575940882354014,1
720575940910977441,720575940895444409,1
720575940910977441,720575940933208901,1
720575940917544299,720575940458240178,1
720575940917544299,720575940451915136,1
720575940917544299,720575940407462413,1
720575940917544299,720575940406756828,1
720575940937869485,720575940871491897,1
720575940917544299,0,1
720575940910977441,720575940955398054,1
720575940910977441,720575940946612502,1
720575940937869485,720575940871860807,1
720575940910977441,720575940939586885,1
720575940910977441,720575940934842539,1
720575940910977441,720575940933844502,1
720575940910977441,720575940933570629,1
720575940937869485,720575940878411614,1
720575940910977441,720575940918055473,1
720575940910977441,720575940931707973,1
720575940910977441,720575940930759544,1
720575940937869485,720575940879988574,1
720575940910977441,720575940929185407,1
720575940937869485,720575940879996034,1
720575940910977441,720575940924482885,1
720575940937869485,720575940880004446,1
720575940910977441,720575940922974022,1
720575940910977441,720575940922909510,1
720575940910977441,720575940921090196,1
720575940937869485,720575940880963678,1
720575940937869485,720575940881849950,1
720575940935686268,720575940907767025,1
720575940910977441,720575940910686096,1
720575940937869485,720575940893546037,1
720575940937869485,720575940894642900,1
720575940910977441,720575940897160896,1
720575940910977441,720575940900305273,1
720575940910977441,720575940900302201,1
720575940910977441,720575940900016016,1
720575940910977441,720575940899031283,1
720575940910977441,720575940898909881,1
720575940910977441,720575940898789363,1
720575940910977441,720575940898784441,1
720575940910977441,720575940898167481,1
720575940910977441,720575940898147121,1
720575940937869485,720575940898698174,1
720575940910977441,720575940897927106,1
720575940910977441,720575940897909447,1
720575940910977441,720575940897650633,1
720575940937869485,720575940898841840,1
720575940910977441,720575940910399888,1
720575940910977441,720575940896663356,1
720575940910977441,720575940896645833,1
720575940910977441,720575940896493971,1
720575940910977441,720575940896321267,1
720575940910977441,720575940896233971,1
720575940937869485,720575940900433472,1
720575940910977441,720575940896145310,1
720575940910977441,720575940896068793,1
720575940937869485,720575940903056618,1
720575940910977441,720575940895710110,1
720575940937869485,720575940903410622,1
720575940910977441,720575940895673789,1
720575940910977441,720575940895540169,1
720575940910977441,720575940901456784,1
720575940910977441,720575940901518507,1
720575940910977441,720575940901574544,1
720575940910977441,720575940901642675,1
720575940910977441,720575940910279729,1
720575940910977441,720575940908285168,1
720575940910977441,720575940907978993,1
720575940910977441,720575940906920861,1
720575940910977441,720575940906876656,1
720575940937869485,720575940895773625,1
720575940910977441,720575940906728177,1
720575940910977441,720575940906714211,1
720575940937869485,720575940895955102,1
720575940937869485,720575940896837442,1
720575940910977441,720575940906541247,1
720575940910977441,720575940906329471,1
720575940910977441,720575940906017663,1
720575940910977441,720575940905578174,1
720575940910977441,720575940904784152,1
720575940910977441,720575940904610626,1
720575940910977441,720575940903724432,1
720575940910977441,720575940903632272,1
720575940910977441,720575940903041949,1
720575940910977441,720575940902671774,1
720575940910977441,720575940902604566,1
720575940910977441,720575940902264134,1
720575940910977441,720575940902151890,1
720575940937869485,720575940897328830,1
720575940937869485,720575940897425085,1
720575940910977441,720575940902037437,1
720575940910977441,720575940902020019,1
720575940917544555,720575940892223339,1
720575940935686268,720575940898244025,1
720575940917544555,720575940893232061,1
720575940926223246,720575940822666576,1
720575940926223246,720575940821241948,1
720575940926223246,720575940820920763,1
720575940926223246,720575940818932986,1
720575940926223246,720575940818528514,1
720575940926223246,720575940817562504,1
720575940926223246,720575940816994961,1
720575940926223502,720575940910225200,1
720575940926223246,720575940811821888,1
720575940926223246,720575940811150549,1
720575940926223246,720575940807631748,1
720575940926223246,720575940806136937,1
720575940926223246,720575940806004926,1
720575940926223246,720575940804665267,1
720575940926223246,720575940799126606,1
720575940926223246,720575940798618716,1
720575940926223246,720575940794303724,1
720575940926223246,720575940789235593,1
720575940926223246,720575940784165460,1
720575940926223246,720575940768845885,1
720575940926223246,720575940747083781,1
720575940926223246,720575940655674841,1
720575940926223246,720575940512721055,1
720575940926223246,720575940493895327,1
720575940926223502,720575940910575385,1
720575940926223246,720575940386031758,1
720575940926223246,0,1
720575940926223502,720575940911110896,1
720575940923002056,720575940928736388,1
720575940923002056,720575940927080472,1
720575940926223246,720575940822623824,1
720575940926223246,720575940823683046,1
720575940926223502,720575940911571697,1
720575940926223246,720575940825410603,1
720575940926223246,720575940870666888,1
720575940926223246,720575940870217165,1
720575940926223246,720575940867670600,1
720575940926223246,720575940867535534,1
720575940926223502,720575940903109503,1
720575940926223502,720575940903462527,1
720575940926223246,720575940867532732,1
720575940926223502,720575940904791804,1
720575940926223246,720575940867431100,1
720575940926223502,720575940906857968,1
720575940926223246,720575940867344302,1
720575940926223246,720575940867302617,1
720575940926223246,720575940864403212,1
720575940926223246,720575940862794703,1
720575940926223246,720575940862138375,1
720575940926223246,720575940862050489,1
720575940926223246,720575940861437881,1
720575940926223502,720575940908930608,1
720575940926223502,720575940908945456,1
720575940926223246,720575940859385905,1
720575940926223246,720575940855089374,1
720575940926223246,720575940854734046,1
720575940926223246,720575940853927974,1
720575940926223246,720575940849963682,1
720575940926223246,720575940844792125,1
720575940926223502,720575940910083836,1
720575940926223246,720575940838090366,1
720575940926223246,720575940826772431,1
720575940926223246,720575940826298184,1
720575940926223502,720575940911214320,1
720575940923002056,720575940919600645,1
720575940935686268,720575940907757809,1
720575940926223502,720575940953108134,1
720575940923002056,720575940897215934,1
720575940930896973,720575940798681566,1
720575940923002056,720575940897114128,1
720575940923002056,720575940897076153,1
720575940923002056,720575940896486643,1
720575940923002056,720575940896045470,1
720575940923002056,720575940895839933,1
720575940930896973,720575940801061963,1
720575940923002056,720575940893392149,1
720575940930896973,720575940825466958,1
720575940923002056,720575940893336509,1
720575940930896973,720575940853180522,1
720575940923002056,720575940892205986,1
720575940923002056,720575940891569085,1
720575940930896973,720575940854860398,1
720575940923002056,720575940891163574,1
720575940923002056,720575940890951582,1
720575940930896973,720575940875239231,1
720575940923002056,720575940887428295,1
720575940930896973,720575940877540879,1
720575940923002056,720575940887087578,1
720575940930896973,720575940880924766,1
720575940930896973,720575940886961382,1
720575940930896973,720575940888262211,1
720575940930896973,720575940888787983,1
720575940930896973,720575940889225398,1
720575940923002056,720575940869825263,1
720575940930896973,720575940890303829,1
720575940923002056,720575940862131047,1
720575940923002056,720575940897832811,1
720575940926223502,720575940952989862,1
720575940926223502,720575940914869232,1
720575940926223502,720575940952947878,1
720575940923002056,720575940916941590,1
720575940926223502,720575940915495958,1
720575940923002056,720575940915566104,1
720575940923002056,720575940915281821,1
720575940923002056,720575940915172632,1
720575940926223502,720575940916057230,1
720575940923002056,720575940911527104,1
720575940926223502,720575940917104406,1
720575940923002056,720575940911451261,1
720575940926223502,720575940918402072,1
720575940926223502,720575940918990151,1
720575940923002056,720575940909767384,1
720575940923002056,720575940909235164,1
720575940923002056,720575940908081649,1
720575940923002056,720575940907972677,1
720575940923002056,720575940907647217,1
720575940923002056,720575940906714211,1
720575940923002056,720575940903706403,1
720575940923002056,720575940902425329,1
720575940923002056,720575940901960430,1
720575940923002056,720575940901863702,1
720575940926223502,720575940919645510,1
720575940923002056,720575940900313721,1
720575940923002056,720575940900305273,1
720575940926223502,720575940926116116,1
720575940926223502,720575940930857567,1
720575940926223502,720575940931983212,1
720575940923002056,720575940899004606,1
720575940926223502,720575940942802454,1
720575940926223246,720575940870725768,1
720575940926223246,720575940871842274,1
720575940926223246,720575940871852514,1
720575940926223246,720575940949191768,1
720575940926223246,720575940932787860,1
720575940926223246,720575940929830788,1
720575940926223246,720575940922570079,1
720575940926223246,720575940922313750,1
720575940926223502,720575940888083126,1
720575940926223502,720575940889732627,1
720575940926223246,720575940920833705,1
720575940926223246,720575940918253336,1
720575940926223246,720575940916730134,1
720575940926223246,720575940916536189,1
720575940926223502,720575940890190067,1
720575940926223502,720575940891040004,1
720575940926223246,720575940915531157,1
720575940926223246,720575940914389365,1
720575940926223246,720575940913580592,1
720575940926223246,720575940913550717,1
720575940926223502,720575940891163574,1
720575940926223246,720575940913525040,1
720575940926223246,720575940913136428,1
720575940926223246,720575940909147632,1
720575940926223246,720575940905679167,1
720575940926223502,720575940892252915,1
720575940926223246,720575940905142552,1
720575940926223246,720575940903345478,1
720575940926223502,720575940892350963,1
720575940926223502,720575940892807187,1
720575940926223246,720575940902538706,1
720575940926223246,720575940900227755,1
720575940926223246,720575940899531539,1
720575940926223246,720575940941089388,1
720575940926223246,720575940962724116,1
720575940926223246,720575940873885372,1
720575940926223502,720575940553842272,1
720575940926223502,720575940875634892,1
720575940926223502,720575940875318432,1
720575940926223502,720575940874603327,1
720575940926223502,720575940874465993,1
720575940926223502,720575940874281085,1
720575940926223502,720575940872488937,1
720575940926223502,720575940872426363,1
720575940926223502,720575940871610846,1
720575940926223502,720575940881356388,1
720575940926223502,720575940871384889,1
720575940926223502,720575940870423938,1
720575940926223502,720575940869847982,1
720575940926223502,720575940882439629,1
720575940926223502,720575940883030611,1
720575940926223502,720575940884821214,1
720575940926223502,720575940861935127,1
720575940926223502,720575940861357042,1
720575940926223502,720575940860526962,1
720575940926223502,720575940860245292,1
720575940926223502,720575940856204395,1
720575940926223502,720575940856137219,1
720575940926223502,720575940848155332,1
720575940926223502,720575940844161903,1
720575940926223502,720575940810269181,1
720575940926223502,720575940803063860,1
720575940926223502,720575940802206823,1
720575940926223502,720575940887342262,1
720575940926223502,720575940888044726,1
720575940926223502,720575940675379520,1
720575940926223502,720575940893201296,1
720575940926223502,720575940893244608,1
720575940926223246,720575940899057235,1
720575940926223246,720575940897681609,1
720575940926223246,720575940885318954,1
720575940926223246,720575940884869045,1
720575940926223502,720575940899449024,1
720575940926223246,720575940882228398,1
720575940926223246,720575940882133348,1
720575940926223502,720575940899705720,1
720575940926223246,720575940881759105,1
720575940926223246,720575940881523800,1
720575940926223502,720575940900285425,1
720575940926223502,720575940901085875,1
720575940926223246,720575940880768168,1
720575940926223246,720575940880759585,1
720575940926223502,720575940901356459,1
720575940926223246,720575940880502952,1
720575940926223246,720575940879845792,1
720575940926223246,720575940879841184,1
720575940926223246,720575940879557959,1
720575940926223502,720575940901532523,1
720575940926223246,720575940878527104,1
720575940926223502,720575940901578384,1
720575940926223246,720575940878398594,1
720575940926223246,720575940878307968,1
720575940926223246,720575940877731446,1
720575940926223246,720575940877652215,1
720575940926223246,720575940876964241,1
720575940926223246,720575940876856026,1
720575940926223246,720575940876794463,1
720575940926223246,720575940876380576,1
720575940926223246,720575940874221436,1
720575940926223246,720575940885498280,1
720575940926223246,720575940885581681,1
720575940926223246,720575940885797022,1
720575940926223246,720575940891719401,1
720575940926223246,720575940897080254,1
720575940926223246,720575940895827339,1
720575940926223246,720575940895716971,1
720575940926223246,720575940895132636,1
720575940926223502,720575940893336768,1
720575940926223502,720575940894283241,1
720575940926223502,720575940894519827,1
720575940926223246,720575940894593779,1
720575940926223246,720575940894081757,1
720575940926223502,720575940895098211,1
720575940926223502,720575940895255225,1
720575940926223246,720575940892980907,1
720575940926223246,720575940892507923,1
720575940926223502,720575940895837373,1
720575940926223246,720575940886413123,1
720575940926223502,720575940895927198,1
720575940926223502,720575940896063929,1
720575940926223502,720575940896436409,1
720575940926223246,720575940889961915,1
720575940926223246,720575940889480953,1
720575940926223246,720575940889474448,1
720575940926223246,720575940889436273,1
720575940926223246,720575940889324249,1
720575940926223246,720575940889165425,1
720575940926223246,720575940889087748,1
720575940926223246,720575940888970515,1
720575940926223246,720575940888869369,1
720575940926223502,720575940897107984,1
720575940930896973,720575940894642900,1
720575940930896973,720575940894935915,1
720575940901832423,720575940923617628,1
720575940935686268,720575940881440600,1
720575940920893096,720575940899871936,1
720575940920893096,720575940899353473,1
720575940920893096,720575940899286713,1
720575940935686268,720575940881806302,1
720575940935686268,720575940881916923,1
720575940920893096,720575940898699966,1
720575940920893096,720575940898490867,1
720575940935686268,720575940882082080,1
720575940920893096,720575940897730665,1
720575940935686268,720575940883831726,1
720575940920893096,720575940897254877,1
720575940935686268,720575940884031660,1
720575940935686268,720575940884051238,1
720575940935686268,720575940884178398,1
720575940920893096,720575940894173427,1
720575940935686268,720575940884723934,1
720575940920893096,720575940892000755,1
720575940935686268,720575940887043290,1
720575940935686268,720575940887231808,1
720575940935686268,720575940888278729,1
720575940935686268,720575940888710070,1
720575940920893096,720575940889729462,1
720575940935686268,720575940889040497,1
720575940920893096,720575940889027773,1
720575940920893096,720575940887341767,1
720575940935686268,720575940889794145,1
720575940920893096,720575940886697438,1
720575940935686268,720575940889823926,1
720575940920893096,720575940883676364,1
720575940920893096,720575940901654385,1
720575940935686268,720575940881317014,1
720575940935686268,720575940867112469,1
720575940935686268,720575940880784222,1
720575940935686268,720575940869533454,1
720575940935686268,720575940871446073,1
720575940935686268,720575940872283870,1
720575940920893096,720575940925743686,1
720575940920893096,720575940925711380,1
720575940920893096,720575940925540886,1
720575940935686268,720575940873442878,1
720575940920893096,720575940923624518,1
720575940920893096,720575940922415199,1
720575940920893096,720575940922369558,1
720575940920893096,720575940919095830,1
720575940920893096,720575940917637910,1
720575940935686268,720575940877109512,1
720575940935686268,720575940878183296,1
720575940920893096,720575940913910123,1
720575940920893096,720575940913511793,1
720575940920893096,720575940912667202,1
720575940920893096,720575940912461419,1
720575940935686268,720575940878642654,1
720575940920893096,720575940911728368,1
720575940920893096,720575940911719408,1
720575940920893096,720575940909767384,1
720575940920893096,720575940909046256,1
720575940920893096,720575940908341232,1
720575940935686268,720575940879362119,1
720575940920893096,720575940906463936,1
720575940935686268,720575940879468347,1
720575940920893096,720575940904236796,1
720575940920893096,720575940903659389,1
720575940935686268,720575940890110134,1
720575940920893096,720575940881547998,1
720575940935686268,720575940890510006,1
720575940920893096,720575940881272414,1
720575940935686268,720575940897256299,1
720575940935686268,720575940897347842,1
720575940917544555,720575940909290432,1
720575940935686268,720575940898013625,1
720575940917544555,720575940908974065,1
720575940926223502,720575940877106267,1
720575940917544555,720575940907635185,1
720575940917544555,720575940906994673,1
720575940935686268,720575940898866675,1
720575940935686268,720575940898916339,1
720575940917544555,720575940906691057,1
720575940935686268,720575940898962419,1
720575940917544555,720575940905652476,1
720575940917544555,720575940905492926,1
720575940917544555,720575940904015552,1
720575940935686268,720575940900229105,1
720575940917544555,720575940902363320,1
720575940917544555,720575940901118653,1
720575940917544555,720575940899353473,1
720575940935686268,720575940902661910,1
720575940917544555,720575940897254705,1
720575940935686268,720575940903122154,1
720575940935686268,720575940903784811,1
720575940917544555,720575940895558585,1
720575940935686268,720575940907069374,1
720575940935686268,720575940907343345,1
720575940935686268,720575940907463664,1
720575940935686268,720575940907709169,1
720575940935686268,720575940907738864,1
720575940917544555,720575940912405488,1
720575940935686268,720575940896240860,1
720575940935686268,720575940896112030,1
720575940935686268,720575940894202844,1
720575940920893096,720575940877738974,1
720575940920893096,720575940869534222,1
720575940935686268,720575940891116470,1
720575940920893096,720575940854635540,1
720575940920893096,720575940827080500,1
720575940920893096,720575940822322860,1
720575940920893096,720575940526612616,1
720575940935686268,720575940891476593,1
720575940917544555,720575940951680600,1
720575940917544555,720575940946893590,1
720575940935686268,720575940891934678,1
720575940935686268,720575940893192011,1
720575940917544555,720575940942887446,1
720575940917544555,720575940942725976,1
720575940917544555,720575940912850301,1
720575940935686268,720575940894777331,1
720575940935686268,720575940895191225,1
720575940935686268,720575940895804093,1
720575940935686268,720575940895863485,1
720575940935686268,720575940895890877,1
720575940917544555,720575940927080472,1
720575940935686268,720575940895993273,1
720575940917544555,720575940917035028,1
720575940917544555,720575940915908674,1
720575940917544555,720575940915729172,1
720575940935686268,720575940896030393,1
720575940917544555,720575940915491862,1
720575940935686268,720575940896107251,1
720575940920893096,720575940932926230,1
720575940920893096,720575940933768470,1
720575940930896973,720575940895156153,1
720575940922033216,720575940915977286,1
720575940930896973,720575940906651926,1
720575940930896973,720575940906885442,1
720575940922033216,720575940915803718,1
720575940922033216,720575940914869232,1
720575940930896973,720575940907858944,1
720575940922033216,720575940912292302,1
720575940922033216,720575940912229360,1
720575940930896973,720575940908854572,1
720575940922033216,720575940911639084,1
720575940930896973,720575940910121212,1
720575940930896973,720575940910217282,1
720575940930896973,720575940910558448,1
720575940922033216,720575940910703665,1
720575940930896973,720575940911527104,1
720575940922033216,720575940909849038,1
720575940922033216,720575940909776296,1
720575940930896973,720575940912485954,1
720575940930896973,720575940912708733,1
720575940930896973,720575940913511793,1
720575940930896973,720575940913642776,1
720575940922033216,720575940907365822,1
720575940922033216,720575940906654603,1
720575940922033216,720575940906582463,1
720575940922033216,720575940906017663,1
720575940930896973,720575940917058364,1
720575940922033216,720575940905580284,1
720575940922033216,720575940903109503,1
720575940930896973,720575940922054751,1
720575940922033216,720575940902759581,1
720575940930896973,720575940905492926,1
720575940930896973,720575940903905470,1
720575940920893096,720575940939060868,1
720575940930896973,720575940902528790,1
720575940923001544,720575940874605472,1
720575940923001544,720575940873698761,1
720575940923001544,720575940868346798,1
720575940930896973,720575940896244416,1
720575940930896973,720575940896486643,1
720575940922033216,720575940954694676,1
720575940930896973,720575940896601017,1
720575940922033216,720575940952753830,1
720575940922033216,720575940943421206,1
720575940922033216,720575940941092972,1
720575940922033216,720575940933757206,1
720575940922033216,720575940931170655,1
720575940922033216,720575940927215328,1
720575940922033216,720575940926171205,1
720575940922033216,720575940926132756,1
720575940922033216,720575940924438341,1
720575940922033216,720575940924319071,1
720575940922033216,720575940922958792,1
720575940922033216,720575940922617748,1
720575940930896973,720575940898476866,1
720575940922033216,720575940921625766,1
720575940922033216,720575940919645510,1
720575940922033216,720575940919026318,1
720575940930896973,720575940899052787,1
720575940930896973,720575940899402176,1
720575940922033216,720575940917104406,1
720575940930896973,720575940899816179,1
720575940922033216,720575940916153922,1
720575940930896973,720575940900054771,1
720575940930896973,720575940932004523,1
720575940930896973,720575940933568278,1
720575940922033216,720575940902624240,1
720575940922033216,720575940900910356,1
720575940935686268,720575940818856788,1
720575940922033216,720575940879974911,1
720575940922033216,720575940878894293,1
720575940922033216,720575940878694878,1
720575940935686268,720575940847552365,1
720575940922033216,720575940878590430,1
720575940922033216,720575940878404830,1
720575940922033216,720575940878130787,1
720575940922033216,720575940877766645,1
720575940922033216,720575940877588490,1
720575940922033216,720575940875279820,1
720575940922033216,720575940875049431,1
720575940922033216,720575940874617413,1
720575940922033216,720575940874322033,1
720575940922033216,720575940867368943,1
720575940922033216,720575940862549791,1
720575940935686268,720575940857110097,1
720575940922033216,720575940853540234,1
720575940922033216,720575940850357107,1
720575940922033216,720575940829360883,1
720575940922033216,720575940815674653,1
720575940922033216,720575940813010552,1
720575940922033216,720575940796758961,1
720575940922033216,720575940784077175,1
720575940922033216,720575940770446658,1
720575940922033216,720575940717251158,1
720575940922033216,720575940637400036,1
720575940922033216,720575940379394086,1
720575940920893096,720575940940595751,1
720575940922033216,720575940880851300,1
720575940922033216,720575940881074113,1
720575940922033216,720575940881499225,1
720575940922033216,720575940891909739,1
720575940922033216,720575940900305273,1
720575940922033216,720575940899964376,1
720575940922033216,720575940898808307,1
720575940922033216,720575940898428605,1
720575940930896973,720575940942898008,1
720575940922033216,720575940897866215,1
720575940922033216,720575940896509881,1
720575940922033216,720575940896202480,1
720575940922033216,720575940894281136,1
720575940922033216,720575940893201296,1
720575940930896973,720575940950482264,1
720575940922033216,720575940892695211,1
720575940922033216,720575940892661876,1
720575940922033216,720575940891841051,1
720575940935686268,720575940741704458,1
720575940930896973,720575940958229926,1
720575940922033216,720575940889732627,1
720575940922033216,720575940889215863,1
720575940922033216,720575940889123953,1
720575940922033216,720575940888947475,1
720575940922033216,720575940888099407,1
720575940922033216,720575940887634539,1
720575940922033216,720575940887126234,1
720575940922033216,720575940886944112,1
720575940922033216,720575940885975955,1
720575940922033216,720575940885736049,1
720575940922033216,720575940885532334,1
720575940922033216,720575940885059456,1
720575940923002056,720575940861357042,1
720575940865475999,720575940805333298,1
720575940901832423,720575940918988615,1
720575940884783418,720575940885841962,1
720575940884783418,720575940872705998,1
720575940884783418,720575940873473086,1
720575940884783418,720575940874286961,1
720575940884783418,720575940874746431,1
720575940884783418,720575940877649630,1
720575940884783418,720575940877697465,1
720575940884783418,720575940878342366,1
720575940884783418,720575940879251828,1
720575940884783418,720575940879339176,1
720575940884783418,720575940880928606,1
720575940884783418,720575940881987752,1
720575940884783418,720575940882132593,1
720575940884783418,720575940882252446,1
720575940884783418,720575940882464168,1
720575940884783418,720575940883087710,1
720575940884783418,720575940883410142,1
720575940884783418,720575940884683752,1
720575940884783418,720575940872465719,1
720575940884783418,720575940872140865,1
720575940884783418,720575940870545494,1
720575940884783418,720575940843468489,1
720575940884783418,720575940815396264,1
720575940884783418,720575940815738220,1
720575940884783418,720575940824798556,1
720575940884783418,720575940834172263,1
720575940884783418,720575940835794892,1
720575940884783418,720575940838435025,1
720575940884783418,720575940841857745,1
720575940884783418,720575940851188750,1
720575940884783418,720575940868961739,1
720575940884783418,720575940853411479,1
720575940884783418,720575940854862958,1
720575940884783418,720575940857790604,1
720575940884783418,720575940860010028,1
720575940884783418,720575940862185831,1
720575940884783418,720575940862549791,1
720575940884783418,720575940865954494,1
720575940884783418,720575940885034497,1
720575940884783418,720575940885975955,1
720575940884783418,720575940804352550,1
720575940884783418,720575940886227078,1
720575940884783418,720575940895578553,1
720575940884783418,720575940895673789,1
720575940884783418,720575940895946937,1
720575940884783418,720575940895991485,1
720575940884783418,720575940896522937,1
720575940884783418,720575940898122028,1
720575940884783418,720575940898167225,1
720575940884783418,720575940898337779,1
720575940884783418,720575940898808307,1
720575940884783418,720575940898962859,1
720575940884783418,720575940899203870,1
720575940884783418,720575940900002756,1
720575940884783418,720575940900223865,1
720575940884783418,720575940900302201,1
720575940884783418,720575940900702347,1
720575940884783418,720575940902537238,1
720575940884783418,720575940902671774,1
720575940884783418,720575940895373788,1
720575940884783418,720575940895252412,1
720575940884783418,720575940894229468,1
720575940884783418,720575940890107316,1
720575940884783418,720575940887126234,1
720575940884783418,720575940887233434,1
720575940884783418,720575940887416211,1
720575940884783418,720575940887534262,1
720575940884783418,720575940889331900,1
720575940884783418,720575940889722922,1
720575940884783418,720575940889979792,1
720575940884783418,720575940890114667,1
720575940884783418,720575940893194909,1
720575940884783418,720575940890181205,1
720575940884783418,720575940890398646,1
720575940884783418,720575940890787076,1
720575940884783418,720575940890842950,1
720575940884783418,720575940891307933,1
720575940884783418,720575940891503733,1
720575940884783418,720575940892627676,1
720575940884783418,720575940810771161,1
720575940884783418,720575940803450783,1
720575940884783418,720575940905193867,1
720575940884783162,720575940883790998,1
720575940884783162,720575940872648287,1
720575940884783162,720575940872929656,1
720575940884783162,720575940874201969,1
720575940884783162,720575940875622820,1
720575940884783162,720575940875646372,1
720575940884783162,720575940878259974,1
720575940884783162,720575940878270708,1
720575940884783162,720575940878410475,1
720575940884783162,720575940878701663,1
720575940884783162,720575940878851819,1
720575940884783162,720575940879441337,1
720575940884783162,720575940880812597,1
720575940884783162,720575940881248821,1
720575940884783162,720575940881467731,1
720575940884783162,720575940881852011,1
720575940884783162,720575940881865572,1
720575940884783162,720575940882670180,1
720575940884783162,720575940872387577,1
720575940884783162,720575940871729938,1
720575940884783162,720575940869272494,1
720575940884783162,720575940857866889,1
720575940884783162,720575940841315093,1
720575940884783162,720575940850172473,1
720575940884783162,720575940851057395,1
720575940884783162,720575940854394838,1
720575940884783162,720575940854983585,1
720575940884783162,720575940856071574,1
720575940884783162,720575940856683973,1
720575940884783162,720575940858856551,1
720575940884783162,720575940869247541,1
720575940884783162,720575940860708809,1
720575940884783162,720575940864023778,1
720575940884783162,720575940864278080,1
720575940884783162,720575940864403724,1
720575940884783162,720575940867874183,1
720575940884783162,720575940867916462,1
720575940884783162,720575940869194680,1
720575940884783162,720575940882886550,1
720575940884783162,720575940884318942,1
720575940884783418,720575940785600370,1
720575940884783162,720575940884728634,1
720575940884783162,720575940907973104,1
720575940884783162,720575940909849038,1
720575940884783162,720575940912780925,1
720575940884783162,720575940912925488,1
720575940884783162,720575940915217983,1
720575940884783162,720575940915531157,1
720575940884783162,720575940915967584,1
720575940884783162,720575940916536488,1
720575940884783162,720575940917464462,1
720575940884783162,720575940917609166,1
720575940884783162,720575940921992256,1
720575940884783162,720575940927208416,1
720575940884783162,720575940930053976,1
720575940884783162,720575940948390488,1
720575940884783162,720575940949191768,1
720575940884783418,720575940400805134,1
720575940884783418,720575940424552551,1
720575940884783162,720575940907740720,1
720575940884783162,720575940907036208,1
720575940884783162,720575940905040019,1
720575940884783162,720575940894515731,1
720575940884783162,720575940888064004,1
720575940884783162,720575940888698550,1
720575940884783162,720575940889728101,1
720575940884783162,720575940890005048,1
720575940884783162,720575940891113841,1
720575940884783162,720575940893527605,1
720575940884783162,720575940894488509,1
720575940884783162,720575940894605875,1
720575940884783162,720575940901960430,1
720575940884783162,720575940896216503,1
720575940884783162,720575940898852857,1
720575940884783162,720575940899083248,1
720575940884783162,720575940899256770,1
720575940884783162,720575940900561156,1
720575940884783162,720575940900965330,1
720575940884783162,720575940901910510,1
720575940884783418,720575940903306124,1
720575940884783418,720575940906714211,1
720575940884783162,720575940838345581,1
720575940890119224,720575940907444156,1
720575940890119224,720575940883248463,1
720575940890119224,720575940885034497,1
720575940890119224,720575940885360541,1
720575940890119224,720575940886664811,1
720575940890119224,720575940888370243,1
720575940890119224,720575940888414805,1
720575940890119224,720575940889732627,1
720575940890119224,720575940890904483,1
720575940890119224,720575940893408011,1
720575940890119224,720575940895691934,1
720575940890119224,720575940896194547,1
720575940890119224,720575940896209907,1
720575940890119224,720575940898377875,1
720575940890119224,720575940899021555,1
720575940890119224,720575940900426456,1
720575940890119224,720575940902151890,1
720575940890119224,720575940904900747,1
720575940890119224,720575940881423801,1
720575940890119224,720575940878629598,1
720575940890119224,720575940875982284,1
720575940887704904,720575940923002056,1
720575940884783674,720575940917637910,1
720575940884783674,720575940922182495,1
720575940884783674,720575940924728159,1
720575940884783674,720575940930831992,1
720575940884783674,720575940931911007,1
720575940884783674,720575940940896383,1
720575940884783674,720575940962641318,1
720575940890119224,720575940798600104,1
720575940890119224,720575940873481193,1
720575940890119224,720575940815903061,1
720575940890119224,720575940823917712,1
720575940890119224,720575940849352420,1
720575940890119224,720575940859007197,1
720575940890119224,720575940865153072,1
720575940890119224,720575940869478091,1
720575940890119224,720575940871400912,1
720575940890119224,720575940905451454,1
720575940890119224,720575940908028400,1
720575940884783674,720575940916967702,1
720575940890119224,720575940908345584,1
720575940892182114,720575940881547998,1
720575940892182114,720575940881815902,1
720575940892182114,720575940882481758,1
720575940892182114,720575940882558558,1
720575940892182114,720575940886697438,1
720575940892182114,720575940887341767,1
720575940892182114,720575940890002363,1
720575940892182114,720575940890300120,1
720575940892182114,720575940890941168,1
720575940892182114,720575940891902321,1
720575940892182114,720575940892091325,1
720575940892182114,720575940892299019,1
720575940892182114,720575940893586163,1
720575940892182114,720575940893606643,1
720575940892182114,720575940894450033,1
720575940892182114,720575940894969843,1
720575940892182114,720575940897855851,1
720575940892182114,720575940881443038,1
720575940892182114,720575940880992606,1
720575940892182114,720575940877466167,1
720575940890119224,720575940953096870,1
720575940890119224,720575940911464688,1
720575940890119224,720575940915741865,1
720575940890119224,720575940921125268,1
720575940890119224,720575940924795007,1
720575940890119224,720575940926184468,1
720575940890119224,720575940927215328,1
720575940890119224,720575940953080742,1
720575940892182114,720575940610676241,1
720575940892182114,720575940875797823,1
720575940892182114,720575940837005001,1
720575940892182114,720575940870185859,1
720575940892182114,720575940871491897,1
720575940892182114,720575940873477342,1
720575940892182114,720575940873625948,1
720575940892182114,720575940874282718,1
720575940892182114,720575940875738993,1
720575940884783674,720575940917607392,1
720575940884783674,720575940915874692,1
720575940884783418,720575940907505272,1
720575940884783674,720575940873430847,1
720575940884783418,720575940924433323,1
720575940884783418,720575940925128773,1
720575940884783418,720575940928183830,1
720575940884783418,720575940929622443,1
720575940884783418,720575940936981573,1
720575940884783418,720575940942673942,1
720575940884783418,720575940942737174,1
720575940884783418,720575940942906902,1
720575940884783418,720575940948963672,1
720575940884783418,720575940955407782,1
720575940884783674,720575940789232998,1
720575940884783674,720575940794604949,1
720575940884783674,720575940855163104,1
720575940884783674,720575940867587495,1
720575940884783674,720575940870605883,1
720575940884783674,720575940871993659,1
720575940884783674,720575940872182511,1
720575940884783418,720575940924259679,1
720575940884783418,720575940924072261,1
720575940884783418,720575940922909510,1
720575940884783418,720575940912007886,1
720575940884783418,720575940907899342,1
720575940884783418,720575940907968241,1
720575940884783418,720575940908080112,1
720575940884783418,720575940910373681,1
720575940884783418,720575940911346565,1
720575940884783418,720575940911382950,1
720575940884783418,720575940911457776,1
720575940884783418,720575940912271941,1
720575940884783418,720575940921343142,1
720575940884783418,720575940912667261,1
720575940884783418,720575940913458333,1
720575940884783418,720575940914779928,1
720575940884783418,720575940914869232,1
720575940884783418,720575940915927874,1
720575940884783418,720575940916021134,1
720575940884783418,720575940920336660,1
720575940884783674,720575940872631518,1
720575940884783674,720575940875759933,1
720575940884783674,720575940915568533,1
720575940884783674,720575940877738974,1
720575940884783674,720575940898490867,1
720575940884783674,720575940898492147,1
720575940884783674,720575940899816179,1
720575940884783674,720575940899990771,1
720575940884783674,720575940900150515,1
720575940884783674,720575940902619550,1
720575940884783674,720575940903162285,1
720575940884783674,720575940904982957,1
720575940884783674,720575940905653182,1
720575940884783674,720575940907253787,1
720575940884783674,720575940908341232,1
720575940884783674,720575940910023597,1
720575940884783674,720575940910558448,1
720575940884783674,720575940912663280,1
720575940884783674,720575940914045936,1
720575940884783674,720575940914159856,1
720575940884783674,720575940914179056,1
720575940884783674,720575940898223815,1
720575940884783674,720575940897374466,1
720575940884783674,720575940897360022,1
720575940884783674,720575940885498528,1
720575940884783674,720575940878460126,1
720575940884783674,720575940879621597,1
720575940884783674,720575940880372359,1
720575940884783674,720575940882426462,1
720575940884783674,720575940882429278,1
720575940884783674,720575940884607454,1
720575940884783674,720575940884723934,1
720575940884783674,720575940886871485,1
720575940884783674,720575940894926323,1
720575940884783674,720575940889879734,1
720575940884783674,720575940890674102,1
720575940884783674,720575940892642803,1
720575940884783674,720575940893392149,1
720575940884783674,720575940893873415,1
720575940884783674,720575940894141376,1
720575940884783674,720575940894173427,1
720575940884783162,720575940841283861,1
720575940884783162,720575940837955983,1
720575940892182114,720575940897995761,1
720575940880937361,720575940914197232,1
720575940880937361,720575940902760176,1
720575940880937361,720575940906065885,1
720575940880937361,720575940906713699,1
720575940880937361,720575940907453168,1
720575940880937361,720575940907474160,1
720575940880937361,720575940907840497,1
720575940880937361,720575940908963347,1
720575940880937361,720575940909002891,1
720575940880937361,720575940909847856,1
720575940880937361,720575940910558448,1
720575940880937361,720575940911272496,1
720575940880937361,720575940911510000,1
720575940880937361,720575940912189936,1
720575940880937361,720575940913044093,1
720575940880937361,720575940913050096,1
720575940880937361,720575940914084592,1
720575940880937361,720575940914085872,1
720575940880937361,720575940902062528,1
720575940880937361,720575940901743591,1
720575940880937361,720575940901090752,1
720575940880937361,720575940897542795,1
720575940880937361,720575940895912862,1
720575940880937361,720575940895921885,1
720575940880937361,720575940896092403,1
720575940880937361,720575940896601017,1
720575940880937361,720575940896715463,1
720575940880937361,720575940896866731,1
720575940880937361,720575940896928651,1
720575940880937361,720575940897587595,1
720575940880937361,720575940899370425,1
720575940880937361,720575940897916403,1
720575940880937361,720575940898013625,1
720575940880937361,720575940898247353,1
720575940880937361,720575940898466247,1
720575940880937361,720575940898573811,1
720575940880937361,720575940898866675,1
720575940880937361,720575940899112531,1
720575940880937361,720575940914189040,1
720575940880937361,720575940915773865,1
720575940880937361,720575940895274142,1
720575940880937361,720575940916207965,1
720575940882552357,720575940489689756,1
720575940882552357,720575940512799384,1
720575940882552357,720575940513862997,1
720575940882552357,720575940528359689,1
720575940882552357,720575940534756150,1
720575940882552357,720575940575469149,1
720575940882552357,720575940592363185,1
720575940882552357,720575940740228919,1
720575940882552357,720575940747083781,1
720575940882552357,720575940750408945,1
720575940882552357,720575940788162531,1
720575940882552357,720575940795917019,1
720575940882552357,720575940802526537,1
720575940882552357,720575940802664492,1
720575940882552357,720575940804088363,1
720575940882552357,720575940806819101,1
720575940882552357,720575940812477105,1
720575940882552357,720575940445142602,1
720575940882552357,720575940424276889,1
720575940882552357,720575940385504569,1
720575940880937361,720575940925639958,1
720575940880937361,720575940916903312,1
720575940880937361,720575940917363807,1
720575940880937361,720575940917449823,1
720575940880937361,720575940922923078,1
720575940880937361,720575940923203988,1
720575940880937361,720575940923563359,1
720575940880937361,720575940925129560,1
720575940880937361,720575940925741638,1
720575940882552357,0,1
720575940880937361,720575940935169924,1
720575940880937361,720575940937162014,1
720575940880937361,720575940937227652,1
720575940880937361,720575940942901848,1
720575940880937361,720575940943366934,1
720575940880937361,720575940951198247,1
720575940882358733,720575940923002056,1
720575940880937361,720575940895764467,1
720575940880937361,720575940892950187,1
720575940882552357,720575940815916438,1
720575940865475999,720575940928067141,1
720575940865475999,720575940896414909,1
720575940865475999,720575940898386590,1
720575940865475999,720575940899004606,1
720575940865475999,720575940899359533,1
720575940865475999,720575940899433152,1
720575940865475999,720575940899619135,1
720575940865475999,720575940899816179,1
720575940865475999,720575940900125759,1
720575940865475999,720575940901344189,1
720575940865475999,720575940901942768,1
720575940865475999,720575940904258003,1
720575940865475999,720575940907102274,1
720575940865475999,720575940907718978,1
720575940865475999,720575940907812116,1
720575940865475999,720575940907972677,1
720575940865475999,720575940913630891,1
720575940865475999,720575940924233387,1
720575940865475999,720575940893336509,1
720575940865475999,720575940893214909,1
720575940865475999,720575940892000755,1
720575940865475999,720575940883748510,1
720575940865475999,720575940878317918,1
720575940865475999,720575940879810013,1
720575940865475999,720575940880328071,1
720575940865475999,720575940881250883,1
720575940865475999,720575940881652830,1
720575940865475999,720575940881849950,1
720575940865475999,720575940882446750,1
720575940865475999,720575940884583646,1
720575940865475999,720575940891962178,1
720575940865475999,720575940886163638,1
720575940865475999,720575940886508254,1
720575940865475999,720575940886528522,1
720575940865475999,720575940887602153,1
720575940865475999,720575940889178038,1
720575940865475999,720575940889899702,1
720575940865475999,720575940890045752,1
720575940865475999,720575940925743686,1
720575940865475999,720575940928981163,1
720575940880937361,720575940892259827,1
720575940865475999,720575940933568278,1
720575940880937361,720575940877633791,1
720575940880937361,720575940877705640,1
720575940880937361,720575940878622815,1
720575940880937361,720575940881838174,1
720575940880937361,720575940882005882,1
720575940880937361,720575940884051238,1
720575940880937361,720575940884959710,1
720575940880937361,720575940885647968,1
720575940880937361,720575940885832153,1
720575940880937361,720575940887324598,1
720575940880937361,720575940888966006,1
720575940880937361,720575940889186992,1
720575940880937361,720575940889569479,1
720575940880937361,720575940890661364,1
720575940880937361,720575940890828609,1
720575940880937361,720575940891484144,1
720575940880937361,720575940892255499,1
720575940880937361,720575940877612510,1
720575940880937361,720575940877495518,1
720575940880937361,720575940877155550,1
720575940880937361,720575940862490686,1
720575940865475999,720575940945559830,1
720575940865475999,720575940947927830,1
720575940880937361,720575940654189845,1
720575940880937361,720575940796419182,1
720575940880937361,720575940817435545,1
720575940880937361,720575940856544846,1
720575940880937361,720575940860540881,1
720575940880937361,720575940863197963,1
720575940880937361,720575940875193548,1
720575940880937361,720575940866354744,1
720575940880937361,720575940869533454,1
720575940880937361,720575940871993659,1
720575940880937361,720575940872812613,1
720575940880937361,720575940873499102,1
720575940880937361,720575940874204638,1
720575940880937361,720575940874621535,1
720575940882552357,720575940815319738,1
720575940882552357,720575940816823784,1
720575940884783162,720575940826833144,1
720575940882552357,720575940918406448,1
720575940882552357,720575940900313721,1
720575940882552357,720575940900560191,1
720575940882552357,720575940900575295,1
720575940882552357,720575940903046890,1
720575940882552357,720575940903104400,1
720575940882552357,720575940903159440,1
720575940882552357,720575940903382143,1
720575940882552357,720575940904249043,1
720575940882552357,720575940904460614,1
720575940882552357,720575940906484504,1
720575940882552357,720575940906592561,1
720575940882552357,720575940906696803,1
720575940882552357,720575940907992453,1
720575940882552357,720575940908255783,1
720575940882552357,720575940912516221,1
720575940882552357,720575940913497392,1
720575940882552357,720575940915039764,1
720575940882552357,720575940900257195,1
720575940882552357,720575940899928516,1
720575940882552357,720575940899339821,1
720575940882552357,720575940893962241,1
720575940882552357,720575940892294214,1
720575940882552357,720575940892610843,1
720575940882552357,720575940892615796,1
720575940882552357,720575940893213971,1
720575940882552357,720575940893386005,1
720575940882552357,720575940893499171,1
720575940882552357,720575940893913584,1
720575940882552357,720575940894008433,1
720575940882552357,720575940899136477,1
720575940882552357,720575940894647300,1
720575940882552357,720575940895130024,1
720575940882552357,720575940895384083,1
720575940882552357,720575940895626367,1
720575940882552357,720575940896760263,1
720575940882552357,720575940897018814,1
720575940882552357,720575940898800043,1
720575940882552357,720575940915684544,1
720575940882552357,720575940918418480,1
720575940882552357,720575940892154823,1
720575940882552357,720575940918744952,1
720575940884783162,720575940559082333,1
720575940884783162,720575940655674841,1
720575940884783162,720575940658053814,1
720575940884783162,720575940660668400,1
720575940884783162,720575940737654713,1
720575940884783162,720575940775921460,1
720575940884783162,720575940791967344,1
720575940884783162,720575940798314810,1
720575940884783162,720575940798880762,1
720575940884783162,720575940799396325,1
720575940884783162,720575940799806838,1
720575940884783162,720575940802124413,1
720575940884783162,720575940802592433,1
720575940884783162,720575940806073142,1
720575940884783162,720575940806686546,1
720575940884783162,720575940811816000,1
720575940884783162,720575940819690807,1
720575940884783162,720575940530907744,1
720575940884783162,720575940496722830,1
720575940884783162,720575940484332369,1
720575940882552357,720575940927197004,1
720575940882552357,720575940919106300,1
720575940882552357,720575940919240188,1
720575940882552357,720575940919371944,1
720575940882552357,720575940920833705,1
720575940882552357,720575940921267239,1
720575940882552357,720575940923055174,1
720575940882552357,720575940924158868,1
720575940882552357,720575940930307196,1
720575940884783162,720575940466636764,1
720575940882552357,720575940930308220,1
720575940882552357,720575940931294303,1
720575940882552357,720575940934662420,1
720575940882552357,720575940950978470,1
720575940882552357,720575940954685350,1
720575940882552357,720575940958597396,1
720575940884783162,720575940409438690,1
720575940882552357,720575940892189715,1
720575940882552357,720575940891738857,1
720575940882552357,720575940817083670,1
720575940882552357,720575940867111536,1
720575940882552357,720575940859112162,1
720575940882552357,720575940859545672,1
720575940882552357,720575940859869025,1
720575940882552357,720575940860074028,1
720575940882552357,720575940860081905,1
720575940882552357,720575940860397612,1
720575940882552357,720575940860409644,1
720575940882552357,720575940861421497,1
720575940882552357,720575940861535575,1
720575940882552357,720575940863191344,1
720575940882552357,720575940863252528,1
720575940882552357,720575940863966202,1
720575940882552357,720575940864469481,1
720575940882552357,720575940864748594,1
720575940882552357,720575940864808242,1
720575940882552357,720575940864820218,1
720575940882552357,720575940865860999,1
720575940882552357,720575940858966375,1
720575940882552357,720575940857465042,1
720575940882552357,720575940857419767,1
720575940882552357,720575940840489247,1
720575940882552357,720575940817180182,1
720575940882552357,720575940819930526,1
720575940882552357,720575940820833485,1
720575940882552357,720575940824127664,1
720575940882552357,720575940825098832,1
720575940882552357,720575940829556333,1
720575940882552357,720575940838345581,1
720575940882552357,720575940842006875,1
720575940882552357,720575940856357542,1
720575940882552357,720575940846596995,1
720575940882552357,720575940847881367,1
720575940882552357,720575940848664654,1
720575940882552357,720575940850093369,1
720575940882552357,720575940850161977,1
720575940882552357,720575940855649780,1
720575940882552357,720575940855669492,1
720575940882552357,720575940866185072,1
720575940882552357,720575940867535534,1
720575940882552357,720575940890373395,1
720575940882552357,720575940868082094,1
720575940882552357,720575940879491045,1
720575940882552357,720575940879557959,1
720575940882552357,720575940879609983,1
720575940882552357,720575940880476279,1
720575940882552357,720575940880761146,1
720575940882552357,720575940880820113,1
720575940882552357,720575940883808406,1
720575940882552357,720575940884580611,1
720575940882552357,720575940884585987,1
720575940882552357,720575940884869045,1
720575940882552357,720575940885419494,1
720575940882552357,720575940886875670,1
720575940882552357,720575940886991344,1
720575940882552357,720575940887826730,1
720575940882552357,720575940888076911,1
720575940882552357,720575940888508707,1
720575940882552357,720575940890220206,1
720575940882552357,720575940879252658,1
720575940882552357,720575940878617855,1
720575940882552357,720575940878076404,1
720575940882552357,720575940871986326,1
720575940882552357,720575940868312238,1
720575940882552357,720575940868701311,1
720575940882552357,720575940869736950,1
720575940882552357,720575940870831736,1
720575940882552357,720575940871347015,1
720575940882552357,720575940871496822,1
720575940882552357,720575940871578488,1
720575940882552357,720575940872406280,1
720575940882552357,720575940878062068,1
720575940882552357,720575940873421125,1
720575940882552357,720575940873760636,1
720575940882552357,720575940874025029,1
720575940882552357,720575940874268229,1
720575940882552357,720575940876940301,1
720575940882552357,720575940876947008,1
720575940882552357,720575940877018001,1
720575940892182114,720575940897978611,1
720575940892182114,720575940898218937,1
720575940901832423,720575940917812363,1
720575940894738697,720575940893117866,1
720575940894738697,720575940856319462,1
720575940894738697,720575940869764048,1
720575940894738697,720575940872853214,1
720575940894738697,720575940873304840,1
720575940894738697,720575940873649151,1
720575940894738697,720575940875953769,1
720575940894738697,720575940877466167,1
720575940894738697,720575940877493214,1
720575940894738697,720575940880036573,1
720575940894738697,720575940881381375,1
720575940894738697,720575940881845397,1
720575940894738697,720575940883474654,1
720575940894738697,720575940885194945,1
720575940894738697,720575940890054495,1
720575940894738697,720575940890478835,1
720575940894738697,720575940890518771,1
720575940894738697,720575940891123733,1
720575940894738697,720575940853043525,1
720575940894738697,720575940608262779,1
720575940894738697,720575940535179028,1
720575940893347043,720575940920359956,1
720575940893347043,720575940909209905,1
720575940893347043,720575940909689816,1
720575940893347043,720575940910795056,1
720575940893347043,720575940912614210,1
720575940893347043,720575940913448561,1
720575940893347043,720575940915362923,1
720575940893347043,720575940918076948,1
720575940893347043,720575940922765354,1
720575940894143043,720575940931230047,1
720575940893347043,720575940932453652,1
720575940893347043,720575940933302294,1
720575940893347043,720575940939933204,1
720575940893347043,720575940941199126,1
720575940893347043,720575940941576982,1
720575940893347043,720575940943504662,1
720575940893347043,720575940951198247,1
720575940894738697,720575940893012976,1
720575940894738697,720575940894902160,1
720575940893347043,720575940907870654,1
720575940894738697,720575940896000926,1
720575940894738697,720575940922831382,1
720575940894738697,720575940923624518,1
720575940894738697,720575940924560918,1
720575940894738697,720575940925964876,1
720575940894738697,720575940932533636,1
720575940894738697,720575940940902015,1
720575940894738697,720575940946503188,1
720575940894738697,720575940954013204,1
720575940897981681,720575940865475999,1
720575940900331385,720575940813797403,1
720575940900331385,720575940837964926,1
720575940900331385,720575940856651598,1
720575940900331385,720575940858527496,1
720575940900331385,720575940861118110,1
720575940900331385,720575940861407986,1
720575940900331385,720575940862174153,1
720575940900331385,720575940866001391,1
720575940894738697,720575940922521964,1
720575940894738697,720575940921040406,1
720575940894738697,720575940919939197,1
720575940894738697,720575940899871936,1
720575940894738697,720575940897026494,1
720575940894738697,720575940897032157,1
720575940894738697,720575940897275787,1
720575940894738697,720575940898492147,1
720575940894738697,720575940898989200,1
720575940894738697,720575940899036304,1
720575940894738697,720575940899291367,1
720575940894738697,720575940902964723,1
720575940894738697,720575940917867177,1
720575940894738697,720575940906606507,1
720575940894738697,720575940907109617,1
720575940894738697,720575940909383870,1
720575940894738697,720575940911477232,1
720575940894738697,720575940911631764,1
720575940894738697,720575940913855984,1
720575940894738697,720575940914159856,1
720575940893347043,720575940909093745,1
720575940893347043,720575940907797438,1
720575940900331385,720575940868905455,1
720575940893347043,720575940880837785,1
720575940892240546,720575940922765354,1
720575940892240546,720575940931025796,1
720575940892240546,720575940941563158,1
720575940892240546,720575940942918232,1
720575940892240546,720575940945974148,1
720575940892240546,720575940964329638,1
720575940893336509,720575940865475999,1
720575940893347043,720575940722046444,1
720575940893347043,720575940800873873,1
720575940893347043,720575940811469564,1
720575940893347043,720575940822394220,1
720575940893347043,720575940857108227,1
720575940893347043,720575940861524306,1
720575940893347043,720575940866193582,1
720575940893347043,720575940873576561,1
720575940893347043,720575940875120983,1
720575940893347043,720575940876101912,1
720575940892240546,720575940922333974,1
720575940892240546,720575940920359956,1
720575940892240546,720575940917746083,1
720575940892240546,720575940908055486,1
720575940892240546,720575940902661910,1
720575940892240546,720575940902680734,1
720575940892240546,720575940903109183,1
720575940892240546,720575940905014742,1
720575940892240546,720575940907069374,1
720575940892240546,720575940907463664,1
720575940892240546,720575940907967422,1
720575940892240546,720575940908359172,1
720575940892240546,720575940915193366,1
720575940892240546,720575940908748633,1
720575940892240546,720575940911326313,1
720575940892240546,720575940911447025,1
720575940892240546,720575940912591238,1
720575940892240546,720575940913513329,1
720575940892240546,720575940913513968,1
720575940892240546,720575940914408700,1
720575940893347043,720575940880813150,1
720575940893347043,720575940881733324,1
720575940893347043,720575940906372485,1
720575940893347043,720575940882082080,1
720575940893347043,720575940891357291,1
720575940893347043,720575940891371438,1
720575940893347043,720575940892982889,1
720575940893347043,720575940893151662,1
720575940893347043,720575940893949822,1
720575940893347043,720575940894298867,1
720575940893347043,720575940895715005,1
720575940893347043,720575940895870315,1
720575940893347043,720575940896021150,1
720575940893347043,720575940896529607,1
720575940893347043,720575940896944369,1
720575940893347043,720575940898306992,1
720575940893347043,720575940898915518,1
720575940893347043,720575940900860785,1
720575940893347043,720575940901922030,1
720575940893347043,720575940902680734,1
720575940893347043,720575940905014742,1
720575940893347043,720575940891254748,1
720575940893347043,720575940890672591,1
720575940893347043,720575940890510262,1
720575940893347043,720575940887305927,1
720575940893347043,720575940883458469,1
720575940893347043,720575940884031660,1
720575940893347043,720575940884602854,1
720575940893347043,720575940885539783,1
720575940893347043,720575940886454461,1
720575940893347043,720575940886695336,1
720575940893347043,720575940887030313,1
720575940893347043,720575940887843517,1
720575940893347043,720575940890152118,1
720575940893347043,720575940888047047,1
720575940893347043,720575940888818614,1
720575940893347043,720575940888830407,1
720575940893347043,720575940888939702,1
720575940893347043,720575940888963881,1
720575940893347043,720575940888966006,1
720575940893347043,720575940890109878,1
720575940900331385,720575940866003439,1
720575940900331385,720575940870023443,1
720575940892240546,720575940899979453,1
720575940901832423,720575940890672591,1
720575940901832423,720575940882628764,1
720575940901832423,720575940882639454,1
720575940901832423,720575940883301854,1
720575940901832423,720575940884103167,1
720575940901832423,720575940884959710,1
720575940901832423,720575940885817801,1
720575940901832423,720575940886610119,1
720575940901832423,720575940886902973,1
720575940901832423,720575940887305927,1
720575940901832423,720575940888159047,1
720575940901832423,720575940888186447,1
720575940901832423,720575940889171145,1
720575940901832423,720575940889210743,1
720575940901832423,720575940889342919,1
720575940901832423,720575940889823926,1
720575940901832423,720575940889953723,1
720575940901832423,720575940890022070,1
720575940901832423,720575940882462046,1
720575940901832423,720575940882453598,1
720575940901832423,720575940880874393,1
720575940901832423,720575940868738366,1
720575940901832423,720575940719429151,1
720575940901832423,720575940857319953,1
720575940901832423,720575940859422723,1
720575940901832423,720575940863610441,1
720575940901832423,720575940864869120,1
720575940901832423,720575940865167313,1
720575940901832423,720575940868638957,1
720575940901832423,720575940871749240,1
720575940901832423,720575940879513683,1
720575940901832423,720575940872894047,1
720575940901832423,720575940873404478,1
720575940901832423,720575940873758949,1
720575940901832423,720575940875546091,1
720575940901832423,720575940877885183,1
720575940901832423,720575940879457083,1
720575940901832423,720575940879468347,1
720575940901832423,720575940890270279,1
720575940901832423,720575940891847166,1
720575940900331385,720575940937585686,1
720575940901832423,720575940893117866,1
720575940901832423,720575940905872880,1
720575940901832423,720575940906371378,1
720575940901832423,720575940907343345,1
720575940901832423,720575940907474160,1
720575940901832423,720575940909763288,1
720575940901832423,720575940910066773,1
720575940901832423,720575940911103472,1
720575940901832423,720575940911153577,1
720575940901832423,720575940912143600,1
720575940901832423,720575940912972784,1
720575940901832423,720575940913573824,1
720575940901832423,720575940913596608,1
720575940901832423,720575940914084592,1
720575940901832423,720575940914387600,1
720575940901832423,720575940914670016,1
720575940901832423,720575940915740585,1
720575940901832423,720575940915764393,1
720575940901832423,720575940905355465,1
720575940901832423,720575940904955094,1
720575940901832423,720575940904093611,1
720575940901832423,720575940896735930,1
720575940901832423,720575940893389333,1
720575940901832423,720575940893539216,1
720575940901832423,720575940894298867,1
720575940901832423,720575940894811379,1
720575940901832423,720575940895139266,1
720575940901832423,720575940896345843,1
720575940901832423,720575940896349171,1
720575940901832423,720575940897542795,1
720575940901832423,720575940903704099,1
720575940901832423,720575940897639881,1
720575940901832423,720575940898013625,1
720575940901832423,720575940898306992,1
720575940901832423,720575940898466247,1
720575940901832423,720575940898533619,1
720575940901832423,720575940902334085,1
720575940901832423,720575940902661104,1
720575940901832423,0,1
720575940900331385,720575940930868813,1
720575940900331385,720575940874417385,1
720575940900331385,720575940898866675,1
720575940900331385,720575940889004470,1
720575940900331385,720575940889437878,1
720575940900331385,720575940890413750,1
720575940900331385,720575940890522038,1
720575940900331385,720575940891968381,1
720575940900331385,720575940892307211,1
720575940900331385,720575940893559024,1
720575940900331385,720575940894229252,1
720575940900331385,720575940894385769,1
720575940900331385,720575940895307182,1
720575940900331385,720575940895836011,1
720575940900331385,720575940896026045,1
720575940900331385,720575940896323774,1
720575940900331385,720575940897095865,1
720575940900331385,720575940897715902,1
720575940900331385,720575940898492147,1
720575940900331385,720575940898810899,1
720575940900331385,720575940888966006,1
720575940900331385,720575940888834742,1
720575940900331385,720575940888741814,1
720575940900331385,720575940882082080,1
720575940900331385,720575940874468318,1
720575940900331385,720575940877631999,1
720575940900331385,720575940879902686,1
720575940900331385,720575940880784222,1
720575940900331385,720575940881109645,1
720575940900331385,720575940881226078,1
720575940900331385,720575940881980254,1
720575940900331385,720575940882516318,1
720575940900331385,720575940887152497,1
720575940900331385,720575940882707550,1
720575940900331385,720575940882789214,1
720575940900331385,720575940882882966,1
720575940900331385,720575940883243742,1
720575940900331385,720575940883992102,1
720575940900331385,720575940886514180,1
720575940900331385,720575940887090394,1
720575940900331385,720575940898841840,1
720575940900331385,720575940899160659,1
720575940900331385,720575940926065752,1
720575940865475999,720575940861407986,1
720575940900331385,720575940912591238,1
720575940900331385,720575940912857584,1
720575940900331385,720575940914062832,1
720575940900331385,720575940914163952,1
720575940900331385,720575940914657560,1
720575940900331385,720575940914689816,1
720575940900331385,720575940915143958,1
720575940900331385,720575940915336726,1
720575940900331385,720575940916254045,1
720575940900331385,720575940916376642,1
720575940900331385,720575940917095339,1
720575940900331385,720575940917449823,1
720575940900331385,720575940918396440,1
720575940900331385,720575940919045143,1
720575940900331385,720575940921351519,1
720575940900331385,720575940924436802,1
720575940900331385,720575940925741638,1
720575940900331385,720575940911599189,1
720575940900331385,720575940911500017,1
720575940900331385,720575940911159209,1
720575940900331385,720575940905686003,1
720575940900331385,720575940899993707,1
720575940900331385,720575940902190320,1
720575940900331385,720575940902767382,1
720575940900331385,720575940902774383,1
720575940900331385,720575940903796331,1
720575940900331385,720575940904280051,1
720575940900331385,720575940904824316,1
720575940900331385,720575940907045937,1
720575940900331385,720575940909622734,1
720575940900331385,720575940907631601,1
720575940900331385,720575940907651006,1
720575940900331385,720575940907770609,1
720575940900331385,720575940907993620,1
720575940900331385,720575940908424945,1
720575940900331385,720575940909086065,1
720575940900331385,720575940909205980,1
720575940892240546,720575940901967342,1
720575940892240546,720575940897854449,1
720575940892182114,720575940898835143,1
720575940892240034,720575940882018825,1
720575940892240034,720575940872847326,1
720575940892240034,720575940873381701,1
720575940892240034,720575940873718471,1
720575940892240034,720575940873841353,1
720575940892240034,720575940874025417,1
720575940892240034,720575940874799711,1
720575940892240034,720575940875096407,1
720575940892240034,720575940875178876,1
720575940892240034,720575940875181583,1
720575940892240034,720575940875286959,1
720575940892240034,720575940875293359,1
720575940892240034,720575940875345913,1
720575940892240034,720575940875380063,1
720575940892240034,720575940877241183,1
720575940892240034,720575940877917288,1
720575940892240034,720575940878216287,1
720575940892240034,720575940878332382,1
720575940892240034,720575940871973850,1
720575940892240034,720575940869577915,1
720575940892240034,720575940868035260,1
720575940892240034,720575940859139121,1
720575940892240034,720575940854933007,1
720575940892240034,720575940855991227,1
720575940892240034,720575940856408925,1
720575940892240034,720575940856496278,1
720575940892240034,720575940857082615,1
720575940892240034,720575940857097207,1
720575940892240034,720575940858307413,1
720575940892240034,720575940859296408,1
720575940892240034,720575940867561493,1
720575940892240034,720575940859660076,1
720575940892240034,720575940861020809,1
720575940892240034,720575940861829694,1
720575940892240034,720575940862592081,1
720575940892240034,720575940864262194,1
720575940892240034,720575940864903218,1
720575940892240034,720575940866716308,1
720575940892240034,720575940878778868,1
720575940892240034,720575940882133348,1
720575940892240034,720575940854458078,1
720575940892240034,720575940882353743,1
720575940892240034,720575940894556521,1
720575940892240034,720575940896746347,1
720575940892240034,720575940896851143,1
720575940892240034,720575940897018814,1
720575940892240034,720575940898171805,1
720575940892240034,720575940898217373,1
720575940892240034,720575940898372457,1
720575940892240034,720575940899182636,1
720575940892240034,720575940899256770,1
720575940892240034,720575940899928516,1
720575940892240034,720575940900997140,1
720575940892240034,720575940901391840,1
720575940892240034,720575940901861596,1
720575940892240034,720575940903659555,1
720575940892240034,720575940904094232,1
720575940892240034,720575940906986664,1
720575940892240034,720575940907319345,1
720575940892240034,720575940893386005,1
720575940892240034,720575940892615796,1
720575940892240034,720575940892459539,1
720575940892240034,720575940887826730,1
720575940892240034,720575940882593363,1
720575940892240034,720575940882929849,1
720575940892240034,720575940884702931,1
720575940892240034,720575940884791213,1
720575940892240034,720575940885558127,1
720575940892240034,720575940885911041,1
720575940892240034,720575940887631267,1
720575940892240034,720575940889826112,1
720575940892240034,720575940892379155,1
720575940892240034,720575940890102379,1
720575940892240034,720575940890169262,1
720575940892240034,720575940890478363,1
720575940892240034,720575940890664475,1
720575940892240034,720575940891137137,1
720575940892240034,720575940891414014,1
720575940892240034,720575940892069218,1
720575940892240034,720575940854912015,1
720575940892240034,720575940851420938,1
720575940892240034,720575940909370131,1
720575940892219134,720575940897670857,1
720575940892182114,720575940927407124,1
720575940892182114,720575940931066900,1
720575940892182114,720575940931155295,1
720575940892182114,720575940932238870,1
720575940892182114,720575940933695254,1
720575940892182114,720575940945525014,1
720575940892182114,720575940945858948,1
720575940892182114,720575940946343956,1
720575940892182114,720575940951348646,1
720575940892182114,720575940954617108,1
720575940892219134,720575940604480545,1
720575940892219134,720575940878142632,1
720575940892219134,720575940881553188,1
720575940892219134,720575940881675870,1
720575940892219134,720575940888648886,1
720575940892219134,720575940888679350,1
720575940892219134,720575940890790876,1
720575940892182114,720575940927057759,1
720575940892182114,720575940922528508,1
720575940892182114,720575940917017732,1
720575940892182114,720575940903056618,1
720575940892182114,720575940899158641,1
720575940892182114,720575940899990771,1
720575940892182114,720575940900006131,1
720575940892182114,720575940900325107,1
720575940892182114,720575940901852605,1
720575940892182114,720575940901937904,1
720575940892182114,720575940902457073,1
720575940892182114,720575940905734249,1
720575940892182114,720575940916174378,1
720575940892182114,720575940906497984,1
720575940892182114,720575940906519145,1
720575940892182114,720575940907770609,1
720575940892182114,720575940907911563,1
720575940892182114,720575940911996656,1
720575940892182114,720575940915202072,1
720575940892182114,720575940915718385,1
720575940892219134,720575940894642900,1
720575940892219134,720575940897898481,1
720575940892240034,720575940844486461,1
720575940892219134,720575940898803734,1
720575940892240034,720575940784974596,1
720575940892240034,720575940785997478,1
720575940892240034,720575940788908360,1
720575940892240034,720575940793487214,1
720575940892240034,720575940794459199,1
720575940892240034,720575940794594673,1
720575940892240034,720575940795630409,1
720575940892240034,720575940797832945,1
720575940892240034,720575940799692091,1
720575940892240034,720575940804709738,1
720575940892240034,720575940810192916,1
720575940892240034,720575940810388328,1
720575940892240034,720575940811791432,1
720575940892240034,720575940811981563,1
720575940892240034,720575940817615878,1
720575940892240034,720575940822777955,1
720575940892240034,720575940842181141,1
720575940892240034,720575940748082520,1
720575940892240034,720575940537511156,1
720575940892240034,720575940449320202,1
720575940892219134,720575940915491862,1
720575940892219134,720575940898823446,1
720575940892219134,720575940899402176,1
720575940892219134,720575940906702947,1
720575940892219134,720575940907647217,1
720575940892219134,720575940908153550,1
720575940892219134,720575940908313584,1
720575940892219134,720575940915468566,1
720575940892219134,720575940915568533,1
720575940892240034,720575940382825998,1
720575940892219134,720575940915908674,1
720575940892219134,720575940918840747,1
720575940892219134,720575940925781134,1
720575940892219134,720575940926941099,1
720575940892219134,720575940928594198,1
720575940892219134,720575940932926230,1
720575940892219134,720575940950853798,1
720575940892240034,720575940907793854,1
720575940892240034,720575940910348165,1
720575940892240546,720575940897406513,1
720575940892240290,720575940930645163,1
720575940892240290,720575940912645360,1
720575940892240290,720575940912861053,1
720575940892240290,720575940913187709,1
720575940892240290,720575940913885506,1
720575940892240290,720575940914227440,1
720575940892240290,720575940914359206,1
720575940892240290,720575940916050242,1
720575940892240290,720575940916057486,1
720575940892240290,720575940916147778,1
720575940892240290,720575940916204098,1
720575940892240290,720575940916890749,1
720575940892240290,720575940917312380,1
720575940892240290,720575940917782955,1
720575940892240290,720575940918171261,1
720575940892240290,720575940919720258,1
720575940892240290,720575940922272863,1
720575940892240290,720575940926239766,1
720575940892240290,720575940911974449,1
720575940892240290,720575940911477232,1
720575940892240290,720575940911362544,1
720575940892240290,720575940903054749,1
720575940892240290,720575940899106013,1
720575940892240290,720575940900720594,1
720575940892240290,720575940901960430,1
720575940892240290,720575940901977388,1
720575940892240290,720575940902192492,1
720575940892240290,720575940902477981,1
720575940892240290,720575940902671774,1
720575940892240290,720575940903286036,1
720575940892240290,720575940910120142,1
720575940892240290,720575940903927998,1
720575940892240290,720575940907430094,1
720575940892240290,720575940907976432,1
720575940892240290,720575940908269808,1
720575940892240290,720575940908930608,1
720575940892240290,720575940909827135,1
720575940892240290,720575940909936969,1
720575940892240290,720575940929622443,1
720575940892240290,720575940930759544,1
720575940892240290,720575940898084140,1
720575940892240290,720575940932883781,1
720575940892240546,720575940887502269,1
720575940892240546,720575940887699016,1
720575940892240546,720575940889511025,1
720575940892240546,720575940889619382,1
720575940892240546,720575940889823926,1
720575940892240546,720575940894777331,1
720575940892240546,720575940895745213,1
720575940892240546,720575940895819965,1
720575940892240546,720575940895827133,1
720575940892240546,720575940895993273,1
720575940892240546,720575940896026557,1
720575940892240546,720575940896107251,1
720575940892240546,720575940896183735,1
720575940892240546,720575940896340228,1
720575940892240546,720575940897026494,1
720575940892240546,720575940897142969,1
720575940892240546,720575940897285122,1
720575940892240546,720575940887090394,1
720575940892240546,720575940885726878,1
720575940892240546,720575940885327278,1
720575940892240290,720575940946331924,1
720575940892240290,720575940933058629,1
720575940892240290,720575940933379094,1
720575940892240290,720575940933783574,1
720575940892240290,720575940940034324,1
720575940892240290,720575940940231700,1
720575940892240290,720575940941664534,1
720575940892240290,720575940942806550,1
720575940892240290,720575940954144600,1
720575940892240546,720575940884720442,1
720575940892240290,720575940954953126,1
720575940892240546,720575940860358687,1
720575940892240546,720575940869533454,1
720575940892240546,720575940873494846,1
720575940892240546,720575940876745438,1
720575940892240546,720575940881867003,1
720575940892240546,720575940884031660,1
720575940892240290,720575940899068403,1
720575940892240290,720575940897927106,1
720575940892240034,720575940910843269,1
720575940892240290,720575940878629598,1
720575940892240290,720575940797374535,1
720575940892240290,720575940823996289,1
720575940892240290,720575940851342067,1
720575940892240290,720575940854916841,1
720575940892240290,720575940860364770,1
720575940892240290,720575940862067986,1
720575940892240290,720575940862509784,1
720575940892240290,720575940862549791,1
720575940892240290,720575940862554885,1
720575940892240290,720575940869500938,1
720575940892240290,720575940870503117,1
720575940892240290,720575940871454158,1
720575940892240290,720575940873253065,1
720575940892240290,720575940873984471,1
720575940892240290,720575940874289111,1
720575940892240290,720575940875414075,1
720575940892240290,720575940876797023,1
720575940892240290,720575940791299754,1
720575940892240290,720575940781715908,1
720575940892240290,720575940778764397,1
720575940892240034,720575940918890310,1
720575940892240034,720575940912526982,1
720575940892240034,720575940913536828,1
720575940892240034,720575940913542798,1
720575940892240034,720575940915217983,1
720575940892240034,720575940915684544,1
720575940892240034,720575940917898152,1
720575940892240034,720575940918881119,1
720575940892240034,720575940921200846,1
720575940892240290,720575940614777192,1
720575940892240034,720575940921267239,1
720575940892240034,720575940923620447,1
720575940892240034,720575940923684447,1
720575940892240034,720575940933674565,1
720575940892240034,720575940941089388,1
720575940892240034,720575940960194068,1
720575940892240290,720575940537019515,1
720575940892240290,720575940878494332,1
720575940892240290,720575940879266613,1
720575940892240290,720575940897879537,1
720575940892240290,720575940879537637,1
720575940892240290,720575940888643510,1
720575940892240290,720575940888713329,1
720575940892240290,720575940889657526,1
720575940892240290,720575940889732627,1
720575940892240290,720575940890070635,1
720575940892240290,720575940890205373,1
720575940892240290,720575940891323566,1
720575940892240290,720575940891573564,1
720575940892240290,720575940892001494,1
720575940892240290,720575940893408011,1
720575940892240290,720575940893530768,1
720575940892240290,720575940894038555,1
720575940892240290,720575940895691934,1
720575940892240290,720575940896117149,1
720575940892240290,720575940896364275,1
720575940892240290,720575940897211275,1
720575940892240290,720575940897827569,1
720575940892240290,720575940887137899,1
720575940892240290,720575940886581827,1
720575940892240290,720575940885635750,1
720575940892240290,720575940881894913,1
720575940892240290,720575940880217785,1
720575940892240290,720575940880666355,1
720575940892240290,720575940880720222,1
720575940892240290,720575940880915300,1
720575940892240290,720575940880928606,1
720575940892240290,720575940880938846,1
720575940892240290,720575940881356388,1
720575940892240290,720575940882361604,1
720575940892240290,720575940885413990,1
720575940892240290,720575940882857657,1
720575940892240290,720575940883474654,1
720575940892240290,720575940883486059,1
720575940892240290,720575940884493241,1
720575940892240290,720575940884705609,1
720575940892240290,720575940884728634,1
720575940892240290,720575940884803744,1
720575940900331385,720575940899160915,1
