post_id,post_coord,pre_den_id,pre_den_coord,overlap
720575940865160474,"22364,2792,812",720575940873509950,"29155,3903,1758",0.000000
720575940865160474,"22364,2792,812",720575940893307467,"24104,3598,1701",0.000000
720575940865160474,"22364,2792,812",720575940929601786,"26320,3381,1543",0.000000
720575940865160474,"22364,2792,812",720575940912627846,"22589,3518,2073",0.000000
720575940865160474,"22364,2792,812",720575940875009249,"24558,3736,2265",0.000000
720575940865160474,"22364,2792,812",720575940891538468,"25430,4764,1460",0.000000
720575940865160474,"22364,2792,812",720575940896891210,"22476,4688,1997",0.000000
720575940865160474,"22364,2792,812",720575940875009505,"24266,4298,1651",0.000000
720575940865160474,"22364,2792,812",720575940877168904,"27950,4274,1601",0.000000
720575940865160474,"22364,2792,812",720575940915389853,"28063,4731,1501",0.000000
720575940865160474,"22364,2792,812",720575940915390109,"43805,6509,1651",0.000000
720575940865160474,"22364,2792,812",720575940859668375,"44611,6738,1017",0.000000
720575940865160474,"22364,2792,812",720575940879241452,"12157,5778,1731",0.000000
720575940865160474,"22364,2792,812",720575940896891466,"24510,4268,832",0.000000
720575940865160474,"22364,2792,812",720575940892190818,"40863,5761,1321",0.000000
720575940865160474,"22364,2792,812",720575940879813622,"37934,6202,141",0.000000
720575940865160474,"22364,2792,812",720575940951311655,"27837,3887,654",53.316263
720575940865160474,"22364,2792,812",720575940900275426,"17933,2855,2476",0.000000
720575940865160474,"22364,2792,812",720575940882688412,"37209,4746,2029",0.000000
720575940865160474,"22364,2792,812",720575940955236696,"24389,3216,2237",0.000000
720575940865160474,"22364,2792,812",720575940881950033,"22054,2885,2756",42.611768
720575940865160474,"22364,2792,812",720575940868783597,"30837,4276,976",0.000000
720575940865160474,"22364,2792,812",720575940894200219,"32924,5320,1118",0.000000
720575940865160474,"22364,2792,812",720575940915390365,"20825,5711,2247",0.000000
720575940865160474,"22364,2792,812",720575940875009761,"30563,3134,541",0.000000
720575940865160474,"22364,2792,812",720575940878349179,"41785,5171,3367",0.000000
720575940865160474,"22364,2792,812",720575940889785957,"25781,3130,2539",0.000000
720575940881844049,"36293,2701,3171",720575940873509950,"29155,3903,1758",0.000000
720575940881844049,"36293,2701,3171",720575940893307467,"24104,3598,1701",0.000000
720575940881844049,"36293,2701,3171",720575940929601786,"26320,3381,1543",0.000000
720575940881844049,"36293,2701,3171",720575940912627846,"22589,3518,2073",0.000000
720575940881844049,"36293,2701,3171",720575940875009249,"24558,3736,2265",0.000000
720575940881844049,"36293,2701,3171",720575940891538468,"25430,4764,1460",0.000000
720575940881844049,"36293,2701,3171",720575940896891210,"22476,4688,1997",0.000000
720575940881844049,"36293,2701,3171",720575940875009505,"24266,4298,1651",0.000000
720575940881844049,"36293,2701,3171",720575940877168904,"27950,4274,1601",0.000000
720575940881844049,"36293,2701,3171",720575940915389853,"28063,4731,1501",0.000000
720575940881844049,"36293,2701,3171",720575940915390109,"43805,6509,1651",0.000000
720575940881844049,"36293,2701,3171",720575940859668375,"44611,6738,1017",0.000000
720575940881844049,"36293,2701,3171",720575940879241452,"12157,5778,1731",0.000000
720575940881844049,"36293,2701,3171",720575940896891466,"24510,4268,832",0.000000
720575940881844049,"36293,2701,3171",720575940892190818,"40863,5761,1321",0.000000
720575940881844049,"36293,2701,3171",720575940879813622,"37934,6202,141",0.000000
720575940881844049,"36293,2701,3171",720575940951311655,"27837,3887,654",0.000000
720575940881844049,"36293,2701,3171",720575940900275426,"17933,2855,2476",0.000000
720575940881844049,"36293,2701,3171",720575940882688412,"37209,4746,2029",85.689983
720575940881844049,"36293,2701,3171",720575940955236696,"24389,3216,2237",0.000000
720575940881844049,"36293,2701,3171",720575940881950033,"22054,2885,2756",0.000000
720575940881844049,"36293,2701,3171",720575940868783597,"30837,4276,976",0.000000
720575940881844049,"36293,2701,3171",720575940894200219,"32924,5320,1118",0.000000
720575940881844049,"36293,2701,3171",720575940915390365,"20825,5711,2247",0.000000
720575940881844049,"36293,2701,3171",720575940875009761,"30563,3134,541",0.000000
720575940881844049,"36293,2701,3171",720575940878349179,"41785,5171,3367",0.000000
720575940881844049,"36293,2701,3171",720575940889785957,"25781,3130,2539",0.000000
720575940902401208,"43341,3453,2176",720575940873509950,"29155,3903,1758",0.000000
720575940902401208,"43341,3453,2176",720575940893307467,"24104,3598,1701",0.000000
720575940902401208,"43341,3453,2176",720575940929601786,"26320,3381,1543",0.000000
720575940902401208,"43341,3453,2176",720575940912627846,"22589,3518,2073",0.000000
720575940902401208,"43341,3453,2176",720575940875009249,"24558,3736,2265",0.000000
720575940902401208,"43341,3453,2176",720575940891538468,"25430,4764,1460",0.000000
720575940902401208,"43341,3453,2176",720575940896891210,"22476,4688,1997",0.000000
720575940902401208,"43341,3453,2176",720575940875009505,"24266,4298,1651",0.000000
720575940902401208,"43341,3453,2176",720575940877168904,"27950,4274,1601",0.000000
720575940902401208,"43341,3453,2176",720575940915389853,"28063,4731,1501",0.000000
720575940902401208,"43341,3453,2176",720575940915390109,"43805,6509,1651",0.000000
720575940902401208,"43341,3453,2176",720575940859668375,"44611,6738,1017",0.000000
720575940902401208,"43341,3453,2176",720575940879241452,"12157,5778,1731",0.000000
720575940902401208,"43341,3453,2176",720575940896891466,"24510,4268,832",0.000000
720575940902401208,"43341,3453,2176",720575940892190818,"40863,5761,1321",0.000000
720575940902401208,"43341,3453,2176",720575940879813622,"37934,6202,141",0.000000
720575940902401208,"43341,3453,2176",720575940951311655,"27837,3887,654",0.000000
720575940902401208,"43341,3453,2176",720575940900275426,"17933,2855,2476",0.000000
720575940902401208,"43341,3453,2176",720575940882688412,"37209,4746,2029",123.239262
720575940902401208,"43341,3453,2176",720575940955236696,"24389,3216,2237",0.000000
720575940902401208,"43341,3453,2176",720575940881950033,"22054,2885,2756",0.000000
720575940902401208,"43341,3453,2176",720575940868783597,"30837,4276,976",0.000000
720575940902401208,"43341,3453,2176",720575940894200219,"32924,5320,1118",0.000000
720575940902401208,"43341,3453,2176",720575940915390365,"20825,5711,2247",0.000000
720575940902401208,"43341,3453,2176",720575940875009761,"30563,3134,541",0.000000
720575940902401208,"43341,3453,2176",720575940878349179,"41785,5171,3367",0.000000
720575940902401208,"43341,3453,2176",720575940889785957,"25781,3130,2539",0.000000
720575940896702138,"5689,2462,2592",720575940873509950,"29155,3903,1758",0.000000
720575940896702138,"5689,2462,2592",720575940893307467,"24104,3598,1701",0.000000
720575940896702138,"5689,2462,2592",720575940929601786,"26320,3381,1543",0.000000
720575940896702138,"5689,2462,2592",720575940912627846,"22589,3518,2073",8.486051
720575940896702138,"5689,2462,2592",720575940875009249,"24558,3736,2265",0.000000
720575940896702138,"5689,2462,2592",720575940891538468,"25430,4764,1460",0.000000
720575940896702138,"5689,2462,2592",720575940896891210,"22476,4688,1997",0.000000
720575940896702138,"5689,2462,2592",720575940875009505,"24266,4298,1651",0.000000
720575940896702138,"5689,2462,2592",720575940877168904,"27950,4274,1601",0.000000
720575940896702138,"5689,2462,2592",720575940915389853,"28063,4731,1501",0.000000
720575940896702138,"5689,2462,2592",720575940915390109,"43805,6509,1651",0.000000
720575940896702138,"5689,2462,2592",720575940859668375,"44611,6738,1017",0.000000
720575940896702138,"5689,2462,2592",720575940879241452,"12157,5778,1731",0.000000
720575940896702138,"5689,2462,2592",720575940896891466,"24510,4268,832",0.000000
720575940896702138,"5689,2462,2592",720575940892190818,"40863,5761,1321",0.000000
720575940896702138,"5689,2462,2592",720575940879813622,"37934,6202,141",0.000000
720575940896702138,"5689,2462,2592",720575940951311655,"27837,3887,654",0.000000
720575940896702138,"5689,2462,2592",720575940900275426,"17933,2855,2476",65.184279
720575940896702138,"5689,2462,2592",720575940882688412,"37209,4746,2029",0.000000
720575940896702138,"5689,2462,2592",720575940955236696,"24389,3216,2237",0.000000
720575940896702138,"5689,2462,2592",720575940881950033,"22054,2885,2756",10.618294
720575940896702138,"5689,2462,2592",720575940868783597,"30837,4276,976",0.000000
720575940896702138,"5689,2462,2592",720575940894200219,"32924,5320,1118",0.000000
720575940896702138,"5689,2462,2592",720575940915390365,"20825,5711,2247",0.000000
720575940896702138,"5689,2462,2592",720575940875009761,"30563,3134,541",0.000000
720575940896702138,"5689,2462,2592",720575940878349179,"41785,5171,3367",0.000000
720575940896702138,"5689,2462,2592",720575940889785957,"25781,3130,2539",0.000000
720575940898432765,"29367,2807,368",720575940873509950,"29155,3903,1758",0.000000
720575940898432765,"29367,2807,368",720575940893307467,"24104,3598,1701",0.000000
720575940898432765,"29367,2807,368",720575940929601786,"26320,3381,1543",0.000000
720575940898432765,"29367,2807,368",720575940912627846,"22589,3518,2073",0.000000
720575940898432765,"29367,2807,368",720575940875009249,"24558,3736,2265",0.000000
720575940898432765,"29367,2807,368",720575940891538468,"25430,4764,1460",0.000000
720575940898432765,"29367,2807,368",720575940896891210,"22476,4688,1997",0.000000
720575940898432765,"29367,2807,368",720575940875009505,"24266,4298,1651",0.000000
720575940898432765,"29367,2807,368",720575940877168904,"27950,4274,1601",0.000000
720575940898432765,"29367,2807,368",720575940915389853,"28063,4731,1501",0.000000
720575940898432765,"29367,2807,368",720575940915390109,"43805,6509,1651",0.000000
720575940898432765,"29367,2807,368",720575940859668375,"44611,6738,1017",0.000000
720575940898432765,"29367,2807,368",720575940879241452,"12157,5778,1731",0.000000
720575940898432765,"29367,2807,368",720575940896891466,"24510,4268,832",0.000000
720575940898432765,"29367,2807,368",720575940892190818,"40863,5761,1321",0.000000
720575940898432765,"29367,2807,368",720575940879813622,"37934,6202,141",0.000000
720575940898432765,"29367,2807,368",720575940951311655,"27837,3887,654",66.600038
720575940898432765,"29367,2807,368",720575940900275426,"17933,2855,2476",0.000000
720575940898432765,"29367,2807,368",720575940882688412,"37209,4746,2029",55.537037
720575940898432765,"29367,2807,368",720575940955236696,"24389,3216,2237",76.664367
720575940898432765,"29367,2807,368",720575940881950033,"22054,2885,2756",0.000000
720575940898432765,"29367,2807,368",720575940868783597,"30837,4276,976",3.592020
720575940898432765,"29367,2807,368",720575940894200219,"32924,5320,1118",0.000000
720575940898432765,"29367,2807,368",720575940915390365,"20825,5711,2247",0.000000
720575940898432765,"29367,2807,368",720575940875009761,"30563,3134,541",69.040677
720575940898432765,"29367,2807,368",720575940878349179,"41785,5171,3367",0.000000
720575940898432765,"29367,2807,368",720575940889785957,"25781,3130,2539",89.465971
720575940888731665,"19953,2666,2072",720575940873509950,"29155,3903,1758",0.000000
720575940888731665,"19953,2666,2072",720575940893307467,"24104,3598,1701",0.000000
720575940888731665,"19953,2666,2072",720575940929601786,"26320,3381,1543",3.884825
720575940888731665,"19953,2666,2072",720575940912627846,"22589,3518,2073",6.232558
720575940888731665,"19953,2666,2072",720575940875009249,"24558,3736,2265",0.000000
720575940888731665,"19953,2666,2072",720575940891538468,"25430,4764,1460",0.000000
720575940888731665,"19953,2666,2072",720575940896891210,"22476,4688,1997",0.000000
720575940888731665,"19953,2666,2072",720575940875009505,"24266,4298,1651",0.000000
720575940888731665,"19953,2666,2072",720575940877168904,"27950,4274,1601",0.000000
720575940888731665,"19953,2666,2072",720575940915389853,"28063,4731,1501",0.000000
720575940888731665,"19953,2666,2072",720575940915390109,"43805,6509,1651",0.000000
720575940888731665,"19953,2666,2072",720575940859668375,"44611,6738,1017",0.000000
720575940888731665,"19953,2666,2072",720575940879241452,"12157,5778,1731",0.000000
720575940888731665,"19953,2666,2072",720575940896891466,"24510,4268,832",0.000000
720575940888731665,"19953,2666,2072",720575940892190818,"40863,5761,1321",0.000000
720575940888731665,"19953,2666,2072",720575940879813622,"37934,6202,141",0.000000
720575940888731665,"19953,2666,2072",720575940951311655,"27837,3887,654",122.991531
720575940888731665,"19953,2666,2072",720575940900275426,"17933,2855,2476",268.943608
720575940888731665,"19953,2666,2072",720575940882688412,"37209,4746,2029",0.000000
720575940888731665,"19953,2666,2072",720575940955236696,"24389,3216,2237",107.502726
720575940888731665,"19953,2666,2072",720575940881950033,"22054,2885,2756",86.073537
720575940888731665,"19953,2666,2072",720575940868783597,"30837,4276,976",0.000000
720575940888731665,"19953,2666,2072",720575940894200219,"32924,5320,1118",0.000000
720575940888731665,"19953,2666,2072",720575940915390365,"20825,5711,2247",0.000000
720575940888731665,"19953,2666,2072",720575940875009761,"30563,3134,541",17.596865
720575940888731665,"19953,2666,2072",720575940878349179,"41785,5171,3367",0.000000
720575940888731665,"19953,2666,2072",720575940889785957,"25781,3130,2539",51.816303
720575940879773686,"17785,2905,250",720575940873509950,"29155,3903,1758",0.000000
720575940879773686,"17785,2905,250",720575940893307467,"24104,3598,1701",0.000000
720575940879773686,"17785,2905,250",720575940929601786,"26320,3381,1543",0.000000
720575940879773686,"17785,2905,250",720575940912627846,"22589,3518,2073",0.000000
720575940879773686,"17785,2905,250",720575940875009249,"24558,3736,2265",0.000000
720575940879773686,"17785,2905,250",720575940891538468,"25430,4764,1460",0.000000
720575940879773686,"17785,2905,250",720575940896891210,"22476,4688,1997",0.000000
720575940879773686,"17785,2905,250",720575940875009505,"24266,4298,1651",0.000000
720575940879773686,"17785,2905,250",720575940877168904,"27950,4274,1601",0.000000
720575940879773686,"17785,2905,250",720575940915389853,"28063,4731,1501",0.000000
720575940879773686,"17785,2905,250",720575940915390109,"43805,6509,1651",0.000000
720575940879773686,"17785,2905,250",720575940859668375,"44611,6738,1017",0.000000
720575940879773686,"17785,2905,250",720575940879241452,"12157,5778,1731",0.000000
720575940879773686,"17785,2905,250",720575940896891466,"24510,4268,832",0.000000
720575940879773686,"17785,2905,250",720575940892190818,"40863,5761,1321",0.000000
720575940879773686,"17785,2905,250",720575940879813622,"37934,6202,141",0.000000
720575940879773686,"17785,2905,250",720575940951311655,"27837,3887,654",15.809874
720575940879773686,"17785,2905,250",720575940900275426,"17933,2855,2476",81.970385
720575940879773686,"17785,2905,250",720575940882688412,"37209,4746,2029",0.000000
720575940879773686,"17785,2905,250",720575940955236696,"24389,3216,2237",106.147737
720575940879773686,"17785,2905,250",720575940881950033,"22054,2885,2756",71.830561
720575940879773686,"17785,2905,250",720575940868783597,"30837,4276,976",0.000000
720575940879773686,"17785,2905,250",720575940894200219,"32924,5320,1118",0.000000
720575940879773686,"17785,2905,250",720575940915390365,"20825,5711,2247",0.000000
720575940879773686,"17785,2905,250",720575940875009761,"30563,3134,541",16.344634
720575940879773686,"17785,2905,250",720575940878349179,"41785,5171,3367",0.000000
720575940879773686,"17785,2905,250",720575940889785957,"25781,3130,2539",11.265201
720575940884939979,"28653,2517,2583",720575940873509950,"29155,3903,1758",0.000000
720575940884939979,"28653,2517,2583",720575940893307467,"24104,3598,1701",0.000000
720575940884939979,"28653,2517,2583",720575940929601786,"26320,3381,1543",0.000000
720575940884939979,"28653,2517,2583",720575940912627846,"22589,3518,2073",0.000000
720575940884939979,"28653,2517,2583",720575940875009249,"24558,3736,2265",0.000000
720575940884939979,"28653,2517,2583",720575940891538468,"25430,4764,1460",0.000000
720575940884939979,"28653,2517,2583",720575940896891210,"22476,4688,1997",0.000000
720575940884939979,"28653,2517,2583",720575940875009505,"24266,4298,1651",0.000000
720575940884939979,"28653,2517,2583",720575940877168904,"27950,4274,1601",0.000000
720575940884939979,"28653,2517,2583",720575940915389853,"28063,4731,1501",0.000000
720575940884939979,"28653,2517,2583",720575940915390109,"43805,6509,1651",0.000000
720575940884939979,"28653,2517,2583",720575940859668375,"44611,6738,1017",0.000000
720575940884939979,"28653,2517,2583",720575940879241452,"12157,5778,1731",0.000000
720575940884939979,"28653,2517,2583",720575940896891466,"24510,4268,832",0.000000
720575940884939979,"28653,2517,2583",720575940892190818,"40863,5761,1321",0.000000
720575940884939979,"28653,2517,2583",720575940879813622,"37934,6202,141",0.000000
720575940884939979,"28653,2517,2583",720575940951311655,"27837,3887,654",140.281375
720575940884939979,"28653,2517,2583",720575940900275426,"17933,2855,2476",204.238029
720575940884939979,"28653,2517,2583",720575940882688412,"37209,4746,2029",0.000000
720575940884939979,"28653,2517,2583",720575940955236696,"24389,3216,2237",129.185989
720575940884939979,"28653,2517,2583",720575940881950033,"22054,2885,2756",96.227636
720575940884939979,"28653,2517,2583",720575940868783597,"30837,4276,976",0.000000
720575940884939979,"28653,2517,2583",720575940894200219,"32924,5320,1118",0.000000
720575940884939979,"28653,2517,2583",720575940915390365,"20825,5711,2247",0.000000
720575940884939979,"28653,2517,2583",720575940875009761,"30563,3134,541",66.447557
720575940884939979,"28653,2517,2583",720575940878349179,"41785,5171,3367",0.000000
720575940884939979,"28653,2517,2583",720575940889785957,"25781,3130,2539",113.972489
720575940880850833,"34054,3109,377",720575940873509950,"29155,3903,1758",0.000000
720575940880850833,"34054,3109,377",720575940893307467,"24104,3598,1701",0.000000
720575940880850833,"34054,3109,377",720575940929601786,"26320,3381,1543",0.000000
720575940880850833,"34054,3109,377",720575940912627846,"22589,3518,2073",0.000000
720575940880850833,"34054,3109,377",720575940875009249,"24558,3736,2265",0.000000
720575940880850833,"34054,3109,377",720575940891538468,"25430,4764,1460",0.000000
720575940880850833,"34054,3109,377",720575940896891210,"22476,4688,1997",0.000000
720575940880850833,"34054,3109,377",720575940875009505,"24266,4298,1651",0.000000
720575940880850833,"34054,3109,377",720575940877168904,"27950,4274,1601",0.000000
720575940880850833,"34054,3109,377",720575940915389853,"28063,4731,1501",0.000000
720575940880850833,"34054,3109,377",720575940915390109,"43805,6509,1651",0.000000
720575940880850833,"34054,3109,377",720575940859668375,"44611,6738,1017",0.000000
720575940880850833,"34054,3109,377",720575940879241452,"12157,5778,1731",0.000000
720575940880850833,"34054,3109,377",720575940896891466,"24510,4268,832",0.000000
720575940880850833,"34054,3109,377",720575940892190818,"40863,5761,1321",0.000000
720575940880850833,"34054,3109,377",720575940879813622,"37934,6202,141",0.000000
720575940880850833,"34054,3109,377",720575940951311655,"27837,3887,654",26.081548
720575940880850833,"34054,3109,377",720575940900275426,"17933,2855,2476",0.000000
720575940880850833,"34054,3109,377",720575940882688412,"37209,4746,2029",69.856539
720575940880850833,"34054,3109,377",720575940955236696,"24389,3216,2237",31.750877
720575940880850833,"34054,3109,377",720575940881950033,"22054,2885,2756",0.000000
720575940880850833,"34054,3109,377",720575940868783597,"30837,4276,976",0.000000
720575940880850833,"34054,3109,377",720575940894200219,"32924,5320,1118",0.000000
720575940880850833,"34054,3109,377",720575940915390365,"20825,5711,2247",0.000000
720575940880850833,"34054,3109,377",720575940875009761,"30563,3134,541",51.559251
720575940880850833,"34054,3109,377",720575940878349179,"41785,5171,3367",0.000000
720575940880850833,"34054,3109,377",720575940889785957,"25781,3130,2539",29.170503
720575940915676096,"23578,2619,1257",720575940873509950,"29155,3903,1758",0.000000
720575940915676096,"23578,2619,1257",720575940893307467,"24104,3598,1701",0.000000
720575940915676096,"23578,2619,1257",720575940929601786,"26320,3381,1543",0.000000
720575940915676096,"23578,2619,1257",720575940912627846,"22589,3518,2073",0.000000
720575940915676096,"23578,2619,1257",720575940875009249,"24558,3736,2265",0.000000
720575940915676096,"23578,2619,1257",720575940891538468,"25430,4764,1460",0.000000
720575940915676096,"23578,2619,1257",720575940896891210,"22476,4688,1997",0.000000
720575940915676096,"23578,2619,1257",720575940875009505,"24266,4298,1651",0.000000
720575940915676096,"23578,2619,1257",720575940877168904,"27950,4274,1601",0.000000
720575940915676096,"23578,2619,1257",720575940915389853,"28063,4731,1501",0.000000
720575940915676096,"23578,2619,1257",720575940915390109,"43805,6509,1651",0.000000
720575940915676096,"23578,2619,1257",720575940859668375,"44611,6738,1017",0.000000
720575940915676096,"23578,2619,1257",720575940879241452,"12157,5778,1731",0.000000
720575940915676096,"23578,2619,1257",720575940896891466,"24510,4268,832",0.000000
720575940915676096,"23578,2619,1257",720575940892190818,"40863,5761,1321",0.000000
720575940915676096,"23578,2619,1257",720575940879813622,"37934,6202,141",0.000000
720575940915676096,"23578,2619,1257",720575940951311655,"27837,3887,654",32.257532
720575940915676096,"23578,2619,1257",720575940900275426,"17933,2855,2476",135.188420
720575940915676096,"23578,2619,1257",720575940882688412,"37209,4746,2029",0.000000
720575940915676096,"23578,2619,1257",720575940955236696,"24389,3216,2237",71.142437
720575940915676096,"23578,2619,1257",720575940881950033,"22054,2885,2756",67.062196
720575940915676096,"23578,2619,1257",720575940868783597,"30837,4276,976",0.000000
720575940915676096,"23578,2619,1257",720575940894200219,"32924,5320,1118",0.000000
720575940915676096,"23578,2619,1257",720575940915390365,"20825,5711,2247",0.000000
720575940915676096,"23578,2619,1257",720575940875009761,"30563,3134,541",18.492280
720575940915676096,"23578,2619,1257",720575940878349179,"41785,5171,3367",0.000000
720575940915676096,"23578,2619,1257",720575940889785957,"25781,3130,2539",83.529239
720575940895281326,"36999,2825,4021",720575940873509950,"29155,3903,1758",0.000000
720575940895281326,"36999,2825,4021",720575940893307467,"24104,3598,1701",0.000000
720575940895281326,"36999,2825,4021",720575940929601786,"26320,3381,1543",3.976370
720575940895281326,"36999,2825,4021",720575940912627846,"22589,3518,2073",0.000000
720575940895281326,"36999,2825,4021",720575940875009249,"24558,3736,2265",0.000000
720575940895281326,"36999,2825,4021",720575940891538468,"25430,4764,1460",0.000000
720575940895281326,"36999,2825,4021",720575940896891210,"22476,4688,1997",0.000000
720575940895281326,"36999,2825,4021",720575940875009505,"24266,4298,1651",0.000000
720575940895281326,"36999,2825,4021",720575940877168904,"27950,4274,1601",0.000000
720575940895281326,"36999,2825,4021",720575940915389853,"28063,4731,1501",0.000000
720575940895281326,"36999,2825,4021",720575940915390109,"43805,6509,1651",0.000000
720575940895281326,"36999,2825,4021",720575940859668375,"44611,6738,1017",0.000000
720575940895281326,"36999,2825,4021",720575940879241452,"12157,5778,1731",0.000000
720575940895281326,"36999,2825,4021",720575940896891466,"24510,4268,832",0.000000
720575940895281326,"36999,2825,4021",720575940892190818,"40863,5761,1321",0.000000
720575940895281326,"36999,2825,4021",720575940879813622,"37934,6202,141",0.000000
720575940895281326,"36999,2825,4021",720575940951311655,"27837,3887,654",14.894739
720575940895281326,"36999,2825,4021",720575940900275426,"17933,2855,2476",0.000000
720575940895281326,"36999,2825,4021",720575940882688412,"37209,4746,2029",28.113316
720575940895281326,"36999,2825,4021",720575940955236696,"24389,3216,2237",0.000000
720575940895281326,"36999,2825,4021",720575940881950033,"22054,2885,2756",0.000000
720575940895281326,"36999,2825,4021",720575940868783597,"30837,4276,976",0.000000
720575940895281326,"36999,2825,4021",720575940894200219,"32924,5320,1118",0.000000
720575940895281326,"36999,2825,4021",720575940915390365,"20825,5711,2247",0.000000
720575940895281326,"36999,2825,4021",720575940875009761,"30563,3134,541",0.000000
720575940895281326,"36999,2825,4021",720575940878349179,"41785,5171,3367",0.000000
720575940895281326,"36999,2825,4021",720575940889785957,"25781,3130,2539",15.346153
720575940894563284,"31434,2687,859",720575940873509950,"29155,3903,1758",0.000000
720575940894563284,"31434,2687,859",720575940893307467,"24104,3598,1701",0.000000
720575940894563284,"31434,2687,859",720575940929601786,"26320,3381,1543",0.000000
720575940894563284,"31434,2687,859",720575940912627846,"22589,3518,2073",0.000000
720575940894563284,"31434,2687,859",720575940875009249,"24558,3736,2265",0.000000
720575940894563284,"31434,2687,859",720575940891538468,"25430,4764,1460",0.000000
720575940894563284,"31434,2687,859",720575940896891210,"22476,4688,1997",0.000000
720575940894563284,"31434,2687,859",720575940875009505,"24266,4298,1651",0.000000
720575940894563284,"31434,2687,859",720575940877168904,"27950,4274,1601",0.000000
720575940894563284,"31434,2687,859",720575940915389853,"28063,4731,1501",0.000000
720575940894563284,"31434,2687,859",720575940915390109,"43805,6509,1651",0.000000
720575940894563284,"31434,2687,859",720575940859668375,"44611,6738,1017",0.000000
720575940894563284,"31434,2687,859",720575940879241452,"12157,5778,1731",0.000000
720575940894563284,"31434,2687,859",720575940896891466,"24510,4268,832",0.000000
720575940894563284,"31434,2687,859",720575940892190818,"40863,5761,1321",0.000000
720575940894563284,"31434,2687,859",720575940879813622,"37934,6202,141",0.000000
720575940894563284,"31434,2687,859",720575940951311655,"27837,3887,654",0.000000
720575940894563284,"31434,2687,859",720575940900275426,"17933,2855,2476",0.000000
720575940894563284,"31434,2687,859",720575940882688412,"37209,4746,2029",0.000000
720575940894563284,"31434,2687,859",720575940955236696,"24389,3216,2237",6.546925
720575940894563284,"31434,2687,859",720575940881950033,"22054,2885,2756",0.000000
720575940894563284,"31434,2687,859",720575940868783597,"30837,4276,976",0.000000
720575940894563284,"31434,2687,859",720575940894200219,"32924,5320,1118",0.000000
720575940894563284,"31434,2687,859",720575940915390365,"20825,5711,2247",0.000000
720575940894563284,"31434,2687,859",720575940875009761,"30563,3134,541",0.000000
720575940894563284,"31434,2687,859",720575940878349179,"41785,5171,3367",0.000000
720575940894563284,"31434,2687,859",720575940889785957,"25781,3130,2539",158.849649
720575940898821041,"11903,3126,706",720575940873509950,"29155,3903,1758",0.000000
720575940898821041,"11903,3126,706",720575940893307467,"24104,3598,1701",0.000000
720575940898821041,"11903,3126,706",720575940929601786,"26320,3381,1543",0.000000
720575940898821041,"11903,3126,706",720575940912627846,"22589,3518,2073",0.000000
720575940898821041,"11903,3126,706",720575940875009249,"24558,3736,2265",0.000000
720575940898821041,"11903,3126,706",720575940891538468,"25430,4764,1460",0.000000
720575940898821041,"11903,3126,706",720575940896891210,"22476,4688,1997",0.000000
720575940898821041,"11903,3126,706",720575940875009505,"24266,4298,1651",0.000000
720575940898821041,"11903,3126,706",720575940877168904,"27950,4274,1601",0.000000
720575940898821041,"11903,3126,706",720575940915389853,"28063,4731,1501",0.000000
720575940898821041,"11903,3126,706",720575940915390109,"43805,6509,1651",0.000000
720575940898821041,"11903,3126,706",720575940859668375,"44611,6738,1017",0.000000
720575940898821041,"11903,3126,706",720575940879241452,"12157,5778,1731",0.000000
720575940898821041,"11903,3126,706",720575940896891466,"24510,4268,832",0.000000
720575940898821041,"11903,3126,706",720575940892190818,"40863,5761,1321",0.000000
720575940898821041,"11903,3126,706",720575940879813622,"37934,6202,141",0.000000
720575940898821041,"11903,3126,706",720575940951311655,"27837,3887,654",0.000000
720575940898821041,"11903,3126,706",720575940900275426,"17933,2855,2476",0.000000
720575940898821041,"11903,3126,706",720575940882688412,"37209,4746,2029",0.000000
720575940898821041,"11903,3126,706",720575940955236696,"24389,3216,2237",0.000000
720575940898821041,"11903,3126,706",720575940881950033,"22054,2885,2756",25.340211
720575940898821041,"11903,3126,706",720575940868783597,"30837,4276,976",0.000000
720575940898821041,"11903,3126,706",720575940894200219,"32924,5320,1118",0.000000
720575940898821041,"11903,3126,706",720575940915390365,"20825,5711,2247",0.000000
720575940898821041,"11903,3126,706",720575940875009761,"30563,3134,541",0.000000
720575940898821041,"11903,3126,706",720575940878349179,"41785,5171,3367",0.000000
720575940898821041,"11903,3126,706",720575940889785957,"25781,3130,2539",0.000000
720575940884015788,"33944,2830,457",720575940873509950,"29155,3903,1758",0.000000
720575940884015788,"33944,2830,457",720575940893307467,"24104,3598,1701",0.000000
720575940884015788,"33944,2830,457",720575940929601786,"26320,3381,1543",0.000000
720575940884015788,"33944,2830,457",720575940912627846,"22589,3518,2073",0.000000
720575940884015788,"33944,2830,457",720575940875009249,"24558,3736,2265",0.000000
720575940884015788,"33944,2830,457",720575940891538468,"25430,4764,1460",0.000000
720575940884015788,"33944,2830,457",720575940896891210,"22476,4688,1997",0.000000
720575940884015788,"33944,2830,457",720575940875009505,"24266,4298,1651",0.000000
720575940884015788,"33944,2830,457",720575940877168904,"27950,4274,1601",0.000000
720575940884015788,"33944,2830,457",720575940915389853,"28063,4731,1501",0.000000
720575940884015788,"33944,2830,457",720575940915390109,"43805,6509,1651",0.000000
720575940884015788,"33944,2830,457",720575940859668375,"44611,6738,1017",0.000000
720575940884015788,"33944,2830,457",720575940879241452,"12157,5778,1731",0.000000
720575940884015788,"33944,2830,457",720575940896891466,"24510,4268,832",0.000000
720575940884015788,"33944,2830,457",720575940892190818,"40863,5761,1321",0.000000
720575940884015788,"33944,2830,457",720575940879813622,"37934,6202,141",0.000000
720575940884015788,"33944,2830,457",720575940951311655,"27837,3887,654",0.000000
720575940884015788,"33944,2830,457",720575940900275426,"17933,2855,2476",0.000000
720575940884015788,"33944,2830,457",720575940882688412,"37209,4746,2029",26.127515
720575940884015788,"33944,2830,457",720575940955236696,"24389,3216,2237",9.866340
720575940884015788,"33944,2830,457",720575940881950033,"22054,2885,2756",0.000000
720575940884015788,"33944,2830,457",720575940868783597,"30837,4276,976",0.000000
720575940884015788,"33944,2830,457",720575940894200219,"32924,5320,1118",0.000000
720575940884015788,"33944,2830,457",720575940915390365,"20825,5711,2247",0.000000
720575940884015788,"33944,2830,457",720575940875009761,"30563,3134,541",114.124862
720575940884015788,"33944,2830,457",720575940878349179,"41785,5171,3367",0.000000
720575940884015788,"33944,2830,457",720575940889785957,"25781,3130,2539",40.915107
720575940887194266,"26998,2358,1654",720575940873509950,"29155,3903,1758",0.000000
720575940887194266,"26998,2358,1654",720575940893307467,"24104,3598,1701",10.069169
720575940887194266,"26998,2358,1654",720575940929601786,"26320,3381,1543",5.162798
720575940887194266,"26998,2358,1654",720575940912627846,"22589,3518,2073",25.167887
720575940887194266,"26998,2358,1654",720575940875009249,"24558,3736,2265",13.549232
720575940887194266,"26998,2358,1654",720575940891538468,"25430,4764,1460",0.000000
720575940887194266,"26998,2358,1654",720575940896891210,"22476,4688,1997",5.353610
720575940887194266,"26998,2358,1654",720575940875009505,"24266,4298,1651",0.000000
720575940887194266,"26998,2358,1654",720575940877168904,"27950,4274,1601",11.222562
720575940887194266,"26998,2358,1654",720575940915389853,"28063,4731,1501",0.000000
720575940887194266,"26998,2358,1654",720575940915390109,"43805,6509,1651",0.000000
720575940887194266,"26998,2358,1654",720575940859668375,"44611,6738,1017",0.000000
720575940887194266,"26998,2358,1654",720575940879241452,"12157,5778,1731",0.000000
720575940887194266,"26998,2358,1654",720575940896891466,"24510,4268,832",0.000000
720575940887194266,"26998,2358,1654",720575940892190818,"40863,5761,1321",0.000000
720575940887194266,"26998,2358,1654",720575940879813622,"37934,6202,141",0.000000
720575940887194266,"26998,2358,1654",720575940951311655,"27837,3887,654",0.000000
720575940887194266,"26998,2358,1654",720575940900275426,"17933,2855,2476",0.000000
720575940887194266,"26998,2358,1654",720575940882688412,"37209,4746,2029",69.284831
720575940887194266,"26998,2358,1654",720575940955236696,"24389,3216,2237",60.575204
720575940887194266,"26998,2358,1654",720575940881950033,"22054,2885,2756",5.539591
720575940887194266,"26998,2358,1654",720575940868783597,"30837,4276,976",0.000000
720575940887194266,"26998,2358,1654",720575940894200219,"32924,5320,1118",0.000000
720575940887194266,"26998,2358,1654",720575940915390365,"20825,5711,2247",0.000000
720575940887194266,"26998,2358,1654",720575940875009761,"30563,3134,541",61.518557
720575940887194266,"26998,2358,1654",720575940878349179,"41785,5171,3367",0.000000
720575940887194266,"26998,2358,1654",720575940889785957,"25781,3130,2539",75.998991
720575940881974650,"18262,2342,1860",720575940873509950,"29155,3903,1758",0.000000
720575940881974650,"18262,2342,1860",720575940893307467,"24104,3598,1701",2.099643
720575940881974650,"18262,2342,1860",720575940929601786,"26320,3381,1543",0.000000
720575940881974650,"18262,2342,1860",720575940912627846,"22589,3518,2073",0.000000
720575940881974650,"18262,2342,1860",720575940875009249,"24558,3736,2265",0.000000
720575940881974650,"18262,2342,1860",720575940891538468,"25430,4764,1460",0.000000
720575940881974650,"18262,2342,1860",720575940896891210,"22476,4688,1997",0.000000
720575940881974650,"18262,2342,1860",720575940875009505,"24266,4298,1651",0.000000
720575940881974650,"18262,2342,1860",720575940877168904,"27950,4274,1601",0.000000
720575940881974650,"18262,2342,1860",720575940915389853,"28063,4731,1501",0.000000
720575940881974650,"18262,2342,1860",720575940915390109,"43805,6509,1651",0.000000
720575940881974650,"18262,2342,1860",720575940859668375,"44611,6738,1017",0.000000
720575940881974650,"18262,2342,1860",720575940879241452,"12157,5778,1731",0.000000
720575940881974650,"18262,2342,1860",720575940896891466,"24510,4268,832",0.000000
720575940881974650,"18262,2342,1860",720575940892190818,"40863,5761,1321",0.000000
720575940881974650,"18262,2342,1860",720575940879813622,"37934,6202,141",0.000000
720575940881974650,"18262,2342,1860",720575940951311655,"27837,3887,654",190.982003
720575940881974650,"18262,2342,1860",720575940900275426,"17933,2855,2476",114.261611
720575940881974650,"18262,2342,1860",720575940882688412,"37209,4746,2029",2.791420
720575940881974650,"18262,2342,1860",720575940955236696,"24389,3216,2237",88.210708
720575940881974650,"18262,2342,1860",720575940881950033,"22054,2885,2756",72.096278
720575940881974650,"18262,2342,1860",720575940868783597,"30837,4276,976",0.000000
720575940881974650,"18262,2342,1860",720575940894200219,"32924,5320,1118",0.000000
720575940881974650,"18262,2342,1860",720575940915390365,"20825,5711,2247",0.000000
720575940881974650,"18262,2342,1860",720575940875009761,"30563,3134,541",43.554713
720575940881974650,"18262,2342,1860",720575940878349179,"41785,5171,3367",0.000000
720575940881974650,"18262,2342,1860",720575940889785957,"25781,3130,2539",87.823831
720575940890018996,"17861,2655,713",720575940873509950,"29155,3903,1758",0.000000
720575940890018996,"17861,2655,713",720575940893307467,"24104,3598,1701",2.378801
720575940890018996,"17861,2655,713",720575940929601786,"26320,3381,1543",0.000000
720575940890018996,"17861,2655,713",720575940912627846,"22589,3518,2073",5.048889
720575940890018996,"17861,2655,713",720575940875009249,"24558,3736,2265",0.000000
720575940890018996,"17861,2655,713",720575940891538468,"25430,4764,1460",0.000000
720575940890018996,"17861,2655,713",720575940896891210,"22476,4688,1997",0.000000
720575940890018996,"17861,2655,713",720575940875009505,"24266,4298,1651",0.000000
720575940890018996,"17861,2655,713",720575940877168904,"27950,4274,1601",0.000000
720575940890018996,"17861,2655,713",720575940915389853,"28063,4731,1501",0.000000
720575940890018996,"17861,2655,713",720575940915390109,"43805,6509,1651",0.000000
720575940890018996,"17861,2655,713",720575940859668375,"44611,6738,1017",0.000000
720575940890018996,"17861,2655,713",720575940879241452,"12157,5778,1731",0.000000
720575940890018996,"17861,2655,713",720575940896891466,"24510,4268,832",0.000000
720575940890018996,"17861,2655,713",720575940892190818,"40863,5761,1321",0.000000
720575940890018996,"17861,2655,713",720575940879813622,"37934,6202,141",0.000000
720575940890018996,"17861,2655,713",720575940951311655,"27837,3887,654",8.701961
720575940890018996,"17861,2655,713",720575940900275426,"17933,2855,2476",263.348557
720575940890018996,"17861,2655,713",720575940882688412,"37209,4746,2029",0.000000
720575940890018996,"17861,2655,713",720575940955236696,"24389,3216,2237",64.755387
720575940890018996,"17861,2655,713",720575940881950033,"22054,2885,2756",50.748166
720575940890018996,"17861,2655,713",720575940868783597,"30837,4276,976",0.000000
720575940890018996,"17861,2655,713",720575940894200219,"32924,5320,1118",0.000000
720575940890018996,"17861,2655,713",720575940915390365,"20825,5711,2247",0.000000
720575940890018996,"17861,2655,713",720575940875009761,"30563,3134,541",0.000000
720575940890018996,"17861,2655,713",720575940878349179,"41785,5171,3367",0.000000
720575940890018996,"17861,2655,713",720575940889785957,"25781,3130,2539",30.813068
720575940963340820,"34789,2792,906",720575940873509950,"29155,3903,1758",56.212812
720575940963340820,"34789,2792,906",720575940893307467,"24104,3598,1701",0.000000
720575940963340820,"34789,2792,906",720575940929601786,"26320,3381,1543",32.953469
720575940963340820,"34789,2792,906",720575940912627846,"22589,3518,2073",14.339961
720575940963340820,"34789,2792,906",720575940875009249,"24558,3736,2265",31.849588
720575940963340820,"34789,2792,906",720575940891538468,"25430,4764,1460",0.000000
720575940963340820,"34789,2792,906",720575940896891210,"22476,4688,1997",0.000000
720575940963340820,"34789,2792,906",720575940875009505,"24266,4298,1651",0.000000
720575940963340820,"34789,2792,906",720575940877168904,"27950,4274,1601",0.000000
720575940963340820,"34789,2792,906",720575940915389853,"28063,4731,1501",0.000000
720575940963340820,"34789,2792,906",720575940915390109,"43805,6509,1651",0.000000
720575940963340820,"34789,2792,906",720575940859668375,"44611,6738,1017",0.000000
720575940963340820,"34789,2792,906",720575940879241452,"12157,5778,1731",0.000000
720575940963340820,"34789,2792,906",720575940896891466,"24510,4268,832",0.000000
720575940963340820,"34789,2792,906",720575940892190818,"40863,5761,1321",0.000000
720575940963340820,"34789,2792,906",720575940879813622,"37934,6202,141",0.000000
720575940963340820,"34789,2792,906",720575940951311655,"27837,3887,654",70.047035
720575940963340820,"34789,2792,906",720575940900275426,"17933,2855,2476",0.000000
720575940963340820,"34789,2792,906",720575940882688412,"37209,4746,2029",25.680260
720575940963340820,"34789,2792,906",720575940955236696,"24389,3216,2237",37.521072
720575940963340820,"34789,2792,906",720575940881950033,"22054,2885,2756",0.000000
720575940963340820,"34789,2792,906",720575940868783597,"30837,4276,976",0.000000
720575940963340820,"34789,2792,906",720575940894200219,"32924,5320,1118",0.000000
720575940963340820,"34789,2792,906",720575940915390365,"20825,5711,2247",0.000000
720575940963340820,"34789,2792,906",720575940875009761,"30563,3134,541",23.337165
720575940963340820,"34789,2792,906",720575940878349179,"41785,5171,3367",0.000000
720575940963340820,"34789,2792,906",720575940889785957,"25781,3130,2539",5.399888
720575940918311989,"8943,2467,2972",720575940873509950,"29155,3903,1758",0.000000
720575940918311989,"8943,2467,2972",720575940893307467,"24104,3598,1701",0.000000
720575940918311989,"8943,2467,2972",720575940929601786,"26320,3381,1543",0.000000
720575940918311989,"8943,2467,2972",720575940912627846,"22589,3518,2073",0.000000
720575940918311989,"8943,2467,2972",720575940875009249,"24558,3736,2265",0.000000
720575940918311989,"8943,2467,2972",720575940891538468,"25430,4764,1460",0.000000
720575940918311989,"8943,2467,2972",720575940896891210,"22476,4688,1997",0.000000
720575940918311989,"8943,2467,2972",720575940875009505,"24266,4298,1651",0.000000
720575940918311989,"8943,2467,2972",720575940877168904,"27950,4274,1601",0.000000
720575940918311989,"8943,2467,2972",720575940915389853,"28063,4731,1501",0.000000
720575940918311989,"8943,2467,2972",720575940915390109,"43805,6509,1651",0.000000
720575940918311989,"8943,2467,2972",720575940859668375,"44611,6738,1017",0.000000
720575940918311989,"8943,2467,2972",720575940879241452,"12157,5778,1731",0.000000
720575940918311989,"8943,2467,2972",720575940896891466,"24510,4268,832",0.000000
720575940918311989,"8943,2467,2972",720575940892190818,"40863,5761,1321",0.000000
720575940918311989,"8943,2467,2972",720575940879813622,"37934,6202,141",0.000000
720575940918311989,"8943,2467,2972",720575940951311655,"27837,3887,654",0.000000
720575940918311989,"8943,2467,2972",720575940900275426,"17933,2855,2476",131.860184
720575940918311989,"8943,2467,2972",720575940882688412,"37209,4746,2029",0.000000
720575940918311989,"8943,2467,2972",720575940955236696,"24389,3216,2237",35.364398
720575940918311989,"8943,2467,2972",720575940881950033,"22054,2885,2756",7.100710
720575940918311989,"8943,2467,2972",720575940868783597,"30837,4276,976",0.000000
720575940918311989,"8943,2467,2972",720575940894200219,"32924,5320,1118",0.000000
720575940918311989,"8943,2467,2972",720575940915390365,"20825,5711,2247",0.000000
720575940918311989,"8943,2467,2972",720575940875009761,"30563,3134,541",0.000000
720575940918311989,"8943,2467,2972",720575940878349179,"41785,5171,3367",0.000000
720575940918311989,"8943,2467,2972",720575940889785957,"25781,3130,2539",0.000000
720575940890704372,"6483,2370,1819",720575940873509950,"29155,3903,1758",0.000000
720575940890704372,"6483,2370,1819",720575940893307467,"24104,3598,1701",0.000000
720575940890704372,"6483,2370,1819",720575940929601786,"26320,3381,1543",0.000000
720575940890704372,"6483,2370,1819",720575940912627846,"22589,3518,2073",0.000000
720575940890704372,"6483,2370,1819",720575940875009249,"24558,3736,2265",0.000000
720575940890704372,"6483,2370,1819",720575940891538468,"25430,4764,1460",0.000000
720575940890704372,"6483,2370,1819",720575940896891210,"22476,4688,1997",0.000000
720575940890704372,"6483,2370,1819",720575940875009505,"24266,4298,1651",0.000000
720575940890704372,"6483,2370,1819",720575940877168904,"27950,4274,1601",0.000000
720575940890704372,"6483,2370,1819",720575940915389853,"28063,4731,1501",0.000000
720575940890704372,"6483,2370,1819",720575940915390109,"43805,6509,1651",0.000000
720575940890704372,"6483,2370,1819",720575940859668375,"44611,6738,1017",0.000000
720575940890704372,"6483,2370,1819",720575940879241452,"12157,5778,1731",0.000000
720575940890704372,"6483,2370,1819",720575940896891466,"24510,4268,832",0.000000
720575940890704372,"6483,2370,1819",720575940892190818,"40863,5761,1321",0.000000
720575940890704372,"6483,2370,1819",720575940879813622,"37934,6202,141",0.000000
720575940890704372,"6483,2370,1819",720575940951311655,"27837,3887,654",0.000000
720575940890704372,"6483,2370,1819",720575940900275426,"17933,2855,2476",21.467084
720575940890704372,"6483,2370,1819",720575940882688412,"37209,4746,2029",0.000000
720575940890704372,"6483,2370,1819",720575940955236696,"24389,3216,2237",0.000000
720575940890704372,"6483,2370,1819",720575940881950033,"22054,2885,2756",0.000000
720575940890704372,"6483,2370,1819",720575940868783597,"30837,4276,976",0.000000
720575940890704372,"6483,2370,1819",720575940894200219,"32924,5320,1118",0.000000
720575940890704372,"6483,2370,1819",720575940915390365,"20825,5711,2247",0.000000
720575940890704372,"6483,2370,1819",720575940875009761,"30563,3134,541",0.000000
720575940890704372,"6483,2370,1819",720575940878349179,"41785,5171,3367",0.000000
720575940890704372,"6483,2370,1819",720575940889785957,"25781,3130,2539",0.000000
720575940905050934,"25416,2229,2938",720575940873509950,"29155,3903,1758",0.000000
720575940905050934,"25416,2229,2938",720575940893307467,"24104,3598,1701",0.000000
720575940905050934,"25416,2229,2938",720575940929601786,"26320,3381,1543",9.575829
720575940905050934,"25416,2229,2938",720575940912627846,"22589,3518,2073",0.000000
720575940905050934,"25416,2229,2938",720575940875009249,"24558,3736,2265",0.000000
720575940905050934,"25416,2229,2938",720575940891538468,"25430,4764,1460",0.000000
720575940905050934,"25416,2229,2938",720575940896891210,"22476,4688,1997",0.000000
720575940905050934,"25416,2229,2938",720575940875009505,"24266,4298,1651",0.000000
720575940905050934,"25416,2229,2938",720575940877168904,"27950,4274,1601",0.000000
720575940905050934,"25416,2229,2938",720575940915389853,"28063,4731,1501",0.000000
720575940905050934,"25416,2229,2938",720575940915390109,"43805,6509,1651",0.000000
720575940905050934,"25416,2229,2938",720575940859668375,"44611,6738,1017",0.000000
720575940905050934,"25416,2229,2938",720575940879241452,"12157,5778,1731",0.000000
720575940905050934,"25416,2229,2938",720575940896891466,"24510,4268,832",0.000000
720575940905050934,"25416,2229,2938",720575940892190818,"40863,5761,1321",0.000000
720575940905050934,"25416,2229,2938",720575940879813622,"37934,6202,141",0.000000
720575940905050934,"25416,2229,2938",720575940951311655,"27837,3887,654",23.509610
720575940905050934,"25416,2229,2938",720575940900275426,"17933,2855,2476",0.000000
720575940905050934,"25416,2229,2938",720575940882688412,"37209,4746,2029",11.407285
720575940905050934,"25416,2229,2938",720575940955236696,"24389,3216,2237",20.883580
720575940905050934,"25416,2229,2938",720575940881950033,"22054,2885,2756",0.000000
720575940905050934,"25416,2229,2938",720575940868783597,"30837,4276,976",65.553089
720575940905050934,"25416,2229,2938",720575940894200219,"32924,5320,1118",0.000000
720575940905050934,"25416,2229,2938",720575940915390365,"20825,5711,2247",0.000000
720575940905050934,"25416,2229,2938",720575940875009761,"30563,3134,541",43.849059
720575940905050934,"25416,2229,2938",720575940878349179,"41785,5171,3367",0.000000
720575940905050934,"25416,2229,2938",720575940889785957,"25781,3130,2539",76.998907
720575940913491825,"29098,2500,280",720575940873509950,"29155,3903,1758",0.000000
720575940913491825,"29098,2500,280",720575940893307467,"24104,3598,1701",0.000000
720575940913491825,"29098,2500,280",720575940929601786,"26320,3381,1543",0.000000
720575940913491825,"29098,2500,280",720575940912627846,"22589,3518,2073",0.000000
720575940913491825,"29098,2500,280",720575940875009249,"24558,3736,2265",0.000000
720575940913491825,"29098,2500,280",720575940891538468,"25430,4764,1460",0.000000
720575940913491825,"29098,2500,280",720575940896891210,"22476,4688,1997",0.000000
720575940913491825,"29098,2500,280",720575940875009505,"24266,4298,1651",0.000000
720575940913491825,"29098,2500,280",720575940877168904,"27950,4274,1601",0.000000
720575940913491825,"29098,2500,280",720575940915389853,"28063,4731,1501",0.000000
720575940913491825,"29098,2500,280",720575940915390109,"43805,6509,1651",0.000000
720575940913491825,"29098,2500,280",720575940859668375,"44611,6738,1017",0.000000
720575940913491825,"29098,2500,280",720575940879241452,"12157,5778,1731",0.000000
720575940913491825,"29098,2500,280",720575940896891466,"24510,4268,832",0.000000
720575940913491825,"29098,2500,280",720575940892190818,"40863,5761,1321",0.000000
720575940913491825,"29098,2500,280",720575940879813622,"37934,6202,141",0.000000
720575940913491825,"29098,2500,280",720575940951311655,"27837,3887,654",167.966708
720575940913491825,"29098,2500,280",720575940900275426,"17933,2855,2476",0.000000
720575940913491825,"29098,2500,280",720575940882688412,"37209,4746,2029",6.810225
720575940913491825,"29098,2500,280",720575940955236696,"24389,3216,2237",48.165696
720575940913491825,"29098,2500,280",720575940881950033,"22054,2885,2756",3.656543
720575940913491825,"29098,2500,280",720575940868783597,"30837,4276,976",0.000000
720575940913491825,"29098,2500,280",720575940894200219,"32924,5320,1118",0.000000
720575940913491825,"29098,2500,280",720575940915390365,"20825,5711,2247",0.000000
720575940913491825,"29098,2500,280",720575940875009761,"30563,3134,541",84.764225
720575940913491825,"29098,2500,280",720575940878349179,"41785,5171,3367",0.000000
720575940913491825,"29098,2500,280",720575940889785957,"25781,3130,2539",62.657721
720575940902518994,"20000,2277,2229",720575940873509950,"29155,3903,1758",0.000000
720575940902518994,"20000,2277,2229",720575940893307467,"24104,3598,1701",0.000000
720575940902518994,"20000,2277,2229",720575940929601786,"26320,3381,1543",0.000000
720575940902518994,"20000,2277,2229",720575940912627846,"22589,3518,2073",0.000000
720575940902518994,"20000,2277,2229",720575940875009249,"24558,3736,2265",0.000000
720575940902518994,"20000,2277,2229",720575940891538468,"25430,4764,1460",0.000000
720575940902518994,"20000,2277,2229",720575940896891210,"22476,4688,1997",0.000000
720575940902518994,"20000,2277,2229",720575940875009505,"24266,4298,1651",0.000000
720575940902518994,"20000,2277,2229",720575940877168904,"27950,4274,1601",0.000000
720575940902518994,"20000,2277,2229",720575940915389853,"28063,4731,1501",0.000000
720575940902518994,"20000,2277,2229",720575940915390109,"43805,6509,1651",0.000000
720575940902518994,"20000,2277,2229",720575940859668375,"44611,6738,1017",0.000000
720575940902518994,"20000,2277,2229",720575940879241452,"12157,5778,1731",0.000000
720575940902518994,"20000,2277,2229",720575940896891466,"24510,4268,832",0.000000
720575940902518994,"20000,2277,2229",720575940892190818,"40863,5761,1321",0.000000
720575940902518994,"20000,2277,2229",720575940879813622,"37934,6202,141",0.000000
720575940902518994,"20000,2277,2229",720575940951311655,"27837,3887,654",8.217309
720575940902518994,"20000,2277,2229",720575940900275426,"17933,2855,2476",19.962079
720575940902518994,"20000,2277,2229",720575940882688412,"37209,4746,2029",0.000000
720575940902518994,"20000,2277,2229",720575940955236696,"24389,3216,2237",0.000000
720575940902518994,"20000,2277,2229",720575940881950033,"22054,2885,2756",4.270399
720575940902518994,"20000,2277,2229",720575940868783597,"30837,4276,976",0.000000
720575940902518994,"20000,2277,2229",720575940894200219,"32924,5320,1118",0.000000
720575940902518994,"20000,2277,2229",720575940915390365,"20825,5711,2247",0.000000
720575940902518994,"20000,2277,2229",720575940875009761,"30563,3134,541",0.000000
720575940902518994,"20000,2277,2229",720575940878349179,"41785,5171,3367",0.000000
720575940902518994,"20000,2277,2229",720575940889785957,"25781,3130,2539",0.000000
720575940914014910,"7905,2349,1900",720575940873509950,"29155,3903,1758",0.000000
720575940914014910,"7905,2349,1900",720575940893307467,"24104,3598,1701",0.000000
720575940914014910,"7905,2349,1900",720575940929601786,"26320,3381,1543",0.000000
720575940914014910,"7905,2349,1900",720575940912627846,"22589,3518,2073",0.000000
720575940914014910,"7905,2349,1900",720575940875009249,"24558,3736,2265",0.000000
720575940914014910,"7905,2349,1900",720575940891538468,"25430,4764,1460",0.000000
720575940914014910,"7905,2349,1900",720575940896891210,"22476,4688,1997",0.000000
720575940914014910,"7905,2349,1900",720575940875009505,"24266,4298,1651",0.000000
720575940914014910,"7905,2349,1900",720575940877168904,"27950,4274,1601",0.000000
720575940914014910,"7905,2349,1900",720575940915389853,"28063,4731,1501",0.000000
720575940914014910,"7905,2349,1900",720575940915390109,"43805,6509,1651",0.000000
720575940914014910,"7905,2349,1900",720575940859668375,"44611,6738,1017",0.000000
720575940914014910,"7905,2349,1900",720575940879241452,"12157,5778,1731",0.000000
720575940914014910,"7905,2349,1900",720575940896891466,"24510,4268,832",0.000000
720575940914014910,"7905,2349,1900",720575940892190818,"40863,5761,1321",0.000000
720575940914014910,"7905,2349,1900",720575940879813622,"37934,6202,141",0.000000
720575940914014910,"7905,2349,1900",720575940951311655,"27837,3887,654",0.000000
720575940914014910,"7905,2349,1900",720575940900275426,"17933,2855,2476",10.958269
720575940914014910,"7905,2349,1900",720575940882688412,"37209,4746,2029",0.000000
720575940914014910,"7905,2349,1900",720575940955236696,"24389,3216,2237",0.000000
720575940914014910,"7905,2349,1900",720575940881950033,"22054,2885,2756",0.000000
720575940914014910,"7905,2349,1900",720575940868783597,"30837,4276,976",0.000000
720575940914014910,"7905,2349,1900",720575940894200219,"32924,5320,1118",0.000000
720575940914014910,"7905,2349,1900",720575940915390365,"20825,5711,2247",0.000000
720575940914014910,"7905,2349,1900",720575940875009761,"30563,3134,541",0.000000
720575940914014910,"7905,2349,1900",720575940878349179,"41785,5171,3367",0.000000
720575940914014910,"7905,2349,1900",720575940889785957,"25781,3130,2539",0.000000
720575940889952699,"18634,2416,1086",720575940873509950,"29155,3903,1758",0.000000
720575940889952699,"18634,2416,1086",720575940893307467,"24104,3598,1701",0.000000
720575940889952699,"18634,2416,1086",720575940929601786,"26320,3381,1543",0.000000
720575940889952699,"18634,2416,1086",720575940912627846,"22589,3518,2073",0.000000
720575940889952699,"18634,2416,1086",720575940875009249,"24558,3736,2265",0.000000
720575940889952699,"18634,2416,1086",720575940891538468,"25430,4764,1460",0.000000
720575940889952699,"18634,2416,1086",720575940896891210,"22476,4688,1997",0.000000
720575940889952699,"18634,2416,1086",720575940875009505,"24266,4298,1651",0.000000
720575940889952699,"18634,2416,1086",720575940877168904,"27950,4274,1601",0.000000
720575940889952699,"18634,2416,1086",720575940915389853,"28063,4731,1501",0.000000
720575940889952699,"18634,2416,1086",720575940915390109,"43805,6509,1651",0.000000
720575940889952699,"18634,2416,1086",720575940859668375,"44611,6738,1017",0.000000
720575940889952699,"18634,2416,1086",720575940879241452,"12157,5778,1731",0.000000
720575940889952699,"18634,2416,1086",720575940896891466,"24510,4268,832",0.000000
720575940889952699,"18634,2416,1086",720575940892190818,"40863,5761,1321",0.000000
720575940889952699,"18634,2416,1086",720575940879813622,"37934,6202,141",0.000000
720575940889952699,"18634,2416,1086",720575940951311655,"27837,3887,654",0.000000
720575940889952699,"18634,2416,1086",720575940900275426,"17933,2855,2476",0.000000
720575940889952699,"18634,2416,1086",720575940882688412,"37209,4746,2029",0.000000
720575940889952699,"18634,2416,1086",720575940955236696,"24389,3216,2237",0.000000
720575940889952699,"18634,2416,1086",720575940881950033,"22054,2885,2756",0.000000
720575940889952699,"18634,2416,1086",720575940868783597,"30837,4276,976",0.000000
720575940889952699,"18634,2416,1086",720575940894200219,"32924,5320,1118",0.000000
720575940889952699,"18634,2416,1086",720575940915390365,"20825,5711,2247",0.000000
720575940889952699,"18634,2416,1086",720575940875009761,"30563,3134,541",0.000000
720575940889952699,"18634,2416,1086",720575940878349179,"41785,5171,3367",0.000000
720575940889952699,"18634,2416,1086",720575940889785957,"25781,3130,2539",0.000000
720575940909802419,"29532,2709,2636",720575940873509950,"29155,3903,1758",0.000000
720575940909802419,"29532,2709,2636",720575940893307467,"24104,3598,1701",0.000000
720575940909802419,"29532,2709,2636",720575940929601786,"26320,3381,1543",0.000000
720575940909802419,"29532,2709,2636",720575940912627846,"22589,3518,2073",0.000000
720575940909802419,"29532,2709,2636",720575940875009249,"24558,3736,2265",0.000000
720575940909802419,"29532,2709,2636",720575940891538468,"25430,4764,1460",0.000000
720575940909802419,"29532,2709,2636",720575940896891210,"22476,4688,1997",0.000000
720575940909802419,"29532,2709,2636",720575940875009505,"24266,4298,1651",0.000000
720575940909802419,"29532,2709,2636",720575940877168904,"27950,4274,1601",0.000000
720575940909802419,"29532,2709,2636",720575940915389853,"28063,4731,1501",0.000000
720575940909802419,"29532,2709,2636",720575940915390109,"43805,6509,1651",0.000000
720575940909802419,"29532,2709,2636",720575940859668375,"44611,6738,1017",0.000000
720575940909802419,"29532,2709,2636",720575940879241452,"12157,5778,1731",0.000000
720575940909802419,"29532,2709,2636",720575940896891466,"24510,4268,832",0.000000
720575940909802419,"29532,2709,2636",720575940892190818,"40863,5761,1321",0.000000
720575940909802419,"29532,2709,2636",720575940879813622,"37934,6202,141",0.000000
720575940909802419,"29532,2709,2636",720575940951311655,"27837,3887,654",43.710002
720575940909802419,"29532,2709,2636",720575940900275426,"17933,2855,2476",0.000000
720575940909802419,"29532,2709,2636",720575940882688412,"37209,4746,2029",0.000000
720575940909802419,"29532,2709,2636",720575940955236696,"24389,3216,2237",11.414202
720575940909802419,"29532,2709,2636",720575940881950033,"22054,2885,2756",12.612337
720575940909802419,"29532,2709,2636",720575940868783597,"30837,4276,976",0.000000
720575940909802419,"29532,2709,2636",720575940894200219,"32924,5320,1118",0.000000
720575940909802419,"29532,2709,2636",720575940915390365,"20825,5711,2247",0.000000
720575940909802419,"29532,2709,2636",720575940875009761,"30563,3134,541",0.000000
720575940909802419,"29532,2709,2636",720575940878349179,"41785,5171,3367",0.000000
720575940909802419,"29532,2709,2636",720575940889785957,"25781,3130,2539",96.341459
720575940883900444,"34082,2929,995",720575940873509950,"29155,3903,1758",0.000000
720575940883900444,"34082,2929,995",720575940893307467,"24104,3598,1701",0.000000
720575940883900444,"34082,2929,995",720575940929601786,"26320,3381,1543",0.000000
720575940883900444,"34082,2929,995",720575940912627846,"22589,3518,2073",0.000000
720575940883900444,"34082,2929,995",720575940875009249,"24558,3736,2265",0.000000
720575940883900444,"34082,2929,995",720575940891538468,"25430,4764,1460",0.000000
720575940883900444,"34082,2929,995",720575940896891210,"22476,4688,1997",0.000000
720575940883900444,"34082,2929,995",720575940875009505,"24266,4298,1651",0.000000
720575940883900444,"34082,2929,995",720575940877168904,"27950,4274,1601",0.000000
720575940883900444,"34082,2929,995",720575940915389853,"28063,4731,1501",0.000000
720575940883900444,"34082,2929,995",720575940915390109,"43805,6509,1651",0.000000
720575940883900444,"34082,2929,995",720575940859668375,"44611,6738,1017",0.000000
720575940883900444,"34082,2929,995",720575940879241452,"12157,5778,1731",0.000000
720575940883900444,"34082,2929,995",720575940896891466,"24510,4268,832",0.000000
720575940883900444,"34082,2929,995",720575940892190818,"40863,5761,1321",0.000000
720575940883900444,"34082,2929,995",720575940879813622,"37934,6202,141",0.000000
720575940883900444,"34082,2929,995",720575940951311655,"27837,3887,654",0.000000
720575940883900444,"34082,2929,995",720575940900275426,"17933,2855,2476",0.000000
720575940883900444,"34082,2929,995",720575940882688412,"37209,4746,2029",0.000000
720575940883900444,"34082,2929,995",720575940955236696,"24389,3216,2237",0.000000
720575940883900444,"34082,2929,995",720575940881950033,"22054,2885,2756",0.000000
720575940883900444,"34082,2929,995",720575940868783597,"30837,4276,976",0.000000
720575940883900444,"34082,2929,995",720575940894200219,"32924,5320,1118",0.000000
720575940883900444,"34082,2929,995",720575940915390365,"20825,5711,2247",0.000000
720575940883900444,"34082,2929,995",720575940875009761,"30563,3134,541",30.346493
720575940883900444,"34082,2929,995",720575940878349179,"41785,5171,3367",0.000000
720575940883900444,"34082,2929,995",720575940889785957,"25781,3130,2539",9.446412
720575940917098044,"17753,2177,2587",720575940873509950,"29155,3903,1758",0.000000
720575940917098044,"17753,2177,2587",720575940893307467,"24104,3598,1701",0.000000
720575940917098044,"17753,2177,2587",720575940929601786,"26320,3381,1543",0.000000
720575940917098044,"17753,2177,2587",720575940912627846,"22589,3518,2073",0.000000
720575940917098044,"17753,2177,2587",720575940875009249,"24558,3736,2265",0.000000
720575940917098044,"17753,2177,2587",720575940891538468,"25430,4764,1460",0.000000
720575940917098044,"17753,2177,2587",720575940896891210,"22476,4688,1997",0.000000
720575940917098044,"17753,2177,2587",720575940875009505,"24266,4298,1651",0.000000
720575940917098044,"17753,2177,2587",720575940877168904,"27950,4274,1601",0.000000
720575940917098044,"17753,2177,2587",720575940915389853,"28063,4731,1501",0.000000
720575940917098044,"17753,2177,2587",720575940915390109,"43805,6509,1651",0.000000
720575940917098044,"17753,2177,2587",720575940859668375,"44611,6738,1017",0.000000
720575940917098044,"17753,2177,2587",720575940879241452,"12157,5778,1731",0.000000
720575940917098044,"17753,2177,2587",720575940896891466,"24510,4268,832",0.000000
720575940917098044,"17753,2177,2587",720575940892190818,"40863,5761,1321",0.000000
720575940917098044,"17753,2177,2587",720575940879813622,"37934,6202,141",0.000000
720575940917098044,"17753,2177,2587",720575940951311655,"27837,3887,654",0.000000
720575940917098044,"17753,2177,2587",720575940900275426,"17933,2855,2476",6.560021
720575940917098044,"17753,2177,2587",720575940882688412,"37209,4746,2029",0.000000
720575940917098044,"17753,2177,2587",720575940955236696,"24389,3216,2237",0.000000
720575940917098044,"17753,2177,2587",720575940881950033,"22054,2885,2756",3.925783
720575940917098044,"17753,2177,2587",720575940868783597,"30837,4276,976",0.000000
720575940917098044,"17753,2177,2587",720575940894200219,"32924,5320,1118",0.000000
720575940917098044,"17753,2177,2587",720575940915390365,"20825,5711,2247",0.000000
720575940917098044,"17753,2177,2587",720575940875009761,"30563,3134,541",0.000000
720575940917098044,"17753,2177,2587",720575940878349179,"41785,5171,3367",0.000000
720575940917098044,"17753,2177,2587",720575940889785957,"25781,3130,2539",0.000000
720575940890939713,"24252,2246,3590",720575940873509950,"29155,3903,1758",0.000000
720575940890939713,"24252,2246,3590",720575940893307467,"24104,3598,1701",0.000000
720575940890939713,"24252,2246,3590",720575940929601786,"26320,3381,1543",10.041416
720575940890939713,"24252,2246,3590",720575940912627846,"22589,3518,2073",6.982142
720575940890939713,"24252,2246,3590",720575940875009249,"24558,3736,2265",0.000000
720575940890939713,"24252,2246,3590",720575940891538468,"25430,4764,1460",6.305340
720575940890939713,"24252,2246,3590",720575940896891210,"22476,4688,1997",0.000000
720575940890939713,"24252,2246,3590",720575940875009505,"24266,4298,1651",0.000000
720575940890939713,"24252,2246,3590",720575940877168904,"27950,4274,1601",0.000000
720575940890939713,"24252,2246,3590",720575940915389853,"28063,4731,1501",5.708262
720575940890939713,"24252,2246,3590",720575940915390109,"43805,6509,1651",0.000000
720575940890939713,"24252,2246,3590",720575940859668375,"44611,6738,1017",0.000000
720575940890939713,"24252,2246,3590",720575940879241452,"12157,5778,1731",6.298457
720575940890939713,"24252,2246,3590",720575940896891466,"24510,4268,832",0.000000
720575940890939713,"24252,2246,3590",720575940892190818,"40863,5761,1321",0.000000
720575940890939713,"24252,2246,3590",720575940879813622,"37934,6202,141",0.000000
720575940890939713,"24252,2246,3590",720575940951311655,"27837,3887,654",23.475591
720575940890939713,"24252,2246,3590",720575940900275426,"17933,2855,2476",135.203916
720575940890939713,"24252,2246,3590",720575940882688412,"37209,4746,2029",0.000000
720575940890939713,"24252,2246,3590",720575940955236696,"24389,3216,2237",22.236793
720575940890939713,"24252,2246,3590",720575940881950033,"22054,2885,2756",63.758012
720575940890939713,"24252,2246,3590",720575940868783597,"30837,4276,976",0.000000
720575940890939713,"24252,2246,3590",720575940894200219,"32924,5320,1118",0.000000
720575940890939713,"24252,2246,3590",720575940915390365,"20825,5711,2247",0.000000
720575940890939713,"24252,2246,3590",720575940875009761,"30563,3134,541",0.000000
720575940890939713,"24252,2246,3590",720575940878349179,"41785,5171,3367",0.000000
720575940890939713,"24252,2246,3590",720575940889785957,"25781,3130,2539",34.817408
720575940924431938,"19801,2613,1251",720575940873509950,"29155,3903,1758",0.000000
720575940924431938,"19801,2613,1251",720575940893307467,"24104,3598,1701",0.000000
720575940924431938,"19801,2613,1251",720575940929601786,"26320,3381,1543",0.000000
720575940924431938,"19801,2613,1251",720575940912627846,"22589,3518,2073",0.000000
720575940924431938,"19801,2613,1251",720575940875009249,"24558,3736,2265",0.000000
720575940924431938,"19801,2613,1251",720575940891538468,"25430,4764,1460",0.000000
720575940924431938,"19801,2613,1251",720575940896891210,"22476,4688,1997",0.000000
720575940924431938,"19801,2613,1251",720575940875009505,"24266,4298,1651",0.000000
720575940924431938,"19801,2613,1251",720575940877168904,"27950,4274,1601",0.000000
720575940924431938,"19801,2613,1251",720575940915389853,"28063,4731,1501",0.000000
720575940924431938,"19801,2613,1251",720575940915390109,"43805,6509,1651",0.000000
720575940924431938,"19801,2613,1251",720575940859668375,"44611,6738,1017",0.000000
720575940924431938,"19801,2613,1251",720575940879241452,"12157,5778,1731",0.000000
720575940924431938,"19801,2613,1251",720575940896891466,"24510,4268,832",0.000000
720575940924431938,"19801,2613,1251",720575940892190818,"40863,5761,1321",0.000000
720575940924431938,"19801,2613,1251",720575940879813622,"37934,6202,141",0.000000
720575940924431938,"19801,2613,1251",720575940951311655,"27837,3887,654",10.439278
720575940924431938,"19801,2613,1251",720575940900275426,"17933,2855,2476",0.000000
720575940924431938,"19801,2613,1251",720575940882688412,"37209,4746,2029",0.000000
720575940924431938,"19801,2613,1251",720575940955236696,"24389,3216,2237",0.000000
720575940924431938,"19801,2613,1251",720575940881950033,"22054,2885,2756",0.000000
720575940924431938,"19801,2613,1251",720575940868783597,"30837,4276,976",0.000000
720575940924431938,"19801,2613,1251",720575940894200219,"32924,5320,1118",0.000000
720575940924431938,"19801,2613,1251",720575940915390365,"20825,5711,2247",0.000000
720575940924431938,"19801,2613,1251",720575940875009761,"30563,3134,541",0.000000
720575940924431938,"19801,2613,1251",720575940878349179,"41785,5171,3367",0.000000
720575940924431938,"19801,2613,1251",720575940889785957,"25781,3130,2539",0.000000
720575940899779727,"21958,2308,2261",720575940873509950,"29155,3903,1758",0.000000
720575940899779727,"21958,2308,2261",720575940893307467,"24104,3598,1701",0.000000
720575940899779727,"21958,2308,2261",720575940929601786,"26320,3381,1543",0.000000
720575940899779727,"21958,2308,2261",720575940912627846,"22589,3518,2073",0.000000
720575940899779727,"21958,2308,2261",720575940875009249,"24558,3736,2265",0.000000
720575940899779727,"21958,2308,2261",720575940891538468,"25430,4764,1460",0.000000
720575940899779727,"21958,2308,2261",720575940896891210,"22476,4688,1997",0.000000
720575940899779727,"21958,2308,2261",720575940875009505,"24266,4298,1651",0.000000
720575940899779727,"21958,2308,2261",720575940877168904,"27950,4274,1601",0.000000
720575940899779727,"21958,2308,2261",720575940915389853,"28063,4731,1501",0.000000
720575940899779727,"21958,2308,2261",720575940915390109,"43805,6509,1651",0.000000
720575940899779727,"21958,2308,2261",720575940859668375,"44611,6738,1017",0.000000
720575940899779727,"21958,2308,2261",720575940879241452,"12157,5778,1731",0.000000
720575940899779727,"21958,2308,2261",720575940896891466,"24510,4268,832",10.619594
720575940899779727,"21958,2308,2261",720575940892190818,"40863,5761,1321",0.000000
720575940899779727,"21958,2308,2261",720575940879813622,"37934,6202,141",0.000000
720575940899779727,"21958,2308,2261",720575940951311655,"27837,3887,654",4.786527
720575940899779727,"21958,2308,2261",720575940900275426,"17933,2855,2476",0.000000
720575940899779727,"21958,2308,2261",720575940882688412,"37209,4746,2029",0.000000
720575940899779727,"21958,2308,2261",720575940955236696,"24389,3216,2237",5.222925
720575940899779727,"21958,2308,2261",720575940881950033,"22054,2885,2756",36.778688
720575940899779727,"21958,2308,2261",720575940868783597,"30837,4276,976",0.000000
720575940899779727,"21958,2308,2261",720575940894200219,"32924,5320,1118",0.000000
720575940899779727,"21958,2308,2261",720575940915390365,"20825,5711,2247",0.000000
720575940899779727,"21958,2308,2261",720575940875009761,"30563,3134,541",0.000000
720575940899779727,"21958,2308,2261",720575940878349179,"41785,5171,3367",0.000000
720575940899779727,"21958,2308,2261",720575940889785957,"25781,3130,2539",18.191103
720575940930825549,"46316,3362,1139",720575940873509950,"29155,3903,1758",0.000000
720575940930825549,"46316,3362,1139",720575940893307467,"24104,3598,1701",0.000000
720575940930825549,"46316,3362,1139",720575940929601786,"26320,3381,1543",0.000000
720575940930825549,"46316,3362,1139",720575940912627846,"22589,3518,2073",0.000000
720575940930825549,"46316,3362,1139",720575940875009249,"24558,3736,2265",0.000000
720575940930825549,"46316,3362,1139",720575940891538468,"25430,4764,1460",0.000000
720575940930825549,"46316,3362,1139",720575940896891210,"22476,4688,1997",0.000000
720575940930825549,"46316,3362,1139",720575940875009505,"24266,4298,1651",0.000000
720575940930825549,"46316,3362,1139",720575940877168904,"27950,4274,1601",0.000000
720575940930825549,"46316,3362,1139",720575940915389853,"28063,4731,1501",0.000000
720575940930825549,"46316,3362,1139",720575940915390109,"43805,6509,1651",0.000000
720575940930825549,"46316,3362,1139",720575940859668375,"44611,6738,1017",0.000000
720575940930825549,"46316,3362,1139",720575940879241452,"12157,5778,1731",0.000000
720575940930825549,"46316,3362,1139",720575940896891466,"24510,4268,832",0.000000
720575940930825549,"46316,3362,1139",720575940892190818,"40863,5761,1321",0.000000
720575940930825549,"46316,3362,1139",720575940879813622,"37934,6202,141",0.000000
720575940930825549,"46316,3362,1139",720575940951311655,"27837,3887,654",0.000000
720575940930825549,"46316,3362,1139",720575940900275426,"17933,2855,2476",0.000000
720575940930825549,"46316,3362,1139",720575940882688412,"37209,4746,2029",203.935744
720575940930825549,"46316,3362,1139",720575940955236696,"24389,3216,2237",0.000000
720575940930825549,"46316,3362,1139",720575940881950033,"22054,2885,2756",0.000000
720575940930825549,"46316,3362,1139",720575940868783597,"30837,4276,976",0.000000
720575940930825549,"46316,3362,1139",720575940894200219,"32924,5320,1118",0.000000
720575940930825549,"46316,3362,1139",720575940915390365,"20825,5711,2247",0.000000
720575940930825549,"46316,3362,1139",720575940875009761,"30563,3134,541",4.900187
720575940930825549,"46316,3362,1139",720575940878349179,"41785,5171,3367",0.000000
720575940930825549,"46316,3362,1139",720575940889785957,"25781,3130,2539",4.041504
720575940901717479,"29535,2433,3983",720575940873509950,"29155,3903,1758",0.000000
720575940901717479,"29535,2433,3983",720575940893307467,"24104,3598,1701",0.000000
720575940901717479,"29535,2433,3983",720575940929601786,"26320,3381,1543",0.000000
720575940901717479,"29535,2433,3983",720575940912627846,"22589,3518,2073",0.000000
720575940901717479,"29535,2433,3983",720575940875009249,"24558,3736,2265",0.000000
720575940901717479,"29535,2433,3983",720575940891538468,"25430,4764,1460",0.000000
720575940901717479,"29535,2433,3983",720575940896891210,"22476,4688,1997",0.000000
720575940901717479,"29535,2433,3983",720575940875009505,"24266,4298,1651",0.000000
720575940901717479,"29535,2433,3983",720575940877168904,"27950,4274,1601",0.000000
720575940901717479,"29535,2433,3983",720575940915389853,"28063,4731,1501",0.000000
720575940901717479,"29535,2433,3983",720575940915390109,"43805,6509,1651",0.000000
720575940901717479,"29535,2433,3983",720575940859668375,"44611,6738,1017",0.000000
720575940901717479,"29535,2433,3983",720575940879241452,"12157,5778,1731",0.000000
720575940901717479,"29535,2433,3983",720575940896891466,"24510,4268,832",0.000000
720575940901717479,"29535,2433,3983",720575940892190818,"40863,5761,1321",0.000000
720575940901717479,"29535,2433,3983",720575940879813622,"37934,6202,141",0.000000
720575940901717479,"29535,2433,3983",720575940951311655,"27837,3887,654",0.000000
720575940901717479,"29535,2433,3983",720575940900275426,"17933,2855,2476",0.000000
720575940901717479,"29535,2433,3983",720575940882688412,"37209,4746,2029",26.545800
720575940901717479,"29535,2433,3983",720575940955236696,"24389,3216,2237",0.000000
720575940901717479,"29535,2433,3983",720575940881950033,"22054,2885,2756",0.000000
720575940901717479,"29535,2433,3983",720575940868783597,"30837,4276,976",0.000000
720575940901717479,"29535,2433,3983",720575940894200219,"32924,5320,1118",0.000000
720575940901717479,"29535,2433,3983",720575940915390365,"20825,5711,2247",0.000000
720575940901717479,"29535,2433,3983",720575940875009761,"30563,3134,541",4.738272
720575940901717479,"29535,2433,3983",720575940878349179,"41785,5171,3367",0.000000
720575940901717479,"29535,2433,3983",720575940889785957,"25781,3130,2539",20.539552
720575940925790278,"25142,2570,2442",720575940873509950,"29155,3903,1758",0.000000
720575940925790278,"25142,2570,2442",720575940893307467,"24104,3598,1701",0.000000
720575940925790278,"25142,2570,2442",720575940929601786,"26320,3381,1543",0.000000
720575940925790278,"25142,2570,2442",720575940912627846,"22589,3518,2073",0.000000
720575940925790278,"25142,2570,2442",720575940875009249,"24558,3736,2265",0.000000
720575940925790278,"25142,2570,2442",720575940891538468,"25430,4764,1460",0.000000
720575940925790278,"25142,2570,2442",720575940896891210,"22476,4688,1997",0.000000
720575940925790278,"25142,2570,2442",720575940875009505,"24266,4298,1651",0.000000
720575940925790278,"25142,2570,2442",720575940877168904,"27950,4274,1601",0.000000
720575940925790278,"25142,2570,2442",720575940915389853,"28063,4731,1501",0.000000
720575940925790278,"25142,2570,2442",720575940915390109,"43805,6509,1651",0.000000
720575940925790278,"25142,2570,2442",720575940859668375,"44611,6738,1017",0.000000
720575940925790278,"25142,2570,2442",720575940879241452,"12157,5778,1731",0.000000
720575940925790278,"25142,2570,2442",720575940896891466,"24510,4268,832",0.000000
720575940925790278,"25142,2570,2442",720575940892190818,"40863,5761,1321",0.000000
720575940925790278,"25142,2570,2442",720575940879813622,"37934,6202,141",0.000000
720575940925790278,"25142,2570,2442",720575940951311655,"27837,3887,654",17.624127
720575940925790278,"25142,2570,2442",720575940900275426,"17933,2855,2476",0.000000
720575940925790278,"25142,2570,2442",720575940882688412,"37209,4746,2029",0.000000
720575940925790278,"25142,2570,2442",720575940955236696,"24389,3216,2237",8.245056
720575940925790278,"25142,2570,2442",720575940881950033,"22054,2885,2756",11.579102
720575940925790278,"25142,2570,2442",720575940868783597,"30837,4276,976",0.000000
720575940925790278,"25142,2570,2442",720575940894200219,"32924,5320,1118",0.000000
720575940925790278,"25142,2570,2442",720575940915390365,"20825,5711,2247",0.000000
720575940925790278,"25142,2570,2442",720575940875009761,"30563,3134,541",0.000000
720575940925790278,"25142,2570,2442",720575940878349179,"41785,5171,3367",0.000000
720575940925790278,"25142,2570,2442",720575940889785957,"25781,3130,2539",0.000000
720575940898677394,"30196,2494,713",720575940873509950,"29155,3903,1758",0.000000
720575940898677394,"30196,2494,713",720575940893307467,"24104,3598,1701",0.000000
720575940898677394,"30196,2494,713",720575940929601786,"26320,3381,1543",0.000000
720575940898677394,"30196,2494,713",720575940912627846,"22589,3518,2073",0.000000
720575940898677394,"30196,2494,713",720575940875009249,"24558,3736,2265",0.000000
720575940898677394,"30196,2494,713",720575940891538468,"25430,4764,1460",0.000000
720575940898677394,"30196,2494,713",720575940896891210,"22476,4688,1997",0.000000
720575940898677394,"30196,2494,713",720575940875009505,"24266,4298,1651",0.000000
720575940898677394,"30196,2494,713",720575940877168904,"27950,4274,1601",0.000000
720575940898677394,"30196,2494,713",720575940915389853,"28063,4731,1501",0.000000
720575940898677394,"30196,2494,713",720575940915390109,"43805,6509,1651",0.000000
720575940898677394,"30196,2494,713",720575940859668375,"44611,6738,1017",0.000000
720575940898677394,"30196,2494,713",720575940879241452,"12157,5778,1731",0.000000
720575940898677394,"30196,2494,713",720575940896891466,"24510,4268,832",0.000000
720575940898677394,"30196,2494,713",720575940892190818,"40863,5761,1321",0.000000
720575940898677394,"30196,2494,713",720575940879813622,"37934,6202,141",0.000000
720575940898677394,"30196,2494,713",720575940951311655,"27837,3887,654",0.000000
720575940898677394,"30196,2494,713",720575940900275426,"17933,2855,2476",0.000000
720575940898677394,"30196,2494,713",720575940882688412,"37209,4746,2029",0.000000
720575940898677394,"30196,2494,713",720575940955236696,"24389,3216,2237",6.945215
720575940898677394,"30196,2494,713",720575940881950033,"22054,2885,2756",0.000000
720575940898677394,"30196,2494,713",720575940868783597,"30837,4276,976",0.000000
720575940898677394,"30196,2494,713",720575940894200219,"32924,5320,1118",0.000000
720575940898677394,"30196,2494,713",720575940915390365,"20825,5711,2247",0.000000
720575940898677394,"30196,2494,713",720575940875009761,"30563,3134,541",45.072553
720575940898677394,"30196,2494,713",720575940878349179,"41785,5171,3367",0.000000
720575940898677394,"30196,2494,713",720575940889785957,"25781,3130,2539",35.492099
720575940875863357,"43651,3371,1203",720575940873509950,"29155,3903,1758",0.000000
720575940875863357,"43651,3371,1203",720575940893307467,"24104,3598,1701",0.000000
720575940875863357,"43651,3371,1203",720575940929601786,"26320,3381,1543",0.000000
720575940875863357,"43651,3371,1203",720575940912627846,"22589,3518,2073",0.000000
720575940875863357,"43651,3371,1203",720575940875009249,"24558,3736,2265",0.000000
720575940875863357,"43651,3371,1203",720575940891538468,"25430,4764,1460",0.000000
720575940875863357,"43651,3371,1203",720575940896891210,"22476,4688,1997",0.000000
720575940875863357,"43651,3371,1203",720575940875009505,"24266,4298,1651",0.000000
720575940875863357,"43651,3371,1203",720575940877168904,"27950,4274,1601",0.000000
720575940875863357,"43651,3371,1203",720575940915389853,"28063,4731,1501",0.000000
720575940875863357,"43651,3371,1203",720575940915390109,"43805,6509,1651",0.000000
720575940875863357,"43651,3371,1203",720575940859668375,"44611,6738,1017",0.000000
720575940875863357,"43651,3371,1203",720575940879241452,"12157,5778,1731",0.000000
720575940875863357,"43651,3371,1203",720575940896891466,"24510,4268,832",0.000000
720575940875863357,"43651,3371,1203",720575940892190818,"40863,5761,1321",0.000000
720575940875863357,"43651,3371,1203",720575940879813622,"37934,6202,141",0.000000
720575940875863357,"43651,3371,1203",720575940951311655,"27837,3887,654",0.000000
720575940875863357,"43651,3371,1203",720575940900275426,"17933,2855,2476",0.000000
720575940875863357,"43651,3371,1203",720575940882688412,"37209,4746,2029",0.000000
720575940875863357,"43651,3371,1203",720575940955236696,"24389,3216,2237",0.000000
720575940875863357,"43651,3371,1203",720575940881950033,"22054,2885,2756",0.000000
720575940875863357,"43651,3371,1203",720575940868783597,"30837,4276,976",0.000000
720575940875863357,"43651,3371,1203",720575940894200219,"32924,5320,1118",0.000000
720575940875863357,"43651,3371,1203",720575940915390365,"20825,5711,2247",0.000000
720575940875863357,"43651,3371,1203",720575940875009761,"30563,3134,541",0.000000
720575940875863357,"43651,3371,1203",720575940878349179,"41785,5171,3367",0.000000
720575940875863357,"43651,3371,1203",720575940889785957,"25781,3130,2539",0.000000
720575940894664201,"22764,2181,1856",720575940873509950,"29155,3903,1758",0.000000
720575940894664201,"22764,2181,1856",720575940893307467,"24104,3598,1701",0.000000
720575940894664201,"22764,2181,1856",720575940929601786,"26320,3381,1543",0.000000
720575940894664201,"22764,2181,1856",720575940912627846,"22589,3518,2073",0.000000
720575940894664201,"22764,2181,1856",720575940875009249,"24558,3736,2265",0.000000
720575940894664201,"22764,2181,1856",720575940891538468,"25430,4764,1460",0.000000
720575940894664201,"22764,2181,1856",720575940896891210,"22476,4688,1997",0.000000
720575940894664201,"22764,2181,1856",720575940875009505,"24266,4298,1651",0.000000
720575940894664201,"22764,2181,1856",720575940877168904,"27950,4274,1601",0.000000
720575940894664201,"22764,2181,1856",720575940915389853,"28063,4731,1501",0.000000
720575940894664201,"22764,2181,1856",720575940915390109,"43805,6509,1651",0.000000
720575940894664201,"22764,2181,1856",720575940859668375,"44611,6738,1017",0.000000
720575940894664201,"22764,2181,1856",720575940879241452,"12157,5778,1731",0.000000
720575940894664201,"22764,2181,1856",720575940896891466,"24510,4268,832",0.000000
720575940894664201,"22764,2181,1856",720575940892190818,"40863,5761,1321",0.000000
720575940894664201,"22764,2181,1856",720575940879813622,"37934,6202,141",0.000000
720575940894664201,"22764,2181,1856",720575940951311655,"27837,3887,654",0.000000
720575940894664201,"22764,2181,1856",720575940900275426,"17933,2855,2476",6.478577
720575940894664201,"22764,2181,1856",720575940882688412,"37209,4746,2029",0.000000
720575940894664201,"22764,2181,1856",720575940955236696,"24389,3216,2237",5.194507
720575940894664201,"22764,2181,1856",720575940881950033,"22054,2885,2756",0.000000
720575940894664201,"22764,2181,1856",720575940868783597,"30837,4276,976",0.000000
720575940894664201,"22764,2181,1856",720575940894200219,"32924,5320,1118",0.000000
720575940894664201,"22764,2181,1856",720575940915390365,"20825,5711,2247",0.000000
720575940894664201,"22764,2181,1856",720575940875009761,"30563,3134,541",0.000000
720575940894664201,"22764,2181,1856",720575940878349179,"41785,5171,3367",0.000000
720575940894664201,"22764,2181,1856",720575940889785957,"25781,3130,2539",0.000000
720575940882103072,"31305,2441,3678",720575940873509950,"29155,3903,1758",0.000000
720575940882103072,"31305,2441,3678",720575940893307467,"24104,3598,1701",0.000000
720575940882103072,"31305,2441,3678",720575940929601786,"26320,3381,1543",0.000000
720575940882103072,"31305,2441,3678",720575940912627846,"22589,3518,2073",0.000000
720575940882103072,"31305,2441,3678",720575940875009249,"24558,3736,2265",0.000000
720575940882103072,"31305,2441,3678",720575940891538468,"25430,4764,1460",0.000000
720575940882103072,"31305,2441,3678",720575940896891210,"22476,4688,1997",0.000000
720575940882103072,"31305,2441,3678",720575940875009505,"24266,4298,1651",0.000000
720575940882103072,"31305,2441,3678",720575940877168904,"27950,4274,1601",0.000000
720575940882103072,"31305,2441,3678",720575940915389853,"28063,4731,1501",0.000000
720575940882103072,"31305,2441,3678",720575940915390109,"43805,6509,1651",0.000000
720575940882103072,"31305,2441,3678",720575940859668375,"44611,6738,1017",0.000000
720575940882103072,"31305,2441,3678",720575940879241452,"12157,5778,1731",0.000000
720575940882103072,"31305,2441,3678",720575940896891466,"24510,4268,832",0.000000
720575940882103072,"31305,2441,3678",720575940892190818,"40863,5761,1321",0.000000
720575940882103072,"31305,2441,3678",720575940879813622,"37934,6202,141",0.000000
720575940882103072,"31305,2441,3678",720575940951311655,"27837,3887,654",0.000000
720575940882103072,"31305,2441,3678",720575940900275426,"17933,2855,2476",0.000000
720575940882103072,"31305,2441,3678",720575940882688412,"37209,4746,2029",78.678265
720575940882103072,"31305,2441,3678",720575940955236696,"24389,3216,2237",0.000000
720575940882103072,"31305,2441,3678",720575940881950033,"22054,2885,2756",33.439839
720575940882103072,"31305,2441,3678",720575940868783597,"30837,4276,976",0.000000
720575940882103072,"31305,2441,3678",720575940894200219,"32924,5320,1118",0.000000
720575940882103072,"31305,2441,3678",720575940915390365,"20825,5711,2247",0.000000
720575940882103072,"31305,2441,3678",720575940875009761,"30563,3134,541",60.138947
720575940882103072,"31305,2441,3678",720575940878349179,"41785,5171,3367",0.000000
720575940882103072,"31305,2441,3678",720575940889785957,"25781,3130,2539",28.541876
720575940883198167,"30313,2701,1640",720575940873509950,"29155,3903,1758",0.000000
720575940883198167,"30313,2701,1640",720575940893307467,"24104,3598,1701",0.000000
720575940883198167,"30313,2701,1640",720575940929601786,"26320,3381,1543",0.000000
720575940883198167,"30313,2701,1640",720575940912627846,"22589,3518,2073",0.000000
720575940883198167,"30313,2701,1640",720575940875009249,"24558,3736,2265",0.000000
720575940883198167,"30313,2701,1640",720575940891538468,"25430,4764,1460",0.000000
720575940883198167,"30313,2701,1640",720575940896891210,"22476,4688,1997",0.000000
720575940883198167,"30313,2701,1640",720575940875009505,"24266,4298,1651",0.000000
720575940883198167,"30313,2701,1640",720575940877168904,"27950,4274,1601",0.000000
720575940883198167,"30313,2701,1640",720575940915389853,"28063,4731,1501",0.000000
720575940883198167,"30313,2701,1640",720575940915390109,"43805,6509,1651",0.000000
720575940883198167,"30313,2701,1640",720575940859668375,"44611,6738,1017",0.000000
720575940883198167,"30313,2701,1640",720575940879241452,"12157,5778,1731",0.000000
720575940883198167,"30313,2701,1640",720575940896891466,"24510,4268,832",0.000000
720575940883198167,"30313,2701,1640",720575940892190818,"40863,5761,1321",0.000000
720575940883198167,"30313,2701,1640",720575940879813622,"37934,6202,141",0.000000
720575940883198167,"30313,2701,1640",720575940951311655,"27837,3887,654",0.000000
720575940883198167,"30313,2701,1640",720575940900275426,"17933,2855,2476",39.348471
720575940883198167,"30313,2701,1640",720575940882688412,"37209,4746,2029",0.000000
720575940883198167,"30313,2701,1640",720575940955236696,"24389,3216,2237",96.917869
720575940883198167,"30313,2701,1640",720575940881950033,"22054,2885,2756",51.201486
720575940883198167,"30313,2701,1640",720575940868783597,"30837,4276,976",0.000000
720575940883198167,"30313,2701,1640",720575940894200219,"32924,5320,1118",0.000000
720575940883198167,"30313,2701,1640",720575940915390365,"20825,5711,2247",0.000000
720575940883198167,"30313,2701,1640",720575940875009761,"30563,3134,541",13.285308
720575940883198167,"30313,2701,1640",720575940878349179,"41785,5171,3367",0.000000
720575940883198167,"30313,2701,1640",720575940889785957,"25781,3130,2539",23.445078
720575940927796016,"9633,3120,1219",720575940873509950,"29155,3903,1758",0.000000
720575940927796016,"9633,3120,1219",720575940893307467,"24104,3598,1701",0.000000
720575940927796016,"9633,3120,1219",720575940929601786,"26320,3381,1543",0.000000
720575940927796016,"9633,3120,1219",720575940912627846,"22589,3518,2073",0.000000
720575940927796016,"9633,3120,1219",720575940875009249,"24558,3736,2265",0.000000
720575940927796016,"9633,3120,1219",720575940891538468,"25430,4764,1460",0.000000
720575940927796016,"9633,3120,1219",720575940896891210,"22476,4688,1997",0.000000
720575940927796016,"9633,3120,1219",720575940875009505,"24266,4298,1651",0.000000
720575940927796016,"9633,3120,1219",720575940877168904,"27950,4274,1601",0.000000
720575940927796016,"9633,3120,1219",720575940915389853,"28063,4731,1501",0.000000
720575940927796016,"9633,3120,1219",720575940915390109,"43805,6509,1651",0.000000
720575940927796016,"9633,3120,1219",720575940859668375,"44611,6738,1017",0.000000
720575940927796016,"9633,3120,1219",720575940879241452,"12157,5778,1731",0.000000
720575940927796016,"9633,3120,1219",720575940896891466,"24510,4268,832",0.000000
720575940927796016,"9633,3120,1219",720575940892190818,"40863,5761,1321",0.000000
720575940927796016,"9633,3120,1219",720575940879813622,"37934,6202,141",0.000000
720575940927796016,"9633,3120,1219",720575940951311655,"27837,3887,654",0.000000
720575940927796016,"9633,3120,1219",720575940900275426,"17933,2855,2476",19.242967
720575940927796016,"9633,3120,1219",720575940882688412,"37209,4746,2029",0.000000
720575940927796016,"9633,3120,1219",720575940955236696,"24389,3216,2237",0.000000
720575940927796016,"9633,3120,1219",720575940881950033,"22054,2885,2756",0.000000
720575940927796016,"9633,3120,1219",720575940868783597,"30837,4276,976",0.000000
720575940927796016,"9633,3120,1219",720575940894200219,"32924,5320,1118",0.000000
720575940927796016,"9633,3120,1219",720575940915390365,"20825,5711,2247",0.000000
720575940927796016,"9633,3120,1219",720575940875009761,"30563,3134,541",0.000000
720575940927796016,"9633,3120,1219",720575940878349179,"41785,5171,3367",0.000000
720575940927796016,"9633,3120,1219",720575940889785957,"25781,3130,2539",0.000000
720575940940386475,"21576,2354,2436",720575940873509950,"29155,3903,1758",0.000000
720575940940386475,"21576,2354,2436",720575940893307467,"24104,3598,1701",0.000000
720575940940386475,"21576,2354,2436",720575940929601786,"26320,3381,1543",0.000000
720575940940386475,"21576,2354,2436",720575940912627846,"22589,3518,2073",0.000000
720575940940386475,"21576,2354,2436",720575940875009249,"24558,3736,2265",0.000000
720575940940386475,"21576,2354,2436",720575940891538468,"25430,4764,1460",0.000000
720575940940386475,"21576,2354,2436",720575940896891210,"22476,4688,1997",0.000000
720575940940386475,"21576,2354,2436",720575940875009505,"24266,4298,1651",0.000000
720575940940386475,"21576,2354,2436",720575940877168904,"27950,4274,1601",0.000000
720575940940386475,"21576,2354,2436",720575940915389853,"28063,4731,1501",6.719867
720575940940386475,"21576,2354,2436",720575940915390109,"43805,6509,1651",0.000000
720575940940386475,"21576,2354,2436",720575940859668375,"44611,6738,1017",0.000000
720575940940386475,"21576,2354,2436",720575940879241452,"12157,5778,1731",8.205503
720575940940386475,"21576,2354,2436",720575940896891466,"24510,4268,832",9.403204
720575940940386475,"21576,2354,2436",720575940892190818,"40863,5761,1321",0.000000
720575940940386475,"21576,2354,2436",720575940879813622,"37934,6202,141",0.000000
720575940940386475,"21576,2354,2436",720575940951311655,"27837,3887,654",5.370597
720575940940386475,"21576,2354,2436",720575940900275426,"17933,2855,2476",60.734535
720575940940386475,"21576,2354,2436",720575940882688412,"37209,4746,2029",0.000000
720575940940386475,"21576,2354,2436",720575940955236696,"24389,3216,2237",29.617809
720575940940386475,"21576,2354,2436",720575940881950033,"22054,2885,2756",155.367505
720575940940386475,"21576,2354,2436",720575940868783597,"30837,4276,976",0.000000
720575940940386475,"21576,2354,2436",720575940894200219,"32924,5320,1118",9.689209
720575940940386475,"21576,2354,2436",720575940915390365,"20825,5711,2247",0.000000
720575940940386475,"21576,2354,2436",720575940875009761,"30563,3134,541",39.709460
720575940940386475,"21576,2354,2436",720575940878349179,"41785,5171,3367",0.000000
720575940940386475,"21576,2354,2436",720575940889785957,"25781,3130,2539",205.869582
720575940921478163,"23718,2487,236",720575940873509950,"29155,3903,1758",0.000000
720575940921478163,"23718,2487,236",720575940893307467,"24104,3598,1701",9.731931
720575940921478163,"23718,2487,236",720575940929601786,"26320,3381,1543",0.000000
720575940921478163,"23718,2487,236",720575940912627846,"22589,3518,2073",0.000000
720575940921478163,"23718,2487,236",720575940875009249,"24558,3736,2265",0.000000
720575940921478163,"23718,2487,236",720575940891538468,"25430,4764,1460",33.645923
720575940921478163,"23718,2487,236",720575940896891210,"22476,4688,1997",8.880961
720575940921478163,"23718,2487,236",720575940875009505,"24266,4298,1651",43.038961
720575940921478163,"23718,2487,236",720575940877168904,"27950,4274,1601",0.000000
720575940921478163,"23718,2487,236",720575940915389853,"28063,4731,1501",10.314227
720575940921478163,"23718,2487,236",720575940915390109,"43805,6509,1651",0.000000
720575940921478163,"23718,2487,236",720575940859668375,"44611,6738,1017",0.000000
720575940921478163,"23718,2487,236",720575940879241452,"12157,5778,1731",0.000000
720575940921478163,"23718,2487,236",720575940896891466,"24510,4268,832",0.000000
720575940921478163,"23718,2487,236",720575940892190818,"40863,5761,1321",0.000000
720575940921478163,"23718,2487,236",720575940879813622,"37934,6202,141",0.000000
720575940921478163,"23718,2487,236",720575940951311655,"27837,3887,654",42.999482
720575940921478163,"23718,2487,236",720575940900275426,"17933,2855,2476",67.281743
720575940921478163,"23718,2487,236",720575940882688412,"37209,4746,2029",20.406432
720575940921478163,"23718,2487,236",720575940955236696,"24389,3216,2237",13.458383
720575940921478163,"23718,2487,236",720575940881950033,"22054,2885,2756",8.081360
720575940921478163,"23718,2487,236",720575940868783597,"30837,4276,976",12.337469
720575940921478163,"23718,2487,236",720575940894200219,"32924,5320,1118",0.000000
720575940921478163,"23718,2487,236",720575940915390365,"20825,5711,2247",0.000000
720575940921478163,"23718,2487,236",720575940875009761,"30563,3134,541",0.000000
720575940921478163,"23718,2487,236",720575940878349179,"41785,5171,3367",0.000000
720575940921478163,"23718,2487,236",720575940889785957,"25781,3130,2539",35.538619
720575940928355836,"40673,3103,1892",720575940873509950,"29155,3903,1758",0.000000
720575940928355836,"40673,3103,1892",720575940893307467,"24104,3598,1701",0.000000
720575940928355836,"40673,3103,1892",720575940929601786,"26320,3381,1543",0.000000
720575940928355836,"40673,3103,1892",720575940912627846,"22589,3518,2073",0.000000
720575940928355836,"40673,3103,1892",720575940875009249,"24558,3736,2265",0.000000
720575940928355836,"40673,3103,1892",720575940891538468,"25430,4764,1460",0.000000
720575940928355836,"40673,3103,1892",720575940896891210,"22476,4688,1997",0.000000
720575940928355836,"40673,3103,1892",720575940875009505,"24266,4298,1651",0.000000
720575940928355836,"40673,3103,1892",720575940877168904,"27950,4274,1601",0.000000
720575940928355836,"40673,3103,1892",720575940915389853,"28063,4731,1501",0.000000
720575940928355836,"40673,3103,1892",720575940915390109,"43805,6509,1651",0.000000
720575940928355836,"40673,3103,1892",720575940859668375,"44611,6738,1017",0.000000
720575940928355836,"40673,3103,1892",720575940879241452,"12157,5778,1731",0.000000
720575940928355836,"40673,3103,1892",720575940896891466,"24510,4268,832",0.000000
720575940928355836,"40673,3103,1892",720575940892190818,"40863,5761,1321",0.000000
720575940928355836,"40673,3103,1892",720575940879813622,"37934,6202,141",0.000000
720575940928355836,"40673,3103,1892",720575940951311655,"27837,3887,654",0.000000
720575940928355836,"40673,3103,1892",720575940900275426,"17933,2855,2476",0.000000
720575940928355836,"40673,3103,1892",720575940882688412,"37209,4746,2029",91.806935
720575940928355836,"40673,3103,1892",720575940955236696,"24389,3216,2237",0.000000
720575940928355836,"40673,3103,1892",720575940881950033,"22054,2885,2756",0.000000
720575940928355836,"40673,3103,1892",720575940868783597,"30837,4276,976",0.000000
720575940928355836,"40673,3103,1892",720575940894200219,"32924,5320,1118",0.000000
720575940928355836,"40673,3103,1892",720575940915390365,"20825,5711,2247",0.000000
720575940928355836,"40673,3103,1892",720575940875009761,"30563,3134,541",0.000000
720575940928355836,"40673,3103,1892",720575940878349179,"41785,5171,3367",0.000000
720575940928355836,"40673,3103,1892",720575940889785957,"25781,3130,2539",0.000000
720575940888802138,"37041,3108,1790",720575940873509950,"29155,3903,1758",0.000000
720575940888802138,"37041,3108,1790",720575940893307467,"24104,3598,1701",0.000000
720575940888802138,"37041,3108,1790",720575940929601786,"26320,3381,1543",0.000000
720575940888802138,"37041,3108,1790",720575940912627846,"22589,3518,2073",0.000000
720575940888802138,"37041,3108,1790",720575940875009249,"24558,3736,2265",0.000000
720575940888802138,"37041,3108,1790",720575940891538468,"25430,4764,1460",0.000000
720575940888802138,"37041,3108,1790",720575940896891210,"22476,4688,1997",0.000000
720575940888802138,"37041,3108,1790",720575940875009505,"24266,4298,1651",0.000000
720575940888802138,"37041,3108,1790",720575940877168904,"27950,4274,1601",8.775517
720575940888802138,"37041,3108,1790",720575940915389853,"28063,4731,1501",9.805517
720575940888802138,"37041,3108,1790",720575940915390109,"43805,6509,1651",11.426536
720575940888802138,"37041,3108,1790",720575940859668375,"44611,6738,1017",16.044173
720575940888802138,"37041,3108,1790",720575940879241452,"12157,5778,1731",0.000000
720575940888802138,"37041,3108,1790",720575940896891466,"24510,4268,832",0.000000
720575940888802138,"37041,3108,1790",720575940892190818,"40863,5761,1321",0.000000
720575940888802138,"37041,3108,1790",720575940879813622,"37934,6202,141",12.094970
720575940888802138,"37041,3108,1790",720575940951311655,"27837,3887,654",28.033440
720575940888802138,"37041,3108,1790",720575940900275426,"17933,2855,2476",0.000000
720575940888802138,"37041,3108,1790",720575940882688412,"37209,4746,2029",81.131466
720575940888802138,"37041,3108,1790",720575940955236696,"24389,3216,2237",49.808853
720575940888802138,"37041,3108,1790",720575940881950033,"22054,2885,2756",10.162762
720575940888802138,"37041,3108,1790",720575940868783597,"30837,4276,976",0.000000
720575940888802138,"37041,3108,1790",720575940894200219,"32924,5320,1118",0.000000
720575940888802138,"37041,3108,1790",720575940915390365,"20825,5711,2247",0.000000
720575940888802138,"37041,3108,1790",720575940875009761,"30563,3134,541",44.120055
720575940888802138,"37041,3108,1790",720575940878349179,"41785,5171,3367",0.000000
720575940888802138,"37041,3108,1790",720575940889785957,"25781,3130,2539",4.939698
720575940882393805,"13304,2866,4018",720575940873509950,"29155,3903,1758",0.000000
720575940882393805,"13304,2866,4018",720575940893307467,"24104,3598,1701",0.000000
720575940882393805,"13304,2866,4018",720575940929601786,"26320,3381,1543",0.000000
720575940882393805,"13304,2866,4018",720575940912627846,"22589,3518,2073",0.000000
720575940882393805,"13304,2866,4018",720575940875009249,"24558,3736,2265",0.000000
720575940882393805,"13304,2866,4018",720575940891538468,"25430,4764,1460",0.000000
720575940882393805,"13304,2866,4018",720575940896891210,"22476,4688,1997",0.000000
720575940882393805,"13304,2866,4018",720575940875009505,"24266,4298,1651",0.000000
720575940882393805,"13304,2866,4018",720575940877168904,"27950,4274,1601",0.000000
720575940882393805,"13304,2866,4018",720575940915389853,"28063,4731,1501",0.000000
720575940882393805,"13304,2866,4018",720575940915390109,"43805,6509,1651",0.000000
720575940882393805,"13304,2866,4018",720575940859668375,"44611,6738,1017",0.000000
720575940882393805,"13304,2866,4018",720575940879241452,"12157,5778,1731",0.000000
720575940882393805,"13304,2866,4018",720575940896891466,"24510,4268,832",0.000000
720575940882393805,"13304,2866,4018",720575940892190818,"40863,5761,1321",0.000000
720575940882393805,"13304,2866,4018",720575940879813622,"37934,6202,141",0.000000
720575940882393805,"13304,2866,4018",720575940951311655,"27837,3887,654",0.000000
720575940882393805,"13304,2866,4018",720575940900275426,"17933,2855,2476",39.485881
720575940882393805,"13304,2866,4018",720575940882688412,"37209,4746,2029",0.000000
720575940882393805,"13304,2866,4018",720575940955236696,"24389,3216,2237",0.000000
720575940882393805,"13304,2866,4018",720575940881950033,"22054,2885,2756",5.778288
720575940882393805,"13304,2866,4018",720575940868783597,"30837,4276,976",0.000000
720575940882393805,"13304,2866,4018",720575940894200219,"32924,5320,1118",0.000000
720575940882393805,"13304,2866,4018",720575940915390365,"20825,5711,2247",0.000000
720575940882393805,"13304,2866,4018",720575940875009761,"30563,3134,541",0.000000
720575940882393805,"13304,2866,4018",720575940878349179,"41785,5171,3367",0.000000
720575940882393805,"13304,2866,4018",720575940889785957,"25781,3130,2539",0.000000
720575940886574602,"10527,2648,1282",720575940873509950,"29155,3903,1758",0.000000
720575940886574602,"10527,2648,1282",720575940893307467,"24104,3598,1701",0.000000
720575940886574602,"10527,2648,1282",720575940929601786,"26320,3381,1543",0.000000
720575940886574602,"10527,2648,1282",720575940912627846,"22589,3518,2073",0.000000
720575940886574602,"10527,2648,1282",720575940875009249,"24558,3736,2265",0.000000
720575940886574602,"10527,2648,1282",720575940891538468,"25430,4764,1460",0.000000
720575940886574602,"10527,2648,1282",720575940896891210,"22476,4688,1997",0.000000
720575940886574602,"10527,2648,1282",720575940875009505,"24266,4298,1651",0.000000
720575940886574602,"10527,2648,1282",720575940877168904,"27950,4274,1601",0.000000
720575940886574602,"10527,2648,1282",720575940915389853,"28063,4731,1501",0.000000
720575940886574602,"10527,2648,1282",720575940915390109,"43805,6509,1651",0.000000
720575940886574602,"10527,2648,1282",720575940859668375,"44611,6738,1017",0.000000
720575940886574602,"10527,2648,1282",720575940879241452,"12157,5778,1731",0.000000
720575940886574602,"10527,2648,1282",720575940896891466,"24510,4268,832",0.000000
720575940886574602,"10527,2648,1282",720575940892190818,"40863,5761,1321",0.000000
720575940886574602,"10527,2648,1282",720575940879813622,"37934,6202,141",0.000000
720575940886574602,"10527,2648,1282",720575940951311655,"27837,3887,654",0.000000
720575940886574602,"10527,2648,1282",720575940900275426,"17933,2855,2476",45.799685
720575940886574602,"10527,2648,1282",720575940882688412,"37209,4746,2029",0.000000
720575940886574602,"10527,2648,1282",720575940955236696,"24389,3216,2237",0.000000
720575940886574602,"10527,2648,1282",720575940881950033,"22054,2885,2756",8.062000
720575940886574602,"10527,2648,1282",720575940868783597,"30837,4276,976",0.000000
720575940886574602,"10527,2648,1282",720575940894200219,"32924,5320,1118",0.000000
720575940886574602,"10527,2648,1282",720575940915390365,"20825,5711,2247",0.000000
720575940886574602,"10527,2648,1282",720575940875009761,"30563,3134,541",0.000000
720575940886574602,"10527,2648,1282",720575940878349179,"41785,5171,3367",0.000000
720575940886574602,"10527,2648,1282",720575940889785957,"25781,3130,2539",0.000000
720575940941106028,"29347,3155,1813",720575940873509950,"29155,3903,1758",974.806053
720575940941106028,"29347,3155,1813",720575940893307467,"24104,3598,1701",339.582108
720575940941106028,"29347,3155,1813",720575940929601786,"26320,3381,1543",661.127909
720575940941106028,"29347,3155,1813",720575940912627846,"22589,3518,2073",482.207507
720575940941106028,"29347,3155,1813",720575940875009249,"24558,3736,2265",424.651196
720575940941106028,"29347,3155,1813",720575940891538468,"25430,4764,1460",0.000000
720575940941106028,"29347,3155,1813",720575940896891210,"22476,4688,1997",53.221646
720575940941106028,"29347,3155,1813",720575940875009505,"24266,4298,1651",45.463133
720575940941106028,"29347,3155,1813",720575940877168904,"27950,4274,1601",46.051079
720575940941106028,"29347,3155,1813",720575940915389853,"28063,4731,1501",0.000000
720575940941106028,"29347,3155,1813",720575940915390109,"43805,6509,1651",0.000000
720575940941106028,"29347,3155,1813",720575940859668375,"44611,6738,1017",0.000000
720575940941106028,"29347,3155,1813",720575940879241452,"12157,5778,1731",0.000000
720575940941106028,"29347,3155,1813",720575940896891466,"24510,4268,832",0.000000
720575940941106028,"29347,3155,1813",720575940892190818,"40863,5761,1321",14.755734
720575940941106028,"29347,3155,1813",720575940879813622,"37934,6202,141",1.763489
720575940941106028,"29347,3155,1813",720575940951311655,"27837,3887,654",0.000000
720575940941106028,"29347,3155,1813",720575940900275426,"17933,2855,2476",0.000000
720575940941106028,"29347,3155,1813",720575940882688412,"37209,4746,2029",0.000000
720575940941106028,"29347,3155,1813",720575940955236696,"24389,3216,2237",0.000000
720575940941106028,"29347,3155,1813",720575940881950033,"22054,2885,2756",0.000000
720575940941106028,"29347,3155,1813",720575940868783597,"30837,4276,976",57.805839
720575940941106028,"29347,3155,1813",720575940894200219,"32924,5320,1118",10.519440
720575940941106028,"29347,3155,1813",720575940915390365,"20825,5711,2247",0.000000
720575940941106028,"29347,3155,1813",720575940875009761,"30563,3134,541",18.325786
720575940941106028,"29347,3155,1813",720575940878349179,"41785,5171,3367",0.000000
720575940941106028,"29347,3155,1813",720575940889785957,"25781,3130,2539",0.000000
720575940922949405,"23048,3069,1851",720575940873509950,"29155,3903,1758",0.000000
720575940922949405,"23048,3069,1851",720575940893307467,"24104,3598,1701",116.859012
720575940922949405,"23048,3069,1851",720575940929601786,"26320,3381,1543",243.294421
720575940922949405,"23048,3069,1851",720575940912627846,"22589,3518,2073",12.846340
720575940922949405,"23048,3069,1851",720575940875009249,"24558,3736,2265",0.000000
720575940922949405,"23048,3069,1851",720575940891538468,"25430,4764,1460",32.981305
720575940922949405,"23048,3069,1851",720575940896891210,"22476,4688,1997",8.341893
720575940922949405,"23048,3069,1851",720575940875009505,"24266,4298,1651",56.782268
720575940922949405,"23048,3069,1851",720575940877168904,"27950,4274,1601",0.000000
720575940922949405,"23048,3069,1851",720575940915389853,"28063,4731,1501",66.436417
720575940922949405,"23048,3069,1851",720575940915390109,"43805,6509,1651",0.000000
720575940922949405,"23048,3069,1851",720575940859668375,"44611,6738,1017",0.000000
720575940922949405,"23048,3069,1851",720575940879241452,"12157,5778,1731",0.000000
720575940922949405,"23048,3069,1851",720575940896891466,"24510,4268,832",0.000000
720575940922949405,"23048,3069,1851",720575940892190818,"40863,5761,1321",0.000000
720575940922949405,"23048,3069,1851",720575940879813622,"37934,6202,141",0.000000
720575940922949405,"23048,3069,1851",720575940951311655,"27837,3887,654",65.546125
720575940922949405,"23048,3069,1851",720575940900275426,"17933,2855,2476",15.819440
720575940922949405,"23048,3069,1851",720575940882688412,"37209,4746,2029",0.000000
720575940922949405,"23048,3069,1851",720575940955236696,"24389,3216,2237",48.048437
720575940922949405,"23048,3069,1851",720575940881950033,"22054,2885,2756",23.977785
720575940922949405,"23048,3069,1851",720575940868783597,"30837,4276,976",26.971128
720575940922949405,"23048,3069,1851",720575940894200219,"32924,5320,1118",43.749808
720575940922949405,"23048,3069,1851",720575940915390365,"20825,5711,2247",0.000000
720575940922949405,"23048,3069,1851",720575940875009761,"30563,3134,541",0.000000
720575940922949405,"23048,3069,1851",720575940878349179,"41785,5171,3367",0.000000
720575940922949405,"23048,3069,1851",720575940889785957,"25781,3130,2539",60.381612
720575940899282056,"29678,3655,1401",720575940873509950,"29155,3903,1758",46.917387
720575940899282056,"29678,3655,1401",720575940893307467,"24104,3598,1701",325.891544
720575940899282056,"29678,3655,1401",720575940929601786,"26320,3381,1543",793.752306
720575940899282056,"29678,3655,1401",720575940912627846,"22589,3518,2073",177.277711
720575940899282056,"29678,3655,1401",720575940875009249,"24558,3736,2265",71.230479
720575940899282056,"29678,3655,1401",720575940891538468,"25430,4764,1460",53.617940
720575940899282056,"29678,3655,1401",720575940896891210,"22476,4688,1997",14.785555
720575940899282056,"29678,3655,1401",720575940875009505,"24266,4298,1651",73.655270
720575940899282056,"29678,3655,1401",720575940877168904,"27950,4274,1601",0.000000
720575940899282056,"29678,3655,1401",720575940915389853,"28063,4731,1501",5.393735
720575940899282056,"29678,3655,1401",720575940915390109,"43805,6509,1651",0.000000
720575940899282056,"29678,3655,1401",720575940859668375,"44611,6738,1017",0.000000
720575940899282056,"29678,3655,1401",720575940879241452,"12157,5778,1731",0.000000
720575940899282056,"29678,3655,1401",720575940896891466,"24510,4268,832",6.880381
720575940899282056,"29678,3655,1401",720575940892190818,"40863,5761,1321",0.000000
720575940899282056,"29678,3655,1401",720575940879813622,"37934,6202,141",47.339928
720575940899282056,"29678,3655,1401",720575940951311655,"27837,3887,654",86.825423
720575940899282056,"29678,3655,1401",720575940900275426,"17933,2855,2476",0.000000
720575940899282056,"29678,3655,1401",720575940882688412,"37209,4746,2029",0.000000
720575940899282056,"29678,3655,1401",720575940955236696,"24389,3216,2237",22.387274
720575940899282056,"29678,3655,1401",720575940881950033,"22054,2885,2756",0.000000
720575940899282056,"29678,3655,1401",720575940868783597,"30837,4276,976",684.386579
720575940899282056,"29678,3655,1401",720575940894200219,"32924,5320,1118",0.000000
720575940899282056,"29678,3655,1401",720575940915390365,"20825,5711,2247",0.000000
720575940899282056,"29678,3655,1401",720575940875009761,"30563,3134,541",29.641570
720575940899282056,"29678,3655,1401",720575940878349179,"41785,5171,3367",0.000000
720575940899282056,"29678,3655,1401",720575940889785957,"25781,3130,2539",26.168938
720575940917429907,"26042,2994,1393",720575940873509950,"29155,3903,1758",161.455530
720575940917429907,"26042,2994,1393",720575940893307467,"24104,3598,1701",479.680255
720575940917429907,"26042,2994,1393",720575940929601786,"26320,3381,1543",448.527589
720575940917429907,"26042,2994,1393",720575940912627846,"22589,3518,2073",379.463777
720575940917429907,"26042,2994,1393",720575940875009249,"24558,3736,2265",244.414424
720575940917429907,"26042,2994,1393",720575940891538468,"25430,4764,1460",85.523352
720575940917429907,"26042,2994,1393",720575940896891210,"22476,4688,1997",195.322866
720575940917429907,"26042,2994,1393",720575940875009505,"24266,4298,1651",235.295902
720575940917429907,"26042,2994,1393",720575940877168904,"27950,4274,1601",84.066140
720575940917429907,"26042,2994,1393",720575940915389853,"28063,4731,1501",33.997270
720575940917429907,"26042,2994,1393",720575940915390109,"43805,6509,1651",0.000000
720575940917429907,"26042,2994,1393",720575940859668375,"44611,6738,1017",0.000000
720575940917429907,"26042,2994,1393",720575940879241452,"12157,5778,1731",0.000000
720575940917429907,"26042,2994,1393",720575940896891466,"24510,4268,832",0.000000
720575940917429907,"26042,2994,1393",720575940892190818,"40863,5761,1321",0.000000
720575940917429907,"26042,2994,1393",720575940879813622,"37934,6202,141",0.000000
720575940917429907,"26042,2994,1393",720575940951311655,"27837,3887,654",116.135318
720575940917429907,"26042,2994,1393",720575940900275426,"17933,2855,2476",0.000000
720575940917429907,"26042,2994,1393",720575940882688412,"37209,4746,2029",0.000000
720575940917429907,"26042,2994,1393",720575940955236696,"24389,3216,2237",24.884973
720575940917429907,"26042,2994,1393",720575940881950033,"22054,2885,2756",0.000000
720575940917429907,"26042,2994,1393",720575940868783597,"30837,4276,976",217.161062
720575940917429907,"26042,2994,1393",720575940894200219,"32924,5320,1118",43.952874
720575940917429907,"26042,2994,1393",720575940915390365,"20825,5711,2247",11.670460
720575940917429907,"26042,2994,1393",720575940875009761,"30563,3134,541",45.965453
720575940917429907,"26042,2994,1393",720575940878349179,"41785,5171,3367",0.000000
720575940917429907,"26042,2994,1393",720575940889785957,"25781,3130,2539",72.790862
720575940890134196,"23025,5024,2001",720575940873509950,"29155,3903,1758",9.477964
720575940890134196,"23025,5024,2001",720575940893307467,"24104,3598,1701",297.301137
720575940890134196,"23025,5024,2001",720575940929601786,"26320,3381,1543",91.071752
720575940890134196,"23025,5024,2001",720575940912627846,"22589,3518,2073",212.644215
720575940890134196,"23025,5024,2001",720575940875009249,"24558,3736,2265",427.811691
720575940890134196,"23025,5024,2001",720575940891538468,"25430,4764,1460",32.075496
720575940890134196,"23025,5024,2001",720575940896891210,"22476,4688,1997",287.247351
720575940890134196,"23025,5024,2001",720575940875009505,"24266,4298,1651",0.000000
720575940890134196,"23025,5024,2001",720575940877168904,"27950,4274,1601",262.703167
720575940890134196,"23025,5024,2001",720575940915389853,"28063,4731,1501",43.701079
720575940890134196,"23025,5024,2001",720575940915390109,"43805,6509,1651",0.000000
720575940890134196,"23025,5024,2001",720575940859668375,"44611,6738,1017",0.000000
720575940890134196,"23025,5024,2001",720575940879241452,"12157,5778,1731",0.000000
720575940890134196,"23025,5024,2001",720575940896891466,"24510,4268,832",9.641795
720575940890134196,"23025,5024,2001",720575940892190818,"40863,5761,1321",0.000000
720575940890134196,"23025,5024,2001",720575940879813622,"37934,6202,141",0.000000
720575940890134196,"23025,5024,2001",720575940951311655,"27837,3887,654",31.470859
720575940890134196,"23025,5024,2001",720575940900275426,"17933,2855,2476",37.802296
720575940890134196,"23025,5024,2001",720575940882688412,"37209,4746,2029",0.000000
720575940890134196,"23025,5024,2001",720575940955236696,"24389,3216,2237",47.399646
720575940890134196,"23025,5024,2001",720575940881950033,"22054,2885,2756",27.104714
720575940890134196,"23025,5024,2001",720575940868783597,"30837,4276,976",0.000000
720575940890134196,"23025,5024,2001",720575940894200219,"32924,5320,1118",320.551766
720575940890134196,"23025,5024,2001",720575940915390365,"20825,5711,2247",228.134297
720575940890134196,"23025,5024,2001",720575940875009761,"30563,3134,541",0.000000
720575940890134196,"23025,5024,2001",720575940878349179,"41785,5171,3367",0.000000
720575940890134196,"23025,5024,2001",720575940889785957,"25781,3130,2539",69.107174
720575940888793434,"23420,3524,1951",720575940873509950,"29155,3903,1758",150.135098
720575940888793434,"23420,3524,1951",720575940893307467,"24104,3598,1701",278.380473
720575940888793434,"23420,3524,1951",720575940929601786,"26320,3381,1543",200.188089
720575940888793434,"23420,3524,1951",720575940912627846,"22589,3518,2073",514.211827
720575940888793434,"23420,3524,1951",720575940875009249,"24558,3736,2265",466.414599
720575940888793434,"23420,3524,1951",720575940891538468,"25430,4764,1460",0.000000
720575940888793434,"23420,3524,1951",720575940896891210,"22476,4688,1997",219.336187
720575940888793434,"23420,3524,1951",720575940875009505,"24266,4298,1651",40.247262
720575940888793434,"23420,3524,1951",720575940877168904,"27950,4274,1601",58.014724
720575940888793434,"23420,3524,1951",720575940915389853,"28063,4731,1501",0.000000
720575940888793434,"23420,3524,1951",720575940915390109,"43805,6509,1651",0.000000
720575940888793434,"23420,3524,1951",720575940859668375,"44611,6738,1017",0.000000
720575940888793434,"23420,3524,1951",720575940879241452,"12157,5778,1731",0.000000
720575940888793434,"23420,3524,1951",720575940896891466,"24510,4268,832",0.000000
720575940888793434,"23420,3524,1951",720575940892190818,"40863,5761,1321",0.000000
720575940888793434,"23420,3524,1951",720575940879813622,"37934,6202,141",0.000000
720575940888793434,"23420,3524,1951",720575940951311655,"27837,3887,654",35.343316
720575940888793434,"23420,3524,1951",720575940900275426,"17933,2855,2476",0.000000
720575940888793434,"23420,3524,1951",720575940882688412,"37209,4746,2029",0.000000
720575940888793434,"23420,3524,1951",720575940955236696,"24389,3216,2237",90.703186
720575940888793434,"23420,3524,1951",720575940881950033,"22054,2885,2756",22.738840
720575940888793434,"23420,3524,1951",720575940868783597,"30837,4276,976",0.000000
720575940888793434,"23420,3524,1951",720575940894200219,"32924,5320,1118",100.451480
720575940888793434,"23420,3524,1951",720575940915390365,"20825,5711,2247",21.475986
720575940888793434,"23420,3524,1951",720575940875009761,"30563,3134,541",0.000000
720575940888793434,"23420,3524,1951",720575940878349179,"41785,5171,3367",0.000000
720575940888793434,"23420,3524,1951",720575940889785957,"25781,3130,2539",135.724212
720575940920044149,"26733,3643,2051",720575940873509950,"29155,3903,1758",4.681021
720575940920044149,"26733,3643,2051",720575940893307467,"24104,3598,1701",0.000000
720575940920044149,"26733,3643,2051",720575940929601786,"26320,3381,1543",0.000000
720575940920044149,"26733,3643,2051",720575940912627846,"22589,3518,2073",2.480487
720575940920044149,"26733,3643,2051",720575940875009249,"24558,3736,2265",0.000000
720575940920044149,"26733,3643,2051",720575940891538468,"25430,4764,1460",0.000000
720575940920044149,"26733,3643,2051",720575940896891210,"22476,4688,1997",0.000000
720575940920044149,"26733,3643,2051",720575940875009505,"24266,4298,1651",0.000000
720575940920044149,"26733,3643,2051",720575940877168904,"27950,4274,1601",0.000000
720575940920044149,"26733,3643,2051",720575940915389853,"28063,4731,1501",0.000000
720575940920044149,"26733,3643,2051",720575940915390109,"43805,6509,1651",0.000000
720575940920044149,"26733,3643,2051",720575940859668375,"44611,6738,1017",0.000000
720575940920044149,"26733,3643,2051",720575940879241452,"12157,5778,1731",0.000000
720575940920044149,"26733,3643,2051",720575940896891466,"24510,4268,832",0.000000
720575940920044149,"26733,3643,2051",720575940892190818,"40863,5761,1321",0.000000
720575940920044149,"26733,3643,2051",720575940879813622,"37934,6202,141",0.000000
720575940920044149,"26733,3643,2051",720575940951311655,"27837,3887,654",249.776252
720575940920044149,"26733,3643,2051",720575940900275426,"17933,2855,2476",0.000000
720575940920044149,"26733,3643,2051",720575940882688412,"37209,4746,2029",0.000000
720575940920044149,"26733,3643,2051",720575940955236696,"24389,3216,2237",239.864408
720575940920044149,"26733,3643,2051",720575940881950033,"22054,2885,2756",51.892387
720575940920044149,"26733,3643,2051",720575940868783597,"30837,4276,976",0.000000
720575940920044149,"26733,3643,2051",720575940894200219,"32924,5320,1118",0.000000
720575940920044149,"26733,3643,2051",720575940915390365,"20825,5711,2247",0.000000
720575940920044149,"26733,3643,2051",720575940875009761,"30563,3134,541",5.170273
720575940920044149,"26733,3643,2051",720575940878349179,"41785,5171,3367",0.000000
720575940920044149,"26733,3643,2051",720575940889785957,"25781,3130,2539",118.767471
720575940937221662,"24889,2507,2057",720575940873509950,"29155,3903,1758",5.151056
720575940937221662,"24889,2507,2057",720575940893307467,"24104,3598,1701",0.000000
720575940937221662,"24889,2507,2057",720575940929601786,"26320,3381,1543",0.000000
720575940937221662,"24889,2507,2057",720575940912627846,"22589,3518,2073",0.000000
720575940937221662,"24889,2507,2057",720575940875009249,"24558,3736,2265",16.812930
720575940937221662,"24889,2507,2057",720575940891538468,"25430,4764,1460",0.000000
720575940937221662,"24889,2507,2057",720575940896891210,"22476,4688,1997",16.445163
720575940937221662,"24889,2507,2057",720575940875009505,"24266,4298,1651",0.000000
720575940937221662,"24889,2507,2057",720575940877168904,"27950,4274,1601",25.805611
720575940937221662,"24889,2507,2057",720575940915389853,"28063,4731,1501",0.000000
720575940937221662,"24889,2507,2057",720575940915390109,"43805,6509,1651",0.000000
720575940937221662,"24889,2507,2057",720575940859668375,"44611,6738,1017",0.000000
720575940937221662,"24889,2507,2057",720575940879241452,"12157,5778,1731",0.000000
720575940937221662,"24889,2507,2057",720575940896891466,"24510,4268,832",0.000000
720575940937221662,"24889,2507,2057",720575940892190818,"40863,5761,1321",0.000000
720575940937221662,"24889,2507,2057",720575940879813622,"37934,6202,141",0.000000
720575940937221662,"24889,2507,2057",720575940951311655,"27837,3887,654",153.701420
720575940937221662,"24889,2507,2057",720575940900275426,"17933,2855,2476",0.000000
720575940937221662,"24889,2507,2057",720575940882688412,"37209,4746,2029",0.000000
720575940937221662,"24889,2507,2057",720575940955236696,"24389,3216,2237",55.144805
720575940937221662,"24889,2507,2057",720575940881950033,"22054,2885,2756",72.935754
720575940937221662,"24889,2507,2057",720575940868783597,"30837,4276,976",0.000000
720575940937221662,"24889,2507,2057",720575940894200219,"32924,5320,1118",24.465251
720575940937221662,"24889,2507,2057",720575940915390365,"20825,5711,2247",9.750452
720575940937221662,"24889,2507,2057",720575940875009761,"30563,3134,541",72.450508
720575940937221662,"24889,2507,2057",720575940878349179,"41785,5171,3367",0.000000
720575940937221662,"24889,2507,2057",720575940889785957,"25781,3130,2539",156.421555
720575940881936635,"23672,2720,1354",720575940873509950,"29155,3903,1758",0.000000
720575940881936635,"23672,2720,1354",720575940893307467,"24104,3598,1701",0.000000
720575940881936635,"23672,2720,1354",720575940929601786,"26320,3381,1543",0.000000
720575940881936635,"23672,2720,1354",720575940912627846,"22589,3518,2073",0.000000
720575940881936635,"23672,2720,1354",720575940875009249,"24558,3736,2265",0.000000
720575940881936635,"23672,2720,1354",720575940891538468,"25430,4764,1460",0.000000
720575940881936635,"23672,2720,1354",720575940896891210,"22476,4688,1997",0.000000
720575940881936635,"23672,2720,1354",720575940875009505,"24266,4298,1651",0.000000
720575940881936635,"23672,2720,1354",720575940877168904,"27950,4274,1601",0.000000
720575940881936635,"23672,2720,1354",720575940915389853,"28063,4731,1501",0.000000
720575940881936635,"23672,2720,1354",720575940915390109,"43805,6509,1651",0.000000
720575940881936635,"23672,2720,1354",720575940859668375,"44611,6738,1017",0.000000
720575940881936635,"23672,2720,1354",720575940879241452,"12157,5778,1731",0.000000
720575940881936635,"23672,2720,1354",720575940896891466,"24510,4268,832",0.000000
720575940881936635,"23672,2720,1354",720575940892190818,"40863,5761,1321",0.000000
720575940881936635,"23672,2720,1354",720575940879813622,"37934,6202,141",0.000000
720575940881936635,"23672,2720,1354",720575940951311655,"27837,3887,654",95.632755
720575940881936635,"23672,2720,1354",720575940900275426,"17933,2855,2476",0.000000
720575940881936635,"23672,2720,1354",720575940882688412,"37209,4746,2029",0.000000
720575940881936635,"23672,2720,1354",720575940955236696,"24389,3216,2237",0.000000
720575940881936635,"23672,2720,1354",720575940881950033,"22054,2885,2756",182.206695
720575940881936635,"23672,2720,1354",720575940868783597,"30837,4276,976",0.000000
720575940881936635,"23672,2720,1354",720575940894200219,"32924,5320,1118",0.000000
720575940881936635,"23672,2720,1354",720575940915390365,"20825,5711,2247",0.000000
720575940881936635,"23672,2720,1354",720575940875009761,"30563,3134,541",0.000000
720575940881936635,"23672,2720,1354",720575940878349179,"41785,5171,3367",0.000000
720575940881936635,"23672,2720,1354",720575940889785957,"25781,3130,2539",107.803803
720575940889249143,"27063,2677,1351",720575940873509950,"29155,3903,1758",0.000000
720575940889249143,"27063,2677,1351",720575940893307467,"24104,3598,1701",0.000000
720575940889249143,"27063,2677,1351",720575940929601786,"26320,3381,1543",0.000000
720575940889249143,"27063,2677,1351",720575940912627846,"22589,3518,2073",0.000000
720575940889249143,"27063,2677,1351",720575940875009249,"24558,3736,2265",0.000000
720575940889249143,"27063,2677,1351",720575940891538468,"25430,4764,1460",0.000000
720575940889249143,"27063,2677,1351",720575940896891210,"22476,4688,1997",0.000000
720575940889249143,"27063,2677,1351",720575940875009505,"24266,4298,1651",0.000000
720575940889249143,"27063,2677,1351",720575940877168904,"27950,4274,1601",0.000000
720575940889249143,"27063,2677,1351",720575940915389853,"28063,4731,1501",0.000000
720575940889249143,"27063,2677,1351",720575940915390109,"43805,6509,1651",0.000000
720575940889249143,"27063,2677,1351",720575940859668375,"44611,6738,1017",0.000000
720575940889249143,"27063,2677,1351",720575940879241452,"12157,5778,1731",0.000000
720575940889249143,"27063,2677,1351",720575940896891466,"24510,4268,832",0.000000
720575940889249143,"27063,2677,1351",720575940892190818,"40863,5761,1321",0.000000
720575940889249143,"27063,2677,1351",720575940879813622,"37934,6202,141",0.000000
720575940889249143,"27063,2677,1351",720575940951311655,"27837,3887,654",87.081049
720575940889249143,"27063,2677,1351",720575940900275426,"17933,2855,2476",73.970200
720575940889249143,"27063,2677,1351",720575940882688412,"37209,4746,2029",0.000000
720575940889249143,"27063,2677,1351",720575940955236696,"24389,3216,2237",172.622088
720575940889249143,"27063,2677,1351",720575940881950033,"22054,2885,2756",83.207688
720575940889249143,"27063,2677,1351",720575940868783597,"30837,4276,976",0.000000
720575940889249143,"27063,2677,1351",720575940894200219,"32924,5320,1118",0.000000
720575940889249143,"27063,2677,1351",720575940915390365,"20825,5711,2247",0.000000
720575940889249143,"27063,2677,1351",720575940875009761,"30563,3134,541",7.444558
720575940889249143,"27063,2677,1351",720575940878349179,"41785,5171,3367",0.000000
720575940889249143,"27063,2677,1351",720575940889785957,"25781,3130,2539",87.298398
720575940909393947,"24010,3371,1405",720575940873509950,"29155,3903,1758",0.000000
720575940909393947,"24010,3371,1405",720575940893307467,"24104,3598,1701",333.890300
720575940909393947,"24010,3371,1405",720575940929601786,"26320,3381,1543",543.152199
720575940909393947,"24010,3371,1405",720575940912627846,"22589,3518,2073",20.120418
720575940909393947,"24010,3371,1405",720575940875009249,"24558,3736,2265",3.828366
720575940909393947,"24010,3371,1405",720575940891538468,"25430,4764,1460",28.622638
720575940909393947,"24010,3371,1405",720575940896891210,"22476,4688,1997",0.000000
720575940909393947,"24010,3371,1405",720575940875009505,"24266,4298,1651",61.140757
720575940909393947,"24010,3371,1405",720575940877168904,"27950,4274,1601",0.000000
720575940909393947,"24010,3371,1405",720575940915389853,"28063,4731,1501",20.428405
720575940909393947,"24010,3371,1405",720575940915390109,"43805,6509,1651",0.000000
720575940909393947,"24010,3371,1405",720575940859668375,"44611,6738,1017",0.000000
720575940909393947,"24010,3371,1405",720575940879241452,"12157,5778,1731",0.000000
720575940909393947,"24010,3371,1405",720575940896891466,"24510,4268,832",0.000000
720575940909393947,"24010,3371,1405",720575940892190818,"40863,5761,1321",0.000000
720575940909393947,"24010,3371,1405",720575940879813622,"37934,6202,141",0.000000
720575940909393947,"24010,3371,1405",720575940951311655,"27837,3887,654",0.000000
720575940909393947,"24010,3371,1405",720575940900275426,"17933,2855,2476",0.000000
720575940909393947,"24010,3371,1405",720575940882688412,"37209,4746,2029",0.000000
720575940909393947,"24010,3371,1405",720575940955236696,"24389,3216,2237",0.000000
720575940909393947,"24010,3371,1405",720575940881950033,"22054,2885,2756",0.000000
720575940909393947,"24010,3371,1405",720575940868783597,"30837,4276,976",158.955610
720575940909393947,"24010,3371,1405",720575940894200219,"32924,5320,1118",0.000000
720575940909393947,"24010,3371,1405",720575940915390365,"20825,5711,2247",0.000000
720575940909393947,"24010,3371,1405",720575940875009761,"30563,3134,541",0.000000
720575940909393947,"24010,3371,1405",720575940878349179,"41785,5171,3367",0.000000
720575940909393947,"24010,3371,1405",720575940889785957,"25781,3130,2539",0.000000
720575940904086480,"26565,3498,1959",720575940873509950,"29155,3903,1758",596.689226
720575940904086480,"26565,3498,1959",720575940893307467,"24104,3598,1701",621.190288
720575940904086480,"26565,3498,1959",720575940929601786,"26320,3381,1543",207.211852
720575940904086480,"26565,3498,1959",720575940912627846,"22589,3518,2073",973.432442
720575940904086480,"26565,3498,1959",720575940875009249,"24558,3736,2265",645.360275
720575940904086480,"26565,3498,1959",720575940891538468,"25430,4764,1460",0.000000
720575940904086480,"26565,3498,1959",720575940896891210,"22476,4688,1997",65.697237
720575940904086480,"26565,3498,1959",720575940875009505,"24266,4298,1651",67.841864
720575940904086480,"26565,3498,1959",720575940877168904,"27950,4274,1601",44.612639
720575940904086480,"26565,3498,1959",720575940915389853,"28063,4731,1501",0.000000
720575940904086480,"26565,3498,1959",720575940915390109,"43805,6509,1651",0.000000
720575940904086480,"26565,3498,1959",720575940859668375,"44611,6738,1017",0.000000
720575940904086480,"26565,3498,1959",720575940879241452,"12157,5778,1731",0.000000
720575940904086480,"26565,3498,1959",720575940896891466,"24510,4268,832",0.000000
720575940904086480,"26565,3498,1959",720575940892190818,"40863,5761,1321",0.000000
720575940904086480,"26565,3498,1959",720575940879813622,"37934,6202,141",6.385352
720575940904086480,"26565,3498,1959",720575940951311655,"27837,3887,654",3.481344
720575940904086480,"26565,3498,1959",720575940900275426,"17933,2855,2476",0.000000
720575940904086480,"26565,3498,1959",720575940882688412,"37209,4746,2029",0.000000
720575940904086480,"26565,3498,1959",720575940955236696,"24389,3216,2237",0.000000
720575940904086480,"26565,3498,1959",720575940881950033,"22054,2885,2756",0.000000
720575940904086480,"26565,3498,1959",720575940868783597,"30837,4276,976",9.114078
720575940904086480,"26565,3498,1959",720575940894200219,"32924,5320,1118",0.000000
720575940904086480,"26565,3498,1959",720575940915390365,"20825,5711,2247",0.000000
720575940904086480,"26565,3498,1959",720575940875009761,"30563,3134,541",0.000000
720575940904086480,"26565,3498,1959",720575940878349179,"41785,5171,3367",0.000000
720575940904086480,"26565,3498,1959",720575940889785957,"25781,3130,2539",0.000000
720575940877501751,"24954,3315,1329",720575940873509950,"29155,3903,1758",0.000000
720575940877501751,"24954,3315,1329",720575940893307467,"24104,3598,1701",754.485057
720575940877501751,"24954,3315,1329",720575940929601786,"26320,3381,1543",695.318988
720575940877501751,"24954,3315,1329",720575940912627846,"22589,3518,2073",283.256102
720575940877501751,"24954,3315,1329",720575940875009249,"24558,3736,2265",104.397958
720575940877501751,"24954,3315,1329",720575940891538468,"25430,4764,1460",73.574371
720575940877501751,"24954,3315,1329",720575940896891210,"22476,4688,1997",11.096561
720575940877501751,"24954,3315,1329",720575940875009505,"24266,4298,1651",205.462491
720575940877501751,"24954,3315,1329",720575940877168904,"27950,4274,1601",0.000000
720575940877501751,"24954,3315,1329",720575940915389853,"28063,4731,1501",16.728158
720575940877501751,"24954,3315,1329",720575940915390109,"43805,6509,1651",0.000000
720575940877501751,"24954,3315,1329",720575940859668375,"44611,6738,1017",0.000000
720575940877501751,"24954,3315,1329",720575940879241452,"12157,5778,1731",0.000000
720575940877501751,"24954,3315,1329",720575940896891466,"24510,4268,832",0.000000
720575940877501751,"24954,3315,1329",720575940892190818,"40863,5761,1321",0.000000
720575940877501751,"24954,3315,1329",720575940879813622,"37934,6202,141",0.000000
720575940877501751,"24954,3315,1329",720575940951311655,"27837,3887,654",32.737138
720575940877501751,"24954,3315,1329",720575940900275426,"17933,2855,2476",0.000000
720575940877501751,"24954,3315,1329",720575940882688412,"37209,4746,2029",0.000000
720575940877501751,"24954,3315,1329",720575940955236696,"24389,3216,2237",45.094259
720575940877501751,"24954,3315,1329",720575940881950033,"22054,2885,2756",0.000000
720575940877501751,"24954,3315,1329",720575940868783597,"30837,4276,976",704.939565
720575940877501751,"24954,3315,1329",720575940894200219,"32924,5320,1118",0.000000
720575940877501751,"24954,3315,1329",720575940915390365,"20825,5711,2247",0.000000
720575940877501751,"24954,3315,1329",720575940875009761,"30563,3134,541",5.662732
720575940877501751,"24954,3315,1329",720575940878349179,"41785,5171,3367",0.000000
720575940877501751,"24954,3315,1329",720575940889785957,"25781,3130,2539",0.000000
720575940914883824,"24110,3636,1887",720575940873509950,"29155,3903,1758",123.823452
720575940914883824,"24110,3636,1887",720575940893307467,"24104,3598,1701",716.176163
720575940914883824,"24110,3636,1887",720575940929601786,"26320,3381,1543",565.660805
720575940914883824,"24110,3636,1887",720575940912627846,"22589,3518,2073",536.929435
720575940914883824,"24110,3636,1887",720575940875009249,"24558,3736,2265",360.932474
720575940914883824,"24110,3636,1887",720575940891538468,"25430,4764,1460",114.319323
720575940914883824,"24110,3636,1887",720575940896891210,"22476,4688,1997",164.809739
720575940914883824,"24110,3636,1887",720575940875009505,"24266,4298,1651",289.151883
720575940914883824,"24110,3636,1887",720575940877168904,"27950,4274,1601",37.054994
720575940914883824,"24110,3636,1887",720575940915389853,"28063,4731,1501",5.845607
720575940914883824,"24110,3636,1887",720575940915390109,"43805,6509,1651",0.000000
720575940914883824,"24110,3636,1887",720575940859668375,"44611,6738,1017",0.000000
720575940914883824,"24110,3636,1887",720575940879241452,"12157,5778,1731",0.000000
720575940914883824,"24110,3636,1887",720575940896891466,"24510,4268,832",0.000000
720575940914883824,"24110,3636,1887",720575940892190818,"40863,5761,1321",0.000000
720575940914883824,"24110,3636,1887",720575940879813622,"37934,6202,141",0.000000
720575940914883824,"24110,3636,1887",720575940951311655,"27837,3887,654",26.360507
720575940914883824,"24110,3636,1887",720575940900275426,"17933,2855,2476",0.000000
720575940914883824,"24110,3636,1887",720575940882688412,"37209,4746,2029",0.000000
720575940914883824,"24110,3636,1887",720575940955236696,"24389,3216,2237",7.361958
720575940914883824,"24110,3636,1887",720575940881950033,"22054,2885,2756",7.163376
720575940914883824,"24110,3636,1887",720575940868783597,"30837,4276,976",174.287635
720575940914883824,"24110,3636,1887",720575940894200219,"32924,5320,1118",44.764559
720575940914883824,"24110,3636,1887",720575940915390365,"20825,5711,2247",65.982077
720575940914883824,"24110,3636,1887",720575940875009761,"30563,3134,541",0.000000
720575940914883824,"24110,3636,1887",720575940878349179,"41785,5171,3367",0.000000
720575940914883824,"24110,3636,1887",720575940889785957,"25781,3130,2539",10.187061
720575940881607875,"27727,3165,1749",720575940873509950,"29155,3903,1758",674.258395
720575940881607875,"27727,3165,1749",720575940893307467,"24104,3598,1701",532.782320
720575940881607875,"27727,3165,1749",720575940929601786,"26320,3381,1543",649.470177
720575940881607875,"27727,3165,1749",720575940912627846,"22589,3518,2073",782.051130
720575940881607875,"27727,3165,1749",720575940875009249,"24558,3736,2265",603.592680
720575940881607875,"27727,3165,1749",720575940891538468,"25430,4764,1460",14.373257
720575940881607875,"27727,3165,1749",720575940896891210,"22476,4688,1997",21.631165
720575940881607875,"27727,3165,1749",720575940875009505,"24266,4298,1651",40.817178
720575940881607875,"27727,3165,1749",720575940877168904,"27950,4274,1601",6.917835
720575940881607875,"27727,3165,1749",720575940915389853,"28063,4731,1501",0.000000
720575940881607875,"27727,3165,1749",720575940915390109,"43805,6509,1651",0.000000
720575940881607875,"27727,3165,1749",720575940859668375,"44611,6738,1017",0.000000
720575940881607875,"27727,3165,1749",720575940879241452,"12157,5778,1731",0.000000
720575940881607875,"27727,3165,1749",720575940896891466,"24510,4268,832",0.000000
720575940881607875,"27727,3165,1749",720575940892190818,"40863,5761,1321",0.000000
720575940881607875,"27727,3165,1749",720575940879813622,"37934,6202,141",71.826426
720575940881607875,"27727,3165,1749",720575940951311655,"27837,3887,654",0.000000
720575940881607875,"27727,3165,1749",720575940900275426,"17933,2855,2476",0.000000
720575940881607875,"27727,3165,1749",720575940882688412,"37209,4746,2029",0.000000
720575940881607875,"27727,3165,1749",720575940955236696,"24389,3216,2237",0.000000
720575940881607875,"27727,3165,1749",720575940881950033,"22054,2885,2756",0.000000
720575940881607875,"27727,3165,1749",720575940868783597,"30837,4276,976",143.844403
720575940881607875,"27727,3165,1749",720575940894200219,"32924,5320,1118",4.894996
720575940881607875,"27727,3165,1749",720575940915390365,"20825,5711,2247",0.000000
720575940881607875,"27727,3165,1749",720575940875009761,"30563,3134,541",5.274696
720575940881607875,"27727,3165,1749",720575940878349179,"41785,5171,3367",0.000000
720575940881607875,"27727,3165,1749",720575940889785957,"25781,3130,2539",0.000000
720575940922709290,"25951,3364,1746",720575940873509950,"29155,3903,1758",581.652762
720575940922709290,"25951,3364,1746",720575940893307467,"24104,3598,1701",632.617902
720575940922709290,"25951,3364,1746",720575940929601786,"26320,3381,1543",303.755063
720575940922709290,"25951,3364,1746",720575940912627846,"22589,3518,2073",1053.892366
720575940922709290,"25951,3364,1746",720575940875009249,"24558,3736,2265",644.089416
720575940922709290,"25951,3364,1746",720575940891538468,"25430,4764,1460",62.873164
720575940922709290,"25951,3364,1746",720575940896891210,"22476,4688,1997",52.392664
720575940922709290,"25951,3364,1746",720575940875009505,"24266,4298,1651",123.251567
720575940922709290,"25951,3364,1746",720575940877168904,"27950,4274,1601",36.092814
720575940922709290,"25951,3364,1746",720575940915389853,"28063,4731,1501",0.000000
720575940922709290,"25951,3364,1746",720575940915390109,"43805,6509,1651",0.000000
720575940922709290,"25951,3364,1746",720575940859668375,"44611,6738,1017",0.000000
720575940922709290,"25951,3364,1746",720575940879241452,"12157,5778,1731",0.000000
720575940922709290,"25951,3364,1746",720575940896891466,"24510,4268,832",0.000000
720575940922709290,"25951,3364,1746",720575940892190818,"40863,5761,1321",0.000000
720575940922709290,"25951,3364,1746",720575940879813622,"37934,6202,141",10.849527
720575940922709290,"25951,3364,1746",720575940951311655,"27837,3887,654",14.405291
720575940922709290,"25951,3364,1746",720575940900275426,"17933,2855,2476",0.000000
720575940922709290,"25951,3364,1746",720575940882688412,"37209,4746,2029",0.000000
720575940922709290,"25951,3364,1746",720575940955236696,"24389,3216,2237",0.000000
720575940922709290,"25951,3364,1746",720575940881950033,"22054,2885,2756",0.000000
720575940922709290,"25951,3364,1746",720575940868783597,"30837,4276,976",64.853978
720575940922709290,"25951,3364,1746",720575940894200219,"32924,5320,1118",0.000000
720575940922709290,"25951,3364,1746",720575940915390365,"20825,5711,2247",0.000000
720575940922709290,"25951,3364,1746",720575940875009761,"30563,3134,541",0.000000
720575940922709290,"25951,3364,1746",720575940878349179,"41785,5171,3367",0.000000
720575940922709290,"25951,3364,1746",720575940889785957,"25781,3130,2539",0.000000
720575940891164342,"29472,3690,1480",720575940873509950,"29155,3903,1758",954.931877
720575940891164342,"29472,3690,1480",720575940893307467,"24104,3598,1701",126.054495
720575940891164342,"29472,3690,1480",720575940929601786,"26320,3381,1543",915.896847
720575940891164342,"29472,3690,1480",720575940912627846,"22589,3518,2073",478.430202
720575940891164342,"29472,3690,1480",720575940875009249,"24558,3736,2265",285.682782
720575940891164342,"29472,3690,1480",720575940891538468,"25430,4764,1460",40.503928
720575940891164342,"29472,3690,1480",720575940896891210,"22476,4688,1997",118.102561
720575940891164342,"29472,3690,1480",720575940875009505,"24266,4298,1651",110.248062
720575940891164342,"29472,3690,1480",720575940877168904,"27950,4274,1601",48.756305
720575940891164342,"29472,3690,1480",720575940915389853,"28063,4731,1501",59.543239
720575940891164342,"29472,3690,1480",720575940915390109,"43805,6509,1651",0.000000
720575940891164342,"29472,3690,1480",720575940859668375,"44611,6738,1017",0.000000
720575940891164342,"29472,3690,1480",720575940879241452,"12157,5778,1731",0.000000
720575940891164342,"29472,3690,1480",720575940896891466,"24510,4268,832",0.000000
720575940891164342,"29472,3690,1480",720575940892190818,"40863,5761,1321",0.000000
720575940891164342,"29472,3690,1480",720575940879813622,"37934,6202,141",63.495538
720575940891164342,"29472,3690,1480",720575940951311655,"27837,3887,654",0.000000
720575940891164342,"29472,3690,1480",720575940900275426,"17933,2855,2476",0.000000
720575940891164342,"29472,3690,1480",720575940882688412,"37209,4746,2029",0.000000
720575940891164342,"29472,3690,1480",720575940955236696,"24389,3216,2237",0.000000
720575940891164342,"29472,3690,1480",720575940881950033,"22054,2885,2756",0.000000
720575940891164342,"29472,3690,1480",720575940868783597,"30837,4276,976",276.253900
720575940891164342,"29472,3690,1480",720575940894200219,"32924,5320,1118",12.301004
720575940891164342,"29472,3690,1480",720575940915390365,"20825,5711,2247",0.000000
720575940891164342,"29472,3690,1480",720575940875009761,"30563,3134,541",0.000000
720575940891164342,"29472,3690,1480",720575940878349179,"41785,5171,3367",0.000000
720575940891164342,"29472,3690,1480",720575940889785957,"25781,3130,2539",0.000000
720575940903679779,"27377,3483,1808",720575940873509950,"29155,3903,1758",587.628512
720575940903679779,"27377,3483,1808",720575940893307467,"24104,3598,1701",545.377398
720575940903679779,"27377,3483,1808",720575940929601786,"26320,3381,1543",410.865895
720575940903679779,"27377,3483,1808",720575940912627846,"22589,3518,2073",926.110605
720575940903679779,"27377,3483,1808",720575940875009249,"24558,3736,2265",642.174085
720575940903679779,"27377,3483,1808",720575940891538468,"25430,4764,1460",55.930085
720575940903679779,"27377,3483,1808",720575940896891210,"22476,4688,1997",301.362287
720575940903679779,"27377,3483,1808",720575940875009505,"24266,4298,1651",246.734888
720575940903679779,"27377,3483,1808",720575940877168904,"27950,4274,1601",83.462079
720575940903679779,"27377,3483,1808",720575940915389853,"28063,4731,1501",0.000000
720575940903679779,"27377,3483,1808",720575940915390109,"43805,6509,1651",0.000000
720575940903679779,"27377,3483,1808",720575940859668375,"44611,6738,1017",0.000000
720575940903679779,"27377,3483,1808",720575940879241452,"12157,5778,1731",0.000000
720575940903679779,"27377,3483,1808",720575940896891466,"24510,4268,832",0.000000
720575940903679779,"27377,3483,1808",720575940892190818,"40863,5761,1321",0.000000
720575940903679779,"27377,3483,1808",720575940879813622,"37934,6202,141",0.000000
720575940903679779,"27377,3483,1808",720575940951311655,"27837,3887,654",21.009616
720575940903679779,"27377,3483,1808",720575940900275426,"17933,2855,2476",0.000000
720575940903679779,"27377,3483,1808",720575940882688412,"37209,4746,2029",0.000000
720575940903679779,"27377,3483,1808",720575940955236696,"24389,3216,2237",0.000000
720575940903679779,"27377,3483,1808",720575940881950033,"22054,2885,2756",0.000000
720575940903679779,"27377,3483,1808",720575940868783597,"30837,4276,976",93.108710
720575940903679779,"27377,3483,1808",720575940894200219,"32924,5320,1118",14.778796
720575940903679779,"27377,3483,1808",720575940915390365,"20825,5711,2247",0.000000
720575940903679779,"27377,3483,1808",720575940875009761,"30563,3134,541",0.000000
720575940903679779,"27377,3483,1808",720575940878349179,"41785,5171,3367",0.000000
720575940903679779,"27377,3483,1808",720575940889785957,"25781,3130,2539",0.000000
720575940878916148,"28423,3857,1850",720575940873509950,"29155,3903,1758",764.396483
720575940878916148,"28423,3857,1850",720575940893307467,"24104,3598,1701",450.313506
720575940878916148,"28423,3857,1850",720575940929601786,"26320,3381,1543",608.936280
720575940878916148,"28423,3857,1850",720575940912627846,"22589,3518,2073",897.622456
720575940878916148,"28423,3857,1850",720575940875009249,"24558,3736,2265",621.505220
720575940878916148,"28423,3857,1850",720575940891538468,"25430,4764,1460",56.929833
720575940878916148,"28423,3857,1850",720575940896891210,"22476,4688,1997",138.060780
720575940878916148,"28423,3857,1850",720575940875009505,"24266,4298,1651",84.745175
720575940878916148,"28423,3857,1850",720575940877168904,"27950,4274,1601",131.042383
720575940878916148,"28423,3857,1850",720575940915389853,"28063,4731,1501",0.000000
720575940878916148,"28423,3857,1850",720575940915390109,"43805,6509,1651",0.000000
720575940878916148,"28423,3857,1850",720575940859668375,"44611,6738,1017",0.000000
720575940878916148,"28423,3857,1850",720575940879241452,"12157,5778,1731",0.000000
720575940878916148,"28423,3857,1850",720575940896891466,"24510,4268,832",0.000000
720575940878916148,"28423,3857,1850",720575940892190818,"40863,5761,1321",0.000000
720575940878916148,"28423,3857,1850",720575940879813622,"37934,6202,141",28.981027
720575940878916148,"28423,3857,1850",720575940951311655,"27837,3887,654",5.716453
720575940878916148,"28423,3857,1850",720575940900275426,"17933,2855,2476",0.000000
720575940878916148,"28423,3857,1850",720575940882688412,"37209,4746,2029",0.000000
720575940878916148,"28423,3857,1850",720575940955236696,"24389,3216,2237",0.000000
720575940878916148,"28423,3857,1850",720575940881950033,"22054,2885,2756",0.000000
720575940878916148,"28423,3857,1850",720575940868783597,"30837,4276,976",192.715854
720575940878916148,"28423,3857,1850",720575940894200219,"32924,5320,1118",1.159469
720575940878916148,"28423,3857,1850",720575940915390365,"20825,5711,2247",0.000000
720575940878916148,"28423,3857,1850",720575940875009761,"30563,3134,541",0.000000
720575940878916148,"28423,3857,1850",720575940878349179,"41785,5171,3367",0.000000
720575940878916148,"28423,3857,1850",720575940889785957,"25781,3130,2539",0.000000
720575940894647347,"29476,3288,1417",720575940873509950,"29155,3903,1758",721.537915
720575940894647347,"29476,3288,1417",720575940893307467,"24104,3598,1701",143.193192
720575940894647347,"29476,3288,1417",720575940929601786,"26320,3381,1543",773.784818
720575940894647347,"29476,3288,1417",720575940912627846,"22589,3518,2073",316.919726
720575940894647347,"29476,3288,1417",720575940875009249,"24558,3736,2265",221.011882
720575940894647347,"29476,3288,1417",720575940891538468,"25430,4764,1460",14.373257
720575940894647347,"29476,3288,1417",720575940896891210,"22476,4688,1997",10.159918
720575940894647347,"29476,3288,1417",720575940875009505,"24266,4298,1651",51.173045
720575940894647347,"29476,3288,1417",720575940877168904,"27950,4274,1601",23.800362
720575940894647347,"29476,3288,1417",720575940915389853,"28063,4731,1501",33.071431
720575940894647347,"29476,3288,1417",720575940915390109,"43805,6509,1651",0.000000
720575940894647347,"29476,3288,1417",720575940859668375,"44611,6738,1017",0.000000
720575940894647347,"29476,3288,1417",720575940879241452,"12157,5778,1731",0.000000
720575940894647347,"29476,3288,1417",720575940896891466,"24510,4268,832",0.000000
720575940894647347,"29476,3288,1417",720575940892190818,"40863,5761,1321",0.000000
720575940894647347,"29476,3288,1417",720575940879813622,"37934,6202,141",78.341282
720575940894647347,"29476,3288,1417",720575940951311655,"27837,3887,654",4.951822
720575940894647347,"29476,3288,1417",720575940900275426,"17933,2855,2476",0.000000
720575940894647347,"29476,3288,1417",720575940882688412,"37209,4746,2029",0.000000
720575940894647347,"29476,3288,1417",720575940955236696,"24389,3216,2237",0.000000
720575940894647347,"29476,3288,1417",720575940881950033,"22054,2885,2756",0.000000
720575940894647347,"29476,3288,1417",720575940868783597,"30837,4276,976",486.886690
720575940894647347,"29476,3288,1417",720575940894200219,"32924,5320,1118",0.000000
720575940894647347,"29476,3288,1417",720575940915390365,"20825,5711,2247",0.000000
720575940894647347,"29476,3288,1417",720575940875009761,"30563,3134,541",0.000000
720575940894647347,"29476,3288,1417",720575940878349179,"41785,5171,3367",0.000000
720575940894647347,"29476,3288,1417",720575940889785957,"25781,3130,2539",0.000000
720575940875116119,"25896,3493,2062",720575940873509950,"29155,3903,1758",726.235855
720575940875116119,"25896,3493,2062",720575940893307467,"24104,3598,1701",521.623747
720575940875116119,"25896,3493,2062",720575940929601786,"26320,3381,1543",327.513715
720575940875116119,"25896,3493,2062",720575940912627846,"22589,3518,2073",1054.401045
720575940875116119,"25896,3493,2062",720575940875009249,"24558,3736,2265",784.745493
720575940875116119,"25896,3493,2062",720575940891538468,"25430,4764,1460",0.000000
720575940875116119,"25896,3493,2062",720575940896891210,"22476,4688,1997",331.321901
720575940875116119,"25896,3493,2062",720575940875009505,"24266,4298,1651",83.587243
720575940875116119,"25896,3493,2062",720575940877168904,"27950,4274,1601",87.525064
720575940875116119,"25896,3493,2062",720575940915389853,"28063,4731,1501",0.000000
720575940875116119,"25896,3493,2062",720575940915390109,"43805,6509,1651",0.000000
720575940875116119,"25896,3493,2062",720575940859668375,"44611,6738,1017",0.000000
720575940875116119,"25896,3493,2062",720575940879241452,"12157,5778,1731",0.000000
720575940875116119,"25896,3493,2062",720575940896891466,"24510,4268,832",0.000000
720575940875116119,"25896,3493,2062",720575940892190818,"40863,5761,1321",0.000000
720575940875116119,"25896,3493,2062",720575940879813622,"37934,6202,141",25.030182
720575940875116119,"25896,3493,2062",720575940951311655,"27837,3887,654",0.000000
720575940875116119,"25896,3493,2062",720575940900275426,"17933,2855,2476",0.000000
720575940875116119,"25896,3493,2062",720575940882688412,"37209,4746,2029",0.000000
720575940875116119,"25896,3493,2062",720575940955236696,"24389,3216,2237",0.000000
720575940875116119,"25896,3493,2062",720575940881950033,"22054,2885,2756",0.000000
720575940875116119,"25896,3493,2062",720575940868783597,"30837,4276,976",59.678624
720575940875116119,"25896,3493,2062",720575940894200219,"32924,5320,1118",10.350358
720575940875116119,"25896,3493,2062",720575940915390365,"20825,5711,2247",0.000000
720575940875116119,"25896,3493,2062",720575940875009761,"30563,3134,541",0.000000
720575940875116119,"25896,3493,2062",720575940878349179,"41785,5171,3367",0.000000
720575940875116119,"25896,3493,2062",720575940889785957,"25781,3130,2539",0.000000
720575940909769176,"24672,3214,1906",720575940873509950,"29155,3903,1758",533.245487
720575940909769176,"24672,3214,1906",720575940893307467,"24104,3598,1701",370.787876
720575940909769176,"24672,3214,1906",720575940929601786,"26320,3381,1543",220.445673
720575940909769176,"24672,3214,1906",720575940912627846,"22589,3518,2073",775.624427
720575940909769176,"24672,3214,1906",720575940875009249,"24558,3736,2265",678.597693
720575940909769176,"24672,3214,1906",720575940891538468,"25430,4764,1460",0.000000
720575940909769176,"24672,3214,1906",720575940896891210,"22476,4688,1997",106.320669
720575940909769176,"24672,3214,1906",720575940875009505,"24266,4298,1651",90.011704
720575940909769176,"24672,3214,1906",720575940877168904,"27950,4274,1601",0.000000
720575940909769176,"24672,3214,1906",720575940915389853,"28063,4731,1501",0.000000
720575940909769176,"24672,3214,1906",720575940915390109,"43805,6509,1651",0.000000
720575940909769176,"24672,3214,1906",720575940859668375,"44611,6738,1017",0.000000
720575940909769176,"24672,3214,1906",720575940879241452,"12157,5778,1731",0.000000
720575940909769176,"24672,3214,1906",720575940896891466,"24510,4268,832",0.000000
720575940909769176,"24672,3214,1906",720575940892190818,"40863,5761,1321",0.000000
720575940909769176,"24672,3214,1906",720575940879813622,"37934,6202,141",0.000000
720575940909769176,"24672,3214,1906",720575940951311655,"27837,3887,654",11.745611
720575940909769176,"24672,3214,1906",720575940900275426,"17933,2855,2476",0.000000
720575940909769176,"24672,3214,1906",720575940882688412,"37209,4746,2029",0.000000
720575940909769176,"24672,3214,1906",720575940955236696,"24389,3216,2237",7.050976
720575940909769176,"24672,3214,1906",720575940881950033,"22054,2885,2756",0.000000
720575940909769176,"24672,3214,1906",720575940868783597,"30837,4276,976",0.000000
720575940909769176,"24672,3214,1906",720575940894200219,"32924,5320,1118",0.000000
720575940909769176,"24672,3214,1906",720575940915390365,"20825,5711,2247",0.000000
720575940909769176,"24672,3214,1906",720575940875009761,"30563,3134,541",0.000000
720575940909769176,"24672,3214,1906",720575940878349179,"41785,5171,3367",0.000000
720575940909769176,"24672,3214,1906",720575940889785957,"25781,3130,2539",0.000000
720575940894178664,"26656,3353,1553",720575940873509950,"29155,3903,1758",6.549743
720575940894178664,"26656,3353,1553",720575940893307467,"24104,3598,1701",725.963972
720575940894178664,"26656,3353,1553",720575940929601786,"26320,3381,1543",1125.031252
720575940894178664,"26656,3353,1553",720575940912627846,"22589,3518,2073",286.354335
720575940894178664,"26656,3353,1553",720575940875009249,"24558,3736,2265",146.737433
720575940894178664,"26656,3353,1553",720575940891538468,"25430,4764,1460",98.803132
720575940894178664,"26656,3353,1553",720575940896891210,"22476,4688,1997",0.000000
720575940894178664,"26656,3353,1553",720575940875009505,"24266,4298,1651",196.796304
720575940894178664,"26656,3353,1553",720575940877168904,"27950,4274,1601",0.000000
720575940894178664,"26656,3353,1553",720575940915389853,"28063,4731,1501",0.000000
720575940894178664,"26656,3353,1553",720575940915390109,"43805,6509,1651",0.000000
720575940894178664,"26656,3353,1553",720575940859668375,"44611,6738,1017",0.000000
720575940894178664,"26656,3353,1553",720575940879241452,"12157,5778,1731",0.000000
720575940894178664,"26656,3353,1553",720575940896891466,"24510,4268,832",0.000000
720575940894178664,"26656,3353,1553",720575940892190818,"40863,5761,1321",0.000000
720575940894178664,"26656,3353,1553",720575940879813622,"37934,6202,141",7.913518
720575940894178664,"26656,3353,1553",720575940951311655,"27837,3887,654",9.989947
720575940894178664,"26656,3353,1553",720575940900275426,"17933,2855,2476",0.000000
720575940894178664,"26656,3353,1553",720575940882688412,"37209,4746,2029",0.000000
720575940894178664,"26656,3353,1553",720575940955236696,"24389,3216,2237",56.381198
720575940894178664,"26656,3353,1553",720575940881950033,"22054,2885,2756",0.000000
720575940894178664,"26656,3353,1553",720575940868783597,"30837,4276,976",672.478791
720575940894178664,"26656,3353,1553",720575940894200219,"32924,5320,1118",0.000000
720575940894178664,"26656,3353,1553",720575940915390365,"20825,5711,2247",0.000000
720575940894178664,"26656,3353,1553",720575940875009761,"30563,3134,541",4.936761
720575940894178664,"26656,3353,1553",720575940878349179,"41785,5171,3367",0.000000
720575940894178664,"26656,3353,1553",720575940889785957,"25781,3130,2539",0.000000
720575940912535686,"29331,3275,1631",720575940873509950,"29155,3903,1758",710.357123
720575940912535686,"29331,3275,1631",720575940893307467,"24104,3598,1701",253.500037
720575940912535686,"29331,3275,1631",720575940929601786,"26320,3381,1543",711.451163
720575940912535686,"29331,3275,1631",720575940912627846,"22589,3518,2073",666.788258
720575940912535686,"29331,3275,1631",720575940875009249,"24558,3736,2265",438.043837
720575940912535686,"29331,3275,1631",720575940891538468,"25430,4764,1460",35.288572
720575940912535686,"29331,3275,1631",720575940896891210,"22476,4688,1997",54.011179
720575940912535686,"29331,3275,1631",720575940875009505,"24266,4298,1651",14.359439
720575940912535686,"29331,3275,1631",720575940877168904,"27950,4274,1601",35.419034
720575940912535686,"29331,3275,1631",720575940915389853,"28063,4731,1501",0.000000
720575940912535686,"29331,3275,1631",720575940915390109,"43805,6509,1651",0.000000
720575940912535686,"29331,3275,1631",720575940859668375,"44611,6738,1017",0.000000
720575940912535686,"29331,3275,1631",720575940879241452,"12157,5778,1731",0.000000
720575940912535686,"29331,3275,1631",720575940896891466,"24510,4268,832",0.000000
720575940912535686,"29331,3275,1631",720575940892190818,"40863,5761,1321",0.000000
720575940912535686,"29331,3275,1631",720575940879813622,"37934,6202,141",38.354661
720575940912535686,"29331,3275,1631",720575940951311655,"27837,3887,654",0.000000
720575940912535686,"29331,3275,1631",720575940900275426,"17933,2855,2476",0.000000
720575940912535686,"29331,3275,1631",720575940882688412,"37209,4746,2029",0.000000
720575940912535686,"29331,3275,1631",720575940955236696,"24389,3216,2237",0.000000
720575940912535686,"29331,3275,1631",720575940881950033,"22054,2885,2756",0.000000
720575940912535686,"29331,3275,1631",720575940868783597,"30837,4276,976",202.173303
720575940912535686,"29331,3275,1631",720575940894200219,"32924,5320,1118",0.000000
720575940912535686,"29331,3275,1631",720575940915390365,"20825,5711,2247",0.000000
720575940912535686,"29331,3275,1631",720575940875009761,"30563,3134,541",0.000000
720575940912535686,"29331,3275,1631",720575940878349179,"41785,5171,3367",0.000000
720575940912535686,"29331,3275,1631",720575940889785957,"25781,3130,2539",0.000000
720575940918750769,"26136,3247,1701",720575940873509950,"29155,3903,1758",540.044895
720575940918750769,"26136,3247,1701",720575940893307467,"24104,3598,1701",688.223953
720575940918750769,"26136,3247,1701",720575940929601786,"26320,3381,1543",306.534834
720575940918750769,"26136,3247,1701",720575940912627846,"22589,3518,2073",1047.032002
720575940918750769,"26136,3247,1701",720575940875009249,"24558,3736,2265",1142.667613
720575940918750769,"26136,3247,1701",720575940891538468,"25430,4764,1460",0.000000
720575940918750769,"26136,3247,1701",720575940896891210,"22476,4688,1997",83.355680
720575940918750769,"26136,3247,1701",720575940875009505,"24266,4298,1651",58.149775
720575940918750769,"26136,3247,1701",720575940877168904,"27950,4274,1601",21.937847
720575940918750769,"26136,3247,1701",720575940915389853,"28063,4731,1501",0.000000
720575940918750769,"26136,3247,1701",720575940915390109,"43805,6509,1651",0.000000
720575940918750769,"26136,3247,1701",720575940859668375,"44611,6738,1017",0.000000
720575940918750769,"26136,3247,1701",720575940879241452,"12157,5778,1731",0.000000
720575940918750769,"26136,3247,1701",720575940896891466,"24510,4268,832",0.000000
720575940918750769,"26136,3247,1701",720575940892190818,"40863,5761,1321",0.000000
720575940918750769,"26136,3247,1701",720575940879813622,"37934,6202,141",1.412843
720575940918750769,"26136,3247,1701",720575940951311655,"27837,3887,654",7.541139
720575940918750769,"26136,3247,1701",720575940900275426,"17933,2855,2476",0.000000
720575940918750769,"26136,3247,1701",720575940882688412,"37209,4746,2029",0.000000
720575940918750769,"26136,3247,1701",720575940955236696,"24389,3216,2237",41.582900
720575940918750769,"26136,3247,1701",720575940881950033,"22054,2885,2756",0.000000
720575940918750769,"26136,3247,1701",720575940868783597,"30837,4276,976",12.342211
720575940918750769,"26136,3247,1701",720575940894200219,"32924,5320,1118",0.000000
720575940918750769,"26136,3247,1701",720575940915390365,"20825,5711,2247",0.000000
720575940918750769,"26136,3247,1701",720575940875009761,"30563,3134,541",0.000000
720575940918750769,"26136,3247,1701",720575940878349179,"41785,5171,3367",0.000000
720575940918750769,"26136,3247,1701",720575940889785957,"25781,3130,2539",0.000000
720575940899153235,"23499,4406,1901",720575940873509950,"29155,3903,1758",78.876451
720575940899153235,"23499,4406,1901",720575940893307467,"24104,3598,1701",602.366352
720575940899153235,"23499,4406,1901",720575940929601786,"26320,3381,1543",595.211457
720575940899153235,"23499,4406,1901",720575940912627846,"22589,3518,2073",633.639351
720575940899153235,"23499,4406,1901",720575940875009249,"24558,3736,2265",334.300519
720575940899153235,"23499,4406,1901",720575940891538468,"25430,4764,1460",150.117202
720575940899153235,"23499,4406,1901",720575940896891210,"22476,4688,1997",39.597478
720575940899153235,"23499,4406,1901",720575940875009505,"24266,4298,1651",170.042807
720575940899153235,"23499,4406,1901",720575940877168904,"27950,4274,1601",0.000000
720575940899153235,"23499,4406,1901",720575940915389853,"28063,4731,1501",65.199708
720575940899153235,"23499,4406,1901",720575940915390109,"43805,6509,1651",0.000000
720575940899153235,"23499,4406,1901",720575940859668375,"44611,6738,1017",0.000000
720575940899153235,"23499,4406,1901",720575940879241452,"12157,5778,1731",0.000000
720575940899153235,"23499,4406,1901",720575940896891466,"24510,4268,832",0.000000
720575940899153235,"23499,4406,1901",720575940892190818,"40863,5761,1321",0.000000
720575940899153235,"23499,4406,1901",720575940879813622,"37934,6202,141",0.000000
720575940899153235,"23499,4406,1901",720575940951311655,"27837,3887,654",0.000000
720575940899153235,"23499,4406,1901",720575940900275426,"17933,2855,2476",0.000000
720575940899153235,"23499,4406,1901",720575940882688412,"37209,4746,2029",0.000000
720575940899153235,"23499,4406,1901",720575940955236696,"24389,3216,2237",0.000000
720575940899153235,"23499,4406,1901",720575940881950033,"22054,2885,2756",0.000000
720575940899153235,"23499,4406,1901",720575940868783597,"30837,4276,976",1.094592
720575940899153235,"23499,4406,1901",720575940894200219,"32924,5320,1118",88.790617
720575940899153235,"23499,4406,1901",720575940915390365,"20825,5711,2247",90.851216
720575940899153235,"23499,4406,1901",720575940875009761,"30563,3134,541",0.000000
720575940899153235,"23499,4406,1901",720575940878349179,"41785,5171,3367",0.000000
720575940899153235,"23499,4406,1901",720575940889785957,"25781,3130,2539",0.000000
720575940905061686,"23328,4595,2001",720575940873509950,"29155,3903,1758",164.604431
720575940905061686,"23328,4595,2001",720575940893307467,"24104,3598,1701",371.366966
720575940905061686,"23328,4595,2001",720575940929601786,"26320,3381,1543",133.892836
720575940905061686,"23328,4595,2001",720575940912627846,"22589,3518,2073",594.968758
720575940905061686,"23328,4595,2001",720575940875009249,"24558,3736,2265",1143.896576
720575940905061686,"23328,4595,2001",720575940891538468,"25430,4764,1460",0.000000
720575940905061686,"23328,4595,2001",720575940896891210,"22476,4688,1997",222.132779
720575940905061686,"23328,4595,2001",720575940875009505,"24266,4298,1651",3.911999
720575940905061686,"23328,4595,2001",720575940877168904,"27950,4274,1601",21.970986
720575940905061686,"23328,4595,2001",720575940915389853,"28063,4731,1501",42.951718
720575940905061686,"23328,4595,2001",720575940915390109,"43805,6509,1651",0.000000
720575940905061686,"23328,4595,2001",720575940859668375,"44611,6738,1017",0.000000
720575940905061686,"23328,4595,2001",720575940879241452,"12157,5778,1731",0.000000
720575940905061686,"23328,4595,2001",720575940896891466,"24510,4268,832",0.000000
720575940905061686,"23328,4595,2001",720575940892190818,"40863,5761,1321",0.000000
720575940905061686,"23328,4595,2001",720575940879813622,"37934,6202,141",0.000000
720575940905061686,"23328,4595,2001",720575940951311655,"27837,3887,654",0.000000
720575940905061686,"23328,4595,2001",720575940900275426,"17933,2855,2476",0.000000
720575940905061686,"23328,4595,2001",720575940882688412,"37209,4746,2029",0.000000
720575940905061686,"23328,4595,2001",720575940955236696,"24389,3216,2237",0.000000
720575940905061686,"23328,4595,2001",720575940881950033,"22054,2885,2756",0.000000
720575940905061686,"23328,4595,2001",720575940868783597,"30837,4276,976",0.000000
720575940905061686,"23328,4595,2001",720575940894200219,"32924,5320,1118",4.126732
720575940905061686,"23328,4595,2001",720575940915390365,"20825,5711,2247",10.693206
720575940905061686,"23328,4595,2001",720575940875009761,"30563,3134,541",0.000000
720575940905061686,"23328,4595,2001",720575940878349179,"41785,5171,3367",0.000000
720575940905061686,"23328,4595,2001",720575940889785957,"25781,3130,2539",13.592438
720575940908386564,"24082,4044,1651",720575940873509950,"29155,3903,1758",0.000000
720575940908386564,"24082,4044,1651",720575940893307467,"24104,3598,1701",624.401661
720575940908386564,"24082,4044,1651",720575940929601786,"26320,3381,1543",469.959911
720575940908386564,"24082,4044,1651",720575940912627846,"22589,3518,2073",639.225457
720575940908386564,"24082,4044,1651",720575940875009249,"24558,3736,2265",290.675237
720575940908386564,"24082,4044,1651",720575940891538468,"25430,4764,1460",134.324544
720575940908386564,"24082,4044,1651",720575940896891210,"22476,4688,1997",45.057727
720575940908386564,"24082,4044,1651",720575940875009505,"24266,4298,1651",166.395122
720575940908386564,"24082,4044,1651",720575940877168904,"27950,4274,1601",0.000000
720575940908386564,"24082,4044,1651",720575940915389853,"28063,4731,1501",112.988201
720575940908386564,"24082,4044,1651",720575940915390109,"43805,6509,1651",0.000000
720575940908386564,"24082,4044,1651",720575940859668375,"44611,6738,1017",0.000000
720575940908386564,"24082,4044,1651",720575940879241452,"12157,5778,1731",0.000000
720575940908386564,"24082,4044,1651",720575940896891466,"24510,4268,832",0.000000
720575940908386564,"24082,4044,1651",720575940892190818,"40863,5761,1321",0.000000
720575940908386564,"24082,4044,1651",720575940879813622,"37934,6202,141",0.000000
720575940908386564,"24082,4044,1651",720575940951311655,"27837,3887,654",0.000000
720575940908386564,"24082,4044,1651",720575940900275426,"17933,2855,2476",0.000000
720575940908386564,"24082,4044,1651",720575940882688412,"37209,4746,2029",0.000000
720575940908386564,"24082,4044,1651",720575940955236696,"24389,3216,2237",0.000000
720575940908386564,"24082,4044,1651",720575940881950033,"22054,2885,2756",0.000000
720575940908386564,"24082,4044,1651",720575940868783597,"30837,4276,976",45.168954
720575940908386564,"24082,4044,1651",720575940894200219,"32924,5320,1118",119.551502
720575940908386564,"24082,4044,1651",720575940915390365,"20825,5711,2247",70.800764
720575940908386564,"24082,4044,1651",720575940875009761,"30563,3134,541",0.000000
720575940908386564,"24082,4044,1651",720575940878349179,"41785,5171,3367",0.000000
720575940908386564,"24082,4044,1651",720575940889785957,"25781,3130,2539",0.000000
720575940895353262,"28209,3839,1501",720575940873509950,"29155,3903,1758",111.227909
720575940895353262,"28209,3839,1501",720575940893307467,"24104,3598,1701",1012.808080
720575940895353262,"28209,3839,1501",720575940929601786,"26320,3381,1543",1362.256846
720575940895353262,"28209,3839,1501",720575940912627846,"22589,3518,2073",288.337000
720575940895353262,"28209,3839,1501",720575940875009249,"24558,3736,2265",188.761343
720575940895353262,"28209,3839,1501",720575940891538468,"25430,4764,1460",177.375828
720575940895353262,"28209,3839,1501",720575940896891210,"22476,4688,1997",123.426597
720575940895353262,"28209,3839,1501",720575940875009505,"24266,4298,1651",596.260479
720575940895353262,"28209,3839,1501",720575940877168904,"27950,4274,1601",0.000000
720575940895353262,"28209,3839,1501",720575940915389853,"28063,4731,1501",65.862800
720575940895353262,"28209,3839,1501",720575940915390109,"43805,6509,1651",0.000000
720575940895353262,"28209,3839,1501",720575940859668375,"44611,6738,1017",0.000000
720575940895353262,"28209,3839,1501",720575940879241452,"12157,5778,1731",0.000000
720575940895353262,"28209,3839,1501",720575940896891466,"24510,4268,832",14.023682
720575940895353262,"28209,3839,1501",720575940892190818,"40863,5761,1321",0.000000
720575940895353262,"28209,3839,1501",720575940879813622,"37934,6202,141",35.221643
720575940895353262,"28209,3839,1501",720575940951311655,"27837,3887,654",51.855544
720575940895353262,"28209,3839,1501",720575940900275426,"17933,2855,2476",0.000000
720575940895353262,"28209,3839,1501",720575940882688412,"37209,4746,2029",0.000000
720575940895353262,"28209,3839,1501",720575940955236696,"24389,3216,2237",83.879632
720575940895353262,"28209,3839,1501",720575940881950033,"22054,2885,2756",0.000000
720575940895353262,"28209,3839,1501",720575940868783597,"30837,4276,976",1344.117042
720575940895353262,"28209,3839,1501",720575940894200219,"32924,5320,1118",0.000000
720575940895353262,"28209,3839,1501",720575940915390365,"20825,5711,2247",0.000000
720575940895353262,"28209,3839,1501",720575940875009761,"30563,3134,541",11.869163
720575940895353262,"28209,3839,1501",720575940878349179,"41785,5171,3367",0.000000
720575940895353262,"28209,3839,1501",720575940889785957,"25781,3130,2539",0.000000
720575940916016480,"25082,3347,1751",720575940873509950,"29155,3903,1758",168.616043
720575940916016480,"25082,3347,1751",720575940893307467,"24104,3598,1701",1088.275574
720575940916016480,"25082,3347,1751",720575940929601786,"26320,3381,1543",1058.709122
720575940916016480,"25082,3347,1751",720575940912627846,"22589,3518,2073",1047.663942
720575940916016480,"25082,3347,1751",720575940875009249,"24558,3736,2265",504.999260
720575940916016480,"25082,3347,1751",720575940891538468,"25430,4764,1460",363.207237
720575940916016480,"25082,3347,1751",720575940896891210,"22476,4688,1997",139.713142
720575940916016480,"25082,3347,1751",720575940875009505,"24266,4298,1651",361.951356
720575940916016480,"25082,3347,1751",720575940877168904,"27950,4274,1601",0.000000
720575940916016480,"25082,3347,1751",720575940915389853,"28063,4731,1501",107.714046
720575940916016480,"25082,3347,1751",720575940915390109,"43805,6509,1651",0.000000
720575940916016480,"25082,3347,1751",720575940859668375,"44611,6738,1017",0.000000
720575940916016480,"25082,3347,1751",720575940879241452,"12157,5778,1731",10.431913
720575940916016480,"25082,3347,1751",720575940896891466,"24510,4268,832",0.000000
720575940916016480,"25082,3347,1751",720575940892190818,"40863,5761,1321",0.000000
720575940916016480,"25082,3347,1751",720575940879813622,"37934,6202,141",0.000000
720575940916016480,"25082,3347,1751",720575940951311655,"27837,3887,654",35.678093
720575940916016480,"25082,3347,1751",720575940900275426,"17933,2855,2476",0.000000
720575940916016480,"25082,3347,1751",720575940882688412,"37209,4746,2029",0.000000
720575940916016480,"25082,3347,1751",720575940955236696,"24389,3216,2237",9.640090
720575940916016480,"25082,3347,1751",720575940881950033,"22054,2885,2756",0.000000
720575940916016480,"25082,3347,1751",720575940868783597,"30837,4276,976",164.094723
720575940916016480,"25082,3347,1751",720575940894200219,"32924,5320,1118",65.655608
720575940916016480,"25082,3347,1751",720575940915390365,"20825,5711,2247",113.839183
720575940916016480,"25082,3347,1751",720575940875009761,"30563,3134,541",0.000000
720575940916016480,"25082,3347,1751",720575940878349179,"41785,5171,3367",0.000000
720575940916016480,"25082,3347,1751",720575940889785957,"25781,3130,2539",0.000000
720575940896736698,"25900,4921,1401",720575940873509950,"29155,3903,1758",4.387234
720575940896736698,"25900,4921,1401",720575940893307467,"24104,3598,1701",222.174493
720575940896736698,"25900,4921,1401",720575940929601786,"26320,3381,1543",320.729122
720575940896736698,"25900,4921,1401",720575940912627846,"22589,3518,2073",60.009750
720575940896736698,"25900,4921,1401",720575940875009249,"24558,3736,2265",4.574889
720575940896736698,"25900,4921,1401",720575940891538468,"25430,4764,1460",57.120258
720575940896736698,"25900,4921,1401",720575940896891210,"22476,4688,1997",25.864097
720575940896736698,"25900,4921,1401",720575940875009505,"24266,4298,1651",138.607700
720575940896736698,"25900,4921,1401",720575940877168904,"27950,4274,1601",0.000000
720575940896736698,"25900,4921,1401",720575940915389853,"28063,4731,1501",87.305385
720575940896736698,"25900,4921,1401",720575940915390109,"43805,6509,1651",0.000000
720575940896736698,"25900,4921,1401",720575940859668375,"44611,6738,1017",0.000000
720575940896736698,"25900,4921,1401",720575940879241452,"12157,5778,1731",1.818300
720575940896736698,"25900,4921,1401",720575940896891466,"24510,4268,832",0.000000
720575940896736698,"25900,4921,1401",720575940892190818,"40863,5761,1321",0.000000
720575940896736698,"25900,4921,1401",720575940879813622,"37934,6202,141",0.000000
720575940896736698,"25900,4921,1401",720575940951311655,"27837,3887,654",0.000000
720575940896736698,"25900,4921,1401",720575940900275426,"17933,2855,2476",0.000000
720575940896736698,"25900,4921,1401",720575940882688412,"37209,4746,2029",0.000000
720575940896736698,"25900,4921,1401",720575940955236696,"24389,3216,2237",0.000000
720575940896736698,"25900,4921,1401",720575940881950033,"22054,2885,2756",0.000000
720575940896736698,"25900,4921,1401",720575940868783597,"30837,4276,976",159.331901
720575940896736698,"25900,4921,1401",720575940894200219,"32924,5320,1118",0.000000
720575940896736698,"25900,4921,1401",720575940915390365,"20825,5711,2247",0.000000
720575940896736698,"25900,4921,1401",720575940875009761,"30563,3134,541",0.000000
720575940896736698,"25900,4921,1401",720575940878349179,"41785,5171,3367",0.000000
720575940896736698,"25900,4921,1401",720575940889785957,"25781,3130,2539",0.000000
720575940927109144,"28146,3085,1601",720575940873509950,"29155,3903,1758",1197.566739
720575940927109144,"28146,3085,1601",720575940893307467,"24104,3598,1701",1670.139361
720575940927109144,"28146,3085,1601",720575940929601786,"26320,3381,1543",2185.738495
720575940927109144,"28146,3085,1601",720575940912627846,"22589,3518,2073",1421.427472
720575940927109144,"28146,3085,1601",720575940875009249,"24558,3736,2265",867.699617
720575940927109144,"28146,3085,1601",720575940891538468,"25430,4764,1460",156.880730
720575940927109144,"28146,3085,1601",720575940896891210,"22476,4688,1997",118.201381
720575940927109144,"28146,3085,1601",720575940875009505,"24266,4298,1651",444.247556
720575940927109144,"28146,3085,1601",720575940877168904,"27950,4274,1601",65.913108
720575940927109144,"28146,3085,1601",720575940915389853,"28063,4731,1501",42.256706
720575940927109144,"28146,3085,1601",720575940915390109,"43805,6509,1651",0.000000
720575940927109144,"28146,3085,1601",720575940859668375,"44611,6738,1017",0.000000
720575940927109144,"28146,3085,1601",720575940879241452,"12157,5778,1731",0.000000
720575940927109144,"28146,3085,1601",720575940896891466,"24510,4268,832",0.000000
720575940927109144,"28146,3085,1601",720575940892190818,"40863,5761,1321",0.000000
720575940927109144,"28146,3085,1601",720575940879813622,"37934,6202,141",76.829790
720575940927109144,"28146,3085,1601",720575940951311655,"27837,3887,654",57.653503
720575940927109144,"28146,3085,1601",720575940900275426,"17933,2855,2476",0.000000
720575940927109144,"28146,3085,1601",720575940882688412,"37209,4746,2029",0.000000
720575940927109144,"28146,3085,1601",720575940955236696,"24389,3216,2237",72.939201
720575940927109144,"28146,3085,1601",720575940881950033,"22054,2885,2756",0.000000
720575940927109144,"28146,3085,1601",720575940868783597,"30837,4276,976",1190.328349
720575940927109144,"28146,3085,1601",720575940894200219,"32924,5320,1118",14.937001
720575940927109144,"28146,3085,1601",720575940915390365,"20825,5711,2247",6.272786
720575940927109144,"28146,3085,1601",720575940875009761,"30563,3134,541",25.548221
720575940927109144,"28146,3085,1601",720575940878349179,"41785,5171,3367",0.000000
720575940927109144,"28146,3085,1601",720575940889785957,"25781,3130,2539",0.000000
720575940893395733,"23540,3581,1701",720575940873509950,"29155,3903,1758",671.344126
720575940893395733,"23540,3581,1701",720575940893307467,"24104,3598,1701",2027.498349
720575940893395733,"23540,3581,1701",720575940929601786,"26320,3381,1543",1258.057751
720575940893395733,"23540,3581,1701",720575940912627846,"22589,3518,2073",1808.511440
720575940893395733,"23540,3581,1701",720575940875009249,"24558,3736,2265",1351.414558
720575940893395733,"23540,3581,1701",720575940891538468,"25430,4764,1460",126.929262
720575940893395733,"23540,3581,1701",720575940896891210,"22476,4688,1997",224.786157
720575940893395733,"23540,3581,1701",720575940875009505,"24266,4298,1651",361.484797
720575940893395733,"23540,3581,1701",720575940877168904,"27950,4274,1601",29.505619
720575940893395733,"23540,3581,1701",720575940915389853,"28063,4731,1501",39.149328
720575940893395733,"23540,3581,1701",720575940915390109,"43805,6509,1651",0.000000
720575940893395733,"23540,3581,1701",720575940859668375,"44611,6738,1017",0.000000
720575940893395733,"23540,3581,1701",720575940879241452,"12157,5778,1731",0.000000
720575940893395733,"23540,3581,1701",720575940896891466,"24510,4268,832",0.000000
720575940893395733,"23540,3581,1701",720575940892190818,"40863,5761,1321",0.000000
720575940893395733,"23540,3581,1701",720575940879813622,"37934,6202,141",24.536081
720575940893395733,"23540,3581,1701",720575940951311655,"27837,3887,654",30.015902
720575940893395733,"23540,3581,1701",720575940900275426,"17933,2855,2476",0.000000
720575940893395733,"23540,3581,1701",720575940882688412,"37209,4746,2029",0.000000
720575940893395733,"23540,3581,1701",720575940955236696,"24389,3216,2237",34.465663
720575940893395733,"23540,3581,1701",720575940881950033,"22054,2885,2756",0.000000
720575940893395733,"23540,3581,1701",720575940868783597,"30837,4276,976",406.630428
720575940893395733,"23540,3581,1701",720575940894200219,"32924,5320,1118",28.788332
720575940893395733,"23540,3581,1701",720575940915390365,"20825,5711,2247",65.315077
720575940893395733,"23540,3581,1701",720575940875009761,"30563,3134,541",3.069382
720575940893395733,"23540,3581,1701",720575940878349179,"41785,5171,3367",0.000000
720575940893395733,"23540,3581,1701",720575940889785957,"25781,3130,2539",0.000000
720575940903370509,"27381,4018,1401",720575940873509950,"29155,3903,1758",2.162957
720575940903370509,"27381,4018,1401",720575940893307467,"24104,3598,1701",656.626785
720575940903370509,"27381,4018,1401",720575940929601786,"26320,3381,1543",878.332771
720575940903370509,"27381,4018,1401",720575940912627846,"22589,3518,2073",185.882019
720575940903370509,"27381,4018,1401",720575940875009249,"24558,3736,2265",113.751930
720575940903370509,"27381,4018,1401",720575940891538468,"25430,4764,1460",185.184003
720575940903370509,"27381,4018,1401",720575940896891210,"22476,4688,1997",17.808952
720575940903370509,"27381,4018,1401",720575940875009505,"24266,4298,1651",269.319569
720575940903370509,"27381,4018,1401",720575940877168904,"27950,4274,1601",0.000000
720575940903370509,"27381,4018,1401",720575940915389853,"28063,4731,1501",92.629324
720575940903370509,"27381,4018,1401",720575940915390109,"43805,6509,1651",0.000000
720575940903370509,"27381,4018,1401",720575940859668375,"44611,6738,1017",0.000000
720575940903370509,"27381,4018,1401",720575940879241452,"12157,5778,1731",6.298457
720575940903370509,"27381,4018,1401",720575940896891466,"24510,4268,832",0.000000
720575940903370509,"27381,4018,1401",720575940892190818,"40863,5761,1321",0.000000
720575940903370509,"27381,4018,1401",720575940879813622,"37934,6202,141",9.812315
720575940903370509,"27381,4018,1401",720575940951311655,"27837,3887,654",38.383702
720575940903370509,"27381,4018,1401",720575940900275426,"17933,2855,2476",0.000000
720575940903370509,"27381,4018,1401",720575940882688412,"37209,4746,2029",0.000000
720575940903370509,"27381,4018,1401",720575940955236696,"24389,3216,2237",1.980981
720575940903370509,"27381,4018,1401",720575940881950033,"22054,2885,2756",0.000000
720575940903370509,"27381,4018,1401",720575940868783597,"30837,4276,976",672.400980
720575940903370509,"27381,4018,1401",720575940894200219,"32924,5320,1118",0.000000
720575940903370509,"27381,4018,1401",720575940915390365,"20825,5711,2247",0.000000
720575940903370509,"27381,4018,1401",720575940875009761,"30563,3134,541",16.028717
720575940903370509,"27381,4018,1401",720575940878349179,"41785,5171,3367",0.000000
720575940903370509,"27381,4018,1401",720575940889785957,"25781,3130,2539",0.000000
720575940897460886,"24040,4466,2001",720575940873509950,"29155,3903,1758",403.149563
720575940897460886,"24040,4466,2001",720575940893307467,"24104,3598,1701",1022.461389
720575940897460886,"24040,4466,2001",720575940929601786,"26320,3381,1543",548.893208
720575940897460886,"24040,4466,2001",720575940912627846,"22589,3518,2073",1029.420072
720575940897460886,"24040,4466,2001",720575940875009249,"24558,3736,2265",904.422355
720575940897460886,"24040,4466,2001",720575940891538468,"25430,4764,1460",90.455538
720575940897460886,"24040,4466,2001",720575940896891210,"22476,4688,1997",844.703201
720575940897460886,"24040,4466,2001",720575940875009505,"24266,4298,1651",234.478544
720575940897460886,"24040,4466,2001",720575940877168904,"27950,4274,1601",197.595466
720575940897460886,"24040,4466,2001",720575940915389853,"28063,4731,1501",169.258059
720575940897460886,"24040,4466,2001",720575940915390109,"43805,6509,1651",0.000000
720575940897460886,"24040,4466,2001",720575940859668375,"44611,6738,1017",0.000000
720575940897460886,"24040,4466,2001",720575940879241452,"12157,5778,1731",0.000000
720575940897460886,"24040,4466,2001",720575940896891466,"24510,4268,832",0.000000
720575940897460886,"24040,4466,2001",720575940892190818,"40863,5761,1321",0.000000
720575940897460886,"24040,4466,2001",720575940879813622,"37934,6202,141",0.000000
720575940897460886,"24040,4466,2001",720575940951311655,"27837,3887,654",31.485127
720575940897460886,"24040,4466,2001",720575940900275426,"17933,2855,2476",13.631644
720575940897460886,"24040,4466,2001",720575940882688412,"37209,4746,2029",0.000000
720575940897460886,"24040,4466,2001",720575940955236696,"24389,3216,2237",0.000000
720575940897460886,"24040,4466,2001",720575940881950033,"22054,2885,2756",0.000000
720575940897460886,"24040,4466,2001",720575940868783597,"30837,4276,976",79.696967
720575940897460886,"24040,4466,2001",720575940894200219,"32924,5320,1118",192.523816
720575940897460886,"24040,4466,2001",720575940915390365,"20825,5711,2247",134.833894
720575940897460886,"24040,4466,2001",720575940875009761,"30563,3134,541",0.000000
720575940897460886,"24040,4466,2001",720575940878349179,"41785,5171,3367",0.000000
720575940897460886,"24040,4466,2001",720575940889785957,"25781,3130,2539",15.956360
720575940881935355,"23984,4629,1751",720575940873509950,"29155,3903,1758",235.765957
720575940881935355,"23984,4629,1751",720575940893307467,"24104,3598,1701",574.403906
720575940881935355,"23984,4629,1751",720575940929601786,"26320,3381,1543",292.666982
720575940881935355,"23984,4629,1751",720575940912627846,"22589,3518,2073",721.123715
720575940881935355,"23984,4629,1751",720575940875009249,"24558,3736,2265",615.414336
720575940881935355,"23984,4629,1751",720575940891538468,"25430,4764,1460",241.380136
720575940881935355,"23984,4629,1751",720575940896891210,"22476,4688,1997",574.956536
720575940881935355,"23984,4629,1751",720575940875009505,"24266,4298,1651",393.220835
720575940881935355,"23984,4629,1751",720575940877168904,"27950,4274,1601",268.752894
720575940881935355,"23984,4629,1751",720575940915389853,"28063,4731,1501",263.952184
720575940881935355,"23984,4629,1751",720575940915390109,"43805,6509,1651",0.000000
720575940881935355,"23984,4629,1751",720575940859668375,"44611,6738,1017",0.000000
720575940881935355,"23984,4629,1751",720575940879241452,"12157,5778,1731",134.847864
720575940881935355,"23984,4629,1751",720575940896891466,"24510,4268,832",26.771895
720575940881935355,"23984,4629,1751",720575940892190818,"40863,5761,1321",0.000000
720575940881935355,"23984,4629,1751",720575940879813622,"37934,6202,141",0.000000
720575940881935355,"23984,4629,1751",720575940951311655,"27837,3887,654",3.481344
720575940881935355,"23984,4629,1751",720575940900275426,"17933,2855,2476",0.000000
720575940881935355,"23984,4629,1751",720575940882688412,"37209,4746,2029",0.000000
720575940881935355,"23984,4629,1751",720575940955236696,"24389,3216,2237",0.000000
720575940881935355,"23984,4629,1751",720575940881950033,"22054,2885,2756",0.000000
720575940881935355,"23984,4629,1751",720575940868783597,"30837,4276,976",66.446142
720575940881935355,"23984,4629,1751",720575940894200219,"32924,5320,1118",268.695557
720575940881935355,"23984,4629,1751",720575940915390365,"20825,5711,2247",75.344496
720575940881935355,"23984,4629,1751",720575940875009761,"30563,3134,541",0.000000
720575940881935355,"23984,4629,1751",720575940878349179,"41785,5171,3367",0.000000
720575940881935355,"23984,4629,1751",720575940889785957,"25781,3130,2539",0.000000
720575940869443690,"23054,4753,2001",720575940873509950,"29155,3903,1758",317.534298
720575940869443690,"23054,4753,2001",720575940893307467,"24104,3598,1701",1217.902662
720575940869443690,"23054,4753,2001",720575940929601786,"26320,3381,1543",780.027956
720575940869443690,"23054,4753,2001",720575940912627846,"22589,3518,2073",1253.891195
720575940869443690,"23054,4753,2001",720575940875009249,"24558,3736,2265",891.871643
720575940869443690,"23054,4753,2001",720575940891538468,"25430,4764,1460",255.669028
720575940869443690,"23054,4753,2001",720575940896891210,"22476,4688,1997",605.857019
720575940869443690,"23054,4753,2001",720575940875009505,"24266,4298,1651",395.314374
720575940869443690,"23054,4753,2001",720575940877168904,"27950,4274,1601",201.756742
720575940869443690,"23054,4753,2001",720575940915389853,"28063,4731,1501",278.686392
720575940869443690,"23054,4753,2001",720575940915390109,"43805,6509,1651",0.000000
720575940869443690,"23054,4753,2001",720575940859668375,"44611,6738,1017",0.000000
720575940869443690,"23054,4753,2001",720575940879241452,"12157,5778,1731",15.221264
720575940869443690,"23054,4753,2001",720575940896891466,"24510,4268,832",0.000000
720575940869443690,"23054,4753,2001",720575940892190818,"40863,5761,1321",0.000000
720575940869443690,"23054,4753,2001",720575940879813622,"37934,6202,141",0.000000
720575940869443690,"23054,4753,2001",720575940951311655,"27837,3887,654",23.821853
720575940869443690,"23054,4753,2001",720575940900275426,"17933,2855,2476",0.000000
720575940869443690,"23054,4753,2001",720575940882688412,"37209,4746,2029",0.000000
720575940869443690,"23054,4753,2001",720575940955236696,"24389,3216,2237",0.000000
720575940869443690,"23054,4753,2001",720575940881950033,"22054,2885,2756",8.117811
720575940869443690,"23054,4753,2001",720575940868783597,"30837,4276,976",160.181660
720575940869443690,"23054,4753,2001",720575940894200219,"32924,5320,1118",226.718562
720575940869443690,"23054,4753,2001",720575940915390365,"20825,5711,2247",207.308285
720575940869443690,"23054,4753,2001",720575940875009761,"30563,3134,541",0.000000
720575940869443690,"23054,4753,2001",720575940878349179,"41785,5171,3367",0.000000
720575940869443690,"23054,4753,2001",720575940889785957,"25781,3130,2539",0.000000
720575940937848237,"27879,4164,1951",720575940873509950,"29155,3903,1758",151.379511
720575940937848237,"27879,4164,1951",720575940893307467,"24104,3598,1701",36.982341
720575940937848237,"27879,4164,1951",720575940929601786,"26320,3381,1543",58.964871
720575940937848237,"27879,4164,1951",720575940912627846,"22589,3518,2073",82.131110
720575940937848237,"27879,4164,1951",720575940875009249,"24558,3736,2265",64.124911
720575940937848237,"27879,4164,1951",720575940891538468,"25430,4764,1460",0.000000
720575940937848237,"27879,4164,1951",720575940896891210,"22476,4688,1997",70.102445
720575940937848237,"27879,4164,1951",720575940875009505,"24266,4298,1651",0.000000
720575940937848237,"27879,4164,1951",720575940877168904,"27950,4274,1601",111.279756
720575940937848237,"27879,4164,1951",720575940915389853,"28063,4731,1501",0.000000
720575940937848237,"27879,4164,1951",720575940915390109,"43805,6509,1651",0.000000
720575940937848237,"27879,4164,1951",720575940859668375,"44611,6738,1017",0.000000
720575940937848237,"27879,4164,1951",720575940879241452,"12157,5778,1731",0.000000
720575940937848237,"27879,4164,1951",720575940896891466,"24510,4268,832",0.000000
720575940937848237,"27879,4164,1951",720575940892190818,"40863,5761,1321",0.000000
720575940937848237,"27879,4164,1951",720575940879813622,"37934,6202,141",0.000000
720575940937848237,"27879,4164,1951",720575940951311655,"27837,3887,654",0.000000
720575940937848237,"27879,4164,1951",720575940900275426,"17933,2855,2476",0.000000
720575940937848237,"27879,4164,1951",720575940882688412,"37209,4746,2029",0.000000
720575940937848237,"27879,4164,1951",720575940955236696,"24389,3216,2237",0.000000
720575940937848237,"27879,4164,1951",720575940881950033,"22054,2885,2756",0.000000
720575940937848237,"27879,4164,1951",720575940868783597,"30837,4276,976",0.000000
720575940937848237,"27879,4164,1951",720575940894200219,"32924,5320,1118",214.904211
720575940937848237,"27879,4164,1951",720575940915390365,"20825,5711,2247",0.000000
720575940937848237,"27879,4164,1951",720575940875009761,"30563,3134,541",0.000000
720575940937848237,"27879,4164,1951",720575940878349179,"41785,5171,3367",0.000000
720575940937848237,"27879,4164,1951",720575940889785957,"25781,3130,2539",37.341396
720575940891183798,"25609,4439,1801",720575940873509950,"29155,3903,1758",332.749259
720575940891183798,"25609,4439,1801",720575940893307467,"24104,3598,1701",273.819698
720575940891183798,"25609,4439,1801",720575940929601786,"26320,3381,1543",79.328256
720575940891183798,"25609,4439,1801",720575940912627846,"22589,3518,2073",610.167449
720575940891183798,"25609,4439,1801",720575940875009249,"24558,3736,2265",580.362482
720575940891183798,"25609,4439,1801",720575940891538468,"25430,4764,1460",41.612567
720575940891183798,"25609,4439,1801",720575940896891210,"22476,4688,1997",1707.073351
720575940891183798,"25609,4439,1801",720575940875009505,"24266,4298,1651",174.204972
720575940891183798,"25609,4439,1801",720575940877168904,"27950,4274,1601",305.567415
720575940891183798,"25609,4439,1801",720575940915389853,"28063,4731,1501",102.062456
720575940891183798,"25609,4439,1801",720575940915390109,"43805,6509,1651",0.000000
720575940891183798,"25609,4439,1801",720575940859668375,"44611,6738,1017",0.000000
720575940891183798,"25609,4439,1801",720575940879241452,"12157,5778,1731",6.668683
720575940891183798,"25609,4439,1801",720575940896891466,"24510,4268,832",0.000000
720575940891183798,"25609,4439,1801",720575940892190818,"40863,5761,1321",0.000000
720575940891183798,"25609,4439,1801",720575940879813622,"37934,6202,141",0.000000
720575940891183798,"25609,4439,1801",720575940951311655,"27837,3887,654",37.438118
720575940891183798,"25609,4439,1801",720575940900275426,"17933,2855,2476",0.000000
720575940891183798,"25609,4439,1801",720575940882688412,"37209,4746,2029",0.000000
720575940891183798,"25609,4439,1801",720575940955236696,"24389,3216,2237",0.000000
720575940891183798,"25609,4439,1801",720575940881950033,"22054,2885,2756",0.000000
720575940891183798,"25609,4439,1801",720575940868783597,"30837,4276,976",0.000000
720575940891183798,"25609,4439,1801",720575940894200219,"32924,5320,1118",432.287551
720575940891183798,"25609,4439,1801",720575940915390365,"20825,5711,2247",186.004206
720575940891183798,"25609,4439,1801",720575940875009761,"30563,3134,541",0.000000
720575940891183798,"25609,4439,1801",720575940878349179,"41785,5171,3367",0.000000
720575940891183798,"25609,4439,1801",720575940889785957,"25781,3130,2539",0.000000
720575940924182661,"23810,4449,1551",720575940873509950,"29155,3903,1758",0.000000
720575940924182661,"23810,4449,1551",720575940893307467,"24104,3598,1701",199.510294
720575940924182661,"23810,4449,1551",720575940929601786,"26320,3381,1543",436.442231
720575940924182661,"23810,4449,1551",720575940912627846,"22589,3518,2073",54.517528
720575940924182661,"23810,4449,1551",720575940875009249,"24558,3736,2265",3.391058
720575940924182661,"23810,4449,1551",720575940891538468,"25430,4764,1460",451.576076
720575940924182661,"23810,4449,1551",720575940896891210,"22476,4688,1997",56.034250
720575940924182661,"23810,4449,1551",720575940875009505,"24266,4298,1651",403.385414
720575940924182661,"23810,4449,1551",720575940877168904,"27950,4274,1601",0.000000
720575940924182661,"23810,4449,1551",720575940915389853,"28063,4731,1501",406.365388
720575940924182661,"23810,4449,1551",720575940915390109,"43805,6509,1651",0.000000
720575940924182661,"23810,4449,1551",720575940859668375,"44611,6738,1017",0.000000
720575940924182661,"23810,4449,1551",720575940879241452,"12157,5778,1731",80.801228
720575940924182661,"23810,4449,1551",720575940896891466,"24510,4268,832",0.000000
720575940924182661,"23810,4449,1551",720575940892190818,"40863,5761,1321",0.000000
720575940924182661,"23810,4449,1551",720575940879813622,"37934,6202,141",0.000000
720575940924182661,"23810,4449,1551",720575940951311655,"27837,3887,654",6.241613
720575940924182661,"23810,4449,1551",720575940900275426,"17933,2855,2476",0.000000
720575940924182661,"23810,4449,1551",720575940882688412,"37209,4746,2029",0.000000
720575940924182661,"23810,4449,1551",720575940955236696,"24389,3216,2237",0.000000
720575940924182661,"23810,4449,1551",720575940881950033,"22054,2885,2756",0.000000
720575940924182661,"23810,4449,1551",720575940868783597,"30837,4276,976",109.882215
720575940924182661,"23810,4449,1551",720575940894200219,"32924,5320,1118",58.282706
720575940924182661,"23810,4449,1551",720575940915390365,"20825,5711,2247",0.000000
720575940924182661,"23810,4449,1551",720575940875009761,"30563,3134,541",0.000000
720575940924182661,"23810,4449,1551",720575940878349179,"41785,5171,3367",0.000000
720575940924182661,"23810,4449,1551",720575940889785957,"25781,3130,2539",0.000000
720575940900956101,"27443,4543,1701",720575940873509950,"29155,3903,1758",325.775893
720575940900956101,"27443,4543,1701",720575940893307467,"24104,3598,1701",288.371487
720575940900956101,"27443,4543,1701",720575940929601786,"26320,3381,1543",171.455266
720575940900956101,"27443,4543,1701",720575940912627846,"22589,3518,2073",521.108588
720575940900956101,"27443,4543,1701",720575940875009249,"24558,3736,2265",374.926827
720575940900956101,"27443,4543,1701",720575940891538468,"25430,4764,1460",212.406961
720575940900956101,"27443,4543,1701",720575940896891210,"22476,4688,1997",1444.366568
720575940900956101,"27443,4543,1701",720575940875009505,"24266,4298,1651",918.231755
720575940900956101,"27443,4543,1701",720575940877168904,"27950,4274,1601",526.955693
720575940900956101,"27443,4543,1701",720575940915389853,"28063,4731,1501",170.851890
720575940900956101,"27443,4543,1701",720575940915390109,"43805,6509,1651",0.000000
720575940900956101,"27443,4543,1701",720575940859668375,"44611,6738,1017",0.000000
720575940900956101,"27443,4543,1701",720575940879241452,"12157,5778,1731",0.000000
720575940900956101,"27443,4543,1701",720575940896891466,"24510,4268,832",0.000000
720575940900956101,"27443,4543,1701",720575940892190818,"40863,5761,1321",0.000000
720575940900956101,"27443,4543,1701",720575940879813622,"37934,6202,141",96.136489
720575940900956101,"27443,4543,1701",720575940951311655,"27837,3887,654",23.369348
720575940900956101,"27443,4543,1701",720575940900275426,"17933,2855,2476",0.000000
720575940900956101,"27443,4543,1701",720575940882688412,"37209,4746,2029",0.000000
720575940900956101,"27443,4543,1701",720575940955236696,"24389,3216,2237",0.000000
720575940900956101,"27443,4543,1701",720575940881950033,"22054,2885,2756",0.000000
720575940900956101,"27443,4543,1701",720575940868783597,"30837,4276,976",80.195590
720575940900956101,"27443,4543,1701",720575940894200219,"32924,5320,1118",387.218021
720575940900956101,"27443,4543,1701",720575940915390365,"20825,5711,2247",95.958490
720575940900956101,"27443,4543,1701",720575940875009761,"30563,3134,541",0.000000
720575940900956101,"27443,4543,1701",720575940878349179,"41785,5171,3367",0.000000
720575940900956101,"27443,4543,1701",720575940889785957,"25781,3130,2539",0.000000
720575940902703006,"23497,4571,1701",720575940873509950,"29155,3903,1758",20.626463
720575940902703006,"23497,4571,1701",720575940893307467,"24104,3598,1701",188.499562
720575940902703006,"23497,4571,1701",720575940929601786,"26320,3381,1543",286.850480
720575940902703006,"23497,4571,1701",720575940912627846,"22589,3518,2073",316.191078
720575940902703006,"23497,4571,1701",720575940875009249,"24558,3736,2265",99.772077
720575940902703006,"23497,4571,1701",720575940891538468,"25430,4764,1460",453.119855
720575940902703006,"23497,4571,1701",720575940896891210,"22476,4688,1997",393.574133
720575940902703006,"23497,4571,1701",720575940875009505,"24266,4298,1651",176.145111
720575940902703006,"23497,4571,1701",720575940877168904,"27950,4274,1601",50.643963
720575940902703006,"23497,4571,1701",720575940915389853,"28063,4731,1501",533.161162
720575940902703006,"23497,4571,1701",720575940915390109,"43805,6509,1651",0.000000
720575940902703006,"23497,4571,1701",720575940859668375,"44611,6738,1017",0.000000
720575940902703006,"23497,4571,1701",720575940879241452,"12157,5778,1731",80.387192
720575940902703006,"23497,4571,1701",720575940896891466,"24510,4268,832",29.296891
720575940902703006,"23497,4571,1701",720575940892190818,"40863,5761,1321",0.000000
720575940902703006,"23497,4571,1701",720575940879813622,"37934,6202,141",0.000000
720575940902703006,"23497,4571,1701",720575940951311655,"27837,3887,654",0.000000
720575940902703006,"23497,4571,1701",720575940900275426,"17933,2855,2476",0.000000
720575940902703006,"23497,4571,1701",720575940882688412,"37209,4746,2029",0.000000
720575940902703006,"23497,4571,1701",720575940955236696,"24389,3216,2237",0.000000
720575940902703006,"23497,4571,1701",720575940881950033,"22054,2885,2756",0.000000
720575940902703006,"23497,4571,1701",720575940868783597,"30837,4276,976",5.310134
720575940902703006,"23497,4571,1701",720575940894200219,"32924,5320,1118",532.947985
720575940902703006,"23497,4571,1701",720575940915390365,"20825,5711,2247",215.872873
720575940902703006,"23497,4571,1701",720575940875009761,"30563,3134,541",0.000000
720575940902703006,"23497,4571,1701",720575940878349179,"41785,5171,3367",0.000000
720575940902703006,"23497,4571,1701",720575940889785957,"25781,3130,2539",0.000000
720575940861450226,"25365,5108,2051",720575940873509950,"29155,3903,1758",9.116645
720575940861450226,"25365,5108,2051",720575940893307467,"24104,3598,1701",6.128705
720575940861450226,"25365,5108,2051",720575940929601786,"26320,3381,1543",0.000000
720575940861450226,"25365,5108,2051",720575940912627846,"22589,3518,2073",80.839947
720575940861450226,"25365,5108,2051",720575940875009249,"24558,3736,2265",55.533733
720575940861450226,"25365,5108,2051",720575940891538468,"25430,4764,1460",0.000000
720575940861450226,"25365,5108,2051",720575940896891210,"22476,4688,1997",353.449795
720575940861450226,"25365,5108,2051",720575940875009505,"24266,4298,1651",0.000000
720575940861450226,"25365,5108,2051",720575940877168904,"27950,4274,1601",561.943592
720575940861450226,"25365,5108,2051",720575940915389853,"28063,4731,1501",0.000000
720575940861450226,"25365,5108,2051",720575940915390109,"43805,6509,1651",0.000000
720575940861450226,"25365,5108,2051",720575940859668375,"44611,6738,1017",0.000000
720575940861450226,"25365,5108,2051",720575940879241452,"12157,5778,1731",0.000000
720575940861450226,"25365,5108,2051",720575940896891466,"24510,4268,832",0.000000
720575940861450226,"25365,5108,2051",720575940892190818,"40863,5761,1321",0.000000
720575940861450226,"25365,5108,2051",720575940879813622,"37934,6202,141",0.000000
720575940861450226,"25365,5108,2051",720575940951311655,"27837,3887,654",7.187651
720575940861450226,"25365,5108,2051",720575940900275426,"17933,2855,2476",0.000000
720575940861450226,"25365,5108,2051",720575940882688412,"37209,4746,2029",0.000000
720575940861450226,"25365,5108,2051",720575940955236696,"24389,3216,2237",103.229306
720575940861450226,"25365,5108,2051",720575940881950033,"22054,2885,2756",5.196329
720575940861450226,"25365,5108,2051",720575940868783597,"30837,4276,976",0.000000
720575940861450226,"25365,5108,2051",720575940894200219,"32924,5320,1118",539.924150
720575940861450226,"25365,5108,2051",720575940915390365,"20825,5711,2247",113.445802
720575940861450226,"25365,5108,2051",720575940875009761,"30563,3134,541",0.000000
720575940861450226,"25365,5108,2051",720575940878349179,"41785,5171,3367",0.000000
720575940861450226,"25365,5108,2051",720575940889785957,"25781,3130,2539",37.382442
720575940888806490,"27062,5015,1901",720575940873509950,"29155,3903,1758",23.068244
720575940888806490,"27062,5015,1901",720575940893307467,"24104,3598,1701",7.566135
720575940888806490,"27062,5015,1901",720575940929601786,"26320,3381,1543",23.897607
720575940888806490,"27062,5015,1901",720575940912627846,"22589,3518,2073",31.812681
720575940888806490,"27062,5015,1901",720575940875009249,"24558,3736,2265",11.398326
720575940888806490,"27062,5015,1901",720575940891538468,"25430,4764,1460",25.550263
720575940888806490,"27062,5015,1901",720575940896891210,"22476,4688,1997",796.266933
720575940888806490,"27062,5015,1901",720575940875009505,"24266,4298,1651",0.000000
720575940888806490,"27062,5015,1901",720575940877168904,"27950,4274,1601",1284.386496
720575940888806490,"27062,5015,1901",720575940915389853,"28063,4731,1501",116.261302
720575940888806490,"27062,5015,1901",720575940915390109,"43805,6509,1651",0.000000
720575940888806490,"27062,5015,1901",720575940859668375,"44611,6738,1017",0.000000
720575940888806490,"27062,5015,1901",720575940879241452,"12157,5778,1731",0.000000
720575940888806490,"27062,5015,1901",720575940896891466,"24510,4268,832",28.884517
720575940888806490,"27062,5015,1901",720575940892190818,"40863,5761,1321",5.582802
720575940888806490,"27062,5015,1901",720575940879813622,"37934,6202,141",0.000000
720575940888806490,"27062,5015,1901",720575940951311655,"27837,3887,654",15.474763
720575940888806490,"27062,5015,1901",720575940900275426,"17933,2855,2476",0.000000
720575940888806490,"27062,5015,1901",720575940882688412,"37209,4746,2029",0.000000
720575940888806490,"27062,5015,1901",720575940955236696,"24389,3216,2237",95.884048
720575940888806490,"27062,5015,1901",720575940881950033,"22054,2885,2756",51.821576
720575940888806490,"27062,5015,1901",720575940868783597,"30837,4276,976",0.000000
720575940888806490,"27062,5015,1901",720575940894200219,"32924,5320,1118",1314.007103
720575940888806490,"27062,5015,1901",720575940915390365,"20825,5711,2247",219.162393
720575940888806490,"27062,5015,1901",720575940875009761,"30563,3134,541",0.000000
720575940888806490,"27062,5015,1901",720575940878349179,"41785,5171,3367",0.000000
720575940888806490,"27062,5015,1901",720575940889785957,"25781,3130,2539",111.583379
720575940883197911,"29792,4577,1801",720575940873509950,"29155,3903,1758",416.341234
720575940883197911,"29792,4577,1801",720575940893307467,"24104,3598,1701",32.900236
720575940883197911,"29792,4577,1801",720575940929601786,"26320,3381,1543",211.168898
720575940883197911,"29792,4577,1801",720575940912627846,"22589,3518,2073",40.964863
720575940883197911,"29792,4577,1801",720575940875009249,"24558,3736,2265",182.422096
720575940883197911,"29792,4577,1801",720575940891538468,"25430,4764,1460",136.425940
720575940883197911,"29792,4577,1801",720575940896891210,"22476,4688,1997",459.429660
720575940883197911,"29792,4577,1801",720575940875009505,"24266,4298,1651",44.606670
720575940883197911,"29792,4577,1801",720575940877168904,"27950,4274,1601",865.741056
720575940883197911,"29792,4577,1801",720575940915389853,"28063,4731,1501",175.308476
720575940883197911,"29792,4577,1801",720575940915390109,"43805,6509,1651",0.000000
720575940883197911,"29792,4577,1801",720575940859668375,"44611,6738,1017",0.000000
720575940883197911,"29792,4577,1801",720575940879241452,"12157,5778,1731",0.000000
720575940883197911,"29792,4577,1801",720575940896891466,"24510,4268,832",5.617058
720575940883197911,"29792,4577,1801",720575940892190818,"40863,5761,1321",76.411397
720575940883197911,"29792,4577,1801",720575940879813622,"37934,6202,141",0.000000
720575940883197911,"29792,4577,1801",720575940951311655,"27837,3887,654",0.000000
720575940883197911,"29792,4577,1801",720575940900275426,"17933,2855,2476",0.000000
720575940883197911,"29792,4577,1801",720575940882688412,"37209,4746,2029",0.000000
720575940883197911,"29792,4577,1801",720575940955236696,"24389,3216,2237",0.000000
720575940883197911,"29792,4577,1801",720575940881950033,"22054,2885,2756",0.000000
720575940883197911,"29792,4577,1801",720575940868783597,"30837,4276,976",0.000000
720575940883197911,"29792,4577,1801",720575940894200219,"32924,5320,1118",804.705117
720575940883197911,"29792,4577,1801",720575940915390365,"20825,5711,2247",46.034492
720575940883197911,"29792,4577,1801",720575940875009761,"30563,3134,541",0.000000
720575940883197911,"29792,4577,1801",720575940878349179,"41785,5171,3367",0.000000
720575940883197911,"29792,4577,1801",720575940889785957,"25781,3130,2539",40.446981
720575940878956340,"25910,4602,1701",720575940873509950,"29155,3903,1758",257.574458
720575940878956340,"25910,4602,1701",720575940893307467,"24104,3598,1701",435.956149
720575940878956340,"25910,4602,1701",720575940929601786,"26320,3381,1543",317.195469
720575940878956340,"25910,4602,1701",720575940912627846,"22589,3518,2073",487.365577
720575940878956340,"25910,4602,1701",720575940875009249,"24558,3736,2265",363.380664
720575940878956340,"25910,4602,1701",720575940891538468,"25430,4764,1460",225.570335
720575940878956340,"25910,4602,1701",720575940896891210,"22476,4688,1997",1277.582583
720575940878956340,"25910,4602,1701",720575940875009505,"24266,4298,1651",916.616522
720575940878956340,"25910,4602,1701",720575940877168904,"27950,4274,1601",244.566053
720575940878956340,"25910,4602,1701",720575940915389853,"28063,4731,1501",41.648103
720575940878956340,"25910,4602,1701",720575940915390109,"43805,6509,1651",0.000000
720575940878956340,"25910,4602,1701",720575940859668375,"44611,6738,1017",0.000000
720575940878956340,"25910,4602,1701",720575940879241452,"12157,5778,1731",0.000000
720575940878956340,"25910,4602,1701",720575940896891466,"24510,4268,832",0.000000
720575940878956340,"25910,4602,1701",720575940892190818,"40863,5761,1321",0.000000
720575940878956340,"25910,4602,1701",720575940879813622,"37934,6202,141",22.791343
720575940878956340,"25910,4602,1701",720575940951311655,"27837,3887,654",9.429319
720575940878956340,"25910,4602,1701",720575940900275426,"17933,2855,2476",0.000000
720575940878956340,"25910,4602,1701",720575940882688412,"37209,4746,2029",0.000000
720575940878956340,"25910,4602,1701",720575940955236696,"24389,3216,2237",0.000000
720575940878956340,"25910,4602,1701",720575940881950033,"22054,2885,2756",0.000000
720575940878956340,"25910,4602,1701",720575940868783597,"30837,4276,976",111.451823
720575940878956340,"25910,4602,1701",720575940894200219,"32924,5320,1118",360.107265
720575940878956340,"25910,4602,1701",720575940915390365,"20825,5711,2247",112.857710
720575940878956340,"25910,4602,1701",720575940875009761,"30563,3134,541",0.000000
720575940878956340,"25910,4602,1701",720575940878349179,"41785,5171,3367",0.000000
720575940878956340,"25910,4602,1701",720575940889785957,"25781,3130,2539",0.000000
720575940912929024,"29251,4671,1601",720575940873509950,"29155,3903,1758",500.791673
720575940912929024,"29251,4671,1601",720575940893307467,"24104,3598,1701",247.941649
720575940912929024,"29251,4671,1601",720575940929601786,"26320,3381,1543",317.908427
720575940912929024,"29251,4671,1601",720575940912627846,"22589,3518,2073",298.784585
720575940912929024,"29251,4671,1601",720575940875009249,"24558,3736,2265",277.393318
720575940912929024,"29251,4671,1601",720575940891538468,"25430,4764,1460",503.152557
720575940912929024,"29251,4671,1601",720575940896891210,"22476,4688,1997",1288.974319
720575940912929024,"29251,4671,1601",720575940875009505,"24266,4298,1651",704.374113
720575940912929024,"29251,4671,1601",720575940877168904,"27950,4274,1601",1075.498369
720575940912929024,"29251,4671,1601",720575940915389853,"28063,4731,1501",196.904806
720575940912929024,"29251,4671,1601",720575940915390109,"43805,6509,1651",8.306160
720575940912929024,"29251,4671,1601",720575940859668375,"44611,6738,1017",0.000000
720575940912929024,"29251,4671,1601",720575940879241452,"12157,5778,1731",0.000000
720575940912929024,"29251,4671,1601",720575940896891466,"24510,4268,832",31.731683
720575940912929024,"29251,4671,1601",720575940892190818,"40863,5761,1321",118.460167
720575940912929024,"29251,4671,1601",720575940879813622,"37934,6202,141",10.849527
720575940912929024,"29251,4671,1601",720575940951311655,"27837,3887,654",0.000000
720575940912929024,"29251,4671,1601",720575940900275426,"17933,2855,2476",0.000000
720575940912929024,"29251,4671,1601",720575940882688412,"37209,4746,2029",0.000000
720575940912929024,"29251,4671,1601",720575940955236696,"24389,3216,2237",0.000000
720575940912929024,"29251,4671,1601",720575940881950033,"22054,2885,2756",0.000000
720575940912929024,"29251,4671,1601",720575940868783597,"30837,4276,976",55.092388
720575940912929024,"29251,4671,1601",720575940894200219,"32924,5320,1118",815.627172
720575940912929024,"29251,4671,1601",720575940915390365,"20825,5711,2247",62.706733
720575940912929024,"29251,4671,1601",720575940875009761,"30563,3134,541",65.039867
720575940912929024,"29251,4671,1601",720575940878349179,"41785,5171,3367",0.000000
720575940912929024,"29251,4671,1601",720575940889785957,"25781,3130,2539",0.000000
720575940890245126,"23851,4795,1601",720575940873509950,"29155,3903,1758",76.425945
720575940890245126,"23851,4795,1601",720575940893307467,"24104,3598,1701",458.553922
720575940890245126,"23851,4795,1601",720575940929601786,"26320,3381,1543",433.608181
720575940890245126,"23851,4795,1601",720575940912627846,"22589,3518,2073",543.226270
720575940890245126,"23851,4795,1601",720575940875009249,"24558,3736,2265",217.262005
720575940890245126,"23851,4795,1601",720575940891538468,"25430,4764,1460",884.764184
720575940890245126,"23851,4795,1601",720575940896891210,"22476,4688,1997",640.845671
720575940890245126,"23851,4795,1601",720575940875009505,"24266,4298,1651",948.364890
720575940890245126,"23851,4795,1601",720575940877168904,"27950,4274,1601",71.182512
720575940890245126,"23851,4795,1601",720575940915389853,"28063,4731,1501",681.339928
720575940890245126,"23851,4795,1601",720575940915390109,"43805,6509,1651",0.000000
720575940890245126,"23851,4795,1601",720575940859668375,"44611,6738,1017",0.000000
720575940890245126,"23851,4795,1601",720575940879241452,"12157,5778,1731",140.586497
720575940890245126,"23851,4795,1601",720575940896891466,"24510,4268,832",89.210854
720575940890245126,"23851,4795,1601",720575940892190818,"40863,5761,1321",0.000000
720575940890245126,"23851,4795,1601",720575940879813622,"37934,6202,141",0.000000
720575940890245126,"23851,4795,1601",720575940951311655,"27837,3887,654",11.745611
720575940890245126,"23851,4795,1601",720575940900275426,"17933,2855,2476",0.000000
720575940890245126,"23851,4795,1601",720575940882688412,"37209,4746,2029",0.000000
720575940890245126,"23851,4795,1601",720575940955236696,"24389,3216,2237",16.193421
720575940890245126,"23851,4795,1601",720575940881950033,"22054,2885,2756",0.000000
720575940890245126,"23851,4795,1601",720575940868783597,"30837,4276,976",53.509193
720575940890245126,"23851,4795,1601",720575940894200219,"32924,5320,1118",435.386339
720575940890245126,"23851,4795,1601",720575940915390365,"20825,5711,2247",225.233897
720575940890245126,"23851,4795,1601",720575940875009761,"30563,3134,541",0.000000
720575940890245126,"23851,4795,1601",720575940878349179,"41785,5171,3367",0.000000
720575940890245126,"23851,4795,1601",720575940889785957,"25781,3130,2539",8.323798
720575940930905464,"23701,4886,1951",720575940873509950,"29155,3903,1758",502.012881
720575940930905464,"23701,4886,1951",720575940893307467,"24104,3598,1701",448.734787
720575940930905464,"23701,4886,1951",720575940929601786,"26320,3381,1543",113.606969
720575940930905464,"23701,4886,1951",720575940912627846,"22589,3518,2073",737.544363
720575940930905464,"23701,4886,1951",720575940875009249,"24558,3736,2265",1001.429874
720575940930905464,"23701,4886,1951",720575940891538468,"25430,4764,1460",107.689934
720575940930905464,"23701,4886,1951",720575940896891210,"22476,4688,1997",1356.038006
720575940930905464,"23701,4886,1951",720575940875009505,"24266,4298,1651",25.088533
720575940930905464,"23701,4886,1951",720575940877168904,"27950,4274,1601",1725.284836
720575940930905464,"23701,4886,1951",720575940915389853,"28063,4731,1501",297.472818
720575940930905464,"23701,4886,1951",720575940915390109,"43805,6509,1651",0.000000
720575940930905464,"23701,4886,1951",720575940859668375,"44611,6738,1017",5.687192
720575940930905464,"23701,4886,1951",720575940879241452,"12157,5778,1731",51.062912
720575940930905464,"23701,4886,1951",720575940896891466,"24510,4268,832",36.279042
720575940930905464,"23701,4886,1951",720575940892190818,"40863,5761,1321",14.011687
720575940930905464,"23701,4886,1951",720575940879813622,"37934,6202,141",0.000000
720575940930905464,"23701,4886,1951",720575940951311655,"27837,3887,654",8.469237
720575940930905464,"23701,4886,1951",720575940900275426,"17933,2855,2476",0.000000
720575940930905464,"23701,4886,1951",720575940882688412,"37209,4746,2029",10.848651
720575940930905464,"23701,4886,1951",720575940955236696,"24389,3216,2237",85.054820
720575940930905464,"23701,4886,1951",720575940881950033,"22054,2885,2756",23.762942
720575940930905464,"23701,4886,1951",720575940868783597,"30837,4276,976",0.000000
720575940930905464,"23701,4886,1951",720575940894200219,"32924,5320,1118",1231.659209
720575940930905464,"23701,4886,1951",720575940915390365,"20825,5711,2247",407.025697
720575940930905464,"23701,4886,1951",720575940875009761,"30563,3134,541",0.000000
720575940930905464,"23701,4886,1951",720575940878349179,"41785,5171,3367",4.809177
720575940930905464,"23701,4886,1951",720575940889785957,"25781,3130,2539",126.256608
720575940906113851,"25168,4911,1751",720575940873509950,"29155,3903,1758",203.952757
720575940906113851,"25168,4911,1751",720575940893307467,"24104,3598,1701",224.528161
720575940906113851,"25168,4911,1751",720575940929601786,"26320,3381,1543",57.752016
720575940906113851,"25168,4911,1751",720575940912627846,"22589,3518,2073",493.547486
720575940906113851,"25168,4911,1751",720575940875009249,"24558,3736,2265",614.109280
720575940906113851,"25168,4911,1751",720575940891538468,"25430,4764,1460",238.666464
720575940906113851,"25168,4911,1751",720575940896891210,"22476,4688,1997",1839.203242
720575940906113851,"25168,4911,1751",720575940875009505,"24266,4298,1651",428.533447
720575940906113851,"25168,4911,1751",720575940877168904,"27950,4274,1601",728.327814
720575940906113851,"25168,4911,1751",720575940915389853,"28063,4731,1501",277.520996
720575940906113851,"25168,4911,1751",720575940915390109,"43805,6509,1651",0.000000
720575940906113851,"25168,4911,1751",720575940859668375,"44611,6738,1017",0.000000
720575940906113851,"25168,4911,1751",720575940879241452,"12157,5778,1731",33.426638
720575940906113851,"25168,4911,1751",720575940896891466,"24510,4268,832",0.000000
720575940906113851,"25168,4911,1751",720575940892190818,"40863,5761,1321",0.000000
720575940906113851,"25168,4911,1751",720575940879813622,"37934,6202,141",0.000000
720575940906113851,"25168,4911,1751",720575940951311655,"27837,3887,654",8.469237
720575940906113851,"25168,4911,1751",720575940900275426,"17933,2855,2476",0.000000
720575940906113851,"25168,4911,1751",720575940882688412,"37209,4746,2029",0.000000
720575940906113851,"25168,4911,1751",720575940955236696,"24389,3216,2237",8.463034
720575940906113851,"25168,4911,1751",720575940881950033,"22054,2885,2756",0.000000
720575940906113851,"25168,4911,1751",720575940868783597,"30837,4276,976",25.929416
720575940906113851,"25168,4911,1751",720575940894200219,"32924,5320,1118",667.508808
720575940906113851,"25168,4911,1751",720575940915390365,"20825,5711,2247",148.624930
720575940906113851,"25168,4911,1751",720575940875009761,"30563,3134,541",0.000000
720575940906113851,"25168,4911,1751",720575940878349179,"41785,5171,3367",0.000000
720575940906113851,"25168,4911,1751",720575940889785957,"25781,3130,2539",16.577639
720575940940380075,"28618,4001,1500",720575940873509950,"29155,3903,1758",476.209223
720575940940380075,"28618,4001,1500",720575940893307467,"24104,3598,1701",291.594372
720575940940380075,"28618,4001,1500",720575940929601786,"26320,3381,1543",411.112440
720575940940380075,"28618,4001,1500",720575940912627846,"22589,3518,2073",509.355840
720575940940380075,"28618,4001,1500",720575940875009249,"24558,3736,2265",319.673092
720575940940380075,"28618,4001,1500",720575940891538468,"25430,4764,1460",191.745754
720575940940380075,"28618,4001,1500",720575940896891210,"22476,4688,1997",876.807289
720575940940380075,"28618,4001,1500",720575940875009505,"24266,4298,1651",827.422901
720575940940380075,"28618,4001,1500",720575940877168904,"27950,4274,1601",286.607098
720575940940380075,"28618,4001,1500",720575940915389853,"28063,4731,1501",115.586039
720575940940380075,"28618,4001,1500",720575940915390109,"43805,6509,1651",0.000000
720575940940380075,"28618,4001,1500",720575940859668375,"44611,6738,1017",0.000000
720575940940380075,"28618,4001,1500",720575940879241452,"12157,5778,1731",0.000000
720575940940380075,"28618,4001,1500",720575940896891466,"24510,4268,832",18.680475
720575940940380075,"28618,4001,1500",720575940892190818,"40863,5761,1321",0.000000
720575940940380075,"28618,4001,1500",720575940879813622,"37934,6202,141",86.481304
720575940940380075,"28618,4001,1500",720575940951311655,"27837,3887,654",8.436941
720575940940380075,"28618,4001,1500",720575940900275426,"17933,2855,2476",0.000000
720575940940380075,"28618,4001,1500",720575940882688412,"37209,4746,2029",0.000000
720575940940380075,"28618,4001,1500",720575940955236696,"24389,3216,2237",15.863271
720575940940380075,"28618,4001,1500",720575940881950033,"22054,2885,2756",0.000000
720575940940380075,"28618,4001,1500",720575940868783597,"30837,4276,976",256.029283
720575940940380075,"28618,4001,1500",720575940894200219,"32924,5320,1118",174.792223
720575940940380075,"28618,4001,1500",720575940915390365,"20825,5711,2247",45.296988
720575940940380075,"28618,4001,1500",720575940875009761,"30563,3134,541",0.000000
720575940940380075,"28618,4001,1500",720575940878349179,"41785,5171,3367",0.000000
720575940940380075,"28618,4001,1500",720575940889785957,"25781,3130,2539",0.000000
720575940908781145,"25316,4412,1501",720575940873509950,"29155,3903,1758",8.236431
720575940908781145,"25316,4412,1501",720575940893307467,"24104,3598,1701",389.341316
720575940908781145,"25316,4412,1501",720575940929601786,"26320,3381,1543",451.462466
720575940908781145,"25316,4412,1501",720575940912627846,"22589,3518,2073",254.676673
720575940908781145,"25316,4412,1501",720575940875009249,"24558,3736,2265",43.747813
720575940908781145,"25316,4412,1501",720575940891538468,"25430,4764,1460",399.364678
720575940908781145,"25316,4412,1501",720575940896891210,"22476,4688,1997",727.811487
720575940908781145,"25316,4412,1501",720575940875009505,"24266,4298,1651",656.799290
720575940908781145,"25316,4412,1501",720575940877168904,"27950,4274,1601",30.802825
720575940908781145,"25316,4412,1501",720575940915389853,"28063,4731,1501",196.895380
720575940908781145,"25316,4412,1501",720575940915390109,"43805,6509,1651",0.000000
720575940908781145,"25316,4412,1501",720575940859668375,"44611,6738,1017",0.000000
720575940908781145,"25316,4412,1501",720575940879241452,"12157,5778,1731",0.000000
720575940908781145,"25316,4412,1501",720575940896891466,"24510,4268,832",0.000000
720575940908781145,"25316,4412,1501",720575940892190818,"40863,5761,1321",0.000000
720575940908781145,"25316,4412,1501",720575940879813622,"37934,6202,141",0.000000
720575940908781145,"25316,4412,1501",720575940951311655,"27837,3887,654",16.370560
720575940908781145,"25316,4412,1501",720575940900275426,"17933,2855,2476",0.000000
720575940908781145,"25316,4412,1501",720575940882688412,"37209,4746,2029",0.000000
720575940908781145,"25316,4412,1501",720575940955236696,"24389,3216,2237",0.000000
720575940908781145,"25316,4412,1501",720575940881950033,"22054,2885,2756",0.000000
720575940908781145,"25316,4412,1501",720575940868783597,"30837,4276,976",178.523429
720575940908781145,"25316,4412,1501",720575940894200219,"32924,5320,1118",150.156566
720575940908781145,"25316,4412,1501",720575940915390365,"20825,5711,2247",123.012764
720575940908781145,"25316,4412,1501",720575940875009761,"30563,3134,541",0.000000
720575940908781145,"25316,4412,1501",720575940878349179,"41785,5171,3367",0.000000
720575940908781145,"25316,4412,1501",720575940889785957,"25781,3130,2539",0.000000
720575940881620931,"26375,4678,1951",720575940873509950,"29155,3903,1758",34.774633
720575940881620931,"26375,4678,1951",720575940893307467,"24104,3598,1701",19.825721
720575940881620931,"26375,4678,1951",720575940929601786,"26320,3381,1543",14.945225
720575940881620931,"26375,4678,1951",720575940912627846,"22589,3518,2073",84.636404
720575940881620931,"26375,4678,1951",720575940875009249,"24558,3736,2265",40.524899
720575940881620931,"26375,4678,1951",720575940891538468,"25430,4764,1460",0.000000
720575940881620931,"26375,4678,1951",720575940896891210,"22476,4688,1997",420.364963
720575940881620931,"26375,4678,1951",720575940875009505,"24266,4298,1651",0.000000
720575940881620931,"26375,4678,1951",720575940877168904,"27950,4274,1601",565.861948
720575940881620931,"26375,4678,1951",720575940915389853,"28063,4731,1501",0.000000
720575940881620931,"26375,4678,1951",720575940915390109,"43805,6509,1651",0.000000
720575940881620931,"26375,4678,1951",720575940859668375,"44611,6738,1017",0.000000
720575940881620931,"26375,4678,1951",720575940879241452,"12157,5778,1731",0.000000
720575940881620931,"26375,4678,1951",720575940896891466,"24510,4268,832",0.000000
720575940881620931,"26375,4678,1951",720575940892190818,"40863,5761,1321",0.000000
720575940881620931,"26375,4678,1951",720575940879813622,"37934,6202,141",0.000000
720575940881620931,"26375,4678,1951",720575940951311655,"27837,3887,654",11.462552
720575940881620931,"26375,4678,1951",720575940900275426,"17933,2855,2476",0.000000
720575940881620931,"26375,4678,1951",720575940882688412,"37209,4746,2029",0.000000
720575940881620931,"26375,4678,1951",720575940955236696,"24389,3216,2237",26.638113
720575940881620931,"26375,4678,1951",720575940881950033,"22054,2885,2756",0.000000
720575940881620931,"26375,4678,1951",720575940868783597,"30837,4276,976",0.000000
720575940881620931,"26375,4678,1951",720575940894200219,"32924,5320,1118",575.796065
720575940881620931,"26375,4678,1951",720575940915390365,"20825,5711,2247",125.771721
720575940881620931,"26375,4678,1951",720575940875009761,"30563,3134,541",0.000000
720575940881620931,"26375,4678,1951",720575940878349179,"41785,5171,3367",0.000000
720575940881620931,"26375,4678,1951",720575940889785957,"25781,3130,2539",0.000000
720575940891181902,"28674,4720,1601",720575940873509950,"29155,3903,1758",345.975950
720575940891181902,"28674,4720,1601",720575940893307467,"24104,3598,1701",298.379218
720575940891181902,"28674,4720,1601",720575940929601786,"26320,3381,1543",151.360124
720575940891181902,"28674,4720,1601",720575940912627846,"22589,3518,2073",378.918130
720575940891181902,"28674,4720,1601",720575940875009249,"24558,3736,2265",300.802137
720575940891181902,"28674,4720,1601",720575940891538468,"25430,4764,1460",116.912706
720575940891181902,"28674,4720,1601",720575940896891210,"22476,4688,1997",741.026000
720575940891181902,"28674,4720,1601",720575940875009505,"24266,4298,1651",560.038870
720575940891181902,"28674,4720,1601",720575940877168904,"27950,4274,1601",424.648384
720575940891181902,"28674,4720,1601",720575940915389853,"28063,4731,1501",11.019811
720575940891181902,"28674,4720,1601",720575940915390109,"43805,6509,1651",0.000000
720575940891181902,"28674,4720,1601",720575940859668375,"44611,6738,1017",0.000000
720575940891181902,"28674,4720,1601",720575940879241452,"12157,5778,1731",0.000000
720575940891181902,"28674,4720,1601",720575940896891466,"24510,4268,832",0.000000
720575940891181902,"28674,4720,1601",720575940892190818,"40863,5761,1321",0.000000
720575940891181902,"28674,4720,1601",720575940879813622,"37934,6202,141",11.089278
720575940891181902,"28674,4720,1601",720575940951311655,"27837,3887,654",0.000000
720575940891181902,"28674,4720,1601",720575940900275426,"17933,2855,2476",0.000000
720575940891181902,"28674,4720,1601",720575940882688412,"37209,4746,2029",0.000000
720575940891181902,"28674,4720,1601",720575940955236696,"24389,3216,2237",0.000000
720575940891181902,"28674,4720,1601",720575940881950033,"22054,2885,2756",0.000000
720575940891181902,"28674,4720,1601",720575940868783597,"30837,4276,976",46.628635
720575940891181902,"28674,4720,1601",720575940894200219,"32924,5320,1118",366.679498
720575940891181902,"28674,4720,1601",720575940915390365,"20825,5711,2247",7.799414
720575940891181902,"28674,4720,1601",720575940875009761,"30563,3134,541",0.000000
720575940891181902,"28674,4720,1601",720575940878349179,"41785,5171,3367",0.000000
720575940891181902,"28674,4720,1601",720575940889785957,"25781,3130,2539",0.000000
720575940889238903,"28227,3227,1701",720575940873509950,"29155,3903,1758",855.005725
720575940889238903,"28227,3227,1701",720575940893307467,"24104,3598,1701",319.145793
720575940889238903,"28227,3227,1701",720575940929601786,"26320,3381,1543",699.843396
720575940889238903,"28227,3227,1701",720575940912627846,"22589,3518,2073",529.878188
720575940889238903,"28227,3227,1701",720575940875009249,"24558,3736,2265",354.192369
720575940889238903,"28227,3227,1701",720575940891538468,"25430,4764,1460",285.428210
720575940889238903,"28227,3227,1701",720575940896891210,"22476,4688,1997",839.412318
720575940889238903,"28227,3227,1701",720575940875009505,"24266,4298,1651",607.973480
720575940889238903,"28227,3227,1701",720575940877168904,"27950,4274,1601",384.576489
720575940889238903,"28227,3227,1701",720575940915389853,"28063,4731,1501",94.217486
720575940889238903,"28227,3227,1701",720575940915390109,"43805,6509,1651",0.000000
720575940889238903,"28227,3227,1701",720575940859668375,"44611,6738,1017",0.000000
720575940889238903,"28227,3227,1701",720575940879241452,"12157,5778,1731",0.000000
720575940889238903,"28227,3227,1701",720575940896891466,"24510,4268,832",0.000000
720575940889238903,"28227,3227,1701",720575940892190818,"40863,5761,1321",8.591045
720575940889238903,"28227,3227,1701",720575940879813622,"37934,6202,141",61.923492
720575940889238903,"28227,3227,1701",720575940951311655,"27837,3887,654",0.000000
720575940889238903,"28227,3227,1701",720575940900275426,"17933,2855,2476",0.000000
720575940889238903,"28227,3227,1701",720575940882688412,"37209,4746,2029",0.000000
720575940889238903,"28227,3227,1701",720575940955236696,"24389,3216,2237",0.000000
720575940889238903,"28227,3227,1701",720575940881950033,"22054,2885,2756",0.000000
720575940889238903,"28227,3227,1701",720575940868783597,"30837,4276,976",147.053911
720575940889238903,"28227,3227,1701",720575940894200219,"32924,5320,1118",216.498263
720575940889238903,"28227,3227,1701",720575940915390365,"20825,5711,2247",44.089335
720575940889238903,"28227,3227,1701",720575940875009761,"30563,3134,541",0.000000
720575940889238903,"28227,3227,1701",720575940878349179,"41785,5171,3367",0.000000
720575940889238903,"28227,3227,1701",720575940889785957,"25781,3130,2539",0.000000
720575940899283650,"23899,3593,1901",720575940873509950,"29155,3903,1758",69.927743
720575940899283650,"23899,3593,1901",720575940893307467,"24104,3598,1701",80.673091
720575940899283650,"23899,3593,1901",720575940929601786,"26320,3381,1543",0.000000
720575940899283650,"23899,3593,1901",720575940912627846,"22589,3518,2073",188.268143
720575940899283650,"23899,3593,1901",720575940875009249,"24558,3736,2265",295.595585
720575940899283650,"23899,3593,1901",720575940891538468,"25430,4764,1460",0.000000
720575940899283650,"23899,3593,1901",720575940896891210,"22476,4688,1997",1640.583507
720575940899283650,"23899,3593,1901",720575940875009505,"24266,4298,1651",75.454394
720575940899283650,"23899,3593,1901",720575940877168904,"27950,4274,1601",1130.917847
720575940899283650,"23899,3593,1901",720575940915389853,"28063,4731,1501",221.168270
720575940899283650,"23899,3593,1901",720575940915390109,"43805,6509,1651",0.000000
720575940899283650,"23899,3593,1901",720575940859668375,"44611,6738,1017",0.000000
720575940899283650,"23899,3593,1901",720575940879241452,"12157,5778,1731",26.610473
720575940899283650,"23899,3593,1901",720575940896891466,"24510,4268,832",23.274628
720575940899283650,"23899,3593,1901",720575940892190818,"40863,5761,1321",0.000000
720575940899283650,"23899,3593,1901",720575940879813622,"37934,6202,141",0.000000
720575940899283650,"23899,3593,1901",720575940951311655,"27837,3887,654",22.202674
720575940899283650,"23899,3593,1901",720575940900275426,"17933,2855,2476",0.000000
720575940899283650,"23899,3593,1901",720575940882688412,"37209,4746,2029",0.000000
720575940899283650,"23899,3593,1901",720575940955236696,"24389,3216,2237",8.951068
720575940899283650,"23899,3593,1901",720575940881950033,"22054,2885,2756",23.419244
720575940899283650,"23899,3593,1901",720575940868783597,"30837,4276,976",0.000000
720575940899283650,"23899,3593,1901",720575940894200219,"32924,5320,1118",780.799317
720575940899283650,"23899,3593,1901",720575940915390365,"20825,5711,2247",211.916775
720575940899283650,"23899,3593,1901",720575940875009761,"30563,3134,541",0.000000
720575940899283650,"23899,3593,1901",720575940878349179,"41785,5171,3367",0.000000
720575940899283650,"23899,3593,1901",720575940889785957,"25781,3130,2539",18.874509
720575940880875929,"27176,4043,1701",720575940873509950,"29155,3903,1758",771.334438
720575940880875929,"27176,4043,1701",720575940893307467,"24104,3598,1701",629.690533
720575940880875929,"27176,4043,1701",720575940929601786,"26320,3381,1543",552.503125
720575940880875929,"27176,4043,1701",720575940912627846,"22589,3518,2073",1121.029335
720575940880875929,"27176,4043,1701",720575940875009249,"24558,3736,2265",889.222288
720575940880875929,"27176,4043,1701",720575940891538468,"25430,4764,1460",152.354223
720575940880875929,"27176,4043,1701",720575940896891210,"22476,4688,1997",1061.369609
720575940880875929,"27176,4043,1701",720575940875009505,"24266,4298,1651",498.357748
720575940880875929,"27176,4043,1701",720575940877168904,"27950,4274,1601",300.379382
720575940880875929,"27176,4043,1701",720575940915389853,"28063,4731,1501",30.606047
720575940880875929,"27176,4043,1701",720575940915390109,"43805,6509,1651",0.000000
720575940880875929,"27176,4043,1701",720575940859668375,"44611,6738,1017",0.000000
720575940880875929,"27176,4043,1701",720575940879241452,"12157,5778,1731",0.000000
720575940880875929,"27176,4043,1701",720575940896891466,"24510,4268,832",0.000000
720575940880875929,"27176,4043,1701",720575940892190818,"40863,5761,1321",0.000000
720575940880875929,"27176,4043,1701",720575940879813622,"37934,6202,141",0.000000
720575940880875929,"27176,4043,1701",720575940951311655,"27837,3887,654",6.359789
720575940880875929,"27176,4043,1701",720575940900275426,"17933,2855,2476",0.000000
720575940880875929,"27176,4043,1701",720575940882688412,"37209,4746,2029",0.000000
720575940880875929,"27176,4043,1701",720575940955236696,"24389,3216,2237",0.000000
720575940880875929,"27176,4043,1701",720575940881950033,"22054,2885,2756",0.000000
720575940880875929,"27176,4043,1701",720575940868783597,"30837,4276,976",109.299268
720575940880875929,"27176,4043,1701",720575940894200219,"32924,5320,1118",104.785611
720575940880875929,"27176,4043,1701",720575940915390365,"20825,5711,2247",8.566359
720575940880875929,"27176,4043,1701",720575940875009761,"30563,3134,541",0.000000
720575940880875929,"27176,4043,1701",720575940878349179,"41785,5171,3367",0.000000
720575940880875929,"27176,4043,1701",720575940889785957,"25781,3130,2539",0.000000
720575940901384751,"24943,4211,1501",720575940873509950,"29155,3903,1758",0.000000
720575940901384751,"24943,4211,1501",720575940893307467,"24104,3598,1701",312.950334
720575940901384751,"24943,4211,1501",720575940929601786,"26320,3381,1543",122.113135
720575940901384751,"24943,4211,1501",720575940912627846,"22589,3518,2073",59.588570
720575940901384751,"24943,4211,1501",720575940875009249,"24558,3736,2265",7.985210
720575940901384751,"24943,4211,1501",720575940891538468,"25430,4764,1460",468.140134
720575940901384751,"24943,4211,1501",720575940896891210,"22476,4688,1997",590.721729
720575940901384751,"24943,4211,1501",720575940875009505,"24266,4298,1651",992.775381
720575940901384751,"24943,4211,1501",720575940877168904,"27950,4274,1601",41.407479
720575940901384751,"24943,4211,1501",720575940915389853,"28063,4731,1501",216.746719
720575940901384751,"24943,4211,1501",720575940915390109,"43805,6509,1651",0.000000
720575940901384751,"24943,4211,1501",720575940859668375,"44611,6738,1017",0.000000
720575940901384751,"24943,4211,1501",720575940879241452,"12157,5778,1731",30.772696
720575940901384751,"24943,4211,1501",720575940896891466,"24510,4268,832",10.567390
720575940901384751,"24943,4211,1501",720575940892190818,"40863,5761,1321",0.000000
720575940901384751,"24943,4211,1501",720575940879813622,"37934,6202,141",0.000000
720575940901384751,"24943,4211,1501",720575940951311655,"27837,3887,654",9.989947
720575940901384751,"24943,4211,1501",720575940900275426,"17933,2855,2476",0.000000
720575940901384751,"24943,4211,1501",720575940882688412,"37209,4746,2029",0.000000
720575940901384751,"24943,4211,1501",720575940955236696,"24389,3216,2237",0.000000
720575940901384751,"24943,4211,1501",720575940881950033,"22054,2885,2756",0.000000
720575940901384751,"24943,4211,1501",720575940868783597,"30837,4276,976",155.461377
720575940901384751,"24943,4211,1501",720575940894200219,"32924,5320,1118",136.489046
720575940901384751,"24943,4211,1501",720575940915390365,"20825,5711,2247",101.972750
720575940901384751,"24943,4211,1501",720575940875009761,"30563,3134,541",0.000000
720575940901384751,"24943,4211,1501",720575940878349179,"41785,5171,3367",0.000000
720575940901384751,"24943,4211,1501",720575940889785957,"25781,3130,2539",0.000000
720575940918316341,"24433,4244,1701",720575940873509950,"29155,3903,1758",8.881559
720575940918316341,"24433,4244,1701",720575940893307467,"24104,3598,1701",193.683274
720575940918316341,"24433,4244,1701",720575940929601786,"26320,3381,1543",219.468662
720575940918316341,"24433,4244,1701",720575940912627846,"22589,3518,2073",311.735285
720575940918316341,"24433,4244,1701",720575940875009249,"24558,3736,2265",105.325558
720575940918316341,"24433,4244,1701",720575940891538468,"25430,4764,1460",425.743859
720575940918316341,"24433,4244,1701",720575940896891210,"22476,4688,1997",521.491636
720575940918316341,"24433,4244,1701",720575940875009505,"24266,4298,1651",416.436068
720575940918316341,"24433,4244,1701",720575940877168904,"27950,4274,1601",60.105384
720575940918316341,"24433,4244,1701",720575940915389853,"28063,4731,1501",562.945238
720575940918316341,"24433,4244,1701",720575940915390109,"43805,6509,1651",0.000000
720575940918316341,"24433,4244,1701",720575940859668375,"44611,6738,1017",0.000000
720575940918316341,"24433,4244,1701",720575940879241452,"12157,5778,1731",152.269886
720575940918316341,"24433,4244,1701",720575940896891466,"24510,4268,832",14.424337
720575940918316341,"24433,4244,1701",720575940892190818,"40863,5761,1321",0.000000
720575940918316341,"24433,4244,1701",720575940879813622,"37934,6202,141",0.000000
720575940918316341,"24433,4244,1701",720575940951311655,"27837,3887,654",11.745611
720575940918316341,"24433,4244,1701",720575940900275426,"17933,2855,2476",0.000000
720575940918316341,"24433,4244,1701",720575940882688412,"37209,4746,2029",0.000000
720575940918316341,"24433,4244,1701",720575940955236696,"24389,3216,2237",0.000000
720575940918316341,"24433,4244,1701",720575940881950033,"22054,2885,2756",0.000000
720575940918316341,"24433,4244,1701",720575940868783597,"30837,4276,976",0.000000
720575940918316341,"24433,4244,1701",720575940894200219,"32924,5320,1118",659.325073
720575940918316341,"24433,4244,1701",720575940915390365,"20825,5711,2247",336.698010
720575940918316341,"24433,4244,1701",720575940875009761,"30563,3134,541",0.000000
720575940918316341,"24433,4244,1701",720575940878349179,"41785,5171,3367",0.000000
720575940918316341,"24433,4244,1701",720575940889785957,"25781,3130,2539",0.000000
720575940899281090,"29452,4545,1801",720575940873509950,"29155,3903,1758",1074.684954
720575940899281090,"29452,4545,1801",720575940893307467,"24104,3598,1701",219.602279
720575940899281090,"29452,4545,1801",720575940929601786,"26320,3381,1543",445.417746
720575940899281090,"29452,4545,1801",720575940912627846,"22589,3518,2073",263.901367
720575940899281090,"29452,4545,1801",720575940875009249,"24558,3736,2265",279.351866
720575940899281090,"29452,4545,1801",720575940891538468,"25430,4764,1460",168.743387
720575940899281090,"29452,4545,1801",720575940896891210,"22476,4688,1997",607.506238
720575940899281090,"29452,4545,1801",720575940875009505,"24266,4298,1651",418.981095
720575940899281090,"29452,4545,1801",720575940877168904,"27950,4274,1601",613.980823
720575940899281090,"29452,4545,1801",720575940915389853,"28063,4731,1501",64.684035
720575940899281090,"29452,4545,1801",720575940915390109,"43805,6509,1651",0.000000
720575940899281090,"29452,4545,1801",720575940859668375,"44611,6738,1017",0.000000
720575940899281090,"29452,4545,1801",720575940879241452,"12157,5778,1731",0.000000
720575940899281090,"29452,4545,1801",720575940896891466,"24510,4268,832",0.000000
720575940899281090,"29452,4545,1801",720575940892190818,"40863,5761,1321",48.950958
720575940899281090,"29452,4545,1801",720575940879813622,"37934,6202,141",22.791343
720575940899281090,"29452,4545,1801",720575940951311655,"27837,3887,654",0.000000
720575940899281090,"29452,4545,1801",720575940900275426,"17933,2855,2476",0.000000
720575940899281090,"29452,4545,1801",720575940882688412,"37209,4746,2029",0.000000
720575940899281090,"29452,4545,1801",720575940955236696,"24389,3216,2237",0.000000
720575940899281090,"29452,4545,1801",720575940881950033,"22054,2885,2756",0.000000
720575940899281090,"29452,4545,1801",720575940868783597,"30837,4276,976",65.196148
720575940899281090,"29452,4545,1801",720575940894200219,"32924,5320,1118",350.947701
720575940899281090,"29452,4545,1801",720575940915390365,"20825,5711,2247",0.000000
720575940899281090,"29452,4545,1801",720575940875009761,"30563,3134,541",0.000000
720575940899281090,"29452,4545,1801",720575940878349179,"41785,5171,3367",0.000000
720575940899281090,"29452,4545,1801",720575940889785957,"25781,3130,2539",5.379984
720575940917780131,"29236,5023,1351",720575940873509950,"29155,3903,1758",128.839102
720575940917780131,"29236,5023,1351",720575940893307467,"24104,3598,1701",39.134702
720575940917780131,"29236,5023,1351",720575940929601786,"26320,3381,1543",14.723305
720575940917780131,"29236,5023,1351",720575940912627846,"22589,3518,2073",21.319473
720575940917780131,"29236,5023,1351",720575940875009249,"24558,3736,2265",5.146249
720575940917780131,"29236,5023,1351",720575940891538468,"25430,4764,1460",570.805703
720575940917780131,"29236,5023,1351",720575940896891210,"22476,4688,1997",1034.671295
720575940917780131,"29236,5023,1351",720575940875009505,"24266,4298,1651",1012.596122
720575940917780131,"29236,5023,1351",720575940877168904,"27950,4274,1601",769.067370
720575940917780131,"29236,5023,1351",720575940915389853,"28063,4731,1501",255.926674
720575940917780131,"29236,5023,1351",720575940915390109,"43805,6509,1651",0.000000
720575940917780131,"29236,5023,1351",720575940859668375,"44611,6738,1017",0.000000
720575940917780131,"29236,5023,1351",720575940879241452,"12157,5778,1731",0.000000
720575940917780131,"29236,5023,1351",720575940896891466,"24510,4268,832",10.356997
720575940917780131,"29236,5023,1351",720575940892190818,"40863,5761,1321",71.493359
720575940917780131,"29236,5023,1351",720575940879813622,"37934,6202,141",98.884208
720575940917780131,"29236,5023,1351",720575940951311655,"27837,3887,654",5.365430
720575940917780131,"29236,5023,1351",720575940900275426,"17933,2855,2476",0.000000
720575940917780131,"29236,5023,1351",720575940882688412,"37209,4746,2029",0.000000
720575940917780131,"29236,5023,1351",720575940955236696,"24389,3216,2237",0.000000
720575940917780131,"29236,5023,1351",720575940881950033,"22054,2885,2756",0.000000
720575940917780131,"29236,5023,1351",720575940868783597,"30837,4276,976",28.304231
720575940917780131,"29236,5023,1351",720575940894200219,"32924,5320,1118",508.235812
720575940917780131,"29236,5023,1351",720575940915390365,"20825,5711,2247",52.086607
720575940917780131,"29236,5023,1351",720575940875009761,"30563,3134,541",0.000000
720575940917780131,"29236,5023,1351",720575940878349179,"41785,5171,3367",0.000000
720575940917780131,"29236,5023,1351",720575940889785957,"25781,3130,2539",16.577639
720575940927248352,"24157,4496,1651",720575940873509950,"29155,3903,1758",3.199258
720575940927248352,"24157,4496,1651",720575940893307467,"24104,3598,1701",148.751722
720575940927248352,"24157,4496,1651",720575940929601786,"26320,3381,1543",79.957141
720575940927248352,"24157,4496,1651",720575940912627846,"22589,3518,2073",61.718766
720575940927248352,"24157,4496,1651",720575940875009249,"24558,3736,2265",20.573247
720575940927248352,"24157,4496,1651",720575940891538468,"25430,4764,1460",476.841716
720575940927248352,"24157,4496,1651",720575940896891210,"22476,4688,1997",839.713712
720575940927248352,"24157,4496,1651",720575940875009505,"24266,4298,1651",826.947819
720575940927248352,"24157,4496,1651",720575940877168904,"27950,4274,1601",41.497492
720575940927248352,"24157,4496,1651",720575940915389853,"28063,4731,1501",295.883509
720575940927248352,"24157,4496,1651",720575940915390109,"43805,6509,1651",0.000000
720575940927248352,"24157,4496,1651",720575940859668375,"44611,6738,1017",0.000000
720575940927248352,"24157,4496,1651",720575940879241452,"12157,5778,1731",94.138071
720575940927248352,"24157,4496,1651",720575940896891466,"24510,4268,832",21.488657
720575940927248352,"24157,4496,1651",720575940892190818,"40863,5761,1321",0.000000
720575940927248352,"24157,4496,1651",720575940879813622,"37934,6202,141",0.000000
720575940927248352,"24157,4496,1651",720575940951311655,"27837,3887,654",7.141341
720575940927248352,"24157,4496,1651",720575940900275426,"17933,2855,2476",0.000000
720575940927248352,"24157,4496,1651",720575940882688412,"37209,4746,2029",0.000000
720575940927248352,"24157,4496,1651",720575940955236696,"24389,3216,2237",0.000000
720575940927248352,"24157,4496,1651",720575940881950033,"22054,2885,2756",0.000000
720575940927248352,"24157,4496,1651",720575940868783597,"30837,4276,976",24.751506
720575940927248352,"24157,4496,1651",720575940894200219,"32924,5320,1118",275.949858
720575940927248352,"24157,4496,1651",720575940915390365,"20825,5711,2247",113.404220
720575940927248352,"24157,4496,1651",720575940875009761,"30563,3134,541",0.000000
720575940927248352,"24157,4496,1651",720575940878349179,"41785,5171,3367",0.000000
720575940927248352,"24157,4496,1651",720575940889785957,"25781,3130,2539",0.000000
720575940937862061,"25121,4578,1601",720575940873509950,"29155,3903,1758",1.919092
720575940937862061,"25121,4578,1601",720575940893307467,"24104,3598,1701",121.231295
720575940937862061,"25121,4578,1601",720575940929601786,"26320,3381,1543",52.030316
720575940937862061,"25121,4578,1601",720575940912627846,"22589,3518,2073",77.846975
720575940937862061,"25121,4578,1601",720575940875009249,"24558,3736,2265",23.846476
720575940937862061,"25121,4578,1601",720575940891538468,"25430,4764,1460",331.884557
720575940937862061,"25121,4578,1601",720575940896891210,"22476,4688,1997",755.481809
720575940937862061,"25121,4578,1601",720575940875009505,"24266,4298,1651",682.686179
720575940937862061,"25121,4578,1601",720575940877168904,"27950,4274,1601",84.218101
720575940937862061,"25121,4578,1601",720575940915389853,"28063,4731,1501",310.305474
720575940937862061,"25121,4578,1601",720575940915390109,"43805,6509,1651",0.000000
720575940937862061,"25121,4578,1601",720575940859668375,"44611,6738,1017",0.000000
720575940937862061,"25121,4578,1601",720575940879241452,"12157,5778,1731",30.047721
720575940937862061,"25121,4578,1601",720575940896891466,"24510,4268,832",0.000000
720575940937862061,"25121,4578,1601",720575940892190818,"40863,5761,1321",0.000000
720575940937862061,"25121,4578,1601",720575940879813622,"37934,6202,141",0.000000
720575940937862061,"25121,4578,1601",720575940951311655,"27837,3887,654",8.436941
720575940937862061,"25121,4578,1601",720575940900275426,"17933,2855,2476",0.000000
720575940937862061,"25121,4578,1601",720575940882688412,"37209,4746,2029",0.000000
720575940937862061,"25121,4578,1601",720575940955236696,"24389,3216,2237",0.000000
720575940937862061,"25121,4578,1601",720575940881950033,"22054,2885,2756",0.000000
720575940937862061,"25121,4578,1601",720575940868783597,"30837,4276,976",7.617779
720575940937862061,"25121,4578,1601",720575940894200219,"32924,5320,1118",122.282087
720575940937862061,"25121,4578,1601",720575940915390365,"20825,5711,2247",120.437899
720575940937862061,"25121,4578,1601",720575940875009761,"30563,3134,541",0.000000
720575940937862061,"25121,4578,1601",720575940878349179,"41785,5171,3367",0.000000
720575940937862061,"25121,4578,1601",720575940889785957,"25781,3130,2539",0.000000
720575940878312571,"29059,4820,1801",720575940873509950,"29155,3903,1758",143.111118
720575940878312571,"29059,4820,1801",720575940893307467,"24104,3598,1701",27.255878
720575940878312571,"29059,4820,1801",720575940929601786,"26320,3381,1543",52.325603
720575940878312571,"29059,4820,1801",720575940912627846,"22589,3518,2073",61.231823
720575940878312571,"29059,4820,1801",720575940875009249,"24558,3736,2265",77.177841
720575940878312571,"29059,4820,1801",720575940891538468,"25430,4764,1460",233.149270
720575940878312571,"29059,4820,1801",720575940896891210,"22476,4688,1997",1099.130578
720575940878312571,"29059,4820,1801",720575940875009505,"24266,4298,1651",364.163241
720575940878312571,"29059,4820,1801",720575940877168904,"27950,4274,1601",797.830100
720575940878312571,"29059,4820,1801",720575940915389853,"28063,4731,1501",127.073780
720575940878312571,"29059,4820,1801",720575940915390109,"43805,6509,1651",0.000000
720575940878312571,"29059,4820,1801",720575940859668375,"44611,6738,1017",0.000000
720575940878312571,"29059,4820,1801",720575940879241452,"12157,5778,1731",0.000000
720575940878312571,"29059,4820,1801",720575940896891466,"24510,4268,832",11.793107
720575940878312571,"29059,4820,1801",720575940892190818,"40863,5761,1321",102.682390
720575940878312571,"29059,4820,1801",720575940879813622,"37934,6202,141",28.477670
720575940878312571,"29059,4820,1801",720575940951311655,"27837,3887,654",17.500075
720575940878312571,"29059,4820,1801",720575940900275426,"17933,2855,2476",0.000000
720575940878312571,"29059,4820,1801",720575940882688412,"37209,4746,2029",0.000000
720575940878312571,"29059,4820,1801",720575940955236696,"24389,3216,2237",0.000000
720575940878312571,"29059,4820,1801",720575940881950033,"22054,2885,2756",0.000000
720575940878312571,"29059,4820,1801",720575940868783597,"30837,4276,976",27.704008
720575940878312571,"29059,4820,1801",720575940894200219,"32924,5320,1118",660.066811
720575940878312571,"29059,4820,1801",720575940915390365,"20825,5711,2247",76.829916
720575940878312571,"29059,4820,1801",720575940875009761,"30563,3134,541",0.000000
720575940878312571,"29059,4820,1801",720575940878349179,"41785,5171,3367",0.000000
720575940878312571,"29059,4820,1801",720575940889785957,"25781,3130,2539",5.178636
720575940895289006,"23612,4950,1701",720575940873509950,"29155,3903,1758",1.919092
720575940895289006,"23612,4950,1701",720575940893307467,"24104,3598,1701",3.084777
720575940895289006,"23612,4950,1701",720575940929601786,"26320,3381,1543",0.000000
720575940895289006,"23612,4950,1701",720575940912627846,"22589,3518,2073",15.153071
720575940895289006,"23612,4950,1701",720575940875009249,"24558,3736,2265",5.598939
720575940895289006,"23612,4950,1701",720575940891538468,"25430,4764,1460",37.271067
720575940895289006,"23612,4950,1701",720575940896891210,"22476,4688,1997",369.410442
720575940895289006,"23612,4950,1701",720575940875009505,"24266,4298,1651",56.436655
720575940895289006,"23612,4950,1701",720575940877168904,"27950,4274,1601",305.958462
720575940895289006,"23612,4950,1701",720575940915389853,"28063,4731,1501",179.468673
720575940895289006,"23612,4950,1701",720575940915390109,"43805,6509,1651",0.000000
720575940895289006,"23612,4950,1701",720575940859668375,"44611,6738,1017",0.000000
720575940895289006,"23612,4950,1701",720575940879241452,"12157,5778,1731",26.583455
720575940895289006,"23612,4950,1701",720575940896891466,"24510,4268,832",97.794355
720575940895289006,"23612,4950,1701",720575940892190818,"40863,5761,1321",0.000000
720575940895289006,"23612,4950,1701",720575940879813622,"37934,6202,141",0.000000
720575940895289006,"23612,4950,1701",720575940951311655,"27837,3887,654",9.916831
720575940895289006,"23612,4950,1701",720575940900275426,"17933,2855,2476",0.000000
720575940895289006,"23612,4950,1701",720575940882688412,"37209,4746,2029",0.000000
720575940895289006,"23612,4950,1701",720575940955236696,"24389,3216,2237",0.000000
720575940895289006,"23612,4950,1701",720575940881950033,"22054,2885,2756",0.000000
720575940895289006,"23612,4950,1701",720575940868783597,"30837,4276,976",0.000000
720575940895289006,"23612,4950,1701",720575940894200219,"32924,5320,1118",159.797048
720575940895289006,"23612,4950,1701",720575940915390365,"20825,5711,2247",108.008064
720575940895289006,"23612,4950,1701",720575940875009761,"30563,3134,541",0.000000
720575940895289006,"23612,4950,1701",720575940878349179,"41785,5171,3367",0.000000
720575940895289006,"23612,4950,1701",720575940889785957,"25781,3130,2539",6.206136
720575940888165967,"28584,4968,2001",720575940873509950,"29155,3903,1758",0.000000
720575940888165967,"28584,4968,2001",720575940893307467,"24104,3598,1701",0.000000
720575940888165967,"28584,4968,2001",720575940929601786,"26320,3381,1543",0.000000
720575940888165967,"28584,4968,2001",720575940912627846,"22589,3518,2073",0.000000
720575940888165967,"28584,4968,2001",720575940875009249,"24558,3736,2265",0.000000
720575940888165967,"28584,4968,2001",720575940891538468,"25430,4764,1460",0.000000
720575940888165967,"28584,4968,2001",720575940896891210,"22476,4688,1997",0.000000
720575940888165967,"28584,4968,2001",720575940875009505,"24266,4298,1651",0.000000
720575940888165967,"28584,4968,2001",720575940877168904,"27950,4274,1601",0.000000
720575940888165967,"28584,4968,2001",720575940915389853,"28063,4731,1501",0.000000
720575940888165967,"28584,4968,2001",720575940915390109,"43805,6509,1651",0.000000
720575940888165967,"28584,4968,2001",720575940859668375,"44611,6738,1017",0.000000
720575940888165967,"28584,4968,2001",720575940879241452,"12157,5778,1731",0.000000
720575940888165967,"28584,4968,2001",720575940896891466,"24510,4268,832",64.618859
720575940888165967,"28584,4968,2001",720575940892190818,"40863,5761,1321",107.123239
720575940888165967,"28584,4968,2001",720575940879813622,"37934,6202,141",0.000000
720575940888165967,"28584,4968,2001",720575940951311655,"27837,3887,654",0.000000
720575940888165967,"28584,4968,2001",720575940900275426,"17933,2855,2476",0.000000
720575940888165967,"28584,4968,2001",720575940882688412,"37209,4746,2029",14.331388
720575940888165967,"28584,4968,2001",720575940955236696,"24389,3216,2237",7.347867
720575940888165967,"28584,4968,2001",720575940881950033,"22054,2885,2756",0.000000
720575940888165967,"28584,4968,2001",720575940868783597,"30837,4276,976",0.000000
720575940888165967,"28584,4968,2001",720575940894200219,"32924,5320,1118",88.743060
720575940888165967,"28584,4968,2001",720575940915390365,"20825,5711,2247",113.142851
720575940888165967,"28584,4968,2001",720575940875009761,"30563,3134,541",0.000000
720575940888165967,"28584,4968,2001",720575940878349179,"41785,5171,3367",0.000000
720575940888165967,"28584,4968,2001",720575940889785957,"25781,3130,2539",10.739665
720575940886853257,"24602,5016,1651",720575940873509950,"29155,3903,1758",107.726178
720575940886853257,"24602,5016,1651",720575940893307467,"24104,3598,1701",88.506982
720575940886853257,"24602,5016,1651",720575940929601786,"26320,3381,1543",0.000000
720575940886853257,"24602,5016,1651",720575940912627846,"22589,3518,2073",100.230369
720575940886853257,"24602,5016,1651",720575940875009249,"24558,3736,2265",274.347383
720575940886853257,"24602,5016,1651",720575940891538468,"25430,4764,1460",5.824327
720575940886853257,"24602,5016,1651",720575940896891210,"22476,4688,1997",1114.706408
720575940886853257,"24602,5016,1651",720575940875009505,"24266,4298,1651",53.804971
720575940886853257,"24602,5016,1651",720575940877168904,"27950,4274,1601",144.211208
720575940886853257,"24602,5016,1651",720575940915389853,"28063,4731,1501",136.338553
720575940886853257,"24602,5016,1651",720575940915390109,"43805,6509,1651",0.000000
720575940886853257,"24602,5016,1651",720575940859668375,"44611,6738,1017",0.000000
720575940886853257,"24602,5016,1651",720575940879241452,"12157,5778,1731",15.778930
720575940886853257,"24602,5016,1651",720575940896891466,"24510,4268,832",0.000000
720575940886853257,"24602,5016,1651",720575940892190818,"40863,5761,1321",0.000000
720575940886853257,"24602,5016,1651",720575940879813622,"37934,6202,141",0.000000
720575940886853257,"24602,5016,1651",720575940951311655,"27837,3887,654",14.829026
720575940886853257,"24602,5016,1651",720575940900275426,"17933,2855,2476",0.000000
720575940886853257,"24602,5016,1651",720575940882688412,"37209,4746,2029",0.000000
720575940886853257,"24602,5016,1651",720575940955236696,"24389,3216,2237",0.000000
720575940886853257,"24602,5016,1651",720575940881950033,"22054,2885,2756",0.000000
720575940886853257,"24602,5016,1651",720575940868783597,"30837,4276,976",0.000000
720575940886853257,"24602,5016,1651",720575940894200219,"32924,5320,1118",181.607079
720575940886853257,"24602,5016,1651",720575940915390365,"20825,5711,2247",157.298237
720575940886853257,"24602,5016,1651",720575940875009761,"30563,3134,541",0.000000
720575940886853257,"24602,5016,1651",720575940878349179,"41785,5171,3367",0.000000
720575940886853257,"24602,5016,1651",720575940889785957,"25781,3130,2539",0.000000
720575940890900801,"28132,5061,2001",720575940873509950,"29155,3903,1758",0.000000
720575940890900801,"28132,5061,2001",720575940893307467,"24104,3598,1701",0.000000
720575940890900801,"28132,5061,2001",720575940929601786,"26320,3381,1543",0.000000
720575940890900801,"28132,5061,2001",720575940912627846,"22589,3518,2073",0.000000
720575940890900801,"28132,5061,2001",720575940875009249,"24558,3736,2265",0.000000
720575940890900801,"28132,5061,2001",720575940891538468,"25430,4764,1460",0.000000
720575940890900801,"28132,5061,2001",720575940896891210,"22476,4688,1997",0.000000
720575940890900801,"28132,5061,2001",720575940875009505,"24266,4298,1651",0.000000
720575940890900801,"28132,5061,2001",720575940877168904,"27950,4274,1601",0.000000
720575940890900801,"28132,5061,2001",720575940915389853,"28063,4731,1501",0.000000
720575940890900801,"28132,5061,2001",720575940915390109,"43805,6509,1651",0.000000
720575940890900801,"28132,5061,2001",720575940859668375,"44611,6738,1017",0.000000
720575940890900801,"28132,5061,2001",720575940879241452,"12157,5778,1731",0.000000
720575940890900801,"28132,5061,2001",720575940896891466,"24510,4268,832",31.083929
720575940890900801,"28132,5061,2001",720575940892190818,"40863,5761,1321",26.442949
720575940890900801,"28132,5061,2001",720575940879813622,"37934,6202,141",0.000000
720575940890900801,"28132,5061,2001",720575940951311655,"27837,3887,654",0.000000
720575940890900801,"28132,5061,2001",720575940900275426,"17933,2855,2476",0.000000
720575940890900801,"28132,5061,2001",720575940882688412,"37209,4746,2029",0.000000
720575940890900801,"28132,5061,2001",720575940955236696,"24389,3216,2237",29.466586
720575940890900801,"28132,5061,2001",720575940881950033,"22054,2885,2756",0.000000
720575940890900801,"28132,5061,2001",720575940868783597,"30837,4276,976",0.000000
720575940890900801,"28132,5061,2001",720575940894200219,"32924,5320,1118",48.818379
720575940890900801,"28132,5061,2001",720575940915390365,"20825,5711,2247",7.706178
720575940890900801,"28132,5061,2001",720575940875009761,"30563,3134,541",0.000000
720575940890900801,"28132,5061,2001",720575940878349179,"41785,5171,3367",0.000000
720575940890900801,"28132,5061,2001",720575940889785957,"25781,3130,2539",14.732783
720575940948987670,"29614,5104,1651",720575940873509950,"29155,3903,1758",101.303912
720575940948987670,"29614,5104,1651",720575940893307467,"24104,3598,1701",88.602495
720575940948987670,"29614,5104,1651",720575940929601786,"26320,3381,1543",43.817283
720575940948987670,"29614,5104,1651",720575940912627846,"22589,3518,2073",69.070734
720575940948987670,"29614,5104,1651",720575940875009249,"24558,3736,2265",30.019261
720575940948987670,"29614,5104,1651",720575940891538468,"25430,4764,1460",222.879884
720575940948987670,"29614,5104,1651",720575940896891210,"22476,4688,1997",941.231433
720575940948987670,"29614,5104,1651",720575940875009505,"24266,4298,1651",602.697878
720575940948987670,"29614,5104,1651",720575940877168904,"27950,4274,1601",347.071291
720575940948987670,"29614,5104,1651",720575940915389853,"28063,4731,1501",87.296565
720575940948987670,"29614,5104,1651",720575940915390109,"43805,6509,1651",0.000000
720575940948987670,"29614,5104,1651",720575940859668375,"44611,6738,1017",0.000000
720575940948987670,"29614,5104,1651",720575940879241452,"12157,5778,1731",0.000000
720575940948987670,"29614,5104,1651",720575940896891466,"24510,4268,832",24.355491
720575940948987670,"29614,5104,1651",720575940892190818,"40863,5761,1321",30.159237
720575940948987670,"29614,5104,1651",720575940879813622,"37934,6202,141",66.452091
720575940948987670,"29614,5104,1651",720575940951311655,"27837,3887,654",7.681722
720575940948987670,"29614,5104,1651",720575940900275426,"17933,2855,2476",0.000000
720575940948987670,"29614,5104,1651",720575940882688412,"37209,4746,2029",0.000000
720575940948987670,"29614,5104,1651",720575940955236696,"24389,3216,2237",0.000000
720575940948987670,"29614,5104,1651",720575940881950033,"22054,2885,2756",0.000000
720575940948987670,"29614,5104,1651",720575940868783597,"30837,4276,976",35.006765
720575940948987670,"29614,5104,1651",720575940894200219,"32924,5320,1118",284.853017
720575940948987670,"29614,5104,1651",720575940915390365,"20825,5711,2247",65.116084
720575940948987670,"29614,5104,1651",720575940875009761,"30563,3134,541",0.000000
720575940948987670,"29614,5104,1651",720575940878349179,"41785,5171,3367",0.000000
720575940948987670,"29614,5104,1651",720575940889785957,"25781,3130,2539",0.000000
720575940907584340,"26617,5104,1800",720575940873509950,"29155,3903,1758",49.462730
720575940907584340,"26617,5104,1800",720575940893307467,"24104,3598,1701",42.513013
720575940907584340,"26617,5104,1800",720575940929601786,"26320,3381,1543",12.045609
720575940907584340,"26617,5104,1800",720575940912627846,"22589,3518,2073",75.422353
720575940907584340,"26617,5104,1800",720575940875009249,"24558,3736,2265",31.425537
720575940907584340,"26617,5104,1800",720575940891538468,"25430,4764,1460",139.127815
720575940907584340,"26617,5104,1800",720575940896891210,"22476,4688,1997",947.323730
720575940907584340,"26617,5104,1800",720575940875009505,"24266,4298,1651",300.803804
720575940907584340,"26617,5104,1800",720575940877168904,"27950,4274,1601",136.384628
720575940907584340,"26617,5104,1800",720575940915389853,"28063,4731,1501",47.035511
720575940907584340,"26617,5104,1800",720575940915390109,"43805,6509,1651",0.000000
720575940907584340,"26617,5104,1800",720575940859668375,"44611,6738,1017",0.000000
720575940907584340,"26617,5104,1800",720575940879241452,"12157,5778,1731",8.409081
720575940907584340,"26617,5104,1800",720575940896891466,"24510,4268,832",22.372417
720575940907584340,"26617,5104,1800",720575940892190818,"40863,5761,1321",0.000000
720575940907584340,"26617,5104,1800",720575940879813622,"37934,6202,141",0.000000
720575940907584340,"26617,5104,1800",720575940951311655,"27837,3887,654",9.325893
720575940907584340,"26617,5104,1800",720575940900275426,"17933,2855,2476",0.000000
720575940907584340,"26617,5104,1800",720575940882688412,"37209,4746,2029",0.000000
720575940907584340,"26617,5104,1800",720575940955236696,"24389,3216,2237",0.000000
720575940907584340,"26617,5104,1800",720575940881950033,"22054,2885,2756",0.000000
720575940907584340,"26617,5104,1800",720575940868783597,"30837,4276,976",0.000000
720575940907584340,"26617,5104,1800",720575940894200219,"32924,5320,1118",251.358879
720575940907584340,"26617,5104,1800",720575940915390365,"20825,5711,2247",188.548880
720575940907584340,"26617,5104,1800",720575940875009761,"30563,3134,541",0.000000
720575940907584340,"26617,5104,1800",720575940878349179,"41785,5171,3367",0.000000
720575940907584340,"26617,5104,1800",720575940889785957,"25781,3130,2539",0.000000
720575940883729656,"25737,5119,1764",720575940873509950,"29155,3903,1758",102.341238
720575940883729656,"25737,5119,1764",720575940893307467,"24104,3598,1701",108.665943
720575940883729656,"25737,5119,1764",720575940929601786,"26320,3381,1543",0.000000
720575940883729656,"25737,5119,1764",720575940912627846,"22589,3518,2073",246.873262
720575940883729656,"25737,5119,1764",720575940875009249,"24558,3736,2265",278.068413
720575940883729656,"25737,5119,1764",720575940891538468,"25430,4764,1460",48.306442
720575940883729656,"25737,5119,1764",720575940896891210,"22476,4688,1997",993.698485
720575940883729656,"25737,5119,1764",720575940875009505,"24266,4298,1651",85.911908
720575940883729656,"25737,5119,1764",720575940877168904,"27950,4274,1601",232.943532
720575940883729656,"25737,5119,1764",720575940915389853,"28063,4731,1501",81.310801
720575940883729656,"25737,5119,1764",720575940915390109,"43805,6509,1651",0.000000
720575940883729656,"25737,5119,1764",720575940859668375,"44611,6738,1017",0.000000
720575940883729656,"25737,5119,1764",720575940879241452,"12157,5778,1731",0.000000
720575940883729656,"25737,5119,1764",720575940896891466,"24510,4268,832",17.115390
720575940883729656,"25737,5119,1764",720575940892190818,"40863,5761,1321",0.000000
720575940883729656,"25737,5119,1764",720575940879813622,"37934,6202,141",0.000000
720575940883729656,"25737,5119,1764",720575940951311655,"27837,3887,654",5.716453
720575940883729656,"25737,5119,1764",720575940900275426,"17933,2855,2476",0.000000
720575940883729656,"25737,5119,1764",720575940882688412,"37209,4746,2029",0.000000
720575940883729656,"25737,5119,1764",720575940955236696,"24389,3216,2237",0.000000
720575940883729656,"25737,5119,1764",720575940881950033,"22054,2885,2756",0.000000
720575940883729656,"25737,5119,1764",720575940868783597,"30837,4276,976",0.000000
720575940883729656,"25737,5119,1764",720575940894200219,"32924,5320,1118",320.226672
720575940883729656,"25737,5119,1764",720575940915390365,"20825,5711,2247",124.987396
720575940883729656,"25737,5119,1764",720575940875009761,"30563,3134,541",0.000000
720575940883729656,"25737,5119,1764",720575940878349179,"41785,5171,3367",0.000000
720575940883729656,"25737,5119,1764",720575940889785957,"25781,3130,2539",51.522484
720575940896732090,"23485,5196,1401",720575940873509950,"29155,3903,1758",0.000000
720575940896732090,"23485,5196,1401",720575940893307467,"24104,3598,1701",73.375661
720575940896732090,"23485,5196,1401",720575940929601786,"26320,3381,1543",17.719080
720575940896732090,"23485,5196,1401",720575940912627846,"22589,3518,2073",0.000000
720575940896732090,"23485,5196,1401",720575940875009249,"24558,3736,2265",0.000000
720575940896732090,"23485,5196,1401",720575940891538468,"25430,4764,1460",355.804039
720575940896732090,"23485,5196,1401",720575940896891210,"22476,4688,1997",64.351010
720575940896732090,"23485,5196,1401",720575940875009505,"24266,4298,1651",314.678424
720575940896732090,"23485,5196,1401",720575940877168904,"27950,4274,1601",0.000000
720575940896732090,"23485,5196,1401",720575940915389853,"28063,4731,1501",208.164447
720575940896732090,"23485,5196,1401",720575940915390109,"43805,6509,1651",0.000000
720575940896732090,"23485,5196,1401",720575940859668375,"44611,6738,1017",0.000000
720575940896732090,"23485,5196,1401",720575940879241452,"12157,5778,1731",34.914955
720575940896732090,"23485,5196,1401",720575940896891466,"24510,4268,832",42.164789
720575940896732090,"23485,5196,1401",720575940892190818,"40863,5761,1321",0.000000
720575940896732090,"23485,5196,1401",720575940879813622,"37934,6202,141",0.000000
720575940896732090,"23485,5196,1401",720575940951311655,"27837,3887,654",0.000000
720575940896732090,"23485,5196,1401",720575940900275426,"17933,2855,2476",0.000000
720575940896732090,"23485,5196,1401",720575940882688412,"37209,4746,2029",0.000000
720575940896732090,"23485,5196,1401",720575940955236696,"24389,3216,2237",0.000000
720575940896732090,"23485,5196,1401",720575940881950033,"22054,2885,2756",0.000000
720575940896732090,"23485,5196,1401",720575940868783597,"30837,4276,976",18.870867
720575940896732090,"23485,5196,1401",720575940894200219,"32924,5320,1118",19.090983
720575940896732090,"23485,5196,1401",720575940915390365,"20825,5711,2247",0.000000
720575940896732090,"23485,5196,1401",720575940875009761,"30563,3134,541",23.664719
720575940896732090,"23485,5196,1401",720575940878349179,"41785,5171,3367",0.000000
720575940896732090,"23485,5196,1401",720575940889785957,"25781,3130,2539",0.000000
720575940902624978,"26000,5201,1651",720575940873509950,"29155,3903,1758",3.628334
720575940902624978,"26000,5201,1651",720575940893307467,"24104,3598,1701",9.717424
720575940902624978,"26000,5201,1651",720575940929601786,"26320,3381,1543",4.563138
720575940902624978,"26000,5201,1651",720575940912627846,"22589,3518,2073",84.157916
720575940902624978,"26000,5201,1651",720575940875009249,"24558,3736,2265",22.886927
720575940902624978,"26000,5201,1651",720575940891538468,"25430,4764,1460",85.605019
720575940902624978,"26000,5201,1651",720575940896891210,"22476,4688,1997",941.750674
720575940902624978,"26000,5201,1651",720575940875009505,"24266,4298,1651",276.657232
720575940902624978,"26000,5201,1651",720575940877168904,"27950,4274,1601",150.547662
720575940902624978,"26000,5201,1651",720575940915389853,"28063,4731,1501",95.530001
720575940902624978,"26000,5201,1651",720575940915390109,"43805,6509,1651",0.000000
720575940902624978,"26000,5201,1651",720575940859668375,"44611,6738,1017",0.000000
720575940902624978,"26000,5201,1651",720575940879241452,"12157,5778,1731",14.988947
720575940902624978,"26000,5201,1651",720575940896891466,"24510,4268,832",0.000000
720575940902624978,"26000,5201,1651",720575940892190818,"40863,5761,1321",0.000000
720575940902624978,"26000,5201,1651",720575940879813622,"37934,6202,141",0.000000
720575940902624978,"26000,5201,1651",720575940951311655,"27837,3887,654",19.452324
720575940902624978,"26000,5201,1651",720575940900275426,"17933,2855,2476",0.000000
720575940902624978,"26000,5201,1651",720575940882688412,"37209,4746,2029",0.000000
720575940902624978,"26000,5201,1651",720575940955236696,"24389,3216,2237",0.000000
720575940902624978,"26000,5201,1651",720575940881950033,"22054,2885,2756",0.000000
720575940902624978,"26000,5201,1651",720575940868783597,"30837,4276,976",21.371196
720575940902624978,"26000,5201,1651",720575940894200219,"32924,5320,1118",328.477836
720575940902624978,"26000,5201,1651",720575940915390365,"20825,5711,2247",163.537620
720575940902624978,"26000,5201,1651",720575940875009761,"30563,3134,541",0.000000
720575940902624978,"26000,5201,1651",720575940878349179,"41785,5171,3367",0.000000
720575940902624978,"26000,5201,1651",720575940889785957,"25781,3130,2539",0.000000
720575940941124460,"25705,5363,1401",720575940873509950,"29155,3903,1758",0.000000
720575940941124460,"25705,5363,1401",720575940893307467,"24104,3598,1701",0.000000
720575940941124460,"25705,5363,1401",720575940929601786,"26320,3381,1543",0.000000
720575940941124460,"25705,5363,1401",720575940912627846,"22589,3518,2073",0.000000
720575940941124460,"25705,5363,1401",720575940875009249,"24558,3736,2265",0.000000
720575940941124460,"25705,5363,1401",720575940891538468,"25430,4764,1460",8.973996
720575940941124460,"25705,5363,1401",720575940896891210,"22476,4688,1997",33.497537
720575940941124460,"25705,5363,1401",720575940875009505,"24266,4298,1651",58.288757
720575940941124460,"25705,5363,1401",720575940877168904,"27950,4274,1601",0.000000
720575940941124460,"25705,5363,1401",720575940915389853,"28063,4731,1501",53.991089
720575940941124460,"25705,5363,1401",720575940915390109,"43805,6509,1651",0.000000
720575940941124460,"25705,5363,1401",720575940859668375,"44611,6738,1017",0.000000
720575940941124460,"25705,5363,1401",720575940879241452,"12157,5778,1731",77.194327
720575940941124460,"25705,5363,1401",720575940896891466,"24510,4268,832",0.000000
720575940941124460,"25705,5363,1401",720575940892190818,"40863,5761,1321",0.000000
720575940941124460,"25705,5363,1401",720575940879813622,"37934,6202,141",0.000000
720575940941124460,"25705,5363,1401",720575940951311655,"27837,3887,654",18.648973
720575940941124460,"25705,5363,1401",720575940900275426,"17933,2855,2476",0.000000
720575940941124460,"25705,5363,1401",720575940882688412,"37209,4746,2029",0.000000
720575940941124460,"25705,5363,1401",720575940955236696,"24389,3216,2237",0.000000
720575940941124460,"25705,5363,1401",720575940881950033,"22054,2885,2756",0.000000
720575940941124460,"25705,5363,1401",720575940868783597,"30837,4276,976",0.000000
720575940941124460,"25705,5363,1401",720575940894200219,"32924,5320,1118",32.152972
720575940941124460,"25705,5363,1401",720575940915390365,"20825,5711,2247",37.863672
720575940941124460,"25705,5363,1401",720575940875009761,"30563,3134,541",0.000000
720575940941124460,"25705,5363,1401",720575940878349179,"41785,5171,3367",0.000000
720575940941124460,"25705,5363,1401",720575940889785957,"25781,3130,2539",0.000000
720575940917422227,"23227,5435,2051",720575940873509950,"29155,3903,1758",1.867106
720575940917422227,"23227,5435,2051",720575940893307467,"24104,3598,1701",0.000000
720575940917422227,"23227,5435,2051",720575940929601786,"26320,3381,1543",0.000000
720575940917422227,"23227,5435,2051",720575940912627846,"22589,3518,2073",0.000000
720575940917422227,"23227,5435,2051",720575940875009249,"24558,3736,2265",0.000000
720575940917422227,"23227,5435,2051",720575940891538468,"25430,4764,1460",0.000000
720575940917422227,"23227,5435,2051",720575940896891210,"22476,4688,1997",414.073992
720575940917422227,"23227,5435,2051",720575940875009505,"24266,4298,1651",0.000000
720575940917422227,"23227,5435,2051",720575940877168904,"27950,4274,1601",574.464551
720575940917422227,"23227,5435,2051",720575940915389853,"28063,4731,1501",5.011602
720575940917422227,"23227,5435,2051",720575940915390109,"43805,6509,1651",0.000000
720575940917422227,"23227,5435,2051",720575940859668375,"44611,6738,1017",0.000000
720575940917422227,"23227,5435,2051",720575940879241452,"12157,5778,1731",0.000000
720575940917422227,"23227,5435,2051",720575940896891466,"24510,4268,832",2.336548
720575940917422227,"23227,5435,2051",720575940892190818,"40863,5761,1321",0.000000
720575940917422227,"23227,5435,2051",720575940879813622,"37934,6202,141",0.000000
720575940917422227,"23227,5435,2051",720575940951311655,"27837,3887,654",0.000000
720575940917422227,"23227,5435,2051",720575940900275426,"17933,2855,2476",0.000000
720575940917422227,"23227,5435,2051",720575940882688412,"37209,4746,2029",0.000000
720575940917422227,"23227,5435,2051",720575940955236696,"24389,3216,2237",10.410382
720575940917422227,"23227,5435,2051",720575940881950033,"22054,2885,2756",15.866110
720575940917422227,"23227,5435,2051",720575940868783597,"30837,4276,976",0.000000
720575940917422227,"23227,5435,2051",720575940894200219,"32924,5320,1118",568.430867
720575940917422227,"23227,5435,2051",720575940915390365,"20825,5711,2247",270.716994
720575940917422227,"23227,5435,2051",720575940875009761,"30563,3134,541",0.000000
720575940917422227,"23227,5435,2051",720575940878349179,"41785,5171,3367",0.000000
720575940917422227,"23227,5435,2051",720575940889785957,"25781,3130,2539",16.049769
720575940880839442,"24788,5284,1701",720575940873509950,"29155,3903,1758",0.000000
720575940880839442,"24788,5284,1701",720575940893307467,"24104,3598,1701",5.019829
720575940880839442,"24788,5284,1701",720575940929601786,"26320,3381,1543",0.000000
720575940880839442,"24788,5284,1701",720575940912627846,"22589,3518,2073",0.000000
720575940880839442,"24788,5284,1701",720575940875009249,"24558,3736,2265",0.000000
720575940880839442,"24788,5284,1701",720575940891538468,"25430,4764,1460",161.408955
720575940880839442,"24788,5284,1701",720575940896891210,"22476,4688,1997",685.563852
720575940880839442,"24788,5284,1701",720575940875009505,"24266,4298,1651",396.822704
720575940880839442,"24788,5284,1701",720575940877168904,"27950,4274,1601",89.627555
720575940880839442,"24788,5284,1701",720575940915389853,"28063,4731,1501",123.640499
720575940880839442,"24788,5284,1701",720575940915390109,"43805,6509,1651",0.000000
720575940880839442,"24788,5284,1701",720575940859668375,"44611,6738,1017",0.000000
720575940880839442,"24788,5284,1701",720575940879241452,"12157,5778,1731",37.870600
720575940880839442,"24788,5284,1701",720575940896891466,"24510,4268,832",68.529313
720575940880839442,"24788,5284,1701",720575940892190818,"40863,5761,1321",10.887562
720575940880839442,"24788,5284,1701",720575940879813622,"37934,6202,141",10.821255
720575940880839442,"24788,5284,1701",720575940951311655,"27837,3887,654",0.000000
720575940880839442,"24788,5284,1701",720575940900275426,"17933,2855,2476",0.000000
720575940880839442,"24788,5284,1701",720575940882688412,"37209,4746,2029",0.000000
720575940880839442,"24788,5284,1701",720575940955236696,"24389,3216,2237",0.000000
720575940880839442,"24788,5284,1701",720575940881950033,"22054,2885,2756",0.000000
720575940880839442,"24788,5284,1701",720575940868783597,"30837,4276,976",0.000000
720575940880839442,"24788,5284,1701",720575940894200219,"32924,5320,1118",345.050022
720575940880839442,"24788,5284,1701",720575940915390365,"20825,5711,2247",249.618210
720575940880839442,"24788,5284,1701",720575940875009761,"30563,3134,541",0.000000
720575940880839442,"24788,5284,1701",720575940878349179,"41785,5171,3367",0.000000
720575940880839442,"24788,5284,1701",720575940889785957,"25781,3130,2539",7.165630
720575940885432678,"28884,3922,1401",720575940873509950,"29155,3903,1758",32.174199
720575940885432678,"28884,3922,1401",720575940893307467,"24104,3598,1701",17.014124
720575940885432678,"28884,3922,1401",720575940929601786,"26320,3381,1543",75.888567
720575940885432678,"28884,3922,1401",720575940912627846,"22589,3518,2073",48.096453
720575940885432678,"28884,3922,1401",720575940875009249,"24558,3736,2265",24.181547
720575940885432678,"28884,3922,1401",720575940891538468,"25430,4764,1460",263.410044
720575940885432678,"28884,3922,1401",720575940896891210,"22476,4688,1997",95.785523
720575940885432678,"28884,3922,1401",720575940875009505,"24266,4298,1651",296.827702
720575940885432678,"28884,3922,1401",720575940877168904,"27950,4274,1601",17.083077
720575940885432678,"28884,3922,1401",720575940915389853,"28063,4731,1501",119.151223
720575940885432678,"28884,3922,1401",720575940915390109,"43805,6509,1651",0.000000
720575940885432678,"28884,3922,1401",720575940859668375,"44611,6738,1017",0.000000
720575940885432678,"28884,3922,1401",720575940879241452,"12157,5778,1731",0.000000
720575940885432678,"28884,3922,1401",720575940896891466,"24510,4268,832",55.050325
720575940885432678,"28884,3922,1401",720575940892190818,"40863,5761,1321",11.310203
720575940885432678,"28884,3922,1401",720575940879813622,"37934,6202,141",0.000000
720575940885432678,"28884,3922,1401",720575940951311655,"27837,3887,654",23.906072
720575940885432678,"28884,3922,1401",720575940900275426,"17933,2855,2476",0.000000
720575940885432678,"28884,3922,1401",720575940882688412,"37209,4746,2029",8.443160
720575940885432678,"28884,3922,1401",720575940955236696,"24389,3216,2237",18.858262
720575940885432678,"28884,3922,1401",720575940881950033,"22054,2885,2756",0.000000
720575940885432678,"28884,3922,1401",720575940868783597,"30837,4276,976",94.508875
720575940885432678,"28884,3922,1401",720575940894200219,"32924,5320,1118",75.546606
720575940885432678,"28884,3922,1401",720575940915390365,"20825,5711,2247",8.718643
720575940885432678,"28884,3922,1401",720575940875009761,"30563,3134,541",55.849521
720575940885432678,"28884,3922,1401",720575940878349179,"41785,5171,3367",0.000000
720575940885432678,"28884,3922,1401",720575940889785957,"25781,3130,2539",20.891258
720575940890107704,"23581,3801,1701",720575940873509950,"29155,3903,1758",31.946905
720575940890107704,"23581,3801,1701",720575940893307467,"24104,3598,1701",395.316397
720575940890107704,"23581,3801,1701",720575940929601786,"26320,3381,1543",358.724117
720575940890107704,"23581,3801,1701",720575940912627846,"22589,3518,2073",242.191911
720575940890107704,"23581,3801,1701",720575940875009249,"24558,3736,2265",151.572242
720575940890107704,"23581,3801,1701",720575940891538468,"25430,4764,1460",287.925711
720575940890107704,"23581,3801,1701",720575940896891210,"22476,4688,1997",97.801039
720575940890107704,"23581,3801,1701",720575940875009505,"24266,4298,1651",149.387518
720575940890107704,"23581,3801,1701",720575940877168904,"27950,4274,1601",16.212571
720575940890107704,"23581,3801,1701",720575940915389853,"28063,4731,1501",198.372361
720575940890107704,"23581,3801,1701",720575940915390109,"43805,6509,1651",0.000000
720575940890107704,"23581,3801,1701",720575940859668375,"44611,6738,1017",0.000000
720575940890107704,"23581,3801,1701",720575940879241452,"12157,5778,1731",103.417811
720575940890107704,"23581,3801,1701",720575940896891466,"24510,4268,832",9.787993
720575940890107704,"23581,3801,1701",720575940892190818,"40863,5761,1321",0.000000
720575940890107704,"23581,3801,1701",720575940879813622,"37934,6202,141",0.000000
720575940890107704,"23581,3801,1701",720575940951311655,"27837,3887,654",55.739587
720575940890107704,"23581,3801,1701",720575940900275426,"17933,2855,2476",0.000000
720575940890107704,"23581,3801,1701",720575940882688412,"37209,4746,2029",0.000000
720575940890107704,"23581,3801,1701",720575940955236696,"24389,3216,2237",36.248321
720575940890107704,"23581,3801,1701",720575940881950033,"22054,2885,2756",0.000000
720575940890107704,"23581,3801,1701",720575940868783597,"30837,4276,976",8.975657
720575940890107704,"23581,3801,1701",720575940894200219,"32924,5320,1118",165.830760
720575940890107704,"23581,3801,1701",720575940915390365,"20825,5711,2247",97.109474
720575940890107704,"23581,3801,1701",720575940875009761,"30563,3134,541",0.000000
720575940890107704,"23581,3801,1701",720575940878349179,"41785,5171,3367",0.000000
720575940890107704,"23581,3801,1701",720575940889785957,"25781,3130,2539",12.700704
720575940916299357,"16148,2322,1717",720575940873509950,"29155,3903,1758",0.000000
720575940916299357,"16148,2322,1717",720575940893307467,"24104,3598,1701",35.034923
720575940916299357,"16148,2322,1717",720575940929601786,"26320,3381,1543",0.000000
720575940916299357,"16148,2322,1717",720575940912627846,"22589,3518,2073",0.000000
720575940916299357,"16148,2322,1717",720575940875009249,"24558,3736,2265",1.801302
720575940916299357,"16148,2322,1717",720575940891538468,"25430,4764,1460",72.687054
720575940916299357,"16148,2322,1717",720575940896891210,"22476,4688,1997",47.005748
720575940916299357,"16148,2322,1717",720575940875009505,"24266,4298,1651",0.000000
720575940916299357,"16148,2322,1717",720575940877168904,"27950,4274,1601",45.616310
720575940916299357,"16148,2322,1717",720575940915389853,"28063,4731,1501",65.090108
720575940916299357,"16148,2322,1717",720575940915390109,"43805,6509,1651",0.000000
720575940916299357,"16148,2322,1717",720575940859668375,"44611,6738,1017",0.000000
720575940916299357,"16148,2322,1717",720575940879241452,"12157,5778,1731",64.971873
720575940916299357,"16148,2322,1717",720575940896891466,"24510,4268,832",0.000000
720575940916299357,"16148,2322,1717",720575940892190818,"40863,5761,1321",0.000000
720575940916299357,"16148,2322,1717",720575940879813622,"37934,6202,141",0.000000
720575940916299357,"16148,2322,1717",720575940951311655,"27837,3887,654",0.000000
720575940916299357,"16148,2322,1717",720575940900275426,"17933,2855,2476",40.486830
720575940916299357,"16148,2322,1717",720575940882688412,"37209,4746,2029",0.000000
720575940916299357,"16148,2322,1717",720575940955236696,"24389,3216,2237",0.000000
720575940916299357,"16148,2322,1717",720575940881950033,"22054,2885,2756",0.000000
720575940916299357,"16148,2322,1717",720575940868783597,"30837,4276,976",0.000000
720575940916299357,"16148,2322,1717",720575940894200219,"32924,5320,1118",0.000000
720575940916299357,"16148,2322,1717",720575940915390365,"20825,5711,2247",6.557118
720575940916299357,"16148,2322,1717",720575940875009761,"30563,3134,541",0.000000
720575940916299357,"16148,2322,1717",720575940878349179,"41785,5171,3367",0.000000
720575940916299357,"16148,2322,1717",720575940889785957,"25781,3130,2539",0.000000
720575940882160356,"34323,3365,2555",720575940873509950,"29155,3903,1758",105.823672
720575940882160356,"34323,3365,2555",720575940893307467,"24104,3598,1701",0.000000
720575940882160356,"34323,3365,2555",720575940929601786,"26320,3381,1543",25.479737
720575940882160356,"34323,3365,2555",720575940912627846,"22589,3518,2073",0.000000
720575940882160356,"34323,3365,2555",720575940875009249,"24558,3736,2265",0.000000
720575940882160356,"34323,3365,2555",720575940891538468,"25430,4764,1460",70.124453
720575940882160356,"34323,3365,2555",720575940896891210,"22476,4688,1997",56.462556
720575940882160356,"34323,3365,2555",720575940875009505,"24266,4298,1651",29.088452
720575940882160356,"34323,3365,2555",720575940877168904,"27950,4274,1601",479.823766
720575940882160356,"34323,3365,2555",720575940915389853,"28063,4731,1501",144.400221
720575940882160356,"34323,3365,2555",720575940915390109,"43805,6509,1651",23.561596
720575940882160356,"34323,3365,2555",720575940859668375,"44611,6738,1017",53.450268
720575940882160356,"34323,3365,2555",720575940879241452,"12157,5778,1731",0.000000
720575940882160356,"34323,3365,2555",720575940896891466,"24510,4268,832",11.226454
720575940882160356,"34323,3365,2555",720575940892190818,"40863,5761,1321",166.896120
720575940882160356,"34323,3365,2555",720575940879813622,"37934,6202,141",10.576916
720575940882160356,"34323,3365,2555",720575940951311655,"27837,3887,654",31.590177
720575940882160356,"34323,3365,2555",720575940900275426,"17933,2855,2476",0.000000
720575940882160356,"34323,3365,2555",720575940882688412,"37209,4746,2029",205.859318
720575940882160356,"34323,3365,2555",720575940955236696,"24389,3216,2237",0.000000
720575940882160356,"34323,3365,2555",720575940881950033,"22054,2885,2756",0.000000
720575940882160356,"34323,3365,2555",720575940868783597,"30837,4276,976",34.839922
720575940882160356,"34323,3365,2555",720575940894200219,"32924,5320,1118",415.602782
720575940882160356,"34323,3365,2555",720575940915390365,"20825,5711,2247",95.227024
720575940882160356,"34323,3365,2555",720575940875009761,"30563,3134,541",9.811503
720575940882160356,"34323,3365,2555",720575940878349179,"41785,5171,3367",8.998244
720575940882160356,"34323,3365,2555",720575940889785957,"25781,3130,2539",35.677292
720575940923272236,"24777,3336,2304",720575940873509950,"29155,3903,1758",23.241795
720575940923272236,"24777,3336,2304",720575940893307467,"24104,3598,1701",11.665745
720575940923272236,"24777,3336,2304",720575940929601786,"26320,3381,1543",21.400478
720575940923272236,"24777,3336,2304",720575940912627846,"22589,3518,2073",107.826516
720575940923272236,"24777,3336,2304",720575940875009249,"24558,3736,2265",213.987434
720575940923272236,"24777,3336,2304",720575940891538468,"25430,4764,1460",0.000000
720575940923272236,"24777,3336,2304",720575940896891210,"22476,4688,1997",200.309262
720575940923272236,"24777,3336,2304",720575940875009505,"24266,4298,1651",22.028091
720575940923272236,"24777,3336,2304",720575940877168904,"27950,4274,1601",546.016473
720575940923272236,"24777,3336,2304",720575940915389853,"28063,4731,1501",48.832681
720575940923272236,"24777,3336,2304",720575940915390109,"43805,6509,1651",0.000000
720575940923272236,"24777,3336,2304",720575940859668375,"44611,6738,1017",0.000000
720575940923272236,"24777,3336,2304",720575940879241452,"12157,5778,1731",4.713283
720575940923272236,"24777,3336,2304",720575940896891466,"24510,4268,832",0.000000
720575940923272236,"24777,3336,2304",720575940892190818,"40863,5761,1321",0.000000
720575940923272236,"24777,3336,2304",720575940879813622,"37934,6202,141",0.000000
720575940923272236,"24777,3336,2304",720575940951311655,"27837,3887,654",31.535525
720575940923272236,"24777,3336,2304",720575940900275426,"17933,2855,2476",0.000000
720575940923272236,"24777,3336,2304",720575940882688412,"37209,4746,2029",0.000000
720575940923272236,"24777,3336,2304",720575940955236696,"24389,3216,2237",122.383154
720575940923272236,"24777,3336,2304",720575940881950033,"22054,2885,2756",51.220027
720575940923272236,"24777,3336,2304",720575940868783597,"30837,4276,976",0.000000
720575940923272236,"24777,3336,2304",720575940894200219,"32924,5320,1118",325.971014
720575940923272236,"24777,3336,2304",720575940915390365,"20825,5711,2247",85.664565
720575940923272236,"24777,3336,2304",720575940875009761,"30563,3134,541",0.000000
720575940923272236,"24777,3336,2304",720575940878349179,"41785,5171,3367",0.000000
720575940923272236,"24777,3336,2304",720575940889785957,"25781,3130,2539",113.610580
720575940920054001,"14076,2954,2977",720575940873509950,"29155,3903,1758",0.000000
720575940920054001,"14076,2954,2977",720575940893307467,"24104,3598,1701",0.000000
720575940920054001,"14076,2954,2977",720575940929601786,"26320,3381,1543",0.000000
720575940920054001,"14076,2954,2977",720575940912627846,"22589,3518,2073",0.000000
720575940920054001,"14076,2954,2977",720575940875009249,"24558,3736,2265",0.000000
720575940920054001,"14076,2954,2977",720575940891538468,"25430,4764,1460",0.000000
720575940920054001,"14076,2954,2977",720575940896891210,"22476,4688,1997",75.517447
720575940920054001,"14076,2954,2977",720575940875009505,"24266,4298,1651",0.000000
720575940920054001,"14076,2954,2977",720575940877168904,"27950,4274,1601",20.025232
720575940920054001,"14076,2954,2977",720575940915389853,"28063,4731,1501",0.000000
720575940920054001,"14076,2954,2977",720575940915390109,"43805,6509,1651",0.000000
720575940920054001,"14076,2954,2977",720575940859668375,"44611,6738,1017",0.000000
720575940920054001,"14076,2954,2977",720575940879241452,"12157,5778,1731",13.100320
720575940920054001,"14076,2954,2977",720575940896891466,"24510,4268,832",104.830134
720575940920054001,"14076,2954,2977",720575940892190818,"40863,5761,1321",0.000000
720575940920054001,"14076,2954,2977",720575940879813622,"37934,6202,141",0.000000
720575940920054001,"14076,2954,2977",720575940951311655,"27837,3887,654",0.000000
720575940920054001,"14076,2954,2977",720575940900275426,"17933,2855,2476",73.385341
720575940920054001,"14076,2954,2977",720575940882688412,"37209,4746,2029",0.000000
720575940920054001,"14076,2954,2977",720575940955236696,"24389,3216,2237",0.000000
720575940920054001,"14076,2954,2977",720575940881950033,"22054,2885,2756",0.000000
720575940920054001,"14076,2954,2977",720575940868783597,"30837,4276,976",0.000000
720575940920054001,"14076,2954,2977",720575940894200219,"32924,5320,1118",0.000000
720575940920054001,"14076,2954,2977",720575940915390365,"20825,5711,2247",76.456377
720575940920054001,"14076,2954,2977",720575940875009761,"30563,3134,541",0.000000
720575940920054001,"14076,2954,2977",720575940878349179,"41785,5171,3367",0.000000
720575940920054001,"14076,2954,2977",720575940889785957,"25781,3130,2539",0.000000
720575940890108216,"34982,3530,1714",720575940873509950,"29155,3903,1758",7.357983
720575940890108216,"34982,3530,1714",720575940893307467,"24104,3598,1701",0.000000
720575940890108216,"34982,3530,1714",720575940929601786,"26320,3381,1543",2.812046
720575940890108216,"34982,3530,1714",720575940912627846,"22589,3518,2073",0.000000
720575940890108216,"34982,3530,1714",720575940875009249,"24558,3736,2265",0.000000
720575940890108216,"34982,3530,1714",720575940891538468,"25430,4764,1460",73.933497
720575940890108216,"34982,3530,1714",720575940896891210,"22476,4688,1997",0.000000
720575940890108216,"34982,3530,1714",720575940875009505,"24266,4298,1651",9.357463
720575940890108216,"34982,3530,1714",720575940877168904,"27950,4274,1601",152.417685
720575940890108216,"34982,3530,1714",720575940915389853,"28063,4731,1501",185.109711
720575940890108216,"34982,3530,1714",720575940915390109,"43805,6509,1651",79.685762
720575940890108216,"34982,3530,1714",720575940859668375,"44611,6738,1017",22.944720
720575940890108216,"34982,3530,1714",720575940879241452,"12157,5778,1731",0.000000
720575940890108216,"34982,3530,1714",720575940896891466,"24510,4268,832",0.000000
720575940890108216,"34982,3530,1714",720575940892190818,"40863,5761,1321",100.041604
720575940890108216,"34982,3530,1714",720575940879813622,"37934,6202,141",7.297968
720575940890108216,"34982,3530,1714",720575940951311655,"27837,3887,654",0.000000
720575940890108216,"34982,3530,1714",720575940900275426,"17933,2855,2476",0.000000
720575940890108216,"34982,3530,1714",720575940882688412,"37209,4746,2029",51.036874
720575940890108216,"34982,3530,1714",720575940955236696,"24389,3216,2237",0.000000
720575940890108216,"34982,3530,1714",720575940881950033,"22054,2885,2756",0.000000
720575940890108216,"34982,3530,1714",720575940868783597,"30837,4276,976",0.000000
720575940890108216,"34982,3530,1714",720575940894200219,"32924,5320,1118",139.185326
720575940890108216,"34982,3530,1714",720575940915390365,"20825,5711,2247",0.000000
720575940890108216,"34982,3530,1714",720575940875009761,"30563,3134,541",0.000000
720575940890108216,"34982,3530,1714",720575940878349179,"41785,5171,3367",0.000000
720575940890108216,"34982,3530,1714",720575940889785957,"25781,3130,2539",0.000000
720575940881936465,"28084,3304,1867",720575940873509950,"29155,3903,1758",65.491696
720575940881936465,"28084,3304,1867",720575940893307467,"24104,3598,1701",7.685523
720575940881936465,"28084,3304,1867",720575940929601786,"26320,3381,1543",131.802553
720575940881936465,"28084,3304,1867",720575940912627846,"22589,3518,2073",44.182689
720575940881936465,"28084,3304,1867",720575940875009249,"24558,3736,2265",26.600903
720575940881936465,"28084,3304,1867",720575940891538468,"25430,4764,1460",69.373090
720575940881936465,"28084,3304,1867",720575940896891210,"22476,4688,1997",85.578918
720575940881936465,"28084,3304,1867",720575940875009505,"24266,4298,1651",167.061232
720575940881936465,"28084,3304,1867",720575940877168904,"27950,4274,1601",88.237551
720575940881936465,"28084,3304,1867",720575940915389853,"28063,4731,1501",55.937618
720575940881936465,"28084,3304,1867",720575940915390109,"43805,6509,1651",0.000000
720575940881936465,"28084,3304,1867",720575940859668375,"44611,6738,1017",0.000000
720575940881936465,"28084,3304,1867",720575940879241452,"12157,5778,1731",0.000000
720575940881936465,"28084,3304,1867",720575940896891466,"24510,4268,832",104.778394
720575940881936465,"28084,3304,1867",720575940892190818,"40863,5761,1321",7.528337
720575940881936465,"28084,3304,1867",720575940879813622,"37934,6202,141",18.154543
720575940881936465,"28084,3304,1867",720575940951311655,"27837,3887,654",32.469314
720575940881936465,"28084,3304,1867",720575940900275426,"17933,2855,2476",0.000000
720575940881936465,"28084,3304,1867",720575940882688412,"37209,4746,2029",0.000000
720575940881936465,"28084,3304,1867",720575940955236696,"24389,3216,2237",27.752606
720575940881936465,"28084,3304,1867",720575940881950033,"22054,2885,2756",56.328758
720575940881936465,"28084,3304,1867",720575940868783597,"30837,4276,976",78.782896
720575940881936465,"28084,3304,1867",720575940894200219,"32924,5320,1118",71.151700
720575940881936465,"28084,3304,1867",720575940915390365,"20825,5711,2247",32.303868
720575940881936465,"28084,3304,1867",720575940875009761,"30563,3134,541",0.000000
720575940881936465,"28084,3304,1867",720575940878349179,"41785,5171,3367",0.000000
720575940881936465,"28084,3304,1867",720575940889785957,"25781,3130,2539",24.496939
720575940877146203,"38468,3248,2038",720575940873509950,"29155,3903,1758",0.000000
720575940877146203,"38468,3248,2038",720575940893307467,"24104,3598,1701",0.000000
720575940877146203,"38468,3248,2038",720575940929601786,"26320,3381,1543",0.000000
720575940877146203,"38468,3248,2038",720575940912627846,"22589,3518,2073",0.000000
720575940877146203,"38468,3248,2038",720575940875009249,"24558,3736,2265",0.000000
720575940877146203,"38468,3248,2038",720575940891538468,"25430,4764,1460",6.505663
720575940877146203,"38468,3248,2038",720575940896891210,"22476,4688,1997",0.000000
720575940877146203,"38468,3248,2038",720575940875009505,"24266,4298,1651",16.952084
720575940877146203,"38468,3248,2038",720575940877168904,"27950,4274,1601",108.009717
720575940877146203,"38468,3248,2038",720575940915389853,"28063,4731,1501",124.397448
720575940877146203,"38468,3248,2038",720575940915390109,"43805,6509,1651",17.004793
720575940877146203,"38468,3248,2038",720575940859668375,"44611,6738,1017",0.000000
720575940877146203,"38468,3248,2038",720575940879241452,"12157,5778,1731",0.000000
720575940877146203,"38468,3248,2038",720575940896891466,"24510,4268,832",0.000000
720575940877146203,"38468,3248,2038",720575940892190818,"40863,5761,1321",43.502732
720575940877146203,"38468,3248,2038",720575940879813622,"37934,6202,141",0.000000
720575940877146203,"38468,3248,2038",720575940951311655,"27837,3887,654",0.000000
720575940877146203,"38468,3248,2038",720575940900275426,"17933,2855,2476",0.000000
720575940877146203,"38468,3248,2038",720575940882688412,"37209,4746,2029",37.892639
720575940877146203,"38468,3248,2038",720575940955236696,"24389,3216,2237",0.000000
720575940877146203,"38468,3248,2038",720575940881950033,"22054,2885,2756",0.000000
720575940877146203,"38468,3248,2038",720575940868783597,"30837,4276,976",10.118702
720575940877146203,"38468,3248,2038",720575940894200219,"32924,5320,1118",153.528552
720575940877146203,"38468,3248,2038",720575940915390365,"20825,5711,2247",0.000000
720575940877146203,"38468,3248,2038",720575940875009761,"30563,3134,541",0.000000
720575940877146203,"38468,3248,2038",720575940878349179,"41785,5171,3367",0.000000
720575940877146203,"38468,3248,2038",720575940889785957,"25781,3130,2539",0.000000
720575940861447666,"24055,3302,2613",720575940873509950,"29155,3903,1758",0.000000
720575940861447666,"24055,3302,2613",720575940893307467,"24104,3598,1701",0.000000
720575940861447666,"24055,3302,2613",720575940929601786,"26320,3381,1543",0.000000
720575940861447666,"24055,3302,2613",720575940912627846,"22589,3518,2073",51.208211
720575940861447666,"24055,3302,2613",720575940875009249,"24558,3736,2265",134.996701
720575940861447666,"24055,3302,2613",720575940891538468,"25430,4764,1460",0.000000
720575940861447666,"24055,3302,2613",720575940896891210,"22476,4688,1997",108.477525
720575940861447666,"24055,3302,2613",720575940875009505,"24266,4298,1651",0.000000
720575940861447666,"24055,3302,2613",720575940877168904,"27950,4274,1601",169.647747
720575940861447666,"24055,3302,2613",720575940915389853,"28063,4731,1501",0.000000
720575940861447666,"24055,3302,2613",720575940915390109,"43805,6509,1651",0.000000
720575940861447666,"24055,3302,2613",720575940859668375,"44611,6738,1017",0.000000
720575940861447666,"24055,3302,2613",720575940879241452,"12157,5778,1731",2.935624
720575940861447666,"24055,3302,2613",720575940896891466,"24510,4268,832",6.983591
720575940861447666,"24055,3302,2613",720575940892190818,"40863,5761,1321",0.000000
720575940861447666,"24055,3302,2613",720575940879813622,"37934,6202,141",0.000000
720575940861447666,"24055,3302,2613",720575940951311655,"27837,3887,654",32.992195
720575940861447666,"24055,3302,2613",720575940900275426,"17933,2855,2476",0.000000
720575940861447666,"24055,3302,2613",720575940882688412,"37209,4746,2029",0.000000
720575940861447666,"24055,3302,2613",720575940955236696,"24389,3216,2237",209.221363
720575940861447666,"24055,3302,2613",720575940881950033,"22054,2885,2756",55.359282
720575940861447666,"24055,3302,2613",720575940868783597,"30837,4276,976",0.000000
720575940861447666,"24055,3302,2613",720575940894200219,"32924,5320,1118",131.176965
720575940861447666,"24055,3302,2613",720575940915390365,"20825,5711,2247",132.332042
720575940861447666,"24055,3302,2613",720575940875009761,"30563,3134,541",0.000000
720575940861447666,"24055,3302,2613",720575940878349179,"41785,5171,3367",0.000000
720575940861447666,"24055,3302,2613",720575940889785957,"25781,3130,2539",144.690890
720575940921525267,"26830,3107,2808",720575940873509950,"29155,3903,1758",0.000000
720575940921525267,"26830,3107,2808",720575940893307467,"24104,3598,1701",0.000000
720575940921525267,"26830,3107,2808",720575940929601786,"26320,3381,1543",0.000000
720575940921525267,"26830,3107,2808",720575940912627846,"22589,3518,2073",0.000000
720575940921525267,"26830,3107,2808",720575940875009249,"24558,3736,2265",0.000000
720575940921525267,"26830,3107,2808",720575940891538468,"25430,4764,1460",0.000000
720575940921525267,"26830,3107,2808",720575940896891210,"22476,4688,1997",0.000000
720575940921525267,"26830,3107,2808",720575940875009505,"24266,4298,1651",0.000000
720575940921525267,"26830,3107,2808",720575940877168904,"27950,4274,1601",7.834749
720575940921525267,"26830,3107,2808",720575940915389853,"28063,4731,1501",0.000000
720575940921525267,"26830,3107,2808",720575940915390109,"43805,6509,1651",0.000000
720575940921525267,"26830,3107,2808",720575940859668375,"44611,6738,1017",0.000000
720575940921525267,"26830,3107,2808",720575940879241452,"12157,5778,1731",0.000000
720575940921525267,"26830,3107,2808",720575940896891466,"24510,4268,832",17.225337
720575940921525267,"26830,3107,2808",720575940892190818,"40863,5761,1321",0.000000
720575940921525267,"26830,3107,2808",720575940879813622,"37934,6202,141",0.000000
720575940921525267,"26830,3107,2808",720575940951311655,"27837,3887,654",6.716254
720575940921525267,"26830,3107,2808",720575940900275426,"17933,2855,2476",0.000000
720575940921525267,"26830,3107,2808",720575940882688412,"37209,4746,2029",0.000000
720575940921525267,"26830,3107,2808",720575940955236696,"24389,3216,2237",21.779926
720575940921525267,"26830,3107,2808",720575940881950033,"22054,2885,2756",23.762942
720575940921525267,"26830,3107,2808",720575940868783597,"30837,4276,976",0.000000
720575940921525267,"26830,3107,2808",720575940894200219,"32924,5320,1118",16.680377
720575940921525267,"26830,3107,2808",720575940915390365,"20825,5711,2247",91.596690
720575940921525267,"26830,3107,2808",720575940875009761,"30563,3134,541",26.542243
720575940921525267,"26830,3107,2808",720575940878349179,"41785,5171,3367",0.000000
720575940921525267,"26830,3107,2808",720575940889785957,"25781,3130,2539",99.242495
720575940902634194,"27852,2987,2083",720575940873509950,"29155,3903,1758",0.000000
720575940902634194,"27852,2987,2083",720575940893307467,"24104,3598,1701",5.406759
720575940902634194,"27852,2987,2083",720575940929601786,"26320,3381,1543",0.000000
720575940902634194,"27852,2987,2083",720575940912627846,"22589,3518,2073",0.000000
720575940902634194,"27852,2987,2083",720575940875009249,"24558,3736,2265",31.756494
720575940902634194,"27852,2987,2083",720575940891538468,"25430,4764,1460",100.461944
720575940902634194,"27852,2987,2083",720575940896891210,"22476,4688,1997",146.316279
720575940902634194,"27852,2987,2083",720575940875009505,"24266,4298,1651",186.447833
720575940902634194,"27852,2987,2083",720575940877168904,"27950,4274,1601",266.662102
720575940902634194,"27852,2987,2083",720575940915389853,"28063,4731,1501",22.649251
720575940902634194,"27852,2987,2083",720575940915390109,"43805,6509,1651",0.000000
720575940902634194,"27852,2987,2083",720575940859668375,"44611,6738,1017",0.000000
720575940902634194,"27852,2987,2083",720575940879241452,"12157,5778,1731",0.000000
720575940902634194,"27852,2987,2083",720575940896891466,"24510,4268,832",83.048864
720575940902634194,"27852,2987,2083",720575940892190818,"40863,5761,1321",4.618168
720575940902634194,"27852,2987,2083",720575940879813622,"37934,6202,141",7.237890
720575940902634194,"27852,2987,2083",720575940951311655,"27837,3887,654",20.215627
720575940902634194,"27852,2987,2083",720575940900275426,"17933,2855,2476",0.000000
720575940902634194,"27852,2987,2083",720575940882688412,"37209,4746,2029",4.147202
720575940902634194,"27852,2987,2083",720575940955236696,"24389,3216,2237",0.000000
720575940902634194,"27852,2987,2083",720575940881950033,"22054,2885,2756",0.000000
720575940902634194,"27852,2987,2083",720575940868783597,"30837,4276,976",0.000000
720575940902634194,"27852,2987,2083",720575940894200219,"32924,5320,1118",252.227496
720575940902634194,"27852,2987,2083",720575940915390365,"20825,5711,2247",23.581418
720575940902634194,"27852,2987,2083",720575940875009761,"30563,3134,541",17.940478
720575940902634194,"27852,2987,2083",720575940878349179,"41785,5171,3367",0.000000
720575940902634194,"27852,2987,2083",720575940889785957,"25781,3130,2539",81.636794
720575940913573871,"12508,2724,2584",720575940873509950,"29155,3903,1758",0.000000
720575940913573871,"12508,2724,2584",720575940893307467,"24104,3598,1701",0.000000
720575940913573871,"12508,2724,2584",720575940929601786,"26320,3381,1543",0.000000
720575940913573871,"12508,2724,2584",720575940912627846,"22589,3518,2073",0.000000
720575940913573871,"12508,2724,2584",720575940875009249,"24558,3736,2265",0.000000
720575940913573871,"12508,2724,2584",720575940891538468,"25430,4764,1460",0.000000
720575940913573871,"12508,2724,2584",720575940896891210,"22476,4688,1997",39.155267
720575940913573871,"12508,2724,2584",720575940875009505,"24266,4298,1651",0.000000
720575940913573871,"12508,2724,2584",720575940877168904,"27950,4274,1601",13.474268
720575940913573871,"12508,2724,2584",720575940915389853,"28063,4731,1501",0.000000
720575940913573871,"12508,2724,2584",720575940915390109,"43805,6509,1651",0.000000
720575940913573871,"12508,2724,2584",720575940859668375,"44611,6738,1017",0.000000
720575940913573871,"12508,2724,2584",720575940879241452,"12157,5778,1731",133.129551
720575940913573871,"12508,2724,2584",720575940896891466,"24510,4268,832",0.000000
720575940913573871,"12508,2724,2584",720575940892190818,"40863,5761,1321",0.000000
720575940913573871,"12508,2724,2584",720575940879813622,"37934,6202,141",0.000000
720575940913573871,"12508,2724,2584",720575940951311655,"27837,3887,654",0.000000
720575940913573871,"12508,2724,2584",720575940900275426,"17933,2855,2476",0.000000
720575940913573871,"12508,2724,2584",720575940882688412,"37209,4746,2029",0.000000
720575940913573871,"12508,2724,2584",720575940955236696,"24389,3216,2237",0.000000
720575940913573871,"12508,2724,2584",720575940881950033,"22054,2885,2756",0.000000
720575940913573871,"12508,2724,2584",720575940868783597,"30837,4276,976",0.000000
720575940913573871,"12508,2724,2584",720575940894200219,"32924,5320,1118",0.000000
720575940913573871,"12508,2724,2584",720575940915390365,"20825,5711,2247",0.000000
720575940913573871,"12508,2724,2584",720575940875009761,"30563,3134,541",0.000000
720575940913573871,"12508,2724,2584",720575940878349179,"41785,5171,3367",0.000000
720575940913573871,"12508,2724,2584",720575940889785957,"25781,3130,2539",0.000000
720575940882672796,"33882,3284,1493",720575940873509950,"29155,3903,1758",397.047049
720575940882672796,"33882,3284,1493",720575940893307467,"24104,3598,1701",0.000000
720575940882672796,"33882,3284,1493",720575940929601786,"26320,3381,1543",86.543725
720575940882672796,"33882,3284,1493",720575940912627846,"22589,3518,2073",0.000000
720575940882672796,"33882,3284,1493",720575940875009249,"24558,3736,2265",0.000000
720575940882672796,"33882,3284,1493",720575940891538468,"25430,4764,1460",21.613944
720575940882672796,"33882,3284,1493",720575940896891210,"22476,4688,1997",107.407678
720575940882672796,"33882,3284,1493",720575940875009505,"24266,4298,1651",16.790928
720575940882672796,"33882,3284,1493",720575940877168904,"27950,4274,1601",197.177393
720575940882672796,"33882,3284,1493",720575940915389853,"28063,4731,1501",39.172863
720575940882672796,"33882,3284,1493",720575940915390109,"43805,6509,1651",17.730186
720575940882672796,"33882,3284,1493",720575940859668375,"44611,6738,1017",0.000000
720575940882672796,"33882,3284,1493",720575940879241452,"12157,5778,1731",0.000000
720575940882672796,"33882,3284,1493",720575940896891466,"24510,4268,832",10.990849
720575940882672796,"33882,3284,1493",720575940892190818,"40863,5761,1321",10.141162
720575940882672796,"33882,3284,1493",720575940879813622,"37934,6202,141",12.757799
720575940882672796,"33882,3284,1493",720575940951311655,"27837,3887,654",5.482634
720575940882672796,"33882,3284,1493",720575940900275426,"17933,2855,2476",0.000000
720575940882672796,"33882,3284,1493",720575940882688412,"37209,4746,2029",0.000000
720575940882672796,"33882,3284,1493",720575940955236696,"24389,3216,2237",0.000000
720575940882672796,"33882,3284,1493",720575940881950033,"22054,2885,2756",0.000000
720575940882672796,"33882,3284,1493",720575940868783597,"30837,4276,976",9.596963
720575940882672796,"33882,3284,1493",720575940894200219,"32924,5320,1118",208.940628
720575940882672796,"33882,3284,1493",720575940915390365,"20825,5711,2247",0.000000
720575940882672796,"33882,3284,1493",720575940875009761,"30563,3134,541",23.692451
720575940882672796,"33882,3284,1493",720575940878349179,"41785,5171,3367",0.000000
720575940882672796,"33882,3284,1493",720575940889785957,"25781,3130,2539",59.631043
720575940915253823,"28251,3481,1371",720575940873509950,"29155,3903,1758",12.247807
720575940915253823,"28251,3481,1371",720575940893307467,"24104,3598,1701",216.850544
720575940915253823,"28251,3481,1371",720575940929601786,"26320,3381,1543",273.008752
720575940915253823,"28251,3481,1371",720575940912627846,"22589,3518,2073",155.647474
720575940915253823,"28251,3481,1371",720575940875009249,"24558,3736,2265",98.751585
720575940915253823,"28251,3481,1371",720575940891538468,"25430,4764,1460",103.290336
720575940915253823,"28251,3481,1371",720575940896891210,"22476,4688,1997",408.405676
720575940915253823,"28251,3481,1371",720575940875009505,"24266,4298,1651",270.936348
720575940915253823,"28251,3481,1371",720575940877168904,"27950,4274,1601",101.790943
720575940915253823,"28251,3481,1371",720575940915389853,"28063,4731,1501",123.617248
720575940915253823,"28251,3481,1371",720575940915390109,"43805,6509,1651",0.000000
720575940915253823,"28251,3481,1371",720575940859668375,"44611,6738,1017",0.000000
720575940915253823,"28251,3481,1371",720575940879241452,"12157,5778,1731",0.000000
720575940915253823,"28251,3481,1371",720575940896891466,"24510,4268,832",10.419118
720575940915253823,"28251,3481,1371",720575940892190818,"40863,5761,1321",0.000000
720575940915253823,"28251,3481,1371",720575940879813622,"37934,6202,141",17.725833
720575940915253823,"28251,3481,1371",720575940951311655,"27837,3887,654",21.056374
720575940915253823,"28251,3481,1371",720575940900275426,"17933,2855,2476",0.000000
720575940915253823,"28251,3481,1371",720575940882688412,"37209,4746,2029",0.000000
720575940915253823,"28251,3481,1371",720575940955236696,"24389,3216,2237",2.798907
720575940915253823,"28251,3481,1371",720575940881950033,"22054,2885,2756",0.000000
720575940915253823,"28251,3481,1371",720575940868783597,"30837,4276,976",201.233354
720575940915253823,"28251,3481,1371",720575940894200219,"32924,5320,1118",158.368569
720575940915253823,"28251,3481,1371",720575940915390365,"20825,5711,2247",62.812371
720575940915253823,"28251,3481,1371",720575940875009761,"30563,3134,541",4.588454
720575940915253823,"28251,3481,1371",720575940878349179,"41785,5171,3367",0.000000
720575940915253823,"28251,3481,1371",720575940889785957,"25781,3130,2539",24.626027
720575940891783079,"15874,3062,2798",720575940873509950,"29155,3903,1758",0.000000
720575940891783079,"15874,3062,2798",720575940893307467,"24104,3598,1701",2.332372
720575940891783079,"15874,3062,2798",720575940929601786,"26320,3381,1543",0.000000
720575940891783079,"15874,3062,2798",720575940912627846,"22589,3518,2073",0.000000
720575940891783079,"15874,3062,2798",720575940875009249,"24558,3736,2265",9.336540
720575940891783079,"15874,3062,2798",720575940891538468,"25430,4764,1460",0.000000
720575940891783079,"15874,3062,2798",720575940896891210,"22476,4688,1997",25.247139
720575940891783079,"15874,3062,2798",720575940875009505,"24266,4298,1651",0.000000
720575940891783079,"15874,3062,2798",720575940877168904,"27950,4274,1601",205.321530
720575940891783079,"15874,3062,2798",720575940915389853,"28063,4731,1501",9.486450
720575940891783079,"15874,3062,2798",720575940915390109,"43805,6509,1651",0.000000
720575940891783079,"15874,3062,2798",720575940859668375,"44611,6738,1017",0.000000
720575940891783079,"15874,3062,2798",720575940879241452,"12157,5778,1731",13.320368
720575940891783079,"15874,3062,2798",720575940896891466,"24510,4268,832",81.028212
720575940891783079,"15874,3062,2798",720575940892190818,"40863,5761,1321",0.000000
720575940891783079,"15874,3062,2798",720575940879813622,"37934,6202,141",0.000000
720575940891783079,"15874,3062,2798",720575940951311655,"27837,3887,654",0.000000
720575940891783079,"15874,3062,2798",720575940900275426,"17933,2855,2476",44.371175
720575940891783079,"15874,3062,2798",720575940882688412,"37209,4746,2029",0.000000
720575940891783079,"15874,3062,2798",720575940955236696,"24389,3216,2237",22.169589
720575940891783079,"15874,3062,2798",720575940881950033,"22054,2885,2756",23.681646
720575940891783079,"15874,3062,2798",720575940868783597,"30837,4276,976",0.000000
720575940891783079,"15874,3062,2798",720575940894200219,"32924,5320,1118",23.043397
720575940891783079,"15874,3062,2798",720575940915390365,"20825,5711,2247",60.587609
720575940891783079,"15874,3062,2798",720575940875009761,"30563,3134,541",0.000000
720575940891783079,"15874,3062,2798",720575940878349179,"41785,5171,3367",0.000000
720575940891783079,"15874,3062,2798",720575940889785957,"25781,3130,2539",0.000000
720575940897454998,"19849,3278,1893",720575940873509950,"29155,3903,1758",0.000000
720575940897454998,"19849,3278,1893",720575940893307467,"24104,3598,1701",171.536449
720575940897454998,"19849,3278,1893",720575940929601786,"26320,3381,1543",47.078680
720575940897454998,"19849,3278,1893",720575940912627846,"22589,3518,2073",37.518480
720575940897454998,"19849,3278,1893",720575940875009249,"24558,3736,2265",7.596178
720575940897454998,"19849,3278,1893",720575940891538468,"25430,4764,1460",319.465643
720575940897454998,"19849,3278,1893",720575940896891210,"22476,4688,1997",93.907986
720575940897454998,"19849,3278,1893",720575940875009505,"24266,4298,1651",129.413184
720575940897454998,"19849,3278,1893",720575940877168904,"27950,4274,1601",50.945072
720575940897454998,"19849,3278,1893",720575940915389853,"28063,4731,1501",214.668198
720575940897454998,"19849,3278,1893",720575940915390109,"43805,6509,1651",0.000000
720575940897454998,"19849,3278,1893",720575940859668375,"44611,6738,1017",0.000000
720575940897454998,"19849,3278,1893",720575940879241452,"12157,5778,1731",105.924641
720575940897454998,"19849,3278,1893",720575940896891466,"24510,4268,832",114.266786
720575940897454998,"19849,3278,1893",720575940892190818,"40863,5761,1321",0.000000
720575940897454998,"19849,3278,1893",720575940879813622,"37934,6202,141",0.000000
720575940897454998,"19849,3278,1893",720575940951311655,"27837,3887,654",0.000000
720575940897454998,"19849,3278,1893",720575940900275426,"17933,2855,2476",53.169279
720575940897454998,"19849,3278,1893",720575940882688412,"37209,4746,2029",0.000000
720575940897454998,"19849,3278,1893",720575940955236696,"24389,3216,2237",16.616375
720575940897454998,"19849,3278,1893",720575940881950033,"22054,2885,2756",19.842165
720575940897454998,"19849,3278,1893",720575940868783597,"30837,4276,976",0.000000
720575940897454998,"19849,3278,1893",720575940894200219,"32924,5320,1118",124.251920
720575940897454998,"19849,3278,1893",720575940915390365,"20825,5711,2247",140.905167
720575940897454998,"19849,3278,1893",720575940875009761,"30563,3134,541",0.000000
720575940897454998,"19849,3278,1893",720575940878349179,"41785,5171,3367",0.000000
720575940897454998,"19849,3278,1893",720575940889785957,"25781,3130,2539",71.014296
720575940891518756,"18827,2811,2710",720575940873509950,"29155,3903,1758",0.000000
720575940891518756,"18827,2811,2710",720575940893307467,"24104,3598,1701",0.870173
720575940891518756,"18827,2811,2710",720575940929601786,"26320,3381,1543",0.000000
720575940891518756,"18827,2811,2710",720575940912627846,"22589,3518,2073",24.586348
720575940891518756,"18827,2811,2710",720575940875009249,"24558,3736,2265",53.212767
720575940891518756,"18827,2811,2710",720575940891538468,"25430,4764,1460",13.322182
720575940891518756,"18827,2811,2710",720575940896891210,"22476,4688,1997",363.962691
720575940891518756,"18827,2811,2710",720575940875009505,"24266,4298,1651",0.000000
720575940891518756,"18827,2811,2710",720575940877168904,"27950,4274,1601",372.996019
720575940891518756,"18827,2811,2710",720575940915389853,"28063,4731,1501",15.165836
720575940891518756,"18827,2811,2710",720575940915390109,"43805,6509,1651",0.000000
720575940891518756,"18827,2811,2710",720575940859668375,"44611,6738,1017",0.000000
720575940891518756,"18827,2811,2710",720575940879241452,"12157,5778,1731",6.762833
720575940891518756,"18827,2811,2710",720575940896891466,"24510,4268,832",106.899449
720575940891518756,"18827,2811,2710",720575940892190818,"40863,5761,1321",0.000000
720575940891518756,"18827,2811,2710",720575940879813622,"37934,6202,141",0.000000
720575940891518756,"18827,2811,2710",720575940951311655,"27837,3887,654",0.000000
720575940891518756,"18827,2811,2710",720575940900275426,"17933,2855,2476",119.339272
720575940891518756,"18827,2811,2710",720575940882688412,"37209,4746,2029",0.000000
720575940891518756,"18827,2811,2710",720575940955236696,"24389,3216,2237",82.397370
720575940891518756,"18827,2811,2710",720575940881950033,"22054,2885,2756",141.682727
720575940891518756,"18827,2811,2710",720575940868783597,"30837,4276,976",0.000000
720575940891518756,"18827,2811,2710",720575940894200219,"32924,5320,1118",296.420891
720575940891518756,"18827,2811,2710",720575940915390365,"20825,5711,2247",345.712172
720575940891518756,"18827,2811,2710",720575940875009761,"30563,3134,541",0.000000
720575940891518756,"18827,2811,2710",720575940878349179,"41785,5171,3367",0.000000
720575940891518756,"18827,2811,2710",720575940889785957,"25781,3130,2539",34.581322
720575940939715909,"30711,2935,1185",720575940873509950,"29155,3903,1758",161.812463
720575940939715909,"30711,2935,1185",720575940893307467,"24104,3598,1701",0.000000
720575940939715909,"30711,2935,1185",720575940929601786,"26320,3381,1543",82.116399
720575940939715909,"30711,2935,1185",720575940912627846,"22589,3518,2073",21.924182
720575940939715909,"30711,2935,1185",720575940875009249,"24558,3736,2265",20.722064
720575940939715909,"30711,2935,1185",720575940891538468,"25430,4764,1460",158.771155
720575940939715909,"30711,2935,1185",720575940896891210,"22476,4688,1997",100.317282
720575940939715909,"30711,2935,1185",720575940875009505,"24266,4298,1651",178.232570
720575940939715909,"30711,2935,1185",720575940877168904,"27950,4274,1601",288.453857
720575940939715909,"30711,2935,1185",720575940915389853,"28063,4731,1501",134.900101
720575940939715909,"30711,2935,1185",720575940915390109,"43805,6509,1651",15.493213
720575940939715909,"30711,2935,1185",720575940859668375,"44611,6738,1017",8.809103
720575940939715909,"30711,2935,1185",720575940879241452,"12157,5778,1731",0.000000
720575940939715909,"30711,2935,1185",720575940896891466,"24510,4268,832",12.641291
720575940939715909,"30711,2935,1185",720575940892190818,"40863,5761,1321",163.235442
720575940939715909,"30711,2935,1185",720575940879813622,"37934,6202,141",37.034426
720575940939715909,"30711,2935,1185",720575940951311655,"27837,3887,654",30.822139
720575940939715909,"30711,2935,1185",720575940900275426,"17933,2855,2476",0.000000
720575940939715909,"30711,2935,1185",720575940882688412,"37209,4746,2029",30.206305
720575940939715909,"30711,2935,1185",720575940955236696,"24389,3216,2237",0.000000
720575940939715909,"30711,2935,1185",720575940881950033,"22054,2885,2756",0.000000
720575940939715909,"30711,2935,1185",720575940868783597,"30837,4276,976",59.349679
720575940939715909,"30711,2935,1185",720575940894200219,"32924,5320,1118",307.940358
720575940939715909,"30711,2935,1185",720575940915390365,"20825,5711,2247",0.000000
720575940939715909,"30711,2935,1185",720575940875009761,"30563,3134,541",51.143284
720575940939715909,"30711,2935,1185",720575940878349179,"41785,5171,3367",0.000000
720575940939715909,"30711,2935,1185",720575940889785957,"25781,3130,2539",33.910695
720575940886540578,"25186,3002,2137",720575940873509950,"29155,3903,1758",65.718421
720575940886540578,"25186,3002,2137",720575940893307467,"24104,3598,1701",53.218630
720575940886540578,"25186,3002,2137",720575940929601786,"26320,3381,1543",53.985517
720575940886540578,"25186,3002,2137",720575940912627846,"22589,3518,2073",123.350971
720575940886540578,"25186,3002,2137",720575940875009249,"24558,3736,2265",163.905667
720575940886540578,"25186,3002,2137",720575940891538468,"25430,4764,1460",137.482900
720575940886540578,"25186,3002,2137",720575940896891210,"22476,4688,1997",922.212822
720575940886540578,"25186,3002,2137",720575940875009505,"24266,4298,1651",183.515635
720575940886540578,"25186,3002,2137",720575940877168904,"27950,4274,1601",235.196242
720575940886540578,"25186,3002,2137",720575940915389853,"28063,4731,1501",271.079788
720575940886540578,"25186,3002,2137",720575940915390109,"43805,6509,1651",18.947739
720575940886540578,"25186,3002,2137",720575940859668375,"44611,6738,1017",0.000000
720575940886540578,"25186,3002,2137",720575940879241452,"12157,5778,1731",49.381303
720575940886540578,"25186,3002,2137",720575940896891466,"24510,4268,832",74.514448
720575940886540578,"25186,3002,2137",720575940892190818,"40863,5761,1321",9.327421
720575940886540578,"25186,3002,2137",720575940879813622,"37934,6202,141",26.075190
720575940886540578,"25186,3002,2137",720575940951311655,"27837,3887,654",23.900197
720575940886540578,"25186,3002,2137",720575940900275426,"17933,2855,2476",0.000000
720575940886540578,"25186,3002,2137",720575940882688412,"37209,4746,2029",0.000000
720575940886540578,"25186,3002,2137",720575940955236696,"24389,3216,2237",64.794554
720575940886540578,"25186,3002,2137",720575940881950033,"22054,2885,2756",108.520487
720575940886540578,"25186,3002,2137",720575940868783597,"30837,4276,976",310.023056
720575940886540578,"25186,3002,2137",720575940894200219,"32924,5320,1118",367.148354
720575940886540578,"25186,3002,2137",720575940915390365,"20825,5711,2247",320.008456
720575940886540578,"25186,3002,2137",720575940875009761,"30563,3134,541",6.233888
720575940886540578,"25186,3002,2137",720575940878349179,"41785,5171,3367",0.000000
720575940886540578,"25186,3002,2137",720575940889785957,"25781,3130,2539",127.534156
720575940894662868,"35536,3715,1402",720575940873509950,"29155,3903,1758",158.414216
720575940894662868,"35536,3715,1402",720575940893307467,"24104,3598,1701",0.000000
720575940894662868,"35536,3715,1402",720575940929601786,"26320,3381,1543",0.000000
720575940894662868,"35536,3715,1402",720575940912627846,"22589,3518,2073",0.000000
720575940894662868,"35536,3715,1402",720575940875009249,"24558,3736,2265",0.000000
720575940894662868,"35536,3715,1402",720575940891538468,"25430,4764,1460",118.987013
720575940894662868,"35536,3715,1402",720575940896891210,"22476,4688,1997",10.211964
720575940894662868,"35536,3715,1402",720575940875009505,"24266,4298,1651",83.808754
720575940894662868,"35536,3715,1402",720575940877168904,"27950,4274,1601",273.939772
720575940894662868,"35536,3715,1402",720575940915389853,"28063,4731,1501",209.897959
720575940894662868,"35536,3715,1402",720575940915390109,"43805,6509,1651",44.138133
720575940894662868,"35536,3715,1402",720575940859668375,"44611,6738,1017",12.307217
720575940894662868,"35536,3715,1402",720575940879241452,"12157,5778,1731",0.000000
720575940894662868,"35536,3715,1402",720575940896891466,"24510,4268,832",0.000000
720575940894662868,"35536,3715,1402",720575940892190818,"40863,5761,1321",46.319556
720575940894662868,"35536,3715,1402",720575940879813622,"37934,6202,141",3.937113
720575940894662868,"35536,3715,1402",720575940951311655,"27837,3887,654",39.704371
720575940894662868,"35536,3715,1402",720575940900275426,"17933,2855,2476",0.000000
720575940894662868,"35536,3715,1402",720575940882688412,"37209,4746,2029",0.000000
720575940894662868,"35536,3715,1402",720575940955236696,"24389,3216,2237",0.000000
720575940894662868,"35536,3715,1402",720575940881950033,"22054,2885,2756",0.000000
720575940894662868,"35536,3715,1402",720575940868783597,"30837,4276,976",21.520342
720575940894662868,"35536,3715,1402",720575940894200219,"32924,5320,1118",264.805504
720575940894662868,"35536,3715,1402",720575940915390365,"20825,5711,2247",0.000000
720575940894662868,"35536,3715,1402",720575940875009761,"30563,3134,541",0.000000
720575940894662868,"35536,3715,1402",720575940878349179,"41785,5171,3367",0.000000
720575940894662868,"35536,3715,1402",720575940889785957,"25781,3130,2539",17.220300
720575940883198679,"24325,2490,2852",720575940873509950,"29155,3903,1758",5.933792
720575940883198679,"24325,2490,2852",720575940893307467,"24104,3598,1701",0.000000
720575940883198679,"24325,2490,2852",720575940929601786,"26320,3381,1543",0.000000
720575940883198679,"24325,2490,2852",720575940912627846,"22589,3518,2073",0.000000
720575940883198679,"24325,2490,2852",720575940875009249,"24558,3736,2265",0.000000
720575940883198679,"24325,2490,2852",720575940891538468,"25430,4764,1460",0.000000
720575940883198679,"24325,2490,2852",720575940896891210,"22476,4688,1997",204.972909
720575940883198679,"24325,2490,2852",720575940875009505,"24266,4298,1651",13.197444
720575940883198679,"24325,2490,2852",720575940877168904,"27950,4274,1601",242.395928
720575940883198679,"24325,2490,2852",720575940915389853,"28063,4731,1501",0.000000
720575940883198679,"24325,2490,2852",720575940915390109,"43805,6509,1651",0.000000
720575940883198679,"24325,2490,2852",720575940859668375,"44611,6738,1017",0.000000
720575940883198679,"24325,2490,2852",720575940879241452,"12157,5778,1731",11.300104
720575940883198679,"24325,2490,2852",720575940896891466,"24510,4268,832",14.783381
720575940883198679,"24325,2490,2852",720575940892190818,"40863,5761,1321",0.000000
720575940883198679,"24325,2490,2852",720575940879813622,"37934,6202,141",0.000000
720575940883198679,"24325,2490,2852",720575940951311655,"27837,3887,654",28.842410
720575940883198679,"24325,2490,2852",720575940900275426,"17933,2855,2476",0.000000
720575940883198679,"24325,2490,2852",720575940882688412,"37209,4746,2029",0.000000
720575940883198679,"24325,2490,2852",720575940955236696,"24389,3216,2237",29.463996
720575940883198679,"24325,2490,2852",720575940881950033,"22054,2885,2756",18.818200
720575940883198679,"24325,2490,2852",720575940868783597,"30837,4276,976",0.000000
720575940883198679,"24325,2490,2852",720575940894200219,"32924,5320,1118",225.410154
720575940883198679,"24325,2490,2852",720575940915390365,"20825,5711,2247",134.099398
720575940883198679,"24325,2490,2852",720575940875009761,"30563,3134,541",0.000000
720575940883198679,"24325,2490,2852",720575940878349179,"41785,5171,3367",0.000000
720575940883198679,"24325,2490,2852",720575940889785957,"25781,3130,2539",81.459635
720575940922957341,"29830,3200,1429",720575940873509950,"29155,3903,1758",459.841646
720575940922957341,"29830,3200,1429",720575940893307467,"24104,3598,1701",225.855389
720575940922957341,"29830,3200,1429",720575940929601786,"26320,3381,1543",359.193111
720575940922957341,"29830,3200,1429",720575940912627846,"22589,3518,2073",321.504806
720575940922957341,"29830,3200,1429",720575940875009249,"24558,3736,2265",250.539386
720575940922957341,"29830,3200,1429",720575940891538468,"25430,4764,1460",151.153626
720575940922957341,"29830,3200,1429",720575940896891210,"22476,4688,1997",359.088280
720575940922957341,"29830,3200,1429",720575940875009505,"24266,4298,1651",286.690298
720575940922957341,"29830,3200,1429",720575940877168904,"27950,4274,1601",248.980189
720575940922957341,"29830,3200,1429",720575940915389853,"28063,4731,1501",41.305661
720575940922957341,"29830,3200,1429",720575940915390109,"43805,6509,1651",0.000000
720575940922957341,"29830,3200,1429",720575940859668375,"44611,6738,1017",0.000000
720575940922957341,"29830,3200,1429",720575940879241452,"12157,5778,1731",0.000000
720575940922957341,"29830,3200,1429",720575940896891466,"24510,4268,832",0.000000
720575940922957341,"29830,3200,1429",720575940892190818,"40863,5761,1321",37.546027
720575940922957341,"29830,3200,1429",720575940879813622,"37934,6202,141",27.501978
720575940922957341,"29830,3200,1429",720575940951311655,"27837,3887,654",26.990797
720575940922957341,"29830,3200,1429",720575940900275426,"17933,2855,2476",15.801030
720575940922957341,"29830,3200,1429",720575940882688412,"37209,4746,2029",0.000000
720575940922957341,"29830,3200,1429",720575940955236696,"24389,3216,2237",0.000000
720575940922957341,"29830,3200,1429",720575940881950033,"22054,2885,2756",0.000000
720575940922957341,"29830,3200,1429",720575940868783597,"30837,4276,976",168.897781
720575940922957341,"29830,3200,1429",720575940894200219,"32924,5320,1118",144.241461
720575940922957341,"29830,3200,1429",720575940915390365,"20825,5711,2247",10.818137
720575940922957341,"29830,3200,1429",720575940875009761,"30563,3134,541",46.934537
720575940922957341,"29830,3200,1429",720575940878349179,"41785,5171,3367",0.000000
720575940922957341,"29830,3200,1429",720575940889785957,"25781,3130,2539",36.321176
720575940889924328,"35041,3241,612",720575940873509950,"29155,3903,1758",35.481744
720575940889924328,"35041,3241,612",720575940893307467,"24104,3598,1701",0.000000
720575940889924328,"35041,3241,612",720575940929601786,"26320,3381,1543",0.000000
720575940889924328,"35041,3241,612",720575940912627846,"22589,3518,2073",0.000000
720575940889924328,"35041,3241,612",720575940875009249,"24558,3736,2265",0.000000
720575940889924328,"35041,3241,612",720575940891538468,"25430,4764,1460",36.564234
720575940889924328,"35041,3241,612",720575940896891210,"22476,4688,1997",42.385989
720575940889924328,"35041,3241,612",720575940875009505,"24266,4298,1651",47.339402
720575940889924328,"35041,3241,612",720575940877168904,"27950,4274,1601",115.197916
720575940889924328,"35041,3241,612",720575940915389853,"28063,4731,1501",60.839385
720575940889924328,"35041,3241,612",720575940915390109,"43805,6509,1651",14.277788
720575940889924328,"35041,3241,612",720575940859668375,"44611,6738,1017",18.991539
720575940889924328,"35041,3241,612",720575940879241452,"12157,5778,1731",0.000000
720575940889924328,"35041,3241,612",720575940896891466,"24510,4268,832",13.308336
720575940889924328,"35041,3241,612",720575940892190818,"40863,5761,1321",73.903205
720575940889924328,"35041,3241,612",720575940879813622,"37934,6202,141",84.165800
720575940889924328,"35041,3241,612",720575940951311655,"27837,3887,654",0.000000
720575940889924328,"35041,3241,612",720575940900275426,"17933,2855,2476",0.000000
720575940889924328,"35041,3241,612",720575940882688412,"37209,4746,2029",25.223192
720575940889924328,"35041,3241,612",720575940955236696,"24389,3216,2237",0.000000
720575940889924328,"35041,3241,612",720575940881950033,"22054,2885,2756",0.000000
720575940889924328,"35041,3241,612",720575940868783597,"30837,4276,976",105.455055
720575940889924328,"35041,3241,612",720575940894200219,"32924,5320,1118",57.463150
720575940889924328,"35041,3241,612",720575940915390365,"20825,5711,2247",0.000000
720575940889924328,"35041,3241,612",720575940875009761,"30563,3134,541",0.000000
720575940889924328,"35041,3241,612",720575940878349179,"41785,5171,3367",0.000000
720575940889924328,"35041,3241,612",720575940889785957,"25781,3130,2539",0.000000
720575940905041878,"33956,3316,2118",720575940873509950,"29155,3903,1758",0.000000
720575940905041878,"33956,3316,2118",720575940893307467,"24104,3598,1701",0.000000
720575940905041878,"33956,3316,2118",720575940929601786,"26320,3381,1543",0.000000
720575940905041878,"33956,3316,2118",720575940912627846,"22589,3518,2073",0.000000
720575940905041878,"33956,3316,2118",720575940875009249,"24558,3736,2265",0.000000
720575940905041878,"33956,3316,2118",720575940891538468,"25430,4764,1460",0.000000
720575940905041878,"33956,3316,2118",720575940896891210,"22476,4688,1997",7.203673
720575940905041878,"33956,3316,2118",720575940875009505,"24266,4298,1651",0.000000
720575940905041878,"33956,3316,2118",720575940877168904,"27950,4274,1601",10.735562
720575940905041878,"33956,3316,2118",720575940915389853,"28063,4731,1501",0.000000
720575940905041878,"33956,3316,2118",720575940915390109,"43805,6509,1651",8.130293
720575940905041878,"33956,3316,2118",720575940859668375,"44611,6738,1017",22.525750
720575940905041878,"33956,3316,2118",720575940879241452,"12157,5778,1731",0.000000
720575940905041878,"33956,3316,2118",720575940896891466,"24510,4268,832",11.912205
720575940905041878,"33956,3316,2118",720575940892190818,"40863,5761,1321",11.387817
720575940905041878,"33956,3316,2118",720575940879813622,"37934,6202,141",0.000000
720575940905041878,"33956,3316,2118",720575940951311655,"27837,3887,654",0.000000
720575940905041878,"33956,3316,2118",720575940900275426,"17933,2855,2476",0.000000
720575940905041878,"33956,3316,2118",720575940882688412,"37209,4746,2029",80.855734
720575940905041878,"33956,3316,2118",720575940955236696,"24389,3216,2237",0.000000
720575940905041878,"33956,3316,2118",720575940881950033,"22054,2885,2756",1.574419
720575940905041878,"33956,3316,2118",720575940868783597,"30837,4276,976",0.000000
720575940905041878,"33956,3316,2118",720575940894200219,"32924,5320,1118",0.000000
720575940905041878,"33956,3316,2118",720575940915390365,"20825,5711,2247",24.064065
720575940905041878,"33956,3316,2118",720575940875009761,"30563,3134,541",0.000000
720575940905041878,"33956,3316,2118",720575940878349179,"41785,5171,3367",0.000000
720575940905041878,"33956,3316,2118",720575940889785957,"25781,3130,2539",0.000000
720575940905042134,"11208,2501,1623",720575940873509950,"29155,3903,1758",0.000000
720575940905042134,"11208,2501,1623",720575940893307467,"24104,3598,1701",0.000000
720575940905042134,"11208,2501,1623",720575940929601786,"26320,3381,1543",0.000000
720575940905042134,"11208,2501,1623",720575940912627846,"22589,3518,2073",0.000000
720575940905042134,"11208,2501,1623",720575940875009249,"24558,3736,2265",0.000000
720575940905042134,"11208,2501,1623",720575940891538468,"25430,4764,1460",44.437415
720575940905042134,"11208,2501,1623",720575940896891210,"22476,4688,1997",54.994910
720575940905042134,"11208,2501,1623",720575940875009505,"24266,4298,1651",0.000000
720575940905042134,"11208,2501,1623",720575940877168904,"27950,4274,1601",28.664400
720575940905042134,"11208,2501,1623",720575940915389853,"28063,4731,1501",10.731826
720575940905042134,"11208,2501,1623",720575940915390109,"43805,6509,1651",0.000000
720575940905042134,"11208,2501,1623",720575940859668375,"44611,6738,1017",0.000000
720575940905042134,"11208,2501,1623",720575940879241452,"12157,5778,1731",177.396155
720575940905042134,"11208,2501,1623",720575940896891466,"24510,4268,832",24.888926
720575940905042134,"11208,2501,1623",720575940892190818,"40863,5761,1321",0.000000
720575940905042134,"11208,2501,1623",720575940879813622,"37934,6202,141",0.000000
720575940905042134,"11208,2501,1623",720575940951311655,"27837,3887,654",0.000000
720575940905042134,"11208,2501,1623",720575940900275426,"17933,2855,2476",10.096681
720575940905042134,"11208,2501,1623",720575940882688412,"37209,4746,2029",0.000000
720575940905042134,"11208,2501,1623",720575940955236696,"24389,3216,2237",0.000000
720575940905042134,"11208,2501,1623",720575940881950033,"22054,2885,2756",3.642586
720575940905042134,"11208,2501,1623",720575940868783597,"30837,4276,976",0.000000
720575940905042134,"11208,2501,1623",720575940894200219,"32924,5320,1118",0.000000
720575940905042134,"11208,2501,1623",720575940915390365,"20825,5711,2247",0.000000
720575940905042134,"11208,2501,1623",720575940875009761,"30563,3134,541",0.000000
720575940905042134,"11208,2501,1623",720575940878349179,"41785,5171,3367",0.000000
720575940905042134,"11208,2501,1623",720575940889785957,"25781,3130,2539",0.000000
720575940878326395,"26154,3177,1289",720575940873509950,"29155,3903,1758",38.623932
720575940878326395,"26154,3177,1289",720575940893307467,"24104,3598,1701",266.871537
720575940878326395,"26154,3177,1289",720575940929601786,"26320,3381,1543",301.570433
720575940878326395,"26154,3177,1289",720575940912627846,"22589,3518,2073",119.635100
720575940878326395,"26154,3177,1289",720575940875009249,"24558,3736,2265",18.458929
720575940878326395,"26154,3177,1289",720575940891538468,"25430,4764,1460",257.344132
720575940878326395,"26154,3177,1289",720575940896891210,"22476,4688,1997",57.602948
720575940878326395,"26154,3177,1289",720575940875009505,"24266,4298,1651",297.271617
720575940878326395,"26154,3177,1289",720575940877168904,"27950,4274,1601",0.000000
720575940878326395,"26154,3177,1289",720575940915389853,"28063,4731,1501",101.875385
720575940878326395,"26154,3177,1289",720575940915390109,"43805,6509,1651",0.000000
720575940878326395,"26154,3177,1289",720575940859668375,"44611,6738,1017",0.000000
720575940878326395,"26154,3177,1289",720575940879241452,"12157,5778,1731",0.000000
720575940878326395,"26154,3177,1289",720575940896891466,"24510,4268,832",34.609396
720575940878326395,"26154,3177,1289",720575940892190818,"40863,5761,1321",0.000000
720575940878326395,"26154,3177,1289",720575940879813622,"37934,6202,141",0.000000
720575940878326395,"26154,3177,1289",720575940951311655,"27837,3887,654",69.882278
720575940878326395,"26154,3177,1289",720575940900275426,"17933,2855,2476",0.000000
720575940878326395,"26154,3177,1289",720575940882688412,"37209,4746,2029",0.000000
720575940878326395,"26154,3177,1289",720575940955236696,"24389,3216,2237",57.068117
720575940878326395,"26154,3177,1289",720575940881950033,"22054,2885,2756",0.000000
720575940878326395,"26154,3177,1289",720575940868783597,"30837,4276,976",292.111765
720575940878326395,"26154,3177,1289",720575940894200219,"32924,5320,1118",29.142113
720575940878326395,"26154,3177,1289",720575940915390365,"20825,5711,2247",0.000000
720575940878326395,"26154,3177,1289",720575940875009761,"30563,3134,541",77.362340
720575940878326395,"26154,3177,1289",720575940878349179,"41785,5171,3367",0.000000
720575940878326395,"26154,3177,1289",720575940889785957,"25781,3130,2539",0.000000
720575940880837650,"26499,3170,2590",720575940873509950,"29155,3903,1758",0.000000
720575940880837650,"26499,3170,2590",720575940893307467,"24104,3598,1701",0.000000
720575940880837650,"26499,3170,2590",720575940929601786,"26320,3381,1543",0.000000
720575940880837650,"26499,3170,2590",720575940912627846,"22589,3518,2073",0.000000
720575940880837650,"26499,3170,2590",720575940875009249,"24558,3736,2265",0.000000
720575940880837650,"26499,3170,2590",720575940891538468,"25430,4764,1460",0.000000
720575940880837650,"26499,3170,2590",720575940896891210,"22476,4688,1997",0.000000
720575940880837650,"26499,3170,2590",720575940875009505,"24266,4298,1651",0.000000
720575940880837650,"26499,3170,2590",720575940877168904,"27950,4274,1601",14.908940
720575940880837650,"26499,3170,2590",720575940915389853,"28063,4731,1501",0.000000
720575940880837650,"26499,3170,2590",720575940915390109,"43805,6509,1651",0.000000
720575940880837650,"26499,3170,2590",720575940859668375,"44611,6738,1017",0.000000
720575940880837650,"26499,3170,2590",720575940879241452,"12157,5778,1731",0.000000
720575940880837650,"26499,3170,2590",720575940896891466,"24510,4268,832",41.717149
720575940880837650,"26499,3170,2590",720575940892190818,"40863,5761,1321",0.000000
720575940880837650,"26499,3170,2590",720575940879813622,"37934,6202,141",0.000000
720575940880837650,"26499,3170,2590",720575940951311655,"27837,3887,654",0.000000
720575940880837650,"26499,3170,2590",720575940900275426,"17933,2855,2476",0.000000
720575940880837650,"26499,3170,2590",720575940882688412,"37209,4746,2029",2.335117
720575940880837650,"26499,3170,2590",720575940955236696,"24389,3216,2237",32.943506
720575940880837650,"26499,3170,2590",720575940881950033,"22054,2885,2756",6.750494
720575940880837650,"26499,3170,2590",720575940868783597,"30837,4276,976",0.000000
720575940880837650,"26499,3170,2590",720575940894200219,"32924,5320,1118",22.982305
720575940880837650,"26499,3170,2590",720575940915390365,"20825,5711,2247",115.057537
720575940880837650,"26499,3170,2590",720575940875009761,"30563,3134,541",9.978523
720575940880837650,"26499,3170,2590",720575940878349179,"41785,5171,3367",0.000000
720575940880837650,"26499,3170,2590",720575940889785957,"25781,3130,2539",122.470640
720575940881935185,"31571,3146,2566",720575940873509950,"29155,3903,1758",5.290097
720575940881935185,"31571,3146,2566",720575940893307467,"24104,3598,1701",0.000000
720575940881935185,"31571,3146,2566",720575940929601786,"26320,3381,1543",0.000000
720575940881935185,"31571,3146,2566",720575940912627846,"22589,3518,2073",0.000000
720575940881935185,"31571,3146,2566",720575940875009249,"24558,3736,2265",0.000000
720575940881935185,"31571,3146,2566",720575940891538468,"25430,4764,1460",27.684402
720575940881935185,"31571,3146,2566",720575940896891210,"22476,4688,1997",0.000000
720575940881935185,"31571,3146,2566",720575940875009505,"24266,4298,1651",16.426910
720575940881935185,"31571,3146,2566",720575940877168904,"27950,4274,1601",126.543398
720575940881935185,"31571,3146,2566",720575940915389853,"28063,4731,1501",68.012384
720575940881935185,"31571,3146,2566",720575940915390109,"43805,6509,1651",0.000000
720575940881935185,"31571,3146,2566",720575940859668375,"44611,6738,1017",0.000000
720575940881935185,"31571,3146,2566",720575940879241452,"12157,5778,1731",0.000000
720575940881935185,"31571,3146,2566",720575940896891466,"24510,4268,832",61.474229
720575940881935185,"31571,3146,2566",720575940892190818,"40863,5761,1321",117.518879
720575940881935185,"31571,3146,2566",720575940879813622,"37934,6202,141",0.000000
720575940881935185,"31571,3146,2566",720575940951311655,"27837,3887,654",0.000000
720575940881935185,"31571,3146,2566",720575940900275426,"17933,2855,2476",0.000000
720575940881935185,"31571,3146,2566",720575940882688412,"37209,4746,2029",113.365421
720575940881935185,"31571,3146,2566",720575940955236696,"24389,3216,2237",0.000000
720575940881935185,"31571,3146,2566",720575940881950033,"22054,2885,2756",0.000000
720575940881935185,"31571,3146,2566",720575940868783597,"30837,4276,976",0.000000
720575940881935185,"31571,3146,2566",720575940894200219,"32924,5320,1118",124.784256
720575940881935185,"31571,3146,2566",720575940915390365,"20825,5711,2247",18.017520
720575940881935185,"31571,3146,2566",720575940875009761,"30563,3134,541",0.000000
720575940881935185,"31571,3146,2566",720575940878349179,"41785,5171,3367",0.000000
720575940881935185,"31571,3146,2566",720575940889785957,"25781,3130,2539",0.000000
720575940903751971,"25164,2749,1223",720575940873509950,"29155,3903,1758",0.000000
720575940903751971,"25164,2749,1223",720575940893307467,"24104,3598,1701",39.405615
720575940903751971,"25164,2749,1223",720575940929601786,"26320,3381,1543",137.550824
720575940903751971,"25164,2749,1223",720575940912627846,"22589,3518,2073",105.195777
720575940903751971,"25164,2749,1223",720575940875009249,"24558,3736,2265",96.221674
720575940903751971,"25164,2749,1223",720575940891538468,"25430,4764,1460",162.334330
720575940903751971,"25164,2749,1223",720575940896891210,"22476,4688,1997",161.031168
720575940903751971,"25164,2749,1223",720575940875009505,"24266,4298,1651",107.247451
720575940903751971,"25164,2749,1223",720575940877168904,"27950,4274,1601",87.544216
720575940903751971,"25164,2749,1223",720575940915389853,"28063,4731,1501",164.809849
720575940903751971,"25164,2749,1223",720575940915390109,"43805,6509,1651",0.000000
720575940903751971,"25164,2749,1223",720575940859668375,"44611,6738,1017",0.000000
720575940903751971,"25164,2749,1223",720575940879241452,"12157,5778,1731",108.056542
720575940903751971,"25164,2749,1223",720575940896891466,"24510,4268,832",59.663396
720575940903751971,"25164,2749,1223",720575940892190818,"40863,5761,1321",0.000000
720575940903751971,"25164,2749,1223",720575940879813622,"37934,6202,141",4.464175
720575940903751971,"25164,2749,1223",720575940951311655,"27837,3887,654",51.955114
720575940903751971,"25164,2749,1223",720575940900275426,"17933,2855,2476",16.370981
720575940903751971,"25164,2749,1223",720575940882688412,"37209,4746,2029",0.000000
720575940903751971,"25164,2749,1223",720575940955236696,"24389,3216,2237",39.472066
720575940903751971,"25164,2749,1223",720575940881950033,"22054,2885,2756",8.763078
720575940903751971,"25164,2749,1223",720575940868783597,"30837,4276,976",62.854048
720575940903751971,"25164,2749,1223",720575940894200219,"32924,5320,1118",102.167959
720575940903751971,"25164,2749,1223",720575940915390365,"20825,5711,2247",33.135437
720575940903751971,"25164,2749,1223",720575940875009761,"30563,3134,541",9.507872
720575940903751971,"25164,2749,1223",720575940878349179,"41785,5171,3367",0.000000
720575940903751971,"25164,2749,1223",720575940889785957,"25781,3130,2539",19.427719
720575940915256127,"23128,2933,1551",720575940873509950,"29155,3903,1758",28.888540
720575940915256127,"23128,2933,1551",720575940893307467,"24104,3598,1701",127.948939
720575940915256127,"23128,2933,1551",720575940929601786,"26320,3381,1543",236.765313
720575940915256127,"23128,2933,1551",720575940912627846,"22589,3518,2073",119.379866
720575940915256127,"23128,2933,1551",720575940875009249,"24558,3736,2265",30.520422
720575940915256127,"23128,2933,1551",720575940891538468,"25430,4764,1460",110.964060
720575940915256127,"23128,2933,1551",720575940896891210,"22476,4688,1997",130.803396
720575940915256127,"23128,2933,1551",720575940875009505,"24266,4298,1651",110.026695
720575940915256127,"23128,2933,1551",720575940877168904,"27950,4274,1601",32.807453
720575940915256127,"23128,2933,1551",720575940915389853,"28063,4731,1501",167.007837
720575940915256127,"23128,2933,1551",720575940915390109,"43805,6509,1651",0.000000
720575940915256127,"23128,2933,1551",720575940859668375,"44611,6738,1017",0.000000
720575940915256127,"23128,2933,1551",720575940879241452,"12157,5778,1731",15.685571
720575940915256127,"23128,2933,1551",720575940896891466,"24510,4268,832",34.357225
720575940915256127,"23128,2933,1551",720575940892190818,"40863,5761,1321",0.000000
720575940915256127,"23128,2933,1551",720575940879813622,"37934,6202,141",0.000000
720575940915256127,"23128,2933,1551",720575940951311655,"27837,3887,654",73.713195
720575940915256127,"23128,2933,1551",720575940900275426,"17933,2855,2476",62.569251
720575940915256127,"23128,2933,1551",720575940882688412,"37209,4746,2029",0.000000
720575940915256127,"23128,2933,1551",720575940955236696,"24389,3216,2237",70.577077
720575940915256127,"23128,2933,1551",720575940881950033,"22054,2885,2756",40.322908
720575940915256127,"23128,2933,1551",720575940868783597,"30837,4276,976",57.282465
720575940915256127,"23128,2933,1551",720575940894200219,"32924,5320,1118",48.881087
720575940915256127,"23128,2933,1551",720575940915390365,"20825,5711,2247",51.680141
720575940915256127,"23128,2933,1551",720575940875009761,"30563,3134,541",0.000000
720575940915256127,"23128,2933,1551",720575940878349179,"41785,5171,3367",0.000000
720575940915256127,"23128,2933,1551",720575940889785957,"25781,3130,2539",64.381294
720575940903414541,"23745,3144,1651",720575940873509950,"29155,3903,1758",102.604481
720575940903414541,"23745,3144,1651",720575940893307467,"24104,3598,1701",372.790088
720575940903414541,"23745,3144,1651",720575940929601786,"26320,3381,1543",358.557599
720575940903414541,"23745,3144,1651",720575940912627846,"22589,3518,2073",160.872911
720575940903414541,"23745,3144,1651",720575940875009249,"24558,3736,2265",136.240993
720575940903414541,"23745,3144,1651",720575940891538468,"25430,4764,1460",177.584524
720575940903414541,"23745,3144,1651",720575940896891210,"22476,4688,1997",72.407415
720575940903414541,"23745,3144,1651",720575940875009505,"24266,4298,1651",257.337320
720575940903414541,"23745,3144,1651",720575940877168904,"27950,4274,1601",8.558982
720575940903414541,"23745,3144,1651",720575940915389853,"28063,4731,1501",230.817455
720575940903414541,"23745,3144,1651",720575940915390109,"43805,6509,1651",0.000000
720575940903414541,"23745,3144,1651",720575940859668375,"44611,6738,1017",0.000000
720575940903414541,"23745,3144,1651",720575940879241452,"12157,5778,1731",34.556301
720575940903414541,"23745,3144,1651",720575940896891466,"24510,4268,832",24.335180
720575940903414541,"23745,3144,1651",720575940892190818,"40863,5761,1321",0.000000
720575940903414541,"23745,3144,1651",720575940879813622,"37934,6202,141",0.000000
720575940903414541,"23745,3144,1651",720575940951311655,"27837,3887,654",31.100915
720575940903414541,"23745,3144,1651",720575940900275426,"17933,2855,2476",7.545118
720575940903414541,"23745,3144,1651",720575940882688412,"37209,4746,2029",0.000000
720575940903414541,"23745,3144,1651",720575940955236696,"24389,3216,2237",18.687398
720575940903414541,"23745,3144,1651",720575940881950033,"22054,2885,2756",21.282612
720575940903414541,"23745,3144,1651",720575940868783597,"30837,4276,976",82.727785
720575940903414541,"23745,3144,1651",720575940894200219,"32924,5320,1118",0.000000
720575940903414541,"23745,3144,1651",720575940915390365,"20825,5711,2247",0.000000
720575940903414541,"23745,3144,1651",720575940875009761,"30563,3134,541",0.000000
720575940903414541,"23745,3144,1651",720575940878349179,"41785,5171,3367",0.000000
720575940903414541,"23745,3144,1651",720575940889785957,"25781,3130,2539",7.724576
720575940900963269,"27699,2800,2001",720575940873509950,"29155,3903,1758",75.477675
720575940900963269,"27699,2800,2001",720575940893307467,"24104,3598,1701",28.836605
720575940900963269,"27699,2800,2001",720575940929601786,"26320,3381,1543",87.776048
720575940900963269,"27699,2800,2001",720575940912627846,"22589,3518,2073",33.474031
720575940900963269,"27699,2800,2001",720575940875009249,"24558,3736,2265",53.085041
720575940900963269,"27699,2800,2001",720575940891538468,"25430,4764,1460",73.639219
720575940900963269,"27699,2800,2001",720575940896891210,"22476,4688,1997",299.046455
720575940900963269,"27699,2800,2001",720575940875009505,"24266,4298,1651",129.966862
720575940900963269,"27699,2800,2001",720575940877168904,"27950,4274,1601",98.694293
720575940900963269,"27699,2800,2001",720575940915389853,"28063,4731,1501",13.607077
720575940900963269,"27699,2800,2001",720575940915390109,"43805,6509,1651",0.000000
720575940900963269,"27699,2800,2001",720575940859668375,"44611,6738,1017",0.000000
720575940900963269,"27699,2800,2001",720575940879241452,"12157,5778,1731",0.000000
720575940900963269,"27699,2800,2001",720575940896891466,"24510,4268,832",0.000000
720575940900963269,"27699,2800,2001",720575940892190818,"40863,5761,1321",0.000000
720575940900963269,"27699,2800,2001",720575940879813622,"37934,6202,141",10.849527
720575940900963269,"27699,2800,2001",720575940951311655,"27837,3887,654",48.903710
720575940900963269,"27699,2800,2001",720575940900275426,"17933,2855,2476",0.000000
720575940900963269,"27699,2800,2001",720575940882688412,"37209,4746,2029",0.000000
720575940900963269,"27699,2800,2001",720575940955236696,"24389,3216,2237",54.744715
720575940900963269,"27699,2800,2001",720575940881950033,"22054,2885,2756",0.000000
720575940900963269,"27699,2800,2001",720575940868783597,"30837,4276,976",10.335160
720575940900963269,"27699,2800,2001",720575940894200219,"32924,5320,1118",116.040150
720575940900963269,"27699,2800,2001",720575940915390365,"20825,5711,2247",11.650765
720575940900963269,"27699,2800,2001",720575940875009761,"30563,3134,541",57.319183
720575940900963269,"27699,2800,2001",720575940878349179,"41785,5171,3367",0.000000
720575940900963269,"27699,2800,2001",720575940889785957,"25781,3130,2539",31.351631
720575940894116163,"27211,2509,1801",720575940873509950,"29155,3903,1758",0.000000
720575940894116163,"27211,2509,1801",720575940893307467,"24104,3598,1701",105.528803
720575940894116163,"27211,2509,1801",720575940929601786,"26320,3381,1543",90.663777
720575940894116163,"27211,2509,1801",720575940912627846,"22589,3518,2073",64.754194
720575940894116163,"27211,2509,1801",720575940875009249,"24558,3736,2265",21.387093
720575940894116163,"27211,2509,1801",720575940891538468,"25430,4764,1460",26.469942
720575940894116163,"27211,2509,1801",720575940896891210,"22476,4688,1997",3.559272
720575940894116163,"27211,2509,1801",720575940875009505,"24266,4298,1651",9.692775
720575940894116163,"27211,2509,1801",720575940877168904,"27950,4274,1601",11.479984
720575940894116163,"27211,2509,1801",720575940915389853,"28063,4731,1501",26.217205
720575940894116163,"27211,2509,1801",720575940915390109,"43805,6509,1651",0.000000
720575940894116163,"27211,2509,1801",720575940859668375,"44611,6738,1017",0.000000
720575940894116163,"27211,2509,1801",720575940879241452,"12157,5778,1731",0.000000
720575940894116163,"27211,2509,1801",720575940896891466,"24510,4268,832",9.362357
720575940894116163,"27211,2509,1801",720575940892190818,"40863,5761,1321",10.809422
720575940894116163,"27211,2509,1801",720575940879813622,"37934,6202,141",5.344326
720575940894116163,"27211,2509,1801",720575940951311655,"27837,3887,654",102.648370
720575940894116163,"27211,2509,1801",720575940900275426,"17933,2855,2476",0.000000
720575940894116163,"27211,2509,1801",720575940882688412,"37209,4746,2029",12.665052
720575940894116163,"27211,2509,1801",720575940955236696,"24389,3216,2237",24.201071
720575940894116163,"27211,2509,1801",720575940881950033,"22054,2885,2756",7.819417
720575940894116163,"27211,2509,1801",720575940868783597,"30837,4276,976",47.790711
720575940894116163,"27211,2509,1801",720575940894200219,"32924,5320,1118",9.084232
720575940894116163,"27211,2509,1801",720575940915390365,"20825,5711,2247",0.000000
720575940894116163,"27211,2509,1801",720575940875009761,"30563,3134,541",8.141488
720575940894116163,"27211,2509,1801",720575940878349179,"41785,5171,3367",0.000000
720575940894116163,"27211,2509,1801",720575940889785957,"25781,3130,2539",67.588292
720575940894647859,"27469,2910,1701",720575940873509950,"29155,3903,1758",151.269722
720575940894647859,"27469,2910,1701",720575940893307467,"24104,3598,1701",198.782609
720575940894647859,"27469,2910,1701",720575940929601786,"26320,3381,1543",71.239169
720575940894647859,"27469,2910,1701",720575940912627846,"22589,3518,2073",240.945650
720575940894647859,"27469,2910,1701",720575940875009249,"24558,3736,2265",161.258233
720575940894647859,"27469,2910,1701",720575940891538468,"25430,4764,1460",56.560531
720575940894647859,"27469,2910,1701",720575940896891210,"22476,4688,1997",504.971227
720575940894647859,"27469,2910,1701",720575940875009505,"24266,4298,1651",101.318577
720575940894647859,"27469,2910,1701",720575940877168904,"27950,4274,1601",138.893352
720575940894647859,"27469,2910,1701",720575940915389853,"28063,4731,1501",36.938774
720575940894647859,"27469,2910,1701",720575940915390109,"43805,6509,1651",0.000000
720575940894647859,"27469,2910,1701",720575940859668375,"44611,6738,1017",0.000000
720575940894647859,"27469,2910,1701",720575940879241452,"12157,5778,1731",14.988947
720575940894647859,"27469,2910,1701",720575940896891466,"24510,4268,832",96.819756
720575940894647859,"27469,2910,1701",720575940892190818,"40863,5761,1321",0.000000
720575940894647859,"27469,2910,1701",720575940879813622,"37934,6202,141",0.000000
720575940894647859,"27469,2910,1701",720575940951311655,"27837,3887,654",41.474701
720575940894647859,"27469,2910,1701",720575940900275426,"17933,2855,2476",0.000000
720575940894647859,"27469,2910,1701",720575940882688412,"37209,4746,2029",0.000000
720575940894647859,"27469,2910,1701",720575940955236696,"24389,3216,2237",0.000000
720575940894647859,"27469,2910,1701",720575940881950033,"22054,2885,2756",48.142151
720575940894647859,"27469,2910,1701",720575940868783597,"30837,4276,976",9.387514
720575940894647859,"27469,2910,1701",720575940894200219,"32924,5320,1118",291.862734
720575940894647859,"27469,2910,1701",720575940915390365,"20825,5711,2247",145.048446
720575940894647859,"27469,2910,1701",720575940875009761,"30563,3134,541",98.141236
720575940894647859,"27469,2910,1701",720575940878349179,"41785,5171,3367",0.000000
720575940894647859,"27469,2910,1701",720575940889785957,"25781,3130,2539",4.863568
720575940910607129,"22882,2786,1353",720575940873509950,"29155,3903,1758",0.000000
720575940910607129,"22882,2786,1353",720575940893307467,"24104,3598,1701",87.924544
720575940910607129,"22882,2786,1353",720575940929601786,"26320,3381,1543",106.355534
720575940910607129,"22882,2786,1353",720575940912627846,"22589,3518,2073",5.973380
720575940910607129,"22882,2786,1353",720575940875009249,"24558,3736,2265",0.000000
720575940910607129,"22882,2786,1353",720575940891538468,"25430,4764,1460",50.797623
720575940910607129,"22882,2786,1353",720575940896891210,"22476,4688,1997",14.860070
720575940910607129,"22882,2786,1353",720575940875009505,"24266,4298,1651",95.239069
720575940910607129,"22882,2786,1353",720575940877168904,"27950,4274,1601",8.444218
720575940910607129,"22882,2786,1353",720575940915389853,"28063,4731,1501",153.288405
720575940910607129,"22882,2786,1353",720575940915390109,"43805,6509,1651",0.000000
720575940910607129,"22882,2786,1353",720575940859668375,"44611,6738,1017",0.000000
720575940910607129,"22882,2786,1353",720575940879241452,"12157,5778,1731",10.054261
720575940910607129,"22882,2786,1353",720575940896891466,"24510,4268,832",39.822275
720575940910607129,"22882,2786,1353",720575940892190818,"40863,5761,1321",0.000000
720575940910607129,"22882,2786,1353",720575940879813622,"37934,6202,141",0.000000
720575940910607129,"22882,2786,1353",720575940951311655,"27837,3887,654",25.455302
720575940910607129,"22882,2786,1353",720575940900275426,"17933,2855,2476",18.068709
720575940910607129,"22882,2786,1353",720575940882688412,"37209,4746,2029",0.000000
720575940910607129,"22882,2786,1353",720575940955236696,"24389,3216,2237",41.829554
720575940910607129,"22882,2786,1353",720575940881950033,"22054,2885,2756",0.000000
720575940910607129,"22882,2786,1353",720575940868783597,"30837,4276,976",79.757841
720575940910607129,"22882,2786,1353",720575940894200219,"32924,5320,1118",14.305648
720575940910607129,"22882,2786,1353",720575940915390365,"20825,5711,2247",0.000000
720575940910607129,"22882,2786,1353",720575940875009761,"30563,3134,541",5.086636
720575940910607129,"22882,2786,1353",720575940878349179,"41785,5171,3367",0.000000
720575940910607129,"22882,2786,1353",720575940889785957,"25781,3130,2539",25.761694
720575940915578005,"30705,2860,2818",720575940873509950,"29155,3903,1758",0.000000
720575940915578005,"30705,2860,2818",720575940893307467,"24104,3598,1701",0.000000
720575940915578005,"30705,2860,2818",720575940929601786,"26320,3381,1543",0.000000
720575940915578005,"30705,2860,2818",720575940912627846,"22589,3518,2073",0.000000
720575940915578005,"30705,2860,2818",720575940875009249,"24558,3736,2265",0.000000
720575940915578005,"30705,2860,2818",720575940891538468,"25430,4764,1460",0.000000
720575940915578005,"30705,2860,2818",720575940896891210,"22476,4688,1997",0.000000
720575940915578005,"30705,2860,2818",720575940875009505,"24266,4298,1651",0.000000
720575940915578005,"30705,2860,2818",720575940877168904,"27950,4274,1601",0.000000
720575940915578005,"30705,2860,2818",720575940915389853,"28063,4731,1501",7.101234
720575940915578005,"30705,2860,2818",720575940915390109,"43805,6509,1651",0.000000
720575940915578005,"30705,2860,2818",720575940859668375,"44611,6738,1017",0.000000
720575940915578005,"30705,2860,2818",720575940879241452,"12157,5778,1731",0.000000
720575940915578005,"30705,2860,2818",720575940896891466,"24510,4268,832",11.238785
720575940915578005,"30705,2860,2818",720575940892190818,"40863,5761,1321",5.634383
720575940915578005,"30705,2860,2818",720575940879813622,"37934,6202,141",0.000000
720575940915578005,"30705,2860,2818",720575940951311655,"27837,3887,654",0.000000
720575940915578005,"30705,2860,2818",720575940900275426,"17933,2855,2476",0.000000
720575940915578005,"30705,2860,2818",720575940882688412,"37209,4746,2029",0.000000
720575940915578005,"30705,2860,2818",720575940955236696,"24389,3216,2237",0.000000
720575940915578005,"30705,2860,2818",720575940881950033,"22054,2885,2756",0.000000
720575940915578005,"30705,2860,2818",720575940868783597,"30837,4276,976",0.000000
720575940915578005,"30705,2860,2818",720575940894200219,"32924,5320,1118",9.159920
720575940915578005,"30705,2860,2818",720575940915390365,"20825,5711,2247",5.277445
720575940915578005,"30705,2860,2818",720575940875009761,"30563,3134,541",14.775285
720575940915578005,"30705,2860,2818",720575940878349179,"41785,5171,3367",0.000000
720575940915578005,"30705,2860,2818",720575940889785957,"25781,3130,2539",11.265201
720575940917975893,"23517,2768,2853",720575940873509950,"29155,3903,1758",0.000000
720575940917975893,"23517,2768,2853",720575940893307467,"24104,3598,1701",0.000000
720575940917975893,"23517,2768,2853",720575940929601786,"26320,3381,1543",2.425407
720575940917975893,"23517,2768,2853",720575940912627846,"22589,3518,2073",0.000000
720575940917975893,"23517,2768,2853",720575940875009249,"24558,3736,2265",0.000000
720575940917975893,"23517,2768,2853",720575940891538468,"25430,4764,1460",0.000000
720575940917975893,"23517,2768,2853",720575940896891210,"22476,4688,1997",0.000000
720575940917975893,"23517,2768,2853",720575940875009505,"24266,4298,1651",0.000000
720575940917975893,"23517,2768,2853",720575940877168904,"27950,4274,1601",5.623046
720575940917975893,"23517,2768,2853",720575940915389853,"28063,4731,1501",0.000000
720575940917975893,"23517,2768,2853",720575940915390109,"43805,6509,1651",0.000000
720575940917975893,"23517,2768,2853",720575940859668375,"44611,6738,1017",0.000000
720575940917975893,"23517,2768,2853",720575940879241452,"12157,5778,1731",17.857639
720575940917975893,"23517,2768,2853",720575940896891466,"24510,4268,832",73.743493
720575940917975893,"23517,2768,2853",720575940892190818,"40863,5761,1321",0.000000
720575940917975893,"23517,2768,2853",720575940879813622,"37934,6202,141",0.000000
720575940917975893,"23517,2768,2853",720575940951311655,"27837,3887,654",42.290910
720575940917975893,"23517,2768,2853",720575940900275426,"17933,2855,2476",0.000000
720575940917975893,"23517,2768,2853",720575940882688412,"37209,4746,2029",0.000000
720575940917975893,"23517,2768,2853",720575940955236696,"24389,3216,2237",110.295577
720575940917975893,"23517,2768,2853",720575940881950033,"22054,2885,2756",50.184693
720575940917975893,"23517,2768,2853",720575940868783597,"30837,4276,976",0.000000
720575940917975893,"23517,2768,2853",720575940894200219,"32924,5320,1118",6.898320
720575940917975893,"23517,2768,2853",720575940915390365,"20825,5711,2247",128.249103
720575940917975893,"23517,2768,2853",720575940875009761,"30563,3134,541",0.000000
720575940917975893,"23517,2768,2853",720575940878349179,"41785,5171,3367",0.000000
720575940917975893,"23517,2768,2853",720575940889785957,"25781,3130,2539",65.326687
720575940927244256,"21338,2889,1801",720575940873509950,"29155,3903,1758",0.000000
720575940927244256,"21338,2889,1801",720575940893307467,"24104,3598,1701",41.162761
720575940927244256,"21338,2889,1801",720575940929601786,"26320,3381,1543",61.880805
720575940927244256,"21338,2889,1801",720575940912627846,"22589,3518,2073",0.000000
720575940927244256,"21338,2889,1801",720575940875009249,"24558,3736,2265",14.938346
720575940927244256,"21338,2889,1801",720575940891538468,"25430,4764,1460",50.830671
720575940927244256,"21338,2889,1801",720575940896891210,"22476,4688,1997",0.000000
720575940927244256,"21338,2889,1801",720575940875009505,"24266,4298,1651",20.282726
720575940927244256,"21338,2889,1801",720575940877168904,"27950,4274,1601",0.000000
720575940927244256,"21338,2889,1801",720575940915389853,"28063,4731,1501",96.124521
720575940927244256,"21338,2889,1801",720575940915390109,"43805,6509,1651",0.000000
720575940927244256,"21338,2889,1801",720575940859668375,"44611,6738,1017",0.000000
720575940927244256,"21338,2889,1801",720575940879241452,"12157,5778,1731",59.794422
720575940927244256,"21338,2889,1801",720575940896891466,"24510,4268,832",20.943035
720575940927244256,"21338,2889,1801",720575940892190818,"40863,5761,1321",0.000000
720575940927244256,"21338,2889,1801",720575940879813622,"37934,6202,141",0.000000
720575940927244256,"21338,2889,1801",720575940951311655,"27837,3887,654",27.012149
720575940927244256,"21338,2889,1801",720575940900275426,"17933,2855,2476",0.000000
720575940927244256,"21338,2889,1801",720575940882688412,"37209,4746,2029",0.000000
720575940927244256,"21338,2889,1801",720575940955236696,"24389,3216,2237",56.791057
720575940927244256,"21338,2889,1801",720575940881950033,"22054,2885,2756",41.206723
720575940927244256,"21338,2889,1801",720575940868783597,"30837,4276,976",10.301651
720575940927244256,"21338,2889,1801",720575940894200219,"32924,5320,1118",4.336042
720575940927244256,"21338,2889,1801",720575940915390365,"20825,5711,2247",33.251857
720575940927244256,"21338,2889,1801",720575940875009761,"30563,3134,541",0.000000
720575940927244256,"21338,2889,1801",720575940878349179,"41785,5171,3367",0.000000
720575940927244256,"21338,2889,1801",720575940889785957,"25781,3130,2539",47.567144
720575940918815793,"27220,3010,929",720575940873509950,"29155,3903,1758",0.000000
720575940918815793,"27220,3010,929",720575940893307467,"24104,3598,1701",0.000000
720575940918815793,"27220,3010,929",720575940929601786,"26320,3381,1543",0.000000
720575940918815793,"27220,3010,929",720575940912627846,"22589,3518,2073",0.000000
720575940918815793,"27220,3010,929",720575940875009249,"24558,3736,2265",0.000000
720575940918815793,"27220,3010,929",720575940891538468,"25430,4764,1460",0.000000
720575940918815793,"27220,3010,929",720575940896891210,"22476,4688,1997",0.000000
720575940918815793,"27220,3010,929",720575940875009505,"24266,4298,1651",0.000000
720575940918815793,"27220,3010,929",720575940877168904,"27950,4274,1601",0.000000
720575940918815793,"27220,3010,929",720575940915389853,"28063,4731,1501",0.000000
720575940918815793,"27220,3010,929",720575940915390109,"43805,6509,1651",0.000000
720575940918815793,"27220,3010,929",720575940859668375,"44611,6738,1017",0.000000
720575940918815793,"27220,3010,929",720575940879241452,"12157,5778,1731",0.000000
720575940918815793,"27220,3010,929",720575940896891466,"24510,4268,832",63.230925
720575940918815793,"27220,3010,929",720575940892190818,"40863,5761,1321",0.000000
720575940918815793,"27220,3010,929",720575940879813622,"37934,6202,141",5.255762
720575940918815793,"27220,3010,929",720575940951311655,"27837,3887,654",10.017753
720575940918815793,"27220,3010,929",720575940900275426,"17933,2855,2476",0.000000
720575940918815793,"27220,3010,929",720575940882688412,"37209,4746,2029",0.000000
720575940918815793,"27220,3010,929",720575940955236696,"24389,3216,2237",141.070333
720575940918815793,"27220,3010,929",720575940881950033,"22054,2885,2756",6.010227
720575940918815793,"27220,3010,929",720575940868783597,"30837,4276,976",76.657757
720575940918815793,"27220,3010,929",720575940894200219,"32924,5320,1118",0.000000
720575940918815793,"27220,3010,929",720575940915390365,"20825,5711,2247",0.000000
720575940918815793,"27220,3010,929",720575940875009761,"30563,3134,541",85.138642
720575940918815793,"27220,3010,929",720575940878349179,"41785,5171,3367",0.000000
720575940918815793,"27220,3010,929",720575940889785957,"25781,3130,2539",10.837954
720575940927244512,"28213,3111,2377",720575940873509950,"29155,3903,1758",18.129050
720575940927244512,"28213,3111,2377",720575940893307467,"24104,3598,1701",0.000000
720575940927244512,"28213,3111,2377",720575940929601786,"26320,3381,1543",8.048441
720575940927244512,"28213,3111,2377",720575940912627846,"22589,3518,2073",0.000000
720575940927244512,"28213,3111,2377",720575940875009249,"24558,3736,2265",20.897222
720575940927244512,"28213,3111,2377",720575940891538468,"25430,4764,1460",0.000000
720575940927244512,"28213,3111,2377",720575940896891210,"22476,4688,1997",5.819855
720575940927244512,"28213,3111,2377",720575940875009505,"24266,4298,1651",9.990213
720575940927244512,"28213,3111,2377",720575940877168904,"27950,4274,1601",29.135441
720575940927244512,"28213,3111,2377",720575940915389853,"28063,4731,1501",0.000000
720575940927244512,"28213,3111,2377",720575940915390109,"43805,6509,1651",0.000000
720575940927244512,"28213,3111,2377",720575940859668375,"44611,6738,1017",0.000000
720575940927244512,"28213,3111,2377",720575940879241452,"12157,5778,1731",0.000000
720575940927244512,"28213,3111,2377",720575940896891466,"24510,4268,832",10.667813
720575940927244512,"28213,3111,2377",720575940892190818,"40863,5761,1321",38.293546
720575940927244512,"28213,3111,2377",720575940879813622,"37934,6202,141",0.000000
720575940927244512,"28213,3111,2377",720575940951311655,"27837,3887,654",30.183620
720575940927244512,"28213,3111,2377",720575940900275426,"17933,2855,2476",0.000000
720575940927244512,"28213,3111,2377",720575940882688412,"37209,4746,2029",11.589677
720575940927244512,"28213,3111,2377",720575940955236696,"24389,3216,2237",18.295845
720575940927244512,"28213,3111,2377",720575940881950033,"22054,2885,2756",0.000000
720575940927244512,"28213,3111,2377",720575940868783597,"30837,4276,976",0.000000
720575940927244512,"28213,3111,2377",720575940894200219,"32924,5320,1118",47.706547
720575940927244512,"28213,3111,2377",720575940915390365,"20825,5711,2247",74.859778
720575940927244512,"28213,3111,2377",720575940875009761,"30563,3134,541",33.364082
720575940927244512,"28213,3111,2377",720575940878349179,"41785,5171,3367",0.000000
720575940927244512,"28213,3111,2377",720575940889785957,"25781,3130,2539",82.207799
720575940899432749,"25205,3043,1212",720575940873509950,"29155,3903,1758",0.000000
720575940899432749,"25205,3043,1212",720575940893307467,"24104,3598,1701",59.643252
720575940899432749,"25205,3043,1212",720575940929601786,"26320,3381,1543",16.805885
720575940899432749,"25205,3043,1212",720575940912627846,"22589,3518,2073",0.000000
720575940899432749,"25205,3043,1212",720575940875009249,"24558,3736,2265",0.000000
720575940899432749,"25205,3043,1212",720575940891538468,"25430,4764,1460",4.916677
720575940899432749,"25205,3043,1212",720575940896891210,"22476,4688,1997",11.791739
720575940899432749,"25205,3043,1212",720575940875009505,"24266,4298,1651",5.464996
720575940899432749,"25205,3043,1212",720575940877168904,"27950,4274,1601",0.000000
720575940899432749,"25205,3043,1212",720575940915389853,"28063,4731,1501",50.277979
720575940899432749,"25205,3043,1212",720575940915390109,"43805,6509,1651",0.000000
720575940899432749,"25205,3043,1212",720575940859668375,"44611,6738,1017",0.000000
720575940899432749,"25205,3043,1212",720575940879241452,"12157,5778,1731",18.266546
720575940899432749,"25205,3043,1212",720575940896891466,"24510,4268,832",85.645409
720575940899432749,"25205,3043,1212",720575940892190818,"40863,5761,1321",0.000000
720575940899432749,"25205,3043,1212",720575940879813622,"37934,6202,141",0.000000
720575940899432749,"25205,3043,1212",720575940951311655,"27837,3887,654",10.892860
720575940899432749,"25205,3043,1212",720575940900275426,"17933,2855,2476",0.000000
720575940899432749,"25205,3043,1212",720575940882688412,"37209,4746,2029",0.000000
720575940899432749,"25205,3043,1212",720575940955236696,"24389,3216,2237",10.757674
720575940899432749,"25205,3043,1212",720575940881950033,"22054,2885,2756",22.777900
720575940899432749,"25205,3043,1212",720575940868783597,"30837,4276,976",131.072152
720575940899432749,"25205,3043,1212",720575940894200219,"32924,5320,1118",0.000000
720575940899432749,"25205,3043,1212",720575940915390365,"20825,5711,2247",27.966802
720575940899432749,"25205,3043,1212",720575940875009761,"30563,3134,541",10.432132
720575940899432749,"25205,3043,1212",720575940878349179,"41785,5171,3367",0.000000
720575940899432749,"25205,3043,1212",720575940889785957,"25781,3130,2539",0.000000
720575940899433005,"15812,2910,1325",720575940873509950,"29155,3903,1758",0.000000
720575940899433005,"15812,2910,1325",720575940893307467,"24104,3598,1701",0.000000
720575940899433005,"15812,2910,1325",720575940929601786,"26320,3381,1543",0.000000
720575940899433005,"15812,2910,1325",720575940912627846,"22589,3518,2073",0.000000
720575940899433005,"15812,2910,1325",720575940875009249,"24558,3736,2265",0.000000
720575940899433005,"15812,2910,1325",720575940891538468,"25430,4764,1460",0.000000
720575940899433005,"15812,2910,1325",720575940896891210,"22476,4688,1997",0.000000
720575940899433005,"15812,2910,1325",720575940875009505,"24266,4298,1651",0.000000
720575940899433005,"15812,2910,1325",720575940877168904,"27950,4274,1601",0.000000
720575940899433005,"15812,2910,1325",720575940915389853,"28063,4731,1501",29.045427
720575940899433005,"15812,2910,1325",720575940915390109,"43805,6509,1651",0.000000
720575940899433005,"15812,2910,1325",720575940859668375,"44611,6738,1017",0.000000
720575940899433005,"15812,2910,1325",720575940879241452,"12157,5778,1731",0.000000
720575940899433005,"15812,2910,1325",720575940896891466,"24510,4268,832",0.000000
720575940899433005,"15812,2910,1325",720575940892190818,"40863,5761,1321",0.000000
720575940899433005,"15812,2910,1325",720575940879813622,"37934,6202,141",0.000000
720575940899433005,"15812,2910,1325",720575940951311655,"27837,3887,654",0.000000
720575940899433005,"15812,2910,1325",720575940900275426,"17933,2855,2476",71.332772
720575940899433005,"15812,2910,1325",720575940882688412,"37209,4746,2029",0.000000
720575940899433005,"15812,2910,1325",720575940955236696,"24389,3216,2237",0.000000
720575940899433005,"15812,2910,1325",720575940881950033,"22054,2885,2756",13.838653
720575940899433005,"15812,2910,1325",720575940868783597,"30837,4276,976",0.000000
720575940899433005,"15812,2910,1325",720575940894200219,"32924,5320,1118",0.000000
720575940899433005,"15812,2910,1325",720575940915390365,"20825,5711,2247",0.000000
720575940899433005,"15812,2910,1325",720575940875009761,"30563,3134,541",0.000000
720575940899433005,"15812,2910,1325",720575940878349179,"41785,5171,3367",0.000000
720575940899433005,"15812,2910,1325",720575940889785957,"25781,3130,2539",0.000000
720575940909797811,"29495,2849,1370",720575940873509950,"29155,3903,1758",31.123198
720575940909797811,"29495,2849,1370",720575940893307467,"24104,3598,1701",0.000000
720575940909797811,"29495,2849,1370",720575940929601786,"26320,3381,1543",79.041409
720575940909797811,"29495,2849,1370",720575940912627846,"22589,3518,2073",0.000000
720575940909797811,"29495,2849,1370",720575940875009249,"24558,3736,2265",10.287132
720575940909797811,"29495,2849,1370",720575940891538468,"25430,4764,1460",0.000000
720575940909797811,"29495,2849,1370",720575940896891210,"22476,4688,1997",0.000000
720575940909797811,"29495,2849,1370",720575940875009505,"24266,4298,1651",0.000000
720575940909797811,"29495,2849,1370",720575940877168904,"27950,4274,1601",8.720204
720575940909797811,"29495,2849,1370",720575940915389853,"28063,4731,1501",29.495186
720575940909797811,"29495,2849,1370",720575940915390109,"43805,6509,1651",18.971001
720575940909797811,"29495,2849,1370",720575940859668375,"44611,6738,1017",0.000000
720575940909797811,"29495,2849,1370",720575940879241452,"12157,5778,1731",0.000000
720575940909797811,"29495,2849,1370",720575940896891466,"24510,4268,832",0.000000
720575940909797811,"29495,2849,1370",720575940892190818,"40863,5761,1321",39.140150
720575940909797811,"29495,2849,1370",720575940879813622,"37934,6202,141",14.580635
720575940909797811,"29495,2849,1370",720575940951311655,"27837,3887,654",25.024165
720575940909797811,"29495,2849,1370",720575940900275426,"17933,2855,2476",0.000000
720575940909797811,"29495,2849,1370",720575940882688412,"37209,4746,2029",0.000000
720575940909797811,"29495,2849,1370",720575940955236696,"24389,3216,2237",78.093459
720575940909797811,"29495,2849,1370",720575940881950033,"22054,2885,2756",0.000000
720575940909797811,"29495,2849,1370",720575940868783597,"30837,4276,976",138.270572
720575940909797811,"29495,2849,1370",720575940894200219,"32924,5320,1118",41.786288
720575940909797811,"29495,2849,1370",720575940915390365,"20825,5711,2247",0.000000
720575940909797811,"29495,2849,1370",720575940875009761,"30563,3134,541",59.081631
720575940909797811,"29495,2849,1370",720575940878349179,"41785,5171,3367",0.000000
720575940909797811,"29495,2849,1370",720575940889785957,"25781,3130,2539",18.941706
720575940865467295,"32747,3541,355",720575940873509950,"29155,3903,1758",0.000000
720575940865467295,"32747,3541,355",720575940893307467,"24104,3598,1701",0.000000
720575940865467295,"32747,3541,355",720575940929601786,"26320,3381,1543",0.000000
720575940865467295,"32747,3541,355",720575940912627846,"22589,3518,2073",0.000000
720575940865467295,"32747,3541,355",720575940875009249,"24558,3736,2265",0.000000
720575940865467295,"32747,3541,355",720575940891538468,"25430,4764,1460",24.987840
720575940865467295,"32747,3541,355",720575940896891210,"22476,4688,1997",0.000000
720575940865467295,"32747,3541,355",720575940875009505,"24266,4298,1651",58.297271
720575940865467295,"32747,3541,355",720575940877168904,"27950,4274,1601",0.000000
720575940865467295,"32747,3541,355",720575940915389853,"28063,4731,1501",7.523218
720575940865467295,"32747,3541,355",720575940915390109,"43805,6509,1651",0.000000
720575940865467295,"32747,3541,355",720575940859668375,"44611,6738,1017",0.000000
720575940865467295,"32747,3541,355",720575940879241452,"12157,5778,1731",0.000000
720575940865467295,"32747,3541,355",720575940896891466,"24510,4268,832",42.787896
720575940865467295,"32747,3541,355",720575940892190818,"40863,5761,1321",14.199011
720575940865467295,"32747,3541,355",720575940879813622,"37934,6202,141",40.136402
720575940865467295,"32747,3541,355",720575940951311655,"27837,3887,654",16.077750
720575940865467295,"32747,3541,355",720575940900275426,"17933,2855,2476",0.000000
720575940865467295,"32747,3541,355",720575940882688412,"37209,4746,2029",0.000000
720575940865467295,"32747,3541,355",720575940955236696,"24389,3216,2237",0.000000
720575940865467295,"32747,3541,355",720575940881950033,"22054,2885,2756",0.000000
720575940865467295,"32747,3541,355",720575940868783597,"30837,4276,976",9.301266
720575940865467295,"32747,3541,355",720575940894200219,"32924,5320,1118",0.000000
720575940865467295,"32747,3541,355",720575940915390365,"20825,5711,2247",0.000000
720575940865467295,"32747,3541,355",720575940875009761,"30563,3134,541",50.137412
720575940865467295,"32747,3541,355",720575940878349179,"41785,5171,3367",0.000000
720575940865467295,"32747,3541,355",720575940889785957,"25781,3130,2539",3.620788
720575940878325883,"13558,3006,1818",720575940873509950,"29155,3903,1758",0.000000
720575940878325883,"13558,3006,1818",720575940893307467,"24104,3598,1701",0.000000
720575940878325883,"13558,3006,1818",720575940929601786,"26320,3381,1543",0.000000
720575940878325883,"13558,3006,1818",720575940912627846,"22589,3518,2073",0.000000
720575940878325883,"13558,3006,1818",720575940875009249,"24558,3736,2265",0.000000
720575940878325883,"13558,3006,1818",720575940891538468,"25430,4764,1460",0.000000
720575940878325883,"13558,3006,1818",720575940896891210,"22476,4688,1997",0.000000
720575940878325883,"13558,3006,1818",720575940875009505,"24266,4298,1651",0.000000
720575940878325883,"13558,3006,1818",720575940877168904,"27950,4274,1601",7.698755
720575940878325883,"13558,3006,1818",720575940915389853,"28063,4731,1501",15.848451
720575940878325883,"13558,3006,1818",720575940915390109,"43805,6509,1651",0.000000
720575940878325883,"13558,3006,1818",720575940859668375,"44611,6738,1017",0.000000
720575940878325883,"13558,3006,1818",720575940879241452,"12157,5778,1731",57.311566
720575940878325883,"13558,3006,1818",720575940896891466,"24510,4268,832",0.000000
720575940878325883,"13558,3006,1818",720575940892190818,"40863,5761,1321",0.000000
720575940878325883,"13558,3006,1818",720575940879813622,"37934,6202,141",0.000000
720575940878325883,"13558,3006,1818",720575940951311655,"27837,3887,654",0.000000
720575940878325883,"13558,3006,1818",720575940900275426,"17933,2855,2476",7.635743
720575940878325883,"13558,3006,1818",720575940882688412,"37209,4746,2029",0.000000
720575940878325883,"13558,3006,1818",720575940955236696,"24389,3216,2237",0.000000
720575940878325883,"13558,3006,1818",720575940881950033,"22054,2885,2756",0.000000
720575940878325883,"13558,3006,1818",720575940868783597,"30837,4276,976",0.000000
720575940878325883,"13558,3006,1818",720575940894200219,"32924,5320,1118",0.000000
720575940878325883,"13558,3006,1818",720575940915390365,"20825,5711,2247",0.000000
720575940878325883,"13558,3006,1818",720575940875009761,"30563,3134,541",0.000000
720575940878325883,"13558,3006,1818",720575940878349179,"41785,5171,3367",0.000000
720575940878325883,"13558,3006,1818",720575940889785957,"25781,3130,2539",0.000000
720575940893156522,"33659,3381,1984",720575940873509950,"29155,3903,1758",24.263684
720575940893156522,"33659,3381,1984",720575940893307467,"24104,3598,1701",0.000000
720575940893156522,"33659,3381,1984",720575940929601786,"26320,3381,1543",2.812046
720575940893156522,"33659,3381,1984",720575940912627846,"22589,3518,2073",0.000000
720575940893156522,"33659,3381,1984",720575940875009249,"24558,3736,2265",0.000000
720575940893156522,"33659,3381,1984",720575940891538468,"25430,4764,1460",50.676368
720575940893156522,"33659,3381,1984",720575940896891210,"22476,4688,1997",0.000000
720575940893156522,"33659,3381,1984",720575940875009505,"24266,4298,1651",30.686441
720575940893156522,"33659,3381,1984",720575940877168904,"27950,4274,1601",175.668404
720575940893156522,"33659,3381,1984",720575940915389853,"28063,4731,1501",50.396341
720575940893156522,"33659,3381,1984",720575940915390109,"43805,6509,1651",8.425274
720575940893156522,"33659,3381,1984",720575940859668375,"44611,6738,1017",0.000000
720575940893156522,"33659,3381,1984",720575940879241452,"12157,5778,1731",0.000000
720575940893156522,"33659,3381,1984",720575940896891466,"24510,4268,832",0.000000
720575940893156522,"33659,3381,1984",720575940892190818,"40863,5761,1321",122.911099
720575940893156522,"33659,3381,1984",720575940879813622,"37934,6202,141",0.000000
720575940893156522,"33659,3381,1984",720575940951311655,"27837,3887,654",11.959309
720575940893156522,"33659,3381,1984",720575940900275426,"17933,2855,2476",0.000000
720575940893156522,"33659,3381,1984",720575940882688412,"37209,4746,2029",109.347836
720575940893156522,"33659,3381,1984",720575940955236696,"24389,3216,2237",0.000000
720575940893156522,"33659,3381,1984",720575940881950033,"22054,2885,2756",0.000000
720575940893156522,"33659,3381,1984",720575940868783597,"30837,4276,976",0.000000
720575940893156522,"33659,3381,1984",720575940894200219,"32924,5320,1118",29.805609
720575940893156522,"33659,3381,1984",720575940915390365,"20825,5711,2247",0.000000
720575940893156522,"33659,3381,1984",720575940875009761,"30563,3134,541",0.000000
720575940893156522,"33659,3381,1984",720575940878349179,"41785,5171,3367",0.000000
720575940893156522,"33659,3381,1984",720575940889785957,"25781,3130,2539",0.000000
720575940922795818,"29758,2621,1944",720575940873509950,"29155,3903,1758",367.384957
720575940922795818,"29758,2621,1944",720575940893307467,"24104,3598,1701",29.108105
720575940922795818,"29758,2621,1944",720575940929601786,"26320,3381,1543",124.129776
720575940922795818,"29758,2621,1944",720575940912627846,"22589,3518,2073",0.000000
720575940922795818,"29758,2621,1944",720575940875009249,"24558,3736,2265",45.998680
720575940922795818,"29758,2621,1944",720575940891538468,"25430,4764,1460",27.918178
720575940922795818,"29758,2621,1944",720575940896891210,"22476,4688,1997",24.920582
720575940922795818,"29758,2621,1944",720575940875009505,"24266,4298,1651",40.728142
720575940922795818,"29758,2621,1944",720575940877168904,"27950,4274,1601",76.651449
720575940922795818,"29758,2621,1944",720575940915389853,"28063,4731,1501",25.342479
720575940922795818,"29758,2621,1944",720575940915390109,"43805,6509,1651",0.000000
720575940922795818,"29758,2621,1944",720575940859668375,"44611,6738,1017",0.000000
720575940922795818,"29758,2621,1944",720575940879241452,"12157,5778,1731",0.000000
720575940922795818,"29758,2621,1944",720575940896891466,"24510,4268,832",26.418328
720575940922795818,"29758,2621,1944",720575940892190818,"40863,5761,1321",36.947339
720575940922795818,"29758,2621,1944",720575940879813622,"37934,6202,141",23.028498
720575940922795818,"29758,2621,1944",720575940951311655,"27837,3887,654",27.938299
720575940922795818,"29758,2621,1944",720575940900275426,"17933,2855,2476",0.000000
720575940922795818,"29758,2621,1944",720575940882688412,"37209,4746,2029",12.639930
720575940922795818,"29758,2621,1944",720575940955236696,"24389,3216,2237",39.456764
720575940922795818,"29758,2621,1944",720575940881950033,"22054,2885,2756",0.000000
720575940922795818,"29758,2621,1944",720575940868783597,"30837,4276,976",86.846390
720575940922795818,"29758,2621,1944",720575940894200219,"32924,5320,1118",50.300482
720575940922795818,"29758,2621,1944",720575940915390365,"20825,5711,2247",0.000000
720575940922795818,"29758,2621,1944",720575940875009761,"30563,3134,541",18.246415
720575940922795818,"29758,2621,1944",720575940878349179,"41785,5171,3367",0.000000
720575940922795818,"29758,2621,1944",720575940889785957,"25781,3130,2539",76.833343
720575940859648663,"30414,3024,1193",720575940873509950,"29155,3903,1758",145.389357
720575940859648663,"30414,3024,1193",720575940893307467,"24104,3598,1701",10.814325
720575940859648663,"30414,3024,1193",720575940929601786,"26320,3381,1543",84.731761
720575940859648663,"30414,3024,1193",720575940912627846,"22589,3518,2073",41.533341
720575940859648663,"30414,3024,1193",720575940875009249,"24558,3736,2265",26.679407
720575940859648663,"30414,3024,1193",720575940891538468,"25430,4764,1460",71.799087
720575940859648663,"30414,3024,1193",720575940896891210,"22476,4688,1997",145.472424
720575940859648663,"30414,3024,1193",720575940875009505,"24266,4298,1651",136.980156
720575940859648663,"30414,3024,1193",720575940877168904,"27950,4274,1601",103.964592
720575940859648663,"30414,3024,1193",720575940915389853,"28063,4731,1501",54.832004
720575940859648663,"30414,3024,1193",720575940915390109,"43805,6509,1651",0.000000
720575940859648663,"30414,3024,1193",720575940859668375,"44611,6738,1017",0.000000
720575940859648663,"30414,3024,1193",720575940879241452,"12157,5778,1731",0.000000
720575940859648663,"30414,3024,1193",720575940896891466,"24510,4268,832",48.691764
720575940859648663,"30414,3024,1193",720575940892190818,"40863,5761,1321",0.000000
720575940859648663,"30414,3024,1193",720575940879813622,"37934,6202,141",23.574631
720575940859648663,"30414,3024,1193",720575940951311655,"27837,3887,654",9.012527
720575940859648663,"30414,3024,1193",720575940900275426,"17933,2855,2476",0.000000
720575940859648663,"30414,3024,1193",720575940882688412,"37209,4746,2029",0.000000
720575940859648663,"30414,3024,1193",720575940955236696,"24389,3216,2237",34.604970
720575940859648663,"30414,3024,1193",720575940881950033,"22054,2885,2756",0.000000
720575940859648663,"30414,3024,1193",720575940868783597,"30837,4276,976",120.563718
720575940859648663,"30414,3024,1193",720575940894200219,"32924,5320,1118",142.427975
720575940859648663,"30414,3024,1193",720575940915390365,"20825,5711,2247",4.827593
720575940859648663,"30414,3024,1193",720575940875009761,"30563,3134,541",54.073479
720575940859648663,"30414,3024,1193",720575940878349179,"41785,5171,3367",0.000000
720575940859648663,"30414,3024,1193",720575940889785957,"25781,3130,2539",11.087946
720575940899433261,"38057,3600,399",720575940873509950,"29155,3903,1758",0.000000
720575940899433261,"38057,3600,399",720575940893307467,"24104,3598,1701",0.000000
720575940899433261,"38057,3600,399",720575940929601786,"26320,3381,1543",0.000000
720575940899433261,"38057,3600,399",720575940912627846,"22589,3518,2073",0.000000
720575940899433261,"38057,3600,399",720575940875009249,"24558,3736,2265",0.000000
720575940899433261,"38057,3600,399",720575940891538468,"25430,4764,1460",13.371134
720575940899433261,"38057,3600,399",720575940896891210,"22476,4688,1997",0.000000
720575940899433261,"38057,3600,399",720575940875009505,"24266,4298,1651",6.038869
720575940899433261,"38057,3600,399",720575940877168904,"27950,4274,1601",0.000000
720575940899433261,"38057,3600,399",720575940915389853,"28063,4731,1501",0.000000
720575940899433261,"38057,3600,399",720575940915390109,"43805,6509,1651",4.548761
720575940899433261,"38057,3600,399",720575940859668375,"44611,6738,1017",8.475696
720575940899433261,"38057,3600,399",720575940879241452,"12157,5778,1731",0.000000
720575940899433261,"38057,3600,399",720575940896891466,"24510,4268,832",11.629163
720575940899433261,"38057,3600,399",720575940892190818,"40863,5761,1321",0.000000
720575940899433261,"38057,3600,399",720575940879813622,"37934,6202,141",0.000000
720575940899433261,"38057,3600,399",720575940951311655,"27837,3887,654",0.000000
720575940899433261,"38057,3600,399",720575940900275426,"17933,2855,2476",0.000000
720575940899433261,"38057,3600,399",720575940882688412,"37209,4746,2029",13.638282
720575940899433261,"38057,3600,399",720575940955236696,"24389,3216,2237",0.000000
720575940899433261,"38057,3600,399",720575940881950033,"22054,2885,2756",0.000000
720575940899433261,"38057,3600,399",720575940868783597,"30837,4276,976",123.422443
720575940899433261,"38057,3600,399",720575940894200219,"32924,5320,1118",0.000000
720575940899433261,"38057,3600,399",720575940915390365,"20825,5711,2247",0.000000
720575940899433261,"38057,3600,399",720575940875009761,"30563,3134,541",0.000000
720575940899433261,"38057,3600,399",720575940878349179,"41785,5171,3367",0.000000
720575940899433261,"38057,3600,399",720575940889785957,"25781,3130,2539",0.000000
720575940899433517,"29668,3406,772",720575940873509950,"29155,3903,1758",0.000000
720575940899433517,"29668,3406,772",720575940893307467,"24104,3598,1701",40.501588
720575940899433517,"29668,3406,772",720575940929601786,"26320,3381,1543",63.417325
720575940899433517,"29668,3406,772",720575940912627846,"22589,3518,2073",0.000000
720575940899433517,"29668,3406,772",720575940875009249,"24558,3736,2265",0.000000
720575940899433517,"29668,3406,772",720575940891538468,"25430,4764,1460",110.733688
720575940899433517,"29668,3406,772",720575940896891210,"22476,4688,1997",10.637973
720575940899433517,"29668,3406,772",720575940875009505,"24266,4298,1651",113.651446
720575940899433517,"29668,3406,772",720575940877168904,"27950,4274,1601",0.000000
720575940899433517,"29668,3406,772",720575940915389853,"28063,4731,1501",18.949448
720575940899433517,"29668,3406,772",720575940915390109,"43805,6509,1651",0.000000
720575940899433517,"29668,3406,772",720575940859668375,"44611,6738,1017",0.000000
720575940899433517,"29668,3406,772",720575940879241452,"12157,5778,1731",0.000000
720575940899433517,"29668,3406,772",720575940896891466,"24510,4268,832",69.919895
720575940899433517,"29668,3406,772",720575940892190818,"40863,5761,1321",0.000000
720575940899433517,"29668,3406,772",720575940879813622,"37934,6202,141",17.582281
720575940899433517,"29668,3406,772",720575940951311655,"27837,3887,654",73.390389
720575940899433517,"29668,3406,772",720575940900275426,"17933,2855,2476",0.000000
720575940899433517,"29668,3406,772",720575940882688412,"37209,4746,2029",0.000000
720575940899433517,"29668,3406,772",720575940955236696,"24389,3216,2237",5.029244
720575940899433517,"29668,3406,772",720575940881950033,"22054,2885,2756",0.000000
720575940899433517,"29668,3406,772",720575940868783597,"30837,4276,976",227.674552
720575940899433517,"29668,3406,772",720575940894200219,"32924,5320,1118",0.000000
720575940899433517,"29668,3406,772",720575940915390365,"20825,5711,2247",0.000000
720575940899433517,"29668,3406,772",720575940875009761,"30563,3134,541",106.655295
720575940899433517,"29668,3406,772",720575940878349179,"41785,5171,3367",0.000000
720575940899433517,"29668,3406,772",720575940889785957,"25781,3130,2539",0.000000
720575940899433773,"29738,3475,637",720575940873509950,"29155,3903,1758",3.592748
720575940899433773,"29738,3475,637",720575940893307467,"24104,3598,1701",53.074723
720575940899433773,"29738,3475,637",720575940929601786,"26320,3381,1543",72.402202
720575940899433773,"29738,3475,637",720575940912627846,"22589,3518,2073",0.000000
720575940899433773,"29738,3475,637",720575940875009249,"24558,3736,2265",0.000000
720575940899433773,"29738,3475,637",720575940891538468,"25430,4764,1460",18.425806
720575940899433773,"29738,3475,637",720575940896891210,"22476,4688,1997",2.519895
720575940899433773,"29738,3475,637",720575940875009505,"24266,4298,1651",47.696891
720575940899433773,"29738,3475,637",720575940877168904,"27950,4274,1601",0.000000
720575940899433773,"29738,3475,637",720575940915389853,"28063,4731,1501",16.219739
720575940899433773,"29738,3475,637",720575940915390109,"43805,6509,1651",10.684938
720575940899433773,"29738,3475,637",720575940859668375,"44611,6738,1017",0.000000
720575940899433773,"29738,3475,637",720575940879241452,"12157,5778,1731",0.000000
720575940899433773,"29738,3475,637",720575940896891466,"24510,4268,832",40.245323
720575940899433773,"29738,3475,637",720575940892190818,"40863,5761,1321",0.000000
720575940899433773,"29738,3475,637",720575940879813622,"37934,6202,141",24.620874
720575940899433773,"29738,3475,637",720575940951311655,"27837,3887,654",48.246145
720575940899433773,"29738,3475,637",720575940900275426,"17933,2855,2476",0.000000
720575940899433773,"29738,3475,637",720575940882688412,"37209,4746,2029",0.000000
720575940899433773,"29738,3475,637",720575940955236696,"24389,3216,2237",27.780902
720575940899433773,"29738,3475,637",720575940881950033,"22054,2885,2756",0.000000
720575940899433773,"29738,3475,637",720575940868783597,"30837,4276,976",227.296075
720575940899433773,"29738,3475,637",720575940894200219,"32924,5320,1118",0.000000
720575940899433773,"29738,3475,637",720575940915390365,"20825,5711,2247",0.000000
720575940899433773,"29738,3475,637",720575940875009761,"30563,3134,541",73.441420
720575940899433773,"29738,3475,637",720575940878349179,"41785,5171,3367",0.000000
720575940899433773,"29738,3475,637",720575940889785957,"25781,3130,2539",0.000000
720575940927244768,"20380,3113,1579",720575940873509950,"29155,3903,1758",0.000000
720575940927244768,"20380,3113,1579",720575940893307467,"24104,3598,1701",7.301528
720575940927244768,"20380,3113,1579",720575940929601786,"26320,3381,1543",37.006870
720575940927244768,"20380,3113,1579",720575940912627846,"22589,3518,2073",0.000000
720575940927244768,"20380,3113,1579",720575940875009249,"24558,3736,2265",0.000000
720575940927244768,"20380,3113,1579",720575940891538468,"25430,4764,1460",8.181625
720575940927244768,"20380,3113,1579",720575940896891210,"22476,4688,1997",0.000000
720575940927244768,"20380,3113,1579",720575940875009505,"24266,4298,1651",6.434266
720575940927244768,"20380,3113,1579",720575940877168904,"27950,4274,1601",20.319950
720575940927244768,"20380,3113,1579",720575940915389853,"28063,4731,1501",254.572242
720575940927244768,"20380,3113,1579",720575940915390109,"43805,6509,1651",0.000000
720575940927244768,"20380,3113,1579",720575940859668375,"44611,6738,1017",0.000000
720575940927244768,"20380,3113,1579",720575940879241452,"12157,5778,1731",143.354116
720575940927244768,"20380,3113,1579",720575940896891466,"24510,4268,832",38.163814
720575940927244768,"20380,3113,1579",720575940892190818,"40863,5761,1321",0.000000
720575940927244768,"20380,3113,1579",720575940879813622,"37934,6202,141",0.000000
720575940927244768,"20380,3113,1579",720575940951311655,"27837,3887,654",0.000000
720575940927244768,"20380,3113,1579",720575940900275426,"17933,2855,2476",0.000000
720575940927244768,"20380,3113,1579",720575940882688412,"37209,4746,2029",0.000000
720575940927244768,"20380,3113,1579",720575940955236696,"24389,3216,2237",0.000000
720575940927244768,"20380,3113,1579",720575940881950033,"22054,2885,2756",12.381377
720575940927244768,"20380,3113,1579",720575940868783597,"30837,4276,976",0.000000
720575940927244768,"20380,3113,1579",720575940894200219,"32924,5320,1118",0.000000
720575940927244768,"20380,3113,1579",720575940915390365,"20825,5711,2247",34.293463
720575940927244768,"20380,3113,1579",720575940875009761,"30563,3134,541",0.000000
720575940927244768,"20380,3113,1579",720575940878349179,"41785,5171,3367",0.000000
720575940927244768,"20380,3113,1579",720575940889785957,"25781,3130,2539",0.000000
720575940896872522,"30926,2884,2367",720575940873509950,"29155,3903,1758",23.544010
720575940896872522,"30926,2884,2367",720575940893307467,"24104,3598,1701",0.000000
720575940896872522,"30926,2884,2367",720575940929601786,"26320,3381,1543",10.193474
720575940896872522,"30926,2884,2367",720575940912627846,"22589,3518,2073",0.000000
720575940896872522,"30926,2884,2367",720575940875009249,"24558,3736,2265",0.000000
720575940896872522,"30926,2884,2367",720575940891538468,"25430,4764,1460",50.697122
720575940896872522,"30926,2884,2367",720575940896891210,"22476,4688,1997",4.143203
720575940896872522,"30926,2884,2367",720575940875009505,"24266,4298,1651",17.262358
720575940896872522,"30926,2884,2367",720575940877168904,"27950,4274,1601",84.766925
720575940896872522,"30926,2884,2367",720575940915389853,"28063,4731,1501",27.779858
720575940896872522,"30926,2884,2367",720575940915390109,"43805,6509,1651",34.519142
720575940896872522,"30926,2884,2367",720575940859668375,"44611,6738,1017",0.000000
720575940896872522,"30926,2884,2367",720575940879241452,"12157,5778,1731",0.000000
720575940896872522,"30926,2884,2367",720575940896891466,"24510,4268,832",0.000000
720575940896872522,"30926,2884,2367",720575940892190818,"40863,5761,1321",85.515903
720575940896872522,"30926,2884,2367",720575940879813622,"37934,6202,141",0.000000
720575940896872522,"30926,2884,2367",720575940951311655,"27837,3887,654",0.000000
720575940896872522,"30926,2884,2367",720575940900275426,"17933,2855,2476",0.000000
720575940896872522,"30926,2884,2367",720575940882688412,"37209,4746,2029",12.613498
720575940896872522,"30926,2884,2367",720575940955236696,"24389,3216,2237",0.000000
720575940896872522,"30926,2884,2367",720575940881950033,"22054,2885,2756",0.000000
720575940896872522,"30926,2884,2367",720575940868783597,"30837,4276,976",0.000000
720575940896872522,"30926,2884,2367",720575940894200219,"32924,5320,1118",140.435746
720575940896872522,"30926,2884,2367",720575940915390365,"20825,5711,2247",0.000000
720575940896872522,"30926,2884,2367",720575940875009761,"30563,3134,541",0.000000
720575940896872522,"30926,2884,2367",720575940878349179,"41785,5171,3367",0.000000
720575940896872522,"30926,2884,2367",720575940889785957,"25781,3130,2539",107.091357
720575940891783335,"20857,2842,2420",720575940873509950,"29155,3903,1758",1.680476
720575940891783335,"20857,2842,2420",720575940893307467,"24104,3598,1701",101.178236
720575940891783335,"20857,2842,2420",720575940929601786,"26320,3381,1543",9.073285
720575940891783335,"20857,2842,2420",720575940912627846,"22589,3518,2073",100.745555
720575940891783335,"20857,2842,2420",720575940875009249,"24558,3736,2265",119.787991
720575940891783335,"20857,2842,2420",720575940891538468,"25430,4764,1460",53.172044
720575940891783335,"20857,2842,2420",720575940896891210,"22476,4688,1997",191.881126
720575940891783335,"20857,2842,2420",720575940875009505,"24266,4298,1651",24.678238
720575940891783335,"20857,2842,2420",720575940877168904,"27950,4274,1601",71.533439
720575940891783335,"20857,2842,2420",720575940915389853,"28063,4731,1501",10.680857
720575940891783335,"20857,2842,2420",720575940915390109,"43805,6509,1651",0.000000
720575940891783335,"20857,2842,2420",720575940859668375,"44611,6738,1017",0.000000
720575940891783335,"20857,2842,2420",720575940879241452,"12157,5778,1731",25.495775
720575940891783335,"20857,2842,2420",720575940896891466,"24510,4268,832",0.000000
720575940891783335,"20857,2842,2420",720575940892190818,"40863,5761,1321",0.000000
720575940891783335,"20857,2842,2420",720575940879813622,"37934,6202,141",0.000000
720575940891783335,"20857,2842,2420",720575940951311655,"27837,3887,654",6.359789
720575940891783335,"20857,2842,2420",720575940900275426,"17933,2855,2476",46.204071
720575940891783335,"20857,2842,2420",720575940882688412,"37209,4746,2029",0.000000
720575940891783335,"20857,2842,2420",720575940955236696,"24389,3216,2237",75.618074
720575940891783335,"20857,2842,2420",720575940881950033,"22054,2885,2756",9.328665
720575940891783335,"20857,2842,2420",720575940868783597,"30837,4276,976",0.000000
720575940891783335,"20857,2842,2420",720575940894200219,"32924,5320,1118",21.943099
720575940891783335,"20857,2842,2420",720575940915390365,"20825,5711,2247",13.250022
720575940891783335,"20857,2842,2420",720575940875009761,"30563,3134,541",22.725114
720575940891783335,"20857,2842,2420",720575940878349179,"41785,5171,3367",0.000000
720575940891783335,"20857,2842,2420",720575940889785957,"25781,3130,2539",51.283891
720575940892204542,"13110,2954,2677",720575940873509950,"29155,3903,1758",0.000000
720575940892204542,"13110,2954,2677",720575940893307467,"24104,3598,1701",18.570352
720575940892204542,"13110,2954,2677",720575940929601786,"26320,3381,1543",0.000000
720575940892204542,"13110,2954,2677",720575940912627846,"22589,3518,2073",22.863060
720575940892204542,"13110,2954,2677",720575940875009249,"24558,3736,2265",0.000000
720575940892204542,"13110,2954,2677",720575940891538468,"25430,4764,1460",124.759292
720575940892204542,"13110,2954,2677",720575940896891210,"22476,4688,1997",76.787885
720575940892204542,"13110,2954,2677",720575940875009505,"24266,4298,1651",0.000000
720575940892204542,"13110,2954,2677",720575940877168904,"27950,4274,1601",0.000000
720575940892204542,"13110,2954,2677",720575940915389853,"28063,4731,1501",2.012314
720575940892204542,"13110,2954,2677",720575940915390109,"43805,6509,1651",0.000000
720575940892204542,"13110,2954,2677",720575940859668375,"44611,6738,1017",0.000000
720575940892204542,"13110,2954,2677",720575940879241452,"12157,5778,1731",49.448734
720575940892204542,"13110,2954,2677",720575940896891466,"24510,4268,832",12.754672
720575940892204542,"13110,2954,2677",720575940892190818,"40863,5761,1321",0.000000
720575940892204542,"13110,2954,2677",720575940879813622,"37934,6202,141",0.000000
720575940892204542,"13110,2954,2677",720575940951311655,"27837,3887,654",0.000000
720575940892204542,"13110,2954,2677",720575940900275426,"17933,2855,2476",0.000000
720575940892204542,"13110,2954,2677",720575940882688412,"37209,4746,2029",0.000000
720575940892204542,"13110,2954,2677",720575940955236696,"24389,3216,2237",0.000000
720575940892204542,"13110,2954,2677",720575940881950033,"22054,2885,2756",0.000000
720575940892204542,"13110,2954,2677",720575940868783597,"30837,4276,976",0.000000
720575940892204542,"13110,2954,2677",720575940894200219,"32924,5320,1118",0.000000
720575940892204542,"13110,2954,2677",720575940915390365,"20825,5711,2247",24.806331
720575940892204542,"13110,2954,2677",720575940875009761,"30563,3134,541",0.000000
720575940892204542,"13110,2954,2677",720575940878349179,"41785,5171,3367",0.000000
720575940892204542,"13110,2954,2677",720575940889785957,"25781,3130,2539",0.000000
720575940878955572,"27863,2782,1525",720575940873509950,"29155,3903,1758",63.198875
720575940878955572,"27863,2782,1525",720575940893307467,"24104,3598,1701",83.029233
720575940878955572,"27863,2782,1525",720575940929601786,"26320,3381,1543",141.030721
720575940878955572,"27863,2782,1525",720575940912627846,"22589,3518,2073",67.992528
720575940878955572,"27863,2782,1525",720575940875009249,"24558,3736,2265",64.883145
720575940878955572,"27863,2782,1525",720575940891538468,"25430,4764,1460",77.919727
720575940878955572,"27863,2782,1525",720575940896891210,"22476,4688,1997",73.754030
720575940878955572,"27863,2782,1525",720575940875009505,"24266,4298,1651",136.910846
720575940878955572,"27863,2782,1525",720575940877168904,"27950,4274,1601",0.000000
720575940878955572,"27863,2782,1525",720575940915389853,"28063,4731,1501",4.530251
720575940878955572,"27863,2782,1525",720575940915390109,"43805,6509,1651",0.000000
720575940878955572,"27863,2782,1525",720575940859668375,"44611,6738,1017",0.000000
720575940878955572,"27863,2782,1525",720575940879241452,"12157,5778,1731",0.000000
720575940878955572,"27863,2782,1525",720575940896891466,"24510,4268,832",14.638193
720575940878955572,"27863,2782,1525",720575940892190818,"40863,5761,1321",0.000000
720575940878955572,"27863,2782,1525",720575940879813622,"37934,6202,141",0.000000
720575940878955572,"27863,2782,1525",720575940951311655,"27837,3887,654",59.151647
720575940878955572,"27863,2782,1525",720575940900275426,"17933,2855,2476",0.000000
720575940878955572,"27863,2782,1525",720575940882688412,"37209,4746,2029",0.000000
720575940878955572,"27863,2782,1525",720575940955236696,"24389,3216,2237",14.595871
720575940878955572,"27863,2782,1525",720575940881950033,"22054,2885,2756",0.000000
720575940878955572,"27863,2782,1525",720575940868783597,"30837,4276,976",96.223571
720575940878955572,"27863,2782,1525",720575940894200219,"32924,5320,1118",40.552202
720575940878955572,"27863,2782,1525",720575940915390365,"20825,5711,2247",34.801052
720575940878955572,"27863,2782,1525",720575940875009761,"30563,3134,541",39.309710
720575940878955572,"27863,2782,1525",720575940878349179,"41785,5171,3367",0.000000
720575940878955572,"27863,2782,1525",720575940889785957,"25781,3130,2539",21.696965
720575940937856941,"38119,3600,2000",720575940873509950,"29155,3903,1758",0.000000
720575940937856941,"38119,3600,2000",720575940893307467,"24104,3598,1701",0.000000
720575940937856941,"38119,3600,2000",720575940929601786,"26320,3381,1543",0.000000
720575940937856941,"38119,3600,2000",720575940912627846,"22589,3518,2073",0.000000
720575940937856941,"38119,3600,2000",720575940875009249,"24558,3736,2265",0.000000
720575940937856941,"38119,3600,2000",720575940891538468,"25430,4764,1460",0.000000
720575940937856941,"38119,3600,2000",720575940896891210,"22476,4688,1997",0.000000
720575940937856941,"38119,3600,2000",720575940875009505,"24266,4298,1651",0.000000
720575940937856941,"38119,3600,2000",720575940877168904,"27950,4274,1601",71.331542
720575940937856941,"38119,3600,2000",720575940915389853,"28063,4731,1501",25.578946
720575940937856941,"38119,3600,2000",720575940915390109,"43805,6509,1651",11.245204
720575940937856941,"38119,3600,2000",720575940859668375,"44611,6738,1017",43.952585
720575940937856941,"38119,3600,2000",720575940879241452,"12157,5778,1731",0.000000
720575940937856941,"38119,3600,2000",720575940896891466,"24510,4268,832",5.617058
720575940937856941,"38119,3600,2000",720575940892190818,"40863,5761,1321",97.945879
720575940937856941,"38119,3600,2000",720575940879813622,"37934,6202,141",0.000000
720575940937856941,"38119,3600,2000",720575940951311655,"27837,3887,654",0.000000
720575940937856941,"38119,3600,2000",720575940900275426,"17933,2855,2476",0.000000
720575940937856941,"38119,3600,2000",720575940882688412,"37209,4746,2029",17.986078
720575940937856941,"38119,3600,2000",720575940955236696,"24389,3216,2237",0.000000
720575940937856941,"38119,3600,2000",720575940881950033,"22054,2885,2756",0.000000
720575940937856941,"38119,3600,2000",720575940868783597,"30837,4276,976",0.000000
720575940937856941,"38119,3600,2000",720575940894200219,"32924,5320,1118",5.941235
720575940937856941,"38119,3600,2000",720575940915390365,"20825,5711,2247",0.000000
720575940937856941,"38119,3600,2000",720575940875009761,"30563,3134,541",0.000000
720575940937856941,"38119,3600,2000",720575940878349179,"41785,5171,3367",0.000000
720575940937856941,"38119,3600,2000",720575940889785957,"25781,3130,2539",0.000000
720575940888216655,"8485,3421,2275",720575940873509950,"29155,3903,1758",0.000000
720575940888216655,"8485,3421,2275",720575940893307467,"24104,3598,1701",0.000000
720575940888216655,"8485,3421,2275",720575940929601786,"26320,3381,1543",0.000000
720575940888216655,"8485,3421,2275",720575940912627846,"22589,3518,2073",0.000000
720575940888216655,"8485,3421,2275",720575940875009249,"24558,3736,2265",0.000000
720575940888216655,"8485,3421,2275",720575940891538468,"25430,4764,1460",0.000000
720575940888216655,"8485,3421,2275",720575940896891210,"22476,4688,1997",0.000000
720575940888216655,"8485,3421,2275",720575940875009505,"24266,4298,1651",0.000000
720575940888216655,"8485,3421,2275",720575940877168904,"27950,4274,1601",67.458941
720575940888216655,"8485,3421,2275",720575940915389853,"28063,4731,1501",0.000000
720575940888216655,"8485,3421,2275",720575940915390109,"43805,6509,1651",0.000000
720575940888216655,"8485,3421,2275",720575940859668375,"44611,6738,1017",0.000000
720575940888216655,"8485,3421,2275",720575940879241452,"12157,5778,1731",41.320652
720575940888216655,"8485,3421,2275",720575940896891466,"24510,4268,832",0.000000
720575940888216655,"8485,3421,2275",720575940892190818,"40863,5761,1321",0.000000
720575940888216655,"8485,3421,2275",720575940879813622,"37934,6202,141",0.000000
720575940888216655,"8485,3421,2275",720575940951311655,"27837,3887,654",0.000000
720575940888216655,"8485,3421,2275",720575940900275426,"17933,2855,2476",0.000000
720575940888216655,"8485,3421,2275",720575940882688412,"37209,4746,2029",0.000000
720575940888216655,"8485,3421,2275",720575940955236696,"24389,3216,2237",0.000000
720575940888216655,"8485,3421,2275",720575940881950033,"22054,2885,2756",0.000000
720575940888216655,"8485,3421,2275",720575940868783597,"30837,4276,976",0.000000
720575940888216655,"8485,3421,2275",720575940894200219,"32924,5320,1118",0.000000
720575940888216655,"8485,3421,2275",720575940915390365,"20825,5711,2247",0.000000
720575940888216655,"8485,3421,2275",720575940875009761,"30563,3134,541",0.000000
720575940888216655,"8485,3421,2275",720575940878349179,"41785,5171,3367",0.000000
720575940888216655,"8485,3421,2275",720575940889785957,"25781,3130,2539",0.000000
720575940932846484,"40938,3590,711",720575940873509950,"29155,3903,1758",0.000000
720575940932846484,"40938,3590,711",720575940893307467,"24104,3598,1701",0.000000
720575940932846484,"40938,3590,711",720575940929601786,"26320,3381,1543",0.000000
720575940932846484,"40938,3590,711",720575940912627846,"22589,3518,2073",0.000000
720575940932846484,"40938,3590,711",720575940875009249,"24558,3736,2265",0.000000
720575940932846484,"40938,3590,711",720575940891538468,"25430,4764,1460",4.405907
720575940932846484,"40938,3590,711",720575940896891210,"22476,4688,1997",0.000000
720575940932846484,"40938,3590,711",720575940875009505,"24266,4298,1651",0.000000
720575940932846484,"40938,3590,711",720575940877168904,"27950,4274,1601",0.000000
720575940932846484,"40938,3590,711",720575940915389853,"28063,4731,1501",37.783843
720575940932846484,"40938,3590,711",720575940915390109,"43805,6509,1651",18.115341
720575940932846484,"40938,3590,711",720575940859668375,"44611,6738,1017",46.860739
720575940932846484,"40938,3590,711",720575940879241452,"12157,5778,1731",0.000000
720575940932846484,"40938,3590,711",720575940896891466,"24510,4268,832",0.000000
720575940932846484,"40938,3590,711",720575940892190818,"40863,5761,1321",28.101439
720575940932846484,"40938,3590,711",720575940879813622,"37934,6202,141",0.000000
720575940932846484,"40938,3590,711",720575940951311655,"27837,3887,654",0.000000
720575940932846484,"40938,3590,711",720575940900275426,"17933,2855,2476",0.000000
720575940932846484,"40938,3590,711",720575940882688412,"37209,4746,2029",5.760115
720575940932846484,"40938,3590,711",720575940955236696,"24389,3216,2237",0.000000
720575940932846484,"40938,3590,711",720575940881950033,"22054,2885,2756",0.000000
720575940932846484,"40938,3590,711",720575940868783597,"30837,4276,976",35.340954
720575940932846484,"40938,3590,711",720575940894200219,"32924,5320,1118",22.362310
720575940932846484,"40938,3590,711",720575940915390365,"20825,5711,2247",0.000000
720575940932846484,"40938,3590,711",720575940875009761,"30563,3134,541",4.664148
720575940932846484,"40938,3590,711",720575940878349179,"41785,5171,3367",0.000000
720575940932846484,"40938,3590,711",720575940889785957,"25781,3130,2539",0.000000
720575940899291016,"12744,3132,2650",720575940873509950,"29155,3903,1758",0.000000
720575940899291016,"12744,3132,2650",720575940893307467,"24104,3598,1701",2.938906
720575940899291016,"12744,3132,2650",720575940929601786,"26320,3381,1543",0.000000
720575940899291016,"12744,3132,2650",720575940912627846,"22589,3518,2073",31.004356
720575940899291016,"12744,3132,2650",720575940875009249,"24558,3736,2265",0.000000
720575940899291016,"12744,3132,2650",720575940891538468,"25430,4764,1460",140.905908
720575940899291016,"12744,3132,2650",720575940896891210,"22476,4688,1997",320.554081
720575940899291016,"12744,3132,2650",720575940875009505,"24266,4298,1651",0.000000
720575940899291016,"12744,3132,2650",720575940877168904,"27950,4274,1601",34.989735
720575940899291016,"12744,3132,2650",720575940915389853,"28063,4731,1501",5.108567
720575940899291016,"12744,3132,2650",720575940915390109,"43805,6509,1651",0.000000
720575940899291016,"12744,3132,2650",720575940859668375,"44611,6738,1017",0.000000
720575940899291016,"12744,3132,2650",720575940879241452,"12157,5778,1731",72.031715
720575940899291016,"12744,3132,2650",720575940896891466,"24510,4268,832",18.567324
720575940899291016,"12744,3132,2650",720575940892190818,"40863,5761,1321",0.000000
720575940899291016,"12744,3132,2650",720575940879813622,"37934,6202,141",0.000000
720575940899291016,"12744,3132,2650",720575940951311655,"27837,3887,654",0.000000
720575940899291016,"12744,3132,2650",720575940900275426,"17933,2855,2476",0.000000
720575940899291016,"12744,3132,2650",720575940882688412,"37209,4746,2029",0.000000
720575940899291016,"12744,3132,2650",720575940955236696,"24389,3216,2237",0.000000
720575940899291016,"12744,3132,2650",720575940881950033,"22054,2885,2756",0.000000
720575940899291016,"12744,3132,2650",720575940868783597,"30837,4276,976",0.000000
720575940899291016,"12744,3132,2650",720575940894200219,"32924,5320,1118",3.112936
720575940899291016,"12744,3132,2650",720575940915390365,"20825,5711,2247",0.000000
720575940899291016,"12744,3132,2650",720575940875009761,"30563,3134,541",0.000000
720575940899291016,"12744,3132,2650",720575940878349179,"41785,5171,3367",0.000000
720575940899291016,"12744,3132,2650",720575940889785957,"25781,3130,2539",0.000000
720575940927184920,"20477,3241,2518",720575940873509950,"29155,3903,1758",10.472188
720575940927184920,"20477,3241,2518",720575940893307467,"24104,3598,1701",53.746613
720575940927184920,"20477,3241,2518",720575940929601786,"26320,3381,1543",36.168965
720575940927184920,"20477,3241,2518",720575940912627846,"22589,3518,2073",233.239009
720575940927184920,"20477,3241,2518",720575940875009249,"24558,3736,2265",546.266825
720575940927184920,"20477,3241,2518",720575940891538468,"25430,4764,1460",14.841199
720575940927184920,"20477,3241,2518",720575940896891210,"22476,4688,1997",298.200234
720575940927184920,"20477,3241,2518",720575940875009505,"24266,4298,1651",0.000000
720575940927184920,"20477,3241,2518",720575940877168904,"27950,4274,1601",381.503758
720575940927184920,"20477,3241,2518",720575940915389853,"28063,4731,1501",87.325085
720575940927184920,"20477,3241,2518",720575940915390109,"43805,6509,1651",0.000000
720575940927184920,"20477,3241,2518",720575940859668375,"44611,6738,1017",0.000000
720575940927184920,"20477,3241,2518",720575940879241452,"12157,5778,1731",52.909577
720575940927184920,"20477,3241,2518",720575940896891466,"24510,4268,832",9.267991
720575940927184920,"20477,3241,2518",720575940892190818,"40863,5761,1321",0.000000
720575940927184920,"20477,3241,2518",720575940879813622,"37934,6202,141",0.000000
720575940927184920,"20477,3241,2518",720575940951311655,"27837,3887,654",28.916887
720575940927184920,"20477,3241,2518",720575940900275426,"17933,2855,2476",30.587520
720575940927184920,"20477,3241,2518",720575940882688412,"37209,4746,2029",0.000000
720575940927184920,"20477,3241,2518",720575940955236696,"24389,3216,2237",107.656789
720575940927184920,"20477,3241,2518",720575940881950033,"22054,2885,2756",31.179123
720575940927184920,"20477,3241,2518",720575940868783597,"30837,4276,976",0.000000
720575940927184920,"20477,3241,2518",720575940894200219,"32924,5320,1118",341.583612
720575940927184920,"20477,3241,2518",720575940915390365,"20825,5711,2247",132.445474
720575940927184920,"20477,3241,2518",720575940875009761,"30563,3134,541",0.000000
720575940927184920,"20477,3241,2518",720575940878349179,"41785,5171,3367",0.000000
720575940927184920,"20477,3241,2518",720575940889785957,"25781,3130,2539",73.117558
720575940899434029,"15009,3376,1339",720575940873509950,"29155,3903,1758",0.000000
720575940899434029,"15009,3376,1339",720575940893307467,"24104,3598,1701",0.000000
720575940899434029,"15009,3376,1339",720575940929601786,"26320,3381,1543",0.000000
720575940899434029,"15009,3376,1339",720575940912627846,"22589,3518,2073",0.000000
720575940899434029,"15009,3376,1339",720575940875009249,"24558,3736,2265",0.000000
720575940899434029,"15009,3376,1339",720575940891538468,"25430,4764,1460",0.000000
720575940899434029,"15009,3376,1339",720575940896891210,"22476,4688,1997",0.000000
720575940899434029,"15009,3376,1339",720575940875009505,"24266,4298,1651",0.000000
720575940899434029,"15009,3376,1339",720575940877168904,"27950,4274,1601",34.752312
720575940899434029,"15009,3376,1339",720575940915389853,"28063,4731,1501",17.889831
720575940899434029,"15009,3376,1339",720575940915390109,"43805,6509,1651",0.000000
720575940899434029,"15009,3376,1339",720575940859668375,"44611,6738,1017",0.000000
720575940899434029,"15009,3376,1339",720575940879241452,"12157,5778,1731",90.020976
720575940899434029,"15009,3376,1339",720575940896891466,"24510,4268,832",0.000000
720575940899434029,"15009,3376,1339",720575940892190818,"40863,5761,1321",0.000000
720575940899434029,"15009,3376,1339",720575940879813622,"37934,6202,141",0.000000
720575940899434029,"15009,3376,1339",720575940951311655,"27837,3887,654",0.000000
720575940899434029,"15009,3376,1339",720575940900275426,"17933,2855,2476",35.618676
720575940899434029,"15009,3376,1339",720575940882688412,"37209,4746,2029",0.000000
720575940899434029,"15009,3376,1339",720575940955236696,"24389,3216,2237",0.000000
720575940899434029,"15009,3376,1339",720575940881950033,"22054,2885,2756",0.000000
720575940899434029,"15009,3376,1339",720575940868783597,"30837,4276,976",0.000000
720575940899434029,"15009,3376,1339",720575940894200219,"32924,5320,1118",0.000000
720575940899434029,"15009,3376,1339",720575940915390365,"20825,5711,2247",0.000000
720575940899434029,"15009,3376,1339",720575940875009761,"30563,3134,541",0.000000
720575940899434029,"15009,3376,1339",720575940878349179,"41785,5171,3367",0.000000
720575940899434029,"15009,3376,1339",720575940889785957,"25781,3130,2539",0.000000
720575940920027261,"29541,3034,2266",720575940873509950,"29155,3903,1758",32.618432
720575940920027261,"29541,3034,2266",720575940893307467,"24104,3598,1701",0.000000
720575940920027261,"29541,3034,2266",720575940929601786,"26320,3381,1543",4.191705
720575940920027261,"29541,3034,2266",720575940912627846,"22589,3518,2073",12.476351
720575940920027261,"29541,3034,2266",720575940875009249,"24558,3736,2265",36.278952
720575940920027261,"29541,3034,2266",720575940891538468,"25430,4764,1460",90.320337
720575940920027261,"29541,3034,2266",720575940896891210,"22476,4688,1997",101.272956
720575940920027261,"29541,3034,2266",720575940875009505,"24266,4298,1651",195.867660
720575940920027261,"29541,3034,2266",720575940877168904,"27950,4274,1601",153.758985
720575940920027261,"29541,3034,2266",720575940915389853,"28063,4731,1501",40.189644
720575940920027261,"29541,3034,2266",720575940915390109,"43805,6509,1651",0.000000
720575940920027261,"29541,3034,2266",720575940859668375,"44611,6738,1017",0.000000
720575940920027261,"29541,3034,2266",720575940879241452,"12157,5778,1731",0.000000
720575940920027261,"29541,3034,2266",720575940896891466,"24510,4268,832",16.240584
720575940920027261,"29541,3034,2266",720575940892190818,"40863,5761,1321",46.815516
720575940920027261,"29541,3034,2266",720575940879813622,"37934,6202,141",7.237890
720575940920027261,"29541,3034,2266",720575940951311655,"27837,3887,654",24.270643
720575940920027261,"29541,3034,2266",720575940900275426,"17933,2855,2476",0.000000
720575940920027261,"29541,3034,2266",720575940882688412,"37209,4746,2029",82.021726
720575940920027261,"29541,3034,2266",720575940955236696,"24389,3216,2237",11.306524
720575940920027261,"29541,3034,2266",720575940881950033,"22054,2885,2756",0.000000
720575940920027261,"29541,3034,2266",720575940868783597,"30837,4276,976",21.817396
720575940920027261,"29541,3034,2266",720575940894200219,"32924,5320,1118",193.547009
720575940920027261,"29541,3034,2266",720575940915390365,"20825,5711,2247",7.404501
720575940920027261,"29541,3034,2266",720575940875009761,"30563,3134,541",35.799434
720575940920027261,"29541,3034,2266",720575940878349179,"41785,5171,3367",0.000000
720575940920027261,"29541,3034,2266",720575940889785957,"25781,3130,2539",60.062237
720575940890111288,"28022,3353,966",720575940873509950,"29155,3903,1758",10.265621
720575940890111288,"28022,3353,966",720575940893307467,"24104,3598,1701",178.083556
720575940890111288,"28022,3353,966",720575940929601786,"26320,3381,1543",116.303097
720575940890111288,"28022,3353,966",720575940912627846,"22589,3518,2073",13.540899
720575940890111288,"28022,3353,966",720575940875009249,"24558,3736,2265",15.564449
720575940890111288,"28022,3353,966",720575940891538468,"25430,4764,1460",152.252818
720575940890111288,"28022,3353,966",720575940896891210,"22476,4688,1997",57.273936
720575940890111288,"28022,3353,966",720575940875009505,"24266,4298,1651",104.229263
720575940890111288,"28022,3353,966",720575940877168904,"27950,4274,1601",0.000000
720575940890111288,"28022,3353,966",720575940915389853,"28063,4731,1501",117.616568
720575940890111288,"28022,3353,966",720575940915390109,"43805,6509,1651",0.000000
720575940890111288,"28022,3353,966",720575940859668375,"44611,6738,1017",0.000000
720575940890111288,"28022,3353,966",720575940879241452,"12157,5778,1731",0.000000
720575940890111288,"28022,3353,966",720575940896891466,"24510,4268,832",85.288023
720575940890111288,"28022,3353,966",720575940892190818,"40863,5761,1321",0.000000
720575940890111288,"28022,3353,966",720575940879813622,"37934,6202,141",0.000000
720575940890111288,"28022,3353,966",720575940951311655,"27837,3887,654",101.146340
720575940890111288,"28022,3353,966",720575940900275426,"17933,2855,2476",0.000000
720575940890111288,"28022,3353,966",720575940882688412,"37209,4746,2029",0.000000
720575940890111288,"28022,3353,966",720575940955236696,"24389,3216,2237",10.834259
720575940890111288,"28022,3353,966",720575940881950033,"22054,2885,2756",0.000000
720575940890111288,"28022,3353,966",720575940868783597,"30837,4276,976",169.656477
720575940890111288,"28022,3353,966",720575940894200219,"32924,5320,1118",41.375663
720575940890111288,"28022,3353,966",720575940915390365,"20825,5711,2247",20.899427
720575940890111288,"28022,3353,966",720575940875009761,"30563,3134,541",65.474899
720575940890111288,"28022,3353,966",720575940878349179,"41785,5171,3367",0.000000
720575940890111288,"28022,3353,966",720575940889785957,"25781,3130,2539",5.662229
720575940880005762,"22352,3311,2588",720575940873509950,"29155,3903,1758",0.000000
720575940880005762,"22352,3311,2588",720575940893307467,"24104,3598,1701",0.000000
720575940880005762,"22352,3311,2588",720575940929601786,"26320,3381,1543",0.000000
720575940880005762,"22352,3311,2588",720575940912627846,"22589,3518,2073",16.830073
720575940880005762,"22352,3311,2588",720575940875009249,"24558,3736,2265",6.921093
720575940880005762,"22352,3311,2588",720575940891538468,"25430,4764,1460",0.000000
720575940880005762,"22352,3311,2588",720575940896891210,"22476,4688,1997",46.420063
720575940880005762,"22352,3311,2588",720575940875009505,"24266,4298,1651",0.000000
720575940880005762,"22352,3311,2588",720575940877168904,"27950,4274,1601",58.595663
720575940880005762,"22352,3311,2588",720575940915389853,"28063,4731,1501",0.000000
720575940880005762,"22352,3311,2588",720575940915390109,"43805,6509,1651",0.000000
720575940880005762,"22352,3311,2588",720575940859668375,"44611,6738,1017",0.000000
720575940880005762,"22352,3311,2588",720575940879241452,"12157,5778,1731",0.000000
720575940880005762,"22352,3311,2588",720575940896891466,"24510,4268,832",81.784182
720575940880005762,"22352,3311,2588",720575940892190818,"40863,5761,1321",0.000000
720575940880005762,"22352,3311,2588",720575940879813622,"37934,6202,141",0.000000
720575940880005762,"22352,3311,2588",720575940951311655,"27837,3887,654",20.488787
720575940880005762,"22352,3311,2588",720575940900275426,"17933,2855,2476",0.000000
720575940880005762,"22352,3311,2588",720575940882688412,"37209,4746,2029",0.000000
720575940880005762,"22352,3311,2588",720575940955236696,"24389,3216,2237",100.307775
720575940880005762,"22352,3311,2588",720575940881950033,"22054,2885,2756",69.280658
720575940880005762,"22352,3311,2588",720575940868783597,"30837,4276,976",0.000000
720575940880005762,"22352,3311,2588",720575940894200219,"32924,5320,1118",69.133969
720575940880005762,"22352,3311,2588",720575940915390365,"20825,5711,2247",113.601914
720575940880005762,"22352,3311,2588",720575940875009761,"30563,3134,541",0.000000
720575940880005762,"22352,3311,2588",720575940878349179,"41785,5171,3367",0.000000
720575940880005762,"22352,3311,2588",720575940889785957,"25781,3130,2539",46.451205
720575940878955828,"26136,3208,968",720575940873509950,"29155,3903,1758",0.000000
720575940878955828,"26136,3208,968",720575940893307467,"24104,3598,1701",35.693748
720575940878955828,"26136,3208,968",720575940929601786,"26320,3381,1543",35.264738
720575940878955828,"26136,3208,968",720575940912627846,"22589,3518,2073",0.000000
720575940878955828,"26136,3208,968",720575940875009249,"24558,3736,2265",0.000000
720575940878955828,"26136,3208,968",720575940891538468,"25430,4764,1460",40.143204
720575940878955828,"26136,3208,968",720575940896891210,"22476,4688,1997",11.791739
720575940878955828,"26136,3208,968",720575940875009505,"24266,4298,1651",12.137740
720575940878955828,"26136,3208,968",720575940877168904,"27950,4274,1601",0.000000
720575940878955828,"26136,3208,968",720575940915389853,"28063,4731,1501",57.768542
720575940878955828,"26136,3208,968",720575940915390109,"43805,6509,1651",0.000000
720575940878955828,"26136,3208,968",720575940859668375,"44611,6738,1017",0.000000
720575940878955828,"26136,3208,968",720575940879241452,"12157,5778,1731",0.000000
720575940878955828,"26136,3208,968",720575940896891466,"24510,4268,832",156.506483
720575940878955828,"26136,3208,968",720575940892190818,"40863,5761,1321",0.000000
720575940878955828,"26136,3208,968",720575940879813622,"37934,6202,141",0.000000
720575940878955828,"26136,3208,968",720575940951311655,"27837,3887,654",95.628593
720575940878955828,"26136,3208,968",720575940900275426,"17933,2855,2476",0.000000
720575940878955828,"26136,3208,968",720575940882688412,"37209,4746,2029",0.000000
720575940878955828,"26136,3208,968",720575940955236696,"24389,3216,2237",4.950194
720575940878955828,"26136,3208,968",720575940881950033,"22054,2885,2756",0.000000
720575940878955828,"26136,3208,968",720575940868783597,"30837,4276,976",91.249746
720575940878955828,"26136,3208,968",720575940894200219,"32924,5320,1118",0.000000
720575940878955828,"26136,3208,968",720575940915390365,"20825,5711,2247",0.000000
720575940878955828,"26136,3208,968",720575940875009761,"30563,3134,541",57.147367
720575940878955828,"26136,3208,968",720575940878349179,"41785,5171,3367",0.000000
720575940878955828,"26136,3208,968",720575940889785957,"25781,3130,2539",4.863568
720575940891184310,"33438,3100,1817",720575940873509950,"29155,3903,1758",107.724416
720575940891184310,"33438,3100,1817",720575940893307467,"24104,3598,1701",0.000000
720575940891184310,"33438,3100,1817",720575940929601786,"26320,3381,1543",25.359846
720575940891184310,"33438,3100,1817",720575940912627846,"22589,3518,2073",0.000000
720575940891184310,"33438,3100,1817",720575940875009249,"24558,3736,2265",0.000000
720575940891184310,"33438,3100,1817",720575940891538468,"25430,4764,1460",56.914081
720575940891184310,"33438,3100,1817",720575940896891210,"22476,4688,1997",7.203087
720575940891184310,"33438,3100,1817",720575940875009505,"24266,4298,1651",26.873006
720575940891184310,"33438,3100,1817",720575940877168904,"27950,4274,1601",146.776526
720575940891184310,"33438,3100,1817",720575940915389853,"28063,4731,1501",58.030416
720575940891184310,"33438,3100,1817",720575940915390109,"43805,6509,1651",0.000000
720575940891184310,"33438,3100,1817",720575940859668375,"44611,6738,1017",0.000000
720575940891184310,"33438,3100,1817",720575940879241452,"12157,5778,1731",0.000000
720575940891184310,"33438,3100,1817",720575940896891466,"24510,4268,832",37.675485
720575940891184310,"33438,3100,1817",720575940892190818,"40863,5761,1321",28.333842
720575940891184310,"33438,3100,1817",720575940879813622,"37934,6202,141",21.124977
720575940891184310,"33438,3100,1817",720575940951311655,"27837,3887,654",0.000000
720575940891184310,"33438,3100,1817",720575940900275426,"17933,2855,2476",0.000000
720575940891184310,"33438,3100,1817",720575940882688412,"37209,4746,2029",53.625102
720575940891184310,"33438,3100,1817",720575940955236696,"24389,3216,2237",0.000000
720575940891184310,"33438,3100,1817",720575940881950033,"22054,2885,2756",0.000000
720575940891184310,"33438,3100,1817",720575940868783597,"30837,4276,976",0.000000
720575940891184310,"33438,3100,1817",720575940894200219,"32924,5320,1118",63.567046
720575940891184310,"33438,3100,1817",720575940915390365,"20825,5711,2247",0.000000
720575940891184310,"33438,3100,1817",720575940875009761,"30563,3134,541",17.250510
720575940891184310,"33438,3100,1817",720575940878349179,"41785,5171,3367",0.000000
720575940891184310,"33438,3100,1817",720575940889785957,"25781,3130,2539",44.048796
720575940920881320,"24344,3045,1792",720575940873509950,"29155,3903,1758",6.989558
720575940920881320,"24344,3045,1792",720575940893307467,"24104,3598,1701",236.044892
720575940920881320,"24344,3045,1792",720575940929601786,"26320,3381,1543",254.778538
720575940920881320,"24344,3045,1792",720575940912627846,"22589,3518,2073",164.915740
720575940920881320,"24344,3045,1792",720575940875009249,"24558,3736,2265",15.436744
720575940920881320,"24344,3045,1792",720575940891538468,"25430,4764,1460",161.795289
720575940920881320,"24344,3045,1792",720575940896891210,"22476,4688,1997",98.516595
720575940920881320,"24344,3045,1792",720575940875009505,"24266,4298,1651",214.072893
720575940920881320,"24344,3045,1792",720575940877168904,"27950,4274,1601",8.952662
720575940920881320,"24344,3045,1792",720575940915389853,"28063,4731,1501",115.309088
720575940920881320,"24344,3045,1792",720575940915390109,"43805,6509,1651",0.000000
720575940920881320,"24344,3045,1792",720575940859668375,"44611,6738,1017",0.000000
720575940920881320,"24344,3045,1792",720575940879241452,"12157,5778,1731",0.000000
720575940920881320,"24344,3045,1792",720575940896891466,"24510,4268,832",10.130308
720575940920881320,"24344,3045,1792",720575940892190818,"40863,5761,1321",0.000000
720575940920881320,"24344,3045,1792",720575940879813622,"37934,6202,141",0.000000
720575940920881320,"24344,3045,1792",720575940951311655,"27837,3887,654",59.939640
720575940920881320,"24344,3045,1792",720575940900275426,"17933,2855,2476",0.000000
720575940920881320,"24344,3045,1792",720575940882688412,"37209,4746,2029",0.000000
720575940920881320,"24344,3045,1792",720575940955236696,"24389,3216,2237",128.569861
720575940920881320,"24344,3045,1792",720575940881950033,"22054,2885,2756",23.544162
720575940920881320,"24344,3045,1792",720575940868783597,"30837,4276,976",96.335773
720575940920881320,"24344,3045,1792",720575940894200219,"32924,5320,1118",10.292299
720575940920881320,"24344,3045,1792",720575940915390365,"20825,5711,2247",10.337913
720575940920881320,"24344,3045,1792",720575940875009761,"30563,3134,541",0.000000
720575940920881320,"24344,3045,1792",720575940878349179,"41785,5171,3367",0.000000
720575940920881320,"24344,3045,1792",720575940889785957,"25781,3130,2539",24.972248
720575940920037245,"28428,3155,1701",720575940873509950,"29155,3903,1758",352.868655
720575940920037245,"28428,3155,1701",720575940893307467,"24104,3598,1701",131.336147
720575940920037245,"28428,3155,1701",720575940929601786,"26320,3381,1543",324.594942
720575940920037245,"28428,3155,1701",720575940912627846,"22589,3518,2073",254.471697
720575940920037245,"28428,3155,1701",720575940875009249,"24558,3736,2265",167.896755
720575940920037245,"28428,3155,1701",720575940891538468,"25430,4764,1460",138.192415
720575940920037245,"28428,3155,1701",720575940896891210,"22476,4688,1997",238.128925
720575940920037245,"28428,3155,1701",720575940875009505,"24266,4298,1651",336.581163
720575940920037245,"28428,3155,1701",720575940877168904,"27950,4274,1601",149.335007
720575940920037245,"28428,3155,1701",720575940915389853,"28063,4731,1501",86.453496
720575940920037245,"28428,3155,1701",720575940915390109,"43805,6509,1651",0.000000
720575940920037245,"28428,3155,1701",720575940859668375,"44611,6738,1017",0.000000
720575940920037245,"28428,3155,1701",720575940879241452,"12157,5778,1731",0.000000
720575940920037245,"28428,3155,1701",720575940896891466,"24510,4268,832",79.767725
720575940920037245,"28428,3155,1701",720575940892190818,"40863,5761,1321",25.348236
720575940920037245,"28428,3155,1701",720575940879813622,"37934,6202,141",59.790690
720575940920037245,"28428,3155,1701",720575940951311655,"27837,3887,654",70.180193
720575940920037245,"28428,3155,1701",720575940900275426,"17933,2855,2476",0.000000
720575940920037245,"28428,3155,1701",720575940882688412,"37209,4746,2029",0.000000
720575940920037245,"28428,3155,1701",720575940955236696,"24389,3216,2237",39.978408
720575940920037245,"28428,3155,1701",720575940881950033,"22054,2885,2756",0.000000
720575940920037245,"28428,3155,1701",720575940868783597,"30837,4276,976",104.837120
720575940920037245,"28428,3155,1701",720575940894200219,"32924,5320,1118",206.788969
720575940920037245,"28428,3155,1701",720575940915390365,"20825,5711,2247",23.351954
720575940920037245,"28428,3155,1701",720575940875009761,"30563,3134,541",38.773381
720575940920037245,"28428,3155,1701",720575940878349179,"41785,5171,3367",0.000000
720575940920037245,"28428,3155,1701",720575940889785957,"25781,3130,2539",7.387894
720575940891185846,"29656,3164,1801",720575940873509950,"29155,3903,1758",201.200309
720575940891185846,"29656,3164,1801",720575940893307467,"24104,3598,1701",9.977158
720575940891185846,"29656,3164,1801",720575940929601786,"26320,3381,1543",164.791929
720575940891185846,"29656,3164,1801",720575940912627846,"22589,3518,2073",99.974794
720575940891185846,"29656,3164,1801",720575940875009249,"24558,3736,2265",55.927204
720575940891185846,"29656,3164,1801",720575940891538468,"25430,4764,1460",107.486269
720575940891185846,"29656,3164,1801",720575940896891210,"22476,4688,1997",388.788701
720575940891185846,"29656,3164,1801",720575940875009505,"24266,4298,1651",208.825597
720575940891185846,"29656,3164,1801",720575940877168904,"27950,4274,1601",315.676905
720575940891185846,"29656,3164,1801",720575940915389853,"28063,4731,1501",83.116244
720575940891185846,"29656,3164,1801",720575940915390109,"43805,6509,1651",0.000000
720575940891185846,"29656,3164,1801",720575940859668375,"44611,6738,1017",0.000000
720575940891185846,"29656,3164,1801",720575940879241452,"12157,5778,1731",0.000000
720575940891185846,"29656,3164,1801",720575940896891466,"24510,4268,832",5.944778
720575940891185846,"29656,3164,1801",720575940892190818,"40863,5761,1321",39.323009
720575940891185846,"29656,3164,1801",720575940879813622,"37934,6202,141",36.891002
720575940891185846,"29656,3164,1801",720575940951311655,"27837,3887,654",37.576032
720575940891185846,"29656,3164,1801",720575940900275426,"17933,2855,2476",0.000000
720575940891185846,"29656,3164,1801",720575940882688412,"37209,4746,2029",0.000000
720575940891185846,"29656,3164,1801",720575940955236696,"24389,3216,2237",0.000000
720575940891185846,"29656,3164,1801",720575940881950033,"22054,2885,2756",0.000000
720575940891185846,"29656,3164,1801",720575940868783597,"30837,4276,976",148.117745
720575940891185846,"29656,3164,1801",720575940894200219,"32924,5320,1118",290.104818
720575940891185846,"29656,3164,1801",720575940915390365,"20825,5711,2247",0.000000
720575940891185846,"29656,3164,1801",720575940875009761,"30563,3134,541",50.912136
720575940891185846,"29656,3164,1801",720575940878349179,"41785,5171,3367",0.000000
720575940891185846,"29656,3164,1801",720575940889785957,"25781,3130,2539",30.933218
720575940917531755,"27421,3104,1651",720575940873509950,"29155,3903,1758",344.704131
720575940917531755,"27421,3104,1651",720575940893307467,"24104,3598,1701",148.218012
720575940917531755,"27421,3104,1651",720575940929601786,"26320,3381,1543",352.878670
720575940917531755,"27421,3104,1651",720575940912627846,"22589,3518,2073",260.447633
720575940917531755,"27421,3104,1651",720575940875009249,"24558,3736,2265",339.769614
720575940917531755,"27421,3104,1651",720575940891538468,"25430,4764,1460",146.647508
720575940917531755,"27421,3104,1651",720575940896891210,"22476,4688,1997",129.580207
720575940917531755,"27421,3104,1651",720575940875009505,"24266,4298,1651",174.384808
720575940917531755,"27421,3104,1651",720575940877168904,"27950,4274,1601",87.631362
720575940917531755,"27421,3104,1651",720575940915389853,"28063,4731,1501",88.917613
720575940917531755,"27421,3104,1651",720575940915390109,"43805,6509,1651",0.000000
720575940917531755,"27421,3104,1651",720575940859668375,"44611,6738,1017",0.000000
720575940917531755,"27421,3104,1651",720575940879241452,"12157,5778,1731",0.000000
720575940917531755,"27421,3104,1651",720575940896891466,"24510,4268,832",14.997186
720575940917531755,"27421,3104,1651",720575940892190818,"40863,5761,1321",5.215835
720575940917531755,"27421,3104,1651",720575940879813622,"37934,6202,141",42.630446
720575940917531755,"27421,3104,1651",720575940951311655,"27837,3887,654",10.581582
720575940917531755,"27421,3104,1651",720575940900275426,"17933,2855,2476",0.000000
720575940917531755,"27421,3104,1651",720575940882688412,"37209,4746,2029",12.639930
720575940917531755,"27421,3104,1651",720575940955236696,"24389,3216,2237",47.632506
720575940917531755,"27421,3104,1651",720575940881950033,"22054,2885,2756",25.783199
720575940917531755,"27421,3104,1651",720575940868783597,"30837,4276,976",221.108404
720575940917531755,"27421,3104,1651",720575940894200219,"32924,5320,1118",77.351961
720575940917531755,"27421,3104,1651",720575940915390365,"20825,5711,2247",45.489505
720575940917531755,"27421,3104,1651",720575940875009761,"30563,3134,541",0.000000
720575940917531755,"27421,3104,1651",720575940878349179,"41785,5171,3367",0.000000
720575940917531755,"27421,3104,1651",720575940889785957,"25781,3130,2539",25.143515
720575940878957108,"26713,2532,1701",720575940873509950,"29155,3903,1758",0.000000
720575940878957108,"26713,2532,1701",720575940893307467,"24104,3598,1701",31.618286
720575940878957108,"26713,2532,1701",720575940929601786,"26320,3381,1543",29.362323
720575940878957108,"26713,2532,1701",720575940912627846,"22589,3518,2073",4.169853
720575940878957108,"26713,2532,1701",720575940875009249,"24558,3736,2265",0.000000
720575940878957108,"26713,2532,1701",720575940891538468,"25430,4764,1460",5.108267
720575940878957108,"26713,2532,1701",720575940896891210,"22476,4688,1997",0.000000
720575940878957108,"26713,2532,1701",720575940875009505,"24266,4298,1651",0.000000
720575940878957108,"26713,2532,1701",720575940877168904,"27950,4274,1601",0.000000
720575940878957108,"26713,2532,1701",720575940915389853,"28063,4731,1501",0.000000
720575940878957108,"26713,2532,1701",720575940915390109,"43805,6509,1651",0.000000
720575940878957108,"26713,2532,1701",720575940859668375,"44611,6738,1017",0.000000
720575940878957108,"26713,2532,1701",720575940879241452,"12157,5778,1731",0.000000
720575940878957108,"26713,2532,1701",720575940896891466,"24510,4268,832",11.003348
720575940878957108,"26713,2532,1701",720575940892190818,"40863,5761,1321",0.000000
720575940878957108,"26713,2532,1701",720575940879813622,"37934,6202,141",0.000000
720575940878957108,"26713,2532,1701",720575940951311655,"27837,3887,654",38.477179
720575940878957108,"26713,2532,1701",720575940900275426,"17933,2855,2476",59.853206
720575940878957108,"26713,2532,1701",720575940882688412,"37209,4746,2029",0.000000
720575940878957108,"26713,2532,1701",720575940955236696,"24389,3216,2237",11.946067
720575940878957108,"26713,2532,1701",720575940881950033,"22054,2885,2756",4.905768
720575940878957108,"26713,2532,1701",720575940868783597,"30837,4276,976",17.074312
720575940878957108,"26713,2532,1701",720575940894200219,"32924,5320,1118",0.000000
720575940878957108,"26713,2532,1701",720575940915390365,"20825,5711,2247",0.000000
720575940878957108,"26713,2532,1701",720575940875009761,"30563,3134,541",36.723902
720575940878957108,"26713,2532,1701",720575940878349179,"41785,5171,3367",0.000000
720575940878957108,"26713,2532,1701",720575940889785957,"25781,3130,2539",21.364818
720575940900033476,"24463,3224,1703",720575940873509950,"29155,3903,1758",149.353590
720575940900033476,"24463,3224,1703",720575940893307467,"24104,3598,1701",448.067598
720575940900033476,"24463,3224,1703",720575940929601786,"26320,3381,1543",546.227554
720575940900033476,"24463,3224,1703",720575940912627846,"22589,3518,2073",186.164935
720575940900033476,"24463,3224,1703",720575940875009249,"24558,3736,2265",80.288066
720575940900033476,"24463,3224,1703",720575940891538468,"25430,4764,1460",400.966542
720575940900033476,"24463,3224,1703",720575940896891210,"22476,4688,1997",150.709238
720575940900033476,"24463,3224,1703",720575940875009505,"24266,4298,1651",350.108864
720575940900033476,"24463,3224,1703",720575940877168904,"27950,4274,1601",24.511680
720575940900033476,"24463,3224,1703",720575940915389853,"28063,4731,1501",184.629490
720575940900033476,"24463,3224,1703",720575940915390109,"43805,6509,1651",0.000000
720575940900033476,"24463,3224,1703",720575940859668375,"44611,6738,1017",0.000000
720575940900033476,"24463,3224,1703",720575940879241452,"12157,5778,1731",24.687471
720575940900033476,"24463,3224,1703",720575940896891466,"24510,4268,832",75.624099
720575940900033476,"24463,3224,1703",720575940892190818,"40863,5761,1321",0.000000
720575940900033476,"24463,3224,1703",720575940879813622,"37934,6202,141",0.000000
720575940900033476,"24463,3224,1703",720575940951311655,"27837,3887,654",69.459899
720575940900033476,"24463,3224,1703",720575940900275426,"17933,2855,2476",0.000000
720575940900033476,"24463,3224,1703",720575940882688412,"37209,4746,2029",0.000000
720575940900033476,"24463,3224,1703",720575940955236696,"24389,3216,2237",50.286628
720575940900033476,"24463,3224,1703",720575940881950033,"22054,2885,2756",36.559856
720575940900033476,"24463,3224,1703",720575940868783597,"30837,4276,976",137.152707
720575940900033476,"24463,3224,1703",720575940894200219,"32924,5320,1118",144.445281
720575940900033476,"24463,3224,1703",720575940915390365,"20825,5711,2247",83.090966
720575940900033476,"24463,3224,1703",720575940875009761,"30563,3134,541",5.179140
720575940900033476,"24463,3224,1703",720575940878349179,"41785,5171,3367",0.000000
720575940900033476,"24463,3224,1703",720575940889785957,"25781,3130,2539",2.250273
720575940919632133,"26844,2932,1701",720575940873509950,"29155,3903,1758",405.875661
720575940919632133,"26844,2932,1701",720575940893307467,"24104,3598,1701",339.261382
720575940919632133,"26844,2932,1701",720575940929601786,"26320,3381,1543",219.285609
720575940919632133,"26844,2932,1701",720575940912627846,"22589,3518,2073",633.584717
720575940919632133,"26844,2932,1701",720575940875009249,"24558,3736,2265",543.444000
720575940919632133,"26844,2932,1701",720575940891538468,"25430,4764,1460",123.329871
720575940919632133,"26844,2932,1701",720575940896891210,"22476,4688,1997",452.553388
720575940919632133,"26844,2932,1701",720575940875009505,"24266,4298,1651",179.094098
720575940919632133,"26844,2932,1701",720575940877168904,"27950,4274,1601",173.820832
720575940919632133,"26844,2932,1701",720575940915389853,"28063,4731,1501",59.532809
720575940919632133,"26844,2932,1701",720575940915390109,"43805,6509,1651",0.000000
720575940919632133,"26844,2932,1701",720575940859668375,"44611,6738,1017",0.000000
720575940919632133,"26844,2932,1701",720575940879241452,"12157,5778,1731",74.856864
720575940919632133,"26844,2932,1701",720575940896891466,"24510,4268,832",33.643899
720575940919632133,"26844,2932,1701",720575940892190818,"40863,5761,1321",0.000000
720575940919632133,"26844,2932,1701",720575940879813622,"37934,6202,141",25.030182
720575940919632133,"26844,2932,1701",720575940951311655,"27837,3887,654",11.633879
720575940919632133,"26844,2932,1701",720575940900275426,"17933,2855,2476",0.000000
720575940919632133,"26844,2932,1701",720575940882688412,"37209,4746,2029",0.000000
720575940919632133,"26844,2932,1701",720575940955236696,"24389,3216,2237",94.932103
720575940919632133,"26844,2932,1701",720575940881950033,"22054,2885,2756",0.000000
720575940919632133,"26844,2932,1701",720575940868783597,"30837,4276,976",121.132940
720575940919632133,"26844,2932,1701",720575940894200219,"32924,5320,1118",420.546754
720575940919632133,"26844,2932,1701",720575940915390365,"20825,5711,2247",81.106074
720575940919632133,"26844,2932,1701",720575940875009761,"30563,3134,541",22.725114
720575940919632133,"26844,2932,1701",720575940878349179,"41785,5171,3367",0.000000
720575940919632133,"26844,2932,1701",720575940889785957,"25781,3130,2539",0.000000
720575940917853067,"17826,3036,1762",720575940873509950,"29155,3903,1758",0.000000
720575940917853067,"17826,3036,1762",720575940893307467,"24104,3598,1701",0.000000
720575940917853067,"17826,3036,1762",720575940929601786,"26320,3381,1543",0.000000
720575940917853067,"17826,3036,1762",720575940912627846,"22589,3518,2073",0.000000
720575940917853067,"17826,3036,1762",720575940875009249,"24558,3736,2265",0.000000
720575940917853067,"17826,3036,1762",720575940891538468,"25430,4764,1460",44.831753
720575940917853067,"17826,3036,1762",720575940896891210,"22476,4688,1997",0.000000
720575940917853067,"17826,3036,1762",720575940875009505,"24266,4298,1651",0.000000
720575940917853067,"17826,3036,1762",720575940877168904,"27950,4274,1601",44.282099
720575940917853067,"17826,3036,1762",720575940915389853,"28063,4731,1501",107.292971
720575940917853067,"17826,3036,1762",720575940915390109,"43805,6509,1651",0.000000
720575940917853067,"17826,3036,1762",720575940859668375,"44611,6738,1017",0.000000
720575940917853067,"17826,3036,1762",720575940879241452,"12157,5778,1731",85.164160
720575940917853067,"17826,3036,1762",720575940896891466,"24510,4268,832",49.704167
720575940917853067,"17826,3036,1762",720575940892190818,"40863,5761,1321",0.000000
720575940917853067,"17826,3036,1762",720575940879813622,"37934,6202,141",0.000000
720575940917853067,"17826,3036,1762",720575940951311655,"27837,3887,654",0.000000
720575940917853067,"17826,3036,1762",720575940900275426,"17933,2855,2476",0.000000
720575940917853067,"17826,3036,1762",720575940882688412,"37209,4746,2029",0.000000
720575940917853067,"17826,3036,1762",720575940955236696,"24389,3216,2237",0.000000
720575940917853067,"17826,3036,1762",720575940881950033,"22054,2885,2756",0.000000
720575940917853067,"17826,3036,1762",720575940868783597,"30837,4276,976",0.000000
720575940917853067,"17826,3036,1762",720575940894200219,"32924,5320,1118",0.000000
720575940917853067,"17826,3036,1762",720575940915390365,"20825,5711,2247",23.762309
720575940917853067,"17826,3036,1762",720575940875009761,"30563,3134,541",0.000000
720575940917853067,"17826,3036,1762",720575940878349179,"41785,5171,3367",0.000000
720575940917853067,"17826,3036,1762",720575940889785957,"25781,3130,2539",0.000000
720575940892205566,"26275,3621,1136",720575940873509950,"29155,3903,1758",0.000000
720575940892205566,"26275,3621,1136",720575940893307467,"24104,3598,1701",148.112637
720575940892205566,"26275,3621,1136",720575940929601786,"26320,3381,1543",170.823682
720575940892205566,"26275,3621,1136",720575940912627846,"22589,3518,2073",5.355246
720575940892205566,"26275,3621,1136",720575940875009249,"24558,3736,2265",0.000000
720575940892205566,"26275,3621,1136",720575940891538468,"25430,4764,1460",149.337407
720575940892205566,"26275,3621,1136",720575940896891210,"22476,4688,1997",46.952284
720575940892205566,"26275,3621,1136",720575940875009505,"24266,4298,1651",268.127617
720575940892205566,"26275,3621,1136",720575940877168904,"27950,4274,1601",13.544369
720575940892205566,"26275,3621,1136",720575940915389853,"28063,4731,1501",143.573622
720575940892205566,"26275,3621,1136",720575940915390109,"43805,6509,1651",0.000000
720575940892205566,"26275,3621,1136",720575940859668375,"44611,6738,1017",0.000000
720575940892205566,"26275,3621,1136",720575940879241452,"12157,5778,1731",8.272810
720575940892205566,"26275,3621,1136",720575940896891466,"24510,4268,832",81.671315
720575940892205566,"26275,3621,1136",720575940892190818,"40863,5761,1321",0.000000
720575940892205566,"26275,3621,1136",720575940879813622,"37934,6202,141",5.521355
720575940892205566,"26275,3621,1136",720575940951311655,"27837,3887,654",79.605268
720575940892205566,"26275,3621,1136",720575940900275426,"17933,2855,2476",0.000000
720575940892205566,"26275,3621,1136",720575940882688412,"37209,4746,2029",0.000000
720575940892205566,"26275,3621,1136",720575940955236696,"24389,3216,2237",16.751086
720575940892205566,"26275,3621,1136",720575940881950033,"22054,2885,2756",3.656543
720575940892205566,"26275,3621,1136",720575940868783597,"30837,4276,976",305.874183
720575940892205566,"26275,3621,1136",720575940894200219,"32924,5320,1118",70.074142
720575940892205566,"26275,3621,1136",720575940915390365,"20825,5711,2247",34.983363
720575940892205566,"26275,3621,1136",720575940875009761,"30563,3134,541",74.468443
720575940892205566,"26275,3621,1136",720575940878349179,"41785,5171,3367",0.000000
720575940892205566,"26275,3621,1136",720575940889785957,"25781,3130,2539",6.165582
720575940890962241,"26009,4241,1351",720575940873509950,"29155,3903,1758",4.381069
720575940890962241,"26009,4241,1351",720575940893307467,"24104,3598,1701",687.492135
720575940890962241,"26009,4241,1351",720575940929601786,"26320,3381,1543",655.747023
720575940890962241,"26009,4241,1351",720575940912627846,"22589,3518,2073",217.465320
720575940890962241,"26009,4241,1351",720575940875009249,"24558,3736,2265",88.146042
720575940890962241,"26009,4241,1351",720575940891538468,"25430,4764,1460",158.201777
720575940890962241,"26009,4241,1351",720575940896891210,"22476,4688,1997",67.235360
720575940890962241,"26009,4241,1351",720575940875009505,"24266,4298,1651",357.403975
720575940890962241,"26009,4241,1351",720575940877168904,"27950,4274,1601",0.000000
720575940890962241,"26009,4241,1351",720575940915389853,"28063,4731,1501",90.993663
720575940890962241,"26009,4241,1351",720575940915390109,"43805,6509,1651",0.000000
720575940890962241,"26009,4241,1351",720575940859668375,"44611,6738,1017",0.000000
720575940890962241,"26009,4241,1351",720575940879241452,"12157,5778,1731",0.000000
720575940890962241,"26009,4241,1351",720575940896891466,"24510,4268,832",0.000000
720575940890962241,"26009,4241,1351",720575940892190818,"40863,5761,1321",0.000000
720575940890962241,"26009,4241,1351",720575940879813622,"37934,6202,141",0.000000
720575940890962241,"26009,4241,1351",720575940951311655,"27837,3887,654",14.613711
720575940890962241,"26009,4241,1351",720575940900275426,"17933,2855,2476",0.000000
720575940890962241,"26009,4241,1351",720575940882688412,"37209,4746,2029",0.000000
720575940890962241,"26009,4241,1351",720575940955236696,"24389,3216,2237",16.329182
720575940890962241,"26009,4241,1351",720575940881950033,"22054,2885,2756",0.000000
720575940890962241,"26009,4241,1351",720575940868783597,"30837,4276,976",534.349049
720575940890962241,"26009,4241,1351",720575940894200219,"32924,5320,1118",0.000000
720575940890962241,"26009,4241,1351",720575940915390365,"20825,5711,2247",0.000000
720575940890962241,"26009,4241,1351",720575940875009761,"30563,3134,541",0.000000
720575940890962241,"26009,4241,1351",720575940878349179,"41785,5171,3367",0.000000
720575940890962241,"26009,4241,1351",720575940889785957,"25781,3130,2539",0.000000
720575940883201751,"26797,3830,1327",720575940873509950,"29155,3903,1758",0.000000
720575940883201751,"26797,3830,1327",720575940893307467,"24104,3598,1701",577.395006
720575940883201751,"26797,3830,1327",720575940929601786,"26320,3381,1543",664.831526
720575940883201751,"26797,3830,1327",720575940912627846,"22589,3518,2073",197.114904
720575940883201751,"26797,3830,1327",720575940875009249,"24558,3736,2265",44.172585
720575940883201751,"26797,3830,1327",720575940891538468,"25430,4764,1460",250.397667
720575940883201751,"26797,3830,1327",720575940896891210,"22476,4688,1997",17.495535
720575940883201751,"26797,3830,1327",720575940875009505,"24266,4298,1651",378.513756
720575940883201751,"26797,3830,1327",720575940877168904,"27950,4274,1601",0.000000
720575940883201751,"26797,3830,1327",720575940915389853,"28063,4731,1501",65.998116
720575940883201751,"26797,3830,1327",720575940915390109,"43805,6509,1651",0.000000
720575940883201751,"26797,3830,1327",720575940859668375,"44611,6738,1017",0.000000
720575940883201751,"26797,3830,1327",720575940879241452,"12157,5778,1731",0.000000
720575940883201751,"26797,3830,1327",720575940896891466,"24510,4268,832",10.331249
720575940883201751,"26797,3830,1327",720575940892190818,"40863,5761,1321",0.000000
720575940883201751,"26797,3830,1327",720575940879813622,"37934,6202,141",0.000000
720575940883201751,"26797,3830,1327",720575940951311655,"27837,3887,654",30.764663
720575940883201751,"26797,3830,1327",720575940900275426,"17933,2855,2476",0.000000
720575940883201751,"26797,3830,1327",720575940882688412,"37209,4746,2029",0.000000
720575940883201751,"26797,3830,1327",720575940955236696,"24389,3216,2237",79.154689
720575940883201751,"26797,3830,1327",720575940881950033,"22054,2885,2756",0.000000
720575940883201751,"26797,3830,1327",720575940868783597,"30837,4276,976",459.366273
720575940883201751,"26797,3830,1327",720575940894200219,"32924,5320,1118",0.000000
720575940883201751,"26797,3830,1327",720575940915390365,"20825,5711,2247",0.000000
720575940883201751,"26797,3830,1327",720575940875009761,"30563,3134,541",33.869003
720575940883201751,"26797,3830,1327",720575940878349179,"41785,5171,3367",0.000000
720575940883201751,"26797,3830,1327",720575940889785957,"25781,3130,2539",8.871418
720575940882117920,"23730,4200,1346",720575940873509950,"29155,3903,1758",0.000000
720575940882117920,"23730,4200,1346",720575940893307467,"24104,3598,1701",129.200922
720575940882117920,"23730,4200,1346",720575940929601786,"26320,3381,1543",336.949063
720575940882117920,"23730,4200,1346",720575940912627846,"22589,3518,2073",7.751018
720575940882117920,"23730,4200,1346",720575940875009249,"24558,3736,2265",0.000000
720575940882117920,"23730,4200,1346",720575940891538468,"25430,4764,1460",0.000000
720575940882117920,"23730,4200,1346",720575940896891210,"22476,4688,1997",0.000000
720575940882117920,"23730,4200,1346",720575940875009505,"24266,4298,1651",5.075916
720575940882117920,"23730,4200,1346",720575940877168904,"27950,4274,1601",0.000000
720575940882117920,"23730,4200,1346",720575940915389853,"28063,4731,1501",35.232171
720575940882117920,"23730,4200,1346",720575940915390109,"43805,6509,1651",0.000000
720575940882117920,"23730,4200,1346",720575940859668375,"44611,6738,1017",0.000000
720575940882117920,"23730,4200,1346",720575940879241452,"12157,5778,1731",23.349172
720575940882117920,"23730,4200,1346",720575940896891466,"24510,4268,832",6.537332
720575940882117920,"23730,4200,1346",720575940892190818,"40863,5761,1321",0.000000
720575940882117920,"23730,4200,1346",720575940879813622,"37934,6202,141",0.000000
720575940882117920,"23730,4200,1346",720575940951311655,"27837,3887,654",40.185267
720575940882117920,"23730,4200,1346",720575940900275426,"17933,2855,2476",0.000000
720575940882117920,"23730,4200,1346",720575940882688412,"37209,4746,2029",0.000000
720575940882117920,"23730,4200,1346",720575940955236696,"24389,3216,2237",0.000000
720575940882117920,"23730,4200,1346",720575940881950033,"22054,2885,2756",0.000000
720575940882117920,"23730,4200,1346",720575940868783597,"30837,4276,976",115.295024
720575940882117920,"23730,4200,1346",720575940894200219,"32924,5320,1118",0.000000
720575940882117920,"23730,4200,1346",720575940915390365,"20825,5711,2247",0.000000
720575940882117920,"23730,4200,1346",720575940875009761,"30563,3134,541",0.000000
720575940882117920,"23730,4200,1346",720575940878349179,"41785,5171,3367",0.000000
720575940882117920,"23730,4200,1346",720575940889785957,"25781,3130,2539",0.000000
720575940920456848,"28796,4313,1901",720575940873509950,"29155,3903,1758",499.799412
720575940920456848,"28796,4313,1901",720575940893307467,"24104,3598,1701",43.736237
720575940920456848,"28796,4313,1901",720575940929601786,"26320,3381,1543",182.061899
720575940920456848,"28796,4313,1901",720575940912627846,"22589,3518,2073",54.142199
720575940920456848,"28796,4313,1901",720575940875009249,"24558,3736,2265",180.586163
720575940920456848,"28796,4313,1901",720575940891538468,"25430,4764,1460",0.000000
720575940920456848,"28796,4313,1901",720575940896891210,"22476,4688,1997",105.921946
720575940920456848,"28796,4313,1901",720575940875009505,"24266,4298,1651",18.947842
720575940920456848,"28796,4313,1901",720575940877168904,"27950,4274,1601",156.225136
720575940920456848,"28796,4313,1901",720575940915389853,"28063,4731,1501",0.000000
720575940920456848,"28796,4313,1901",720575940915390109,"43805,6509,1651",0.000000
720575940920456848,"28796,4313,1901",720575940859668375,"44611,6738,1017",0.000000
720575940920456848,"28796,4313,1901",720575940879241452,"12157,5778,1731",0.000000
720575940920456848,"28796,4313,1901",720575940896891466,"24510,4268,832",13.834704
720575940920456848,"28796,4313,1901",720575940892190818,"40863,5761,1321",0.000000
720575940920456848,"28796,4313,1901",720575940879813622,"37934,6202,141",0.000000
720575940920456848,"28796,4313,1901",720575940951311655,"27837,3887,654",0.000000
720575940920456848,"28796,4313,1901",720575940900275426,"17933,2855,2476",0.000000
720575940920456848,"28796,4313,1901",720575940882688412,"37209,4746,2029",0.000000
720575940920456848,"28796,4313,1901",720575940955236696,"24389,3216,2237",21.954316
720575940920456848,"28796,4313,1901",720575940881950033,"22054,2885,2756",0.000000
720575940920456848,"28796,4313,1901",720575940868783597,"30837,4276,976",0.000000
720575940920456848,"28796,4313,1901",720575940894200219,"32924,5320,1118",241.433282
720575940920456848,"28796,4313,1901",720575940915390365,"20825,5711,2247",29.709251
720575940920456848,"28796,4313,1901",720575940875009761,"30563,3134,541",0.000000
720575940920456848,"28796,4313,1901",720575940878349179,"41785,5171,3367",0.000000
720575940920456848,"28796,4313,1901",720575940889785957,"25781,3130,2539",109.483685
720575940928343548,"29848,3745,1701",720575940873509950,"29155,3903,1758",618.937851
720575940928343548,"29848,3745,1701",720575940893307467,"24104,3598,1701",199.109239
720575940928343548,"29848,3745,1701",720575940929601786,"26320,3381,1543",605.653522
720575940928343548,"29848,3745,1701",720575940912627846,"22589,3518,2073",407.122061
720575940928343548,"29848,3745,1701",720575940875009249,"24558,3736,2265",356.362237
720575940928343548,"29848,3745,1701",720575940891538468,"25430,4764,1460",60.145448
720575940928343548,"29848,3745,1701",720575940896891210,"22476,4688,1997",231.210346
720575940928343548,"29848,3745,1701",720575940875009505,"24266,4298,1651",124.374044
720575940928343548,"29848,3745,1701",720575940877168904,"27950,4274,1601",248.515987
720575940928343548,"29848,3745,1701",720575940915389853,"28063,4731,1501",53.962190
720575940928343548,"29848,3745,1701",720575940915390109,"43805,6509,1651",0.000000
720575940928343548,"29848,3745,1701",720575940859668375,"44611,6738,1017",0.000000
720575940928343548,"29848,3745,1701",720575940879241452,"12157,5778,1731",0.000000
720575940928343548,"29848,3745,1701",720575940896891466,"24510,4268,832",0.000000
720575940928343548,"29848,3745,1701",720575940892190818,"40863,5761,1321",30.553135
720575940928343548,"29848,3745,1701",720575940879813622,"37934,6202,141",56.037371
720575940928343548,"29848,3745,1701",720575940951311655,"27837,3887,654",0.000000
720575940928343548,"29848,3745,1701",720575940900275426,"17933,2855,2476",0.000000
720575940928343548,"29848,3745,1701",720575940882688412,"37209,4746,2029",6.115897
720575940928343548,"29848,3745,1701",720575940955236696,"24389,3216,2237",0.000000
720575940928343548,"29848,3745,1701",720575940881950033,"22054,2885,2756",0.000000
720575940928343548,"29848,3745,1701",720575940868783597,"30837,4276,976",113.599961
720575940928343548,"29848,3745,1701",720575940894200219,"32924,5320,1118",124.803104
720575940928343548,"29848,3745,1701",720575940915390365,"20825,5711,2247",0.000000
720575940928343548,"29848,3745,1701",720575940875009761,"30563,3134,541",0.000000
720575940928343548,"29848,3745,1701",720575940878349179,"41785,5171,3367",0.000000
720575940928343548,"29848,3745,1701",720575940889785957,"25781,3130,2539",0.000000
720575940937857965,"29077,4101,1701",720575940873509950,"29155,3903,1758",738.087335
720575940937857965,"29077,4101,1701",720575940893307467,"24104,3598,1701",431.038680
720575940937857965,"29077,4101,1701",720575940929601786,"26320,3381,1543",499.256319
720575940937857965,"29077,4101,1701",720575940912627846,"22589,3518,2073",719.636514
720575940937857965,"29077,4101,1701",720575940875009249,"24558,3736,2265",479.785349
720575940937857965,"29077,4101,1701",720575940891538468,"25430,4764,1460",58.085767
720575940937857965,"29077,4101,1701",720575940896891210,"22476,4688,1997",265.932588
720575940937857965,"29077,4101,1701",720575940875009505,"24266,4298,1651",172.943310
720575940937857965,"29077,4101,1701",720575940877168904,"27950,4274,1601",136.648767
720575940937857965,"29077,4101,1701",720575940915389853,"28063,4731,1501",15.035866
720575940937857965,"29077,4101,1701",720575940915390109,"43805,6509,1651",0.000000
720575940937857965,"29077,4101,1701",720575940859668375,"44611,6738,1017",0.000000
720575940937857965,"29077,4101,1701",720575940879241452,"12157,5778,1731",0.000000
720575940937857965,"29077,4101,1701",720575940896891466,"24510,4268,832",17.189929
720575940937857965,"29077,4101,1701",720575940892190818,"40863,5761,1321",0.000000
720575940937857965,"29077,4101,1701",720575940879813622,"37934,6202,141",22.098581
720575940937857965,"29077,4101,1701",720575940951311655,"27837,3887,654",0.000000
720575940937857965,"29077,4101,1701",720575940900275426,"17933,2855,2476",0.000000
720575940937857965,"29077,4101,1701",720575940882688412,"37209,4746,2029",0.000000
720575940937857965,"29077,4101,1701",720575940955236696,"24389,3216,2237",0.000000
720575940937857965,"29077,4101,1701",720575940881950033,"22054,2885,2756",0.000000
720575940937857965,"29077,4101,1701",720575940868783597,"30837,4276,976",172.061981
720575940937857965,"29077,4101,1701",720575940894200219,"32924,5320,1118",85.314357
720575940937857965,"29077,4101,1701",720575940915390365,"20825,5711,2247",0.000000
720575940937857965,"29077,4101,1701",720575940875009761,"30563,3134,541",28.304309
720575940937857965,"29077,4101,1701",720575940878349179,"41785,5171,3367",0.000000
720575940937857965,"29077,4101,1701",720575940889785957,"25781,3130,2539",47.335811
720575940877555511,"28959,3634,1801",720575940873509950,"29155,3903,1758",348.081647
720575940877555511,"28959,3634,1801",720575940893307467,"24104,3598,1701",169.995581
720575940877555511,"28959,3634,1801",720575940929601786,"26320,3381,1543",331.978004
720575940877555511,"28959,3634,1801",720575940912627846,"22589,3518,2073",293.274309
720575940877555511,"28959,3634,1801",720575940875009249,"24558,3736,2265",405.533318
720575940877555511,"28959,3634,1801",720575940891538468,"25430,4764,1460",114.168750
720575940877555511,"28959,3634,1801",720575940896891210,"22476,4688,1997",352.474791
720575940877555511,"28959,3634,1801",720575940875009505,"24266,4298,1651",205.245879
720575940877555511,"28959,3634,1801",720575940877168904,"27950,4274,1601",326.276132
720575940877555511,"28959,3634,1801",720575940915389853,"28063,4731,1501",37.025943
720575940877555511,"28959,3634,1801",720575940915390109,"43805,6509,1651",0.000000
720575940877555511,"28959,3634,1801",720575940859668375,"44611,6738,1017",0.000000
720575940877555511,"28959,3634,1801",720575940879241452,"12157,5778,1731",0.000000
720575940877555511,"28959,3634,1801",720575940896891466,"24510,4268,832",11.867646
720575940877555511,"28959,3634,1801",720575940892190818,"40863,5761,1321",3.487445
720575940877555511,"28959,3634,1801",720575940879813622,"37934,6202,141",0.000000
720575940877555511,"28959,3634,1801",720575940951311655,"27837,3887,654",0.000000
720575940877555511,"28959,3634,1801",720575940900275426,"17933,2855,2476",0.000000
720575940877555511,"28959,3634,1801",720575940882688412,"37209,4746,2029",0.000000
720575940877555511,"28959,3634,1801",720575940955236696,"24389,3216,2237",0.000000
720575940877555511,"28959,3634,1801",720575940881950033,"22054,2885,2756",0.000000
720575940877555511,"28959,3634,1801",720575940868783597,"30837,4276,976",52.421982
720575940877555511,"28959,3634,1801",720575940894200219,"32924,5320,1118",182.058620
720575940877555511,"28959,3634,1801",720575940915390365,"20825,5711,2247",10.818137
720575940877555511,"28959,3634,1801",720575940875009761,"30563,3134,541",39.943123
720575940877555511,"28959,3634,1801",720575940878349179,"41785,5171,3367",0.000000
720575940877555511,"28959,3634,1801",720575940889785957,"25781,3130,2539",18.418446
720575940917852811,"28516,3625,1801",720575940873509950,"29155,3903,1758",524.451614
720575940917852811,"28516,3625,1801",720575940893307467,"24104,3598,1701",284.240471
720575940917852811,"28516,3625,1801",720575940929601786,"26320,3381,1543",419.450487
720575940917852811,"28516,3625,1801",720575940912627846,"22589,3518,2073",505.111037
720575940917852811,"28516,3625,1801",720575940875009249,"24558,3736,2265",421.233469
720575940917852811,"28516,3625,1801",720575940891538468,"25430,4764,1460",41.880244
720575940917852811,"28516,3625,1801",720575940896891210,"22476,4688,1997",306.495804
720575940917852811,"28516,3625,1801",720575940875009505,"24266,4298,1651",151.744544
720575940917852811,"28516,3625,1801",720575940877168904,"27950,4274,1601",227.603343
720575940917852811,"28516,3625,1801",720575940915389853,"28063,4731,1501",56.785445
720575940917852811,"28516,3625,1801",720575940915390109,"43805,6509,1651",0.000000
720575940917852811,"28516,3625,1801",720575940859668375,"44611,6738,1017",0.000000
720575940917852811,"28516,3625,1801",720575940879241452,"12157,5778,1731",0.000000
720575940917852811,"28516,3625,1801",720575940896891466,"24510,4268,832",0.000000
720575940917852811,"28516,3625,1801",720575940892190818,"40863,5761,1321",0.549757
720575940917852811,"28516,3625,1801",720575940879813622,"37934,6202,141",0.000000
720575940917852811,"28516,3625,1801",720575940951311655,"27837,3887,654",0.000000
720575940917852811,"28516,3625,1801",720575940900275426,"17933,2855,2476",0.000000
720575940917852811,"28516,3625,1801",720575940882688412,"37209,4746,2029",0.000000
720575940917852811,"28516,3625,1801",720575940955236696,"24389,3216,2237",0.000000
720575940917852811,"28516,3625,1801",720575940881950033,"22054,2885,2756",0.000000
720575940917852811,"28516,3625,1801",720575940868783597,"30837,4276,976",80.733136
720575940917852811,"28516,3625,1801",720575940894200219,"32924,5320,1118",201.545904
720575940917852811,"28516,3625,1801",720575940915390365,"20825,5711,2247",15.645730
720575940917852811,"28516,3625,1801",720575940875009761,"30563,3134,541",11.226918
720575940917852811,"28516,3625,1801",720575940878349179,"41785,5171,3367",0.000000
720575940917852811,"28516,3625,1801",720575940889785957,"25781,3130,2539",7.424233
720575940902629074,"24881,4397,2001",720575940873509950,"29155,3903,1758",376.535525
720575940902629074,"24881,4397,2001",720575940893307467,"24104,3598,1701",314.332156
720575940902629074,"24881,4397,2001",720575940929601786,"26320,3381,1543",136.898201
720575940902629074,"24881,4397,2001",720575940912627846,"22589,3518,2073",754.522988
720575940902629074,"24881,4397,2001",720575940875009249,"24558,3736,2265",788.476859
720575940902629074,"24881,4397,2001",720575940891538468,"25430,4764,1460",0.000000
720575940902629074,"24881,4397,2001",720575940896891210,"22476,4688,1997",444.428784
720575940902629074,"24881,4397,2001",720575940875009505,"24266,4298,1651",0.000000
720575940902629074,"24881,4397,2001",720575940877168904,"27950,4274,1601",319.906123
720575940902629074,"24881,4397,2001",720575940915389853,"28063,4731,1501",22.242771
720575940902629074,"24881,4397,2001",720575940915390109,"43805,6509,1651",0.000000
720575940902629074,"24881,4397,2001",720575940859668375,"44611,6738,1017",0.000000
720575940902629074,"24881,4397,2001",720575940879241452,"12157,5778,1731",0.000000
720575940902629074,"24881,4397,2001",720575940896891466,"24510,4268,832",0.000000
720575940902629074,"24881,4397,2001",720575940892190818,"40863,5761,1321",0.000000
720575940902629074,"24881,4397,2001",720575940879813622,"37934,6202,141",0.000000
720575940902629074,"24881,4397,2001",720575940951311655,"27837,3887,654",7.187651
720575940902629074,"24881,4397,2001",720575940900275426,"17933,2855,2476",0.000000
720575940902629074,"24881,4397,2001",720575940882688412,"37209,4746,2029",0.000000
720575940902629074,"24881,4397,2001",720575940955236696,"24389,3216,2237",46.361223
720575940902629074,"24881,4397,2001",720575940881950033,"22054,2885,2756",0.000000
720575940902629074,"24881,4397,2001",720575940868783597,"30837,4276,976",0.000000
720575940902629074,"24881,4397,2001",720575940894200219,"32924,5320,1118",259.395080
720575940902629074,"24881,4397,2001",720575940915390365,"20825,5711,2247",50.635305
720575940902629074,"24881,4397,2001",720575940875009761,"30563,3134,541",0.000000
720575940902629074,"24881,4397,2001",720575940878349179,"41785,5171,3367",0.000000
720575940902629074,"24881,4397,2001",720575940889785957,"25781,3130,2539",31.833317
720575940888799761,"25630,4007,1951",720575940873509950,"29155,3903,1758",513.046077
720575940888799761,"25630,4007,1951",720575940893307467,"24104,3598,1701",554.545749
720575940888799761,"25630,4007,1951",720575940929601786,"26320,3381,1543",176.210963
720575940888799761,"25630,4007,1951",720575940912627846,"22589,3518,2073",1031.752792
720575940888799761,"25630,4007,1951",720575940875009249,"24558,3736,2265",863.845390
720575940888799761,"25630,4007,1951",720575940891538468,"25430,4764,1460",0.000000
720575940888799761,"25630,4007,1951",720575940896891210,"22476,4688,1997",616.954614
720575940888799761,"25630,4007,1951",720575940875009505,"24266,4298,1651",85.498206
720575940888799761,"25630,4007,1951",720575940877168904,"27950,4274,1601",154.968165
720575940888799761,"25630,4007,1951",720575940915389853,"28063,4731,1501",0.000000
720575940888799761,"25630,4007,1951",720575940915390109,"43805,6509,1651",0.000000
720575940888799761,"25630,4007,1951",720575940859668375,"44611,6738,1017",0.000000
720575940888799761,"25630,4007,1951",720575940879241452,"12157,5778,1731",0.000000
720575940888799761,"25630,4007,1951",720575940896891466,"24510,4268,832",20.270288
720575940888799761,"25630,4007,1951",720575940892190818,"40863,5761,1321",0.000000
720575940888799761,"25630,4007,1951",720575940879813622,"37934,6202,141",0.000000
720575940888799761,"25630,4007,1951",720575940951311655,"27837,3887,654",18.226330
720575940888799761,"25630,4007,1951",720575940900275426,"17933,2855,2476",0.000000
720575940888799761,"25630,4007,1951",720575940882688412,"37209,4746,2029",0.000000
720575940888799761,"25630,4007,1951",720575940955236696,"24389,3216,2237",40.728046
720575940888799761,"25630,4007,1951",720575940881950033,"22054,2885,2756",0.000000
720575940888799761,"25630,4007,1951",720575940868783597,"30837,4276,976",27.704008
720575940888799761,"25630,4007,1951",720575940894200219,"32924,5320,1118",79.407884
720575940888799761,"25630,4007,1951",720575940915390365,"20825,5711,2247",66.155018
720575940888799761,"25630,4007,1951",720575940875009761,"30563,3134,541",15.502027
720575940888799761,"25630,4007,1951",720575940878349179,"41785,5171,3367",0.000000
720575940888799761,"25630,4007,1951",720575940889785957,"25781,3130,2539",5.209897
720575940888793178,"23244,4281,1901",720575940873509950,"29155,3903,1758",58.520690
720575940888793178,"23244,4281,1901",720575940893307467,"24104,3598,1701",901.148078
720575940888793178,"23244,4281,1901",720575940929601786,"26320,3381,1543",762.067964
720575940888793178,"23244,4281,1901",720575940912627846,"22589,3518,2073",799.560256
720575940888793178,"23244,4281,1901",720575940875009249,"24558,3736,2265",419.095866
720575940888793178,"23244,4281,1901",720575940891538468,"25430,4764,1460",42.675616
720575940888793178,"23244,4281,1901",720575940896891210,"22476,4688,1997",165.197339
720575940888793178,"23244,4281,1901",720575940875009505,"24266,4298,1651",101.893444
720575940888793178,"23244,4281,1901",720575940877168904,"27950,4274,1601",0.000000
720575940888793178,"23244,4281,1901",720575940915389853,"28063,4731,1501",97.009963
720575940888793178,"23244,4281,1901",720575940915390109,"43805,6509,1651",0.000000
720575940888793178,"23244,4281,1901",720575940859668375,"44611,6738,1017",0.000000
720575940888793178,"23244,4281,1901",720575940879241452,"12157,5778,1731",27.055751
720575940888793178,"23244,4281,1901",720575940896891466,"24510,4268,832",0.000000
720575940888793178,"23244,4281,1901",720575940892190818,"40863,5761,1321",0.000000
720575940888793178,"23244,4281,1901",720575940879813622,"37934,6202,141",0.000000
720575940888793178,"23244,4281,1901",720575940951311655,"27837,3887,654",15.688502
720575940888793178,"23244,4281,1901",720575940900275426,"17933,2855,2476",0.000000
720575940888793178,"23244,4281,1901",720575940882688412,"37209,4746,2029",0.000000
720575940888793178,"23244,4281,1901",720575940955236696,"24389,3216,2237",9.636214
720575940888793178,"23244,4281,1901",720575940881950033,"22054,2885,2756",6.618755
720575940888793178,"23244,4281,1901",720575940868783597,"30837,4276,976",18.623412
720575940888793178,"23244,4281,1901",720575940894200219,"32924,5320,1118",120.788821
720575940888793178,"23244,4281,1901",720575940915390365,"20825,5711,2247",84.035186
720575940888793178,"23244,4281,1901",720575940875009761,"30563,3134,541",0.000000
720575940888793178,"23244,4281,1901",720575940878349179,"41785,5171,3367",0.000000
720575940888793178,"23244,4281,1901",720575940889785957,"25781,3130,2539",26.985971
720575940881055666,"23617,3390,1901",720575940873509950,"29155,3903,1758",186.999763
720575940881055666,"23617,3390,1901",720575940893307467,"24104,3598,1701",339.864749
720575940881055666,"23617,3390,1901",720575940929601786,"26320,3381,1543",416.809310
720575940881055666,"23617,3390,1901",720575940912627846,"22589,3518,2073",536.817618
720575940881055666,"23617,3390,1901",720575940875009249,"24558,3736,2265",339.594374
720575940881055666,"23617,3390,1901",720575940891538468,"25430,4764,1460",49.655084
720575940881055666,"23617,3390,1901",720575940896891210,"22476,4688,1997",308.759204
720575940881055666,"23617,3390,1901",720575940875009505,"24266,4298,1651",172.386464
720575940881055666,"23617,3390,1901",720575940877168904,"27950,4274,1601",11.706489
720575940881055666,"23617,3390,1901",720575940915389853,"28063,4731,1501",201.387113
720575940881055666,"23617,3390,1901",720575940915390109,"43805,6509,1651",0.000000
720575940881055666,"23617,3390,1901",720575940859668375,"44611,6738,1017",0.000000
720575940881055666,"23617,3390,1901",720575940879241452,"12157,5778,1731",51.980714
720575940881055666,"23617,3390,1901",720575940896891466,"24510,4268,832",0.000000
720575940881055666,"23617,3390,1901",720575940892190818,"40863,5761,1321",0.000000
720575940881055666,"23617,3390,1901",720575940879813622,"37934,6202,141",0.000000
720575940881055666,"23617,3390,1901",720575940951311655,"27837,3887,654",40.737973
720575940881055666,"23617,3390,1901",720575940900275426,"17933,2855,2476",0.000000
720575940881055666,"23617,3390,1901",720575940882688412,"37209,4746,2029",0.000000
720575940881055666,"23617,3390,1901",720575940955236696,"24389,3216,2237",7.000345
720575940881055666,"23617,3390,1901",720575940881950033,"22054,2885,2756",21.867027
720575940881055666,"23617,3390,1901",720575940868783597,"30837,4276,976",11.712590
720575940881055666,"23617,3390,1901",720575940894200219,"32924,5320,1118",311.369447
720575940881055666,"23617,3390,1901",720575940915390365,"20825,5711,2247",167.525242
720575940881055666,"23617,3390,1901",720575940875009761,"30563,3134,541",9.805756
720575940881055666,"23617,3390,1901",720575940878349179,"41785,5171,3367",0.000000
720575940881055666,"23617,3390,1901",720575940889785957,"25781,3130,2539",0.000000
720575940905042902,"26591,3342,1801",720575940873509950,"29155,3903,1758",429.021720
720575940905042902,"26591,3342,1801",720575940893307467,"24104,3598,1701",376.145543
720575940905042902,"26591,3342,1801",720575940929601786,"26320,3381,1543",203.302869
720575940905042902,"26591,3342,1801",720575940912627846,"22589,3518,2073",669.328499
720575940905042902,"26591,3342,1801",720575940875009249,"24558,3736,2265",491.150681
720575940905042902,"26591,3342,1801",720575940891538468,"25430,4764,1460",41.927528
720575940905042902,"26591,3342,1801",720575940896891210,"22476,4688,1997",498.089563
720575940905042902,"26591,3342,1801",720575940875009505,"24266,4298,1651",268.680578
720575940905042902,"26591,3342,1801",720575940877168904,"27950,4274,1601",132.144575
720575940905042902,"26591,3342,1801",720575940915389853,"28063,4731,1501",11.605957
720575940905042902,"26591,3342,1801",720575940915390109,"43805,6509,1651",0.000000
720575940905042902,"26591,3342,1801",720575940859668375,"44611,6738,1017",0.000000
720575940905042902,"26591,3342,1801",720575940879241452,"12157,5778,1731",0.000000
720575940905042902,"26591,3342,1801",720575940896891466,"24510,4268,832",0.000000
720575940905042902,"26591,3342,1801",720575940892190818,"40863,5761,1321",0.000000
720575940905042902,"26591,3342,1801",720575940879813622,"37934,6202,141",4.464175
720575940905042902,"26591,3342,1801",720575940951311655,"27837,3887,654",3.397304
720575940905042902,"26591,3342,1801",720575940900275426,"17933,2855,2476",0.000000
720575940905042902,"26591,3342,1801",720575940882688412,"37209,4746,2029",0.000000
720575940905042902,"26591,3342,1801",720575940955236696,"24389,3216,2237",52.735206
720575940905042902,"26591,3342,1801",720575940881950033,"22054,2885,2756",0.000000
720575940905042902,"26591,3342,1801",720575940868783597,"30837,4276,976",23.635695
720575940905042902,"26591,3342,1801",720575940894200219,"32924,5320,1118",79.102443
720575940905042902,"26591,3342,1801",720575940915390365,"20825,5711,2247",12.553574
720575940905042902,"26591,3342,1801",720575940875009761,"30563,3134,541",22.834634
720575940905042902,"26591,3342,1801",720575940878349179,"41785,5171,3367",0.000000
720575940905042902,"26591,3342,1801",720575940889785957,"25781,3130,2539",0.000000
720575940905043670,"27912,3447,1751",720575940873509950,"29155,3903,1758",563.565969
720575940905043670,"27912,3447,1751",720575940893307467,"24104,3598,1701",446.773377
720575940905043670,"27912,3447,1751",720575940929601786,"26320,3381,1543",392.113865
720575940905043670,"27912,3447,1751",720575940912627846,"22589,3518,2073",843.604889
720575940905043670,"27912,3447,1751",720575940875009249,"24558,3736,2265",617.582191
720575940905043670,"27912,3447,1751",720575940891538468,"25430,4764,1460",30.369252
720575940905043670,"27912,3447,1751",720575940896891210,"22476,4688,1997",311.607345
720575940905043670,"27912,3447,1751",720575940875009505,"24266,4298,1651",137.818538
720575940905043670,"27912,3447,1751",720575940877168904,"27950,4274,1601",135.122238
720575940905043670,"27912,3447,1751",720575940915389853,"28063,4731,1501",0.000000
720575940905043670,"27912,3447,1751",720575940915390109,"43805,6509,1651",0.000000
720575940905043670,"27912,3447,1751",720575940859668375,"44611,6738,1017",0.000000
720575940905043670,"27912,3447,1751",720575940879241452,"12157,5778,1731",0.000000
720575940905043670,"27912,3447,1751",720575940896891466,"24510,4268,832",0.000000
720575940905043670,"27912,3447,1751",720575940892190818,"40863,5761,1321",0.000000
720575940905043670,"27912,3447,1751",720575940879813622,"37934,6202,141",35.527738
720575940905043670,"27912,3447,1751",720575940951311655,"27837,3887,654",0.000000
720575940905043670,"27912,3447,1751",720575940900275426,"17933,2855,2476",0.000000
720575940905043670,"27912,3447,1751",720575940882688412,"37209,4746,2029",0.000000
720575940905043670,"27912,3447,1751",720575940955236696,"24389,3216,2237",0.000000
720575940905043670,"27912,3447,1751",720575940881950033,"22054,2885,2756",0.000000
720575940905043670,"27912,3447,1751",720575940868783597,"30837,4276,976",145.802836
720575940905043670,"27912,3447,1751",720575940894200219,"32924,5320,1118",74.066266
720575940905043670,"27912,3447,1751",720575940915390365,"20825,5711,2247",7.799414
720575940905043670,"27912,3447,1751",720575940875009761,"30563,3134,541",25.574147
720575940905043670,"27912,3447,1751",720575940878349179,"41785,5171,3367",0.000000
720575940905043670,"27912,3447,1751",720575940889785957,"25781,3130,2539",11.938431
720575940905043926,"25015,4085,1751",720575940873509950,"29155,3903,1758",488.434110
720575940905043926,"25015,4085,1751",720575940893307467,"24104,3598,1701",353.108817
720575940905043926,"25015,4085,1751",720575940929601786,"26320,3381,1543",143.858807
720575940905043926,"25015,4085,1751",720575940912627846,"22589,3518,2073",777.804867
720575940905043926,"25015,4085,1751",720575940875009249,"24558,3736,2265",631.614311
720575940905043926,"25015,4085,1751",720575940891538468,"25430,4764,1460",13.466820
720575940905043926,"25015,4085,1751",720575940896891210,"22476,4688,1997",313.696243
720575940905043926,"25015,4085,1751",720575940875009505,"24266,4298,1651",94.766886
720575940905043926,"25015,4085,1751",720575940877168904,"27950,4274,1601",98.945069
720575940905043926,"25015,4085,1751",720575940915389853,"28063,4731,1501",46.037454
720575940905043926,"25015,4085,1751",720575940915390109,"43805,6509,1651",0.000000
720575940905043926,"25015,4085,1751",720575940859668375,"44611,6738,1017",0.000000
720575940905043926,"25015,4085,1751",720575940879241452,"12157,5778,1731",0.000000
720575940905043926,"25015,4085,1751",720575940896891466,"24510,4268,832",0.000000
720575940905043926,"25015,4085,1751",720575940892190818,"40863,5761,1321",0.000000
720575940905043926,"25015,4085,1751",720575940879813622,"37934,6202,141",0.000000
720575940905043926,"25015,4085,1751",720575940951311655,"27837,3887,654",10.007669
720575940905043926,"25015,4085,1751",720575940900275426,"17933,2855,2476",0.000000
720575940905043926,"25015,4085,1751",720575940882688412,"37209,4746,2029",0.000000
720575940905043926,"25015,4085,1751",720575940955236696,"24389,3216,2237",12.773029
720575940905043926,"25015,4085,1751",720575940881950033,"22054,2885,2756",0.000000
720575940905043926,"25015,4085,1751",720575940868783597,"30837,4276,976",10.617998
720575940905043926,"25015,4085,1751",720575940894200219,"32924,5320,1118",137.794452
720575940905043926,"25015,4085,1751",720575940915390365,"20825,5711,2247",54.767048
720575940905043926,"25015,4085,1751",720575940875009761,"30563,3134,541",0.000000
720575940905043926,"25015,4085,1751",720575940878349179,"41785,5171,3367",0.000000
720575940905043926,"25015,4085,1751",720575940889785957,"25781,3130,2539",0.000000
720575940884057772,"22850,4049,1701",720575940873509950,"29155,3903,1758",0.000000
720575940884057772,"22850,4049,1701",720575940893307467,"24104,3598,1701",311.391056
720575940884057772,"22850,4049,1701",720575940929601786,"26320,3381,1543",458.086707
720575940884057772,"22850,4049,1701",720575940912627846,"22589,3518,2073",18.764853
720575940884057772,"22850,4049,1701",720575940875009249,"24558,3736,2265",5.183076
720575940884057772,"22850,4049,1701",720575940891538468,"25430,4764,1460",74.681301
720575940884057772,"22850,4049,1701",720575940896891210,"22476,4688,1997",0.000000
720575940884057772,"22850,4049,1701",720575940875009505,"24266,4298,1651",84.587209
720575940884057772,"22850,4049,1701",720575940877168904,"27950,4274,1601",0.000000
720575940884057772,"22850,4049,1701",720575940915389853,"28063,4731,1501",182.040512
720575940884057772,"22850,4049,1701",720575940915390109,"43805,6509,1651",0.000000
720575940884057772,"22850,4049,1701",720575940859668375,"44611,6738,1017",0.000000
720575940884057772,"22850,4049,1701",720575940879241452,"12157,5778,1731",27.652933
720575940884057772,"22850,4049,1701",720575940896891466,"24510,4268,832",0.000000
720575940884057772,"22850,4049,1701",720575940892190818,"40863,5761,1321",0.000000
720575940884057772,"22850,4049,1701",720575940879813622,"37934,6202,141",0.000000
720575940884057772,"22850,4049,1701",720575940951311655,"27837,3887,654",18.541407
720575940884057772,"22850,4049,1701",720575940900275426,"17933,2855,2476",0.000000
720575940884057772,"22850,4049,1701",720575940882688412,"37209,4746,2029",0.000000
720575940884057772,"22850,4049,1701",720575940955236696,"24389,3216,2237",0.000000
720575940884057772,"22850,4049,1701",720575940881950033,"22054,2885,2756",7.863051
720575940884057772,"22850,4049,1701",720575940868783597,"30837,4276,976",41.223604
720575940884057772,"22850,4049,1701",720575940894200219,"32924,5320,1118",9.084232
720575940884057772,"22850,4049,1701",720575940915390365,"20825,5711,2247",0.000000
720575940884057772,"22850,4049,1701",720575940875009761,"30563,3134,541",0.000000
720575940884057772,"22850,4049,1701",720575940878349179,"41785,5171,3367",0.000000
720575940884057772,"22850,4049,1701",720575940889785957,"25781,3130,2539",0.000000
720575940908782425,"24965,4149,1701",720575940873509950,"29155,3903,1758",17.325284
720575940908782425,"24965,4149,1701",720575940893307467,"24104,3598,1701",672.951990
720575940908782425,"24965,4149,1701",720575940929601786,"26320,3381,1543",645.861934
720575940908782425,"24965,4149,1701",720575940912627846,"22589,3518,2073",407.961440
720575940908782425,"24965,4149,1701",720575940875009249,"24558,3736,2265",220.065491
720575940908782425,"24965,4149,1701",720575940891538468,"25430,4764,1460",198.043107
720575940908782425,"24965,4149,1701",720575940896891210,"22476,4688,1997",90.842722
720575940908782425,"24965,4149,1701",720575940875009505,"24266,4298,1651",376.329394
720575940908782425,"24965,4149,1701",720575940877168904,"27950,4274,1601",0.000000
720575940908782425,"24965,4149,1701",720575940915389853,"28063,4731,1501",119.089656
720575940908782425,"24965,4149,1701",720575940915390109,"43805,6509,1651",0.000000
720575940908782425,"24965,4149,1701",720575940859668375,"44611,6738,1017",0.000000
720575940908782425,"24965,4149,1701",720575940879241452,"12157,5778,1731",5.847836
720575940908782425,"24965,4149,1701",720575940896891466,"24510,4268,832",0.000000
720575940908782425,"24965,4149,1701",720575940892190818,"40863,5761,1321",0.000000
720575940908782425,"24965,4149,1701",720575940879813622,"37934,6202,141",0.000000
720575940908782425,"24965,4149,1701",720575940951311655,"27837,3887,654",51.840276
720575940908782425,"24965,4149,1701",720575940900275426,"17933,2855,2476",0.000000
720575940908782425,"24965,4149,1701",720575940882688412,"37209,4746,2029",0.000000
720575940908782425,"24965,4149,1701",720575940955236696,"24389,3216,2237",74.663723
720575940908782425,"24965,4149,1701",720575940881950033,"22054,2885,2756",0.000000
720575940908782425,"24965,4149,1701",720575940868783597,"30837,4276,976",259.843405
720575940908782425,"24965,4149,1701",720575940894200219,"32924,5320,1118",23.207156
720575940908782425,"24965,4149,1701",720575940915390365,"20825,5711,2247",9.498687
720575940908782425,"24965,4149,1701",720575940875009761,"30563,3134,541",11.641799
720575940908782425,"24965,4149,1701",720575940878349179,"41785,5171,3367",0.000000
720575940908782425,"24965,4149,1701",720575940889785957,"25781,3130,2539",0.000000
720575940903188925,"25432,4162,1701",720575940873509950,"29155,3903,1758",367.215774
720575940903188925,"25432,4162,1701",720575940893307467,"24104,3598,1701",531.843412
720575940903188925,"25432,4162,1701",720575940929601786,"26320,3381,1543",302.625521
720575940903188925,"25432,4162,1701",720575940912627846,"22589,3518,2073",757.395989
720575940903188925,"25432,4162,1701",720575940875009249,"24558,3736,2265",466.930852
720575940903188925,"25432,4162,1701",720575940891538468,"25430,4764,1460",130.523950
720575940903188925,"25432,4162,1701",720575940896891210,"22476,4688,1997",425.335966
720575940903188925,"25432,4162,1701",720575940875009505,"24266,4298,1651",293.921074
720575940903188925,"25432,4162,1701",720575940877168904,"27950,4274,1601",66.201276
720575940903188925,"25432,4162,1701",720575940915389853,"28063,4731,1501",21.207887
720575940903188925,"25432,4162,1701",720575940915390109,"43805,6509,1651",0.000000
720575940903188925,"25432,4162,1701",720575940859668375,"44611,6738,1017",0.000000
720575940903188925,"25432,4162,1701",720575940879241452,"12157,5778,1731",0.000000
720575940903188925,"25432,4162,1701",720575940896891466,"24510,4268,832",0.000000
720575940903188925,"25432,4162,1701",720575940892190818,"40863,5761,1321",0.000000
720575940903188925,"25432,4162,1701",720575940879813622,"37934,6202,141",0.000000
720575940903188925,"25432,4162,1701",720575940951311655,"27837,3887,654",41.384140
720575940903188925,"25432,4162,1701",720575940900275426,"17933,2855,2476",0.000000
720575940903188925,"25432,4162,1701",720575940882688412,"37209,4746,2029",0.000000
720575940903188925,"25432,4162,1701",720575940955236696,"24389,3216,2237",10.882286
720575940903188925,"25432,4162,1701",720575940881950033,"22054,2885,2756",0.000000
720575940903188925,"25432,4162,1701",720575940868783597,"30837,4276,976",15.309772
720575940903188925,"25432,4162,1701",720575940894200219,"32924,5320,1118",58.991426
720575940903188925,"25432,4162,1701",720575940915390365,"20825,5711,2247",64.784901
720575940903188925,"25432,4162,1701",720575940875009761,"30563,3134,541",0.000000
720575940903188925,"25432,4162,1701",720575940878349179,"41785,5171,3367",0.000000
720575940903188925,"25432,4162,1701",720575940889785957,"25781,3130,2539",0.000000
720575940946223236,"26517,3540,1701",720575940873509950,"29155,3903,1758",105.186270
720575940946223236,"26517,3540,1701",720575940893307467,"24104,3598,1701",662.658331
720575940946223236,"26517,3540,1701",720575940929601786,"26320,3381,1543",618.999561
720575940946223236,"26517,3540,1701",720575940912627846,"22589,3518,2073",577.214637
720575940946223236,"26517,3540,1701",720575940875009249,"24558,3736,2265",224.679617
720575940946223236,"26517,3540,1701",720575940891538468,"25430,4764,1460",168.367074
720575940946223236,"26517,3540,1701",720575940896891210,"22476,4688,1997",137.120636
720575940946223236,"26517,3540,1701",720575940875009505,"24266,4298,1651",320.552693
720575940946223236,"26517,3540,1701",720575940877168904,"27950,4274,1601",0.000000
720575940946223236,"26517,3540,1701",720575940915389853,"28063,4731,1501",63.261465
720575940946223236,"26517,3540,1701",720575940915390109,"43805,6509,1651",0.000000
720575940946223236,"26517,3540,1701",720575940859668375,"44611,6738,1017",0.000000
720575940946223236,"26517,3540,1701",720575940879241452,"12157,5778,1731",0.000000
720575940946223236,"26517,3540,1701",720575940896891466,"24510,4268,832",4.576320
720575940946223236,"26517,3540,1701",720575940892190818,"40863,5761,1321",0.000000
720575940946223236,"26517,3540,1701",720575940879813622,"37934,6202,141",16.312871
720575940946223236,"26517,3540,1701",720575940951311655,"27837,3887,654",37.769789
720575940946223236,"26517,3540,1701",720575940900275426,"17933,2855,2476",0.000000
720575940946223236,"26517,3540,1701",720575940882688412,"37209,4746,2029",0.000000
720575940946223236,"26517,3540,1701",720575940955236696,"24389,3216,2237",54.533978
720575940946223236,"26517,3540,1701",720575940881950033,"22054,2885,2756",0.000000
720575940946223236,"26517,3540,1701",720575940868783597,"30837,4276,976",378.911142
720575940946223236,"26517,3540,1701",720575940894200219,"32924,5320,1118",24.164645
720575940946223236,"26517,3540,1701",720575940915390365,"20825,5711,2247",0.000000
720575940946223236,"26517,3540,1701",720575940875009761,"30563,3134,541",9.805756
720575940946223236,"26517,3540,1701",720575940878349179,"41785,5171,3367",0.000000
720575940946223236,"26517,3540,1701",720575940889785957,"25781,3130,2539",0.000000
720575940894664404,"26383,3997,1701",720575940873509950,"29155,3903,1758",546.249523
720575940894664404,"26383,3997,1701",720575940893307467,"24104,3598,1701",585.674615
720575940894664404,"26383,3997,1701",720575940929601786,"26320,3381,1543",187.194269
720575940894664404,"26383,3997,1701",720575940912627846,"22589,3518,2073",832.340876
720575940894664404,"26383,3997,1701",720575940875009249,"24558,3736,2265",550.987224
720575940894664404,"26383,3997,1701",720575940891538468,"25430,4764,1460",59.674392
720575940894664404,"26383,3997,1701",720575940896891210,"22476,4688,1997",392.015356
720575940894664404,"26383,3997,1701",720575940875009505,"24266,4298,1651",357.708155
720575940894664404,"26383,3997,1701",720575940877168904,"27950,4274,1601",97.451486
720575940894664404,"26383,3997,1701",720575940915389853,"28063,4731,1501",20.668962
720575940894664404,"26383,3997,1701",720575940915390109,"43805,6509,1651",0.000000
720575940894664404,"26383,3997,1701",720575940859668375,"44611,6738,1017",0.000000
720575940894664404,"26383,3997,1701",720575940879241452,"12157,5778,1731",0.000000
720575940894664404,"26383,3997,1701",720575940896891466,"24510,4268,832",0.000000
720575940894664404,"26383,3997,1701",720575940892190818,"40863,5761,1321",0.000000
720575940894664404,"26383,3997,1701",720575940879813622,"37934,6202,141",1.763489
720575940894664404,"26383,3997,1701",720575940951311655,"27837,3887,654",0.000000
720575940894664404,"26383,3997,1701",720575940900275426,"17933,2855,2476",0.000000
720575940894664404,"26383,3997,1701",720575940882688412,"37209,4746,2029",0.000000
720575940894664404,"26383,3997,1701",720575940955236696,"24389,3216,2237",16.691067
720575940894664404,"26383,3997,1701",720575940881950033,"22054,2885,2756",0.000000
720575940894664404,"26383,3997,1701",720575940868783597,"30837,4276,976",36.966870
720575940894664404,"26383,3997,1701",720575940894200219,"32924,5320,1118",40.661675
720575940894664404,"26383,3997,1701",720575940915390365,"20825,5711,2247",20.660184
720575940894664404,"26383,3997,1701",720575940875009761,"30563,3134,541",23.943622
720575940894664404,"26383,3997,1701",720575940878349179,"41785,5171,3367",0.000000
720575940894664404,"26383,3997,1701",720575940889785957,"25781,3130,2539",0.000000
720575940903415565,"26118,3477,1701",720575940873509950,"29155,3903,1758",138.098625
720575940903415565,"26118,3477,1701",720575940893307467,"24104,3598,1701",478.989981
720575940903415565,"26118,3477,1701",720575940929601786,"26320,3381,1543",550.183260
720575940903415565,"26118,3477,1701",720575940912627846,"22589,3518,2073",400.079823
720575940903415565,"26118,3477,1701",720575940875009249,"24558,3736,2265",227.107630
720575940903415565,"26118,3477,1701",720575940891538468,"25430,4764,1460",205.944041
720575940903415565,"26118,3477,1701",720575940896891210,"22476,4688,1997",174.295959
720575940903415565,"26118,3477,1701",720575940875009505,"24266,4298,1651",495.424345
720575940903415565,"26118,3477,1701",720575940877168904,"27950,4274,1601",14.478684
720575940903415565,"26118,3477,1701",720575940915389853,"28063,4731,1501",67.004568
720575940903415565,"26118,3477,1701",720575940915390109,"43805,6509,1651",0.000000
720575940903415565,"26118,3477,1701",720575940859668375,"44611,6738,1017",0.000000
720575940903415565,"26118,3477,1701",720575940879241452,"12157,5778,1731",0.000000
720575940903415565,"26118,3477,1701",720575940896891466,"24510,4268,832",42.176904
720575940903415565,"26118,3477,1701",720575940892190818,"40863,5761,1321",0.000000
720575940903415565,"26118,3477,1701",720575940879813622,"37934,6202,141",0.000000
720575940903415565,"26118,3477,1701",720575940951311655,"27837,3887,654",47.352787
720575940903415565,"26118,3477,1701",720575940900275426,"17933,2855,2476",0.000000
720575940903415565,"26118,3477,1701",720575940882688412,"37209,4746,2029",0.000000
720575940903415565,"26118,3477,1701",720575940955236696,"24389,3216,2237",52.512794
720575940903415565,"26118,3477,1701",720575940881950033,"22054,2885,2756",0.000000
720575940903415565,"26118,3477,1701",720575940868783597,"30837,4276,976",258.826859
720575940903415565,"26118,3477,1701",720575940894200219,"32924,5320,1118",32.895374
720575940903415565,"26118,3477,1701",720575940915390365,"20825,5711,2247",35.636259
720575940903415565,"26118,3477,1701",720575940875009761,"30563,3134,541",9.835827
720575940903415565,"26118,3477,1701",720575940878349179,"41785,5171,3367",0.000000
720575940903415565,"26118,3477,1701",720575940889785957,"25781,3130,2539",9.017481
720575940875854397,"23885,3254,1751",720575940873509950,"29155,3903,1758",55.714835
720575940875854397,"23885,3254,1751",720575940893307467,"24104,3598,1701",726.599630
720575940875854397,"23885,3254,1751",720575940929601786,"26320,3381,1543",726.518641
720575940875854397,"23885,3254,1751",720575940912627846,"22589,3518,2073",502.535759
720575940875854397,"23885,3254,1751",720575940875009249,"24558,3736,2265",150.552753
720575940875854397,"23885,3254,1751",720575940891538468,"25430,4764,1460",175.997975
720575940875854397,"23885,3254,1751",720575940896891210,"22476,4688,1997",43.426143
720575940875854397,"23885,3254,1751",720575940875009505,"24266,4298,1651",187.867449
720575940875854397,"23885,3254,1751",720575940877168904,"27950,4274,1601",0.000000
720575940875854397,"23885,3254,1751",720575940915389853,"28063,4731,1501",41.042634
720575940875854397,"23885,3254,1751",720575940915390109,"43805,6509,1651",0.000000
720575940875854397,"23885,3254,1751",720575940859668375,"44611,6738,1017",0.000000
720575940875854397,"23885,3254,1751",720575940879241452,"12157,5778,1731",0.000000
720575940875854397,"23885,3254,1751",720575940896891466,"24510,4268,832",0.000000
720575940875854397,"23885,3254,1751",720575940892190818,"40863,5761,1321",0.000000
720575940875854397,"23885,3254,1751",720575940879813622,"37934,6202,141",0.000000
720575940875854397,"23885,3254,1751",720575940951311655,"27837,3887,654",25.327006
720575940875854397,"23885,3254,1751",720575940900275426,"17933,2855,2476",0.000000
720575940875854397,"23885,3254,1751",720575940882688412,"37209,4746,2029",0.000000
720575940875854397,"23885,3254,1751",720575940955236696,"24389,3216,2237",9.640090
720575940875854397,"23885,3254,1751",720575940881950033,"22054,2885,2756",0.000000
720575940875854397,"23885,3254,1751",720575940868783597,"30837,4276,976",203.027860
720575940875854397,"23885,3254,1751",720575940894200219,"32924,5320,1118",30.667947
720575940875854397,"23885,3254,1751",720575940915390365,"20825,5711,2247",33.298204
720575940875854397,"23885,3254,1751",720575940875009761,"30563,3134,541",0.000000
720575940875854397,"23885,3254,1751",720575940878349179,"41785,5171,3367",0.000000
720575940875854397,"23885,3254,1751",720575940889785957,"25781,3130,2539",0.000000
720575940910295881,"25559,4188,2001",720575940873509950,"29155,3903,1758",63.441252
720575940910295881,"25559,4188,2001",720575940893307467,"24104,3598,1701",75.947279
720575940910295881,"25559,4188,2001",720575940929601786,"26320,3381,1543",20.428919
720575940910295881,"25559,4188,2001",720575940912627846,"22589,3518,2073",233.615084
720575940910295881,"25559,4188,2001",720575940875009249,"24558,3736,2265",574.683060
720575940910295881,"25559,4188,2001",720575940891538468,"25430,4764,1460",0.000000
720575940910295881,"25559,4188,2001",720575940896891210,"22476,4688,1997",172.675598
720575940910295881,"25559,4188,2001",720575940875009505,"24266,4298,1651",0.000000
720575940910295881,"25559,4188,2001",720575940877168904,"27950,4274,1601",448.139406
720575940910295881,"25559,4188,2001",720575940915389853,"28063,4731,1501",5.011602
720575940910295881,"25559,4188,2001",720575940915390109,"43805,6509,1651",0.000000
720575940910295881,"25559,4188,2001",720575940859668375,"44611,6738,1017",0.000000
720575940910295881,"25559,4188,2001",720575940879241452,"12157,5778,1731",0.000000
720575940910295881,"25559,4188,2001",720575940896891466,"24510,4268,832",0.000000
720575940910295881,"25559,4188,2001",720575940892190818,"40863,5761,1321",0.000000
720575940910295881,"25559,4188,2001",720575940879813622,"37934,6202,141",0.000000
720575940910295881,"25559,4188,2001",720575940951311655,"27837,3887,654",0.000000
720575940910295881,"25559,4188,2001",720575940900275426,"17933,2855,2476",0.000000
720575940910295881,"25559,4188,2001",720575940882688412,"37209,4746,2029",0.000000
720575940910295881,"25559,4188,2001",720575940955236696,"24389,3216,2237",8.756855
720575940910295881,"25559,4188,2001",720575940881950033,"22054,2885,2756",0.000000
720575940910295881,"25559,4188,2001",720575940868783597,"30837,4276,976",0.000000
720575940910295881,"25559,4188,2001",720575940894200219,"32924,5320,1118",219.136344
720575940910295881,"25559,4188,2001",720575940915390365,"20825,5711,2247",30.924415
720575940910295881,"25559,4188,2001",720575940875009761,"30563,3134,541",0.000000
720575940910295881,"25559,4188,2001",720575940878349179,"41785,5171,3367",0.000000
720575940910295881,"25559,4188,2001",720575940889785957,"25781,3130,2539",68.848403
720575940884925028,"24406,3701,1351",720575940873509950,"29155,3903,1758",0.000000
720575940884925028,"24406,3701,1351",720575940893307467,"24104,3598,1701",69.501176
720575940884925028,"24406,3701,1351",720575940929601786,"26320,3381,1543",100.249443
720575940884925028,"24406,3701,1351",720575940912627846,"22589,3518,2073",0.000000
720575940884925028,"24406,3701,1351",720575940875009249,"24558,3736,2265",0.000000
720575940884925028,"24406,3701,1351",720575940891538468,"25430,4764,1460",0.000000
720575940884925028,"24406,3701,1351",720575940896891210,"22476,4688,1997",0.000000
720575940884925028,"24406,3701,1351",720575940875009505,"24266,4298,1651",0.000000
720575940884925028,"24406,3701,1351",720575940877168904,"27950,4274,1601",0.000000
720575940884925028,"24406,3701,1351",720575940915389853,"28063,4731,1501",216.895408
720575940884925028,"24406,3701,1351",720575940915390109,"43805,6509,1651",0.000000
720575940884925028,"24406,3701,1351",720575940859668375,"44611,6738,1017",0.000000
720575940884925028,"24406,3701,1351",720575940879241452,"12157,5778,1731",22.435928
720575940884925028,"24406,3701,1351",720575940896891466,"24510,4268,832",34.849961
720575940884925028,"24406,3701,1351",720575940892190818,"40863,5761,1321",0.000000
720575940884925028,"24406,3701,1351",720575940879813622,"37934,6202,141",0.000000
720575940884925028,"24406,3701,1351",720575940951311655,"27837,3887,654",15.034221
720575940884925028,"24406,3701,1351",720575940900275426,"17933,2855,2476",0.000000
720575940884925028,"24406,3701,1351",720575940882688412,"37209,4746,2029",0.000000
720575940884925028,"24406,3701,1351",720575940955236696,"24389,3216,2237",0.000000
720575940884925028,"24406,3701,1351",720575940881950033,"22054,2885,2756",0.000000
720575940884925028,"24406,3701,1351",720575940868783597,"30837,4276,976",105.059295
720575940884925028,"24406,3701,1351",720575940894200219,"32924,5320,1118",0.000000
720575940884925028,"24406,3701,1351",720575940915390365,"20825,5711,2247",3.314861
720575940884925028,"24406,3701,1351",720575940875009761,"30563,3134,541",0.000000
720575940884925028,"24406,3701,1351",720575940878349179,"41785,5171,3367",0.000000
720575940884925028,"24406,3701,1351",720575940889785957,"25781,3130,2539",0.000000
