pre_pt_root_id,post_root_id,syn_count
720575940936679190,720575940890134196,2
720575940936679190,720575940881935355,1
720575940936679190,720575940891194446,1
720575940936679190,720575940881620931,1
720575940936679190,720575940878312571,4
720575940936679190,720575940886853257,1
720575940936679190,720575940907584340,1
720575940936679190,720575940917422227,1
720575940936679190,720575940885432678,4
720575940936679190,720575940890107704,1
720575940936679190,720575940916299357,1
720575940936679190,720575940923272236,2
720575940936679190,720575940881936465,13
720575940936679190,720575940882672796,4
720575940936679190,720575940897454998,2
720575940936679190,720575940886540578,4
720575940936679190,720575940922957341,6
720575940936679190,720575940880837650,1
720575940936679190,720575940915256127,3
720575940936679190,720575940894647859,8
720575940936679190,720575940927244768,1
720575940936679190,720575940891184310,2
720575940936679190,720575940920456848,13
720575940936679190,720575940937857965,1
720575940936679190,720575940917852811,3
720575940936679190,720575940902629074,4
720575940936679190,720575940888799761,3
720575940936679190,720575940905042902,1
720575940936679190,720575940910295881,1
720575940936679190,720575940869469403,1
720575940936679190,720575940883908892,6
720575940936679190,720575940884147967,6
720575940936679190,720575940897365506,2
720575940936679190,720575940899861391,2
720575940936679190,720575940916236035,2
720575940886458045,720575940920054001,2
720575940886458045,720575940921525267,1
720575940886458045,720575940891783079,6
720575940886458045,720575940891518756,3
720575940886458045,720575940886540578,1
720575940886458045,720575940894647859,1
720575940886458045,720575940917975893,1
720575940886458045,720575940893156522,1
720575940886458045,720575940869469403,4
720575940886458045,720575940883908892,1
720575940886458045,720575940903762467,4
720575940886458045,720575940897365506,8
720575940886458045,720575940899861391,2
720575940933768470,720575940890134196,1
720575940933768470,720575940920054001,1
720575940933768470,720575940861447666,3
720575940933768470,720575940891783079,2
720575940933768470,720575940883198679,1
720575940933768470,720575940927244512,3
720575940933768470,720575940896872522,1
720575940933768470,720575940899291016,1
720575940933768470,720575940927184920,3
720575940933768470,720575940880005762,1
720575940933768470,720575940919632133,2
720575940933768470,720575940869469403,1
720575940933768470,720575940924205701,17
720575940933768470,720575940897365506,8
720575940933768470,720575940883495774,5
720575940889166262,720575940880839442,4
720575940889166262,720575940920054001,1
720575940889166262,720575940913573871,1
720575940889166262,720575940897454998,1
720575940889166262,720575940891783335,1
720575940889166262,720575940917797795,4
720575940889166262,720575940869469403,2
720575940889166262,720575940924205701,1
720575940889166262,720575940883495774,1
720575940891185486,720575940888793434,2
720575940891185486,720575940881974650,1
720575940891185486,720575940918311989,9
720575940891185486,720575940894664201,7
720575940891185486,720575940883198167,6
720575940895711219,720575940905050934,2
720575940895711219,720575940901717479,7
720575940915684544,720575940890134196,1
720575940915684544,720575940888793434,1
720575940915684544,720575940914883824,7
720575940915684544,720575940899153235,29
720575940915684544,720575940905061686,1
720575940915684544,720575940908386564,21
720575940915684544,720575940916016480,5
720575940915684544,720575940927109144,6
720575940915684544,720575940893395733,13
720575940915684544,720575940903370509,4
720575940915684544,720575940897460886,3
720575940915684544,720575940881935355,1
720575940915684544,720575940869443690,16
720575940915684544,720575940918316341,2
720575940915684544,720575940891783335,1
720575940915684544,720575940888793178,4
720575940915684544,720575940881055666,3
720575940915684544,720575940908782425,1
720575940915684544,720575940903188925,1
720575940915684544,720575940875854397,1
720575940915684544,720575940903762211,29
720575940915684544,720575940878345595,18
720575940915684544,720575940924205189,42
720575940915684544,720575940885439590,34
720575940915684544,720575940882093178,1
720575940915684544,720575940920467088,1
720575940915684544,720575940875843901,1
720575940883734520,720575940890018996,2
720575940883734520,720575940918311989,1
720575940883734520,720575940902518994,1
720575940883734520,720575940883198167,9
720575940890741967,720575940888793434,1
720575940890741967,720575940905050934,3
720575940890741967,720575940913491825,5
720575940890741967,720575940890939713,1
720575940890741967,720575940901717479,1
720575940890741967,720575940894664201,2
720575940890741967,720575940882103072,6
720575940895196362,720575940909802419,2
720575940895196362,720575940898677394,1
720575940899184211,720575940883900444,1
720575940899184211,720575940917098044,1
720575940899184211,720575940925790278,2
720575940899184211,720575940898677394,2
720575940881127565,720575940889249143,1
720575940881127565,720575940901717479,1
720575940881127565,720575940883198167,3
720575940881127565,720575940917407635,3
720575940937231134,720575940898677394,1
720575940851375219,720575940905050934,1
720575940851375219,720575940882103072,2
720575940851375219,720575940883198167,1
720575940882649500,720575940901717479,3
720575940902618322,720575940889249143,1
720575940902618322,720575940902634194,1
720575940902618322,720575940905050934,1
720575940902618322,720575940909802419,1
720575940901994222,720575940901717479,16
720575940915281053,720575940890018996,1
720575940915281053,720575940889952699,1
720575940915281053,720575940927796016,1
720575940893928949,720575940890939713,1
720575940893928949,720575940898677394,1
720575940893928949,720575940882103072,1
720575940893928949,720575940883198167,1
720575940927175960,720575940889249143,4
720575940927175960,720575940888731665,1
720575940927175960,720575940881974650,2
720575940927175960,720575940918311989,4
720575940927175960,720575940913491825,2
720575940927175960,720575940925790278,5
720575940927175960,720575940898677394,2
720575940927175960,720575940882103072,2
720575940927175960,720575940883198167,3
720575940927175960,720575940927796016,4
720575940902302721,720575940882103072,4
720575940882650524,720575940902401208,2
720575940882650524,720575940901717479,3
720575940882650524,720575940875863357,1
720575940882650524,720575940882103072,3
720575940898861305,720575940875863357,3
720575940927275084,720575940888731665,2
720575940927275084,720575940918311989,3
720575940927275084,720575940902518994,1
720575940927275084,720575940901717479,1
720575940927275084,720575940925790278,1
720575940927275084,720575940894664201,7
720575940927275084,720575940882103072,6
720575940927275084,720575940883198167,4
720575940878947380,720575940889249143,6
720575940878947380,720575940905050934,1
720575940878947380,720575940913491825,2
720575940878947380,720575940930825549,2
720575940878947380,720575940925790278,3
720575940878947380,720575940882103072,6
720575940878947380,720575940883198167,3
720575940887704904,720575940869443690,1
720575940887704904,720575940891183798,2
720575940887704904,720575940902703006,4
720575940887704904,720575940878956340,2
720575940887704904,720575940890245126,10
720575940887704904,720575940906113851,3
720575940887704904,720575940927248352,9
720575940887704904,720575940895289006,5
720575940887704904,720575940886853257,4
720575940887704904,720575940907584340,1
720575940887704904,720575940896732090,1
720575940887704904,720575940902624978,1
720575940887704904,720575940941124460,17
720575940887704904,720575940880839442,14
720575940887704904,720575940890107704,3
720575940887704904,720575940892205566,2
720575940887704904,720575940888793178,3
720575940887704904,720575940881055666,3
720575940887704904,720575940905043926,1
720575940887704904,720575940908782425,2
720575940887704904,720575940917797795,11
720575940887704904,720575940869469403,7
720575940887704904,720575940924205701,1
720575940887704904,720575940884147967,1
720575940887704904,720575940897365506,1
720575940887704904,720575940917407635,1
720575940882155492,720575940899282056,9
720575940882155492,720575940909393947,8
720575940882155492,720575940877501751,12
720575940882155492,720575940894178664,9
720575940882155492,720575940895353262,6
720575940882155492,720575940916016480,1
720575940882155492,720575940896736698,1
720575940882155492,720575940890107704,2
720575940882155492,720575940939715909,1
720575940882155492,720575940890962241,14
720575940882155492,720575940883201751,18
720575940882155492,720575940882117920,12
720575940882155492,720575940905042902,1
720575940882155492,720575940884057772,3
720575940882155492,720575940908782425,22
720575940882155492,720575940903188925,1
720575940882155492,720575940946223236,1
720575940882155492,720575940903415565,5
720575940882155492,720575940875854397,11
720575940882155492,720575940898432765,1
720575940882155492,720575940881974650,1
720575940882155492,720575940878345851,1
720575940882155492,720575940883908892,1
720575940920833705,720575940917429907,1
720575940920833705,720575940890134196,1
720575940920833705,720575940888793434,2
720575940920833705,720575940909393947,1
720575940920833705,720575940914883824,11
720575940920833705,720575940922709290,4
720575940920833705,720575940903679779,3
720575940920833705,720575940909769176,4
720575940920833705,720575940899153235,27
720575940920833705,720575940908386564,27
720575940920833705,720575940916016480,1
720575940920833705,720575940927109144,14
720575940920833705,720575940893395733,30
720575940920833705,720575940903370509,4
720575940920833705,720575940897460886,6
720575940920833705,720575940881935355,4
720575940920833705,720575940869443690,33
720575940920833705,720575940918316341,2
720575940920833705,720575940894116163,1
720575940920833705,720575940899433517,1
720575940920833705,720575940900033476,1
720575940920833705,720575940919632133,1
720575940920833705,720575940888799761,1
720575940920833705,720575940888793178,11
720575940920833705,720575940881055666,2
720575940920833705,720575940905043926,2
720575940920833705,720575940908782425,3
720575940920833705,720575940894664404,2
720575940920833705,720575940903415565,2
720575940920833705,720575940875854397,5
720575940920833705,720575940881624259,3
720575940920833705,720575940903762211,27
720575940920833705,720575940878345595,12
720575940920833705,720575940924205189,53
720575940920833705,720575940885439590,26
720575940920833705,720575940882093178,2
720575940920833705,720575940875843901,2
720575940911411305,720575940899153235,7
720575940911411305,720575940908386564,4
720575940911411305,720575940916016480,2
720575940911411305,720575940927109144,3
720575940911411305,720575940893395733,9
720575940911411305,720575940903370509,2
720575940911411305,720575940869443690,4
720575940911411305,720575940891783335,1
720575940911411305,720575940888793178,2
720575940911411305,720575940903762211,4
720575940911411305,720575940924205189,10
720575940911411305,720575940885439590,4
720575940911411305,720575940882093178,1
720575940921986112,720575940890134196,1
720575940921986112,720575940888793434,7
720575940921986112,720575940904086480,42
720575940921986112,720575940914883824,13
720575940921986112,720575940881607875,10
720575940921986112,720575940922709290,15
720575940921986112,720575940903679779,9
720575940921986112,720575940878916148,2
720575940921986112,720575940894647347,2
720575940921986112,720575940875116119,13
720575940921986112,720575940909769176,46
720575940921986112,720575940912535686,4
720575940921986112,720575940918750769,6
720575940921986112,720575940899153235,4
720575940921986112,720575940905061686,13
720575940921986112,720575940908386564,4
720575940921986112,720575940916016480,5
720575940921986112,720575940927109144,18
720575940921986112,720575940893395733,28
720575940921986112,720575940897460886,9
720575940921986112,720575940881935355,4
720575940921986112,720575940869443690,27
720575940921986112,720575940891183798,1
720575940921986112,720575940878956340,1
720575940921986112,720575940906113851,1
720575940921986112,720575940899283650,1
720575940921986112,720575940880875929,4
720575940921986112,720575940927244256,1
720575940921986112,720575940927184920,2
720575940921986112,720575940917531755,2
720575940921986112,720575940900033476,1
720575940921986112,720575940919632133,3
720575940921986112,720575940928343548,1
720575940921986112,720575940937857965,1
720575940921986112,720575940902629074,3
720575940921986112,720575940888799761,6
720575940921986112,720575940888793178,2
720575940921986112,720575940881055666,2
720575940921986112,720575940905043670,3
720575940921986112,720575940905043926,3
720575940921986112,720575940908782425,1
720575940921986112,720575940903188925,3
720575940921986112,720575940894664404,4
720575940921986112,720575940903415565,1
720575940921986112,720575940875854397,1
720575940921986112,720575940881624259,34
720575940921986112,720575940903762211,31
720575940921986112,720575940878345595,14
720575940921986112,720575940924205189,61
720575940921986112,720575940885439590,38
720575940921986112,720575940888829455,3
720575940921986112,720575940882093178,6
720575940921986112,720575940899607728,1
720575940921986112,720575940920467088,5
720575940921986112,720575940884147967,4
720575940921986112,720575940897365506,1
720575940921986112,720575940916236035,1
720575940915967584,720575940917429907,2
720575940915967584,720575940890134196,2
720575940915967584,720575940888793434,8
720575940915967584,720575940920044149,1
720575940915967584,720575940904086480,49
720575940915967584,720575940914883824,2
720575940915967584,720575940881607875,1
720575940915967584,720575940922709290,4
720575940915967584,720575940903679779,3
720575940915967584,720575940875116119,30
720575940915967584,720575940909769176,27
720575940915967584,720575940918750769,7
720575940915967584,720575940905061686,26
720575940915967584,720575940916016480,1
720575940915967584,720575940927109144,6
720575940915967584,720575940893395733,26
720575940915967584,720575940897460886,8
720575940915967584,720575940881935355,4
720575940915967584,720575940869443690,22
720575940915967584,720575940891183798,1
720575940915967584,720575940930905464,1
720575940915967584,720575940906113851,7
720575940915967584,720575940880875929,2
720575940915967584,720575940886853257,1
720575940915967584,720575940902634194,1
720575940915967584,720575940886540578,2
720575940915967584,720575940883198679,1
720575940915967584,720575940900033476,1
720575940915967584,720575940919632133,2
720575940915967584,720575940902629074,7
720575940915967584,720575940888799761,15
720575940915967584,720575940881055666,2
720575940915967584,720575940905042902,3
720575940915967584,720575940905043926,9
720575940915967584,720575940903188925,4
720575940915967584,720575940894664404,3
720575940915967584,720575940881624259,24
720575940915967584,720575940903762211,33
720575940915967584,720575940878345595,16
720575940915967584,720575940924205189,53
720575940915967584,720575940885439590,58
720575940915967584,720575940888829455,3
720575940915967584,720575940920467088,8
720575940915967584,720575940899861391,2
720575940915967584,720575940916236035,3
720575940901960430,720575940890134196,2
720575940901960430,720575940888793434,5
720575940901960430,720575940904086480,17
720575940901960430,720575940922709290,5
720575940901960430,720575940903679779,2
720575940901960430,720575940875116119,30
720575940901960430,720575940909769176,25
720575940901960430,720575940918750769,8
720575940901960430,720575940899153235,1
720575940901960430,720575940905061686,34
720575940901960430,720575940908386564,2
720575940901960430,720575940916016480,1
720575940901960430,720575940927109144,3
720575940901960430,720575940893395733,19
720575940901960430,720575940897460886,4
720575940901960430,720575940881935355,3
720575940901960430,720575940869443690,15
720575940901960430,720575940900956101,1
720575940901960430,720575940906113851,1
720575940901960430,720575940889238903,1
720575940901960430,720575940880875929,1
720575940901960430,720575940861447666,1
720575940901960430,720575940886540578,2
720575940901960430,720575940922957341,1
720575940901960430,720575940927184920,1
720575940901960430,720575940891185846,1
720575940901960430,720575940919632133,1
720575940901960430,720575940892205566,1
720575940901960430,720575940920456848,1
720575940901960430,720575940902629074,11
720575940901960430,720575940888799761,11
720575940901960430,720575940905042902,1
720575940901960430,720575940905043670,2
720575940901960430,720575940905043926,2
720575940901960430,720575940903188925,1
720575940901960430,720575940894664404,2
720575940901960430,720575940875854397,1
720575940901960430,720575940910295881,1
720575940901960430,720575940963340820,1
720575940901960430,720575940881624259,20
720575940901960430,720575940903762211,32
720575940901960430,720575940878345595,7
720575940901960430,720575940924205189,45
720575940901960430,720575940885439590,54
720575940901960430,720575940925834822,1
720575940901960430,720575940920467088,5
720575940901960430,720575940897365506,3
720575940901960430,720575940916236035,1
720575940901960430,720575940917407635,1
720575940889728101,720575940890134196,1
720575940889728101,720575940888793434,3
720575940889728101,720575940904086480,10
720575940889728101,720575940881607875,7
720575940889728101,720575940922709290,7
720575940889728101,720575940903679779,5
720575940889728101,720575940878916148,2
720575940889728101,720575940875116119,15
720575940889728101,720575940909769176,6
720575940889728101,720575940912535686,9
720575940889728101,720575940918750769,7
720575940889728101,720575940905061686,3
720575940889728101,720575940927109144,4
720575940889728101,720575940893395733,9
720575940889728101,720575940903370509,1
720575940889728101,720575940897460886,4
720575940889728101,720575940881935355,2
720575940889728101,720575940869443690,4
720575940889728101,720575940891183798,1
720575940889728101,720575940906113851,2
720575940889728101,720575940899283650,1
720575940889728101,720575940880875929,1
720575940889728101,720575940899281090,1
720575940889728101,720575940886540578,1
720575940889728101,720575940900963269,1
720575940889728101,720575940927184920,2
720575940889728101,720575940919632133,1
720575940889728101,720575940928343548,2
720575940889728101,720575940902629074,1
720575940889728101,720575940888799761,4
720575940889728101,720575940905043670,3
720575940889728101,720575940905043926,3
720575940889728101,720575940903188925,2
720575940889728101,720575940894664404,1
720575940889728101,720575940881624259,17
720575940889728101,720575940903762211,16
720575940889728101,720575940878345595,10
720575940889728101,720575940924205189,26
720575940889728101,720575940885439590,31
720575940889728101,720575940920467088,2
720575940864403212,720575940941106028,2
720575940864403212,720575940904086480,3
720575940864403212,720575940881607875,2
720575940864403212,720575940922709290,3
720575940864403212,720575940891164342,21
720575940864403212,720575940903679779,1
720575940864403212,720575940878916148,1
720575940864403212,720575940894647347,6
720575940864403212,720575940875116119,3
720575940864403212,720575940912535686,5
720575940864403212,720575940927109144,18
720575940864403212,720575940893395733,10
720575940864403212,720575940881935355,1
720575940864403212,720575940940380075,4
720575940864403212,720575940889238903,1
720575940864403212,720575940880875929,2
720575940864403212,720575940917780131,1
720575940864403212,720575940881936465,1
720575940864403212,720575940922957341,1
720575940864403212,720575940920037245,1
720575940864403212,720575940928343548,3
720575940864403212,720575940937857965,6
720575940864403212,720575940905042902,1
720575940864403212,720575940905043670,1
720575940864403212,720575940894664404,3
720575940864403212,720575940881624259,38
720575940864403212,720575940903762211,2
720575940864403212,720575940878345595,9
720575940864403212,720575940924205189,14
720575940864403212,720575940885439590,6
720575940915217983,720575940941106028,5
720575940915217983,720575940888793434,1
720575940915217983,720575940881607875,7
720575940915217983,720575940922709290,1
720575940915217983,720575940891164342,5
720575940915217983,720575940903679779,2
720575940915217983,720575940878916148,1
720575940915217983,720575940894647347,4
720575940915217983,720575940875116119,3
720575940915217983,720575940912535686,2
720575940915217983,720575940927109144,12
720575940915217983,720575940893395733,2
720575940915217983,720575940869443690,1
720575940915217983,720575940889238903,2
720575940915217983,720575940880875929,1
720575940915217983,720575940899281090,3
720575940915217983,720575940900033476,1
720575940915217983,720575940920456848,1
720575940915217983,720575940928343548,3
720575940915217983,720575940917852811,1
720575940915217983,720575940881624259,56
720575940915217983,720575940903762211,1
720575940915217983,720575940878345595,14
720575940915217983,720575940924205189,7
720575940915217983,720575940885439590,1
720575940915217983,720575940882093178,1
720575940915217983,720575940869469147,1
720575940915217983,720575940884147711,2
720575940915217983,720575940899861391,1
720575940927208416,720575940877501751,7
720575940927208416,720575940914883824,48
720575940927208416,720575940922709290,15
720575940927208416,720575940891164342,9
720575940927208416,720575940903679779,8
720575940927208416,720575940894647347,4
720575940927208416,720575940909769176,1
720575940927208416,720575940894178664,10
720575940927208416,720575940912535686,3
720575940927208416,720575940899153235,13
720575940927208416,720575940908386564,10
720575940927208416,720575940895353262,4
720575940927208416,720575940916016480,9
720575940927208416,720575940896736698,1
720575940927208416,720575940927109144,50
720575940927208416,720575940893395733,27
720575940927208416,720575940903370509,23
720575940927208416,720575940881935355,1
720575940927208416,720575940869443690,14
720575940927208416,720575940901384751,2
720575940927208416,720575940937862061,1
720575940927208416,720575940881936465,1
720575940927208416,720575940922957341,1
720575940927208416,720575940903751971,1
720575940927208416,720575940894116163,2
720575940927208416,720575940894647859,2
720575940927208416,720575940922795818,1
720575940927208416,720575940900033476,3
720575940927208416,720575940919632133,1
720575940927208416,720575940892205566,4
720575940927208416,720575940890962241,4
720575940927208416,720575940883201751,4
720575940927208416,720575940888793178,6
720575940927208416,720575940881055666,1
720575940927208416,720575940884057772,1
720575940927208416,720575940908782425,2
720575940927208416,720575940903188925,5
720575940927208416,720575940946223236,2
720575940927208416,720575940894664404,2
720575940927208416,720575940903415565,8
720575940927208416,720575940875854397,6
720575940927208416,720575940881624259,12
720575940927208416,720575940903762211,36
720575940927208416,720575940878345595,32
720575940927208416,720575940924205189,34
720575940927208416,720575940885439590,15
720575940927208416,720575940883908636,2
720575940927208416,720575940882093178,4
720575940927208416,720575940894196379,1
720575940927208416,720575940878345851,2
720575940927208416,720575940883908892,4
720575940927208416,720575940916236035,2
720575940927208416,720575940917407635,3
720575940927208416,720575940875843901,4
720575940941089388,720575940941106028,7
720575940941089388,720575940917429907,1
720575940941089388,720575940888793434,2
720575940941089388,720575940904086480,50
720575940941089388,720575940877501751,1
720575940941089388,720575940914883824,8
720575940941089388,720575940881607875,18
720575940941089388,720575940922709290,32
720575940941089388,720575940891164342,17
720575940941089388,720575940903679779,42
720575940941089388,720575940878916148,19
720575940941089388,720575940894647347,21
720575940941089388,720575940875116119,36
720575940941089388,720575940909769176,14
720575940941089388,720575940894178664,1
720575940941089388,720575940912535686,37
720575940941089388,720575940918750769,2
720575940941089388,720575940908386564,1
720575940941089388,720575940916016480,1
720575940941089388,720575940927109144,32
720575940941089388,720575940893395733,27
720575940941089388,720575940903370509,1
720575940941089388,720575940897460886,5
720575940941089388,720575940881935355,3
720575940941089388,720575940869443690,15
720575940941089388,720575940878956340,1
720575940941089388,720575940940380075,3
720575940941089388,720575940891181902,1
720575940941089388,720575940889238903,1
720575940941089388,720575940899283650,1
720575940941089388,720575940880875929,11
720575940941089388,720575940899281090,2
720575940941089388,720575940922957341,1
720575940941089388,720575940859648663,1
720575940941089388,720575940917531755,1
720575940941089388,720575940919632133,1
720575940941089388,720575940928343548,3
720575940941089388,720575940937857965,9
720575940941089388,720575940877555511,4
720575940941089388,720575940917852811,8
720575940941089388,720575940888799761,5
720575940941089388,720575940905042902,5
720575940941089388,720575940905043670,9
720575940941089388,720575940905043926,4
720575940941089388,720575940903188925,1
720575940941089388,720575940894664404,5
720575940941089388,720575940903415565,1
720575940941089388,720575940881624259,63
720575940941089388,720575940903762211,32
720575940941089388,720575940878345595,34
720575940941089388,720575940924205189,59
720575940941089388,720575940885439590,34
720575940941089388,720575940888829455,1
720575940941089388,720575940882093178,4
720575940941089388,720575940920467088,7
720575940941089388,720575940916236035,9
720575940864403724,720575940881607875,2
720575940864403724,720575940922709290,2
720575940864403724,720575940891164342,5
720575940864403724,720575940878916148,1
720575940864403724,720575940894647347,5
720575940864403724,720575940875116119,1
720575940864403724,720575940912535686,2
720575940864403724,720575940927109144,7
720575940864403724,720575940893395733,4
720575940864403724,720575940877146203,1
720575940864403724,720575940882672796,1
720575940864403724,720575940928343548,4
720575940864403724,720575940937857965,3
720575940864403724,720575940917852811,2
720575940864403724,720575940881624259,37
720575940864403724,720575940903762211,1
720575940864403724,720575940878345595,9
720575940864403724,720575940924205189,4
720575940864403724,720575940885439590,2
720575940864403724,720575940882093178,1
720575940864403724,720575940897365506,1
720575940864403724,720575940899861391,1
720575940864403724,720575940917407635,1
720575940899256770,720575940941106028,2
720575940899256770,720575940917429907,1
720575940899256770,720575940904086480,7
720575940899256770,720575940881607875,11
720575940899256770,720575940922709290,12
720575940899256770,720575940891164342,17
720575940899256770,720575940903679779,17
720575940899256770,720575940878916148,13
720575940899256770,720575940894647347,8
720575940899256770,720575940875116119,24
720575940899256770,720575940909769176,2
720575940899256770,720575940912535686,35
720575940899256770,720575940927109144,31
720575940899256770,720575940893395733,11
720575940899256770,720575940903370509,5
720575940899256770,720575940897460886,8
720575940899256770,720575940881935355,1
720575940899256770,720575940869443690,3
720575940899256770,720575940902703006,1
720575940899256770,720575940878956340,1
720575940899256770,720575940940380075,2
720575940899256770,720575940889238903,1
720575940899256770,720575940880875929,4
720575940899256770,720575940899281090,3
720575940899256770,720575940878312571,1
720575940899256770,720575940894647859,1
720575940899256770,720575940922795818,1
720575940899256770,720575940859648663,1
720575940899256770,720575940917531755,1
720575940899256770,720575940928343548,6
720575940899256770,720575940937857965,9
720575940899256770,720575940877555511,3
720575940899256770,720575940917852811,3
720575940899256770,720575940888799761,1
720575940899256770,720575940905042902,3
720575940899256770,720575940905043670,5
720575940899256770,720575940903188925,1
720575940899256770,720575940881624259,64
720575940899256770,720575940903762211,24
720575940899256770,720575940878345595,21
720575940899256770,720575940924205189,28
720575940899256770,720575940885439590,24
720575940899256770,720575940882093178,1
720575940899256770,720575940899607728,1
720575940899256770,720575940920467088,2
720575940899256770,720575940899861391,1
720575940899256770,720575940916236035,5
720575940899256770,720575940917407635,1
720575940893386005,720575940917429907,1
720575940893386005,720575940904086480,7
720575940893386005,720575940877501751,4
720575940893386005,720575940914883824,8
720575940893386005,720575940881607875,2
720575940893386005,720575940922709290,18
720575940893386005,720575940903679779,7
720575940893386005,720575940878916148,6
720575940893386005,720575940875116119,4
720575940893386005,720575940909769176,1
720575940893386005,720575940894178664,2
720575940893386005,720575940912535686,9
720575940893386005,720575940899153235,6
720575940893386005,720575940905061686,1
720575940893386005,720575940908386564,7
720575940893386005,720575940895353262,1
720575940893386005,720575940916016480,3
720575940893386005,720575940927109144,8
720575940893386005,720575940893395733,15
720575940893386005,720575940903370509,3
720575940893386005,720575940897460886,2
720575940893386005,720575940881935355,1
720575940893386005,720575940869443690,7
720575940893386005,720575940940380075,1
720575940893386005,720575940889238903,2
720575940893386005,720575940902634194,1
720575940893386005,720575940920881320,1
720575940893386005,720575940917531755,1
720575940893386005,720575940900033476,1
720575940893386005,720575940890962241,1
720575940893386005,720575940937857965,3
720575940893386005,720575940881055666,1
720575940893386005,720575940905042902,2
720575940893386005,720575940905043670,3
720575940893386005,720575940903188925,3
720575940893386005,720575940946223236,1
720575940893386005,720575940894664404,2
720575940893386005,720575940881624259,7
720575940893386005,720575940903762211,16
720575940893386005,720575940878345595,7
720575940893386005,720575940924205189,12
720575940893386005,720575940885439590,9
720575940893386005,720575940899861391,1
720575940893386005,720575940916236035,1
720575940921992256,720575940914883824,1
720575940921992256,720575940922709290,4
720575940921992256,720575940899153235,4
720575940921992256,720575940908386564,4
720575940921992256,720575940916016480,2
720575940921992256,720575940927109144,6
720575940921992256,720575940893395733,9
720575940921992256,720575940903370509,2
720575940921992256,720575940897460886,2
720575940921992256,720575940869443690,2
720575940921992256,720575940918316341,1
720575940921992256,720575940919632133,1
720575940921992256,720575940928343548,1
720575940921992256,720575940888793178,4
720575940921992256,720575940903188925,2
720575940921992256,720575940894664404,1
720575940921992256,720575940903415565,2
720575940921992256,720575940875854397,1
720575940921992256,720575940881624259,2
720575940921992256,720575940903762211,7
720575940921992256,720575940878345595,1
720575940921992256,720575940924205189,21
720575940921992256,720575940885439590,14
720575940921992256,720575940883908636,1
720575940921992256,720575940882093178,1
720575940892615796,720575940890134196,1
720575940892615796,720575940888793434,2
720575940892615796,720575940904086480,9
720575940892615796,720575940914883824,2
720575940892615796,720575940881607875,1
720575940892615796,720575940922709290,3
720575940892615796,720575940903679779,4
720575940892615796,720575940878916148,1
720575940892615796,720575940875116119,13
720575940892615796,720575940909769176,5
720575940892615796,720575940918750769,2
720575940892615796,720575940905061686,7
720575940892615796,720575940893395733,10
720575940892615796,720575940869443690,3
720575940892615796,720575940937848237,1
720575940892615796,720575940891183798,1
720575940892615796,720575940930905464,1
720575940892615796,720575940886853257,1
720575940892615796,720575940927184920,1
720575940892615796,720575940920456848,2
720575940892615796,720575940902629074,4
720575940892615796,720575940888799761,13
720575940892615796,720575940905042902,1
720575940892615796,720575940905043926,1
720575940892615796,720575940881624259,11
720575940892615796,720575940903762211,8
720575940892615796,720575940878345595,3
720575940892615796,720575940924205189,13
720575940892615796,720575940885439590,22
720575940892615796,720575940920467088,2
720575940892615796,720575940884147967,1
720575940892615796,720575940897365506,1
720575940884728634,720575940941106028,1
720575940884728634,720575940917429907,1
720575940884728634,720575940888793434,3
720575940884728634,720575940904086480,36
720575940884728634,720575940881607875,7
720575940884728634,720575940922709290,6
720575940884728634,720575940891164342,3
720575940884728634,720575940903679779,24
720575940884728634,720575940878916148,17
720575940884728634,720575940875116119,19
720575940884728634,720575940909769176,1
720575940884728634,720575940912535686,10
720575940884728634,720575940918750769,4
720575940884728634,720575940905061686,3
720575940884728634,720575940927109144,4
720575940884728634,720575940893395733,11
720575940884728634,720575940897460886,6
720575940884728634,720575940881935355,1
720575940884728634,720575940869443690,10
720575940884728634,720575940891183798,1
720575940884728634,720575940940380075,1
720575940884728634,720575940889238903,1
720575940884728634,720575940899283650,1
720575940884728634,720575940880875929,2
720575940884728634,720575940899281090,2
720575940884728634,720575940886540578,1
720575940884728634,720575940909797811,1
720575940884728634,720575940920037245,1
720575940884728634,720575940891185846,1
720575940884728634,720575940919632133,1
720575940884728634,720575940928343548,3
720575940884728634,720575940937857965,3
720575940884728634,720575940917852811,2
720575940884728634,720575940902629074,2
720575940884728634,720575940888799761,8
720575940884728634,720575940905042902,1
720575940884728634,720575940905043670,4
720575940884728634,720575940905043926,3
720575940884728634,720575940894664404,2
720575940884728634,720575940881624259,29
720575940884728634,720575940903762211,17
720575940884728634,720575940878345595,12
720575940884728634,720575940924205189,20
720575940884728634,720575940885439590,25
720575940884728634,720575940920467088,1
720575940884728634,720575940899861391,4
720575940884728634,720575940916236035,5
720575940915531157,720575940904086480,3
720575940915531157,720575940914883824,7
720575940915531157,720575940881607875,1
720575940915531157,720575940922709290,5
720575940915531157,720575940891164342,5
720575940915531157,720575940903679779,1
720575940915531157,720575940878916148,1
720575940915531157,720575940894647347,7
720575940915531157,720575940909769176,4
720575940915531157,720575940894178664,1
720575940915531157,720575940912535686,2
720575940915531157,720575940927109144,5
720575940915531157,720575940893395733,3
720575940915531157,720575940903370509,1
720575940915531157,720575940897460886,2
720575940915531157,720575940869443690,7
720575940915531157,720575940880875929,1
720575940915531157,720575940899281090,1
720575940915531157,720575940889924328,1
720575940915531157,720575940928343548,1
720575940915531157,720575940917852811,1
720575940915531157,720575940903188925,3
720575940915531157,720575940946223236,1
720575940915531157,720575940894664404,2
720575940915531157,720575940881624259,10
720575940915531157,720575940903762211,5
720575940915531157,720575940878345595,3
720575940915531157,720575940924205189,3
720575940915531157,720575940885439590,6
720575940915531157,720575940899607728,1
720575940886931959,720575940941106028,1
720575940886931959,720575940890134196,1
720575940886931959,720575940888793434,1
720575940886931959,720575940904086480,2
720575940886931959,720575940903679779,2
720575940886931959,720575940878916148,1
720575940886931959,720575940875116119,1
720575940886931959,720575940918750769,1
720575940886931959,720575940899153235,1
720575940886931959,720575940905061686,1
720575940886931959,720575940895353262,1
720575940886931959,720575940916016480,3
720575940886931959,720575940893395733,1
720575940886931959,720575940897460886,15
720575940886931959,720575940881935355,12
720575940886931959,720575940869443690,11
720575940886931959,720575940891183798,119
720575940886931959,720575940900956101,52
720575940886931959,720575940902703006,9
720575940886931959,720575940878956340,60
720575940886931959,720575940912929024,40
720575940886931959,720575940890245126,23
720575940886931959,720575940906113851,52
720575940886931959,720575940940380075,45
720575940886931959,720575940908781145,35
720575940886931959,720575940881620931,1
720575940886931959,720575940891181902,17
720575940886931959,720575940889238903,17
720575940886931959,720575940899283650,22
720575940886931959,720575940880875929,14
720575940886931959,720575940901384751,12
720575940886931959,720575940918316341,13
720575940886931959,720575940899281090,3
720575940886931959,720575940917780131,10
720575940886931959,720575940927248352,1
720575940886931959,720575940937862061,1
720575940886931959,720575940895289006,1
720575940886931959,720575940886853257,1
720575940886931959,720575940948987670,3
720575940886931959,720575940907584340,1
720575940886931959,720575940883729656,1
720575940886931959,720575940902624978,10
720575940886931959,720575940880839442,3
720575940886931959,720575940902634194,1
720575940886931959,720575940886540578,3
720575940886931959,720575940894647859,7
720575940886931959,720575940877555511,1
720575940886931959,720575940888799761,1
720575940886931959,720575940905043926,2
720575940886931959,720575940903188925,1
720575940886931959,720575940881624259,1
720575940886931959,720575940924205189,1
720575940886931959,720575940883908636,7
720575940886931959,720575940888829455,115
720575940886931959,720575940882093178,38
720575940886931959,720575940899607728,8
720575940886931959,720575940894196379,8
720575940886931959,720575940920467088,48
720575940886931959,720575940916236035,2
720575940886931959,720575940917407635,1
720575940910624444,720575940888793434,1
720575940910624444,720575940914883824,1
720575940910624444,720575940903679779,3
720575940910624444,720575940916016480,1
720575940910624444,720575940897460886,1
720575940910624444,720575940881935355,2
720575940910624444,720575940869443690,3
720575940910624444,720575940891183798,31
720575940910624444,720575940900956101,19
720575940910624444,720575940902703006,8
720575940910624444,720575940861450226,1
720575940910624444,720575940878956340,13
720575940910624444,720575940912929024,4
720575940910624444,720575940890245126,18
720575940910624444,720575940930905464,1
720575940910624444,720575940906113851,12
720575940910624444,720575940940380075,13
720575940910624444,720575940908781145,13
720575940910624444,720575940899283650,6
720575940910624444,720575940880875929,10
720575940910624444,720575940901384751,4
720575940910624444,720575940918316341,8
720575940910624444,720575940899281090,1
720575940910624444,720575940917780131,1
720575940910624444,720575940927248352,1
720575940910624444,720575940937862061,2
720575940910624444,720575940948987670,1
720575940910624444,720575940902624978,5
720575940910624444,720575940894647859,3
720575940910624444,720575940902629074,1
720575940910624444,720575940881055666,4
720575940910624444,720575940894664404,2
720575940910624444,720575940883908636,11
720575940910624444,720575940888829455,35
720575940910624444,720575940882093178,9
720575940910624444,720575940899607728,4
720575940910624444,720575940894196379,7
720575940910624444,720575940878345851,1
720575940910624444,720575940920467088,14
720575940891163574,720575940917429907,1
720575940891163574,720575940877501751,2
720575940891163574,720575940914883824,7
720575940891163574,720575940922709290,7
720575940891163574,720575940891164342,1
720575940891163574,720575940903679779,2
720575940891163574,720575940899153235,2
720575940891163574,720575940908386564,4
720575940891163574,720575940895353262,18
720575940891163574,720575940916016480,18
720575940891163574,720575940896736698,6
720575940891163574,720575940927109144,1
720575940891163574,720575940903370509,1
720575940891163574,720575940897460886,7
720575940891163574,720575940881935355,11
720575940891163574,720575940869443690,14
720575940891163574,720575940891183798,11
720575940891163574,720575940924182661,5
720575940891163574,720575940900956101,28
720575940891163574,720575940902703006,8
720575940891163574,720575940878956340,81
720575940891163574,720575940912929024,14
720575940891163574,720575940890245126,52
720575940891163574,720575940906113851,21
720575940891163574,720575940940380075,76
720575940891163574,720575940908781145,110
720575940891163574,720575940891181902,8
720575940891163574,720575940889238903,6
720575940891163574,720575940899283650,2
720575940891163574,720575940880875929,16
720575940891163574,720575940901384751,38
720575940891163574,720575940918316341,15
720575940891163574,720575940899281090,6
720575940891163574,720575940917780131,9
720575940891163574,720575940927248352,12
720575940891163574,720575940937862061,9
720575940891163574,720575940878312571,2
720575940891163574,720575940948987670,4
720575940891163574,720575940907584340,1
720575940891163574,720575940902624978,10
720575940891163574,720575940941124460,1
720575940891163574,720575940880839442,1
720575940891163574,720575940885432678,1
720575940891163574,720575940900963269,1
720575940891163574,720575940908782425,1
720575940891163574,720575940903188925,2
720575940891163574,720575940894664404,1
720575940891163574,720575940903415565,1
720575940891163574,720575940875854397,1
720575940891163574,720575940878345595,1
720575940891163574,720575940883908636,26
720575940891163574,720575940888829455,78
720575940891163574,720575940882093178,46
720575940891163574,720575940899607728,6
720575940891163574,720575940894196379,22
720575940891163574,720575940917797795,1
720575940891163574,720575940920467088,24
720575940922958792,720575940899282056,1
720575940922958792,720575940877501751,1
720575940922958792,720575940895353262,10
720575940922958792,720575940916016480,3
720575940922958792,720575940896736698,3
720575940922958792,720575940927109144,2
720575940922958792,720575940903370509,5
720575940922958792,720575940881935355,3
720575940922958792,720575940869443690,2
720575940922958792,720575940924182661,8
720575940922958792,720575940878956340,15
720575940922958792,720575940890245126,26
720575940922958792,720575940906113851,1
720575940922958792,720575940940380075,6
720575940922958792,720575940908781145,51
720575940922958792,720575940880875929,1
720575940922958792,720575940901384751,35
720575940922958792,720575940917780131,5
720575940922958792,720575940927248352,5
720575940922958792,720575940896732090,1
720575940922958792,720575940902624978,1
720575940922958792,720575940902634194,1
720575940922958792,720575940939715909,1
720575940922958792,720575940900963269,1
720575940922958792,720575940910607129,1
720575940922958792,720575940903415565,2
720575940922958792,720575940903762211,1
720575940922958792,720575940924205189,2
720575940922958792,720575940883908636,48
720575940922958792,720575940888829455,17
720575940922958792,720575940882093178,55
720575940922958792,720575940899607728,2
720575940922958792,720575940894196379,18
720575940922958792,720575940920467088,2
720575940922958792,720575940917407635,3
720575940922958792,720575940875843901,1
720575940918770481,720575940891164342,7
720575940918770481,720575940903679779,2
720575940918770481,720575940894647347,1
720575940918770481,720575940895353262,18
720575940918770481,720575940896736698,1
720575940918770481,720575940927109144,7
720575940918770481,720575940881935355,5
720575940918770481,720575940869443690,2
720575940918770481,720575940900956101,7
720575940918770481,720575940902703006,1
720575940918770481,720575940878956340,29
720575940918770481,720575940890245126,14
720575940918770481,720575940940380075,15
720575940918770481,720575940908781145,37
720575940918770481,720575940891181902,1
720575940918770481,720575940889238903,5
720575940918770481,720575940880875929,3
720575940918770481,720575940901384751,21
720575940918770481,720575940918316341,1
720575940918770481,720575940917780131,12
720575940918770481,720575940927248352,3
720575940918770481,720575940948987670,1
720575940918770481,720575940941124460,1
720575940918770481,720575940902634194,3
720575940918770481,720575940886540578,1
720575940918770481,720575940881624259,1
720575940918770481,720575940924205189,1
720575940918770481,720575940883908636,45
720575940918770481,720575940888829455,18
720575940918770481,720575940882093178,73
720575940918770481,720575940899607728,7
720575940918770481,720575940894196379,26
720575940918770481,720575940884147711,1
720575940918770481,720575940920467088,8
720575940918770481,720575940875843901,4
720575940893408011,720575940941106028,2
720575940893408011,720575940890134196,1
720575940893408011,720575940888793434,1
720575940893408011,720575940903679779,1
720575940893408011,720575940878916148,5
720575940893408011,720575940875116119,1
720575940893408011,720575940912535686,1
720575940893408011,720575940897460886,1
720575940893408011,720575940891183798,4
720575940893408011,720575940900956101,47
720575940893408011,720575940891194446,2
720575940893408011,720575940883197911,51
720575940893408011,720575940878956340,14
720575940893408011,720575940912929024,79
720575940893408011,720575940906113851,41
720575940893408011,720575940940380075,3
720575940893408011,720575940908781145,1
720575940893408011,720575940891181902,84
720575940893408011,720575940889238903,26
720575940893408011,720575940899283650,1
720575940893408011,720575940880875929,18
720575940893408011,720575940899281090,21
720575940893408011,720575940917780131,22
720575940893408011,720575940927248352,2
720575940893408011,720575940878312571,11
720575940893408011,720575940948987670,6
720575940893408011,720575940902624978,1
720575940893408011,720575940882160356,1
720575940893408011,720575940890108216,1
720575940893408011,720575940902634194,3
720575940893408011,720575940939715909,3
720575940893408011,720575940889924328,1
720575940893408011,720575940894647859,1
720575940893408011,720575940877555511,3
720575940893408011,720575940917852811,1
720575940893408011,720575940881624259,1
720575940893408011,720575940885439590,1
720575940893408011,720575940883908636,18
720575940893408011,720575940888829455,58
720575940893408011,720575940882093178,27
720575940893408011,720575940899607728,27
720575940893408011,720575940894196379,3
720575940893408011,720575940920467088,27
720575940893408011,720575940916236035,2
720575940880372359,720575940891164342,8
720575940880372359,720575940903679779,2
720575940880372359,720575940878916148,3
720575940880372359,720575940895353262,1
720575940880372359,720575940897460886,4
720575940880372359,720575940881935355,3
720575940880372359,720575940891183798,9
720575940880372359,720575940900956101,79
720575940880372359,720575940883197911,2
720575940880372359,720575940878956340,42
720575940880372359,720575940912929024,74
720575940880372359,720575940906113851,33
720575940880372359,720575940940380075,30
720575940880372359,720575940891181902,82
720575940880372359,720575940889238903,26
720575940880372359,720575940899283650,5
720575940880372359,720575940880875929,27
720575940880372359,720575940901384751,1
720575940880372359,720575940899281090,28
720575940880372359,720575940917780131,29
720575940880372359,720575940937862061,2
720575940880372359,720575940878312571,7
720575940880372359,720575940948987670,3
720575940880372359,720575940902624978,3
720575940880372359,720575940880839442,1
720575940880372359,720575940881936465,2
720575940880372359,720575940902634194,4
720575940880372359,720575940939715909,2
720575940880372359,720575940903751971,1
720575940880372359,720575940894647859,1
720575940880372359,720575940928343548,1
720575940880372359,720575940937857965,1
720575940880372359,720575940877555511,1
720575940880372359,720575940917852811,5
720575940880372359,720575940905043670,1
720575940880372359,720575940881624259,3
720575940880372359,720575940924205189,1
720575940880372359,720575940883908636,46
720575940880372359,720575940888829455,88
720575940880372359,720575940882093178,56
720575940880372359,720575940899607728,34
720575940880372359,720575940894196379,12
720575940880372359,720575940884147711,2
720575940880372359,720575940920467088,26
720575940882077216,720575940891164342,3
720575940882077216,720575940903679779,1
720575940882077216,720575940878916148,1
720575940882077216,720575940875116119,1
720575940882077216,720575940895353262,3
720575940882077216,720575940927109144,1
720575940882077216,720575940897460886,1
720575940882077216,720575940881935355,1
720575940882077216,720575940869443690,1
720575940882077216,720575940891183798,4
720575940882077216,720575940900956101,54
720575940882077216,720575940878956340,34
720575940882077216,720575940912929024,35
720575940882077216,720575940890245126,2
720575940882077216,720575940906113851,16
720575940882077216,720575940940380075,46
720575940882077216,720575940908781145,3
720575940882077216,720575940891181902,47
720575940882077216,720575940889238903,11
720575940882077216,720575940899283650,1
720575940882077216,720575940880875929,26
720575940882077216,720575940901384751,9
720575940882077216,720575940899281090,10
720575940882077216,720575940917780131,8
720575940882077216,720575940878312571,5
720575940882077216,720575940948987670,3
720575940882077216,720575940902624978,5
720575940882077216,720575940881936465,1
720575940882077216,720575940939715909,1
720575940882077216,720575940889924328,1
720575940882077216,720575940937857965,1
720575940882077216,720575940881624259,1
720575940882077216,720575940885439590,1
720575940882077216,720575940883908636,18
720575940882077216,720575940888829455,52
720575940882077216,720575940882093178,34
720575940882077216,720575940899607728,13
720575940882077216,720575940894196379,8
720575940882077216,720575940920467088,22
720575940882077216,720575940916236035,3
720575940918990151,720575940922949405,1
720575940918990151,720575940899282056,2
720575940918990151,720575940877501751,1
720575940918990151,720575940895353262,8
720575940918990151,720575940896736698,3
720575940918990151,720575940903370509,8
720575940918990151,720575940881935355,1
720575940918990151,720575940869443690,4
720575940918990151,720575940924182661,99
720575940918990151,720575940890245126,2
720575940918990151,720575940908781145,3
720575940918990151,720575940901384751,17
720575940918990151,720575940896732090,20
720575940918990151,720575940902634194,1
720575940918990151,720575940915256127,1
720575940918990151,720575940892205566,1
720575940918990151,720575940890962241,1
720575940918990151,720575940883908636,40
720575940918990151,720575940888829455,8
720575940918990151,720575940882093178,34
720575940918990151,720575940894196379,14
720575940918990151,720575940917407635,1
720575940918990151,720575940875843901,7
720575940862185831,720575940914883824,9
720575940862185831,720575940895353262,3
720575940862185831,720575940916016480,4
720575940862185831,720575940893395733,2
720575940862185831,720575940903370509,2
720575940862185831,720575940881935355,2
720575940862185831,720575940869443690,2
720575940862185831,720575940891183798,3
720575940862185831,720575940924182661,2
720575940862185831,720575940900956101,9
720575940862185831,720575940902703006,2
720575940862185831,720575940878956340,23
720575940862185831,720575940912929024,2
720575940862185831,720575940890245126,24
720575940862185831,720575940906113851,6
720575940862185831,720575940940380075,19
720575940862185831,720575940908781145,36
720575940862185831,720575940880875929,9
720575940862185831,720575940901384751,16
720575940862185831,720575940918316341,14
720575940862185831,720575940917780131,1
720575940862185831,720575940927248352,6
720575940862185831,720575940937862061,2
720575940862185831,720575940948987670,2
720575940862185831,720575940902624978,2
720575940862185831,720575940900963269,2
720575940862185831,720575940890962241,1
720575940862185831,720575940908782425,1
720575940862185831,720575940903415565,2
720575940862185831,720575940883908636,14
720575940862185831,720575940888829455,15
720575940862185831,720575940882093178,15
720575940862185831,720575940899607728,5
720575940862185831,720575940894196379,5
720575940862185831,720575940920467088,15
720575940862185831,720575940899861391,1
720575940902671774,720575940878916148,1
720575940902671774,720575940927109144,1
720575940902671774,720575940897460886,1
720575940902671774,720575940900956101,3
720575940902671774,720575940883197911,17
720575940902671774,720575940878956340,5
720575940902671774,720575940912929024,61
720575940902671774,720575940906113851,11
720575940902671774,720575940940380075,4
720575940902671774,720575940891181902,49
720575940902671774,720575940889238903,11
720575940902671774,720575940880875929,7
720575940902671774,720575940899281090,16
720575940902671774,720575940917780131,11
720575940902671774,720575940878312571,10
720575940902671774,720575940948987670,3
720575940902671774,720575940880839442,1
720575940902671774,720575940890108216,1
720575940902671774,720575940902634194,4
720575940902671774,720575940889924328,1
720575940902671774,720575940937857965,1
720575940902671774,720575940877555511,1
720575940902671774,720575940905043670,1
720575940902671774,720575940881624259,2
720575940902671774,720575940883908636,36
720575940902671774,720575940888829455,33
720575940902671774,720575940882093178,26
720575940902671774,720575940899607728,45
720575940902671774,720575940894196379,10
720575940902671774,720575940905121334,3
720575940902671774,720575940884147711,1
720575940902671774,720575940920467088,11
720575940902671774,720575940916236035,1
720575940889215863,720575940899153235,1
720575940889215863,720575940916016480,1
720575940889215863,720575940896736698,1
720575940889215863,720575940927109144,1
720575940889215863,720575940881935355,1
720575940889215863,720575940869443690,3
720575940889215863,720575940891183798,1
720575940889215863,720575940900956101,1
720575940889215863,720575940902703006,25
720575940889215863,720575940878956340,4
720575940889215863,720575940890245126,2
720575940889215863,720575940906113851,5
720575940889215863,720575940908781145,1
720575940889215863,720575940899283650,1
720575940889215863,720575940880875929,1
720575940889215863,720575940901384751,5
720575940889215863,720575940918316341,6
720575940889215863,720575940894647859,2
720575940889215863,720575940927184920,1
720575940889215863,720575940881055666,1
720575940889215863,720575940924205189,3
720575940889215863,720575940883908636,2
720575940889215863,720575940888829455,13
720575940889215863,720575940882093178,1
720575940889215863,720575940894196379,5
720575940889215863,720575940920467088,2
720575940887087578,720575940914883824,1
720575940887087578,720575940894647347,1
720575940887087578,720575940895353262,8
720575940887087578,720575940927109144,3
720575940887087578,720575940881935355,1
720575940887087578,720575940878956340,5
720575940887087578,720575940912929024,1
720575940887087578,720575940890245126,2
720575940887087578,720575940906113851,2
720575940887087578,720575940940380075,4
720575940887087578,720575940908781145,9
720575940887087578,720575940889238903,2
720575940887087578,720575940901384751,9
720575940887087578,720575940917780131,6
720575940887087578,720575940927248352,2
720575940887087578,720575940894647859,2
720575940887087578,720575940903762211,1
720575940887087578,720575940883908636,7
720575940887087578,720575940888829455,4
720575940887087578,720575940882093178,19
720575940887087578,720575940899607728,1
720575940887087578,720575940894196379,10
720575940887087578,720575940920467088,3
720575940887087578,720575940875843901,1
720575940927215328,720575940888793434,3
720575940927215328,720575940904086480,3
720575940927215328,720575940922709290,2
720575940927215328,720575940903679779,5
720575940927215328,720575940875116119,4
720575940927215328,720575940909769176,1
720575940927215328,720575940899153235,1
720575940927215328,720575940905061686,7
720575940927215328,720575940897460886,19
720575940927215328,720575940881935355,2
720575940927215328,720575940869443690,9
720575940927215328,720575940937848237,1
720575940927215328,720575940891183798,125
720575940927215328,720575940900956101,41
720575940927215328,720575940902703006,5
720575940927215328,720575940891194446,5
720575940927215328,720575940861450226,2
720575940927215328,720575940878956340,17
720575940927215328,720575940912929024,22
720575940927215328,720575940890245126,3
720575940927215328,720575940930905464,47
720575940927215328,720575940906113851,66
720575940927215328,720575940940380075,4
720575940927215328,720575940908781145,1
720575940927215328,720575940881620931,9
720575940927215328,720575940891181902,12
720575940927215328,720575940889238903,12
720575940927215328,720575940899283650,37
720575940927215328,720575940880875929,39
720575940927215328,720575940901384751,4
720575940927215328,720575940918316341,14
720575940927215328,720575940899281090,3
720575940927215328,720575940917780131,17
720575940927215328,720575940927248352,2
720575940927215328,720575940878312571,2
720575940927215328,720575940886853257,5
720575940927215328,720575940948987670,1
720575940927215328,720575940883729656,3
720575940927215328,720575940880839442,3
720575940927215328,720575940923272236,1
720575940927215328,720575940902634194,1
720575940927215328,720575940886540578,1
720575940927215328,720575940894647859,3
720575940927215328,720575940891783335,1
720575940927215328,720575940878955572,1
720575940927215328,720575940920027261,1
720575940927215328,720575940917531755,1
720575940927215328,720575940917852811,1
720575940927215328,720575940888799761,1
720575940927215328,720575940881055666,1
720575940927215328,720575940905043670,1
720575940927215328,720575940888731665,1
720575940927215328,720575940881624259,2
720575940927215328,720575940924205189,3
720575940927215328,720575940885439590,1
720575940927215328,720575940883908636,5
720575940927215328,720575940888829455,139
720575940927215328,720575940882093178,11
720575940927215328,720575940899607728,17
720575940927215328,720575940894196379,8
720575940927215328,720575940920467088,70
720575940927215328,720575940884147967,10
720575940927215328,720575940897365506,1
720575940927215328,720575940899861391,1
720575940927215328,720575940916236035,2
720575940893122730,720575940937848237,15
720575940893122730,720575940891194446,35
720575940893122730,720575940861450226,48
720575940893122730,720575940883197911,22
720575940893122730,720575940912929024,1
720575940893122730,720575940930905464,5
720575940893122730,720575940906113851,1
720575940893122730,720575940881620931,19
720575940893122730,720575940883729656,1
720575940893122730,720575940890108216,1
720575940893122730,720575940902634194,2
720575940893122730,720575940939715909,2
720575940893122730,720575940900963269,1
720575940893122730,720575940928343548,2
720575940893122730,720575940883908636,4
720575940893122730,720575940888829455,13
720575940893122730,720575940899607728,27
720575940893122730,720575940894196379,12
720575940893122730,720575940905121334,1
720575940893122730,720575940884147967,11
720575940893122730,720575940899861391,1
720575940914869232,720575940897460886,2
720575940914869232,720575940881935355,1
720575940914869232,720575940937848237,14
720575940914869232,720575940900956101,1
720575940914869232,720575940891194446,61
720575940914869232,720575940861450226,75
720575940914869232,720575940883197911,19
720575940914869232,720575940930905464,107
720575940914869232,720575940906113851,14
720575940914869232,720575940881620931,89
720575940914869232,720575940899283650,22
720575940914869232,720575940899281090,3
720575940914869232,720575940917422227,3
720575940914869232,720575940880839442,1
720575940914869232,720575940881936465,1
720575940914869232,720575940902634194,1
720575940914869232,720575940891518756,1
720575940914869232,720575940939715909,1
720575940914869232,720575940902629074,4
720575940914869232,720575940888829455,36
720575940914869232,720575940899607728,63
720575940914869232,720575940924205701,1
720575940914869232,720575940920467088,1
720575940914869232,720575940884147967,27
720575940914869232,720575940917407635,1
720575940894642644,720575940869443690,1
720575940894642644,720575940891183798,5
720575940894642644,720575940900956101,8
720575940894642644,720575940902703006,1
720575940894642644,720575940878956340,6
720575940894642644,720575940912929024,1
720575940894642644,720575940890245126,9
720575940894642644,720575940906113851,3
720575940894642644,720575940940380075,1
720575940894642644,720575940908781145,4
720575940894642644,720575940927248352,36
720575940894642644,720575940937862061,63
720575940894642644,720575940878312571,12
720575940894642644,720575940895289006,21
720575940894642644,720575940886853257,41
720575940894642644,720575940948987670,20
720575940894642644,720575940907584340,22
720575940894642644,720575940883729656,19
720575940894642644,720575940902624978,46
720575940894642644,720575940941124460,18
720575940894642644,720575940917422227,5
720575940894642644,720575940880839442,27
720575940894642644,720575940890107704,2
720575940894642644,720575940915253823,4
720575940894642644,720575940922957341,2
720575940894642644,720575940878326395,1
720575940894642644,720575940903414541,1
720575940894642644,720575940894647859,1
720575940894642644,720575940890111288,1
720575940894642644,720575940920881320,1
720575940894642644,720575940920037245,1
720575940894642644,720575940892205566,1
720575940894642644,720575940890962241,1
720575940894642644,720575940888799761,4
720575940894642644,720575940905043926,2
720575940894642644,720575940946223236,4
720575940894642644,720575940894664404,2
720575940894642644,720575940903415565,5
720575940894642644,720575940917797795,1
720575940894642644,720575940869469403,1
720575940894642644,720575940924205701,3
720575940894642644,720575940920467088,15
720575940894642644,720575940884147967,2
720575940894642644,720575940916236035,7
720575940894642644,720575940917407635,1
720575940900287353,720575940912929024,5
720575940900287353,720575940891181902,1
720575940900287353,720575940878312571,21
720575940900287353,720575940948987670,55
720575940900287353,720575940907584340,1
720575940900287353,720575940941124460,6
720575940900287353,720575940880839442,9
720575940900287353,720575940902634194,3
720575940900287353,720575940919632133,1
720575940900287353,720575940928343548,1
720575940900287353,720575940905043670,1
720575940900287353,720575940883908636,1
720575940900287353,720575940869469403,3
720575940900287353,720575940905121334,4
720575940900287353,720575940920467088,3
720575940900287353,720575940899861391,2
720575940900287353,720575940916236035,3
720575940919600645,720575940869443690,1
720575940919600645,720575940891183798,2
720575940919600645,720575940906113851,3
720575940919600645,720575940908781145,1
720575940919600645,720575940927248352,10
720575940919600645,720575940937862061,9
720575940919600645,720575940878312571,6
720575940919600645,720575940895289006,18
720575940919600645,720575940886853257,28
720575940919600645,720575940948987670,4
720575940919600645,720575940907584340,4
720575940919600645,720575940883729656,13
720575940919600645,720575940902624978,17
720575940919600645,720575940941124460,2
720575940919600645,720575940917422227,4
720575940919600645,720575940880839442,7
720575940919600645,720575940891518756,1
720575940919600645,720575940886540578,1
720575940919600645,720575940888799761,2
720575940919600645,720575940905043926,2
720575940919600645,720575940908782425,1
720575940919600645,720575940903188925,1
720575940919600645,720575940946223236,1
720575940919600645,720575940908400644,1
720575940919600645,720575940869469403,4
720575940919600645,720575940924205701,2
720575940919600645,720575940920467088,7
720575940888787983,720575940912929024,11
720575940888787983,720575940917780131,1
720575940888787983,720575940927248352,1
720575940888787983,720575940878312571,27
720575940888787983,720575940948987670,19
720575940888787983,720575940907584340,1
720575940888787983,720575940880839442,6
720575940888787983,720575940928343548,1
720575940888787983,720575940937857965,2
720575940888787983,720575940877555511,3
720575940888787983,720575940888829455,2
720575940888787983,720575940869469147,2
720575940888787983,720575940908400644,2
720575940888787983,720575940917797795,1
720575940888787983,720575940905121334,21
720575940888787983,720575940920467088,4
720575940888787983,720575940899861391,4
720575940888787983,720575940916236035,1
720575940888787983,720575940917407635,1
720575940894642900,720575940891194446,4
720575940894642900,720575940861450226,1
720575940894642900,720575940930905464,3
720575940894642900,720575940878312571,3
720575940894642900,720575940948987670,1
720575940894642900,720575940902624978,1
720575940894642900,720575940917422227,25
720575940894642900,720575940880839442,1
720575940894642900,720575940889924328,1
720575940894642900,720575940909797811,2
720575940894642900,720575940893156522,1
720575940894642900,720575940896872522,2
720575940894642900,720575940920456848,4
720575940894642900,720575940902629074,6
720575940894642900,720575940910295881,2
720575940894642900,720575940869469403,1
720575940894642900,720575940905121334,2
720575940894642900,720575940924205701,2
720575940894642900,720575940884147967,5
720575940894642900,720575940897365506,1
720575940894642900,720575940899861391,1
720575940902363320,720575940891194446,3
720575940902363320,720575940883197911,2
720575940902363320,720575940912929024,1
720575940902363320,720575940878312571,6
720575940902363320,720575940948987670,4
720575940902363320,720575940941124460,1
720575940902363320,720575940882672796,3
720575940902363320,720575940922957341,1
720575940902363320,720575940915578005,1
720575940902363320,720575940896872522,1
720575940902363320,720575940937856941,1
720575940902363320,720575940920456848,7
720575940902363320,720575940869469147,11
720575940902363320,720575940905121334,16
720575940902363320,720575940924205701,1
720575940902363320,720575940917407635,2
720575940879973250,720575940937848237,1
720575940879973250,720575940861450226,1
720575940879973250,720575940888165967,20
720575940879973250,720575940890900801,12
720575940879973250,720575940917422227,2
720575940879973250,720575940923272236,1
720575940879973250,720575940861447666,2
720575940879973250,720575940891518756,1
720575940879973250,720575940880005762,1
720575940879973250,720575940917797795,1
720575940879973250,720575940869469403,2
720575940879973250,720575940920467088,1
720575940879973250,720575940884147967,7
720575940879973250,720575940897365506,4
720575940881567427,720575940888165967,2
720575940909767128,720575940888165967,9
720575940909767128,720575940890900801,7
720575940909767128,720575940920054001,2
720575940909767128,720575940891783079,2
720575940909767128,720575940891518756,1
720575940909767128,720575940903414541,1
720575940909767128,720575940917975893,1
720575940909767128,720575940869469403,8
720575940909767128,720575940924205701,2
720575940909767128,720575940897365506,1
720575940893392149,720575940881935355,2
720575940893392149,720575940891183798,2
720575940893392149,720575940900956101,4
720575940893392149,720575940878956340,8
720575940893392149,720575940912929024,5
720575940893392149,720575940890245126,7
720575940893392149,720575940906113851,2
720575940893392149,720575940940380075,2
720575940893392149,720575940908781145,4
720575940893392149,720575940927248352,62
720575940893392149,720575940937862061,57
720575940893392149,720575940878312571,29
720575940893392149,720575940895289006,12
720575940893392149,720575940886853257,32
720575940893392149,720575940948987670,26
720575940893392149,720575940907584340,52
720575940893392149,720575940883729656,40
720575940893392149,720575940902624978,62
720575940893392149,720575940941124460,36
720575940893392149,720575940880839442,41
720575940893392149,720575940915253823,3
720575940893392149,720575940939715909,1
720575940893392149,720575940922957341,1
720575940893392149,720575940903414541,1
720575940893392149,720575940920037245,1
720575940893392149,720575940892205566,1
720575940893392149,720575940928343548,1
720575940893392149,720575940937857965,4
720575940893392149,720575940877555511,1
720575940893392149,720575940888799761,6
720575940893392149,720575940905042902,4
720575940893392149,720575940905043670,1
720575940893392149,720575940905043926,1
720575940893392149,720575940903188925,6
720575940893392149,720575940946223236,1
720575940893392149,720575940894664404,4
720575940893392149,720575940903415565,2
720575940893392149,720575940869469147,4
720575940893392149,720575940908400644,4
720575940893392149,720575940917797795,1
720575940893392149,720575940869469403,2
720575940893392149,720575940905121334,9
720575940893392149,720575940920467088,28
720575940893392149,720575940899861391,4
720575940893392149,720575940916236035,6
720575940893392149,720575940917407635,7
720575940893392149,720575940875843901,2
720575940909235164,720575940891194446,12
720575940909235164,720575940861450226,4
720575940909235164,720575940883197911,2
720575940909235164,720575940930905464,6
720575940909235164,720575940906113851,2
720575940909235164,720575940881620931,9
720575940909235164,720575940878312571,8
720575940909235164,720575940917422227,77
720575940909235164,720575940880839442,7
720575940909235164,720575940923272236,2
720575940909235164,720575940922795818,1
720575940909235164,720575940877555511,5
720575940909235164,720575940917852811,2
720575940909235164,720575940902629074,10
720575940909235164,720575940888799761,2
720575940909235164,720575940910295881,3
720575940909235164,720575940869469147,1
720575940909235164,720575940917797795,1
720575940909235164,720575940924205701,4
720575940909235164,720575940920467088,1
720575940909235164,720575940884147967,22
720575940909235164,720575940897365506,2
720575940909235164,720575940899861391,1
720575940940896383,720575940900956101,5
720575940940896383,720575940883197911,1
720575940940896383,720575940878956340,1
720575940940896383,720575940912929024,2
720575940940896383,720575940891181902,1
720575940940896383,720575940927248352,6
720575940940896383,720575940937862061,1
720575940940896383,720575940878312571,38
720575940940896383,720575940886853257,1
720575940940896383,720575940948987670,16
720575940940896383,720575940907584340,3
720575940940896383,720575940883729656,2
720575940940896383,720575940902624978,2
720575940940896383,720575940941124460,8
720575940940896383,720575940917422227,2
720575940940896383,720575940880839442,20
720575940940896383,720575940915253823,1
720575940940896383,720575940883198679,2
720575940940896383,720575940894647859,1
720575940940896383,720575940920037245,2
720575940940896383,720575940900033476,1
720575940940896383,720575940928343548,1
720575940940896383,720575940937857965,1
720575940940896383,720575940877555511,1
720575940940896383,720575940917852811,7
720575940940896383,720575940888799761,2
720575940940896383,720575940881055666,1
720575940940896383,720575940905043670,5
720575940940896383,720575940894664404,3
720575940940896383,720575940903415565,1
720575940940896383,720575940910295881,1
720575940940896383,720575940869469403,3
720575940940896383,720575940905121334,5
720575940940896383,720575940920467088,5
720575940940896383,720575940884147967,2
720575940940896383,720575940899861391,1
720575940940896383,720575940917407635,1
720575940909767384,720575940891194446,5
720575940909767384,720575940861450226,6
720575940909767384,720575940930905464,2
720575940909767384,720575940906113851,1
720575940909767384,720575940881620931,1
720575940909767384,720575940899283650,1
720575940909767384,720575940917422227,44
720575940909767384,720575940880839442,1
720575940909767384,720575940923272236,7
720575940909767384,720575940861447666,2
720575940909767384,720575940910295881,2
720575940909767384,720575940908400644,1
720575940909767384,720575940917797795,2
720575940909767384,720575940869469403,5
720575940909767384,720575940924205701,2
720575940909767384,720575940920467088,1
720575940909767384,720575940884147967,35
720575940909767384,720575940897365506,7
720575940913511793,720575940891194446,1
720575940913511793,720575940861450226,1
720575940913511793,720575940888165967,54
720575940913511793,720575940890900801,11
720575940913511793,720575940917422227,1
720575940913511793,720575940882160356,1
720575940913511793,720575940883198679,1
720575940913511793,720575940880837650,2
720575940913511793,720575940893156522,1
720575940913511793,720575940922795818,1
720575940913511793,720575940869469147,2
720575940913511793,720575940869469403,3
720575940913511793,720575940905121334,4
720575940913511793,720575940903762467,1
720575940913511793,720575940884147967,1
720575940913511793,720575940897365506,2
720575940899353473,720575940930905464,1
720575940899353473,720575940906113851,2
720575940899353473,720575940895289006,2
720575940899353473,720575940886853257,1
720575940899353473,720575940917422227,1
720575940899353473,720575940880839442,18
720575940899353473,720575940920054001,1
720575940899353473,720575940869469147,1
720575940899353473,720575940917797795,3
720575940899353473,720575940924205701,4
720575940899353473,720575940884147967,1
720575940903706403,720575940897460886,1
720575940903706403,720575940891194446,1
720575940903706403,720575940941124460,2
720575940903706403,720575940917422227,3
720575940903706403,720575940891184310,1
720575940903706403,720575940884147967,4
720575940903706403,720575940897365506,1
720575940861406706,720575940890245126,2
720575940861406706,720575940906113851,3
720575940861406706,720575940927248352,14
720575940861406706,720575940937862061,5
720575940861406706,720575940895289006,16
720575940861406706,720575940886853257,16
720575940861406706,720575940907584340,8
720575940861406706,720575940883729656,4
720575940861406706,720575940902624978,16
720575940861406706,720575940941124460,10
720575940861406706,720575940880839442,8
720575940861406706,720575940890107704,1
720575940861406706,720575940881055666,3
720575940861406706,720575940905043926,3
720575940861406706,720575940908782425,2
720575940861406706,720575940917797795,3
720575940861406706,720575940869469403,4
720575940861406706,720575940920467088,4
720575940861406706,720575940916236035,1
720575940905081398,720575940899282056,8
720575940905081398,720575940917429907,1
720575940905081398,720575940909393947,4
720575940905081398,720575940877501751,24
720575940905081398,720575940894647347,4
720575940905081398,720575940894178664,23
720575940905081398,720575940918750769,1
720575940905081398,720575940895353262,17
720575940905081398,720575940916016480,1
720575940905081398,720575940896736698,2
720575940905081398,720575940890962241,6
720575940905081398,720575940883201751,52
720575940905081398,720575940882117920,4
720575940905081398,720575940908782425,11
720575940905081398,720575940946223236,4
720575940905081398,720575940903415565,4
720575940905081398,720575940875854397,10
720575940905081398,720575940898821041,1
720575940905081398,720575940878345595,3
720575940895267018,720575940941106028,8
720575940895267018,720575940881607875,23
720575940895267018,720575940922709290,2
720575940895267018,720575940903679779,1
720575940895267018,720575940878916148,3
720575940895267018,720575940909769176,1
720575940895267018,720575940918750769,3
720575940895267018,720575940897460886,2
720575940895267018,720575940899281090,1
720575940895267018,720575940920456848,2
720575940895267018,720575940928343548,3
720575940895267018,720575940937857965,18
720575940895267018,720575940877555511,4
720575940895267018,720575940917852811,12
720575940895267018,720575940888799761,1
720575940895267018,720575940905042902,12
720575940895267018,720575940905043670,20
720575940895267018,720575940903188925,2
720575940895267018,720575940894664404,12
720575940895267018,720575940913491825,1
720575940895267018,720575940881624259,1
720575940895267018,720575940878345595,1
720575940883866908,720575940917429907,2
720575940883866908,720575940888793434,3
720575940883866908,720575940922709290,5
720575940883866908,720575940909769176,7
720575940883866908,720575940918750769,7
720575940883866908,720575940899153235,1
720575940883866908,720575940897460886,1
720575940883866908,720575940881935355,6
720575940883866908,720575940883201751,2
720575940883866908,720575940888793178,15
720575940883866908,720575940881055666,9
720575940883866908,720575940905042902,2
720575940883866908,720575940905043926,5
720575940883866908,720575940884057772,1
720575940883866908,720575940908782425,4
720575940883866908,720575940903188925,19
720575940883866908,720575940946223236,1
720575940883866908,720575940894664404,11
720575940883866908,720575940903415565,3
720575940883866908,720575940875854397,19
720575940883866908,720575940913491825,2
720575940883866908,720575940878345595,1
720575940883866908,720575940885439590,1
720575940918775345,720575940937221662,1
720575940918775345,720575940904086480,2
720575940918775345,720575940914883824,1
720575940918775345,720575940881607875,4
720575940918775345,720575940922709290,2
720575940918775345,720575940875116119,2
720575940918775345,720575940909769176,1
720575940918775345,720575940912535686,2
720575940918775345,720575940918750769,10
720575940918775345,720575940905061686,1
720575940918775345,720575940916016480,1
720575940918775345,720575940893395733,1
720575940918775345,720575940897460886,4
720575940918775345,720575940881935355,1
720575940918775345,720575940899281090,1
720575940918775345,720575940923272236,2
720575940918775345,720575940883198679,1
720575940918775345,720575940920456848,8
720575940918775345,720575940937857965,1
720575940918775345,720575940877555511,3
720575940918775345,720575940917852811,3
720575940918775345,720575940902629074,3
720575940918775345,720575940888799761,15
720575940918775345,720575940888793178,2
720575940918775345,720575940881055666,7
720575940918775345,720575940905042902,11
720575940918775345,720575940905043670,12
720575940918775345,720575940905043926,3
720575940918775345,720575940908782425,1
720575940918775345,720575940903188925,3
720575940918775345,720575940946223236,3
720575940918775345,720575940894664404,2
720575940918775345,720575940903415565,3
720575940918775345,720575940875854397,3
720575940918775345,720575940910295881,6
720575940918775345,720575940884939979,1
720575940918775345,720575940881624259,2
720575940918775345,720575940878345595,1
720575940918775345,720575940885439590,2
720575940918775345,720575940920467088,1
720575940918775345,720575940916236035,1
720575940893774059,720575940941106028,6
720575940893774059,720575940881607875,6
720575940893774059,720575940922709290,3
720575940893774059,720575940918750769,1
720575940893774059,720575940881935355,2
720575940893774059,720575940883201751,1
720575940893774059,720575940920456848,4
720575940893774059,720575940928343548,9
720575940893774059,720575940937857965,1
720575940893774059,720575940877555511,5
720575940893774059,720575940917852811,1
720575940893774059,720575940905042902,2
720575940893774059,720575940905043670,2
720575940893774059,720575940946223236,1
720575940893774059,720575940894664404,2
720575940900233186,720575940922949405,1
720575940900233186,720575940899282056,1
720575940900233186,720575940909393947,16
720575940900233186,720575940877501751,4
720575940900233186,720575940916016480,1
720575940900233186,720575940896736698,3
720575940900233186,720575940927244768,1
720575940900233186,720575940917531755,1
720575940900233186,720575940890962241,8
720575940900233186,720575940883201751,6
720575940900233186,720575940882117920,31
720575940900233186,720575940881055666,1
720575940900233186,720575940884057772,6
720575940900233186,720575940908782425,3
720575940900233186,720575940875854397,2
720575940900233186,720575940888731665,1
720575940900233186,720575940880850833,2
720575940900233186,720575940890939713,1
720575940900233186,720575940925834822,1
720575940882061434,720575940941106028,15
720575940882061434,720575940888793434,2
720575940882061434,720575940881607875,29
720575940882061434,720575940878916148,4
720575940882061434,720575940909769176,1
720575940882061434,720575940912535686,7
720575940882061434,720575940897460886,1
720575940882061434,720575940912929024,1
720575940882061434,720575940920456848,2
720575940882061434,720575940928343548,10
720575940882061434,720575940937857965,9
720575940882061434,720575940877555511,27
720575940882061434,720575940917852811,15
720575940882061434,720575940888799761,1
720575940882061434,720575940905042902,7
720575940882061434,720575940905043670,8
720575940882061434,720575940903188925,4
720575940882061434,720575940894664404,2
720575940882061434,720575940903415565,4
720575940882061434,720575940910295881,2
720575940882061434,720575940878345595,1
720575940882061434,720575940885439590,1
720575940882061434,720575940899861391,1
720575940882061434,720575940916236035,1
720575940920062581,720575940888793434,2
720575940920062581,720575940918750769,2
720575940920062581,720575940899153235,1
720575940920062581,720575940905061686,1
720575940920062581,720575940916016480,3
720575940920062581,720575940897460886,2
720575940920062581,720575940881935355,3
720575940920062581,720575940888793178,16
720575940920062581,720575940881055666,7
720575940920062581,720575940884057772,2
720575940920062581,720575940908782425,1
720575940920062581,720575940903188925,3
720575940920062581,720575940894664404,1
720575940920062581,720575940875854397,11
720575940920062581,720575940903762211,1
720575940920062581,720575940885439590,1
720575940891751079,720575940922949405,3
720575940891751079,720575940888793434,8
720575940891751079,720575940914883824,4
720575940891751079,720575940881607875,1
720575940891751079,720575940922709290,1
720575940891751079,720575940875116119,1
720575940891751079,720575940909769176,10
720575940891751079,720575940918750769,24
720575940891751079,720575940899153235,1
720575940891751079,720575940905061686,1
720575940891751079,720575940916016480,1
720575940891751079,720575940893395733,1
720575940891751079,720575940897460886,9
720575940891751079,720575940881935355,1
720575940891751079,720575940869443690,1
720575940891751079,720575940890245126,2
720575940891751079,720575940890107704,3
720575940891751079,720575940882117920,2
720575940891751079,720575940888799761,16
720575940891751079,720575940888793178,9
720575940891751079,720575940881055666,17
720575940891751079,720575940905042902,13
720575940891751079,720575940905043670,4
720575940891751079,720575940905043926,34
720575940891751079,720575940908782425,8
720575940891751079,720575940903188925,4
720575940891751079,720575940946223236,1
720575940891751079,720575940894664404,8
720575940891751079,720575940875854397,5
720575940891751079,720575940881624259,1
720575940891751079,720575940924205189,1
720575940891751079,720575940883908892,4
720575940891751079,720575940920467088,1
720575940882128356,720575940881607875,7
720575940882128356,720575940894647347,6
720575940882128356,720575940912535686,3
720575940882128356,720575940920037245,1
720575940882128356,720575940928343548,4
720575940882128356,720575940937857965,2
720575940882128356,720575940877555511,4
720575940882128356,720575940917852811,6
720575940882128356,720575940881055666,2
720575940882128356,720575940905042902,6
720575940882128356,720575940905043670,1
720575940882128356,720575940903188925,3
720575940882128356,720575940946223236,1
720575940882128356,720575940903415565,3
720575940887705416,720575940941106028,8
720575940887705416,720575940899282056,1
720575940887705416,720575940881607875,9
720575940887705416,720575940894647347,1
720575940887705416,720575940912535686,1
720575940887705416,720575940920456848,1
720575940887705416,720575940928343548,7
720575940887705416,720575940937857965,4
720575940887705416,720575940877555511,4
720575940887705416,720575940917852811,1
720575940887705416,720575940905043670,1
720575940887705416,720575940903188925,1
720575940887705416,720575940946223236,1
720575940887705416,720575940894664404,3
720575940887705416,720575940875854397,2
720575940887705416,720575940878345595,2
720575940930873976,720575940941106028,2
720575940930873976,720575940881607875,14
720575940930873976,720575940922709290,1
720575940930873976,720575940878916148,10
720575940930873976,720575940912535686,2
720575940930873976,720575940928343548,9
720575940930873976,720575940937857965,4
720575940930873976,720575940877555511,5
720575940930873976,720575940917852811,13
720575940930873976,720575940905042902,3
720575940930873976,720575940905043670,7
720575940930873976,720575940905043926,1
720575940930873976,720575940878345595,2
720575940884976331,720575940941106028,7
720575940884976331,720575940877501751,1
720575940884976331,720575940881607875,4
720575940884976331,720575940878916148,9
720575940884976331,720575940912535686,4
720575940884976331,720575940889238903,1
720575940884976331,720575940894662868,1
720575940884976331,720575940928343548,5
720575940884976331,720575940937857965,5
720575940884976331,720575940877555511,4
720575940884976331,720575940917852811,2
720575940884976331,720575940905043670,3
720575940884976331,720575940878345595,1
720575940927216096,720575940941106028,5
720575940927216096,720575940920044149,1
720575940927216096,720575940939715909,1
720575940927216096,720575940894116163,1
720575940927216096,720575940878955572,1
720575940927216096,720575940920456848,6
720575940927216096,720575940877555511,4
720575940927216096,720575940888799761,1
720575940927216096,720575940905042902,3
720575940927216096,720575940905043926,2
720575940927216096,720575940883908892,1
720575940911489471,720575940941106028,1
720575940911489471,720575940881607875,1
720575940911489471,720575940875116119,1
720575940911489471,720575940909769176,1
720575940911489471,720575940912535686,1
720575940911489471,720575940918750769,1
720575940911489471,720575940897460886,1
720575940911489471,720575940881935355,1
720575940911489471,720575940869443690,1
720575940911489471,720575940891194446,2
720575940911489471,720575940883197911,1
720575940911489471,720575940899281090,2
720575940911489471,720575940923272236,3
720575940911489471,720575940920456848,33
720575940911489471,720575940937857965,1
720575940911489471,720575940877555511,5
720575940911489471,720575940917852811,1
720575940911489471,720575940902629074,2
720575940911489471,720575940888799761,1
720575940911489471,720575940910295881,25
720575940911489471,720575940888731665,1
720575940911489471,720575940925834822,2
720575940887131098,720575940888793434,8
720575940887131098,720575940920044149,9
720575940887131098,720575940937221662,3
720575940887131098,720575940881936635,2
720575940887131098,720575940897460886,1
720575940887131098,720575940861450226,1
720575940887131098,720575940923272236,1
720575940887131098,720575940886540578,1
720575940887131098,720575940905043926,3
720575940887131098,720575940910295881,1
720575940887131098,720575940898432765,2
720575940887131098,720575940888731665,7
720575940887131098,720575940913491825,1
720575940887131098,720575940890939713,1
720575940887131098,720575940878345851,6
720575940887131098,720575940883908892,4
720575940887131098,720575940878346107,2
720575940887131098,720575940897365506,1
720575940887131098,720575940917407635,3
720575940900234978,720575940875116119,2
720575940900234978,720575940891194446,1
720575940900234978,720575940923272236,3
720575940900234978,720575940861447666,6
720575940900234978,720575940910295881,3
720575940900234978,720575940883908892,2
720575940884108031,720575940941106028,2
720575940884108031,720575940922949405,1
720575940884108031,720575940899282056,5
720575940884108031,720575940917429907,1
720575940884108031,720575940888793434,1
720575940884108031,720575940937221662,1
720575940884108031,720575940877501751,13
720575940884108031,720575940881607875,1
720575940884108031,720575940922709290,4
720575940884108031,720575940878916148,4
720575940884108031,720575940894647347,11
720575940884108031,720575940875116119,1
720575940884108031,720575940909769176,2
720575940884108031,720575940894178664,23
720575940884108031,720575940918750769,27
720575940884108031,720575940895353262,7
720575940884108031,720575940916016480,5
720575940884108031,720575940896736698,1
720575940884108031,720575940897460886,4
720575940884108031,720575940881935355,4
720575940884108031,720575940890245126,1
720575940884108031,720575940885432678,1
720575940884108031,720575940890107704,1
720575940884108031,720575940890962241,5
720575940884108031,720575940883201751,3
720575940884108031,720575940882117920,3
720575940884108031,720575940928343548,1
720575940884108031,720575940937857965,2
720575940884108031,720575940917852811,4
720575940884108031,720575940902629074,1
720575940884108031,720575940881055666,8
720575940884108031,720575940905042902,3
720575940884108031,720575940905043926,1
720575940884108031,720575940908782425,15
720575940884108031,720575940903188925,8
720575940884108031,720575940946223236,56
720575940884108031,720575940894664404,11
720575940884108031,720575940903415565,38
720575940884108031,720575940875854397,17
720575940884108031,720575940878345595,7
720575940884108031,720575940875843901,1
720575940903122154,720575940922949405,2
720575940903122154,720575940899282056,1
720575940903122154,720575940917429907,6
720575940903122154,720575940881607875,1
720575940903122154,720575940881936465,1
720575940903122154,720575940900963269,7
720575940903122154,720575940879773686,1
720575940903122154,720575940878345851,2
720575940903122154,720575940883908892,1
720575940869533454,720575940941106028,7
720575940869533454,720575940922949405,3
720575940869533454,720575940899282056,21
720575940869533454,720575940917429907,22
720575940869533454,720575940888793434,4
720575940869533454,720575940920044149,1
720575940869533454,720575940881936635,5
720575940869533454,720575940893395733,1
720575940869533454,720575940881936465,8
720575940869533454,720575940882672796,1
720575940869533454,720575940897454998,3
720575940869533454,720575940922957341,1
720575940869533454,720575940878326395,2
720575940869533454,720575940915256127,6
720575940869533454,720575940900963269,9
720575940869533454,720575940894647859,7
720575940869533454,720575940880005762,1
720575940869533454,720575940919632133,1
720575940869533454,720575940881055666,1
720575940869533454,720575940905043926,1
720575940869533454,720575940908782425,2
720575940869533454,720575940903415565,2
720575940869533454,720575940875854397,2
720575940869533454,720575940881844049,1
720575940869533454,720575940898432765,1
720575940869533454,720575940915676096,2
720575940869533454,720575940878345595,1
720575940869533454,720575940884147711,25
720575940869533454,720575940878345851,13
720575940869533454,720575940925834822,7
720575940869533454,720575940924205445,2
720575940869533454,720575940883908892,7
720575940869533454,720575940878346107,5
720575940869533454,720575940875843901,2
720575940891746215,720575940922949405,1
720575940891746215,720575940888793434,2
720575940891746215,720575940920044149,9
720575940891746215,720575940937221662,2
720575940891746215,720575940881936635,2
720575940891746215,720575940897460886,1
720575940891746215,720575940906113851,2
720575940891746215,720575940915256127,1
720575940891746215,720575940905043926,1
720575940891746215,720575940888731665,5
720575940891746215,720575940884939979,2
720575940891746215,720575940881974650,3
720575940891746215,720575940913491825,3
720575940891746215,720575940890939713,1
720575940891746215,720575940924431938,1
720575940891746215,720575940878345851,1
720575940891746215,720575940883908892,1
720575940884051238,720575940909393947,1
720575940884051238,720575940927109144,4
720575940884051238,720575940903370509,8
720575940884051238,720575940924182661,1
720575940884051238,720575940881936465,1
720575940884051238,720575940922957341,1
720575940884051238,720575940915256127,5
720575940884051238,720575940903414541,1
720575940884051238,720575940900963269,4
720575940884051238,720575940915578005,1
720575940884051238,720575940883201751,2
720575940884051238,720575940903415565,1
720575940884051238,720575940884147711,1
720575940884051238,720575940878345851,4
720575940884051238,720575940883908892,3
720575940884051238,720575940916236035,2
720575940884051238,720575940917407635,8
720575940884051238,720575940875843901,1
720575940897347842,720575940881936635,4
720575940897347842,720575940927109144,1
720575940897347842,720575940890108216,1
720575940897347842,720575940915256127,1
720575940897347842,720575940900963269,3
720575940897347842,720575940898432765,18
720575940897347842,720575940888731665,3
720575940897347842,720575940884939979,2
720575940897347842,720575940880850833,4
720575940897347842,720575940881974650,4
720575940897347842,720575940913491825,1
720575940897347842,720575940883900444,2
720575940897347842,720575940890939713,1
720575940897347842,720575940917407635,1
720575940847552365,720575940922949405,1
720575940847552365,720575940888793434,1
720575940847552365,720575940920044149,4
720575940847552365,720575940937221662,1
720575940847552365,720575940881936635,4
720575940847552365,720575940881936465,3
720575940847552365,720575940861447666,1
720575940847552365,720575940921525267,1
720575940847552365,720575940915256127,1
720575940847552365,720575940900963269,2
720575940847552365,720575940881055666,1
720575940847552365,720575940905042902,1
720575940847552365,720575940905043926,1
720575940847552365,720575940903415565,1
720575940847552365,720575940898432765,5
720575940847552365,720575940888731665,8
720575940847552365,720575940880850833,3
720575940847552365,720575940915676096,1
720575940847552365,720575940881974650,6
720575940847552365,720575940890018996,2
720575940847552365,720575940913491825,5
720575940847552365,720575940890939713,1
720575940847552365,720575940897365506,2
720575940847552365,720575940917407635,2
720575940908359172,720575940922949405,1
720575940908359172,720575940917429907,1
720575940908359172,720575940920044149,3
720575940908359172,720575940881936635,5
720575940908359172,720575940881935355,1
720575940908359172,720575940890245126,1
720575940908359172,720575940881936465,1
720575940908359172,720575940878326395,1
720575940908359172,720575940915256127,4
720575940908359172,720575940900963269,1
720575940908359172,720575940920037245,1
720575940908359172,720575940883201751,3
720575940908359172,720575940884057772,1
720575940908359172,720575940908782425,2
720575940908359172,720575940898432765,1
720575940908359172,720575940888731665,7
720575940908359172,720575940884939979,2
720575940908359172,720575940915676096,1
720575940908359172,720575940890018996,1
720575940908359172,720575940890939713,3
720575940908359172,720575940916236035,1
720575940908359172,720575940875843901,1
720575940922765354,720575940917429907,5
720575940922765354,720575940920044149,4
720575940922765354,720575940881936635,7
720575940922765354,720575940893395733,1
720575940922765354,720575940869443690,1
720575940922765354,720575940915253823,3
720575940922765354,720575940939715909,1
720575940922765354,720575940886540578,2
720575940922765354,720575940922957341,1
720575940922765354,720575940915256127,2
720575940922765354,720575940900963269,2
720575940922765354,720575940899433261,1
720575940922765354,720575940883201751,1
720575940922765354,720575940888793178,1
720575940922765354,720575940905042902,1
720575940922765354,720575940908782425,1
720575940922765354,720575940946223236,1
720575940922765354,720575940915676096,2
720575940922765354,720575940905050934,4
720575940922765354,720575940884147711,2
720575940922765354,720575940878345851,3
720575940922765354,720575940878346107,4
720575940922765354,720575940899861391,4
720575940922765354,720575940916236035,7
720575940922765354,720575940917407635,6
720575940919045143,720575940941106028,1
720575940919045143,720575940899282056,2
720575940919045143,720575940917429907,10
720575940919045143,720575940881936635,6
720575940919045143,720575940877501751,1
720575940919045143,720575940896736698,7
720575940919045143,720575940881935355,1
720575940919045143,720575940878956340,2
720575940919045143,720575940881936465,3
720575940919045143,720575940878326395,1
720575940919045143,720575940915256127,4
720575940919045143,720575940903414541,1
720575940919045143,720575940877555511,1
720575940919045143,720575940946223236,1
720575940919045143,720575940894664404,1
720575940919045143,720575940903415565,1
720575940919045143,720575940898432765,2
720575940919045143,720575940888731665,1
720575940919045143,720575940884939979,2
720575940919045143,720575940915676096,2
720575940919045143,720575940881974650,2
720575940919045143,720575940890018996,2
720575940919045143,720575940878345851,2
720575940919045143,720575940883908892,1
720575940919045143,720575940878346107,1
720575940919045143,720575940924205701,1
720575940919045143,720575940899861391,1
720575940887090394,720575940941106028,1
720575940887090394,720575940922949405,1
720575940887090394,720575940899282056,1
720575940887090394,720575940917429907,7
720575940887090394,720575940920044149,1
720575940887090394,720575940896736698,6
720575940887090394,720575940881935355,1
720575940887090394,720575940890108216,1
720575940887090394,720575940915256127,2
720575940887090394,720575940900963269,1
720575940887090394,720575940890962241,4
720575940887090394,720575940883201751,4
720575940887090394,720575940928343548,1
720575940887090394,720575940908782425,1
720575940887090394,720575940903415565,3
720575940887090394,720575940875854397,2
720575940887090394,720575940916236035,2
720575940941563158,720575940917429907,2
720575940941563158,720575940881936635,11
720575940941563158,720575940890245126,2
720575940941563158,720575940881936465,2
720575940941563158,720575940915256127,1
720575940941563158,720575940865160474,3
720575940941563158,720575940898432765,1
720575940941563158,720575940888731665,1
720575940941563158,720575940884939979,1
720575940941563158,720575940881974650,6
720575940941563158,720575940913491825,1
720575940941563158,720575940902518994,1
720575940941563158,720575940924431938,1
720575940941563158,720575940878345851,2
720575940941563158,720575940878346107,1
720575940884977867,720575940941106028,12
720575940884977867,720575940922949405,1
720575940884977867,720575940899282056,5
720575940884977867,720575940917429907,1
720575940884977867,720575940881607875,1
720575940884977867,720575940881936465,3
720575940884977867,720575940902634194,1
720575940884977867,720575940894647859,1
720575940884977867,720575940891185846,1
720575940884977867,720575940919632133,1
720575940884977867,720575940877555511,1
720575940884977867,720575940884939979,1
720575940884977867,720575940915676096,3
720575940884977867,720575940888802138,1
720575940884977867,720575940924205445,2
720575940882082080,720575940917429907,7
720575940882082080,720575940920044149,6
720575940882082080,720575940937221662,3
720575940882082080,720575940881936635,4
720575940882082080,720575940896736698,1
720575940882082080,720575940923272236,1
720575940882082080,720575940897454998,2
720575940882082080,720575940878326395,1
720575940882082080,720575940900963269,1
720575940882082080,720575940883201751,1
720575940882082080,720575940882117920,1
720575940882082080,720575940888799761,1
720575940882082080,720575940888793178,1
720575940882082080,720575940905042902,2
720575940882082080,720575940908782425,1
720575940882082080,720575940875854397,1
720575940882082080,720575940888731665,4
720575940882082080,720575940890018996,2
720575940882082080,720575940881624259,1
720575940882082080,720575940878345851,1
720575940882082080,720575940883908892,1
720575940882082080,720575940916236035,1
720575940882082080,720575940875843901,1
720575940884031660,720575940941106028,8
720575940884031660,720575940922949405,2
720575940884031660,720575940917429907,2
720575940884031660,720575940888793434,5
720575940884031660,720575940920044149,6
720575940884031660,720575940937221662,10
720575940884031660,720575940881936635,1
720575940884031660,720575940896736698,1
720575940884031660,720575940878956340,1
720575940884031660,720575940912929024,3
720575940884031660,720575940885432678,1
720575940884031660,720575940881936465,6
720575940884031660,720575940915253823,1
720575940884031660,720575940915256127,2
720575940884031660,720575940900963269,5
720575940884031660,720575940894647859,1
720575940884031660,720575940928343548,1
720575940884031660,720575940877555511,2
720575940884031660,720575940917852811,2
720575940884031660,720575940888793178,1
720575940884031660,720575940905042902,2
720575940884031660,720575940905043670,3
720575940884031660,720575940881844049,3
720575940884031660,720575940898432765,7
720575940884031660,720575940888731665,7
720575940884031660,720575940880850833,4
720575940884031660,720575940895281326,1
720575940884031660,720575940881974650,2
720575940884031660,720575940899861391,1
720575940884032172,720575940941106028,5
720575940884032172,720575940917429907,2
720575940884032172,720575940888793434,1
720575940884032172,720575940920044149,2
720575940884032172,720575940937221662,8
720575940884032172,720575940896736698,5
720575940884032172,720575940927109144,1
720575940884032172,720575940869443690,2
720575940884032172,720575940912929024,1
720575940884032172,720575940881936465,1
720575940884032172,720575940939715909,1
720575940884032172,720575940915256127,4
720575940884032172,720575940900963269,1
720575940884032172,720575940883201751,1
720575940884032172,720575940908782425,1
720575940884032172,720575940903415565,1
720575940884032172,720575940898432765,5
720575940884032172,720575940895281326,7
720575940884032172,720575940905050934,1
720575940884032172,720575940897365506,1
720575940884032172,720575940899861391,3
720575940884032172,720575940917407635,3
720575940924156549,720575940922949405,4
720575940924156549,720575940917429907,2
720575940924156549,720575940888793434,3
720575940924156549,720575940920044149,3
720575940924156549,720575940896736698,1
720575940924156549,720575940881935355,1
720575940924156549,720575940900963269,1
720575940924156549,720575940883201751,1
720575940924156549,720575940884057772,1
720575940924156549,720575940908782425,1
720575940924156549,720575940888731665,1
720575940924156549,720575940925834822,1
720575940924156549,720575940875843901,1
720575940893949822,720575940920044149,4
720575940893949822,720575940937221662,1
720575940893949822,720575940896872522,1
720575940893949822,720575940881844049,4
720575940893949822,720575940898432765,1
720575940893949822,720575940884939979,7
720575940893949822,720575940894563284,4
720575940893949822,720575940909802419,1
720575940893949822,720575940940386475,2
720575940924436802,720575940941106028,1
720575940924436802,720575940922949405,12
720575940924436802,720575940899282056,4
720575940924436802,720575940917429907,26
720575940924436802,720575940889249143,1
720575940924436802,720575940881607875,2
720575940924436802,720575940918750769,2
720575940924436802,720575940885432678,1
720575940924436802,720575940890107704,1
720575940924436802,720575940881936465,3
720575940924436802,720575940915253823,1
720575940924436802,720575940878326395,1
720575940924436802,720575940915256127,5
720575940924436802,720575940900963269,12
720575940924436802,720575940894647859,23
720575940924436802,720575940865467295,1
720575940924436802,720575940899433261,1
720575940924436802,720575940883201751,1
720575940924436802,720575940882117920,1
720575940924436802,720575940908782425,1
720575940924436802,720575940894664404,1
720575940924436802,720575940903415565,2
720575940924436802,720575940879773686,1
720575940924436802,720575940884939979,1
720575940924436802,720575940915676096,6
720575940924436802,720575940884147711,2
720575940924436802,720575940878345851,12
720575940924436802,720575940924205445,2
720575940924436802,720575940883908892,5
720575940924436802,720575940899861391,1
720575940924436802,720575940916236035,1
720575940924436802,720575940875843901,4
720575940902680734,720575940941106028,1
720575940902680734,720575940899282056,1
720575940902680734,720575940917429907,1
720575940902680734,720575940937221662,1
720575940902680734,720575940881936635,5
720575940902680734,720575940896736698,6
720575940902680734,720575940927109144,3
720575940902680734,720575940903370509,1
720575940902680734,720575940890245126,1
720575940902680734,720575940891181902,1
720575940902680734,720575940885432678,1
720575940902680734,720575940881936465,1
720575940902680734,720575940915253823,1
720575940902680734,720575940915256127,4
720575940902680734,720575940920037245,1
720575940902680734,720575940892205566,1
720575940902680734,720575940884939979,1
720575940902680734,720575940890018996,1
720575940902680734,720575940883908892,2
720575940902680734,720575940878346107,2
720575940902680734,720575940916236035,8
720575940912591238,720575940941106028,1
720575940912591238,720575940917429907,1
720575940912591238,720575940888793434,4
720575940912591238,720575940920044149,1
720575940912591238,720575940937221662,1
720575940912591238,720575940881936635,4
720575940912591238,720575940889249143,2
720575940912591238,720575940908386564,1
720575940912591238,720575940916016480,1
720575940912591238,720575940896736698,1
720575940912591238,720575940915256127,2
720575940912591238,720575940918815793,1
720575940912591238,720575940920456848,1
720575940912591238,720575940937857965,1
720575940912591238,720575940917852811,1
720575940912591238,720575940888793178,2
720575940912591238,720575940905042902,2
720575940912591238,720575940905043670,1
720575940912591238,720575940908782425,3
720575940912591238,720575940903415565,3
720575940912591238,720575940865160474,1
720575940912591238,720575940898432765,1
720575940912591238,720575940884939979,3
720575940912591238,720575940880850833,1
720575940912591238,720575940913491825,1
720575940912591238,720575940884147711,1
720575940912591238,720575940878345851,6
720575940912591238,720575940899861391,3
720575940912591238,720575940917407635,4
720575940912591238,720575940875843901,1
720575940964330406,720575940890108216,1
720575940964330406,720575940891518756,2
720575940964330406,720575940927244512,1
720575940964330406,720575940865160474,2
720575940964330406,720575940902401208,1
720575940964330406,720575940896702138,6
720575940964330406,720575940898432765,1
720575940964330406,720575940884939979,3
720575940964330406,720575940880850833,1
720575940964330406,720575940915676096,2
720575940964330406,720575940881974650,2
720575940964330406,720575940890018996,1
720575940918288693,720575940922949405,2
720575940918288693,720575940917429907,6
720575940918288693,720575940937221662,4
720575940918288693,720575940894647347,1
720575940918288693,720575940895353262,3
720575940918288693,720575940896736698,2
720575940918288693,720575940897460886,1
720575940918288693,720575940881935355,1
720575940918288693,720575940891194446,1
720575940918288693,720575940861450226,1
720575940918288693,720575940912929024,1
720575940918288693,720575940923272236,9
720575940918288693,720575940915256127,2
720575940918288693,720575940903414541,1
720575940918288693,720575940881055666,1
720575940918288693,720575940875854397,1
720575940918288693,720575940884925028,1
720575940918288693,720575940865160474,1
720575940918288693,720575940898432765,1
720575940918288693,720575940888731665,29
720575940918288693,720575940884939979,3
720575940918288693,720575940915676096,1
720575940918288693,720575940905050934,1
720575940918288693,720575940902518994,2
720575940918288693,720575940914014910,1
720575940918288693,720575940890939713,1
720575940918288693,720575940878345595,1
720575940901971694,720575940888793434,3
720575940901971694,720575940884939979,2
720575940901971694,720575940894563284,4
720575940901971694,720575940899779727,3
720575940892182782,720575940888793434,1
720575940892182782,720575940920044149,1
720575940892182782,720575940881936635,1
720575940892182782,720575940889249143,1
720575940892182782,720575940923272236,1
720575940892182782,720575940865160474,2
720575940892182782,720575940898432765,2
720575940892182782,720575940884939979,10
720575940905365705,720575940941106028,4
720575940905365705,720575940922949405,4
720575940905365705,720575940899282056,5
720575940905365705,720575940917429907,1
720575940905365705,720575940888793434,5
720575940905365705,720575940937221662,2
720575940905365705,720575940914883824,1
720575940905365705,720575940881607875,2
720575940905365705,720575940909769176,1
720575940905365705,720575940918750769,4
720575940905365705,720575940895353262,3
720575940905365705,720575940893395733,1
720575940905365705,720575940897460886,6
720575940905365705,720575940881935355,1
720575940905365705,720575940900956101,1
720575940905365705,720575940930905464,1
720575940905365705,720575940891181902,1
720575940905365705,720575940928343548,1
720575940905365705,720575940877555511,2
720575940905365705,720575940917852811,1
720575940905365705,720575940905042902,2
720575940905365705,720575940905043670,3
720575940905365705,720575940905043926,2
720575940905365705,720575940903188925,1
720575940905365705,720575940905050934,1
720575940905365705,720575940878345595,1
720575940862564127,720575940941106028,5
720575940862564127,720575940899282056,9
720575940862564127,720575940917429907,1
720575940862564127,720575940920044149,1
720575940862564127,720575940937221662,11
720575940862564127,720575940881607875,2
720575940862564127,720575940899281090,2
720575940862564127,720575940881936465,4
720575940862564127,720575940878326395,3
720575940862564127,720575940900963269,1
720575940862564127,720575940883201751,1
720575940862564127,720575940877555511,2
720575940862564127,720575940917852811,1
720575940862564127,720575940905042902,2
720575940862564127,720575940908782425,2
720575940862564127,720575940903415565,1
720575940862564127,720575940881844049,13
720575940862564127,720575940902401208,1
720575940862564127,720575940898432765,6
720575940862564127,720575940888731665,6
720575940862564127,720575940884939979,1
720575940862564127,720575940880850833,12
720575940862564127,720575940895281326,9
720575940862564127,720575940887194266,1
720575940862564127,720575940905050934,2
720575940862564127,720575940930825549,1
720575940888059760,720575940888793434,7
720575940888059760,720575940937221662,4
720575940888059760,720575940881935355,1
720575940888059760,720575940885432678,1
720575940888059760,720575940884015788,3
720575940888059760,720575940890939713,6
720575940916233731,720575940922949405,1
720575940916233731,720575940899282056,1
720575940916233731,720575940915676096,2
720575940916233731,720575940913491825,1
720575940893344533,720575940899779727,6
720575940893344533,720575940897365506,1
720575940925744198,720575940920044149,1
720575940925744198,720575940894563284,8
720575940881918801,720575940922949405,14
720575940881918801,720575940899282056,6
720575940881918801,720575940917429907,14
720575940881918801,720575940894178664,1
720575940881918801,720575940895353262,2
720575940881918801,720575940916016480,1
720575940881918801,720575940896736698,8
720575940881918801,720575940881935355,6
720575940881918801,720575940908781145,2
720575940881918801,720575940890107704,1
720575940881918801,720575940897454998,2
720575940881918801,720575940922957341,1
720575940881918801,720575940915256127,5
720575940881918801,720575940903414541,1
720575940881918801,720575940900963269,2
720575940881918801,720575940881055666,1
720575940881918801,720575940905042902,1
720575940881918801,720575940905043926,1
720575940881918801,720575940908782425,1
720575940881918801,720575940875854397,2
720575940881918801,720575940910295881,1
720575940881918801,720575940884925028,2
720575940881918801,720575940865160474,1
720575940881918801,720575940881844049,3
720575940881918801,720575940898432765,8
720575940881918801,720575940888731665,13
720575940881918801,720575940895281326,2
720575940881918801,720575940881974650,4
720575940881918801,720575940902518994,1
720575940910952353,720575940922949405,1
720575940910952353,720575940917429907,6
720575940910952353,720575940909393947,4
720575940910952353,720575940896736698,5
720575940910952353,720575940900033476,1
720575940910952353,720575940884057772,1
720575940910952353,720575940878345851,1
720575940910952353,720575940917407635,1
720575940880896913,720575940941106028,5
720575940880896913,720575940899282056,2
720575940880896913,720575940937221662,3
720575940880896913,720575940881936465,1
720575940880896913,720575940877555511,2
720575940880896913,720575940917852811,2
720575940880896913,720575940888731665,4
720575940880896913,720575940880850833,1
720575940880896913,720575940905050934,1
720575940874972385,720575940899282056,4
720575940874972385,720575940937221662,3
720575940874972385,720575940902634194,1
720575940874972385,720575940915253823,1
720575940874972385,720575940878326395,1
720575940874972385,720575940883201751,2
720575940874972385,720575940903415565,2
720575940874972385,720575940888731665,6
720575940874972385,720575940915676096,3
720575940874972385,720575940895281326,3
720575940874972385,720575940881974650,2
720575940874972385,720575940890939713,1
720575940882520101,720575940922949405,2
720575940882520101,720575940917429907,2
720575940882520101,720575940937221662,4
720575940882520101,720575940897460886,1
720575940882520101,720575940923272236,1
720575940882520101,720575940877555511,1
720575940882520101,720575940865160474,6
720575940882520101,720575940888731665,8
720575940882520101,720575940884939979,3
720575940882520101,720575940880850833,1
720575940882520101,720575940915676096,2
720575940882520101,720575940895281326,3
720575940882520101,720575940905050934,1
720575940927263052,720575940888731665,1
720575940927263052,720575940884939979,8
720575940927263052,720575940909802419,1
720575940929691425,720575940915676096,1
720575940929691425,720575940898821041,1
720575940868757741,720575940889249143,1
720575940868757741,720575940894563284,9
720575940868757741,720575940898677394,1
720575940909392923,720575940881844049,11
720575940909392923,720575940902401208,1
720575940909392923,720575940898432765,1
720575940935668092,720575940920044149,1
720575940935668092,720575940937221662,1
720575940935668092,720575940883201751,2
720575940935668092,720575940881844049,2
720575940935668092,720575940898432765,3
720575940935668092,720575940884939979,2
720575940935668092,720575940915676096,2
720575940935668092,720575940881974650,1
720575940879810013,720575940861447666,2
720575940879810013,720575940886540578,1
720575940879810013,720575940905041878,1
720575940879810013,720575940927244512,2
720575940879810013,720575940891184310,1
720575940879810013,720575940878957108,1
720575940879810013,720575940905121334,1
720575940879810013,720575940897365506,1
720575940889794145,720575940890134196,1
720575940889794145,720575940903370509,2
720575940889794145,720575940869443690,1
720575940889794145,720575940900956101,1
720575940889794145,720575940902703006,1
720575940889794145,720575940906113851,1
720575940889794145,720575940918316341,1
720575940889794145,720575940896732090,2
720575940889794145,720575940890107704,1
720575940889794145,720575940897454998,1
720575940889794145,720575940922957341,1
720575940889794145,720575940878326395,1
720575940889794145,720575940915256127,1
720575940889794145,720575940903414541,1
720575940889794145,720575940894647859,11
720575940889794145,720575940920881320,1
720575940889794145,720575940878957108,1
720575940889794145,720575940919632133,2
720575940889794145,720575940892205566,6
720575940889794145,720575940890962241,1
720575940889794145,720575940883201751,1
720575940889794145,720575940882117920,2
720575940889794145,720575940881055666,4
720575940889794145,720575940905043926,1
720575940889794145,720575940884057772,1
720575940889794145,720575940908782425,1
720575940889794145,720575940903188925,4
720575940889794145,720575940946223236,4
720575940889794145,720575940894664404,1
720575940889794145,720575940903415565,4
720575940889794145,720575940875854397,1
720575940889794145,720575940884925028,1
720575940889794145,720575940878345851,1
720575940889794145,720575940924205701,1
720575940889794145,720575940899861391,1
720575940889794145,720575940917407635,1
720575940889794145,720575940875843901,1
720575940893873415,720575940869443690,1
720575940893873415,720575940878956340,1
720575940893873415,720575940940380075,2
720575940893873415,720575940908781145,1
720575940893873415,720575940941124460,1
720575940893873415,720575940881936465,1
720575940893873415,720575940915253823,4
720575940893873415,720575940922957341,1
720575940893873415,720575940878326395,3
720575940893873415,720575940893156522,1
720575940893873415,720575940919632133,1
720575940893873415,720575940892205566,1
720575940893873415,720575940937857965,2
720575940893873415,720575940903188925,4
720575940893873415,720575940946223236,2
720575940893873415,720575940894664404,14
720575940893873415,720575940903415565,4
720575940893873415,720575940875854397,1
720575940893873415,720575940888829455,1
720575940893873415,720575940894196379,2
720575940893873415,720575940869469403,5
720575940893873415,720575940905121334,1
720575940893873415,720575940884147711,1
720575940893873415,720575940924205701,1
720575940893873415,720575940920467088,5
720575940893873415,720575940899861391,9
720575940893873415,720575940916236035,4
720575940893873415,720575940917407635,11
720575940893873415,720575940875843901,3
720575940881926778,720575940903370509,4
720575940881926778,720575940869443690,2
720575940881926778,720575940883197911,1
720575940881926778,720575940912929024,1
720575940881926778,720575940878312571,7
720575940881926778,720575940896732090,2
720575940881926778,720575940880839442,1
720575940881926778,720575940885432678,2
720575940881926778,720575940882160356,1
720575940881926778,720575940890108216,7
720575940881926778,720575940881936465,5
720575940881926778,720575940877146203,1
720575940881926778,720575940902634194,3
720575940881926778,720575940915253823,1
720575940881926778,720575940939715909,4
720575940881926778,720575940894662868,1
720575940881926778,720575940922957341,2
720575940881926778,720575940915256127,1
720575940881926778,720575940903414541,4
720575940881926778,720575940900963269,1
720575940881926778,720575940894647859,3
720575940881926778,720575940893156522,1
720575940881926778,720575940892205566,1
720575940881926778,720575940928343548,1
720575940881926778,720575940877555511,2
720575940881926778,720575940917852811,2
720575940881926778,720575940869469403,1
720575940881926778,720575940878345851,2
720575940881926778,720575940924205445,2
720575940881926778,720575940903762467,3
720575940881926778,720575940911485033,3
720575940881926778,720575940897365506,1
720575940881926778,720575940899861391,4
720575940881926778,720575940916236035,2
720575940881926778,720575940917407635,6
720575940906283251,720575940924182661,2
720575940906283251,720575940896732090,12
720575940906283251,720575940890107704,1
720575940906283251,720575940878326395,2
720575940906283251,720575940915256127,1
720575940906283251,720575940894647859,5
720575940906283251,720575940878957108,1
720575940906283251,720575940892205566,1
720575940906283251,720575940882117920,2
720575940906283251,720575940884057772,5
720575940906283251,720575940884925028,2
720575940906283251,720575940869469403,4
720575940906283251,720575940878345851,2
720575940906283251,720575940924205701,1
720575940906283251,720575940875843901,5
720575940932756628,720575940890134196,5
720575940932756628,720575940890245126,3
720575940932756628,720575940886540578,4
720575940932756628,720575940888793178,1
720575940932756628,720575940881055666,1
720575940932756628,720575940924205701,10
720575940932756628,720575940884147967,3
720575940932756628,720575940883495774,1
720575940890743247,720575940890134196,1
720575940890743247,720575940869443690,1
720575940890743247,720575940924182661,1
720575940890743247,720575940878956340,2
720575940890743247,720575940890245126,4
720575940890743247,720575940880839442,1
720575940890743247,720575940890107704,2
720575940890743247,720575940915253823,3
720575940890743247,720575940915256127,2
720575940890743247,720575940903414541,3
720575940890743247,720575940894647859,3
720575940890743247,720575940920881320,1
720575940890743247,720575940892205566,1
720575940890743247,720575940890962241,3
720575940890743247,720575940883201751,2
720575940890743247,720575940884057772,1
720575940890743247,720575940908782425,4
720575940890743247,720575940903188925,3
720575940890743247,720575940946223236,2
720575940890743247,720575940903415565,3
720575940890743247,720575940875854397,2
720575940890743247,720575940884925028,2
720575940890743247,720575940903762211,1
720575940890743247,720575940920467088,2
720575940890743247,720575940899861391,3
720575940890743247,720575940917407635,1
720575940890743247,720575940875843901,7
720575940905014486,720575940890134196,7
720575940905014486,720575940888793434,3
720575940905014486,720575940878312571,1
720575940905014486,720575940923272236,2
720575940905014486,720575940881936465,3
720575940905014486,720575940861447666,1
720575940905014486,720575940921525267,1
720575940905014486,720575940886540578,5
720575940905014486,720575940922957341,1
720575940905014486,720575940894647859,19
720575940905014486,720575940920456848,5
720575940905014486,720575940902629074,3
720575940905014486,720575940905042902,1
720575940905014486,720575940910295881,1
720575940905014486,720575940888829455,1
720575940905014486,720575940883908892,3
720575940905014486,720575940924205701,2
720575940905014486,720575940920467088,7
720575940905014486,720575940884147967,17
720575940905014486,720575940897365506,4
720575940905014486,720575940899861391,1
720575940905014486,720575940916236035,1
720575940905014486,720575940917407635,1
720575940905014742,720575940890134196,6
720575940905014742,720575940869443690,7
720575940905014742,720575940902703006,1
720575940905014742,720575940861450226,1
720575940905014742,720575940930905464,3
720575940905014742,720575940881620931,1
720575940905014742,720575940923272236,8
720575940905014742,720575940881936465,1
720575940905014742,720575940891518756,1
720575940905014742,720575940886540578,4
720575940905014742,720575940915256127,1
720575940905014742,720575940894647859,10
720575940905014742,720575940880005762,1
720575940905014742,720575940917531755,1
720575940905014742,720575940902629074,6
720575940905014742,720575940888829455,1
720575940905014742,720575940869469403,1
720575940905014742,720575940925834822,1
720575940905014742,720575940883908892,1
720575940905014742,720575940878346107,5
720575940905014742,720575940924205701,4
720575940905014742,720575940884147967,19
720575940905014742,720575940897365506,7
720575940905014742,720575940875843901,1
720575940898835143,720575940890134196,1
720575940898835143,720575940897365506,1
720575940898835143,720575940883495774,7
720575940917637910,720575940861447666,2
720575940917637910,720575940891184310,1
720575940917637910,720575940888799761,2
720575940917637910,720575940899861391,1
720575940881272414,720575940927244512,1
720575940940902015,720575940888793434,2
720575940940902015,720575940882160356,4
720575940940902015,720575940881936465,6
720575940940902015,720575940861447666,1
720575940940902015,720575940902634194,1
720575940940902015,720575940939715909,1
720575940940902015,720575940886540578,1
720575940940902015,720575940880837650,1
720575940940902015,720575940927244512,2
720575940940902015,720575940928343548,1
720575940940902015,720575940869469403,1
720575940940902015,720575940905121334,1
720575940940902015,720575940924205445,8
720575940940902015,720575940903762467,21
720575940940902015,720575940911485033,22
720575940940902015,720575940897365506,7
720575940940902015,720575940899861391,1
720575940871491897,720575940890134196,2
720575940871491897,720575940888793434,1
720575940871491897,720575940869443690,2
720575940871491897,720575940891183798,3
720575940871491897,720575940891194446,1
720575940871491897,720575940906113851,1
720575940871491897,720575940940380075,1
720575940871491897,720575940908781145,1
720575940871491897,720575940891181902,2
720575940871491897,720575940878312571,6
720575940871491897,720575940880839442,1
720575940871491897,720575940885432678,3
720575940871491897,720575940890107704,3
720575940871491897,720575940923272236,4
720575940871491897,720575940890108216,1
720575940871491897,720575940881936465,4
720575940871491897,720575940861447666,1
720575940871491897,720575940902634194,1
720575940871491897,720575940915253823,3
720575940871491897,720575940886540578,4
720575940871491897,720575940922957341,2
720575940871491897,720575940889924328,1
720575940871491897,720575940878326395,1
720575940871491897,720575940915256127,3
720575940871491897,720575940894647859,8
720575940871491897,720575940918815793,1
720575940871491897,720575940927244512,1
720575940871491897,720575940919632133,1
720575940871491897,720575940890962241,1
720575940871491897,720575940937857965,1
720575940871491897,720575940917852811,1
720575940871491897,720575940888799761,1
720575940871491897,720575940905042902,2
720575940871491897,720575940905043926,1
720575940871491897,720575940903188925,1
720575940871491897,720575940946223236,1
720575940871491897,720575940894664404,1
720575940871491897,720575940903415565,1
720575940871491897,720575940903762467,16
720575940871491897,720575940920467088,8
720575940871491897,720575940884147967,5
720575940871491897,720575940897365506,1
720575940871491897,720575940899861391,7
720575940871491897,720575940917407635,1
720575940871491897,720575940875843901,2
720575940892205986,720575940890134196,9
720575940892205986,720575940888793434,5
720575940892205986,720575940937221662,1
720575940892205986,720575940927109144,5
720575940892205986,720575940893395733,1
720575940892205986,720575940881935355,1
720575940892205986,720575940869443690,11
720575940892205986,720575940891183798,4
720575940892205986,720575940878956340,2
720575940892205986,720575940906113851,1
720575940892205986,720575940881620931,2
720575940892205986,720575940878312571,7
720575940892205986,720575940907584340,1
720575940892205986,720575940890107704,1
720575940892205986,720575940923272236,2
720575940892205986,720575940881936465,5
720575940892205986,720575940861447666,2
720575940892205986,720575940921525267,1
720575940892205986,720575940902634194,1
720575940892205986,720575940882672796,3
720575940892205986,720575940915253823,2
720575940892205986,720575940891518756,1
720575940892205986,720575940939715909,5
720575940892205986,720575940886540578,10
720575940892205986,720575940922957341,1
720575940892205986,720575940878326395,1
720575940892205986,720575940915256127,6
720575940892205986,720575940900963269,2
720575940892205986,720575940894647859,13
720575940892205986,720575940920456848,1
720575940892205986,720575940928343548,1
720575940892205986,720575940937857965,2
720575940892205986,720575940877555511,1
720575940892205986,720575940917852811,2
720575940892205986,720575940902629074,3
720575940892205986,720575940888799761,7
720575940892205986,720575940888793178,1
720575940892205986,720575940881055666,2
720575940892205986,720575940905042902,1
720575940892205986,720575940905043670,1
720575940892205986,720575940905043926,1
720575940892205986,720575940910295881,1
720575940892205986,720575940883908636,1
720575940892205986,720575940878345851,5
720575940892205986,720575940883908892,2
720575940892205986,720575940924205701,1
720575940892205986,720575940920467088,18
720575940892205986,720575940884147967,6
720575940892205986,720575940897365506,1
720575940892205986,720575940899861391,9
720575940892205986,720575940916236035,4
720575940892205986,720575940917407635,1
720575940897114128,720575940890134196,8
720575940897114128,720575940888793434,1
720575940897114128,720575940920044149,1
720575940897114128,720575940881936635,3
720575940897114128,720575940897460886,1
720575940897114128,720575940881935355,2
720575940897114128,720575940869443690,3
720575940897114128,720575940891194446,1
720575940897114128,720575940861450226,2
720575940897114128,720575940906113851,1
720575940897114128,720575940881620931,1
720575940897114128,720575940878312571,1
720575940897114128,720575940880839442,1
720575940897114128,720575940890107704,1
720575940897114128,720575940881936465,4
720575940897114128,720575940902634194,1
720575940897114128,720575940882672796,1
720575940897114128,720575940915253823,2
720575940897114128,720575940939715909,2
720575940897114128,720575940886540578,11
720575940897114128,720575940922957341,5
720575940897114128,720575940878326395,1
720575940897114128,720575940915256127,3
720575940897114128,720575940900963269,1
720575940897114128,720575940894647859,7
720575940897114128,720575940927244256,1
720575940897114128,720575940891184310,1
720575940897114128,720575940917531755,1
720575940897114128,720575940920456848,5
720575940897114128,720575940917852811,3
720575940897114128,720575940902629074,2
720575940897114128,720575940888799761,1
720575940897114128,720575940905042902,1
720575940897114128,720575940905043926,1
720575940897114128,720575940894664404,2
720575940897114128,720575940903415565,1
720575940897114128,720575940910295881,1
720575940897114128,720575940915676096,3
720575940897114128,720575940963340820,1
720575940897114128,720575940884147711,1
720575940897114128,720575940883908892,9
720575940897114128,720575940903762467,3
720575940897114128,720575940920467088,6
720575940897114128,720575940897365506,1
720575940897114128,720575940899861391,6
720575940897114128,720575940916236035,3
720575940897114128,720575940917407635,1
720575940884949941,720575940903762467,4
720575940884949941,720575940897365506,5
720575940869534222,720575940902634194,1
720575940869534222,720575940869469147,1
720575940869534222,720575940897365506,1
720575940869534222,720575940899861391,4
720575940869534222,720575940883495774,16
720575940905375945,720575940891194446,2
720575940905375945,720575940921525267,1
720575940905375945,720575940891518756,1
720575940905375945,720575940897365506,3
720575940905375945,720575940883495774,4
720575940904258003,720575940890134196,3
720575940904258003,720575940924205701,2
720575940904258003,720575940897365506,2
720575940861407986,720575940890134196,1
720575940861407986,720575940886853257,2
720575940861407986,720575940880839442,6
720575940861407986,720575940921525267,1
720575940861407986,720575940927244512,1
720575940861407986,720575940909797811,1
720575940861407986,720575940880005762,1
720575940861407986,720575940892205566,1
720575940861407986,720575940884147967,3
720575940861407986,720575940897365506,3
720575940861407986,720575940917407635,5
720575940861407986,720575940894200168,1
720575940861407986,720575940883495774,4
720575940881869307,720575940963340820,1
720575940881869307,720575940905050934,2
720575940881869307,720575940917098044,1
720575940872856946,720575940889249143,2
720575940872856946,720575940925790278,5
720575940872856946,720575940882103072,10
720575940872856946,720575940883198167,16
720575940872856946,720575940883908892,1
720575940900244450,720575940937221662,1
720575940900244450,720575940889249143,1
720575940900244450,720575940905050934,1
720575940900244450,720575940890939713,1
720575940900244450,720575940924431938,1
720575940900244450,720575940894664201,1
720575940900244450,720575940883198167,3
720575940851372659,720575940889249143,1
720575940851372659,720575940881974650,1
720575940851372659,720575940890018996,3
720575940851372659,720575940905050934,1
720575940851372659,720575940890939713,1
720575940851372659,720575940882103072,5
720575940851372659,720575940883198167,1
720575940941106028,720575940922949405,1
720575940941106028,720575940899282056,1
720575940941106028,720575940922709290,1
720575940941106028,720575940878916148,1
720575940941106028,720575940912929024,1
720575940941106028,720575940889238903,1
720575940941106028,720575940880875929,1
720575940941106028,720575940899281090,1
720575940941106028,720575940882160356,1
720575940941106028,720575940890108216,5
720575940941106028,720575940881936465,5
720575940941106028,720575940877146203,1
720575940941106028,720575940902634194,1
720575940941106028,720575940882672796,1
720575940941106028,720575940897454998,1
720575940941106028,720575940939715909,8
720575940941106028,720575940886540578,5
720575940941106028,720575940922957341,4
720575940941106028,720575940889924328,2
720575940941106028,720575940881935185,5
720575940941106028,720575940900963269,1
720575940941106028,720575940919632133,2
720575940941106028,720575940920456848,2
720575940941106028,720575940928343548,5
720575940941106028,720575940937857965,2
720575940941106028,720575940877555511,11
720575940941106028,720575940917852811,18
720575940941106028,720575940881055666,1
720575940941106028,720575940905042902,14
720575940941106028,720575940894664404,2
720575940941106028,720575940902401208,1
720575940941106028,720575940898432765,2
720575940941106028,720575940895281326,1
720575940922949405,720575940885432678,1
720575940922949405,720575940890107704,2
720575940922949405,720575940881936465,1
720575940922949405,720575940886540578,1
720575940922949405,720575940883198679,1
720575940922949405,720575940915256127,4
720575940922949405,720575940903414541,5
720575940922949405,720575940896872522,2
720575940922949405,720575940878955572,1
720575940922949405,720575940891185846,1
720575940922949405,720575940892205566,2
720575940922949405,720575940883201751,2
720575940922949405,720575940882117920,1
720575940922949405,720575940888793178,1
720575940922949405,720575940881055666,5
720575940922949405,720575940905042902,2
720575940922949405,720575940905043926,1
720575940922949405,720575940908782425,3
720575940922949405,720575940946223236,1
720575940922949405,720575940903415565,14
720575940922949405,720575940875854397,11
720575940922949405,720575940884925028,1
720575940922949405,720575940896702138,1
720575940922949405,720575940888731665,3
720575940922949405,720575940884939979,1
720575940922949405,720575940915676096,1
720575940922949405,720575940895281326,1
720575940922949405,720575940881974650,1
720575940922949405,720575940913491825,1
720575940899282056,720575940922949405,9
720575940899282056,720575940917429907,1
720575940899282056,720575940891164342,1
720575940899282056,720575940881936465,4
720575940899282056,720575940897454998,4
720575940899282056,720575940915256127,2
720575940899282056,720575940900963269,2
720575940899282056,720575940878955572,1
720575940899282056,720575940883201751,5
720575940899282056,720575940905042902,1
720575940899282056,720575940946223236,7
720575940899282056,720575940903415565,4
720575940899282056,720575940875854397,5
720575940899282056,720575940898432765,1
720575940899282056,720575940888731665,1
720575940899282056,720575940881974650,1
720575940899282056,720575940878346107,1
720575940917429907,720575940922949405,3
720575940917429907,720575940899282056,1
720575940917429907,720575940897454998,3
720575940917429907,720575940886540578,1
720575940917429907,720575940894662868,3
720575940917429907,720575940878326395,1
720575940917429907,720575940903751971,1
720575940917429907,720575940915256127,2
720575940917429907,720575940903414541,1
720575940917429907,720575940900963269,1
720575940917429907,720575940890962241,2
720575940917429907,720575940883201751,13
720575940917429907,720575940881055666,11
720575940917429907,720575940908782425,3
720575940917429907,720575940903415565,13
720575940917429907,720575940875854397,1
720575940917429907,720575940896702138,1
720575940917429907,720575940884939979,2
720575940917429907,720575940881974650,1
720575940890134196,720575940883198679,2
720575940890134196,720575940894116163,1
720575940890134196,720575940927244256,1
720575940890134196,720575940927244768,2
720575940890134196,720575940892204542,3
720575940890134196,720575940899291016,5
720575940890134196,720575940927184920,2
720575940890134196,720575940880005762,4
720575940890134196,720575940940386475,1
720575940890134196,720575940886574602,2
720575940888793434,720575940893395733,1
720575940888793434,720575940903370509,1
720575940888793434,720575940881935355,2
720575940888793434,720575940869443690,1
720575940888793434,720575940891181902,1
720575940888793434,720575940916299357,2
720575940888793434,720575940920054001,3
720575940888793434,720575940890108216,3
720575940888793434,720575940902634194,4
720575940888793434,720575940913573871,1
720575940888793434,720575940897454998,1
720575940888793434,720575940891518756,2
720575940888793434,720575940939715909,4
720575940888793434,720575940886540578,15
720575940888793434,720575940883198679,1
720575940888793434,720575940903751971,1
720575940888793434,720575940915256127,2
720575940888793434,720575940881055666,1
720575940888793434,720575940884925028,2
720575940888793434,720575940865160474,1
720575940888793434,720575940913491825,1
720575940888793434,720575940920467088,1
720575940920044149,720575940917429907,2
720575940920044149,720575940937221662,2
720575940920044149,720575940889249143,1
720575940920044149,720575940904086480,5
720575940920044149,720575940881935355,1
720575940920044149,720575940900956101,2
720575940920044149,720575940902703006,1
720575940920044149,720575940883197911,1
720575940920044149,720575940912929024,1
720575940920044149,720575940940380075,8
720575940920044149,720575940908781145,1
720575940920044149,720575940890108216,1
720575940920044149,720575940881936465,1
720575940920044149,720575940891518756,1
720575940920044149,720575940939715909,3
720575940920044149,720575940886540578,2
720575940920044149,720575940900963269,4
720575940920044149,720575940890111288,1
720575940920044149,720575940884939979,2
720575940920044149,720575940894563284,3
720575940920044149,720575940913491825,1
720575940920044149,720575940883198167,1
720575940920044149,720575940927796016,1
720575940920044149,720575940878345851,1
720575940920044149,720575940883908892,3
720575940920044149,720575940917407635,1
720575940937221662,720575940883198679,1
720575940937221662,720575940915676096,1
720575940937221662,720575940909802419,1
720575940881936635,720575940882160356,1
720575940881936635,720575940939715909,3
720575940881936635,720575940886540578,1
720575940881936635,720575940878955572,1
720575940881936635,720575940915676096,3
720575940881936635,720575940884015788,1
720575940881936635,720575940894664201,1
720575940881936635,720575940882103072,2
720575940881936635,720575940883198167,2
720575940881936635,720575940883908892,1
720575940889249143,720575940939715909,1
720575940889249143,720575940875854397,1
720575940889249143,720575940890939713,1
720575940909393947,720575940922949405,6
720575940909393947,720575940899282056,4
720575940909393947,720575940917429907,1
720575940909393947,720575940920044149,1
720575940909393947,720575940877501751,1
720575940909393947,720575940903370509,1
720575940909393947,720575940916299357,1
720575940909393947,720575940883201751,2
720575940909393947,720575940882117920,7
720575940909393947,720575940884057772,3
720575940909393947,720575940908782425,5
720575940909393947,720575940875854397,3
720575940909393947,720575940898432765,1
720575940909393947,720575940888731665,1
720575940909393947,720575940905050934,2
720575940909393947,720575940890939713,2
720575940904086480,720575940917429907,2
720575940904086480,720575940920044149,1
720575940904086480,720575940881607875,2
720575940904086480,720575940922709290,1
720575940904086480,720575940878916148,3
720575940904086480,720575940894647347,1
720575940904086480,720575940909769176,1
720575940904086480,720575940918750769,1
720575940904086480,720575940891181902,1
720575940904086480,720575940890107704,1
720575940904086480,720575940890111288,1
720575940904086480,720575940891185846,3
720575940904086480,720575940928343548,4
720575940904086480,720575940937857965,31
720575940904086480,720575940877555511,3
720575940904086480,720575940917852811,7
720575940904086480,720575940902629074,1
720575940904086480,720575940888799761,10
720575940904086480,720575940881055666,5
720575940904086480,720575940905042902,2
720575940904086480,720575940905043670,16
720575940904086480,720575940905043926,6
720575940904086480,720575940903188925,8
720575940904086480,720575940894664404,27
720575940904086480,720575940888731665,1
720575940904086480,720575940887194266,3
720575940904086480,720575940913491825,2
720575940904086480,720575940885439590,1
720575940877501751,720575940899282056,3
720575940877501751,720575940894178664,1
720575940877501751,720575940895353262,1
720575940877501751,720575940915253823,1
720575940877501751,720575940878955828,1
720575940877501751,720575940890962241,1
720575940877501751,720575940908782425,3
720575940877501751,720575940946223236,3
720575940877501751,720575940903415565,5
720575940877501751,720575940875854397,10
720575940877501751,720575940898432765,1
720575940877501751,720575940888731665,2
720575940877501751,720575940879773686,1
720575940877501751,720575940880850833,1
720575940877501751,720575940881974650,1
720575940877501751,720575940905050934,1
720575940877501751,720575940913491825,1
720575940877501751,720575940890939713,1
720575940914883824,720575940941106028,1
720575940914883824,720575940917429907,2
720575940914883824,720575940881607875,1
720575940914883824,720575940922709290,2
720575940914883824,720575940894178664,1
720575940914883824,720575940918750769,4
720575940914883824,720575940916016480,2
720575940914883824,720575940896736698,1
720575940914883824,720575940897460886,3
720575940914883824,720575940881935355,1
720575940914883824,720575940869443690,1
720575940914883824,720575940880875929,1
720575940914883824,720575940901384751,1
720575940914883824,720575940886853257,1
720575940914883824,720575940923272236,1
720575940914883824,720575940915253823,2
720575940914883824,720575940891518756,1
720575940914883824,720575940939715909,1
720575940914883824,720575940886540578,3
720575940914883824,720575940900033476,1
720575940914883824,720575940919632133,1
720575940914883824,720575940877555511,3
720575940914883824,720575940888799761,8
720575940914883824,720575940888793178,13
720575940914883824,720575940881055666,3
720575940914883824,720575940905042902,5
720575940914883824,720575940905043670,4
720575940914883824,720575940905043926,18
720575940914883824,720575940908782425,8
720575940914883824,720575940903188925,16
720575940914883824,720575940946223236,6
720575940914883824,720575940894664404,12
720575940914883824,720575940910295881,3
720575940914883824,720575940898432765,2
720575940914883824,720575940888731665,3
720575940914883824,720575940895281326,1
720575940914883824,720575940887194266,2
720575940914883824,720575940963340820,5
720575940914883824,720575940913491825,1
720575940914883824,720575940885439590,1
720575940914883824,720575940883908636,1
720575940914883824,720575940883908892,1
720575940914883824,720575940916236035,2
720575940881607875,720575940941106028,2
720575940881607875,720575940922709290,1
720575940881607875,720575940903679779,1
720575940881607875,720575940878916148,2
720575940881607875,720575940894647347,1
720575940881607875,720575940912535686,3
720575940881607875,720575940891181902,1
720575940881607875,720575940891185846,2
720575940881607875,720575940920456848,1
720575940881607875,720575940928343548,7
720575940881607875,720575940937857965,1
720575940881607875,720575940877555511,5
720575940881607875,720575940917852811,13
720575940881607875,720575940888799761,3
720575940881607875,720575940905042902,8
720575940881607875,720575940905043670,7
720575940881607875,720575940905043926,1
720575940881607875,720575940903188925,1
720575940881607875,720575940946223236,1
720575940881607875,720575940894664404,3
720575940881607875,720575940898432765,3
720575940881607875,720575940888731665,2
720575940881607875,720575940880850833,1
720575940922709290,720575940941106028,3
720575940922709290,720575940899282056,1
720575940922709290,720575940878916148,2
720575940922709290,720575940894647347,1
720575940922709290,720575940909769176,1
720575940922709290,720575940894178664,1
720575940922709290,720575940918750769,1
720575940922709290,720575940880875929,1
720575940922709290,720575940899281090,1
720575940922709290,720575940928343548,2
720575940922709290,720575940877555511,2
720575940922709290,720575940902629074,1
720575940922709290,720575940905042902,3
720575940922709290,720575940905043926,6
720575940922709290,720575940908782425,2
720575940922709290,720575940903188925,16
720575940922709290,720575940946223236,7
720575940922709290,720575940894664404,12
720575940922709290,720575940903415565,2
720575940922709290,720575940888731665,1
720575940922709290,720575940963340820,1
720575940922709290,720575940924205189,1
720575940922709290,720575940883908636,1
720575940891164342,720575940894647347,1
720575940891164342,720575940940380075,1
720575940891164342,720575940901384751,1
720575940891164342,720575940937857965,9
720575940891164342,720575940877555511,1
720575940891164342,720575940894664404,4
720575940903679779,720575940904086480,1
720575940903679779,720575940881607875,1
720575940903679779,720575940878916148,1
720575940903679779,720575940912535686,1
720575940903679779,720575940918750769,1
720575940903679779,720575940897460886,2
720575940903679779,720575940891183798,1
720575940903679779,720575940899283650,1
720575940903679779,720575940939715909,1
720575940903679779,720575940891185846,2
720575940903679779,720575940937857965,4
720575940903679779,720575940917852811,1
720575940903679779,720575940888799761,1
720575940903679779,720575940905043670,5
720575940903679779,720575940905043926,6
720575940903679779,720575940894664404,5
720575940903679779,720575940905050934,2
720575940878916148,720575940881607875,1
720575940878916148,720575940891164342,1
720575940878916148,720575940903679779,1
720575940878916148,720575940909769176,1
720575940878916148,720575940912535686,2
720575940878916148,720575940927109144,1
720575940878916148,720575940880875929,1
720575940878916148,720575940937857965,3
720575940878916148,720575940877555511,3
720575940878916148,720575940917852811,9
720575940878916148,720575940905042902,1
720575940878916148,720575940905043670,2
720575940878916148,720575940946223236,4
720575940878916148,720575940894664404,1
720575940878916148,720575940903415565,2
720575940878916148,720575940888731665,2
720575940878916148,720575940963340820,2
720575940878916148,720575940890704372,2
720575940878916148,720575940905050934,1
720575940878916148,720575940913491825,2
720575940878916148,720575940924205189,1
720575940894647347,720575940922949405,1
720575940894647347,720575940891164342,1
720575940894647347,720575940878916148,1
720575940894647347,720575940912535686,1
720575940894647347,720575940917780131,1
720575940894647347,720575940890111288,1
720575940894647347,720575940877555511,1
720575940894647347,720575940917852811,1
720575940894647347,720575940905042902,1
720575940894647347,720575940905043670,1
720575940894647347,720575940908782425,4
720575940894647347,720575940903188925,4
720575940894647347,720575940946223236,8
720575940894647347,720575940903415565,9
720575940894647347,720575940898432765,1
720575940894647347,720575940888731665,1
720575940894647347,720575940884939979,1
720575940894647347,720575940887194266,1
720575940894647347,720575940881974650,1
720575940894647347,720575940905050934,3
720575940894647347,720575940890939713,1
720575940894647347,720575940881624259,2
720575940894647347,720575940885439590,1
720575940875116119,720575940941106028,1
720575940875116119,720575940917429907,1
720575940875116119,720575940888793434,2
720575940875116119,720575940881607875,2
720575940875116119,720575940912535686,1
720575940875116119,720575940918750769,2
720575940875116119,720575940893395733,1
720575940875116119,720575940869443690,1
720575940875116119,720575940900956101,1
720575940875116119,720575940915256127,1
720575940875116119,720575940919632133,1
720575940875116119,720575940920456848,1
720575940875116119,720575940928343548,11
720575940875116119,720575940937857965,11
720575940875116119,720575940877555511,9
720575940875116119,720575940917852811,6
720575940875116119,720575940902629074,2
720575940875116119,720575940888799761,12
720575940875116119,720575940905042902,1
720575940875116119,720575940905043670,9
720575940875116119,720575940905043926,5
720575940875116119,720575940908782425,1
720575940875116119,720575940903188925,18
720575940875116119,720575940894664404,5
720575940875116119,720575940898432765,1
720575940875116119,720575940905050934,1
720575940875116119,720575940902518994,1
720575940875116119,720575940903762211,1
720575940875116119,720575940924205189,2
720575940875116119,720575940897365506,1
720575940909769176,720575940941106028,2
720575940909769176,720575940899282056,1
720575940909769176,720575940917429907,3
720575940909769176,720575940904086480,2
720575940909769176,720575940922709290,4
720575940909769176,720575940918750769,3
720575940909769176,720575940902629074,1
720575940909769176,720575940888799761,4
720575940909769176,720575940881055666,3
720575940909769176,720575940905042902,13
720575940909769176,720575940905043670,5
720575940909769176,720575940905043926,8
720575940909769176,720575940908782425,3
720575940909769176,720575940903188925,1
720575940909769176,720575940894664404,5
720575940909769176,720575940903415565,10
720575940909769176,720575940898432765,1
720575940909769176,720575940888731665,4
720575940909769176,720575940895281326,1
720575940909769176,720575940881974650,2
720575940909769176,720575940905050934,1
720575940909769176,720575940924205189,1
720575940894178664,720575940922949405,1
720575940894178664,720575940899282056,4
720575940894178664,720575940917429907,3
720575940894178664,720575940877501751,5
720575940894178664,720575940896736698,1
720575940894178664,720575940927109144,1
720575940894178664,720575940890107704,1
720575940894178664,720575940889924328,1
720575940894178664,720575940903414541,1
720575940894178664,720575940899433261,2
720575940894178664,720575940890111288,6
720575940894178664,720575940890962241,2
720575940894178664,720575940883201751,9
720575940894178664,720575940881055666,1
720575940894178664,720575940908782425,11
720575940894178664,720575940946223236,2
720575940894178664,720575940903415565,6
720575940894178664,720575940875854397,13
720575940894178664,720575940884925028,1
720575940894178664,720575940898432765,1
720575940894178664,720575940888731665,3
720575940894178664,720575940880850833,1
720575940894178664,720575940881974650,1
720575940894178664,720575940890018996,2
720575940894178664,720575940905050934,4
720575940894178664,720575940902518994,1
720575940894178664,720575940890939713,2
720575940894178664,720575940924431938,1
720575940894178664,720575940878345595,1
720575940912535686,720575940941106028,9
720575940912535686,720575940888793434,1
720575940912535686,720575940881607875,5
720575940912535686,720575940922709290,1
720575940912535686,720575940903679779,1
720575940912535686,720575940878916148,1
720575940912535686,720575940875116119,1
720575940912535686,720575940918750769,2
720575940912535686,720575940895353262,1
720575940912535686,720575940916016480,1
720575940912535686,720575940927109144,1
720575940912535686,720575940940380075,1
720575940912535686,720575940877146203,1
720575940912535686,720575940909797811,1
720575940912535686,720575940891185846,1
720575940912535686,720575940928343548,17
720575940912535686,720575940937857965,3
720575940912535686,720575940877555511,5
720575940912535686,720575940917852811,5
720575940912535686,720575940905042902,8
720575940912535686,720575940905043670,6
720575940912535686,720575940905043926,1
720575940912535686,720575940946223236,2
720575940912535686,720575940894664404,7
720575940912535686,720575940903415565,2
720575940912535686,720575940887194266,3
720575940912535686,720575940963340820,2
720575940912535686,720575940905050934,4
720575940912535686,720575940913491825,1
720575940912535686,720575940881624259,2
720575940912535686,720575940878345595,2
720575940912535686,720575940924205189,1
720575940918750769,720575940941106028,1
720575940918750769,720575940899282056,4
720575940918750769,720575940917429907,2
720575940918750769,720575940914883824,1
720575940918750769,720575940909769176,2
720575940918750769,720575940880875929,1
720575940918750769,720575940881936465,2
720575940918750769,720575940915253823,2
720575940918750769,720575940939715909,3
720575940918750769,720575940886540578,9
720575940918750769,720575940878326395,2
720575940918750769,720575940900963269,1
720575940918750769,720575940919632133,1
720575940918750769,720575940877555511,2
720575940918750769,720575940917852811,1
720575940918750769,720575940881055666,4
720575940918750769,720575940905042902,7
720575940918750769,720575940905043926,3
720575940918750769,720575940903188925,2
720575940918750769,720575940903415565,7
720575940918750769,720575940875854397,1
720575940918750769,720575940888731665,4
720575940918750769,720575940880850833,2
720575940918750769,720575940890018996,1
720575940918750769,720575940878345595,4
720575940899153235,720575940890134196,1
720575940899153235,720575940904086480,1
720575940899153235,720575940918750769,2
720575940899153235,720575940905061686,2
720575940899153235,720575940908386564,1
720575940899153235,720575940896736698,3
720575940899153235,720575940869443690,3
720575940899153235,720575940918316341,1
720575940899153235,720575940886540578,2
720575940899153235,720575940899432749,1
720575940899153235,720575940917531755,1
720575940899153235,720575940888793178,15
720575940899153235,720575940881055666,5
720575940899153235,720575940905042902,1
720575940899153235,720575940908782425,20
720575940899153235,720575940946223236,1
720575940899153235,720575940903415565,2
720575940899153235,720575940875854397,3
720575940899153235,720575940896702138,2
720575940899153235,720575940880850833,2
720575940899153235,720575940881974650,1
720575940899153235,720575940882093178,1
720575940905061686,720575940899153235,1
720575940905061686,720575940897460886,1
720575940905061686,720575940869443690,1
720575940905061686,720575940889238903,1
720575940905061686,720575940899283650,1
720575940905061686,720575940886540578,1
720575940905061686,720575940883198679,1
720575940905061686,720575940891783335,1
720575940905061686,720575940902629074,2
720575940905061686,720575940888799761,16
720575940905061686,720575940881055666,2
720575940905061686,720575940905042902,2
720575940905061686,720575940905043670,2
720575940905061686,720575940905043926,4
720575940905061686,720575940894664404,2
720575940905061686,720575940910295881,2
720575940905061686,720575940963340820,1
720575940905061686,720575940913491825,1
720575940905061686,720575940902518994,2
720575940905061686,720575940924431938,3
720575940905061686,720575940924205189,1
720575940905061686,720575940888829455,2
720575940905061686,720575940894196379,1
720575940908386564,720575940877501751,1
720575940908386564,720575940922709290,1
720575940908386564,720575940918750769,3
720575940908386564,720575940899153235,5
720575940908386564,720575940869443690,2
720575940908386564,720575940902703006,1
720575940908386564,720575940918316341,2
720575940908386564,720575940890107704,1
720575940908386564,720575940900033476,1
720575940908386564,720575940888793178,22
720575940908386564,720575940881055666,1
720575940908386564,720575940908782425,5
720575940908386564,720575940903188925,3
720575940908386564,720575940946223236,15
720575940908386564,720575940894664404,2
720575940908386564,720575940903415565,3
720575940908386564,720575940875854397,18
720575940908386564,720575940898432765,1
720575940908386564,720575940888731665,1
720575940908386564,720575940881974650,4
720575940908386564,720575940890939713,2
720575940908386564,720575940924431938,1
720575940908386564,720575940878345595,1
720575940908386564,720575940924205189,1
720575940908386564,720575940882093178,1
720575940908386564,720575940875843901,1
720575940895353262,720575940922949405,2
720575940895353262,720575940899282056,1
720575940895353262,720575940909393947,1
720575940895353262,720575940894178664,1
720575940895353262,720575940916016480,2
720575940895353262,720575940927109144,1
720575940895353262,720575940893395733,1
720575940895353262,720575940903370509,1
720575940895353262,720575940897460886,1
720575940895353262,720575940881935355,2
720575940895353262,720575940885432678,1
720575940895353262,720575940890107704,3
720575940895353262,720575940923272236,3
720575940895353262,720575940877146203,1
720575940895353262,720575940915253823,2
720575940895353262,720575940886540578,1
720575940895353262,720575940922957341,3
720575940895353262,720575940878326395,3
720575940895353262,720575940903414541,3
720575940895353262,720575940894647859,1
720575940895353262,720575940910607129,1
720575940895353262,720575940909797811,1
720575940895353262,720575940899433517,2
720575940895353262,720575940927244768,1
720575940895353262,720575940932846484,2
720575940895353262,720575940927184920,4
720575940895353262,720575940890111288,9
720575940895353262,720575940880005762,3
720575940895353262,720575940920881320,3
720575940895353262,720575940920037245,5
720575940895353262,720575940891185846,4
720575940895353262,720575940917531755,1
720575940895353262,720575940900033476,5
720575940895353262,720575940919632133,4
720575940895353262,720575940890962241,2
720575940895353262,720575940883201751,5
720575940895353262,720575940882117920,2
720575940895353262,720575940937857965,1
720575940895353262,720575940877555511,1
720575940895353262,720575940881055666,2
720575940895353262,720575940905042902,3
720575940895353262,720575940908782425,3
720575940895353262,720575940903188925,3
720575940895353262,720575940946223236,6
720575940895353262,720575940894664404,1
720575940895353262,720575940903415565,10
720575940895353262,720575940875854397,12
720575940895353262,720575940881974650,1
720575940895353262,720575940905050934,4
720575940895353262,720575940913491825,1
720575940895353262,720575940903762211,1
720575940895353262,720575940924205189,1
720575940895353262,720575940883908636,1
720575940895353262,720575940888829455,1
720575940895353262,720575940882093178,1
720575940895353262,720575940916236035,2
720575940916016480,720575940877501751,1
720575940916016480,720575940914883824,1
720575940916016480,720575940903370509,1
720575940916016480,720575940897460886,1
720575940916016480,720575940881935355,1
720575940916016480,720575940885432678,3
720575940916016480,720575940890107704,8
720575940916016480,720575940923272236,1
720575940916016480,720575940920054001,1
720575940916016480,720575940861447666,2
720575940916016480,720575940921525267,3
720575940916016480,720575940882672796,1
720575940916016480,720575940915253823,17
720575940916016480,720575940891783079,2
720575940916016480,720575940897454998,9
720575940916016480,720575940891518756,1
720575940916016480,720575940886540578,2
720575940916016480,720575940883198679,4
720575940916016480,720575940922957341,3
720575940916016480,720575940905042134,3
720575940916016480,720575940878326395,1
720575940916016480,720575940880837650,2
720575940916016480,720575940903751971,1
720575940916016480,720575940915256127,2
720575940916016480,720575940903414541,11
720575940916016480,720575940899291016,1
720575940916016480,720575940920037245,1
720575940916016480,720575940891185846,1
720575940916016480,720575940883201751,1
720575940916016480,720575940881055666,4
720575940916016480,720575940946223236,2
720575940916016480,720575940894664404,1
720575940916016480,720575940903415565,6
720575940916016480,720575940875854397,1
720575940916016480,720575940884925028,5
720575940916016480,720575940884939979,2
720575940916016480,720575940880850833,2
720575940916016480,720575940881974650,1
720575940916016480,720575940905050934,3
720575940916016480,720575940889952699,2
720575940916016480,720575940883900444,1
720575940916016480,720575940890939713,3
720575940916016480,720575940878345595,1
720575940916016480,720575940883908636,2
720575940896736698,720575940890107704,1
720575940896736698,720575940882160356,1
720575940896736698,720575940923272236,3
720575940896736698,720575940861447666,2
720575940896736698,720575940921525267,1
720575940896736698,720575940882672796,3
720575940896736698,720575940915253823,1
720575940896736698,720575940891518756,1
720575940896736698,720575940939715909,2
720575940896736698,720575940886540578,6
720575940896736698,720575940894662868,2
720575940896736698,720575940883198679,6
720575940896736698,720575940922957341,1
720575940896736698,720575940889924328,3
720575940896736698,720575940878326395,1
720575940896736698,720575940903751971,2
720575940896736698,720575940903414541,1
720575940896736698,720575940884925028,3
720575940896736698,720575940915676096,1
720575940896736698,720575940903762211,1
720575940896736698,720575940883908636,1
720575940896736698,720575940888829455,2
720575940896736698,720575940894196379,5
720575940927109144,720575940922949405,1
720575940927109144,720575940899282056,1
720575940927109144,720575940917429907,2
720575940927109144,720575940888793434,5
720575940927109144,720575940920044149,1
720575940927109144,720575940937221662,5
720575940927109144,720575940909393947,4
720575940927109144,720575940877501751,11
720575940927109144,720575940914883824,5
720575940927109144,720575940881607875,1
720575940927109144,720575940922709290,4
720575940927109144,720575940891164342,1
720575940927109144,720575940878916148,1
720575940927109144,720575940894647347,8
720575940927109144,720575940875116119,2
720575940927109144,720575940894178664,9
720575940927109144,720575940912535686,1
720575940927109144,720575940918750769,1
720575940927109144,720575940899153235,1
720575940927109144,720575940895353262,6
720575940927109144,720575940916016480,7
720575940927109144,720575940896736698,7
720575940927109144,720575940897460886,1
720575940927109144,720575940881935355,17
720575940927109144,720575940924182661,2
720575940927109144,720575940900956101,1
720575940927109144,720575940902703006,1
720575940927109144,720575940878956340,1
720575940927109144,720575940912929024,1
720575940927109144,720575940940380075,5
720575940927109144,720575940908781145,2
720575940927109144,720575940899281090,1
720575940927109144,720575940927248352,1
720575940927109144,720575940902634194,2
720575940927109144,720575940939715909,1
720575940927109144,720575940886540578,2
720575940927109144,720575940889924328,1
720575940927109144,720575940920037245,4
720575940927109144,720575940883201751,1
720575940927109144,720575940937857965,1
720575940927109144,720575940888793178,1
720575940927109144,720575940908782425,1
720575940927109144,720575940903188925,1
720575940927109144,720575940946223236,1
720575940927109144,720575940898432765,1
720575940927109144,720575940888731665,2
720575940927109144,720575940884939979,1
720575940927109144,720575940880850833,1
720575940927109144,720575940898821041,2
720575940927109144,720575940905050934,1
720575940927109144,720575940913491825,1
720575940927109144,720575940917098044,1
720575940927109144,720575940890939713,1
720575940927109144,720575940930825549,2
720575940927109144,720575940894664201,2
720575940927109144,720575940903762211,2
720575940927109144,720575940878345595,1
720575940927109144,720575940878345851,2
720575940927109144,720575940925834822,1
720575940927109144,720575940920467088,1
720575940893395733,720575940941106028,2
720575940893395733,720575940917429907,1
720575940893395733,720575940888793434,6
720575940893395733,720575940937221662,9
720575940893395733,720575940909393947,1
720575940893395733,720575940904086480,2
720575940893395733,720575940881607875,1
720575940893395733,720575940922709290,1
720575940893395733,720575940891164342,1
720575940893395733,720575940903679779,1
720575940893395733,720575940894647347,2
720575940893395733,720575940875116119,2
720575940893395733,720575940909769176,1
720575940893395733,720575940894178664,1
720575940893395733,720575940912535686,2
720575940893395733,720575940918750769,1
720575940893395733,720575940899153235,2
720575940893395733,720575940905061686,1
720575940893395733,720575940908386564,3
720575940893395733,720575940916016480,7
720575940893395733,720575940927109144,1
720575940893395733,720575940897460886,3
720575940893395733,720575940881935355,7
720575940893395733,720575940891183798,1
720575940893395733,720575940924182661,4
720575940893395733,720575940900956101,1
720575940893395733,720575940902703006,3
720575940893395733,720575940940380075,3
720575940893395733,720575940908781145,1
720575940893395733,720575940891181902,1
720575940893395733,720575940899281090,1
720575940893395733,720575940916299357,2
720575940893395733,720575940882160356,1
720575940893395733,720575940882672796,1
720575940893395733,720575940897454998,1
720575940893395733,720575940900963269,1
720575940893395733,720575940890962241,1
720575940893395733,720575940937857965,1
720575940893395733,720575940888793178,1
720575940893395733,720575940884057772,3
720575940893395733,720575940888731665,2
720575940893395733,720575940915676096,1
720575940893395733,720575940913491825,3
720575940893395733,720575940890939713,1
720575940893395733,720575940903762211,3
720575940893395733,720575940878345595,1
720575940893395733,720575940885439590,1
720575940893395733,720575940894196379,1
720575940893395733,720575940883908892,1
720575940903370509,720575940899282056,3
720575940903370509,720575940917429907,2
720575940903370509,720575940937221662,1
720575940903370509,720575940909393947,7
720575940903370509,720575940877501751,7
720575940903370509,720575940914883824,5
720575940903370509,720575940881607875,2
720575940903370509,720575940894647347,3
720575940903370509,720575940894178664,11
720575940903370509,720575940908386564,1
720575940903370509,720575940916016480,4
720575940903370509,720575940896736698,5
720575940903370509,720575940897460886,2
720575940903370509,720575940881935355,1
720575940903370509,720575940924182661,7
720575940903370509,720575940902703006,1
720575940903370509,720575940878956340,1
720575940903370509,720575940940380075,4
720575940903370509,720575940908781145,1
720575940903370509,720575940948987670,1
720575940903370509,720575940896732090,1
720575940903370509,720575940890108216,1
720575940903370509,720575940902634194,1
720575940903370509,720575940939715909,1
720575940903370509,720575940890962241,1
720575940903370509,720575940883201751,1
720575940903370509,720575940882117920,1
720575940903370509,720575940884925028,1
720575940903370509,720575940963340820,2
720575940903370509,720575940883908636,1
720575940903370509,720575940916236035,1
720575940897460886,720575940917429907,2
720575940897460886,720575940896736698,1
720575940897460886,720575940881935355,1
720575940897460886,720575940900956101,1
720575940897460886,720575940930905464,1
720575940897460886,720575940885432678,7
720575940897460886,720575940890107704,9
720575940897460886,720575940916299357,1
720575940897460886,720575940882160356,2
720575940897460886,720575940923272236,3
720575940897460886,720575940890108216,1
720575940897460886,720575940881936465,3
720575940897460886,720575940877146203,1
720575940897460886,720575940861447666,3
720575940897460886,720575940921525267,1
720575940897460886,720575940902634194,5
720575940897460886,720575940882672796,10
720575940897460886,720575940915253823,8
720575940897460886,720575940891783079,1
720575940897460886,720575940897454998,5
720575940897460886,720575940891518756,4
720575940897460886,720575940939715909,2
720575940897460886,720575940886540578,6
720575940897460886,720575940894662868,2
720575940897460886,720575940883198679,3
720575940897460886,720575940922957341,6
720575940897460886,720575940878326395,4
720575940897460886,720575940903751971,6
720575940897460886,720575940900963269,1
720575940897460886,720575940878955828,1
720575940897460886,720575940919632133,2
720575940897460886,720575940877555511,1
720575940897460886,720575940917852811,1
720575940897460886,720575940905042902,1
720575940897460886,720575940905043926,1
720575940897460886,720575940894664404,1
720575940897460886,720575940884925028,1
720575940897460886,720575940881844049,1
720575940897460886,720575940888731665,4
720575940897460886,720575940884939979,1
720575940897460886,720575940890018996,1
720575940897460886,720575940905050934,1
720575940897460886,720575940890939713,4
720575940897460886,720575940878345595,1
720575940897460886,720575940924205189,1
720575940897460886,720575940888829455,1
720575940897460886,720575940920467088,2
720575940881935355,720575940899153235,1
720575940881935355,720575940885432678,5
720575940881935355,720575940916299357,3
720575940881935355,720575940882160356,2
720575940881935355,720575940915253823,1
720575940881935355,720575940939715909,1
720575940881935355,720575940886540578,3
720575940881935355,720575940905042134,2
720575940881935355,720575940903751971,11
720575940881935355,720575940915256127,1
720575940881935355,720575940903414541,2
720575940881935355,720575940884925028,1
720575940881935355,720575940888731665,2
720575940881935355,720575940884939979,3
720575940881935355,720575940883900444,1
720575940881935355,720575940917098044,1
720575940881935355,720575940894196379,2
720575940881935355,720575940920467088,2
720575940869443690,720575940941106028,2
720575940869443690,720575940922949405,1
720575940869443690,720575940888793434,2
720575940869443690,720575940937221662,1
720575940869443690,720575940904086480,3
720575940869443690,720575940914883824,2
720575940869443690,720575940881607875,5
720575940869443690,720575940922709290,4
720575940869443690,720575940903679779,1
720575940869443690,720575940878916148,5
720575940869443690,720575940875116119,6
720575940869443690,720575940909769176,6
720575940869443690,720575940918750769,9
720575940869443690,720575940905061686,7
720575940869443690,720575940916016480,6
720575940869443690,720575940897460886,3
720575940869443690,720575940881935355,2
720575940869443690,720575940891183798,19
720575940869443690,720575940900956101,6
720575940869443690,720575940902703006,11
720575940869443690,720575940883197911,1
720575940869443690,720575940878956340,1
720575940869443690,720575940930905464,1
720575940869443690,720575940906113851,2
720575940869443690,720575940940380075,3
720575940869443690,720575940908781145,1
720575940869443690,720575940881620931,4
720575940869443690,720575940891181902,8
720575940869443690,720575940899283650,1
720575940869443690,720575940881936465,1
720575940869443690,720575940886540578,1
720575940869443690,720575940915256127,1
720575940869443690,720575940894647859,4
720575940869443690,720575940902629074,1
720575940869443690,720575940888799761,3
720575940869443690,720575940888793178,1
720575940869443690,720575940894664404,2
720575940869443690,720575940888731665,2
720575940869443690,720575940878345595,1
720575940869443690,720575940924205189,2
720575940869443690,720575940885439590,1
720575940869443690,720575940888829455,6
720575940869443690,720575940924205701,1
720575940869443690,720575940920467088,1
720575940869443690,720575940884147967,1
720575940937848237,720575940881607875,1
720575940937848237,720575940883197911,2
720575940937848237,720575940930905464,1
720575940937848237,720575940881620931,2
720575940937848237,720575940881936465,1
720575940937848237,720575940861447666,1
720575940937848237,720575940927184920,2
720575940937848237,720575940920456848,8
720575940937848237,720575940902629074,5
720575940937848237,720575940910295881,7
720575940937848237,720575940898432765,1
720575940937848237,720575940888731665,1
720575940937848237,720575940890018996,1
720575940937848237,720575940913491825,1
720575940891183798,720575940917429907,1
720575940891183798,720575940888793434,2
720575940891183798,720575940937221662,1
720575940891183798,720575940881607875,1
720575940891183798,720575940916016480,1
720575940891183798,720575940897460886,3
720575940891183798,720575940881935355,2
720575940891183798,720575940891194446,1
720575940891183798,720575940878956340,1
720575940891183798,720575940890245126,1
720575940891183798,720575940906113851,1
720575940891183798,720575940891181902,1
720575940891183798,720575940917780131,1
720575940891183798,720575940885432678,4
720575940891183798,720575940890107704,4
720575940891183798,720575940923272236,1
720575940891183798,720575940915253823,6
720575940891183798,720575940891783079,1
720575940891183798,720575940939715909,1
720575940891183798,720575940886540578,1
720575940891183798,720575940922957341,7
720575940891183798,720575940878326395,1
720575940891183798,720575940900963269,1
720575940891183798,720575940927244256,1
720575940891183798,720575940859648663,1
720575940891183798,720575940899291016,3
720575940891183798,720575940927184920,3
720575940891183798,720575940890111288,2
720575940891183798,720575940920881320,1
720575940891183798,720575940920037245,3
720575940891183798,720575940900033476,3
720575940891183798,720575940919632133,4
720575940891183798,720575940877555511,4
720575940891183798,720575940917852811,4
720575940891183798,720575940888793178,1
720575940891183798,720575940905042902,7
720575940891183798,720575940908782425,1
720575940891183798,720575940903188925,2
720575940891183798,720575940894664404,4
720575940891183798,720575940903415565,3
720575940891183798,720575940875854397,1
720575940891183798,720575940910295881,1
720575940891183798,720575940920467088,1
720575940924182661,720575940922949405,3
720575940924182661,720575940917429907,3
720575940924182661,720575940888793434,2
720575940924182661,720575940914883824,1
720575940924182661,720575940895353262,2
720575940924182661,720575940896736698,6
720575940924182661,720575940927109144,1
720575940924182661,720575940881935355,2
720575940924182661,720575940878956340,2
720575940924182661,720575940890245126,1
720575940924182661,720575940930905464,1
720575940924182661,720575940908781145,1
720575940924182661,720575940889238903,1
720575940924182661,720575940899283650,1
720575940924182661,720575940901384751,5
720575940924182661,720575940918316341,1
720575940924182661,720575940917780131,1
720575940924182661,720575940885432678,3
720575940924182661,720575940890107704,6
720575940924182661,720575940861447666,2
720575940924182661,720575940921525267,1
720575940924182661,720575940902634194,2
720575940924182661,720575940882672796,1
720575940924182661,720575940915253823,1
720575940924182661,720575940897454998,11
720575940924182661,720575940939715909,1
720575940924182661,720575940894662868,2
720575940924182661,720575940922957341,1
720575940924182661,720575940878326395,7
720575940924182661,720575940880837650,2
720575940924182661,720575940903751971,1
720575940924182661,720575940915256127,1
720575940924182661,720575940903414541,11
720575940924182661,720575940900963269,1
720575940924182661,720575940927244768,1
720575940924182661,720575940927184920,1
720575940924182661,720575940890111288,2
720575940924182661,720575940878955828,2
720575940924182661,720575940920037245,2
720575940924182661,720575940891185846,1
720575940924182661,720575940917531755,1
720575940924182661,720575940900033476,4
720575940924182661,720575940917853067,3
720575940924182661,720575940890962241,1
720575940924182661,720575940883201751,1
720575940924182661,720575940882117920,1
720575940924182661,720575940928343548,1
720575940924182661,720575940881055666,4
720575940924182661,720575940884057772,1
720575940924182661,720575940908782425,3
720575940924182661,720575940946223236,2
720575940924182661,720575940903415565,11
720575940924182661,720575940875854397,5
720575940924182661,720575940884925028,4
720575940924182661,720575940883908636,2
720575940900956101,720575940891183798,1
720575940900956101,720575940883197911,1
720575940900956101,720575940878956340,1
720575940900956101,720575940912929024,1
720575940900956101,720575940930905464,1
720575940900956101,720575940940380075,1
720575940900956101,720575940899281090,2
720575940900956101,720575940937862061,1
720575940900956101,720575940948987670,1
720575940900956101,720575940902624978,1
720575940900956101,720575940880839442,1
720575940900956101,720575940885432678,3
720575940900956101,720575940890107704,6
720575940900956101,720575940916299357,1
720575940900956101,720575940882160356,1
720575940900956101,720575940890108216,1
720575940900956101,720575940881936465,1
720575940900956101,720575940861447666,1
720575940900956101,720575940921525267,2
720575940900956101,720575940902634194,2
720575940900956101,720575940882672796,2
720575940900956101,720575940915253823,5
720575940900956101,720575940897454998,1
720575940900956101,720575940939715909,1
720575940900956101,720575940886540578,2
720575940900956101,720575940894662868,8
720575940900956101,720575940922957341,3
720575940900956101,720575940878326395,1
720575940900956101,720575940880837650,2
720575940900956101,720575940903751971,1
720575940900956101,720575940903414541,6
720575940900956101,720575940900963269,1
720575940900956101,720575940859648663,1
720575940900956101,720575940899433517,1
720575940900956101,720575940899433773,1
720575940900956101,720575940927244768,1
720575940900956101,720575940892204542,2
720575940900956101,720575940878955572,1
720575940900956101,720575940932846484,1
720575940900956101,720575940927184920,3
720575940900956101,720575940890111288,1
720575940900956101,720575940920881320,4
720575940900956101,720575940920037245,9
720575940900956101,720575940891185846,2
720575940900956101,720575940917531755,4
720575940900956101,720575940900033476,3
720575940900956101,720575940919632133,11
720575940900956101,720575940917853067,2
720575940900956101,720575940892205566,1
720575940900956101,720575940928343548,1
720575940900956101,720575940877555511,3
720575940900956101,720575940917852811,5
720575940900956101,720575940881055666,3
720575940900956101,720575940905042902,5
720575940900956101,720575940905043670,3
720575940900956101,720575940905043926,2
720575940900956101,720575940908782425,2
720575940900956101,720575940903188925,3
720575940900956101,720575940946223236,1
720575940900956101,720575940894664404,2
720575940900956101,720575940903415565,3
720575940900956101,720575940875854397,1
720575940900956101,720575940896702138,1
720575940900956101,720575940883908636,2
720575940900956101,720575940899607728,1
720575940900956101,720575940894196379,1
720575940900956101,720575940920467088,1
720575940900956101,720575940875843901,1
720575940902703006,720575940922949405,3
720575940902703006,720575940917429907,1
720575940902703006,720575940888793434,1
720575940902703006,720575940937221662,2
720575940902703006,720575940916016480,1
720575940902703006,720575940896736698,5
720575940902703006,720575940897460886,1
720575940902703006,720575940881935355,4
720575940902703006,720575940890245126,1
720575940902703006,720575940906113851,1
720575940902703006,720575940908781145,2
720575940902703006,720575940899283650,1
720575940902703006,720575940901384751,1
720575940902703006,720575940918316341,2
720575940902703006,720575940917780131,3
720575940902703006,720575940885432678,2
720575940902703006,720575940890107704,6
720575940902703006,720575940915253823,7
720575940902703006,720575940897454998,4
720575940902703006,720575940886540578,3
720575940902703006,720575940894662868,1
720575940902703006,720575940922957341,2
720575940902703006,720575940889924328,2
720575940902703006,720575940878326395,5
720575940902703006,720575940915256127,2
720575940902703006,720575940903414541,9
720575940902703006,720575940900963269,5
720575940902703006,720575940888216655,1
720575940902703006,720575940927184920,4
720575940902703006,720575940899434029,1
720575940902703006,720575940890111288,3
720575940902703006,720575940920881320,2
720575940902703006,720575940920037245,7
720575940902703006,720575940917531755,2
720575940902703006,720575940900033476,2
720575940902703006,720575940919632133,2
720575940902703006,720575940877555511,1
720575940902703006,720575940881055666,4
720575940902703006,720575940905043670,1
720575940902703006,720575940946223236,1
720575940902703006,720575940903415565,15
720575940902703006,720575940875854397,1
720575940902703006,720575940888731665,1
720575940902703006,720575940885439590,1
720575940902703006,720575940917797795,1
720575940902703006,720575940917407635,1
720575940891194446,720575940861450226,1
720575940891194446,720575940912929024,1
720575940891194446,720575940890107704,1
720575940891194446,720575940916299357,2
720575940891194446,720575940882160356,9
720575940891194446,720575940890108216,6
720575940891194446,720575940877146203,2
720575940891194446,720575940921525267,1
720575940891194446,720575940902634194,1
720575940891194446,720575940913573871,2
720575940891194446,720575940882672796,1
720575940891194446,720575940891783079,3
720575940891194446,720575940897454998,2
720575940891194446,720575940891518756,4
720575940891194446,720575940939715909,4
720575940891194446,720575940894662868,1
720575940891194446,720575940883198679,2
720575940891194446,720575940889924328,3
720575940891194446,720575940905041878,1
720575940891194446,720575940905042134,4
720575940891194446,720575940880837650,1
720575940891194446,720575940881935185,1
720575940891194446,720575940896872522,1
720575940891194446,720575940892204542,1
720575940891194446,720575940937856941,2
720575940891194446,720575940932846484,4
720575940891194446,720575940899291016,1
720575940891194446,720575940880005762,2
720575940891194446,720575940891184310,1
720575940891194446,720575940891185846,2
720575940891194446,720575940917531755,2
720575940891194446,720575940919632133,2
720575940891194446,720575940883201751,1
720575940891194446,720575940918311989,1
720575940891194446,720575940899607728,1
720575940891194446,720575940894196379,1
720575940861450226,720575940891194446,1
720575940861450226,720575940906113851,1
720575940861450226,720575940881620931,1
720575940861450226,720575940890107704,3
720575940861450226,720575940916299357,1
720575940861450226,720575940923272236,2
720575940861450226,720575940920054001,2
720575940861450226,720575940861447666,3
720575940861450226,720575940891783079,1
720575940861450226,720575940883198679,2
720575940861450226,720575940880837650,2
720575940861450226,720575940899291016,1
720575940861450226,720575940927184920,5
720575940861450226,720575940890111288,2
720575940861450226,720575940880005762,1
720575940861450226,720575940920881320,2
720575940861450226,720575940891185846,2
720575940861450226,720575940900033476,1
720575940861450226,720575940882117920,1
720575940861450226,720575940905043670,1
720575940861450226,720575940875854397,1
720575940883197911,720575940922949405,1
720575940883197911,720575940888793434,2
720575940883197911,720575940897460886,1
720575940883197911,720575940881935355,1
720575940883197911,720575940937848237,1
720575940883197911,720575940900956101,1
720575940883197911,720575940861450226,3
720575940883197911,720575940930905464,2
720575940883197911,720575940906113851,1
720575940883197911,720575940899281090,1
720575940883197911,720575940907584340,1
720575940883197911,720575940923272236,11
720575940883197911,720575940881936465,2
720575940883197911,720575940861447666,3
720575940883197911,720575940921525267,2
720575940883197911,720575940882672796,2
720575940883197911,720575940897454998,1
720575940883197911,720575940922957341,1
720575940883197911,720575940905041878,1
720575940883197911,720575940880837650,3
720575940883197911,720575940922795818,1
720575940883197911,720575940927184920,2
720575940883197911,720575940891185846,2
720575940883197911,720575940919632133,2
720575940883197911,720575940877555511,1
720575940883197911,720575940917852811,2
720575940883197911,720575940881055666,2
720575940883197911,720575940905042902,1
720575940883197911,720575940894664404,1
720575940883197911,720575940885439590,1
720575940883197911,720575940888829455,1
720575940878956340,720575940897460886,1
720575940878956340,720575940881935355,1
720575940878956340,720575940869443690,1
720575940878956340,720575940891183798,1
720575940878956340,720575940891194446,1
720575940878956340,720575940906113851,1
720575940878956340,720575940899283650,1
720575940878956340,720575940902624978,1
720575940878956340,720575940880839442,1
720575940878956340,720575940885432678,6
720575940878956340,720575940890107704,2
720575940878956340,720575940916299357,2
720575940878956340,720575940882160356,1
720575940878956340,720575940877146203,3
720575940878956340,720575940902634194,4
720575940878956340,720575940913573871,6
720575940878956340,720575940882672796,6
720575940878956340,720575940915253823,7
720575940878956340,720575940939715909,5
720575940878956340,720575940886540578,1
720575940878956340,720575940894662868,4
720575940878956340,720575940883198679,3
720575940878956340,720575940922957341,1
720575940878956340,720575940889924328,2
720575940878956340,720575940905041878,1
720575940878956340,720575940878326395,1
720575940878956340,720575940903414541,1
720575940878956340,720575940894647859,1
720575940878956340,720575940910607129,1
720575940878956340,720575940893156522,3
720575940878956340,720575940922795818,1
720575940878956340,720575940899433261,3
720575940878956340,720575940892204542,1
720575940878956340,720575940878955572,1
720575940878956340,720575940937856941,1
720575940878956340,720575940888216655,4
720575940878956340,720575940932846484,1
720575940878956340,720575940899291016,2
720575940878956340,720575940927184920,1
720575940878956340,720575940920027261,2
720575940878956340,720575940890111288,2
720575940878956340,720575940878955828,1
720575940878956340,720575940920881320,1
720575940878956340,720575940920037245,6
720575940878956340,720575940891185846,9
720575940878956340,720575940917531755,5
720575940878956340,720575940900033476,1
720575940878956340,720575940919632133,10
720575940878956340,720575940928343548,3
720575940878956340,720575940917852811,6
720575940878956340,720575940881055666,2
720575940878956340,720575940905042902,4
720575940878956340,720575940905043670,1
720575940878956340,720575940908782425,1
720575940878956340,720575940894664404,3
720575940878956340,720575940903415565,5
720575940878956340,720575940910295881,1
720575940878956340,720575940894196379,1
720575940878956340,720575940920467088,1
720575940878956340,720575940899861391,1
720575940878956340,720575940917407635,1
720575940912929024,720575940922949405,1
720575940912929024,720575940891181902,2
720575940912929024,720575940885432678,1
720575940912929024,720575940916299357,1
720575940912929024,720575940923272236,4
720575940912929024,720575940920054001,2
720575940912929024,720575940877146203,1
720575940912929024,720575940861447666,3
720575940912929024,720575940921525267,4
720575940912929024,720575940902634194,3
720575940912929024,720575940915253823,1
720575940912929024,720575940897454998,1
720575940912929024,720575940891518756,1
720575940912929024,720575940886540578,4
720575940912929024,720575940894662868,5
720575940912929024,720575940883198679,4
720575940912929024,720575940922957341,2
720575940912929024,720575940878326395,3
720575940912929024,720575940880837650,7
720575940912929024,720575940881935185,2
720575940912929024,720575940903751971,2
720575940912929024,720575940903414541,1
720575940912929024,720575940922795818,1
720575940912929024,720575940859648663,1
720575940912929024,720575940899433773,2
720575940912929024,720575940927244768,1
720575940912929024,720575940891783335,1
720575940912929024,720575940892204542,1
720575940912929024,720575940932846484,1
720575940912929024,720575940927184920,3
720575940912929024,720575940920027261,3
720575940912929024,720575940890111288,2
720575940912929024,720575940880005762,1
720575940912929024,720575940878955828,3
720575940912929024,720575940920881320,7
720575940912929024,720575940920037245,7
720575940912929024,720575940891185846,10
720575940912929024,720575940917531755,7
720575940912929024,720575940900033476,1
720575940912929024,720575940919632133,2
720575940912929024,720575940905043670,1
720575940912929024,720575940946223236,1
720575940912929024,720575940903415565,3
720575940912929024,720575940884925028,1
720575940912929024,720575940918311989,1
720575940912929024,720575940890939713,1
720575940912929024,720575940888829455,2
720575940890245126,720575940903370509,1
720575940890245126,720575940895289006,1
720575940890245126,720575940941124460,1
720575940890245126,720575940885432678,2
720575940890245126,720575940890107704,8
720575940890245126,720575940916299357,2
720575940890245126,720575940882160356,1
720575940890245126,720575940923272236,2
720575940890245126,720575940881936465,1
720575940890245126,720575940877146203,1
720575940890245126,720575940902634194,3
720575940890245126,720575940913573871,3
720575940890245126,720575940882672796,1
720575940890245126,720575940915253823,2
720575940890245126,720575940897454998,1
720575940890245126,720575940891518756,3
720575940890245126,720575940939715909,2
720575940890245126,720575940886540578,1
720575940890245126,720575940894662868,1
720575940890245126,720575940922957341,8
720575940890245126,720575940905042134,4
720575940890245126,720575940878326395,4
720575940890245126,720575940903751971,4
720575940890245126,720575940903414541,4
720575940890245126,720575940859648663,2
720575940890245126,720575940899433517,2
720575940890245126,720575940899433773,2
720575940890245126,720575940927244768,1
720575940890245126,720575940891783335,1
720575940890245126,720575940878955572,2
720575940890245126,720575940932846484,1
720575940890245126,720575940927184920,2
720575940890245126,720575940899434029,6
720575940890245126,720575940920027261,1
720575940890245126,720575940890111288,7
720575940890245126,720575940878955828,4
720575940890245126,720575940920881320,4
720575940890245126,720575940920037245,4
720575940890245126,720575940891185846,8
720575940890245126,720575940917531755,3
720575940890245126,720575940900033476,4
720575940890245126,720575940919632133,9
720575940890245126,720575940917853067,3
720575940890245126,720575940892205566,1
720575940890245126,720575940883201751,1
720575940890245126,720575940917852811,1
720575940890245126,720575940881055666,2
720575940890245126,720575940905043670,1
720575940890245126,720575940908782425,3
720575940890245126,720575940903415565,2
720575940890245126,720575940884925028,1
720575940890245126,720575940884939979,1
720575940890245126,720575940918311989,2
720575940890245126,720575940913491825,1
720575940890245126,720575940883908636,1
720575940930905464,720575940878956340,1
720575940930905464,720575940912929024,2
720575940930905464,720575940890245126,1
720575940930905464,720575940881620931,1
720575940930905464,720575940899281090,1
720575940930905464,720575940885432678,3
720575940930905464,720575940882160356,1
720575940930905464,720575940923272236,1
720575940930905464,720575940890108216,2
720575940930905464,720575940881936465,2
720575940930905464,720575940902634194,2
720575940930905464,720575940882672796,5
720575940930905464,720575940891783079,9
720575940930905464,720575940897454998,2
720575940930905464,720575940939715909,3
720575940930905464,720575940894662868,1
720575940930905464,720575940922957341,3
720575940930905464,720575940905041878,1
720575940930905464,720575940878326395,1
720575940930905464,720575940880837650,1
720575940930905464,720575940881935185,3
720575940930905464,720575940903751971,1
720575940930905464,720575940903414541,2
720575940930905464,720575940922795818,1
720575940930905464,720575940927244768,1
720575940930905464,720575940892204542,1
720575940930905464,720575940878955572,1
720575940930905464,720575940937856941,1
720575940930905464,720575940899291016,2
720575940930905464,720575940927184920,4
720575940930905464,720575940920881320,2
720575940930905464,720575940920037245,3
720575940930905464,720575940891185846,6
720575940930905464,720575940917531755,1
720575940930905464,720575940919632133,5
720575940930905464,720575940920456848,1
720575940930905464,720575940877555511,3
720575940930905464,720575940917852811,2
720575940930905464,720575940902629074,1
720575940930905464,720575940888799761,1
720575940930905464,720575940881055666,3
720575940930905464,720575940905042902,1
720575940930905464,720575940905043926,2
720575940930905464,720575940913491825,1
720575940930905464,720575940888829455,1
720575940906113851,720575940891194446,1
720575940906113851,720575940880875929,1
720575940906113851,720575940927248352,1
720575940906113851,720575940890107704,1
720575940906113851,720575940916299357,3
720575940906113851,720575940882160356,1
720575940906113851,720575940923272236,4
720575940906113851,720575940920054001,2
720575940906113851,720575940861447666,3
720575940906113851,720575940921525267,3
720575940906113851,720575940902634194,1
720575940906113851,720575940913573871,2
720575940906113851,720575940915253823,2
720575940906113851,720575940891783079,2
720575940906113851,720575940897454998,1
720575940906113851,720575940891518756,1
720575940906113851,720575940939715909,3
720575940906113851,720575940886540578,2
720575940906113851,720575940883198679,2
720575940906113851,720575940922957341,3
720575940906113851,720575940889924328,2
720575940906113851,720575940905041878,1
720575940906113851,720575940905042134,1
720575940906113851,720575940878326395,3
720575940906113851,720575940880837650,4
720575940906113851,720575940903751971,3
720575940906113851,720575940903414541,1
720575940906113851,720575940894647859,1
720575940906113851,720575940927244512,1
720575940906113851,720575940892204542,1
720575940906113851,720575940927184920,5
720575940906113851,720575940920027261,1
720575940906113851,720575940890111288,2
720575940906113851,720575940880005762,1
720575940906113851,720575940878955828,3
720575940906113851,720575940920037245,4
720575940906113851,720575940891185846,3
720575940906113851,720575940919632133,3
720575940906113851,720575940877555511,1
720575940906113851,720575940917852811,1
720575940906113851,720575940884925028,1
720575940906113851,720575940918311989,1
720575940906113851,720575940888829455,1
720575940906113851,720575940894196379,1
720575940940380075,720575940941106028,1
720575940940380075,720575940899282056,1
720575940940380075,720575940888793434,2
720575940940380075,720575940937221662,1
720575940940380075,720575940916016480,1
720575940940380075,720575940896736698,2
720575940940380075,720575940897460886,4
720575940940380075,720575940900956101,1
720575940940380075,720575940899283650,1
720575940940380075,720575940901384751,1
720575940940380075,720575940917780131,2
720575940940380075,720575940907584340,1
720575940940380075,720575940885432678,2
720575940940380075,720575940890107704,5
720575940940380075,720575940881936465,1
720575940940380075,720575940882672796,1
720575940940380075,720575940915253823,4
720575940940380075,720575940939715909,1
720575940940380075,720575940878326395,4
720575940940380075,720575940903751971,2
720575940940380075,720575940915256127,2
720575940940380075,720575940903414541,1
720575940940380075,720575940900963269,3
720575940940380075,720575940859648663,1
720575940940380075,720575940899433517,3
720575940940380075,720575940899433773,1
720575940940380075,720575940892204542,1
720575940940380075,720575940888216655,1
720575940940380075,720575940899291016,1
720575940940380075,720575940890111288,2
720575940940380075,720575940920881320,5
720575940940380075,720575940891185846,2
720575940940380075,720575940900033476,1
720575940940380075,720575940881055666,2
720575940940380075,720575940908782425,1
720575940940380075,720575940903188925,1
720575940940380075,720575940946223236,3
720575940940380075,720575940894664404,1
720575940940380075,720575940903415565,2
720575940940380075,720575940883908636,1
720575940940380075,720575940894196379,1
720575940940380075,720575940916236035,2
720575940940380075,720575940875843901,2
720575940908781145,720575940922949405,1
720575940908781145,720575940917429907,1
720575940908781145,720575940937221662,1
720575940908781145,720575940881935355,2
720575940908781145,720575940891181902,1
720575940908781145,720575940918316341,1
720575940908781145,720575940927248352,1
720575940908781145,720575940902624978,3
720575940908781145,720575940941124460,1
720575940908781145,720575940885432678,3
720575940908781145,720575940881936465,1
720575940908781145,720575940902634194,2
720575940908781145,720575940915253823,3
720575940908781145,720575940922957341,2
720575940908781145,720575940878326395,5
720575940908781145,720575940903414541,4
720575940908781145,720575940900963269,1
720575940908781145,720575940894647859,1
720575940908781145,720575940899433517,3
720575940908781145,720575940899433773,1
720575940908781145,720575940920037245,10
720575940908781145,720575940891185846,2
720575940908781145,720575940917531755,1
720575940908781145,720575940900033476,2
720575940908781145,720575940917852811,1
720575940908781145,720575940881055666,2
720575940908781145,720575940946223236,5
720575940908781145,720575940903415565,9
720575940908781145,720575940875854397,2
720575940908781145,720575940882093178,1
720575940908781145,720575940894196379,1
720575940881620931,720575940922949405,2
720575940881620931,720575940917429907,1
720575940881620931,720575940888793434,2
720575940881620931,720575940897460886,1
720575940881620931,720575940891194446,1
720575940881620931,720575940861450226,4
720575940881620931,720575940930905464,2
720575940881620931,720575940899281090,3
720575940881620931,720575940917780131,3
720575940881620931,720575940890107704,1
720575940881620931,720575940923272236,3
720575940881620931,720575940890108216,1
720575940881620931,720575940861447666,4
720575940881620931,720575940921525267,2
720575940881620931,720575940882672796,2
720575940881620931,720575940915253823,1
720575940881620931,720575940939715909,1
720575940881620931,720575940894662868,1
720575940881620931,720575940922957341,1
720575940881620931,720575940880837650,1
720575940881620931,720575940900963269,1
720575940881620931,720575940909797811,1
720575940881620931,720575940893156522,2
720575940881620931,720575940922795818,1
720575940881620931,720575940919632133,3
720575940881620931,720575940920456848,9
720575940881620931,720575940928343548,1
720575940881620931,720575940877555511,2
720575940881620931,720575940917852811,3
720575940881620931,720575940910295881,9
720575940891181902,720575940922949405,2
720575940891181902,720575940899282056,1
720575940891181902,720575940917429907,1
720575940891181902,720575940937221662,6
720575940891181902,720575940897460886,4
720575940891181902,720575940881935355,1
720575940891181902,720575940900956101,1
720575940891181902,720575940878956340,2
720575940891181902,720575940912929024,3
720575940891181902,720575940890245126,3
720575940891181902,720575940906113851,1
720575940891181902,720575940940380075,1
720575940891181902,720575940880875929,1
720575940891181902,720575940899281090,1
720575940891181902,720575940917780131,5
720575940891181902,720575940878312571,1
720575940891181902,720575940885432678,3
720575940891181902,720575940890107704,2
720575940891181902,720575940881936465,1
720575940891181902,720575940921525267,1
720575940891181902,720575940882672796,3
720575940891181902,720575940915253823,11
720575940891181902,720575940897454998,1
720575940891181902,720575940939715909,2
720575940891181902,720575940922957341,9
720575940891181902,720575940878326395,2
720575940891181902,720575940903414541,4
720575940891181902,720575940900963269,2
720575940891181902,720575940899433517,1
720575940891181902,720575940927184920,1
720575940891181902,720575940920037245,6
720575940891181902,720575940891185846,2
720575940891181902,720575940919632133,3
720575940891181902,720575940928343548,1
720575940891181902,720575940937857965,2
720575940891181902,720575940877555511,4
720575940891181902,720575940917852811,8
720575940891181902,720575940881055666,3
720575940891181902,720575940905042902,7
720575940891181902,720575940905043670,3
720575940891181902,720575940905043926,2
720575940891181902,720575940903188925,1
720575940891181902,720575940946223236,1
720575940891181902,720575940894664404,1
720575940891181902,720575940903415565,3
720575940891181902,720575940884925028,1
720575940891181902,720575940881624259,2
720575940891181902,720575940888829455,2
720575940891181902,720575940899607728,2
720575940891181902,720575940920467088,1
720575940891181902,720575940916236035,2
720575940889238903,720575940941106028,3
720575940889238903,720575940899282056,2
720575940889238903,720575940917429907,2
720575940889238903,720575940904086480,2
720575940889238903,720575940918750769,2
720575940889238903,720575940895353262,2
720575940889238903,720575940883197911,1
720575940889238903,720575940878956340,5
720575940889238903,720575940912929024,3
720575940889238903,720575940890245126,3
720575940889238903,720575940906113851,1
720575940889238903,720575940908781145,1
720575940889238903,720575940891181902,2
720575940889238903,720575940885432678,1
720575940889238903,720575940890107704,2
720575940889238903,720575940881936465,4
720575940889238903,720575940886540578,1
720575940889238903,720575940894662868,2
720575940889238903,720575940922957341,1
720575940889238903,720575940922795818,1
720575940889238903,720575940878955572,1
720575940889238903,720575940920037245,3
720575940889238903,720575940891185846,2
720575940889238903,720575940919632133,2
720575940889238903,720575940890962241,1
720575940889238903,720575940883201751,2
720575940889238903,720575940882117920,2
720575940889238903,720575940928343548,5
720575940889238903,720575940937857965,8
720575940889238903,720575940877555511,4
720575940889238903,720575940917852811,6
720575940889238903,720575940888799761,1
720575940889238903,720575940881055666,2
720575940889238903,720575940905042902,7
720575940889238903,720575940905043670,12
720575940889238903,720575940905043926,4
720575940889238903,720575940908782425,3
720575940889238903,720575940903188925,1
720575940889238903,720575940946223236,2
720575940889238903,720575940903415565,4
720575940889238903,720575940875854397,4
720575940889238903,720575940898432765,2
720575940889238903,720575940888731665,6
720575940889238903,720575940880850833,3
720575940889238903,720575940895281326,2
720575940889238903,720575940887194266,1
720575940889238903,720575940881974650,1
720575940889238903,720575940905050934,1
720575940889238903,720575940913491825,8
720575940889238903,720575940940386475,1
720575940889238903,720575940888829455,3
720575940889238903,720575940882093178,2
720575940889238903,720575940899861391,1
720575940899283650,720575940909769176,1
720575940899283650,720575940918750769,5
720575940899283650,720575940891183798,6
720575940899283650,720575940900956101,4
720575940899283650,720575940891194446,1
720575940899283650,720575940861450226,1
720575940899283650,720575940878956340,2
720575940899283650,720575940912929024,1
720575940899283650,720575940890245126,2
720575940899283650,720575940930905464,8
720575940899283650,720575940906113851,3
720575940899283650,720575940886853257,1
720575940899283650,720575940917422227,1
720575940899283650,720575940923272236,2
720575940899283650,720575940861447666,2
720575940899283650,720575940891783079,1
720575940899283650,720575940891518756,1
720575940899283650,720575940886540578,1
720575940899283650,720575940910607129,1
720575940899283650,720575940899291016,1
720575940899283650,720575940927184920,1
720575940899283650,720575940920881320,2
720575940899283650,720575940900033476,1
720575940899283650,720575940919632133,1
720575940899283650,720575940883201751,1
720575940899283650,720575940920456848,1
720575940899283650,720575940902629074,10
720575940899283650,720575940888799761,19
720575940899283650,720575940881055666,8
720575940899283650,720575940905042902,5
720575940899283650,720575940905043926,19
720575940899283650,720575940903188925,4
720575940899283650,720575940946223236,1
720575940899283650,720575940894664404,2
720575940899283650,720575940903415565,1
720575940899283650,720575940875854397,1
720575940899283650,720575940910295881,8
720575940899283650,720575940898432765,1
720575940899283650,720575940888731665,10
720575940899283650,720575940895281326,2
720575940899283650,720575940887194266,1
720575940899283650,720575940881974650,6
720575940899283650,720575940963340820,1
720575940899283650,720575940913491825,4
720575940899283650,720575940924205189,1
720575940899283650,720575940888829455,9
720575940899283650,720575940882093178,1
720575940899283650,720575940920467088,1
720575940899283650,720575940899861391,1
720575940880875929,720575940903679779,1
720575940880875929,720575940878916148,2
720575940880875929,720575940909769176,1
720575940880875929,720575940912535686,2
720575940880875929,720575940869443690,1
720575940880875929,720575940891183798,2
720575940880875929,720575940878956340,1
720575940880875929,720575940906113851,1
720575940880875929,720575940891181902,1
720575940880875929,720575940894647859,1
720575940880875929,720575940909797811,1
720575940880875929,720575940920027261,1
720575940880875929,720575940891185846,1
720575940880875929,720575940919632133,2
720575940880875929,720575940928343548,4
720575940880875929,720575940937857965,32
720575940880875929,720575940877555511,3
720575940880875929,720575940917852811,11
720575940880875929,720575940902629074,2
720575940880875929,720575940888799761,6
720575940880875929,720575940888793178,1
720575940880875929,720575940881055666,1
720575940880875929,720575940905042902,20
720575940880875929,720575940905043670,27
720575940880875929,720575940905043926,14
720575940880875929,720575940903188925,6
720575940880875929,720575940946223236,4
720575940880875929,720575940894664404,18
720575940880875929,720575940903415565,1
720575940880875929,720575940881974650,1
720575940880875929,720575940921478163,1
720575940880875929,720575940886574602,1
720575940880875929,720575940883908636,1
720575940880875929,720575940888829455,7
720575940880875929,720575940882093178,1
720575940880875929,720575940878345851,1
720575940901384751,720575940899282056,2
720575940901384751,720575940909393947,1
720575940901384751,720575940877501751,1
720575940901384751,720575940894647347,1
720575940901384751,720575940894178664,4
720575940901384751,720575940918750769,1
720575940901384751,720575940895353262,1
720575940901384751,720575940896736698,1
720575940901384751,720575940893395733,1
720575940901384751,720575940903370509,1
720575940901384751,720575940869443690,1
720575940901384751,720575940891183798,1
720575940901384751,720575940924182661,1
720575940901384751,720575940900956101,2
720575940901384751,720575940878956340,3
720575940901384751,720575940912929024,3
720575940901384751,720575940890245126,1
720575940901384751,720575940930905464,1
720575940901384751,720575940940380075,2
720575940901384751,720575940908781145,3
720575940901384751,720575940918316341,1
720575940901384751,720575940917780131,1
720575940901384751,720575940927248352,1
720575940901384751,720575940937862061,1
720575940901384751,720575940890107704,2
720575940901384751,720575940886540578,1
720575940901384751,720575940910607129,1
720575940901384751,720575940899432749,1
720575940901384751,720575940922795818,1
720575940901384751,720575940927184920,1
720575940901384751,720575940880005762,1
720575940901384751,720575940920881320,3
720575940901384751,720575940920037245,2
720575940901384751,720575940917531755,1
720575940901384751,720575940900033476,3
720575940901384751,720575940919632133,1
720575940901384751,720575940890962241,16
720575940901384751,720575940883201751,6
720575940901384751,720575940902629074,2
720575940901384751,720575940888799761,7
720575940901384751,720575940888793178,1
720575940901384751,720575940881055666,12
720575940901384751,720575940905042902,1
720575940901384751,720575940905043670,1
720575940901384751,720575940905043926,9
720575940901384751,720575940884057772,1
720575940901384751,720575940908782425,22
720575940901384751,720575940903188925,21
720575940901384751,720575940946223236,17
720575940901384751,720575940894664404,15
720575940901384751,720575940903415565,6
720575940901384751,720575940875854397,8
720575940901384751,720575940888731665,1
720575940901384751,720575940880850833,1
720575940901384751,720575940895281326,1
720575940901384751,720575940881974650,2
720575940901384751,720575940890018996,1
720575940901384751,720575940963340820,2
720575940901384751,720575940905050934,1
720575940901384751,720575940913491825,3
720575940901384751,720575940890939713,1
720575940901384751,720575940883908636,1
720575940901384751,720575940888829455,1
720575940901384751,720575940882093178,7
720575940918316341,720575940922949405,1
720575940918316341,720575940918750769,1
720575940918316341,720575940899153235,1
720575940918316341,720575940916016480,1
720575940918316341,720575940881935355,1
720575940918316341,720575940869443690,1
720575940918316341,720575940891183798,3
720575940918316341,720575940900956101,2
720575940918316341,720575940902703006,1
720575940918316341,720575940878956340,5
720575940918316341,720575940912929024,2
720575940918316341,720575940890245126,6
720575940918316341,720575940906113851,3
720575940918316341,720575940940380075,1
720575940918316341,720575940908781145,5
720575940918316341,720575940889238903,1
720575940918316341,720575940886540578,2
720575940918316341,720575940883198679,1
720575940918316341,720575940903414541,1
720575940918316341,720575940900963269,2
720575940918316341,720575940894647859,2
720575940918316341,720575940910607129,1
720575940918316341,720575940859648663,2
720575940918316341,720575940892204542,1
720575940918316341,720575940878955572,1
720575940918316341,720575940920037245,1
720575940918316341,720575940900033476,1
720575940918316341,720575940882117920,1
720575940918316341,720575940920456848,1
720575940918316341,720575940917852811,1
720575940918316341,720575940902629074,1
720575940918316341,720575940888793178,27
720575940918316341,720575940881055666,10
720575940918316341,720575940905043926,1
720575940918316341,720575940884057772,1
720575940918316341,720575940908782425,17
720575940918316341,720575940903188925,9
720575940918316341,720575940946223236,4
720575940918316341,720575940894664404,4
720575940918316341,720575940903415565,3
720575940918316341,720575940875854397,17
720575940918316341,720575940898432765,1
720575940918316341,720575940888731665,9
720575940918316341,720575940880850833,1
720575940918316341,720575940881974650,1
720575940918316341,720575940890018996,7
720575940918316341,720575940963340820,2
720575940918316341,720575940913491825,8
720575940918316341,720575940883908636,1
720575940918316341,720575940888829455,2
720575940918316341,720575940882093178,2
720575940899281090,720575940941106028,1
720575940899281090,720575940899282056,1
720575940899281090,720575940878916148,1
720575940899281090,720575940900956101,1
720575940899281090,720575940883197911,2
720575940899281090,720575940891181902,1
720575940899281090,720575940885432678,2
720575940899281090,720575940890107704,1
720575940899281090,720575940882160356,1
720575940899281090,720575940923272236,1
720575940899281090,720575940861447666,1
720575940899281090,720575940882672796,8
720575940899281090,720575940897454998,3
720575940899281090,720575940886540578,1
720575940899281090,720575940922957341,4
720575940899281090,720575940881935185,1
720575940899281090,720575940903414541,1
720575940899281090,720575940878955572,1
720575940899281090,720575940920027261,1
720575940899281090,720575940891185846,6
720575940899281090,720575940919632133,1
720575940899281090,720575940920456848,16
720575940899281090,720575940928343548,7
720575940899281090,720575940937857965,5
720575940899281090,720575940877555511,14
720575940899281090,720575940917852811,16
720575940899281090,720575940888799761,1
720575940899281090,720575940881055666,1
720575940899281090,720575940905042902,10
720575940899281090,720575940905043670,2
720575940899281090,720575940905043926,1
720575940899281090,720575940894664404,2
720575940899281090,720575940903415565,1
720575940899281090,720575940910295881,1
720575940899281090,720575940896702138,1
720575940899281090,720575940898432765,1
720575940899281090,720575940880850833,1
720575940899281090,720575940895281326,1
720575940899281090,720575940890018996,2
720575940899281090,720575940905050934,1
720575940899281090,720575940913491825,1
720575940899281090,720575940902518994,1
720575940899281090,720575940899607728,3
720575940899281090,720575940905121334,1
720575940917780131,720575940941106028,2
720575940917780131,720575940899282056,3
720575940917780131,720575940904086480,1
720575940917780131,720575940881607875,1
720575940917780131,720575940894647347,1
720575940917780131,720575940900956101,1
720575940917780131,720575940878956340,1
720575940917780131,720575940912929024,1
720575940917780131,720575940906113851,2
720575940917780131,720575940940380075,1
720575940917780131,720575940891181902,2
720575940917780131,720575940878312571,1
720575940917780131,720575940907584340,1
720575940917780131,720575940886540578,1
720575940917780131,720575940922957341,1
720575940917780131,720575940905041878,2
720575940917780131,720575940900963269,1
720575940917780131,720575940894647859,1
720575940917780131,720575940909797811,3
720575940917780131,720575940922795818,1
720575940917780131,720575940859648663,2
720575940917780131,720575940878955572,1
720575940917780131,720575940899434029,1
720575940917780131,720575940920881320,1
720575940917780131,720575940891185846,1
720575940917780131,720575940919632133,1
720575940917780131,720575940882117920,1
720575940917780131,720575940920456848,2
720575940917780131,720575940928343548,11
720575940917780131,720575940937857965,6
720575940917780131,720575940877555511,5
720575940917780131,720575940917852811,7
720575940917780131,720575940888799761,6
720575940917780131,720575940881055666,1
720575940917780131,720575940905042902,2
720575940917780131,720575940905043670,7
720575940917780131,720575940905043926,2
720575940917780131,720575940946223236,4
720575940917780131,720575940894664404,4
720575940917780131,720575940910295881,1
720575940917780131,720575940898432765,1
720575940917780131,720575940888731665,1
720575940917780131,720575940895281326,2
720575940917780131,720575940881974650,1
720575940917780131,720575940963340820,2
720575940917780131,720575940905050934,2
720575940917780131,720575940913491825,1
720575940917780131,720575940888829455,1
720575940917780131,720575940899861391,1
720575940927248352,720575940922949405,1
720575940927248352,720575940917429907,1
720575940927248352,720575940909393947,1
720575940927248352,720575940904086480,1
720575940927248352,720575940909769176,1
720575940927248352,720575940894178664,3
720575940927248352,720575940908386564,2
720575940927248352,720575940895353262,10
720575940927248352,720575940927109144,1
720575940927248352,720575940891183798,4
720575940927248352,720575940924182661,1
720575940927248352,720575940900956101,11
720575940927248352,720575940902703006,3
720575940927248352,720575940878956340,14
720575940927248352,720575940912929024,3
720575940927248352,720575940890245126,11
720575940927248352,720575940906113851,10
720575940927248352,720575940940380075,14
720575940927248352,720575940908781145,38
720575940927248352,720575940891181902,5
720575940927248352,720575940899283650,5
720575940927248352,720575940880875929,2
720575940927248352,720575940901384751,12
720575940927248352,720575940918316341,7
720575940927248352,720575940899281090,1
720575940927248352,720575940917780131,2
720575940927248352,720575940937862061,2
720575940927248352,720575940948987670,4
720575940927248352,720575940883729656,3
720575940927248352,720575940941124460,6
720575940927248352,720575940880839442,1
720575940927248352,720575940885432678,13
720575940927248352,720575940890107704,21
720575940927248352,720575940902634194,1
720575940927248352,720575940915253823,29
720575940927248352,720575940897454998,2
720575940927248352,720575940886540578,1
720575940927248352,720575940922957341,4
720575940927248352,720575940878326395,5
720575940927248352,720575940903751971,2
720575940927248352,720575940903414541,9
720575940927248352,720575940894116163,1
720575940927248352,720575940910607129,4
720575940927248352,720575940890111288,1
720575940927248352,720575940920881320,4
720575940927248352,720575940920037245,6
720575940927248352,720575940891185846,3
720575940927248352,720575940900033476,3
720575940927248352,720575940877555511,1
720575940927248352,720575940905042902,2
720575940927248352,720575940894664404,1
720575940927248352,720575940903415565,9
720575940927248352,720575940884925028,1
720575940927248352,720575940898432765,1
720575940927248352,720575940887194266,1
720575940927248352,720575940882093178,2
720575940937862061,720575940917429907,2
720575940937862061,720575940909393947,1
720575940937862061,720575940877501751,1
720575940937862061,720575940914883824,1
720575940937862061,720575940891164342,5
720575940937862061,720575940878916148,1
720575940937862061,720575940894178664,2
720575940937862061,720575940912535686,1
720575940937862061,720575940908386564,1
720575940937862061,720575940895353262,5
720575940937862061,720575940916016480,3
720575940937862061,720575940896736698,2
720575940937862061,720575940881935355,3
720575940937862061,720575940869443690,1
720575940937862061,720575940891183798,11
720575940937862061,720575940900956101,18
720575940937862061,720575940878956340,11
720575940937862061,720575940912929024,1
720575940937862061,720575940940380075,28
720575940937862061,720575940908781145,40
720575940937862061,720575940881620931,1
720575940937862061,720575940891181902,6
720575940937862061,720575940889238903,5
720575940937862061,720575940899283650,3
720575940937862061,720575940880875929,3
720575940937862061,720575940901384751,19
720575940937862061,720575940918316341,1
720575940937862061,720575940899281090,5
720575940937862061,720575940917780131,3
720575940937862061,720575940927248352,4
720575940937862061,720575940948987670,1
720575940937862061,720575940907584340,2
720575940937862061,720575940902624978,2
720575940937862061,720575940890107704,1
720575940937862061,720575940902634194,2
720575940937862061,720575940915253823,6
720575940937862061,720575940886540578,1
720575940937862061,720575940922957341,3
720575940937862061,720575940878326395,2
720575940937862061,720575940903414541,3
720575940937862061,720575940900963269,1
720575940937862061,720575940894647859,7
720575940937862061,720575940920037245,3
720575940937862061,720575940891185846,1
720575940937862061,720575940900033476,1
720575940937862061,720575940905042902,1
720575940937862061,720575940905043926,1
720575940937862061,720575940946223236,1
720575940937862061,720575940903415565,3
720575940937862061,720575940888829455,1
720575940878312571,720575940941106028,2
720575940878312571,720575940881607875,1
720575940878312571,720575940878916148,2
720575940878312571,720575940875116119,1
720575940878312571,720575940900956101,16
720575940878312571,720575940891194446,6
720575940878312571,720575940883197911,22
720575940878312571,720575940878956340,3
720575940878312571,720575940912929024,4
720575940878312571,720575940906113851,9
720575940878312571,720575940940380075,3
720575940878312571,720575940891181902,16
720575940878312571,720575940889238903,2
720575940878312571,720575940899281090,5
720575940878312571,720575940948987670,1
720575940878312571,720575940907584340,2
720575940878312571,720575940902634194,1
720575940878312571,720575940882672796,2
720575940878312571,720575940894662868,1
720575940878312571,720575940922957341,3
720575940878312571,720575940900963269,1
720575940878312571,720575940894647859,1
720575940878312571,720575940920037245,4
720575940878312571,720575940891185846,4
720575940878312571,720575940919632133,3
720575940878312571,720575940928343548,3
720575940878312571,720575940877555511,2
720575940878312571,720575940917852811,3
720575940878312571,720575940905043670,3
720575940895289006,720575940914883824,1
720575940895289006,720575940899153235,1
720575940895289006,720575940905061686,2
720575940895289006,720575940895353262,1
720575940895289006,720575940916016480,3
720575940895289006,720575940891183798,12
720575940895289006,720575940900956101,4
720575940895289006,720575940902703006,12
720575940895289006,720575940878956340,8
720575940895289006,720575940890245126,4
720575940895289006,720575940930905464,1
720575940895289006,720575940906113851,5
720575940895289006,720575940940380075,8
720575940895289006,720575940908781145,3
720575940895289006,720575940899283650,2
720575940895289006,720575940880875929,6
720575940895289006,720575940901384751,4
720575940895289006,720575940918316341,11
720575940895289006,720575940917780131,3
720575940895289006,720575940937862061,1
720575940895289006,720575940907584340,1
720575940895289006,720575940941124460,2
720575940895289006,720575940880839442,1
720575940895289006,720575940890107704,4
720575940895289006,720575940915253823,3
720575940895289006,720575940897454998,1
720575940895289006,720575940886540578,1
720575940895289006,720575940922957341,1
720575940895289006,720575940927184920,3
720575940895289006,720575940920037245,2
720575940895289006,720575940900033476,1
720575940895289006,720575940919632133,3
720575940895289006,720575940881055666,1
720575940895289006,720575940908782425,1
720575940895289006,720575940894664404,1
720575940895289006,720575940894196379,1
720575940888165967,720575940890900801,3
720575940888165967,720575940861447666,6
720575940888165967,720575940921525267,9
720575940888165967,720575940894662868,2
720575940888165967,720575940883198679,2
720575940888165967,720575940905041878,1
720575940888165967,720575940880837650,5
720575940888165967,720575940881935185,1
720575940888165967,720575940894116163,3
720575940888165967,720575940920027261,12
720575940886853257,720575940917429907,2
720575940886853257,720575940922709290,1
720575940886853257,720575940894647347,1
720575940886853257,720575940909769176,2
720575940886853257,720575940918750769,4
720575940886853257,720575940905061686,1
720575940886853257,720575940897460886,2
720575940886853257,720575940891183798,41
720575940886853257,720575940900956101,12
720575940886853257,720575940878956340,8
720575940886853257,720575940912929024,1
720575940886853257,720575940890245126,3
720575940886853257,720575940930905464,25
720575940886853257,720575940906113851,5
720575940886853257,720575940940380075,19
720575940886853257,720575940908781145,7
720575940886853257,720575940881620931,3
720575940886853257,720575940891181902,5
720575940886853257,720575940889238903,1
720575940886853257,720575940899283650,6
720575940886853257,720575940880875929,9
720575940886853257,720575940901384751,5
720575940886853257,720575940899281090,3
720575940886853257,720575940917780131,3
720575940886853257,720575940895289006,1
720575940886853257,720575940948987670,1
720575940886853257,720575940907584340,6
720575940886853257,720575940883729656,7
720575940886853257,720575940902624978,4
720575940886853257,720575940885432678,1
720575940886853257,720575940890107704,2
720575940886853257,720575940915253823,2
720575940886853257,720575940922957341,2
720575940886853257,720575940894647859,1
720575940886853257,720575940927184920,1
720575940886853257,720575940920037245,1
720575940886853257,720575940891185846,1
720575940886853257,720575940900033476,1
720575940886853257,720575940919632133,4
720575940886853257,720575940881055666,2
720575940886853257,720575940905042902,2
720575940886853257,720575940903415565,1
720575940886853257,720575940910295881,1
720575940886853257,720575940885439590,2
720575940886853257,720575940883908636,1
720575940890900801,720575940937848237,2
720575940890900801,720575940861450226,2
720575940890900801,720575940888165967,3
720575940890900801,720575940861447666,2
720575940890900801,720575940880837650,1
720575940948987670,720575940904086480,1
720575940948987670,720575940878916148,1
720575940948987670,720575940875116119,1
720575940948987670,720575940912535686,1
720575940948987670,720575940937848237,1
720575940948987670,720575940891183798,1
720575940948987670,720575940900956101,9
720575940948987670,720575940883197911,3
720575940948987670,720575940878956340,6
720575940948987670,720575940912929024,12
720575940948987670,720575940906113851,7
720575940948987670,720575940940380075,10
720575940948987670,720575940891181902,12
720575940948987670,720575940889238903,6
720575940948987670,720575940899283650,2
720575940948987670,720575940880875929,4
720575940948987670,720575940918316341,2
720575940948987670,720575940899281090,6
720575940948987670,720575940917780131,9
720575940948987670,720575940927248352,2
720575940948987670,720575940937862061,1
720575940948987670,720575940907584340,2
720575940948987670,720575940883729656,1
720575940948987670,720575940885432678,1
720575940948987670,720575940881936465,1
720575940948987670,720575940902634194,2
720575940948987670,720575940882672796,9
720575940948987670,720575940915253823,2
720575940948987670,720575940894662868,2
720575940948987670,720575940883198679,1
720575940948987670,720575940922957341,6
720575940948987670,720575940903751971,1
720575940948987670,720575940894647859,1
720575940948987670,720575940927184920,2
720575940948987670,720575940920027261,3
720575940948987670,720575940920037245,5
720575940948987670,720575940891185846,4
720575940948987670,720575940919632133,1
720575940948987670,720575940877555511,4
720575940948987670,720575940917852811,8
720575940948987670,720575940882093178,1
720575940948987670,720575940899607728,1
720575940948987670,720575940916236035,1
720575940907584340,720575940899282056,1
720575940907584340,720575940904086480,1
720575940907584340,720575940914883824,2
720575940907584340,720575940922709290,1
720575940907584340,720575940891164342,3
720575940907584340,720575940903679779,1
720575940907584340,720575940875116119,3
720575940907584340,720575940912535686,1
720575940907584340,720575940918750769,1
720575940907584340,720575940905061686,1
720575940907584340,720575940897460886,1
720575940907584340,720575940937848237,1
720575940907584340,720575940891183798,30
720575940907584340,720575940900956101,16
720575940907584340,720575940878956340,6
720575940907584340,720575940912929024,1
720575940907584340,720575940930905464,2
720575940907584340,720575940906113851,3
720575940907584340,720575940940380075,20
720575940907584340,720575940908781145,5
720575940907584340,720575940881620931,3
720575940907584340,720575940891181902,9
720575940907584340,720575940889238903,5
720575940907584340,720575940899283650,14
720575940907584340,720575940880875929,19
720575940907584340,720575940901384751,3
720575940907584340,720575940918316341,3
720575940907584340,720575940899281090,6
720575940907584340,720575940917780131,11
720575940907584340,720575940937862061,5
720575940907584340,720575940878312571,1
720575940907584340,720575940886853257,3
720575940907584340,720575940948987670,1
720575940907584340,720575940883729656,6
720575940907584340,720575940902624978,5
720575940907584340,720575940885432678,1
720575940907584340,720575940915253823,2
720575940907584340,720575940922957341,2
720575940907584340,720575940894647859,1
720575940907584340,720575940920037245,4
720575940907584340,720575940891185846,1
720575940907584340,720575940919632133,1
720575940907584340,720575940917852811,1
720575940907584340,720575940881055666,2
720575940907584340,720575940888829455,1
720575940883729656,720575940904086480,3
720575940883729656,720575940914883824,1
720575940883729656,720575940891164342,1
720575940883729656,720575940891183798,29
720575940883729656,720575940900956101,19
720575940883729656,720575940902703006,1
720575940883729656,720575940878956340,6
720575940883729656,720575940912929024,4
720575940883729656,720575940930905464,7
720575940883729656,720575940906113851,6
720575940883729656,720575940940380075,14
720575940883729656,720575940908781145,7
720575940883729656,720575940881620931,4
720575940883729656,720575940891181902,2
720575940883729656,720575940889238903,4
720575940883729656,720575940899283650,19
720575940883729656,720575940880875929,18
720575940883729656,720575940901384751,3
720575940883729656,720575940918316341,1
720575940883729656,720575940917780131,8
720575940883729656,720575940937862061,1
720575940883729656,720575940895289006,1
720575940883729656,720575940886853257,10
720575940883729656,720575940948987670,3
720575940883729656,720575940907584340,4
720575940883729656,720575940890107704,1
720575940883729656,720575940923272236,2
720575940883729656,720575940915253823,6
720575940883729656,720575940886540578,1
720575940883729656,720575940883198679,3
720575940883729656,720575940922957341,3
720575940883729656,720575940878326395,1
720575940883729656,720575940910607129,1
720575940883729656,720575940932846484,1
720575940883729656,720575940927184920,1
720575940883729656,720575940920027261,1
720575940883729656,720575940878955828,1
720575940883729656,720575940920037245,5
720575940883729656,720575940891185846,1
720575940883729656,720575940900033476,2
720575940883729656,720575940919632133,6
720575940883729656,720575940883201751,1
720575940883729656,720575940917852811,1
720575940883729656,720575940902629074,1
720575940883729656,720575940905121334,1
720575940883729656,720575940920467088,2
720575940896732090,720575940922949405,2
720575940896732090,720575940899282056,2
720575940896732090,720575940917429907,3
720575940896732090,720575940896736698,3
720575940896732090,720575940881935355,1
720575940896732090,720575940924182661,10
720575940896732090,720575940878956340,1
720575940896732090,720575940890245126,7
720575940896732090,720575940940380075,1
720575940896732090,720575940885432678,1
720575940896732090,720575940902634194,1
720575940896732090,720575940915253823,2
720575940896732090,720575940897454998,6
720575940896732090,720575940922957341,1
720575940896732090,720575940889924328,1
720575940896732090,720575940878326395,8
720575940896732090,720575940903414541,5
720575940896732090,720575940900963269,1
720575940896732090,720575940894116163,1
720575940896732090,720575940899433517,4
720575940896732090,720575940899433773,1
720575940896732090,720575940927244768,2
720575940896732090,720575940927184920,1
720575940896732090,720575940890111288,2
720575940896732090,720575940878955828,2
720575940896732090,720575940920037245,3
720575940896732090,720575940900033476,3
720575940896732090,720575940892205566,1
720575940896732090,720575940908782425,1
720575940896732090,720575940884925028,1
720575940896732090,720575940878345851,1
720575940896732090,720575940884147967,1
720575940902624978,720575940922949405,1
720575940902624978,720575940917429907,2
720575940902624978,720575940888793434,1
720575940902624978,720575940914883824,1
720575940902624978,720575940922709290,1
720575940902624978,720575940899153235,1
720575940902624978,720575940908386564,1
720575940902624978,720575940895353262,2
720575940902624978,720575940916016480,4
720575940902624978,720575940927109144,1
720575940902624978,720575940897460886,1
720575940902624978,720575940881935355,1
720575940902624978,720575940891183798,17
720575940902624978,720575940900956101,15
720575940902624978,720575940878956340,13
720575940902624978,720575940912929024,2
720575940902624978,720575940890245126,3
720575940902624978,720575940906113851,3
720575940902624978,720575940940380075,18
720575940902624978,720575940908781145,9
720575940902624978,720575940891181902,4
720575940902624978,720575940889238903,5
720575940902624978,720575940899283650,2
720575940902624978,720575940880875929,4
720575940902624978,720575940901384751,2
720575940902624978,720575940918316341,2
720575940902624978,720575940899281090,3
720575940902624978,720575940917780131,3
720575940902624978,720575940937862061,2
720575940902624978,720575940886853257,2
720575940902624978,720575940907584340,4
720575940902624978,720575940941124460,1
720575940902624978,720575940917422227,1
720575940902624978,720575940885432678,1
720575940902624978,720575940890107704,2
720575940902624978,720575940915253823,2
720575940902624978,720575940922957341,4
720575940902624978,720575940903751971,1
720575940902624978,720575940900963269,1
720575940902624978,720575940920881320,2
720575940902624978,720575940920037245,2
720575940902624978,720575940891185846,3
720575940902624978,720575940917531755,1
720575940902624978,720575940900033476,1
720575940902624978,720575940919632133,1
720575940902624978,720575940890962241,1
720575940902624978,720575940903188925,2
720575940902624978,720575940903415565,3
720575940902624978,720575940888829455,1
720575940902624978,720575940916236035,1
720575940941124460,720575940917429907,1
720575940941124460,720575940909393947,1
720575940941124460,720575940914883824,1
720575940941124460,720575940891164342,1
720575940941124460,720575940894647347,1
720575940941124460,720575940899153235,1
720575940941124460,720575940908386564,4
720575940941124460,720575940895353262,2
720575940941124460,720575940891183798,13
720575940941124460,720575940900956101,14
720575940941124460,720575940902703006,9
720575940941124460,720575940878956340,8
720575940941124460,720575940912929024,1
720575940941124460,720575940890245126,6
720575940941124460,720575940906113851,7
720575940941124460,720575940940380075,13
720575940941124460,720575940908781145,21
720575940941124460,720575940889238903,5
720575940941124460,720575940899283650,4
720575940941124460,720575940880875929,5
720575940941124460,720575940901384751,12
720575940941124460,720575940918316341,11
720575940941124460,720575940899281090,1
720575940941124460,720575940917780131,8
720575940941124460,720575940927248352,6
720575940941124460,720575940886853257,1
720575940941124460,720575940948987670,4
720575940941124460,720575940880839442,2
720575940941124460,720575940885432678,3
720575940941124460,720575940890107704,19
720575940941124460,720575940902634194,1
720575940941124460,720575940882672796,1
720575940941124460,720575940915253823,10
720575940941124460,720575940897454998,2
720575940941124460,720575940894662868,1
720575940941124460,720575940922957341,9
720575940941124460,720575940878326395,2
720575940941124460,720575940915256127,1
720575940941124460,720575940903414541,4
720575940941124460,720575940899291016,2
720575940941124460,720575940927184920,2
720575940941124460,720575940890111288,1
720575940941124460,720575940920037245,6
720575940941124460,720575940900033476,1
720575940941124460,720575940919632133,1
720575940941124460,720575940881055666,10
720575940941124460,720575940905042902,2
720575940941124460,720575940894664404,2
720575940941124460,720575940903415565,2
720575940941124460,720575940883908636,1
720575940941124460,720575940920467088,1
720575940917422227,720575940896736698,1
720575940917422227,720575940881935355,1
720575940917422227,720575940937848237,2
720575940917422227,720575940891194446,3
720575940917422227,720575940861450226,9
720575940917422227,720575940883197911,16
720575940917422227,720575940930905464,19
720575940917422227,720575940881620931,19
720575940917422227,720575940899283650,7
720575940917422227,720575940899281090,2
720575940917422227,720575940923272236,3
720575940917422227,720575940902634194,1
720575940917422227,720575940891518756,1
720575940917422227,720575940939715909,1
720575940917422227,720575940922957341,1
720575940917422227,720575940927184920,3
720575940917422227,720575940891185846,1
720575940917422227,720575940919632133,1
720575940917422227,720575940910295881,2
720575940917422227,720575940881624259,1
720575940917422227,720575940888829455,2
720575940880839442,720575940899282056,1
720575940880839442,720575940875116119,1
720575940880839442,720575940895353262,3
720575940880839442,720575940916016480,1
720575940880839442,720575940891183798,4
720575940880839442,720575940900956101,4
720575940880839442,720575940891194446,1
720575940880839442,720575940878956340,11
720575940880839442,720575940912929024,10
720575940880839442,720575940890245126,29
720575940880839442,720575940906113851,17
720575940880839442,720575940940380075,1
720575940880839442,720575940908781145,2
720575940880839442,720575940889238903,2
720575940880839442,720575940899283650,1
720575940880839442,720575940901384751,1
720575940880839442,720575940918316341,1
720575940880839442,720575940917780131,1
720575940880839442,720575940927248352,2
720575940880839442,720575940948987670,1
720575940880839442,720575940883729656,1
720575940880839442,720575940885432678,18
720575940880839442,720575940890107704,7
720575940880839442,720575940916299357,9
720575940880839442,720575940882160356,3
720575940880839442,720575940923272236,1
720575940880839442,720575940920054001,2
720575940880839442,720575940881936465,3
720575940880839442,720575940877146203,3
720575940880839442,720575940902634194,21
720575940880839442,720575940882672796,13
720575940880839442,720575940915253823,16
720575940880839442,720575940939715909,4
720575940880839442,720575940886540578,4
720575940880839442,720575940894662868,7
720575940880839442,720575940883198679,8
720575940880839442,720575940889924328,1
720575940880839442,720575940878326395,1
720575940880839442,720575940903751971,6
720575940880839442,720575940915256127,4
720575940880839442,720575940903414541,3
720575940880839442,720575940894116163,1
720575940880839442,720575940894647859,1
720575940880839442,720575940878955572,1
720575940880839442,720575940927184920,2
720575940880839442,720575940890111288,3
720575940880839442,720575940917531755,1
720575940880839442,720575940919632133,4
720575940880839442,720575940894664404,1
720575940880839442,720575940903415565,1
720575940880839442,720575940881974650,6
720575940880839442,720575940901717479,1
720575940880839442,720575940899607728,1
720575940880839442,720575940894196379,2
720575940885432678,720575940902634194,1
720575940885432678,720575940903751971,1
720575940885432678,720575940915578005,3
720575940885432678,720575940927244256,1
720575940885432678,720575940899432749,1
720575940885432678,720575940899433005,1
720575940885432678,720575940909797811,2
720575940885432678,720575940893156522,2
720575940885432678,720575940922795818,3
720575940885432678,720575940859648663,1
720575940885432678,720575940927244768,2
720575940885432678,720575940891783335,1
720575940885432678,720575940899434029,1
720575940885432678,720575940920027261,1
720575940885432678,720575940890111288,2
720575940885432678,720575940891184310,2
720575940885432678,720575940891185846,2
720575940885432678,720575940917853067,8
720575940885432678,720575940928343548,1
720575940885432678,720575940887194266,1
720575940885432678,720575940918311989,1
720575940885432678,720575940882393805,2
720575940890107704,720575940905042134,1
720575940890107704,720575940927244256,2
720575940890107704,720575940918815793,5
720575940890107704,720575940927244512,1
720575940890107704,720575940899432749,1
720575940890107704,720575940909797811,4
720575940890107704,720575940865467295,1
720575940890107704,720575940893156522,4
720575940890107704,720575940922795818,4
720575940890107704,720575940859648663,7
720575940890107704,720575940899433261,6
720575940890107704,720575940899433517,2
720575940890107704,720575940899433773,1
720575940890107704,720575940927244768,1
720575940890107704,720575940896872522,2
720575940890107704,720575940891783335,5
720575940890107704,720575940892204542,3
720575940890107704,720575940878955572,5
720575940890107704,720575940899291016,2
720575940890107704,720575940927184920,1
720575940890107704,720575940899434029,1
720575940890107704,720575940920027261,4
720575940890107704,720575940890111288,3
720575940890107704,720575940880005762,3
720575940890107704,720575940891184310,15
720575940890107704,720575940920881320,9
720575940890107704,720575940920037245,3
720575940890107704,720575940891185846,1
720575940890107704,720575940917531755,4
720575940890107704,720575940900033476,2
720575940890107704,720575940919632133,2
720575940890107704,720575940917853067,2
720575940890107704,720575940892205566,5
720575940890107704,720575940877555511,1
720575940890107704,720575940903188925,1
720575940890107704,720575940918311989,1
720575940890107704,720575940921478163,4
720575940890107704,720575940888802138,1
720575940890107704,720575940886574602,2
720575940916299357,720575940878325883,2
720575940916299357,720575940927244768,3
720575940916299357,720575940927184920,1
720575940916299357,720575940917853067,3
720575940916299357,720575940895281326,1
720575940916299357,720575940881974650,2
720575940916299357,720575940890018996,1
720575940916299357,720575940918311989,4
720575940916299357,720575940913491825,2
720575940916299357,720575940902518994,2
720575940916299357,720575940889952699,2
720575940882160356,720575940921525267,1
720575940882160356,720575940915578005,1
720575940882160356,720575940896872522,2
720575940882160356,720575940932846484,1
720575940882160356,720575940884015788,1
720575940882160356,720575940905050934,1
720575940882160356,720575940901717479,1
720575940923272236,720575940927244512,1
720575940923272236,720575940922795818,3
720575940923272236,720575940859648663,1
720575940923272236,720575940891783335,4
720575940923272236,720575940899291016,2
720575940923272236,720575940927184920,1
720575940923272236,720575940920027261,2
720575940923272236,720575940890111288,2
720575940923272236,720575940880005762,1
720575940923272236,720575940891184310,2
720575940923272236,720575940920881320,1
720575940923272236,720575940891185846,1
720575940923272236,720575940940386475,2
720575940923272236,720575940921478163,1
720575940920054001,720575940883198679,1
720575940920054001,720575940905041878,2
720575940920054001,720575940880837650,2
720575940920054001,720575940881935185,1
720575940920054001,720575940915578005,5
720575940920054001,720575940917975893,1
720575940920054001,720575940927244512,2
720575940920054001,720575940909797811,1
720575940920054001,720575940859648663,1
720575940920054001,720575940927244768,1
720575940920054001,720575940896872522,4
720575940920054001,720575940891783335,2
720575940920054001,720575940892204542,1
720575940920054001,720575940937856941,1
720575940920054001,720575940927184920,6
720575940920054001,720575940880005762,10
720575940920054001,720575940891184310,6
720575940920054001,720575940917853067,1
720575940920054001,720575940882393805,1
720575940920054001,720575940925834822,1
720575940890108216,720575940921525267,2
720575940890108216,720575940882672796,2
720575940890108216,720575940894662868,4
720575940890108216,720575940883198679,1
720575940890108216,720575940905041878,3
720575940890108216,720575940915578005,1
720575940890108216,720575940884015788,1
720575940890108216,720575940917098044,1
720575940881936465,720575940890134196,3
720575940881936465,720575940885432678,7
720575940881936465,720575940890107704,1
720575940881936465,720575940878326395,4
720575940881936465,720575940910607129,1
720575940881936465,720575940927244256,1
720575940881936465,720575940918815793,2
720575940881936465,720575940899432749,1
720575940881936465,720575940899433517,1
720575940881936465,720575940899433773,1
720575940881936465,720575940927244768,1
720575940881936465,720575940899434029,1
720575940881936465,720575940890111288,4
720575940881936465,720575940878955828,4
720575940881936465,720575940920881320,4
720575940881936465,720575940920037245,4
720575940881936465,720575940919632133,2
720575940881936465,720575940892205566,1
720575940881936465,720575940888799761,1
720575940881936465,720575940865160474,3
720575940881936465,720575940896702138,1
720575940881936465,720575940888731665,2
720575940881936465,720575940884939979,1
720575940881936465,720575940915676096,1
720575940881936465,720575940909802419,2
720575940877146203,720575940890107704,1
720575940877146203,720575940882672796,1
720575940877146203,720575940905041878,13
720575940877146203,720575940915578005,1
720575940877146203,720575940909797811,2
720575940877146203,720575940922795818,3
720575940877146203,720575940891783335,5
720575940877146203,720575940937856941,1
720575940877146203,720575940927184920,2
720575940877146203,720575940880005762,2
720575940877146203,720575940891184310,2
720575940877146203,720575940920037245,6
720575940877146203,720575940891185846,1
720575940877146203,720575940919632133,4
720575940877146203,720575940888731665,2
720575940877146203,720575940895281326,2
720575940877146203,720575940887194266,1
720575940877146203,720575940881974650,1
720575940877146203,720575940918311989,2
720575940877146203,720575940913491825,1
720575940877146203,720575940890939713,1
720575940877146203,720575940894664201,1
720575940877146203,720575940882103072,1
720575940877146203,720575940883198167,1
720575940861447666,720575940920054001,1
720575940861447666,720575940921525267,1
720575940861447666,720575940897454998,1
720575940861447666,720575940886540578,2
720575940861447666,720575940883198679,3
720575940861447666,720575940880837650,3
720575940861447666,720575940903751971,2
720575940861447666,720575940917975893,2
720575940861447666,720575940918815793,1
720575940861447666,720575940927244512,8
720575940861447666,720575940909797811,1
720575940861447666,720575940922795818,3
720575940861447666,720575940859648663,4
720575940861447666,720575940899433261,2
720575940861447666,720575940899433517,2
720575940861447666,720575940896872522,1
720575940861447666,720575940878955572,1
720575940861447666,720575940927184920,10
720575940861447666,720575940920027261,1
720575940861447666,720575940880005762,6
720575940861447666,720575940891184310,2
720575940861447666,720575940920881320,1
720575940861447666,720575940920037245,4
720575940861447666,720575940917531755,3
720575940861447666,720575940878957108,1
720575940861447666,720575940919632133,2
720575940861447666,720575940917853067,1
720575940861447666,720575940892205566,1
720575940861447666,720575940913491825,1
720575940861447666,720575940882393805,3
720575940861447666,720575940883908892,1
720575940921525267,720575940883198679,6
720575940921525267,720575940905041878,2
720575940921525267,720575940880837650,1
720575940921525267,720575940881935185,1
720575940921525267,720575940915578005,2
720575940921525267,720575940917975893,6
720575940921525267,720575940927244512,2
720575940921525267,720575940893156522,2
720575940921525267,720575940896872522,4
720575940921525267,720575940892204542,1
720575940921525267,720575940937856941,1
720575940921525267,720575940918311989,1
720575940921525267,720575940901717479,1
720575940902634194,720575940920054001,4
720575940902634194,720575940894662868,2
720575940902634194,720575940922957341,1
720575940902634194,720575940927244512,1
720575940902634194,720575940922795818,1
720575940902634194,720575940859648663,1
720575940902634194,720575940899433261,1
720575940902634194,720575940899291016,5
720575940902634194,720575940920027261,1
720575940902634194,720575940920881320,1
720575940902634194,720575940920037245,1
720575940902634194,720575940881844049,1
720575940902634194,720575940895281326,1
720575940902634194,720575940963340820,2
720575940902634194,720575940905050934,1
720575940913573871,720575940927109144,1
720575940913573871,720575940883198679,2
720575940913573871,720575940927244256,1
720575940913573871,720575940899432749,3
720575940913573871,720575940899433517,1
720575940913573871,720575940891783335,1
720575940913573871,720575940899434029,3
720575940913573871,720575940878957108,3
720575940913573871,720575940888731665,1
720575940913573871,720575940887194266,1
720575940913573871,720575940881974650,1
720575940913573871,720575940890018996,1
720575940913573871,720575940918311989,2
720575940913573871,720575940890704372,1
720575940913573871,720575940913491825,2
720575940913573871,720575940914014910,5
720575940913573871,720575940924431938,3
720575940882672796,720575940921525267,1
720575940882672796,720575940883198679,1
720575940882672796,720575940905041878,1
720575940882672796,720575940918815793,1
720575940882672796,720575940899432749,4
720575940882672796,720575940909797811,10
720575940882672796,720575940893156522,1
720575940882672796,720575940922795818,9
720575940882672796,720575940859648663,21
720575940882672796,720575940899433517,2
720575940882672796,720575940891783335,6
720575940882672796,720575940878955572,2
720575940882672796,720575940932846484,1
720575940882672796,720575940927184920,2
720575940882672796,720575940890111288,2
720575940882672796,720575940880005762,1
720575940882672796,720575940878955828,1
720575940882672796,720575940891184310,8
720575940882672796,720575940920881320,4
720575940882672796,720575940920037245,3
720575940882672796,720575940891185846,1
720575940882672796,720575940917531755,5
720575940882672796,720575940918311989,2
720575940882672796,720575940921478163,2
720575940882672796,720575940928355836,2
720575940882672796,720575940888802138,1
720575940915253823,720575940882672796,1
720575940915253823,720575940939715909,1
720575940915253823,720575940886540578,1
720575940915253823,720575940915578005,1
720575940915253823,720575940909797811,14
720575940915253823,720575940865467295,2
720575940915253823,720575940893156522,2
720575940915253823,720575940922795818,3
720575940915253823,720575940859648663,13
720575940915253823,720575940899433261,1
720575940915253823,720575940899433773,1
720575940915253823,720575940927244768,2
720575940915253823,720575940896872522,1
720575940915253823,720575940891783335,1
720575940915253823,720575940878955572,2
720575940915253823,720575940937856941,1
720575940915253823,720575940932846484,1
720575940915253823,720575940920027261,5
720575940915253823,720575940890111288,10
720575940915253823,720575940878955828,1
720575940915253823,720575940891184310,7
720575940915253823,720575940920881320,4
720575940915253823,720575940920037245,1
720575940915253823,720575940891185846,11
720575940915253823,720575940917531755,13
720575940915253823,720575940900033476,2
720575940915253823,720575940919632133,2
720575940915253823,720575940892205566,6
720575940915253823,720575940878345595,1
720575940891783079,720575940883198679,2
720575940891783079,720575940905041878,1
720575940891783079,720575940915578005,5
720575940891783079,720575940917975893,3
720575940891783079,720575940927244512,2
720575940891783079,720575940922795818,2
720575940891783079,720575940859648663,1
720575940891783079,720575940927244768,1
720575940891783079,720575940896872522,3
720575940891783079,720575940937856941,4
720575940891783079,720575940927184920,4
720575940891783079,720575940920027261,1
720575940891783079,720575940880005762,4
720575940891783079,720575940891184310,3
720575940891783079,720575940920881320,2
720575940891783079,720575940891185846,2
720575940891783079,720575940917531755,2
720575940891783079,720575940878957108,1
720575940891783079,720575940919632133,1
720575940897454998,720575940885432678,1
720575940897454998,720575940877146203,1
720575940897454998,720575940902634194,1
720575940897454998,720575940883198679,1
720575940897454998,720575940922957341,1
720575940897454998,720575940905041878,2
720575940897454998,720575940903751971,3
720575940897454998,720575940894647859,1
720575940897454998,720575940915578005,5
720575940897454998,720575940927244256,2
720575940897454998,720575940918815793,10
720575940897454998,720575940927244512,2
720575940897454998,720575940899432749,3
720575940897454998,720575940899433005,9
720575940897454998,720575940909797811,10
720575940897454998,720575940865467295,1
720575940897454998,720575940878325883,1
720575940897454998,720575940893156522,1
720575940897454998,720575940922795818,4
720575940897454998,720575940859648663,8
720575940897454998,720575940899433261,3
720575940897454998,720575940899433517,3
720575940897454998,720575940899433773,1
720575940897454998,720575940927244768,6
720575940897454998,720575940896872522,1
720575940897454998,720575940891783335,5
720575940897454998,720575940892204542,5
720575940897454998,720575940878955572,11
720575940897454998,720575940937856941,1
720575940897454998,720575940932846484,1
720575940897454998,720575940899291016,1
720575940897454998,720575940899434029,1
720575940897454998,720575940920027261,3
720575940897454998,720575940890111288,5
720575940897454998,720575940880005762,1
720575940897454998,720575940878955828,3
720575940897454998,720575940891184310,3
720575940897454998,720575940920881320,5
720575940897454998,720575940920037245,3
720575940897454998,720575940891185846,2
720575940897454998,720575940917531755,12
720575940897454998,720575940878957108,1
720575940897454998,720575940900033476,1
720575940897454998,720575940919632133,11
720575940897454998,720575940917853067,5
720575940897454998,720575940892205566,2
720575940897454998,720575940928343548,1
720575940897454998,720575940917852811,1
720575940897454998,720575940903415565,1
720575940897454998,720575940875854397,1
720575940897454998,720575940918311989,4
720575940897454998,720575940875843901,1
720575940891518756,720575940897454998,1
720575940891518756,720575940883198679,1
720575940891518756,720575940922957341,1
720575940891518756,720575940878326395,1
720575940891518756,720575940880837650,2
720575940891518756,720575940917975893,1
720575940891518756,720575940927184920,2
720575940891518756,720575940905050934,1
720575940891518756,720575940902518994,2
720575940891518756,720575940914014910,1
720575940891518756,720575940889952699,3
720575940891518756,720575940925790278,1
720575940891518756,720575940898677394,1
720575940891518756,720575940875863357,1
720575940939715909,720575940885432678,5
720575940939715909,720575940890107704,1
720575940939715909,720575940915253823,2
720575940939715909,720575940897454998,3
720575940939715909,720575940894662868,4
720575940939715909,720575940883198679,1
720575940939715909,720575940922957341,7
720575940939715909,720575940859648663,1
720575940939715909,720575940896872522,5
720575940939715909,720575940891783335,1
720575940939715909,720575940878955572,1
720575940939715909,720575940932846484,1
720575940939715909,720575940890111288,1
720575940939715909,720575940880005762,1
720575940939715909,720575940891184310,2
720575940939715909,720575940920881320,2
720575940939715909,720575940920037245,4
720575940939715909,720575940891185846,5
720575940939715909,720575940917531755,3
720575940939715909,720575940919632133,3
720575940939715909,720575940963340820,1
720575940939715909,720575940905050934,2
720575940939715909,720575940909802419,1
720575940886540578,720575940885432678,3
720575940886540578,720575940920054001,3
720575940886540578,720575940921525267,4
720575940886540578,720575940882672796,1
720575940886540578,720575940891783079,1
720575940886540578,720575940915578005,1
720575940886540578,720575940891783335,1
720575940886540578,720575940917531755,1
720575940886540578,720575940919632133,2
720575940886540578,720575940894563284,1
720575940894662868,720575940889238903,1
720575940894662868,720575940897454998,1
720575940894662868,720575940883198679,1
720575940894662868,720575940905041878,1
720575940894662868,720575940918815793,3
720575940894662868,720575940927244512,2
720575940894662868,720575940922795818,1
720575940894662868,720575940859648663,4
720575940894662868,720575940899433517,1
720575940894662868,720575940899433773,1
720575940894662868,720575940896872522,3
720575940894662868,720575940878955572,2
720575940894662868,720575940890111288,3
720575940894662868,720575940891184310,1
720575940894662868,720575940920037245,2
720575940894662868,720575940891185846,1
720575940883198679,720575940920054001,1
720575940883198679,720575940905041878,4
720575940883198679,720575940894116163,1
720575940883198679,720575940915578005,1
720575940883198679,720575940896872522,3
720575940883198679,720575940888793178,1
720575940883198679,720575940896702138,1
720575940883198679,720575940881974650,1
720575940883198679,720575940918311989,1
720575940883198679,720575940890704372,4
720575940922957341,720575940899282056,1
720575940922957341,720575940894647347,1
720575940922957341,720575940893395733,1
720575940922957341,720575940923272236,1
720575940922957341,720575940902634194,1
720575940922957341,720575940939715909,1
720575940922957341,720575940905041878,1
720575940922957341,720575940915578005,2
720575940922957341,720575940927244256,4
720575940922957341,720575940918815793,1
720575940922957341,720575940927244512,2
720575940922957341,720575940899432749,4
720575940922957341,720575940899433005,1
720575940922957341,720575940909797811,2
720575940922957341,720575940865467295,1
720575940922957341,720575940922795818,8
720575940922957341,720575940859648663,1
720575940922957341,720575940899433261,2
720575940922957341,720575940899433773,3
720575940922957341,720575940927244768,4
720575940922957341,720575940896872522,1
720575940922957341,720575940891783335,5
720575940922957341,720575940878955572,3
720575940922957341,720575940932846484,4
720575940922957341,720575940920027261,2
720575940922957341,720575940890111288,1
720575940922957341,720575940880005762,2
720575940922957341,720575940891184310,4
720575940922957341,720575940920881320,4
720575940922957341,720575940920037245,1
720575940922957341,720575940891185846,5
720575940922957341,720575940917531755,3
720575940922957341,720575940900033476,1
720575940922957341,720575940919632133,5
720575940922957341,720575940917853067,1
720575940922957341,720575940892205566,1
720575940922957341,720575940877555511,1
720575940922957341,720575940894664404,1
720575940922957341,720575940913491825,1
720575940922957341,720575940940386475,2
720575940922957341,720575940921478163,3
720575940922957341,720575940928355836,2
720575940889924328,720575940890108216,1
720575940889924328,720575940882672796,1
720575940889924328,720575940894662868,2
720575940889924328,720575940922957341,13
720575940889924328,720575940909797811,2
720575940889924328,720575940896872522,1
720575940889924328,720575940884015788,1
720575940889924328,720575940905050934,1
720575940889924328,720575940911485033,2
720575940905041878,720575940877146203,1
720575940905041878,720575940917975893,3
720575940905041878,720575940927244512,4
720575940905041878,720575940859648663,1
720575940905041878,720575940892204542,1
720575940905041878,720575940880005762,2
720575940905041878,720575940928355836,1
720575940905042134,720575940927244256,1
720575940905042134,720575940918815793,5
720575940905042134,720575940899432749,1
720575940905042134,720575940899433005,1
720575940905042134,720575940888216655,2
720575940905042134,720575940899434029,3
720575940905042134,720575940917853067,2
720575940905042134,720575940881974650,3
720575940905042134,720575940890018996,1
720575940905042134,720575940918311989,3
720575940905042134,720575940913491825,7
720575940878326395,720575940903370509,1
720575940878326395,720575940890107704,1
720575940878326395,720575940897454998,1
720575940878326395,720575940883198679,1
720575940878326395,720575940922957341,1
720575940878326395,720575940903751971,2
720575940878326395,720575940927244256,2
720575940878326395,720575940918815793,4
720575940878326395,720575940899432749,8
720575940878326395,720575940899433005,1
720575940878326395,720575940909797811,3
720575940878326395,720575940865467295,2
720575940878326395,720575940922795818,4
720575940878326395,720575940859648663,9
720575940878326395,720575940899433261,1
720575940878326395,720575940899433773,5
720575940878326395,720575940927244768,7
720575940878326395,720575940891783335,1
720575940878326395,720575940892204542,1
720575940878326395,720575940878955572,5
720575940878326395,720575940927184920,2
720575940878326395,720575940920027261,2
720575940878326395,720575940890111288,3
720575940878326395,720575940880005762,2
720575940878326395,720575940891184310,4
720575940878326395,720575940920881320,10
720575940878326395,720575940920037245,1
720575940878326395,720575940891185846,5
720575940878326395,720575940917531755,3
720575940878326395,720575940919632133,3
720575940878326395,720575940917853067,2
720575940878326395,720575940892205566,3
720575940878326395,720575940877555511,2
720575940878326395,720575940884925028,1
720575940878326395,720575940940386475,2
720575940878326395,720575940928355836,1
720575940878326395,720575940882093178,1
720575940880837650,720575940881936465,1
720575940880837650,720575940905041878,8
720575940880837650,720575940894116163,1
720575940880837650,720575940915578005,6
720575940880837650,720575940927244512,2
720575940880837650,720575940909797811,1
720575940880837650,720575940893156522,2
720575940880837650,720575940859648663,2
720575940880837650,720575940896872522,1
720575940880837650,720575940891783335,1
720575940880837650,720575940937856941,2
720575940880837650,720575940932846484,1
720575940880837650,720575940920027261,2
720575940880837650,720575940887194266,1
720575940880837650,720575940913491825,1
720575940880837650,720575940940386475,1
720575940880837650,720575940921478163,1
720575940880837650,720575940928355836,1
720575940880837650,720575940888802138,1
720575940881935185,720575940921525267,2
720575940881935185,720575940939715909,1
720575940881935185,720575940922957341,1
720575940881935185,720575940893156522,1
720575940881935185,720575940917407635,1
720575940903751971,720575940885432678,1
720575940903751971,720575940922957341,1
720575940903751971,720575940910607129,2
720575940903751971,720575940918815793,2
720575940903751971,720575940899432749,1
720575940903751971,720575940859648663,2
720575940903751971,720575940899433517,3
720575940903751971,720575940927184920,6
720575940903751971,720575940890111288,1
720575940903751971,720575940880005762,2
720575940903751971,720575940920037245,4
720575940903751971,720575940917531755,1
720575940903751971,720575940888731665,1
720575940903751971,720575940881974650,1
720575940903751971,720575940918311989,3
720575940903751971,720575940913491825,3
720575940903751971,720575940917407635,1
720575940915256127,720575940896736698,3
720575940915256127,720575940869443690,1
720575940915256127,720575940885432678,3
720575940915256127,720575940890107704,1
720575940915256127,720575940882160356,1
720575940915256127,720575940897454998,1
720575940915256127,720575940939715909,1
720575940915256127,720575940886540578,1
720575940915256127,720575940878326395,1
720575940915256127,720575940903414541,4
720575940915256127,720575940927244256,1
720575940915256127,720575940918815793,1
720575940915256127,720575940899432749,1
720575940915256127,720575940927244768,1
720575940915256127,720575940890111288,1
720575940915256127,720575940878955828,1
720575940915256127,720575940920881320,2
720575940915256127,720575940920037245,4
720575940915256127,720575940900033476,2
720575940915256127,720575940919632133,3
720575940915256127,720575940882117920,4
720575940915256127,720575940905042902,1
720575940915256127,720575940903188925,1
720575940915256127,720575940903415565,5
720575940915256127,720575940909802419,1
720575940903414541,720575940922949405,1
720575940903414541,720575940916299357,1
720575940903414541,720575940861447666,1
720575940903414541,720575940918815793,5
720575940903414541,720575940909797811,3
720575940903414541,720575940865467295,1
720575940903414541,720575940922795818,4
720575940903414541,720575940859648663,5
720575940903414541,720575940899433773,1
720575940903414541,720575940927244768,2
720575940903414541,720575940878955572,6
720575940903414541,720575940899434029,1
720575940903414541,720575940890111288,2
720575940903414541,720575940880005762,1
720575940903414541,720575940878955828,1
720575940903414541,720575940891185846,3
720575940903414541,720575940917531755,2
720575940903414541,720575940919632133,1
720575940903414541,720575940892205566,1
720575940900963269,720575940890134196,1
720575940900963269,720575940881935355,1
720575940900963269,720575940882672796,1
720575940900963269,720575940922957341,2
720575940900963269,720575940905041878,3
720575940900963269,720575940878326395,1
720575940900963269,720575940880837650,1
720575940900963269,720575940903414541,5
720575940900963269,720575940891783335,2
720575940900963269,720575940891184310,4
720575940900963269,720575940919632133,1
720575940900963269,720575940917852811,2
720575940900963269,720575940903415565,4
720575940900963269,720575940875854397,1
720575940900963269,720575940884939979,4
720575940894116163,720575940882672796,1
720575940894116163,720575940903751971,1
720575940894116163,720575940903414541,1
720575940894116163,720575940865467295,1
720575940894116163,720575940859648663,3
720575940894116163,720575940899433773,2
720575940894116163,720575940892204542,1
720575940894116163,720575940878955572,5
720575940894116163,720575940932846484,1
720575940894116163,720575940891184310,2
720575940894116163,720575940917531755,1
720575940894116163,720575940946223236,1
720575940894116163,720575940888802138,2
720575940894116163,720575940882393805,2
720575940894116163,720575940886574602,1
720575940894647859,720575940927109144,1
720575940894647859,720575940881935355,1
720575940894647859,720575940906113851,1
720575940894647859,720575940907584340,1
720575940894647859,720575940941124460,1
720575940894647859,720575940885432678,1
720575940894647859,720575940890107704,5
720575940894647859,720575940861447666,1
720575940894647859,720575940922957341,1
720575940894647859,720575940927244256,1
720575940894647859,720575940880005762,1
720575940894647859,720575940920037245,3
720575940894647859,720575940917531755,1
720575940894647859,720575940878957108,6
720575940894647859,720575940892205566,4
720575940894647859,720575940937857965,1
720575940894647859,720575940915676096,1
720575940894647859,720575940963340820,7
720575940894647859,720575940913491825,1
720575940894647859,720575940888802138,1
720575940894647859,720575940924205701,1
720575940894647859,720575940920467088,1
720575940910607129,720575940899433261,1
720575940910607129,720575940890111288,2
720575940910607129,720575940878955828,1
720575940910607129,720575940919632133,1
720575940910607129,720575940928355836,1
720575940910607129,720575940888802138,1
720575940910607129,720575940899861391,1
720575940910607129,720575940875843901,1
720575940915578005,720575940905041878,1
720575940915578005,720575940917975893,1
720575940915578005,720575940927244512,3
720575940915578005,720575940893156522,3
720575940915578005,720575940922795818,1
720575940915578005,720575940891783335,2
720575940915578005,720575940878955572,3
720575940915578005,720575940937856941,1
720575940915578005,720575940920027261,1
720575940915578005,720575940880005762,2
720575940915578005,720575940878955828,1
720575940915578005,720575940891184310,4
720575940915578005,720575940917531755,1
720575940915578005,720575940940386475,4
720575940915578005,720575940921478163,2
720575940915578005,720575940928355836,2
720575940915578005,720575940888802138,4
720575940915578005,720575940886574602,1
720575940917975893,720575940905041878,2
720575940917975893,720575940894116163,1
720575940917975893,720575940915578005,3
720575940917975893,720575940918815793,1
720575940917975893,720575940927244512,3
720575940917975893,720575940893156522,2
720575940917975893,720575940922795818,1
720575940917975893,720575940859648663,9
720575940917975893,720575940891783335,1
720575940917975893,720575940878955572,1
720575940917975893,720575940927184920,2
720575940917975893,720575940880005762,8
720575940917975893,720575940891184310,4
720575940917975893,720575940891185846,1
720575940917975893,720575940940386475,3
720575940917975893,720575940928355836,2
720575940917975893,720575940888802138,5
720575940927244256,720575940897454998,1
720575940927244256,720575940910607129,1
720575940927244256,720575940918815793,4
720575940927244256,720575940899432749,2
720575940927244256,720575940865467295,1
720575940927244256,720575940899433517,1
720575940927244256,720575940899433773,4
720575940927244256,720575940927244768,2
720575940927244256,720575940892204542,7
720575940927244256,720575940899291016,3
720575940927244256,720575940891184310,1
720575940927244256,720575940940386475,1
720575940927244256,720575940921478163,1
720575940927244256,720575940886574602,2
720575940918815793,720575940894116163,1
720575940918815793,720575940899433005,3
720575940918815793,720575940909797811,1
720575940918815793,720575940865467295,1
720575940918815793,720575940878325883,5
720575940918815793,720575940922795818,2
720575940918815793,720575940899433261,4
720575940918815793,720575940927244768,2
720575940918815793,720575940878955572,1
720575940918815793,720575940920881320,2
720575940918815793,720575940917853067,3
720575940918815793,720575940881055666,1
720575940918815793,720575940940386475,2
720575940918815793,720575940921478163,1
720575940918815793,720575940882393805,3
720575940918815793,720575940886574602,1
720575940927244512,720575940905041878,2
720575940927244512,720575940894116163,4
720575940927244512,720575940915578005,5
720575940927244512,720575940917975893,2
720575940927244512,720575940899433005,1
720575940927244512,720575940893156522,2
720575940927244512,720575940922795818,8
720575940927244512,720575940896872522,4
720575940927244512,720575940891783335,3
720575940927244512,720575940892204542,8
720575940927244512,720575940937856941,5
720575940927244512,720575940920027261,1
720575940927244512,720575940880005762,2
720575940927244512,720575940878955828,1
720575940927244512,720575940891184310,3
720575940927244512,720575940891185846,2
720575940927244512,720575940917531755,1
720575940927244512,720575940917853067,1
720575940927244512,720575940892205566,1
720575940927244512,720575940877555511,1
720575940927244512,720575940940386475,4
720575940927244512,720575940921478163,2
720575940927244512,720575940888802138,6
720575940927244512,720575940886574602,1
720575940927244512,720575940899861391,1
720575940899432749,720575940913573871,1
720575940899432749,720575940894116163,2
720575940899432749,720575940910607129,2
720575940899432749,720575940865467295,1
720575940899432749,720575940878325883,1
720575940899432749,720575940899433261,2
720575940899432749,720575940899433773,1
720575940899432749,720575940927244768,6
720575940899432749,720575940878955572,2
720575940899432749,720575940920027261,1
720575940899432749,720575940880005762,1
720575940899432749,720575940920881320,2
720575940899432749,720575940900033476,2
720575940899432749,720575940917853067,2
720575940899432749,720575940903188925,1
720575940899432749,720575940875854397,1
720575940899432749,720575940940386475,5
720575940899432749,720575940921478163,1
720575940899432749,720575940928355836,2
720575940899432749,720575940888802138,2
720575940899433005,720575940910607129,1
720575940899433005,720575940899432749,1
720575940899433005,720575940878325883,1
720575940899433005,720575940927244768,2
720575940899433005,720575940888216655,1
720575940899433005,720575940920881320,1
720575940899433005,720575940917531755,1
720575940899433005,720575940921478163,3
720575940909797811,720575940897454998,1
720575940909797811,720575940905041878,1
720575940909797811,720575940894116163,2
720575940909797811,720575940922795818,2
720575940909797811,720575940899433261,2
720575940909797811,720575940899433517,2
720575940909797811,720575940899433773,1
720575940909797811,720575940937856941,1
720575940909797811,720575940932846484,1
720575940909797811,720575940891184310,2
720575940909797811,720575940940386475,1
720575940909797811,720575940888802138,16
720575940865467295,720575940932846484,1
720575940865467295,720575940921478163,1
720575940865467295,720575940928355836,1
720575940865467295,720575940888802138,2
720575940878325883,720575940894116163,1
720575940878325883,720575940910607129,3
720575940878325883,720575940927244256,1
720575940878325883,720575940918815793,2
720575940878325883,720575940899433005,5
720575940878325883,720575940909797811,1
720575940878325883,720575940859648663,5
720575940878325883,720575940899433517,2
720575940878325883,720575940899433773,1
720575940878325883,720575940927244768,5
720575940878325883,720575940892204542,1
720575940878325883,720575940878955572,4
720575940878325883,720575940899434029,4
720575940878325883,720575940900033476,1
720575940878325883,720575940917853067,3
720575940878325883,720575940892205566,1
720575940878325883,720575940940386475,3
720575940878325883,720575940921478163,1
720575940878325883,720575940882393805,1
720575940878325883,720575940886574602,1
720575940893156522,720575940894116163,2
720575940893156522,720575940899433005,1
720575940893156522,720575940896872522,1
720575940893156522,720575940937856941,2
720575940893156522,720575940932846484,1
720575940893156522,720575940899291016,1
720575940893156522,720575940927184920,1
720575940893156522,720575940920027261,1
720575940893156522,720575940891185846,1
720575940893156522,720575940903188925,2
720575940893156522,720575940928355836,2
720575940893156522,720575940888802138,3
720575940893156522,720575940882393805,2
720575940893156522,720575940886574602,4
720575940922795818,720575940894116163,3
720575940922795818,720575940927244256,1
720575940922795818,720575940918815793,1
720575940922795818,720575940899433261,2
720575940922795818,720575940891783335,1
720575940922795818,720575940932846484,1
720575940922795818,720575940880005762,5
720575940922795818,720575940891184310,1
720575940922795818,720575940891185846,1
720575940922795818,720575940917531755,1
720575940922795818,720575940903188925,1
720575940922795818,720575940940386475,3
720575940922795818,720575940921478163,1
720575940922795818,720575940888802138,4
720575940922795818,720575940924205701,1
720575940859648663,720575940927244512,4
720575940859648663,720575940909797811,2
720575940859648663,720575940865467295,1
720575940859648663,720575940878325883,1
720575940859648663,720575940922795818,1
720575940859648663,720575940899433261,1
720575940859648663,720575940899433517,1
720575940859648663,720575940899433773,5
720575940859648663,720575940878955572,1
720575940859648663,720575940899434029,1
720575940859648663,720575940890111288,1
720575940859648663,720575940880005762,3
720575940859648663,720575940891185846,1
720575940859648663,720575940917531755,1
720575940859648663,720575940900033476,1
720575940859648663,720575940905043670,1
720575940859648663,720575940903188925,2
720575940859648663,720575940887194266,1
720575940859648663,720575940940386475,4
720575940859648663,720575940921478163,5
720575940859648663,720575940888802138,2
720575940859648663,720575940882393805,3
720575940859648663,720575940886574602,2
720575940899433261,720575940903414541,1
720575940899433261,720575940894116163,5
720575940899433261,720575940910607129,3
720575940899433261,720575940915578005,1
720575940899433261,720575940927244256,1
720575940899433261,720575940918815793,2
720575940899433261,720575940899432749,3
720575940899433261,720575940865467295,1
720575940899433261,720575940878325883,1
720575940899433261,720575940922795818,4
720575940899433261,720575940859648663,2
720575940899433261,720575940899433517,1
720575940899433261,720575940899433773,2
720575940899433261,720575940891783335,1
720575940899433261,720575940878955572,7
720575940899433261,720575940932846484,1
720575940899433261,720575940899291016,3
720575940899433261,720575940927184920,2
720575940899433261,720575940890111288,4
720575940899433261,720575940891184310,1
720575940899433261,720575940920881320,4
720575940899433261,720575940920037245,1
720575940899433261,720575940917531755,6
720575940899433261,720575940900033476,3
720575940899433261,720575940919632133,2
720575940899433261,720575940917853067,3
720575940899433261,720575940905043926,1
720575940899433261,720575940908782425,1
720575940899433261,720575940940386475,7
720575940899433261,720575940921478163,2
720575940899433261,720575940888802138,1
720575940899433517,720575940915253823,1
720575940899433517,720575940883198679,2
720575940899433517,720575940910607129,1
720575940899433517,720575940915578005,1
720575940899433517,720575940927244256,2
720575940899433517,720575940927244512,2
720575940899433517,720575940909797811,1
720575940899433517,720575940893156522,2
720575940899433517,720575940922795818,2
720575940899433517,720575940859648663,2
720575940899433517,720575940899433261,1
720575940899433517,720575940927244768,3
720575940899433517,720575940891783335,2
720575940899433517,720575940892204542,1
720575940899433517,720575940878955572,6
720575940899433517,720575940888216655,5
720575940899433517,720575940932846484,1
720575940899433517,720575940920027261,1
720575940899433517,720575940891184310,1
720575940899433517,720575940920881320,1
720575940899433517,720575940891185846,2
720575940899433517,720575940917531755,1
720575940899433517,720575940919632133,1
720575940899433517,720575940881055666,1
720575940899433517,720575940903188925,3
720575940899433517,720575940903415565,1
720575940899433517,720575940921478163,1
720575940899433517,720575940928355836,1
720575940899433517,720575940888802138,2
720575940899433517,720575940882393805,1
720575940899433773,720575940894116163,1
720575940899433773,720575940910607129,2
720575940899433773,720575940918815793,2
720575940899433773,720575940899432749,1
720575940899433773,720575940899433005,1
720575940899433773,720575940878325883,1
720575940899433773,720575940899433517,1
720575940899433773,720575940891783335,3
720575940899433773,720575940890111288,1
720575940899433773,720575940903188925,1
720575940899433773,720575940940386475,1
720575940899433773,720575940921478163,3
720575940899433773,720575940888802138,3
720575940899433773,720575940882393805,2
720575940927244768,720575940927109144,1
720575940927244768,720575940890245126,1
720575940927244768,720575940905042134,2
720575940927244768,720575940894116163,2
720575940927244768,720575940910607129,2
720575940927244768,720575940927244256,2
720575940927244768,720575940918815793,3
720575940927244768,720575940899433005,2
720575940927244768,720575940909797811,1
720575940927244768,720575940878325883,2
720575940927244768,720575940922795818,3
720575940927244768,720575940859648663,2
720575940927244768,720575940899433517,3
720575940927244768,720575940899433773,1
720575940927244768,720575940891783335,1
720575940927244768,720575940892204542,2
720575940927244768,720575940937856941,1
720575940927244768,720575940932846484,1
720575940927244768,720575940890111288,1
720575940927244768,720575940880005762,2
720575940927244768,720575940878955828,1
720575940927244768,720575940891184310,1
720575940927244768,720575940920037245,3
720575940927244768,720575940891185846,1
720575940927244768,720575940917531755,3
720575940927244768,720575940900033476,1
720575940927244768,720575940917853067,1
720575940927244768,720575940875854397,1
720575940927244768,720575940887194266,1
720575940927244768,720575940940386475,2
720575940927244768,720575940921478163,4
720575940927244768,720575940888802138,2
720575940927244768,720575940882393805,5
720575940927244768,720575940886574602,3
720575940896872522,720575940920054001,1
720575940896872522,720575940917975893,1
720575940896872522,720575940918815793,1
720575940896872522,720575940927244512,2
720575940896872522,720575940891783335,1
720575940896872522,720575940878955572,4
720575940896872522,720575940880005762,4
720575940896872522,720575940891185846,1
720575940896872522,720575940940386475,1
720575940896872522,720575940886574602,1
720575940891783335,720575940899432749,1
720575940891783335,720575940909797811,1
720575940891783335,720575940878955572,2
720575940891783335,720575940888216655,2
720575940891783335,720575940905042902,1
720575940891783335,720575940940386475,1
720575940891783335,720575940888802138,1
720575940892204542,720575940894116163,1
720575940892204542,720575940910607129,1
720575940892204542,720575940915578005,2
720575940892204542,720575940918815793,4
720575940892204542,720575940927244512,1
720575940892204542,720575940865467295,2
720575940892204542,720575940878325883,1
720575940892204542,720575940893156522,1
720575940892204542,720575940922795818,3
720575940892204542,720575940859648663,1
720575940892204542,720575940899433773,1
720575940892204542,720575940896872522,1
720575940892204542,720575940891783335,1
720575940892204542,720575940878955572,4
720575940892204542,720575940937856941,5
720575940892204542,720575940899291016,2
720575940892204542,720575940899434029,3
720575940892204542,720575940920027261,1
720575940892204542,720575940890111288,1
720575940892204542,720575940880005762,2
720575940892204542,720575940920881320,3
720575940892204542,720575940891185846,1
720575940892204542,720575940917531755,2
720575940892204542,720575940917853067,2
720575940892204542,720575940892205566,1
720575940892204542,720575940890962241,1
720575940892204542,720575940881055666,2
720575940892204542,720575940903188925,1
720575940892204542,720575940940386475,3
720575940892204542,720575940921478163,5
720575940892204542,720575940888802138,2
720575940892204542,720575940882393805,1
720575940892204542,720575940886574602,2
720575940878955572,720575940897454998,1
720575940878955572,720575940905041878,1
720575940878955572,720575940915578005,1
720575940878955572,720575940927244512,1
720575940878955572,720575940909797811,2
720575940878955572,720575940893156522,1
720575940878955572,720575940922795818,2
720575940878955572,720575940899433261,1
720575940878955572,720575940899433773,1
720575940878955572,720575940896872522,1
720575940878955572,720575940932846484,1
720575940878955572,720575940920027261,1
720575940878955572,720575940891184310,3
720575940878955572,720575940920881320,1
720575940878955572,720575940891185846,1
720575940878955572,720575940917531755,1
720575940878955572,720575940919632133,3
720575940878955572,720575940937857965,1
720575940878955572,720575940940386475,5
720575940878955572,720575940888802138,3
720575940878955572,720575940916236035,1
720575940937856941,720575940894116163,1
720575940937856941,720575940927244256,1
720575940937856941,720575940918815793,1
720575940937856941,720575940927244512,1
720575940937856941,720575940899432749,1
720575940937856941,720575940896872522,3
720575940937856941,720575940888802138,1
720575940888216655,720575940882672796,1
720575940888216655,720575940894116163,1
720575940888216655,720575940899432749,1
720575940888216655,720575940909797811,2
720575940888216655,720575940878325883,2
720575940888216655,720575940922795818,1
720575940888216655,720575940859648663,1
720575940888216655,720575940899433517,1
720575940888216655,720575940927244768,2
720575940888216655,720575940891783335,2
720575940888216655,720575940892204542,1
720575940888216655,720575940878955572,1
720575940888216655,720575940899291016,3
720575940888216655,720575940899434029,2
720575940888216655,720575940891184310,1
720575940888216655,720575940891185846,1
720575940888216655,720575940900033476,1
720575940888216655,720575940917853067,2
720575940888216655,720575940940386475,5
720575940888216655,720575940921478163,3
720575940888216655,720575940882393805,2
720575940888216655,720575940886574602,1
720575940888216655,720575940869469403,1
720575940932846484,720575940910607129,1
720575940932846484,720575940899432749,1
720575940932846484,720575940909797811,2
720575940932846484,720575940893156522,2
720575940932846484,720575940899433261,1
720575940932846484,720575940896872522,1
720575940932846484,720575940878955572,6
720575940932846484,720575940880005762,1
720575940932846484,720575940878955828,1
720575940932846484,720575940920881320,2
720575940932846484,720575940891185846,2
720575940932846484,720575940917531755,2
720575940932846484,720575940919632133,1
720575940932846484,720575940890962241,1
720575940932846484,720575940903415565,1
720575940932846484,720575940905050934,1
720575940932846484,720575940921478163,3
720575940932846484,720575940888802138,1
720575940932846484,720575940881624259,1
720575940932846484,720575940899861391,1
720575940899291016,720575940905041878,2
720575940899291016,720575940910607129,3
720575940899291016,720575940918815793,1
720575940899291016,720575940927244512,2
720575940899291016,720575940899432749,2
720575940899291016,720575940899433005,4
720575940899291016,720575940878325883,1
720575940899291016,720575940922795818,1
720575940899291016,720575940859648663,2
720575940899291016,720575940899433773,2
720575940899291016,720575940892204542,9
720575940899291016,720575940888216655,1
720575940899291016,720575940932846484,1
720575940899291016,720575940927184920,1
720575940899291016,720575940920027261,2
720575940899291016,720575940891184310,2
720575940899291016,720575940920881320,3
720575940899291016,720575940920037245,1
720575940899291016,720575940891185846,3
720575940899291016,720575940917531755,1
720575940899291016,720575940900033476,2
720575940899291016,720575940917853067,1
720575940899291016,720575940892205566,1
720575940899291016,720575940903188925,2
720575940899291016,720575940903415565,1
720575940899291016,720575940884925028,1
720575940899291016,720575940890018996,1
720575940899291016,720575940940386475,2
720575940899291016,720575940921478163,3
720575940899291016,720575940888802138,1
720575940899291016,720575940882393805,1
720575940927184920,720575940882672796,1
720575940927184920,720575940891518756,1
720575940927184920,720575940905041878,3
720575940927184920,720575940894116163,1
720575940927184920,720575940910607129,3
720575940927184920,720575940915578005,2
720575940927184920,720575940917975893,4
720575940927184920,720575940927244512,4
720575940927184920,720575940899433005,1
720575940927184920,720575940909797811,7
720575940927184920,720575940893156522,3
720575940927184920,720575940922795818,5
720575940927184920,720575940927244768,1
720575940927184920,720575940896872522,2
720575940927184920,720575940891783335,3
720575940927184920,720575940892204542,1
720575940927184920,720575940878955572,1
720575940927184920,720575940937856941,3
720575940927184920,720575940932846484,2
720575940927184920,720575940920027261,3
720575940927184920,720575940890111288,1
720575940927184920,720575940880005762,4
720575940927184920,720575940891184310,3
720575940927184920,720575940891185846,1
720575940927184920,720575940917531755,4
720575940927184920,720575940900033476,2
720575940927184920,720575940919632133,2
720575940927184920,720575940892205566,2
720575940927184920,720575940905042902,1
720575940927184920,720575940905043926,1
720575940927184920,720575940903188925,1
720575940927184920,720575940881974650,2
720575940927184920,720575940940386475,4
720575940927184920,720575940921478163,4
720575940927184920,720575940888802138,6
720575940927184920,720575940882393805,2
720575940927184920,720575940886574602,2
720575940899434029,720575940910607129,3
720575940899434029,720575940918815793,1
720575940899434029,720575940899432749,1
720575940899434029,720575940859648663,1
720575940899434029,720575940920881320,1
720575940899434029,720575940900033476,1
720575940899434029,720575940892205566,1
720575940899434029,720575940903188925,1
720575940899434029,720575940921478163,1
720575940899434029,720575940928355836,2
720575940920027261,720575940897454998,1
720575940920027261,720575940878326395,1
720575940920027261,720575940903414541,1
720575940920027261,720575940915578005,1
720575940920027261,720575940927244256,1
720575940920027261,720575940909797811,3
720575940920027261,720575940859648663,7
720575940920027261,720575940899433517,1
720575940920027261,720575940891783335,1
720575940920027261,720575940878955572,2
720575940920027261,720575940890111288,2
720575940920027261,720575940920881320,1
720575940920027261,720575940900033476,1
720575940920027261,720575940917853067,2
720575940920027261,720575940903188925,2
720575940920027261,720575940903415565,1
720575940920027261,720575940881844049,1
720575940920027261,720575940887194266,1
720575940920027261,720575940905050934,1
720575940920027261,720575940882393805,1
720575940890111288,720575940905042134,2
720575940890111288,720575940878325883,2
720575940890111288,720575940927244768,3
720575940890111288,720575940899434029,1
720575940890111288,720575940920881320,3
720575940890111288,720575940917853067,1
720575940890111288,720575940905043926,1
720575940890111288,720575940903188925,3
720575940890111288,720575940940386475,1
720575940890111288,720575940903762211,1
720575940880005762,720575940894116163,1
720575940880005762,720575940915578005,1
720575940880005762,720575940927244512,5
720575940880005762,720575940893156522,1
720575940880005762,720575940896872522,3
720575940880005762,720575940891783335,3
720575940880005762,720575940891184310,1
720575940880005762,720575940891185846,6
720575940880005762,720575940917531755,2
720575940880005762,720575940940386475,2
720575940880005762,720575940921478163,1
720575940880005762,720575940928355836,2
720575940880005762,720575940886574602,1
720575940878955828,720575940915253823,2
720575940878955828,720575940905041878,1
720575940878955828,720575940881935185,1
720575940878955828,720575940894116163,1
720575940878955828,720575940910607129,10
720575940878955828,720575940927244256,2
720575940878955828,720575940918815793,3
720575940878955828,720575940899432749,9
720575940878955828,720575940899433005,2
720575940878955828,720575940909797811,2
720575940878955828,720575940878325883,1
720575940878955828,720575940893156522,1
720575940878955828,720575940859648663,5
720575940878955828,720575940899433773,1
720575940878955828,720575940927244768,1
720575940878955828,720575940891783335,1
720575940878955828,720575940878955572,2
720575940878955828,720575940920027261,5
720575940878955828,720575940890111288,9
720575940878955828,720575940880005762,1
720575940878955828,720575940891184310,5
720575940878955828,720575940920881320,4
720575940878955828,720575940920037245,1
720575940878955828,720575940917531755,5
720575940878955828,720575940919632133,1
720575940878955828,720575940917853067,3
720575940878955828,720575940881055666,1
720575940878955828,720575940963340820,1
720575940878955828,720575940940386475,3
720575940878955828,720575940921478163,4
720575940878955828,720575940888802138,1
720575940878955828,720575940886574602,4
720575940891184310,720575940877146203,1
720575940891184310,720575940905041878,1
720575940891184310,720575940910607129,2
720575940891184310,720575940927244512,2
720575940891184310,720575940899432749,1
720575940891184310,720575940909797811,1
720575940891184310,720575940922795818,2
720575940891184310,720575940859648663,2
720575940891184310,720575940896872522,2
720575940891184310,720575940891783335,2
720575940891184310,720575940890111288,1
720575940891184310,720575940878955828,1
720575940891184310,720575940920881320,1
720575940891184310,720575940891185846,2
720575940891184310,720575940888802138,2
720575940891184310,720575940894196379,1
720575940891184310,720575940924205701,1
720575940891184310,720575940899861391,1
720575940891184310,720575940875843901,1
720575940920881320,720575940918815793,1
720575940920881320,720575940909797811,2
720575940920881320,720575940922795818,1
720575940920881320,720575940899433773,2
720575940920881320,720575940899434029,1
720575940920881320,720575940890111288,1
720575940920881320,720575940920037245,1
720575940920881320,720575940891185846,1
720575940920881320,720575940900033476,1
720575940920881320,720575940917853067,2
720575940920881320,720575940892205566,2
720575940920881320,720575940888793178,1
720575940920881320,720575940940386475,1
720575940920881320,720575940921478163,4
720575940920881320,720575940928355836,2
720575940920881320,720575940888802138,3
720575940920881320,720575940882393805,7
720575940920881320,720575940899861391,1
720575940920881320,720575940875843901,3
720575940920037245,720575940889238903,2
720575940920037245,720575940903414541,1
720575940920037245,720575940910607129,1
720575940920037245,720575940918815793,1
720575940920037245,720575940899432749,4
720575940920037245,720575940909797811,2
720575940920037245,720575940865467295,1
720575940920037245,720575940922795818,3
720575940920037245,720575940859648663,3
720575940920037245,720575940899433261,2
720575940920037245,720575940899433517,1
720575940920037245,720575940878955572,2
720575940920037245,720575940932846484,2
720575940920037245,720575940920027261,2
720575940920037245,720575940890111288,1
720575940920037245,720575940891184310,1
720575940920037245,720575940920881320,1
720575940920037245,720575940891185846,2
720575940920037245,720575940917531755,3
720575940920037245,720575940900033476,1
720575940920037245,720575940917852811,1
720575940920037245,720575940888793178,1
720575940920037245,720575940903415565,1
720575940920037245,720575940921478163,1
720575940920037245,720575940928355836,2
720575940920037245,720575940888802138,2
720575940920037245,720575940916236035,2
720575940891185846,720575940891194446,1
720575940891185846,720575940885432678,1
720575940891185846,720575940861447666,1
720575940891185846,720575940918815793,2
720575940891185846,720575940899432749,1
720575940891185846,720575940859648663,5
720575940891185846,720575940899433773,2
720575940891185846,720575940896872522,1
720575940891185846,720575940878955572,1
720575940891185846,720575940927184920,2
720575940891185846,720575940920027261,2
720575940891185846,720575940890111288,1
720575940891185846,720575940880005762,2
720575940891185846,720575940920881320,1
720575940891185846,720575940920037245,4
720575940891185846,720575940917531755,2
720575940891185846,720575940917853067,2
720575940891185846,720575940883201751,1
720575940891185846,720575940940386475,4
720575940891185846,720575940921478163,1
720575940891185846,720575940928355836,4
720575940891185846,720575940888802138,1
720575940891185846,720575940897365506,1
720575940891185846,720575940899861391,3
720575940917531755,720575940890134196,1
720575940917531755,720575940927109144,1
720575940917531755,720575940930905464,1
720575940917531755,720575940902634194,1
720575940917531755,720575940894116163,2
720575940917531755,720575940927244512,1
720575940917531755,720575940899433005,1
720575940917531755,720575940909797811,2
720575940917531755,720575940922795818,2
720575940917531755,720575940859648663,3
720575940917531755,720575940878955572,1
720575940917531755,720575940937856941,2
720575940917531755,720575940932846484,2
720575940917531755,720575940927184920,1
720575940917531755,720575940891184310,9
720575940917531755,720575940920881320,1
720575940917531755,720575940921478163,1
720575940917531755,720575940928355836,1
720575940917531755,720575940888802138,9
720575940917531755,720575940882393805,1
720575940917531755,720575940917407635,2
720575940878957108,720575940881935185,1
720575940878957108,720575940894116163,3
720575940878957108,720575940915578005,1
720575940878957108,720575940899432749,1
720575940878957108,720575940909797811,1
720575940878957108,720575940922795818,10
720575940878957108,720575940859648663,1
720575940878957108,720575940896872522,2
720575940878957108,720575940890111288,1
720575940878957108,720575940891184310,2
720575940878957108,720575940917531755,1
720575940878957108,720575940887194266,1
720575940878957108,720575940940386475,4
720575940878957108,720575940921478163,1
720575940900033476,720575940937221662,1
720575940900033476,720575940937862061,1
720575940900033476,720575940903414541,3
720575940900033476,720575940894116163,6
720575940900033476,720575940910607129,4
720575940900033476,720575940899432749,3
720575940900033476,720575940909797811,6
720575940900033476,720575940893156522,1
720575940900033476,720575940899433261,4
720575940900033476,720575940899433773,1
720575940900033476,720575940927244768,1
720575940900033476,720575940896872522,2
720575940900033476,720575940878955572,3
720575940900033476,720575940937856941,2
720575940900033476,720575940920027261,1
720575940900033476,720575940890111288,1
720575940900033476,720575940891184310,1
720575940900033476,720575940920881320,3
720575940900033476,720575940891185846,2
720575940900033476,720575940917531755,9
720575940900033476,720575940877555511,2
720575940900033476,720575940913491825,1
720575940900033476,720575940940386475,2
720575940900033476,720575940921478163,3
720575940900033476,720575940888802138,10
720575940900033476,720575940882393805,3
720575940900033476,720575940878345595,1
720575940919632133,720575940881936465,1
720575940919632133,720575940915253823,1
720575940919632133,720575940939715909,1
720575940919632133,720575940883198679,2
720575940919632133,720575940880837650,3
720575940919632133,720575940927244512,7
720575940919632133,720575940899433005,2
720575940919632133,720575940909797811,1
720575940919632133,720575940893156522,1
720575940919632133,720575940922795818,1
720575940919632133,720575940859648663,1
720575940919632133,720575940892204542,1
720575940919632133,720575940937856941,1
720575940919632133,720575940932846484,2
720575940919632133,720575940899291016,1
720575940919632133,720575940927184920,1
720575940919632133,720575940880005762,3
720575940919632133,720575940891185846,2
720575940919632133,720575940917531755,2
720575940919632133,720575940892205566,1
720575940919632133,720575940887194266,2
720575940919632133,720575940940386475,1
720575940919632133,720575940921478163,2
720575940919632133,720575940928355836,3
720575940919632133,720575940888802138,1
720575940919632133,720575940882393805,12
720575940919632133,720575940886574602,1
720575940919632133,720575940916236035,2
720575940917853067,720575940894116163,6
720575940917853067,720575940910607129,2
720575940917853067,720575940918815793,4
720575940917853067,720575940927244512,1
720575940917853067,720575940899432749,2
720575940917853067,720575940899433005,1
720575940917853067,720575940909797811,6
720575940917853067,720575940865467295,1
720575940917853067,720575940922795818,1
720575940917853067,720575940859648663,1
720575940917853067,720575940899433261,1
720575940917853067,720575940899433517,2
720575940917853067,720575940899433773,2
720575940917853067,720575940927244768,2
720575940917853067,720575940896872522,1
720575940917853067,720575940891783335,1
720575940917853067,720575940892204542,1
720575940917853067,720575940878955572,6
720575940917853067,720575940888216655,3
720575940917853067,720575940899291016,1
720575940917853067,720575940920027261,2
720575940917853067,720575940890111288,5
720575940917853067,720575940878955828,3
720575940917853067,720575940920881320,3
720575940917853067,720575940920037245,2
720575940917853067,720575940917531755,5
720575940917853067,720575940900033476,4
720575940917853067,720575940919632133,1
720575940917853067,720575940928343548,1
720575940917853067,720575940898432765,1
720575940917853067,720575940887194266,1
720575940917853067,720575940940386475,7
720575940917853067,720575940921478163,8
720575940917853067,720575940928355836,7
720575940917853067,720575940888802138,10
720575940917853067,720575940886574602,1
720575940892205566,720575940894116163,2
720575940892205566,720575940894647859,1
720575940892205566,720575940927244256,2
720575940892205566,720575940918815793,3
720575940892205566,720575940899432749,3
720575940892205566,720575940899433005,9
720575940892205566,720575940909797811,3
720575940892205566,720575940878325883,1
720575940892205566,720575940922795818,2
720575940892205566,720575940859648663,5
720575940892205566,720575940899433261,5
720575940892205566,720575940899433517,1
720575940892205566,720575940899433773,5
720575940892205566,720575940927244768,2
720575940892205566,720575940892204542,1
720575940892205566,720575940878955572,7
720575940892205566,720575940932846484,2
720575940892205566,720575940899291016,1
720575940892205566,720575940899434029,1
720575940892205566,720575940890111288,2
720575940892205566,720575940880005762,2
720575940892205566,720575940878955828,1
720575940892205566,720575940920881320,6
720575940892205566,720575940891185846,2
720575940892205566,720575940917531755,4
720575940892205566,720575940900033476,8
720575940892205566,720575940917853067,4
720575940892205566,720575940887194266,1
720575940892205566,720575940940386475,1
720575940892205566,720575940921478163,3
720575940892205566,720575940888802138,2
720575940892205566,720575940882393805,1
720575940892205566,720575940886574602,4
720575940892205566,720575940875843901,1
720575940890962241,720575940940380075,1
720575940890962241,720575940902634194,1
720575940890962241,720575940918815793,1
720575940890962241,720575940899432749,1
720575940890962241,720575940865467295,1
720575940890962241,720575940922795818,2
720575940890962241,720575940859648663,1
720575940890962241,720575940899433517,1
720575940890962241,720575940899433773,3
720575940890962241,720575940878955572,2
720575940890962241,720575940890111288,4
720575940890962241,720575940920881320,2
720575940890962241,720575940920037245,3
720575940890962241,720575940891185846,2
720575940890962241,720575940917531755,5
720575940890962241,720575940900033476,10
720575940890962241,720575940919632133,2
720575940890962241,720575940937857965,1
720575940890962241,720575940946223236,1
720575940890962241,720575940940386475,1
720575940890962241,720575940917407635,1
720575940883201751,720575940899282056,1
720575940883201751,720575940917429907,2
720575940883201751,720575940894178664,1
720575940883201751,720575940883198679,1
720575940883201751,720575940922957341,1
720575940883201751,720575940878326395,1
720575940883201751,720575940927244256,2
720575940883201751,720575940899432749,1
720575940883201751,720575940909797811,1
720575940883201751,720575940859648663,1
720575940883201751,720575940899433261,1
720575940883201751,720575940899433517,2
720575940883201751,720575940899433773,4
720575940883201751,720575940927244768,5
720575940883201751,720575940891783335,1
720575940883201751,720575940878955572,3
720575940883201751,720575940927184920,2
720575940883201751,720575940899434029,2
720575940883201751,720575940890111288,5
720575940883201751,720575940878955828,2
720575940883201751,720575940920881320,7
720575940883201751,720575940920037245,3
720575940883201751,720575940891185846,10
720575940883201751,720575940917531755,5
720575940883201751,720575940900033476,3
720575940883201751,720575940919632133,5
720575940883201751,720575940917853067,1
720575940883201751,720575940890962241,1
720575940883201751,720575940940386475,1
720575940883201751,720575940921478163,1
720575940882117920,720575940893395733,1
720575940882117920,720575940927244256,2
720575940882117920,720575940899432749,2
720575940882117920,720575940899433005,3
720575940882117920,720575940878325883,1
720575940882117920,720575940899433517,5
720575940882117920,720575940899433773,1
720575940882117920,720575940927244768,7
720575940882117920,720575940892204542,6
720575940882117920,720575940878955572,1
720575940882117920,720575940888216655,2
720575940882117920,720575940927184920,1
720575940882117920,720575940899434029,2
720575940882117920,720575940878955828,1
720575940882117920,720575940920881320,2
720575940882117920,720575940900033476,5
720575940882117920,720575940919632133,1
720575940882117920,720575940917853067,8
720575940882117920,720575940890018996,1
720575940882117920,720575940940386475,1
720575940882117920,720575940928355836,1
720575940882117920,720575940878346107,1
720575940920456848,720575940880875929,1
720575940920456848,720575940899281090,1
720575940920456848,720575940878326395,1
720575940920456848,720575940903414541,2
720575940920456848,720575940915578005,1
720575940920456848,720575940927244512,1
720575940920456848,720575940893156522,1
720575940920456848,720575940922795818,1
720575940920456848,720575940891783335,2
720575940920456848,720575940937856941,1
720575940920456848,720575940899291016,1
720575940920456848,720575940927184920,5
720575940920456848,720575940880005762,2
720575940920456848,720575940920881320,6
720575940920456848,720575940891185846,4
720575940920456848,720575940917531755,2
720575940920456848,720575940900033476,2
720575940920456848,720575940919632133,1
720575940920456848,720575940877555511,1
720575940920456848,720575940888799761,1
720575940920456848,720575940887194266,3
720575940920456848,720575940940386475,1
720575940920456848,720575940928355836,3
720575940920456848,720575940899607728,1
720575940928343548,720575940899433005,2
720575940928343548,720575940909797811,1
720575940928343548,720575940865467295,1
720575940928343548,720575940893156522,1
720575940928343548,720575940922795818,2
720575940928343548,720575940927244768,1
720575940928343548,720575940896872522,1
720575940928343548,720575940891783335,1
720575940928343548,720575940892204542,2
720575940928343548,720575940878955572,2
720575940928343548,720575940937856941,1
720575940928343548,720575940899291016,1
720575940928343548,720575940927184920,2
720575940928343548,720575940878955828,1
720575940928343548,720575940920881320,3
720575940928343548,720575940920037245,3
720575940928343548,720575940891185846,3
720575940928343548,720575940917531755,2
720575940928343548,720575940919632133,2
720575940928343548,720575940917853067,1
720575940928343548,720575940892205566,1
720575940928343548,720575940937857965,2
720575940928343548,720575940921478163,2
720575940928343548,720575940928355836,1
720575940928343548,720575940888802138,2
720575940928343548,720575940916236035,2
720575940928343548,720575940917407635,1
720575940937857965,720575940899282056,1
720575940937857965,720575940904086480,1
720575940937857965,720575940880875929,1
720575940937857965,720575940899281090,1
720575940937857965,720575940915253823,1
720575940937857965,720575940922957341,1
720575940937857965,720575940927244256,2
720575940937857965,720575940865467295,2
720575940937857965,720575940922795818,7
720575940937857965,720575940859648663,1
720575940937857965,720575940899433517,1
720575940937857965,720575940899433773,1
720575940937857965,720575940878955572,4
720575940937857965,720575940932846484,4
720575940937857965,720575940927184920,1
720575940937857965,720575940920027261,3
720575940937857965,720575940920881320,1
720575940937857965,720575940920037245,2
720575940937857965,720575940891185846,6
720575940937857965,720575940917531755,7
720575940937857965,720575940900033476,4
720575940937857965,720575940919632133,7
720575940937857965,720575940877555511,2
720575940937857965,720575940940386475,2
720575940937857965,720575940921478163,3
720575940937857965,720575940886574602,1
720575940937857965,720575940897365506,1
720575940937857965,720575940916236035,2
720575940937857965,720575940917407635,1
720575940877555511,720575940885432678,1
720575940877555511,720575940902634194,1
720575940877555511,720575940881935185,1
720575940877555511,720575940915578005,1
720575940877555511,720575940927244256,2
720575940877555511,720575940909797811,2
720575940877555511,720575940878325883,2
720575940877555511,720575940893156522,2
720575940877555511,720575940922795818,1
720575940877555511,720575940859648663,5
720575940877555511,720575940899433773,1
720575940877555511,720575940927244768,3
720575940877555511,720575940891783335,2
720575940877555511,720575940892204542,3
720575940877555511,720575940878955572,1
720575940877555511,720575940937856941,4
720575940877555511,720575940888216655,1
720575940877555511,720575940899291016,2
720575940877555511,720575940927184920,3
720575940877555511,720575940899434029,1
720575940877555511,720575940920027261,3
720575940877555511,720575940890111288,1
720575940877555511,720575940880005762,1
720575940877555511,720575940878955828,3
720575940877555511,720575940891184310,1
720575940877555511,720575940920881320,3
720575940877555511,720575940920037245,3
720575940877555511,720575940891185846,6
720575940877555511,720575940917531755,3
720575940877555511,720575940900033476,2
720575940877555511,720575940919632133,1
720575940877555511,720575940892205566,1
720575940877555511,720575940946223236,1
720575940877555511,720575940887194266,1
720575940877555511,720575940921478163,2
720575940877555511,720575940928355836,1
720575940877555511,720575940888802138,1
720575940877555511,720575940911485033,1
720575940917852811,720575940941106028,1
720575940917852811,720575940920044149,1
720575940917852811,720575940881607875,1
720575940917852811,720575940912929024,1
720575940917852811,720575940890245126,1
720575940917852811,720575940922957341,1
720575940917852811,720575940905041878,1
720575940917852811,720575940880837650,2
720575940917852811,720575940881935185,1
720575940917852811,720575940917975893,1
720575940917852811,720575940927244512,2
720575940917852811,720575940909797811,1
720575940917852811,720575940893156522,4
720575940917852811,720575940922795818,7
720575940917852811,720575940859648663,4
720575940917852811,720575940899433261,3
720575940917852811,720575940891783335,2
720575940917852811,720575940892204542,4
720575940917852811,720575940878955572,4
720575940917852811,720575940937856941,1
720575940917852811,720575940888216655,2
720575940917852811,720575940932846484,4
720575940917852811,720575940899291016,1
720575940917852811,720575940927184920,5
720575940917852811,720575940890111288,1
720575940917852811,720575940880005762,3
720575940917852811,720575940891184310,1
720575940917852811,720575940920881320,5
720575940917852811,720575940920037245,5
720575940917852811,720575940891185846,6
720575940917852811,720575940917531755,4
720575940917852811,720575940919632133,5
720575940917852811,720575940937857965,1
720575940917852811,720575940940386475,1
720575940917852811,720575940921478163,1
720575940917852811,720575940881624259,2
720575940917852811,720575940903762211,1
720575940917852811,720575940924205189,1
720575940917852811,720575940885439590,1
720575940902629074,720575940937221662,1
720575940902629074,720575940869443690,1
720575940902629074,720575940891783079,1
720575940902629074,720575940939715909,1
720575940902629074,720575940886540578,1
720575940902629074,720575940905041878,3
720575940902629074,720575940878326395,2
720575940902629074,720575940917975893,1
720575940902629074,720575940927244256,2
720575940902629074,720575940909797811,1
720575940902629074,720575940893156522,3
720575940902629074,720575940922795818,3
720575940902629074,720575940859648663,2
720575940902629074,720575940899433773,2
720575940902629074,720575940896872522,5
720575940902629074,720575940891783335,1
720575940902629074,720575940932846484,2
720575940902629074,720575940927184920,7
720575940902629074,720575940880005762,2
720575940902629074,720575940920881320,1
720575940902629074,720575940920037245,3
720575940902629074,720575940917531755,1
720575940902629074,720575940900033476,2
720575940902629074,720575940919632133,2
720575940902629074,720575940928343548,2
720575940902629074,720575940877555511,1
720575940902629074,720575940905043670,2
720575940902629074,720575940946223236,1
720575940902629074,720575940894664404,1
720575940902629074,720575940940386475,1
720575940902629074,720575940921478163,1
720575940902629074,720575940885439590,1
720575940902629074,720575940894196379,1
720575940902629074,720575940920467088,1
720575940902629074,720575940884147967,1
720575940888799761,720575940914883824,1
720575940888799761,720575940909769176,1
720575940888799761,720575940905061686,1
720575940888799761,720575940909797811,3
720575940888799761,720575940865467295,1
720575940888799761,720575940893156522,1
720575940888799761,720575940922795818,1
720575940888799761,720575940859648663,3
720575940888799761,720575940878955572,2
720575940888799761,720575940932846484,2
720575940888799761,720575940927184920,4
720575940888799761,720575940920881320,3
720575940888799761,720575940920037245,2
720575940888799761,720575940891185846,5
720575940888799761,720575940917531755,6
720575940888799761,720575940900033476,2
720575940888799761,720575940919632133,2
720575940888799761,720575940937857965,1
720575940888799761,720575940877555511,2
720575940888799761,720575940902629074,1
720575940888799761,720575940905043670,1
720575940888799761,720575940910295881,1
720575940888799761,720575940887194266,1
720575940888793178,720575940914883824,1
720575940888793178,720575940899153235,4
720575940888793178,720575940908386564,2
720575940888793178,720575940890245126,1
720575940888793178,720575940878312571,1
720575940888793178,720575940897454998,1
720575940888793178,720575940891518756,1
720575940888793178,720575940878326395,1
720575940888793178,720575940903751971,1
720575940888793178,720575940927244512,3
720575940888793178,720575940899432749,1
720575940888793178,720575940899433005,3
720575940888793178,720575940878325883,2
720575940888793178,720575940922795818,3
720575940888793178,720575940859648663,2
720575940888793178,720575940899433773,4
720575940888793178,720575940927244768,6
720575940888793178,720575940892204542,4
720575940888793178,720575940878955572,2
720575940888793178,720575940888216655,2
720575940888793178,720575940927184920,3
720575940888793178,720575940899434029,1
720575940888793178,720575940920027261,1
720575940888793178,720575940890111288,3
720575940888793178,720575940878955828,1
720575940888793178,720575940920881320,2
720575940888793178,720575940920037245,4
720575940888793178,720575940891185846,4
720575940888793178,720575940917531755,5
720575940888793178,720575940878957108,1
720575940888793178,720575940900033476,5
720575940888793178,720575940919632133,4
720575940888793178,720575940892205566,1
720575940888793178,720575940917852811,1
720575940888793178,720575940905043926,1
720575940888793178,720575940908782425,1
720575940888793178,720575940946223236,1
720575940888793178,720575940894664404,2
720575940888793178,720575940903415565,1
720575940888793178,720575940887194266,1
720575940888793178,720575940888802138,1
720575940888793178,720575940886574602,1
720575940888793178,720575940883908636,1
720575940881055666,720575940918750769,1
720575940881055666,720575940899153235,1
720575940881055666,720575940916016480,1
720575940881055666,720575940941124460,1
720575940881055666,720575940890107704,1
720575940881055666,720575940903414541,1
720575940881055666,720575940900963269,1
720575940881055666,720575940910607129,1
720575940881055666,720575940927244256,1
720575940881055666,720575940918815793,1
720575940881055666,720575940899432749,2
720575940881055666,720575940865467295,1
720575940881055666,720575940922795818,1
720575940881055666,720575940859648663,2
720575940881055666,720575940899433517,1
720575940881055666,720575940899433773,1
720575940881055666,720575940927244768,4
720575940881055666,720575940891783335,1
720575940881055666,720575940892204542,5
720575940881055666,720575940878955572,2
720575940881055666,720575940899291016,4
720575940881055666,720575940899434029,3
720575940881055666,720575940920027261,1
720575940881055666,720575940890111288,5
720575940881055666,720575940878955828,7
720575940881055666,720575940920881320,13
720575940881055666,720575940920037245,6
720575940881055666,720575940891185846,4
720575940881055666,720575940917531755,6
720575940881055666,720575940900033476,8
720575940881055666,720575940919632133,4
720575940881055666,720575940917853067,1
720575940881055666,720575940892205566,1
720575940881055666,720575940908782425,2
720575940881055666,720575940884939979,1
720575940881055666,720575940887194266,2
720575940881055666,720575940909802419,3
720575940881055666,720575940940386475,1
720575940881055666,720575940921478163,2
720575940881055666,720575940888829455,1
720575940881055666,720575940882093178,2
720575940881055666,720575940899607728,1
720575940905042902,720575940941106028,1
720575940905042902,720575940909769176,1
720575940905042902,720575940894178664,1
720575940905042902,720575940893395733,1
720575940905042902,720575940891183798,1
720575940905042902,720575940912929024,1
720575940905042902,720575940917780131,1
720575940905042902,720575940885432678,1
720575940905042902,720575940915253823,1
720575940905042902,720575940939715909,1
720575940905042902,720575940903751971,1
720575940905042902,720575940903414541,1
720575940905042902,720575940915578005,1
720575940905042902,720575940917975893,1
720575940905042902,720575940927244256,1
720575940905042902,720575940918815793,1
720575940905042902,720575940909797811,1
720575940905042902,720575940922795818,2
720575940905042902,720575940859648663,4
720575940905042902,720575940899433517,1
720575940905042902,720575940899433773,1
720575940905042902,720575940927244768,1
720575940905042902,720575940891783335,2
720575940905042902,720575940892204542,5
720575940905042902,720575940878955572,2
720575940905042902,720575940899291016,4
720575940905042902,720575940927184920,1
720575940905042902,720575940920027261,1
720575940905042902,720575940880005762,1
720575940905042902,720575940920881320,5
720575940905042902,720575940920037245,5
720575940905042902,720575940891185846,2
720575940905042902,720575940917531755,3
720575940905042902,720575940900033476,1
720575940905042902,720575940919632133,3
720575940905042902,720575940892205566,1
720575940905042902,720575940920456848,2
720575940905042902,720575940888793178,1
720575940905042902,720575940881974650,1
720575940905042902,720575940916236035,2
720575940905042902,720575940917407635,1
720575940905043670,720575940890134196,1
720575940905043670,720575940904086480,1
720575940905043670,720575940914883824,1
720575940905043670,720575940881607875,1
720575940905043670,720575940878916148,1
720575940905043670,720575940909769176,1
720575940905043670,720575940878956340,1
720575940905043670,720575940912929024,1
720575940905043670,720575940917780131,1
720575940905043670,720575940881936465,1
720575940905043670,720575940915253823,1
720575940905043670,720575940886540578,1
720575940905043670,720575940917975893,1
720575940905043670,720575940899432749,1
720575940905043670,720575940893156522,2
720575940905043670,720575940922795818,1
720575940905043670,720575940899433773,1
720575940905043670,720575940927244768,1
720575940905043670,720575940891783335,2
720575940905043670,720575940878955572,5
720575940905043670,720575940932846484,2
720575940905043670,720575940899291016,1
720575940905043670,720575940927184920,1
720575940905043670,720575940878955828,1
720575940905043670,720575940920881320,3
720575940905043670,720575940920037245,3
720575940905043670,720575940891185846,6
720575940905043670,720575940917531755,5
720575940905043670,720575940900033476,1
720575940905043670,720575940919632133,7
720575940905043670,720575940905043926,1
720575940905043670,720575940921478163,1
720575940905043670,720575940924205189,1
720575940905043670,720575940883908892,1
720575940905043670,720575940920467088,1
720575940905043926,720575940917975893,1
720575940905043926,720575940922795818,1
720575940905043926,720575940899433261,2
720575940905043926,720575940899433517,1
720575940905043926,720575940899433773,1
720575940905043926,720575940892204542,2
720575940905043926,720575940878955572,2
720575940905043926,720575940899291016,2
720575940905043926,720575940927184920,3
720575940905043926,720575940890111288,3
720575940905043926,720575940891184310,1
720575940905043926,720575940920881320,3
720575940905043926,720575940920037245,1
720575940905043926,720575940891185846,1
720575940905043926,720575940917531755,3
720575940905043926,720575940919632133,4
720575940905043926,720575940903188925,3
720575940905043926,720575940879773686,1
720575940905043926,720575940887194266,1
720575940905043926,720575940940386475,1
720575940905043926,720575940916236035,1
720575940884057772,720575940909393947,3
720575940884057772,720575940903370509,2
720575940884057772,720575940899432749,3
720575940884057772,720575940899433005,1
720575940884057772,720575940878325883,1
720575940884057772,720575940899433261,1
720575940884057772,720575940899433517,10
720575940884057772,720575940899433773,5
720575940884057772,720575940927244768,9
720575940884057772,720575940892204542,1
720575940884057772,720575940878955572,1
720575940884057772,720575940899434029,2
720575940884057772,720575940890111288,4
720575940884057772,720575940878955828,2
720575940884057772,720575940920881320,2
720575940884057772,720575940917531755,1
720575940884057772,720575940900033476,2
720575940884057772,720575940917853067,3
720575940884057772,720575940883201751,1
720575940884057772,720575940882117920,1
720575940884057772,720575940884925028,2
720575940884057772,720575940940386475,1
720575940908782425,720575940914883824,1
720575940908782425,720575940899153235,4
720575940908782425,720575940908386564,1
720575940908782425,720575940895353262,1
720575940908782425,720575940922957341,1
720575940908782425,720575940878326395,1
720575940908782425,720575940880837650,1
720575940908782425,720575940903751971,1
720575940908782425,720575940903414541,1
720575940908782425,720575940918815793,1
720575940908782425,720575940878325883,1
720575940908782425,720575940922795818,3
720575940908782425,720575940859648663,3
720575940908782425,720575940899433261,4
720575940908782425,720575940899433517,2
720575940908782425,720575940899433773,6
720575940908782425,720575940927244768,2
720575940908782425,720575940878955572,1
720575940908782425,720575940932846484,4
720575940908782425,720575940927184920,2
720575940908782425,720575940899434029,1
720575940908782425,720575940920027261,1
720575940908782425,720575940890111288,7
720575940908782425,720575940880005762,1
720575940908782425,720575940878955828,1
720575940908782425,720575940920881320,3
720575940908782425,720575940920037245,3
720575940908782425,720575940891185846,3
720575940908782425,720575940917531755,1
720575940908782425,720575940900033476,6
720575940908782425,720575940919632133,2
720575940908782425,720575940917853067,3
720575940908782425,720575940892205566,2
720575940908782425,720575940890962241,1
720575940908782425,720575940888793178,1
720575940908782425,720575940903188925,1
720575940908782425,720575940940386475,4
720575940908782425,720575940921478163,4
720575940908782425,720575940928355836,1
720575940903188925,720575940917429907,1
720575940903188925,720575940908386564,2
720575940903188925,720575940881935355,1
720575940903188925,720575940912929024,2
720575940903188925,720575940890245126,2
720575940903188925,720575940891181902,1
720575940903188925,720575940881936465,1
720575940903188925,720575940939715909,1
720575940903188925,720575940910607129,1
720575940903188925,720575940899432749,2
720575940903188925,720575940909797811,2
720575940903188925,720575940893156522,3
720575940903188925,720575940922795818,2
720575940903188925,720575940859648663,3
720575940903188925,720575940899433517,4
720575940903188925,720575940899433773,2
720575940903188925,720575940927244768,1
720575940903188925,720575940891783335,2
720575940903188925,720575940892204542,6
720575940903188925,720575940878955572,4
720575940903188925,720575940899291016,4
720575940903188925,720575940927184920,3
720575940903188925,720575940899434029,2
720575940903188925,720575940920027261,4
720575940903188925,720575940890111288,8
720575940903188925,720575940920881320,3
720575940903188925,720575940920037245,2
720575940903188925,720575940891185846,1
720575940903188925,720575940917531755,7
720575940903188925,720575940900033476,12
720575940903188925,720575940919632133,4
720575940903188925,720575940905042902,1
720575940903188925,720575940905043926,4
720575940903188925,720575940908782425,1
720575940903188925,720575940875854397,2
720575940903188925,720575940921478163,1
720575940903188925,720575940888802138,1
720575940903188925,720575940883908636,1
720575940903188925,720575940894196379,1
720575940946223236,720575940899282056,1
720575940946223236,720575940878916148,1
720575940946223236,720575940894647347,1
720575940946223236,720575940908386564,1
720575940946223236,720575940895353262,1
720575940946223236,720575940903751971,1
720575940946223236,720575940910607129,1
720575940946223236,720575940859648663,1
720575940946223236,720575940899433517,3
720575940946223236,720575940899433773,3
720575940946223236,720575940892204542,3
720575940946223236,720575940878955572,1
720575940946223236,720575940899291016,5
720575940946223236,720575940927184920,1
720575940946223236,720575940890111288,1
720575940946223236,720575940878955828,1
720575940946223236,720575940920881320,2
720575940946223236,720575940920037245,5
720575940946223236,720575940891185846,3
720575940946223236,720575940917531755,2
720575940946223236,720575940919632133,1
720575940946223236,720575940875854397,1
720575940946223236,720575940940386475,1
720575940946223236,720575940921478163,1
720575940946223236,720575940882393805,1
720575940946223236,720575940886574602,1
720575940946223236,720575940917407635,1
720575940894664404,720575940878916148,1
720575940894664404,720575940897460886,1
720575940894664404,720575940908781145,1
720575940894664404,720575940899283650,1
720575940894664404,720575940885432678,1
720575940894664404,720575940878326395,1
720575940894664404,720575940927244256,1
720575940894664404,720575940909797811,1
720575940894664404,720575940865467295,2
720575940894664404,720575940893156522,1
720575940894664404,720575940922795818,2
720575940894664404,720575940859648663,1
720575940894664404,720575940899433261,3
720575940894664404,720575940899433517,2
720575940894664404,720575940899433773,4
720575940894664404,720575940891783335,1
720575940894664404,720575940892204542,2
720575940894664404,720575940878955572,1
720575940894664404,720575940899291016,2
720575940894664404,720575940927184920,1
720575940894664404,720575940890111288,1
720575940894664404,720575940920881320,4
720575940894664404,720575940920037245,2
720575940894664404,720575940891185846,3
720575940894664404,720575940917531755,4
720575940894664404,720575940919632133,2
720575940894664404,720575940883201751,1
720575940894664404,720575940917852811,1
720575940894664404,720575940905043926,1
720575940894664404,720575940903188925,1
720575940894664404,720575940881974650,1
720575940894664404,720575940888802138,1
720575940903415565,720575940899282056,1
720575940903415565,720575940895353262,1
720575940903415565,720575940915253823,1
720575940903415565,720575940894662868,1
720575940903415565,720575940905042134,1
720575940903415565,720575940903751971,1
720575940903415565,720575940927244256,2
720575940903415565,720575940918815793,1
720575940903415565,720575940899432749,1
720575940903415565,720575940899433005,2
720575940903415565,720575940865467295,1
720575940903415565,720575940922795818,2
720575940903415565,720575940859648663,3
720575940903415565,720575940899433261,1
720575940903415565,720575940899433517,1
720575940903415565,720575940899433773,5
720575940903415565,720575940892204542,1
720575940903415565,720575940878955572,3
720575940903415565,720575940888216655,1
720575940903415565,720575940927184920,1
720575940903415565,720575940890111288,9
720575940903415565,720575940880005762,2
720575940903415565,720575940878955828,2
720575940903415565,720575940891184310,1
720575940903415565,720575940920881320,13
720575940903415565,720575940920037245,1
720575940903415565,720575940891185846,5
720575940903415565,720575940917531755,3
720575940903415565,720575940900033476,2
720575940903415565,720575940919632133,2
720575940903415565,720575940917853067,4
720575940903415565,720575940892205566,1
720575940903415565,720575940940386475,1
720575940903415565,720575940921478163,1
720575940903415565,720575940924205189,1
720575940875854397,720575940922949405,4
720575940875854397,720575940880837650,1
720575940875854397,720575940865467295,1
720575940875854397,720575940922795818,1
720575940875854397,720575940859648663,2
720575940875854397,720575940899433261,1
720575940875854397,720575940899433517,2
720575940875854397,720575940899433773,4
720575940875854397,720575940927244768,2
720575940875854397,720575940891783335,1
720575940875854397,720575940878955572,2
720575940875854397,720575940927184920,1
720575940875854397,720575940890111288,2
720575940875854397,720575940878955828,2
720575940875854397,720575940920881320,1
720575940875854397,720575940891185846,2
720575940875854397,720575940900033476,1
720575940875854397,720575940917853067,1
720575940875854397,720575940883201751,1
720575940875854397,720575940877555511,1
720575940875854397,720575940908782425,1
720575940875854397,720575940894664404,1
720575940875854397,720575940921478163,1
720575940875854397,720575940888802138,2
720575940910295881,720575940914883824,1
720575940910295881,720575940907584340,2
720575940910295881,720575940902624978,1
720575940910295881,720575940923272236,1
720575940910295881,720575940894662868,1
720575940910295881,720575940922957341,1
720575940910295881,720575940905041878,1
720575940910295881,720575940918815793,1
720575940910295881,720575940893156522,7
720575940910295881,720575940922795818,3
720575940910295881,720575940859648663,1
720575940910295881,720575940927244768,1
720575940910295881,720575940896872522,1
720575940910295881,720575940878955572,1
720575940910295881,720575940937856941,1
720575940910295881,720575940932846484,1
720575940910295881,720575940920027261,1
720575940910295881,720575940890111288,3
720575940910295881,720575940920881320,2
720575940910295881,720575940920037245,1
720575940910295881,720575940891185846,1
720575940910295881,720575940917853067,1
720575940910295881,720575940887194266,1
720575940910295881,720575940921478163,1
720575940910295881,720575940928355836,1
720575940884925028,720575940885432678,1
720575940884925028,720575940905042134,1
720575940884925028,720575940903751971,1
720575940884925028,720575940927244256,2
720575940884925028,720575940918815793,1
720575940884925028,720575940899432749,2
720575940884925028,720575940899433005,3
720575940884925028,720575940909797811,1
720575940884925028,720575940878325883,2
720575940884925028,720575940922795818,3
720575940884925028,720575940859648663,2
720575940884925028,720575940899433261,1
720575940884925028,720575940927244768,4
720575940884925028,720575940891783335,2
720575940884925028,720575940899434029,2
720575940884925028,720575940920027261,1
720575940884925028,720575940890111288,1
720575940884925028,720575940878955828,1
720575940884925028,720575940891184310,3
720575940884925028,720575940920881320,2
720575940884925028,720575940920037245,1
720575940884925028,720575940891185846,2
720575940884925028,720575940919632133,3
720575940884925028,720575940917853067,3
720575940884925028,720575940892205566,2
720575940884925028,720575940882117920,1
720575940884925028,720575940940386475,5
720575940884925028,720575940921478163,2
720575940884925028,720575940888802138,3
720575940881624259,720575940941106028,2
720575940881624259,720575940904086480,11
720575940881624259,720575940914883824,8
720575940881624259,720575940881607875,8
720575940881624259,720575940922709290,20
720575940881624259,720575940891164342,14
720575940881624259,720575940903679779,16
720575940881624259,720575940878916148,3
720575940881624259,720575940894647347,24
720575940881624259,720575940875116119,32
720575940881624259,720575940909769176,15
720575940881624259,720575940912535686,23
720575940881624259,720575940918750769,5
720575940881624259,720575940899153235,4
720575940881624259,720575940905061686,5
720575940881624259,720575940895353262,2
720575940881624259,720575940916016480,1
720575940881624259,720575940927109144,16
720575940881624259,720575940897460886,1
720575940881624259,720575940869443690,4
720575940881624259,720575940937848237,5
720575940881624259,720575940899281090,1
720575940881624259,720575940937857965,2
720575940881624259,720575940877555511,1
720575940881624259,720575940905043926,1
720575940881624259,720575940894664404,1
720575940881624259,720575940924205189,3
720575940881624259,720575940885439590,2
720575940881624259,720575940888829455,1
720575940903762211,720575940941106028,3
720575940903762211,720575940917429907,1
720575940903762211,720575940909393947,5
720575940903762211,720575940904086480,17
720575940903762211,720575940877501751,11
720575940903762211,720575940914883824,15
720575940903762211,720575940881607875,6
720575940903762211,720575940922709290,18
720575940903762211,720575940891164342,7
720575940903762211,720575940903679779,18
720575940903762211,720575940878916148,5
720575940903762211,720575940894647347,1
720575940903762211,720575940875116119,21
720575940903762211,720575940909769176,13
720575940903762211,720575940894178664,16
720575940903762211,720575940912535686,2
720575940903762211,720575940918750769,4
720575940903762211,720575940899153235,16
720575940903762211,720575940905061686,7
720575940903762211,720575940908386564,19
720575940903762211,720575940895353262,4
720575940903762211,720575940916016480,16
720575940903762211,720575940896736698,2
720575940903762211,720575940927109144,9
720575940903762211,720575940893395733,8
720575940903762211,720575940903370509,4
720575940903762211,720575940897460886,5
720575940903762211,720575940881935355,2
720575940903762211,720575940869443690,10
720575940903762211,720575940924182661,1
720575940903762211,720575940890245126,1
720575940903762211,720575940918316341,2
720575940903762211,720575940915253823,1
720575940903762211,720575940896872522,1
720575940903762211,720575940883201751,1
720575940903762211,720575940928343548,1
720575940903762211,720575940888793178,2
720575940903762211,720575940903188925,1
720575940903762211,720575940881624259,6
720575940903762211,720575940878345595,3
720575940903762211,720575940924205189,1
720575940903762211,720575940885439590,1
720575940903762211,720575940882093178,1
720575940878345595,720575940941106028,8
720575940878345595,720575940922949405,1
720575940878345595,720575940899282056,7
720575940878345595,720575940917429907,1
720575940878345595,720575940909393947,6
720575940878345595,720575940904086480,6
720575940878345595,720575940877501751,27
720575940878345595,720575940914883824,5
720575940878345595,720575940881607875,15
720575940878345595,720575940922709290,4
720575940878345595,720575940891164342,5
720575940878345595,720575940903679779,7
720575940878345595,720575940878916148,5
720575940878345595,720575940894647347,17
720575940878345595,720575940875116119,3
720575940878345595,720575940909769176,6
720575940878345595,720575940894178664,26
720575940878345595,720575940912535686,14
720575940878345595,720575940918750769,5
720575940878345595,720575940899153235,8
720575940878345595,720575940905061686,4
720575940878345595,720575940908386564,8
720575940878345595,720575940895353262,5
720575940878345595,720575940916016480,23
720575940878345595,720575940896736698,2
720575940878345595,720575940927109144,18
720575940878345595,720575940893395733,6
720575940878345595,720575940903370509,2
720575940878345595,720575940897460886,5
720575940878345595,720575940881935355,1
720575940878345595,720575940869443690,5
720575940878345595,720575940902703006,1
720575940878345595,720575940878956340,1
720575940878345595,720575940889238903,1
720575940878345595,720575940880875929,1
720575940878345595,720575940899281090,1
720575940878345595,720575940878957108,1
720575940878345595,720575940900033476,1
720575940878345595,720575940905043670,1
720575940878345595,720575940908782425,1
720575940878345595,720575940946223236,3
720575940878345595,720575940903415565,8
720575940878345595,720575940875854397,1
720575940878345595,720575940898432765,1
720575940878345595,720575940903762211,1
720575940878345595,720575940924205189,1
720575940878345595,720575940885439590,2
720575940878345595,720575940916236035,2
720575940924205189,720575940941106028,1
720575940924205189,720575940909393947,1
720575940924205189,720575940904086480,21
720575940924205189,720575940877501751,1
720575940924205189,720575940914883824,19
720575940924205189,720575940881607875,8
720575940924205189,720575940922709290,26
720575940924205189,720575940891164342,4
720575940924205189,720575940903679779,26
720575940924205189,720575940878916148,4
720575940924205189,720575940894647347,4
720575940924205189,720575940875116119,14
720575940924205189,720575940909769176,17
720575940924205189,720575940894178664,3
720575940924205189,720575940912535686,12
720575940924205189,720575940918750769,4
720575940924205189,720575940899153235,10
720575940924205189,720575940905061686,5
720575940924205189,720575940908386564,19
720575940924205189,720575940895353262,1
720575940924205189,720575940916016480,7
720575940924205189,720575940927109144,7
720575940924205189,720575940893395733,11
720575940924205189,720575940903370509,2
720575940924205189,720575940897460886,4
720575940924205189,720575940881935355,1
720575940924205189,720575940869443690,17
720575940924205189,720575940899283650,1
720575940924205189,720575940880875929,1
720575940924205189,720575940894647859,1
720575940924205189,720575940919632133,1
720575940924205189,720575940888799761,1
720575940924205189,720575940888793178,1
720575940924205189,720575940905042902,1
720575940924205189,720575940903188925,1
720575940924205189,720575940881624259,5
720575940924205189,720575940878345595,2
720575940924205189,720575940885439590,4
720575940924205189,720575940875843901,1
720575940885439590,720575940917429907,1
720575940885439590,720575940888793434,1
720575940885439590,720575940904086480,18
720575940885439590,720575940877501751,2
720575940885439590,720575940914883824,5
720575940885439590,720575940881607875,5
720575940885439590,720575940922709290,22
720575940885439590,720575940891164342,1
720575940885439590,720575940903679779,13
720575940885439590,720575940878916148,6
720575940885439590,720575940894647347,1
720575940885439590,720575940875116119,21
720575940885439590,720575940909769176,16
720575940885439590,720575940894178664,10
720575940885439590,720575940912535686,3
720575940885439590,720575940918750769,10
720575940885439590,720575940899153235,8
720575940885439590,720575940905061686,20
720575940885439590,720575940908386564,6
720575940885439590,720575940916016480,8
720575940885439590,720575940927109144,1
720575940885439590,720575940893395733,7
720575940885439590,720575940903370509,1
720575940885439590,720575940897460886,3
720575940885439590,720575940881935355,1
720575940885439590,720575940869443690,7
720575940885439590,720575940880875929,1
720575940885439590,720575940923272236,1
720575940885439590,720575940902629074,1
720575940885439590,720575940905043926,1
720575940885439590,720575940903188925,1
720575940885439590,720575940894664404,1
720575940885439590,720575940924205189,3
720575940885439590,720575940888829455,1
720575940883908636,720575940877501751,1
720575940883908636,720575940914883824,2
720575940883908636,720575940878916148,2
720575940883908636,720575940894178664,1
720575940883908636,720575940899153235,4
720575940883908636,720575940905061686,1
720575940883908636,720575940908386564,3
720575940883908636,720575940895353262,2
720575940883908636,720575940916016480,6
720575940883908636,720575940896736698,3
720575940883908636,720575940927109144,2
720575940883908636,720575940893395733,2
720575940883908636,720575940903370509,5
720575940883908636,720575940897460886,3
720575940883908636,720575940881935355,2
720575940883908636,720575940869443690,9
720575940883908636,720575940937848237,1
720575940883908636,720575940891183798,5
720575940883908636,720575940924182661,10
720575940883908636,720575940900956101,4
720575940883908636,720575940902703006,15
720575940883908636,720575940883197911,5
720575940883908636,720575940878956340,2
720575940883908636,720575940912929024,8
720575940883908636,720575940890245126,15
720575940883908636,720575940940380075,7
720575940883908636,720575940908781145,10
720575940883908636,720575940891181902,2
720575940883908636,720575940889238903,4
720575940883908636,720575940880875929,3
720575940883908636,720575940901384751,2
720575940883908636,720575940918316341,5
720575940883908636,720575940899281090,2
720575940883908636,720575940917780131,2
720575940883908636,720575940937862061,1
720575940883908636,720575940878312571,1
720575940883908636,720575940948987670,1
720575940883908636,720575940896732090,7
720575940883908636,720575940881055666,1
720575940883908636,720575940888829455,1
720575940883908636,720575940882093178,2
720575940883908636,720575940899607728,1
720575940883908636,720575940917797795,1
720575940883908636,720575940875843901,1
720575940888829455,720575940890134196,2
720575940888829455,720575940904086480,2
720575940888829455,720575940891164342,2
720575940888829455,720575940903679779,2
720575940888829455,720575940878916148,1
720575940888829455,720575940918750769,1
720575940888829455,720575940899153235,1
720575940888829455,720575940905061686,4
720575940888829455,720575940895353262,1
720575940888829455,720575940916016480,1
720575940888829455,720575940896736698,1
720575940888829455,720575940893395733,1
720575940888829455,720575940897460886,7
720575940888829455,720575940881935355,2
720575940888829455,720575940869443690,12
720575940888829455,720575940891183798,56
720575940888829455,720575940924182661,1
720575940888829455,720575940900956101,21
720575940888829455,720575940902703006,11
720575940888829455,720575940891194446,6
720575940888829455,720575940861450226,4
720575940888829455,720575940883197911,5
720575940888829455,720575940878956340,16
720575940888829455,720575940912929024,8
720575940888829455,720575940890245126,6
720575940888829455,720575940930905464,31
720575940888829455,720575940906113851,24
720575940888829455,720575940940380075,23
720575940888829455,720575940908781145,18
720575940888829455,720575940881620931,14
720575940888829455,720575940891181902,21
720575940888829455,720575940889238903,3
720575940888829455,720575940899283650,10
720575940888829455,720575940880875929,4
720575940888829455,720575940901384751,3
720575940888829455,720575940917780131,2
720575940888829455,720575940927248352,1
720575940888829455,720575940948987670,2
720575940888829455,720575940902624978,1
720575940888829455,720575940917422227,1
720575940888829455,720575940881936465,1
720575940888829455,720575940902634194,1
720575940882093178,720575940909393947,1
720575940882093178,720575940904086480,2
720575940882093178,720575940877501751,4
720575940882093178,720575940914883824,13
720575940882093178,720575940922709290,2
720575940882093178,720575940891164342,3
720575940882093178,720575940903679779,7
720575940882093178,720575940894647347,1
720575940882093178,720575940909769176,2
720575940882093178,720575940894178664,3
720575940882093178,720575940899153235,7
720575940882093178,720575940908386564,12
720575940882093178,720575940895353262,11
720575940882093178,720575940916016480,3
720575940882093178,720575940896736698,1
720575940882093178,720575940927109144,4
720575940882093178,720575940903370509,7
720575940882093178,720575940897460886,2
720575940882093178,720575940881935355,1
720575940882093178,720575940869443690,8
720575940882093178,720575940891183798,3
720575940882093178,720575940924182661,13
720575940882093178,720575940900956101,11
720575940882093178,720575940902703006,4
720575940882093178,720575940878956340,12
720575940882093178,720575940912929024,4
720575940882093178,720575940890245126,6
720575940882093178,720575940906113851,6
720575940882093178,720575940940380075,20
720575940882093178,720575940908781145,12
720575940882093178,720575940891181902,10
720575940882093178,720575940889238903,3
720575940882093178,720575940899283650,1
720575940882093178,720575940880875929,3
720575940882093178,720575940901384751,4
720575940882093178,720575940899281090,5
720575940882093178,720575940917780131,9
720575940882093178,720575940878312571,2
720575940882093178,720575940920881320,1
720575940882093178,720575940908782425,1
720575940882093178,720575940903188925,1
720575940882093178,720575940903415565,1
720575940882093178,720575940883908636,1
720575940882093178,720575940894196379,1
720575940882093178,720575940905121334,1
720575940882093178,720575940920467088,1
720575940899607728,720575940891164342,1
720575940899607728,720575940903679779,2
720575940899607728,720575940878916148,2
720575940899607728,720575940905061686,2
720575940899607728,720575940895353262,2
720575940899607728,720575940893395733,1
720575940899607728,720575940881935355,2
720575940899607728,720575940869443690,3
720575940899607728,720575940891183798,8
720575940899607728,720575940900956101,9
720575940899607728,720575940891194446,21
720575940899607728,720575940861450226,12
720575940899607728,720575940883197911,20
720575940899607728,720575940878956340,5
720575940899607728,720575940912929024,13
720575940899607728,720575940890245126,1
720575940899607728,720575940930905464,37
720575940899607728,720575940906113851,11
720575940899607728,720575940940380075,15
720575940899607728,720575940881620931,19
720575940899607728,720575940891181902,11
720575940899607728,720575940889238903,3
720575940899607728,720575940899283650,6
720575940899607728,720575940880875929,1
720575940899607728,720575940899281090,8
720575940899607728,720575940917780131,4
720575940899607728,720575940937862061,1
720575940899607728,720575940878312571,3
720575940899607728,720575940917422227,1
720575940899607728,720575940880839442,2
720575940899607728,720575940882160356,1
720575940899607728,720575940922957341,1
720575940899607728,720575940903751971,1
720575940899607728,720575940905043670,1
720575940899607728,720575940905043926,1
720575940899607728,720575940946223236,1
720575940899607728,720575940894664404,1
720575940899607728,720575940883908636,2
720575940899607728,720575940888829455,1
720575940894196379,720575940891164342,4
720575940894196379,720575940899153235,1
720575940894196379,720575940905061686,2
720575940894196379,720575940916016480,4
720575940894196379,720575940927109144,4
720575940894196379,720575940893395733,3
720575940894196379,720575940903370509,1
720575940894196379,720575940897460886,2
720575940894196379,720575940881935355,2
720575940894196379,720575940869443690,5
720575940894196379,720575940891183798,5
720575940894196379,720575940924182661,4
720575940894196379,720575940900956101,1
720575940894196379,720575940902703006,15
720575940894196379,720575940883197911,4
720575940894196379,720575940878956340,1
720575940894196379,720575940912929024,2
720575940894196379,720575940890245126,11
720575940894196379,720575940930905464,4
720575940894196379,720575940906113851,3
720575940894196379,720575940940380075,1
720575940894196379,720575940908781145,8
720575940894196379,720575940889238903,1
720575940894196379,720575940899283650,2
720575940894196379,720575940880875929,1
720575940894196379,720575940918316341,5
720575940894196379,720575940899281090,3
720575940894196379,720575940917780131,5
720575940894196379,720575940927248352,1
720575940894196379,720575940937862061,2
720575940894196379,720575940948987670,1
720575940894196379,720575940896732090,2
720575940894196379,720575940922957341,1
720575940894196379,720575940878326395,1
720575940894196379,720575940915256127,1
720575940894196379,720575940900963269,1
720575940894196379,720575940920037245,1
720575940894196379,720575940881055666,1
720575940894196379,720575940905042902,2
720575940894196379,720575940883908636,2
720575940894196379,720575940888829455,1
720575940894196379,720575940882093178,1
720575940894196379,720575940899607728,1
720575940869469147,720575940895289006,3
720575940869469147,720575940948987670,1
720575940869469147,720575940883729656,1
720575940869469147,720575940880839442,10
720575940869469147,720575940921525267,1
720575940869469147,720575940908400644,1
720575940869469147,720575940924205701,2
720575940908400644,720575940895289006,2
720575940908400644,720575940890900801,1
720575940908400644,720575940880839442,3
720575940908400644,720575940899607728,1
720575940908400644,720575940894196379,2
720575940908400644,720575940869469147,1
720575940917797795,720575940927109144,2
720575940917797795,720575940927248352,5
720575940917797795,720575940937862061,6
720575940917797795,720575940890900801,1
720575940917797795,720575940948987670,2
720575940917797795,720575940907584340,1
720575940917797795,720575940896732090,1
720575940917797795,720575940939715909,1
720575940917797795,720575940927184920,1
720575940917797795,720575940878345595,1
720575940917797795,720575940883908636,5
720575940917797795,720575940888829455,4
720575940917797795,720575940882093178,10
720575940917797795,720575940899607728,4
720575940917797795,720575940894196379,1
720575940917797795,720575940908400644,3
720575940917797795,720575940905121334,1
720575940917797795,720575940920467088,1
720575940917797795,720575940884147967,2
720575940869469403,720575940881936635,5
720575940869469403,720575940927109144,15
720575940869469403,720575940893395733,6
720575940869469403,720575940903370509,8
720575940869469403,720575940937862061,4
720575940869469403,720575940886853257,1
720575940869469403,720575940948987670,5
720575940869469403,720575940880839442,1
720575940869469403,720575940899433005,1
720575940869469403,720575940884057772,1
720575940869469403,720575940946223236,1
720575940869469403,720575940881624259,2
720575940869469403,720575940903762211,1
720575940869469403,720575940878345595,6
720575940869469403,720575940924205189,2
720575940869469403,720575940885439590,3
720575940869469403,720575940883908636,5
720575940869469403,720575940888829455,2
720575940869469403,720575940882093178,8
720575940869469403,720575940899607728,4
720575940869469403,720575940894196379,7
720575940869469403,720575940869469147,1
720575940869469403,720575940917797795,2
720575940869469403,720575940905121334,2
720575940869469403,720575940884147711,1
720575940869469403,720575940920467088,13
720575940869469403,720575940884147967,5
720575940905121334,720575940891194446,1
720575940905121334,720575940883197911,2
720575940905121334,720575940889238903,1
720575940905121334,720575940917780131,1
720575940905121334,720575940927248352,3
720575940905121334,720575940895289006,2
720575940905121334,720575940886853257,2
720575940905121334,720575940948987670,6
720575940905121334,720575940907584340,7
720575940905121334,720575940883729656,8
720575940905121334,720575940902624978,3
720575940905121334,720575940883908636,1
720575940905121334,720575940888829455,3
720575940905121334,720575940882093178,2
720575940905121334,720575940899607728,2
720575940905121334,720575940894196379,1
720575940905121334,720575940908400644,1
720575940905121334,720575940917797795,1
720575940905121334,720575940920467088,1
720575940905121334,720575940884147967,1
720575940884147711,720575940899282056,4
720575940884147711,720575940917429907,1
720575940884147711,720575940889249143,1
720575940884147711,720575940895353262,1
720575940884147711,720575940927109144,4
720575940884147711,720575940893395733,2
720575940884147711,720575940903370509,17
720575940884147711,720575940869443690,1
720575940884147711,720575940915256127,1
720575940884147711,720575940881844049,2
720575940884147711,720575940884939979,2
720575940884147711,720575940880850833,1
720575940884147711,720575940881624259,1
720575940884147711,720575940878345851,1
720575940884147711,720575940903762467,2
720575940884147711,720575940916236035,1
720575940878345851,720575940941106028,2
720575940878345851,720575940899282056,1
720575940878345851,720575940917429907,1
720575940878345851,720575940888793434,2
720575940878345851,720575940920044149,1
720575940878345851,720575940937221662,1
720575940878345851,720575940889249143,1
720575940878345851,720575940918750769,1
720575940878345851,720575940896736698,3
720575940878345851,720575940927109144,28
720575940878345851,720575940893395733,13
720575940878345851,720575940903370509,10
720575940878345851,720575940897460886,2
720575940878345851,720575940881935355,4
720575940878345851,720575940889238903,2
720575940878345851,720575940899281090,1
720575940878345851,720575940878326395,1
720575940878345851,720575940915256127,1
720575940878345851,720575940900963269,4
720575940878345851,720575940894647859,4
720575940878345851,720575940894664404,1
720575940878345851,720575940875854397,1
720575940878345851,720575940888731665,6
720575940878345851,720575940895281326,1
720575940878345851,720575940913491825,1
720575940878345851,720575940881624259,1
720575940878345851,720575940878345595,2
720575940878345851,720575940885439590,3
720575940925834822,720575940941106028,1
720575940925834822,720575940922949405,5
720575940925834822,720575940899282056,1
720575940925834822,720575940917429907,3
720575940925834822,720575940888793434,3
720575940925834822,720575940920044149,1
720575940925834822,720575940937221662,5
720575940925834822,720575940889249143,1
720575940925834822,720575940881607875,1
720575940925834822,720575940896736698,3
720575940925834822,720575940927109144,4
720575940925834822,720575940893395733,6
720575940925834822,720575940903370509,8
720575940925834822,720575940897460886,1
720575940925834822,720575940881935355,2
720575940925834822,720575940869443690,8
720575940925834822,720575940915256127,2
720575940925834822,720575940900963269,2
720575940925834822,720575940927184920,2
720575940925834822,720575940888799761,1
720575940925834822,720575940898432765,1
720575940925834822,720575940888731665,4
720575940925834822,720575940884939979,1
720575940925834822,720575940881974650,3
720575940925834822,720575940963340820,1
720575940925834822,720575940890939713,1
720575940925834822,720575940924205189,3
720575940925834822,720575940885439590,1
720575940925834822,720575940878345851,1
720575940925834822,720575940883908892,2
720575940924205445,720575940920044149,3
720575940924205445,720575940937221662,2
720575940924205445,720575940894647859,1
720575940924205445,720575940930825549,5
720575940924205445,720575940903762467,1
720575940924205445,720575940894200168,1
720575940883908892,720575940941106028,1
720575940883908892,720575940922949405,4
720575940883908892,720575940888793434,8
720575940883908892,720575940920044149,6
720575940883908892,720575940937221662,2
720575940883908892,720575940889249143,2
720575940883908892,720575940877501751,1
720575940883908892,720575940881607875,2
720575940883908892,720575940891164342,2
720575940883908892,720575940875116119,2
720575940883908892,720575940918750769,3
720575940883908892,720575940895353262,3
720575940883908892,720575940916016480,10
720575940883908892,720575940896736698,1
720575940883908892,720575940927109144,20
720575940883908892,720575940893395733,19
720575940883908892,720575940903370509,7
720575940883908892,720575940897460886,4
720575940883908892,720575940881935355,1
720575940883908892,720575940869443690,12
720575940883908892,720575940912929024,1
720575940883908892,720575940889238903,4
720575940883908892,720575940881936465,1
720575940883908892,720575940915256127,2
720575940883908892,720575940900963269,2
720575940883908892,720575940891783335,1
720575940883908892,720575940888793178,1
720575940883908892,720575940865160474,3
720575940883908892,720575940888731665,6
720575940883908892,720575940884939979,4
720575940883908892,720575940915676096,2
720575940883908892,720575940905050934,1
720575940883908892,720575940890939713,1
720575940883908892,720575940899779727,1
720575940883908892,720575940884147711,1
720575940883908892,720575940925834822,2
720575940878346107,720575940922949405,2
720575940878346107,720575940888793434,10
720575940878346107,720575940920044149,2
720575940878346107,720575940937221662,2
720575940878346107,720575940889249143,5
720575940878346107,720575940927109144,1
720575940878346107,720575940893395733,6
720575940878346107,720575940903370509,4
720575940878346107,720575940881935355,1
720575940878346107,720575940869443690,5
720575940878346107,720575940899283650,1
720575940878346107,720575940915256127,1
720575940878346107,720575940875854397,1
720575940878346107,720575940865160474,1
720575940878346107,720575940884939979,1
720575940878346107,720575940894563284,1
720575940878346107,720575940905050934,1
720575940878346107,720575940889952699,1
720575940878346107,720575940903762467,1
720575940924205701,720575940903370509,2
720575940924205701,720575940924182661,1
720575940924205701,720575940890245126,1
720575940924205701,720575940930905464,1
720575940924205701,720575940906113851,5
720575940924205701,720575940881620931,1
720575940924205701,720575940927248352,1
720575940924205701,720575940895289006,5
720575940924205701,720575940948987670,1
720575940924205701,720575940907584340,2
720575940924205701,720575940902624978,1
720575940924205701,720575940880839442,2
720575940924205701,720575940902634194,2
720575940924205701,720575940939715909,1
720575940924205701,720575940886540578,1
720575940924205701,720575940915256127,1
720575940924205701,720575940894647859,6
720575940924205701,720575940917975893,1
720575940924205701,720575940927244256,2
720575940924205701,720575940927244512,1
720575940924205701,720575940891783335,1
720575940924205701,720575940878955572,1
720575940924205701,720575940899434029,1
720575940924205701,720575940880005762,2
720575940924205701,720575940891184310,2
720575940924205701,720575940892205566,1
720575940924205701,720575940903762467,1
720575940924205701,720575940884147967,1
720575940924205701,720575940917407635,1
720575940903762467,720575940881936465,1
720575940903762467,720575940882093178,1
720575940903762467,720575940869469403,1
720575940920467088,720575940941106028,2
720575940920467088,720575940917429907,4
720575940920467088,720575940890134196,3
720575940920467088,720575940888793434,1
720575940920467088,720575940904086480,6
720575940920467088,720575940914883824,3
720575940920467088,720575940881607875,2
720575940920467088,720575940891164342,2
720575940920467088,720575940903679779,6
720575940920467088,720575940878916148,10
720575940920467088,720575940875116119,6
720575940920467088,720575940909769176,2
720575940920467088,720575940894178664,1
720575940920467088,720575940918750769,6
720575940920467088,720575940899153235,2
720575940920467088,720575940905061686,8
720575940920467088,720575940908386564,3
720575940920467088,720575940916016480,3
720575940920467088,720575940893395733,1
720575940920467088,720575940897460886,10
720575940920467088,720575940881935355,4
720575940920467088,720575940869443690,4
720575940920467088,720575940891183798,55
720575940920467088,720575940900956101,14
720575940920467088,720575940902703006,2
720575940920467088,720575940891194446,1
720575940920467088,720575940861450226,1
720575940920467088,720575940883197911,3
720575940920467088,720575940878956340,8
720575940920467088,720575940912929024,3
720575940920467088,720575940890245126,2
720575940920467088,720575940930905464,6
720575940920467088,720575940906113851,12
720575940920467088,720575940940380075,8
720575940920467088,720575940908781145,11
720575940920467088,720575940881620931,3
720575940920467088,720575940891181902,35
720575940920467088,720575940889238903,1
720575940920467088,720575940899283650,2
720575940920467088,720575940880875929,2
720575940920467088,720575940899281090,2
720575940920467088,720575940878312571,19
720575940920467088,720575940886853257,4
720575940920467088,720575940902624978,3
720575940920467088,720575940890107704,1
720575940920467088,720575940881936465,1
720575940920467088,720575940921525267,1
720575940920467088,720575940894647859,8
720575940920467088,720575940915578005,3
720575940920467088,720575940927244256,2
720575940920467088,720575940865467295,1
720575940920467088,720575940891783335,4
720575940920467088,720575940892204542,1
720575940920467088,720575940878955572,4
720575940920467088,720575940880005762,2
720575940920467088,720575940891184310,3
720575940920467088,720575940917531755,1
720575940920467088,720575940900033476,1
720575940920467088,720575940919632133,1
720575940920467088,720575940892205566,5
720575940920467088,720575940920456848,1
720575940920467088,720575940917852811,1
720575940920467088,720575940888799761,1
720575940920467088,720575940881624259,1
720575940920467088,720575940883908636,1
720575940920467088,720575940888829455,3
720575940884147967,720575940890134196,3
720575940884147967,720575940869443690,1
720575940884147967,720575940891183798,1
720575940884147967,720575940891194446,1
720575940884147967,720575940861450226,5
720575940884147967,720575940930905464,6
720575940884147967,720575940881620931,5
720575940884147967,720575940917422227,8
720575940884147967,720575940880839442,1
720575940884147967,720575940861447666,1
720575940884147967,720575940880837650,1
720575940884147967,720575940915256127,1
720575940884147967,720575940900963269,1
720575940884147967,720575940894647859,3
720575940884147967,720575940927244512,1
720575940884147967,720575940859648663,1
720575940884147967,720575940891783335,2
720575940884147967,720575940927184920,2
720575940884147967,720575940880005762,3
720575940884147967,720575940892205566,1
720575940884147967,720575940902629074,1
720575940884147967,720575940885439590,1
720575940884147967,720575940888829455,1
720575940884147967,720575940920467088,1
720575940897365506,720575940883197911,1
720575940897365506,720575940881620931,1
720575940897365506,720575940880875929,1
720575940897365506,720575940861447666,1
720575940897365506,720575940902634194,4
720575940897365506,720575940891518756,1
720575940897365506,720575940883198679,23
720575940897365506,720575940880837650,1
720575940897365506,720575940881935185,2
720575940897365506,720575940903751971,1
720575940897365506,720575940894116163,31
720575940897365506,720575940894647859,1
720575940897365506,720575940915578005,1
720575940897365506,720575940917975893,2
720575940897365506,720575940927244512,14
720575940897365506,720575940909797811,3
720575940897365506,720575940893156522,2
720575940897365506,720575940922795818,2
720575940897365506,720575940859648663,1
720575940897365506,720575940896872522,5
720575940897365506,720575940891783335,1
720575940897365506,720575940878955572,3
720575940897365506,720575940937856941,1
720575940897365506,720575940927184920,1
720575940897365506,720575940920027261,16
720575940897365506,720575940880005762,6
720575940897365506,720575940920881320,5
720575940897365506,720575940920037245,1
720575940897365506,720575940891185846,3
720575940897365506,720575940917531755,8
720575940897365506,720575940919632133,3
720575940897365506,720575940898432765,1
720575940897365506,720575940940386475,16
720575940897365506,720575940921478163,7
720575940897365506,720575940888802138,12
720575940897365506,720575940885439590,1
720575940897365506,720575940888829455,1
720575940897365506,720575940924205701,1
720575940899861391,720575940891194446,1
720575940899861391,720575940918316341,2
720575940899861391,720575940899281090,1
720575940899861391,720575940917780131,2
720575940899861391,720575940878312571,1
720575940899861391,720575940895289006,1
720575940899861391,720575940886853257,2
720575940899861391,720575940948987670,1
720575940899861391,720575940907584340,2
720575940899861391,720575940883729656,3
720575940899861391,720575940902624978,1
720575940899861391,720575940923272236,1
720575940899861391,720575940902634194,5
720575940899861391,720575940913573871,1
720575940899861391,720575940897454998,1
720575940899861391,720575940883198679,11
720575940899861391,720575940922957341,1
720575940899861391,720575940903751971,4
720575940899861391,720575940894116163,33
720575940899861391,720575940910607129,5
720575940899861391,720575940927244512,7
720575940899861391,720575940909797811,8
720575940899861391,720575940893156522,4
720575940899861391,720575940922795818,20
720575940899861391,720575940859648663,11
720575940899861391,720575940896872522,5
720575940899861391,720575940891783335,7
720575940899861391,720575940892204542,1
720575940899861391,720575940878955572,14
720575940899861391,720575940927184920,1
720575940899861391,720575940920027261,42
720575940899861391,720575940890111288,1
720575940899861391,720575940880005762,3
720575940899861391,720575940891184310,5
720575940899861391,720575940920881320,6
720575940899861391,720575940920037245,3
720575940899861391,720575940891185846,14
720575940899861391,720575940917531755,23
720575940899861391,720575940919632133,7
720575940899861391,720575940892205566,1
720575940899861391,720575940920456848,6
720575940899861391,720575940928343548,1
720575940899861391,720575940877555511,2
720575940899861391,720575940917852811,1
720575940899861391,720575940888731665,1
720575940899861391,720575940887194266,1
720575940899861391,720575940940386475,34
720575940899861391,720575940921478163,14
720575940899861391,720575940928355836,1
720575940899861391,720575940888802138,12
720575940899861391,720575940882393805,4
720575940899861391,720575940899607728,1
720575940899861391,720575940897365506,1
720575940899861391,720575940916236035,1
720575940899861391,720575940917407635,2
720575940916236035,720575940891183798,1
720575940916236035,720575940900956101,3
720575940916236035,720575940906113851,1
720575940916236035,720575940940380075,1
720575940916236035,720575940891181902,2
720575940916236035,720575940880875929,1
720575940916236035,720575940917780131,2
720575940916236035,720575940937862061,1
720575940916236035,720575940878312571,1
720575940916236035,720575940890107704,1
720575940916236035,720575940902634194,6
720575940916236035,720575940882672796,1
720575940916236035,720575940894662868,2
720575940916236035,720575940883198679,3
720575940916236035,720575940880837650,1
720575940916236035,720575940903751971,1
720575940916236035,720575940894116163,32
720575940916236035,720575940894647859,1
720575940916236035,720575940927244512,2
720575940916236035,720575940909797811,1
720575940916236035,720575940893156522,3
720575940916236035,720575940922795818,9
720575940916236035,720575940859648663,19
720575940916236035,720575940899433261,1
720575940916236035,720575940899433773,1
720575940916236035,720575940878955572,2
720575940916236035,720575940937856941,1
720575940916236035,720575940920027261,6
720575940916236035,720575940890111288,2
720575940916236035,720575940920881320,7
720575940916236035,720575940920037245,19
720575940916236035,720575940891185846,7
720575940916236035,720575940917531755,21
720575940916236035,720575940900033476,3
720575940916236035,720575940919632133,11
720575940916236035,720575940892205566,2
720575940916236035,720575940937857965,1
720575940916236035,720575940877555511,2
720575940916236035,720575940881055666,2
720575940916236035,720575940905043670,2
720575940916236035,720575940905043926,1
720575940916236035,720575940903188925,1
720575940916236035,720575940875854397,1
720575940916236035,720575940909802419,2
720575940916236035,720575940940386475,20
720575940916236035,720575940921478163,19
720575940916236035,720575940888802138,4
720575940916236035,720575940924205189,1
720575940916236035,720575940869469147,1
720575940917407635,720575940927248352,1
720575940917407635,720575940885432678,1
720575940917407635,720575940882160356,1
720575940917407635,720575940902634194,6
720575940917407635,720575940915253823,1
720575940917407635,720575940883198679,14
720575940917407635,720575940878326395,1
720575940917407635,720575940881935185,9
720575940917407635,720575940894116163,10
720575940917407635,720575940910607129,1
720575940917407635,720575940922795818,6
720575940917407635,720575940859648663,11
720575940917407635,720575940899433517,1
720575940917407635,720575940896872522,3
720575940917407635,720575940920027261,11
720575940917407635,720575940891184310,1
720575940917407635,720575940920037245,1
720575940917407635,720575940891185846,14
720575940917407635,720575940917531755,8
720575940917407635,720575940892205566,1
720575940917407635,720575940903188925,1
720575940917407635,720575940940386475,7
720575940917407635,720575940921478163,5
720575940917407635,720575940928355836,3
720575940917407635,720575940888802138,3
720575940917407635,720575940883908636,1
720575940917407635,720575940899861391,2
720575940875843901,720575940914883824,1
720575940875843901,720575940927109144,1
720575940875843901,720575940924182661,1
720575940875843901,720575940902703006,3
720575940875843901,720575940890245126,1
720575940875843901,720575940940380075,1
720575940875843901,720575940891181902,1
720575940875843901,720575940896732090,1
720575940875843901,720575940890107704,2
720575940875843901,720575940890108216,1
720575940875843901,720575940878326395,3
720575940875843901,720575940903751971,16
720575940875843901,720575940903414541,2
720575940875843901,720575940894116163,2
720575940875843901,720575940910607129,7
720575940875843901,720575940918815793,7
720575940875843901,720575940899432749,13
720575940875843901,720575940909797811,1
720575940875843901,720575940922795818,3
720575940875843901,720575940859648663,3
720575940875843901,720575940899433517,7
720575940875843901,720575940899433773,15
720575940875843901,720575940927244768,4
720575940875843901,720575940891783335,1
720575940875843901,720575940878955572,9
720575940875843901,720575940927184920,1
720575940875843901,720575940920027261,2
720575940875843901,720575940890111288,37
720575940875843901,720575940878955828,14
720575940875843901,720575940920881320,22
720575940875843901,720575940920037245,6
720575940875843901,720575940891185846,9
720575940875843901,720575940917531755,4
720575940875843901,720575940900033476,17
720575940875843901,720575940919632133,2
720575940875843901,720575940917853067,1
720575940875843901,720575940892205566,5
720575940875843901,720575940890962241,1
720575940875843901,720575940908782425,2
720575940875843901,720575940889952699,1
720575940875843901,720575940940386475,8
720575940875843901,720575940921478163,12
720575940875843901,720575940888802138,3
720575940875843901,720575940883908636,1
720575940894200168,720575940948987670,1
720575940894200168,720575940911485033,1
720575940883495774,720575940909797811,1
720575940883495774,720575940920037245,1
720575940883495774,720575940940386475,1
720575940883495774,720575940903762467,1
720575940883495774,720575940911485033,1
720575940883495774,720575940884147967,1
