pre_pt_root_id,pre_type,post_pt_root_id,post_type,synapses
720575940851372659,C-COLD,720575940882103072,p2_cold,5
720575940851372659,C-COLD,720575940890018996,p2_poly,3
720575940851372659,C-COLD,720575940883198167,p2_cold,1
720575940851372659,C-COLD,720575940890939713,p2_noci,1
720575940851372659,C-COLD,720575940881974650,p2_poly,1
720575940851372659,C-COLD,720575940919071815,noci_module,1
720575940851372659,C-COLD,720575940905050934,p2_poly,1
720575940851375219,C-COLD,720575940882103072,p2_cold,2
720575940851375219,C-COLD,720575940883198167,p2_cold,1
720575940851375219,C-COLD,720575940905050934,p2_poly,1
720575940872856946,C-COLD,720575940883198167,p2_cold,16
720575940872856946,C-COLD,720575940882103072,p2_cold,10
720575940872856946,C-COLD,720575940925790278,p2_cold,5
720575940872856946,C-COLD,720575940919071815,noci_module,2
720575940878947380,C-COLD,720575940882103072,p2_cold,6
720575940878947380,C-COLD,720575940919071815,noci_module,6
720575940878947380,C-COLD,720575940883198167,p2_cold,3
720575940878947380,C-COLD,720575940925790278,p2_cold,3
720575940878947380,C-COLD,720575940913491825,p2_poly,2
720575940878947380,C-COLD,720575940930825549,p2_poly,2
720575940878947380,C-COLD,720575940905050934,p2_poly,1
720575940881127565,C-COLD,720575940883198167,p2_cold,3
720575940881127565,C-COLD,720575940919071815,noci_module,1
720575940881127565,C-COLD,720575940901717479,p2_cold,1
720575940881869307,C-COLD,720575940905050934,p2_poly,2
720575940881869307,C-COLD,720575940917098044,p2_poly,1
720575940881869307,C-COLD,720575940963340820,p2_noci,1
720575940882649500,C-COLD,720575940901717479,p2_cold,3
720575940882650524,C-COLD,720575940901717479,p2_cold,3
720575940882650524,C-COLD,720575940882103072,p2_cold,3
720575940882650524,C-COLD,720575940902401208,p2_noci,2
720575940882650524,C-COLD,720575940875863357,p2_cold,1
720575940883734520,C-COLD,720575940883198167,p2_cold,9
720575940883734520,C-COLD,720575940890018996,p2_poly,2
720575940883734520,C-COLD,720575940902518994,p2_noci,1
720575940883734520,C-COLD,720575940918311989,p2_poly,1
720575940890741967,C-COLD,720575940882103072,p2_cold,6
720575940890741967,C-COLD,720575940913491825,p2_poly,5
720575940890741967,C-COLD,720575940905050934,p2_poly,3
720575940890741967,C-COLD,720575940894664201,p2_cold,2
720575940890741967,C-COLD,720575940888793434,noci_module,1
720575940890741967,C-COLD,720575940890939713,p2_noci,1
720575940890741967,C-COLD,720575940901717479,p2_cold,1
720575940891185486,C-COLD,720575940918311989,p2_poly,9
720575940891185486,C-COLD,720575940894664201,p2_cold,7
720575940891185486,C-COLD,720575940883198167,p2_cold,6
720575940891185486,C-COLD,720575940888793434,noci_module,2
720575940891185486,C-COLD,720575940881974650,p2_poly,1
720575940893928949,C-COLD,720575940883198167,p2_cold,1
720575940893928949,C-COLD,720575940890939713,p2_noci,1
720575940893928949,C-COLD,720575940882103072,p2_cold,1
720575940893928949,C-COLD,720575940898677394,p2_cold,1
720575940895196362,C-COLD,720575940909802419,p2_poly,2
720575940895196362,C-COLD,720575940898677394,p2_cold,1
720575940895711219,C-COLD,720575940901717479,p2_cold,7
720575940895711219,C-COLD,720575940905050934,p2_poly,2
720575940898861305,C-COLD,720575940875863357,p2_cold,3
720575940899184211,C-COLD,720575940898677394,p2_cold,2
720575940899184211,C-COLD,720575940925790278,p2_cold,2
720575940899184211,C-COLD,720575940917098044,p2_poly,1
720575940899184211,C-COLD,720575940883900444,p2_poly,1
720575940900244450,C-COLD,720575940883198167,p2_cold,3
720575940900244450,C-COLD,720575940886290596,p2_poly,1
720575940900244450,C-COLD,720575940894664201,p2_cold,1
720575940900244450,C-COLD,720575940919071815,noci_module,1
720575940900244450,C-COLD,720575940909430811,noci_module,1
720575940900244450,C-COLD,720575940890939713,p2_noci,1
720575940900244450,C-COLD,720575940905050934,p2_poly,1
720575940901994222,C-COLD,720575940901717479,p2_cold,16
720575940902302721,C-COLD,720575940882103072,p2_cold,4
720575940902618322,C-COLD,720575940919071815,noci_module,1
720575940902618322,C-COLD,720575940909802419,p2_poly,1
720575940902618322,C-COLD,720575940905050934,p2_poly,1
720575940902618322,C-COLD,720575940902634194,v2,1
720575940915281053,C-COLD,720575940889952699,p2_poly,1
720575940915281053,C-COLD,720575940890018996,p2_poly,1
720575940915281053,C-COLD,720575940927796016,p2_cold,1
720575940927175960,C-COLD,720575940925790278,p2_cold,5
720575940927175960,C-COLD,720575940927796016,p2_cold,4
720575940927175960,C-COLD,720575940919071815,noci_module,4
720575940927175960,C-COLD,720575940918311989,p2_poly,4
720575940927175960,C-COLD,720575940883198167,p2_cold,3
720575940927175960,C-COLD,720575940881974650,p2_poly,2
720575940927175960,C-COLD,720575940882103072,p2_cold,2
720575940927175960,C-COLD,720575940913491825,p2_poly,2
720575940927175960,C-COLD,720575940898677394,p2_cold,2
720575940927175960,C-COLD,720575940888731665,p2_noci,1
720575940927275084,C-COLD,720575940894664201,p2_cold,7
720575940927275084,C-COLD,720575940882103072,p2_cold,6
720575940927275084,C-COLD,720575940883198167,p2_cold,4
720575940927275084,C-COLD,720575940918311989,p2_poly,3
720575940927275084,C-COLD,720575940888731665,p2_noci,2
720575940927275084,C-COLD,720575940902518994,p2_noci,1
720575940927275084,C-COLD,720575940925790278,p2_cold,1
720575940927275084,C-COLD,720575940901717479,p2_cold,1
720575940937231134,C-COLD,720575940898677394,p2_cold,1
720575940861407986,ab-ltmr,720575940880839442,adltmr_module,6
720575940861407986,ab-ltmr,720575940886853257,adltmr_module,2
720575940861407986,ab-ltmr,720575940927244512,v1,1
720575940861407986,ab-ltmr,720575940892205566,v1,1
720575940861407986,ab-ltmr,720575940880005762,v1,1
720575940861407986,ab-ltmr,720575940890134196,noci_module,1
720575940861407986,ab-ltmr,720575940921525267,v2,1
720575940861407986,ab-ltmr,720575940909797811,v1,1
720575940869534222,ab-ltmr,720575940902634194,v2,1
720575940871491897,ab-ltmr,720575940894647859,v2,8
720575940871491897,ab-ltmr,720575940878312571,adltmr_module,6
720575940871491897,ab-ltmr,720575940898916857,v2,4
720575940871491897,ab-ltmr,720575940926242958,v2,4
720575940871491897,ab-ltmr,720575940923272236,v2,4
720575940871491897,ab-ltmr,720575940915253823,v2,3
720575940871491897,ab-ltmr,720575940915256127,v2,3
720575940871491897,ab-ltmr,720575940885432678,v2,3
720575940871491897,ab-ltmr,720575940890107704,v2,3
720575940871491897,ab-ltmr,720575940906210525,cltmr_module,3
720575940871491897,ab-ltmr,720575940869443690,np_module,2
720575940871491897,ab-ltmr,720575940922957341,v2,2
720575940871491897,ab-ltmr,720575940890134196,noci_module,2
720575940871491897,ab-ltmr,720575940905042902,r,2
720575940871491897,ab-ltmr,720575940891181902,cltmr_module,2
720575940871491897,ab-ltmr,720575940903415565,r,1
720575940871491897,ab-ltmr,720575940880839442,adltmr_module,1
720575940871491897,ab-ltmr,720575940889924328,v2,1
720575940871491897,ab-ltmr,720575940878326395,v2,1
720575940871491897,ab-ltmr,720575940919632133,v1,1
720575940871491897,ab-ltmr,720575940927244512,v1,1
720575940871491897,ab-ltmr,720575940890108216,v2,1
720575940871491897,ab-ltmr,720575940902634194,v2,1
720575940871491897,ab-ltmr,720575940893177002,cltmr_module,1
720575940871491897,ab-ltmr,720575940946223236,r,1
720575940871491897,ab-ltmr,720575940905043926,r,1
720575940871491897,ab-ltmr,720575940917852811,r,1
720575940871491897,ab-ltmr,720575940937857965,r,1
720575940871491897,ab-ltmr,720575940940380075,cltmr_module,1
720575940871491897,ab-ltmr,720575940894664404,r,1
720575940871491897,ab-ltmr,720575940918815793,v1,1
720575940871491897,ab-ltmr,720575940888793434,noci_module,1
720575940871491897,ab-ltmr,720575940878978356,cltmr_module,1
720575940871491897,ab-ltmr,720575940888799761,r,1
720575940871491897,ab-ltmr,720575940903188925,r,1
720575940871491897,ab-ltmr,720575940908781145,cltmr_module,1
720575940871491897,ab-ltmr,720575940890962241,r,1
720575940871491897,ab-ltmr,720575940861447666,v2,1
720575940881272414,ab-ltmr,720575940927244512,v1,1
720575940881926778,ab-ltmr,720575940890108216,v2,7
720575940881926778,ab-ltmr,720575940878312571,adltmr_module,7
720575940881926778,ab-ltmr,720575940926242958,v2,5
720575940881926778,ab-ltmr,720575940903414541,v2,4
720575940881926778,ab-ltmr,720575940903370509,np_module,4
720575940881926778,ab-ltmr,720575940939715909,v2,4
720575940881926778,ab-ltmr,720575940894647859,v2,3
720575940881926778,ab-ltmr,720575940902634194,v2,3
720575940881926778,ab-ltmr,720575940885432678,v2,2
720575940881926778,ab-ltmr,720575940869443690,np_module,2
720575940881926778,ab-ltmr,720575940917852811,r,2
720575940881926778,ab-ltmr,720575940922957341,v2,2
720575940881926778,ab-ltmr,720575940896732090,adltmr_module,2
720575940881926778,ab-ltmr,720575940877555511,r,2
720575940881926778,ab-ltmr,720575940877146203,v2,1
720575940881926778,ab-ltmr,720575940912929024,cltmr_module,1
720575940881926778,ab-ltmr,720575940915256127,v2,1
720575940881926778,ab-ltmr,720575940894662868,v2,1
720575940881926778,ab-ltmr,720575940893156522,v1,1
720575940881926778,ab-ltmr,720575940928343548,r,1
720575940881926778,ab-ltmr,720575940900963269,v2,1
720575940881926778,ab-ltmr,720575940883197911,cltmr_module,1
720575940881926778,ab-ltmr,720575940880839442,adltmr_module,1
720575940881926778,ab-ltmr,720575940892205566,v1,1
720575940881926778,ab-ltmr,720575940915253823,v2,1
720575940881926778,ab-ltmr,720575940896304311,v2,1
720575940886458045,ab-ltmr,720575940891783079,v2,6
720575940886458045,ab-ltmr,720575940891518756,v2,3
720575940886458045,ab-ltmr,720575940920054001,v2,2
720575940886458045,ab-ltmr,720575940917975893,v1,1
720575940886458045,ab-ltmr,720575940894647859,v2,1
720575940886458045,ab-ltmr,720575940921525267,v2,1
720575940886458045,ab-ltmr,720575940893156522,v1,1
720575940886458045,ab-ltmr,720575940898916857,v2,1
720575940889166262,ab-ltmr,720575940880839442,adltmr_module,4
720575940889166262,ab-ltmr,720575940913573871,v2,1
720575940889166262,ab-ltmr,720575940920054001,v2,1
720575940889166262,ab-ltmr,720575940897454998,v2,1
720575940889166262,ab-ltmr,720575940891783335,v1,1
720575940889327333,ab-ltmr,720575940927244512,v1,2
720575940889327333,ab-ltmr,720575940861447666,v2,2
720575940889327333,ab-ltmr,720575940898916857,v2,1
720575940889327333,ab-ltmr,720575940891184310,v1,1
720575940889327333,ab-ltmr,720575940878957108,v1,1
720575940889327333,ab-ltmr,720575940905041878,v2,1
720575940889794145,ab-ltmr,720575940894647859,v2,11
720575940889794145,ab-ltmr,720575940892205566,v1,6
720575940889794145,ab-ltmr,720575940903188925,r,4
720575940889794145,ab-ltmr,720575940903415565,r,4
720575940889794145,ab-ltmr,720575940921583379,r,4
720575940889794145,ab-ltmr,720575940946223236,r,4
720575940889794145,ab-ltmr,720575940903370509,np_module,2
720575940889794145,ab-ltmr,720575940920080765,r,2
720575940889794145,ab-ltmr,720575940919632133,v1,2
720575940889794145,ab-ltmr,720575940896732090,adltmr_module,2
720575940889794145,ab-ltmr,720575940878957108,v1,1
720575940889794145,ab-ltmr,720575940890962241,r,1
720575940889794145,ab-ltmr,720575940908782425,r,1
720575940889794145,ab-ltmr,720575940920881320,v1,1
720575940889794145,ab-ltmr,720575940922957341,v2,1
720575940889794145,ab-ltmr,720575940878326395,v2,1
720575940889794145,ab-ltmr,720575940900956101,cltmr_module,1
720575940889794145,ab-ltmr,720575940894664404,r,1
720575940889794145,ab-ltmr,720575940897454998,v2,1
720575940889794145,ab-ltmr,720575940884057772,r,1
720575940889794145,ab-ltmr,720575940905043926,r,1
720575940889794145,ab-ltmr,720575940884925028,r,1
720575940889794145,ab-ltmr,720575940890107704,v2,1
720575940889794145,ab-ltmr,720575940903414541,v2,1
720575940889794145,ab-ltmr,720575940875854397,r,1
720575940889794145,ab-ltmr,720575940869443690,np_module,1
720575940889794145,ab-ltmr,720575940883201751,r,1
720575940889794145,ab-ltmr,720575940918316341,cltmr_module,1
720575940889794145,ab-ltmr,720575940902703006,cltmr_module,1
720575940889794145,ab-ltmr,720575940893177002,cltmr_module,1
720575940889794145,ab-ltmr,720575940890134196,noci_module,1
720575940889794145,ab-ltmr,720575940915256127,v2,1
720575940890743247,ab-ltmr,720575940890245126,cltmr_module,4
720575940890743247,ab-ltmr,720575940908782425,r,4
720575940890743247,ab-ltmr,720575940903414541,v2,3
720575940890743247,ab-ltmr,720575940915253823,v2,3
720575940890743247,ab-ltmr,720575940890962241,r,3
720575940890743247,ab-ltmr,720575940903415565,r,3
720575940890743247,ab-ltmr,720575940903188925,r,3
720575940890743247,ab-ltmr,720575940894647859,v2,3
720575940890743247,ab-ltmr,720575940890107704,v2,2
720575940890743247,ab-ltmr,720575940883201751,r,2
720575940890743247,ab-ltmr,720575940946223236,r,2
720575940890743247,ab-ltmr,720575940915256127,v2,2
720575940890743247,ab-ltmr,720575940878956340,cltmr_module,2
720575940890743247,ab-ltmr,720575940875854397,r,2
720575940890743247,ab-ltmr,720575940884925028,r,2
720575940890743247,ab-ltmr,720575940880839442,adltmr_module,1
720575940890743247,ab-ltmr,720575940892205566,v1,1
720575940890743247,ab-ltmr,720575940869443690,np_module,1
720575940890743247,ab-ltmr,720575940890134196,noci_module,1
720575940890743247,ab-ltmr,720575940884057772,r,1
720575940890743247,ab-ltmr,720575940920881320,v1,1
720575940890743247,ab-ltmr,720575940924182661,cltmr_module,1
720575940892205986,ab-ltmr,720575940894647859,v2,13
720575940892205986,ab-ltmr,720575940869443690,np_module,11
720575940892205986,ab-ltmr,720575940898916857,v2,10
720575940892205986,ab-ltmr,720575940890134196,noci_module,9
720575940892205986,ab-ltmr,720575940888799761,r,7
720575940892205986,ab-ltmr,720575940878312571,adltmr_module,7
720575940892205986,ab-ltmr,720575940915256127,v2,6
720575940892205986,ab-ltmr,720575940926242958,v2,5
720575940892205986,ab-ltmr,720575940888793434,noci_module,5
720575940892205986,ab-ltmr,720575940927109144,np_module,5
720575940892205986,ab-ltmr,720575940939715909,v2,5
720575940892205986,ab-ltmr,720575940906210525,cltmr_module,4
720575940892205986,ab-ltmr,720575940882672796,v2,3
720575940892205986,ab-ltmr,720575940902629074,r,3
720575940892205986,ab-ltmr,720575940917852811,r,2
720575940892205986,ab-ltmr,720575940878956340,cltmr_module,2
720575940892205986,ab-ltmr,720575940861447666,v2,2
720575940892205986,ab-ltmr,720575940937857965,r,2
720575940892205986,ab-ltmr,720575940900963269,v2,2
720575940892205986,ab-ltmr,720575940915253823,v2,2
720575940892205986,ab-ltmr,720575940921583379,r,2
720575940892205986,ab-ltmr,720575940881620931,cltmr_module,2
720575940892205986,ab-ltmr,720575940923272236,v2,2
720575940892205986,ab-ltmr,720575940920456848,r,1
720575940892205986,ab-ltmr,720575940877555511,r,1
720575940892205986,ab-ltmr,720575940902634194,v2,1
720575940892205986,ab-ltmr,720575940922957341,v2,1
720575940892205986,ab-ltmr,720575940905043670,r,1
720575940892205986,ab-ltmr,720575940921525267,v2,1
720575940892205986,ab-ltmr,720575940909430811,noci_module,1
720575940892205986,ab-ltmr,720575940878326395,v2,1
720575940892205986,ab-ltmr,720575940910295881,r,1
720575940892205986,ab-ltmr,720575940907584340,adltmr_module,1
720575940892205986,ab-ltmr,720575940905042902,r,1
720575940892205986,ab-ltmr,720575940893395733,np_module,1
720575940892205986,ab-ltmr,720575940871589433,r,1
720575940892205986,ab-ltmr,720575940905043926,r,1
720575940892205986,ab-ltmr,720575940883803384,np_module,1
720575940892205986,ab-ltmr,720575940890107704,v2,1
720575940892205986,ab-ltmr,720575940893177002,cltmr_module,1
720575940892205986,ab-ltmr,720575940891518756,v2,1
720575940892205986,ab-ltmr,720575940928343548,r,1
720575940893873415,ab-ltmr,720575940894664404,r,14
720575940893873415,ab-ltmr,720575940903415565,r,4
720575940893873415,ab-ltmr,720575940915253823,v2,4
720575940893873415,ab-ltmr,720575940903188925,r,4
720575940893873415,ab-ltmr,720575940878326395,v2,3
720575940893873415,ab-ltmr,720575940940380075,cltmr_module,2
720575940893873415,ab-ltmr,720575940937857965,r,2
720575940893873415,ab-ltmr,720575940946223236,r,2
720575940893873415,ab-ltmr,720575940875854397,r,1
720575940893873415,ab-ltmr,720575940892205566,v1,1
720575940893873415,ab-ltmr,720575940926242958,v2,1
720575940893873415,ab-ltmr,720575940919632133,v1,1
720575940893873415,ab-ltmr,720575940922957341,v2,1
720575940893873415,ab-ltmr,720575940908781145,cltmr_module,1
720575940893873415,ab-ltmr,720575940941124460,adltmr_module,1
720575940893873415,ab-ltmr,720575940878956340,cltmr_module,1
720575940893873415,ab-ltmr,720575940869443690,np_module,1
720575940893873415,ab-ltmr,720575940893156522,v1,1
720575940897114128,ab-ltmr,720575940898916857,v2,11
720575940897114128,ab-ltmr,720575940890134196,noci_module,8
720575940897114128,ab-ltmr,720575940894647859,v2,7
720575940897114128,ab-ltmr,720575940920456848,r,5
720575940897114128,ab-ltmr,720575940922957341,v2,5
720575940897114128,ab-ltmr,720575940926242958,v2,4
720575940897114128,ab-ltmr,720575940915256127,v2,3
720575940897114128,ab-ltmr,720575940917852811,r,3
720575940897114128,ab-ltmr,720575940881936635,noci_module,3
720575940897114128,ab-ltmr,720575940915676096,p2_noci,3
720575940897114128,ab-ltmr,720575940869443690,np_module,3
720575940897114128,ab-ltmr,720575940861450226,cltmr_module,2
720575940897114128,ab-ltmr,720575940939715909,v2,2
720575940897114128,ab-ltmr,720575940894664404,r,2
720575940897114128,ab-ltmr,720575940915253823,v2,2
720575940897114128,ab-ltmr,720575940902629074,r,2
720575940897114128,ab-ltmr,720575940883803384,np_module,2
720575940897114128,ab-ltmr,720575940920932008,noci_module,1
720575940897114128,ab-ltmr,720575940902634194,v2,1
720575940897114128,ab-ltmr,720575940882672796,v2,1
720575940897114128,ab-ltmr,720575940937894317,v1,1
720575940897114128,ab-ltmr,720575940893177002,cltmr_module,1
720575940897114128,ab-ltmr,720575940900963269,v2,1
720575940897114128,ab-ltmr,720575940927244256,v1,1
720575940897114128,ab-ltmr,720575940890107704,v2,1
720575940897114128,ab-ltmr,720575940963340820,p2_noci,1
720575940897114128,ab-ltmr,720575940891184310,v1,1
720575940897114128,ab-ltmr,720575940888799761,r,1
720575940897114128,ab-ltmr,720575940878326395,v2,1
720575940897114128,ab-ltmr,720575940903415565,r,1
720575940897114128,ab-ltmr,720575940897460886,np_module,1
720575940897114128,ab-ltmr,720575940880839442,adltmr_module,1
720575940897114128,ab-ltmr,720575940905043926,r,1
720575940897114128,ab-ltmr,720575940878312571,adltmr_module,1
720575940897114128,ab-ltmr,720575940888793434,noci_module,1
720575940897114128,ab-ltmr,720575940905042902,r,1
720575940897114128,ab-ltmr,720575940878978356,cltmr_module,1
720575940897114128,ab-ltmr,720575940910295881,r,1
720575940897114128,ab-ltmr,720575940881620931,cltmr_module,1
720575940898835143,ab-ltmr,720575940890134196,noci_module,1
720575940904258003,ab-ltmr,720575940890134196,noci_module,3
720575940905014486,ab-ltmr,720575940894647859,v2,19
720575940905014486,ab-ltmr,720575940890134196,noci_module,7
720575940905014486,ab-ltmr,720575940898916857,v2,5
720575940905014486,ab-ltmr,720575940920456848,r,5
720575940905014486,ab-ltmr,720575940902629074,r,3
720575940905014486,ab-ltmr,720575940888793434,noci_module,3
720575940905014486,ab-ltmr,720575940926242958,v2,3
720575940905014486,ab-ltmr,720575940923272236,v2,2
720575940905014486,ab-ltmr,720575940861447666,v2,1
720575940905014486,ab-ltmr,720575940922957341,v2,1
720575940905014486,ab-ltmr,720575940878312571,adltmr_module,1
720575940905014486,ab-ltmr,720575940921525267,v2,1
720575940905014486,ab-ltmr,720575940910295881,r,1
720575940905014486,ab-ltmr,720575940905042902,r,1
720575940905014742,ab-ltmr,720575940894647859,v2,10
720575940905014742,ab-ltmr,720575940923272236,v2,8
720575940905014742,ab-ltmr,720575940869443690,np_module,7
720575940905014742,ab-ltmr,720575940890134196,noci_module,6
720575940905014742,ab-ltmr,720575940902629074,r,6
720575940905014742,ab-ltmr,720575940898916857,v2,4
720575940905014742,ab-ltmr,720575940909443355,cltmr_module,3
720575940905014742,ab-ltmr,720575940880005762,v1,1
720575940905014742,ab-ltmr,720575940902703006,cltmr_module,1
720575940905014742,ab-ltmr,720575940891518756,v2,1
720575940905014742,ab-ltmr,720575940937894317,v1,1
720575940905014742,ab-ltmr,720575940881620931,cltmr_module,1
720575940905014742,ab-ltmr,720575940926242958,v2,1
720575940905014742,ab-ltmr,720575940861450226,cltmr_module,1
720575940905014742,ab-ltmr,720575940915256127,v2,1
720575940905375945,ab-ltmr,720575940878978356,cltmr_module,2
720575940905375945,ab-ltmr,720575940891518756,v2,1
720575940905375945,ab-ltmr,720575940921525267,v2,1
720575940906283251,ab-ltmr,720575940896732090,adltmr_module,12
720575940906283251,ab-ltmr,720575940884057772,r,5
720575940906283251,ab-ltmr,720575940894647859,v2,5
720575940906283251,ab-ltmr,720575940924182661,cltmr_module,2
720575940906283251,ab-ltmr,720575940884925028,r,2
720575940906283251,ab-ltmr,720575940920080765,r,2
720575940906283251,ab-ltmr,720575940878326395,v2,2
720575940906283251,ab-ltmr,720575940890107704,v2,1
720575940906283251,ab-ltmr,720575940878957108,v1,1
720575940906283251,ab-ltmr,720575940892205566,v1,1
720575940906283251,ab-ltmr,720575940915256127,v2,1
720575940917637910,ab-ltmr,720575940861447666,v2,2
720575940917637910,ab-ltmr,720575940888799761,r,2
720575940917637910,ab-ltmr,720575940891184310,v1,1
720575940930944376,ab-ltmr,720575940926242958,v2,6
720575940930944376,ab-ltmr,720575940896304311,v2,4
720575940930944376,ab-ltmr,720575940888793434,noci_module,2
720575940930944376,ab-ltmr,720575940927244512,v1,2
720575940930944376,ab-ltmr,720575940880837650,v2,1
720575940930944376,ab-ltmr,720575940898916857,v2,1
720575940930944376,ab-ltmr,720575940928343548,r,1
720575940930944376,ab-ltmr,720575940939715909,v2,1
720575940930944376,ab-ltmr,720575940902634194,v2,1
720575940930944376,ab-ltmr,720575940861447666,v2,1
720575940932756628,ab-ltmr,720575940890134196,noci_module,5
720575940932756628,ab-ltmr,720575940898916857,v2,4
720575940932756628,ab-ltmr,720575940890245126,cltmr_module,3
720575940932756628,ab-ltmr,720575940921583379,r,1
720575940932756628,ab-ltmr,720575940871589433,r,1
720575940933768470,ab-ltmr,720575940927184920,v1,3
720575940933768470,ab-ltmr,720575940861447666,v2,3
720575940933768470,ab-ltmr,720575940927244512,v1,3
720575940933768470,ab-ltmr,720575940891783079,v2,2
720575940933768470,ab-ltmr,720575940919632133,v1,2
720575940933768470,ab-ltmr,720575940899291016,v1,1
720575940933768470,ab-ltmr,720575940920054001,v2,1
720575940933768470,ab-ltmr,720575940896872522,v1,1
720575940933768470,ab-ltmr,720575940883198679,v2,1
720575940933768470,ab-ltmr,720575940880005762,v1,1
720575940933768470,ab-ltmr,720575940890134196,noci_module,1
720575940936679190,ab-ltmr,720575940926242958,v2,13
720575940936679190,ab-ltmr,720575940920456848,r,13
720575940936679190,ab-ltmr,720575940894647859,v2,8
720575940936679190,ab-ltmr,720575940922957341,v2,6
720575940936679190,ab-ltmr,720575940882672796,v2,4
720575940936679190,ab-ltmr,720575940898916857,v2,4
720575940936679190,ab-ltmr,720575940885432678,v2,4
720575940936679190,ab-ltmr,720575940878312571,adltmr_module,4
720575940936679190,ab-ltmr,720575940902629074,r,4
720575940936679190,ab-ltmr,720575940917852811,r,3
720575940936679190,ab-ltmr,720575940915256127,v2,3
720575940936679190,ab-ltmr,720575940888799761,r,3
720575940936679190,ab-ltmr,720575940923272236,v2,2
720575940936679190,ab-ltmr,720575940890134196,noci_module,2
720575940936679190,ab-ltmr,720575940891184310,v1,2
720575940936679190,ab-ltmr,720575940897454998,v2,2
720575940936679190,ab-ltmr,720575940905042902,r,1
720575940936679190,ab-ltmr,720575940937857965,r,1
720575940936679190,ab-ltmr,720575940916299357,v2,1
720575940936679190,ab-ltmr,720575940878978356,cltmr_module,1
720575940936679190,ab-ltmr,720575940883803384,np_module,1
720575940936679190,ab-ltmr,720575940910295881,r,1
720575940936679190,ab-ltmr,720575940907584340,adltmr_module,1
720575940936679190,ab-ltmr,720575940927244768,v1,1
720575940936679190,ab-ltmr,720575940880837650,v2,1
720575940936679190,ab-ltmr,720575940917422227,adltmr_module,1
720575940936679190,ab-ltmr,720575940886853257,adltmr_module,1
720575940936679190,ab-ltmr,720575940890107704,v2,1
720575940936679190,ab-ltmr,720575940881620931,cltmr_module,1
720575940847552365,ad-htmr,720575940888731665,p2_noci,8
720575940847552365,ad-htmr,720575940881974650,p2_poly,6
720575940847552365,ad-htmr,720575940913491825,p2_poly,5
720575940847552365,ad-htmr,720575940898432765,p2_noci,5
720575940847552365,ad-htmr,720575940920932008,noci_module,4
720575940847552365,ad-htmr,720575940881936635,noci_module,4
720575940847552365,ad-htmr,720575940926242958,v2,3
720575940847552365,ad-htmr,720575940880850833,p2_noci,3
720575940847552365,ad-htmr,720575940890018996,p2_poly,2
720575940847552365,ad-htmr,720575940900963269,v2,2
720575940847552365,ad-htmr,720575940921525267,v2,1
720575940847552365,ad-htmr,720575940861447666,v2,1
720575940847552365,ad-htmr,720575940915256127,v2,1
720575940847552365,ad-htmr,720575940909430811,noci_module,1
720575940847552365,ad-htmr,720575940888793434,noci_module,1
720575940847552365,ad-htmr,720575940905042902,r,1
720575940847552365,ad-htmr,720575940922949405,noci_module,1
720575940847552365,ad-htmr,720575940903415565,r,1
720575940847552365,ad-htmr,720575940905043926,r,1
720575940847552365,ad-htmr,720575940890939713,p2_noci,1
720575940847552365,ad-htmr,720575940915676096,p2_noci,1
720575940847552365,ad-htmr,720575940921583379,r,1
720575940868496536,ad-htmr,720575940920932008,noci_module,9
720575940868496536,ad-htmr,720575940888793434,noci_module,8
720575940868496536,ad-htmr,720575940888731665,p2_noci,7
720575940868496536,ad-htmr,720575940909430811,noci_module,3
720575940868496536,ad-htmr,720575940905043926,r,3
720575940868496536,ad-htmr,720575940881936635,noci_module,2
720575940868496536,ad-htmr,720575940898432765,p2_noci,2
720575940868496536,ad-htmr,720575940861450226,cltmr_module,1
720575940868496536,ad-htmr,720575940923272236,v2,1
720575940868496536,ad-htmr,720575940890939713,p2_noci,1
720575940868496536,ad-htmr,720575940897460886,np_module,1
720575940868496536,ad-htmr,720575940898916857,v2,1
720575940868496536,ad-htmr,720575940913491825,p2_poly,1
720575940868496536,ad-htmr,720575940910295881,r,1
720575940869533454,ad-htmr,720575940917429907,noci_module,22
720575940869533454,ad-htmr,720575940899282056,noci_module,21
720575940869533454,ad-htmr,720575940900963269,v2,9
720575940869533454,ad-htmr,720575940926242958,v2,8
720575940869533454,ad-htmr,720575940894647859,v2,7
720575940869533454,ad-htmr,720575940941106028,noci_module,7
720575940869533454,ad-htmr,720575940915256127,v2,6
720575940869533454,ad-htmr,720575940881936635,noci_module,5
720575940869533454,ad-htmr,720575940888793434,noci_module,4
720575940869533454,ad-htmr,720575940897454998,v2,3
720575940869533454,ad-htmr,720575940922949405,noci_module,3
720575940869533454,ad-htmr,720575940903415565,r,2
720575940869533454,ad-htmr,720575940875854397,r,2
720575940869533454,ad-htmr,720575940878326395,v2,2
720575940869533454,ad-htmr,720575940915676096,p2_noci,2
720575940869533454,ad-htmr,720575940908782425,r,2
720575940869533454,ad-htmr,720575940905043926,r,1
720575940869533454,ad-htmr,720575940920932008,noci_module,1
720575940869533454,ad-htmr,720575940919632133,v1,1
720575940869533454,ad-htmr,720575940921583379,r,1
720575940869533454,ad-htmr,720575940898432765,p2_noci,1
720575940869533454,ad-htmr,720575940893395733,np_module,1
720575940869533454,ad-htmr,720575940880005762,v1,1
720575940869533454,ad-htmr,720575940922957341,v2,1
720575940869533454,ad-htmr,720575940882672796,v2,1
720575940869533454,ad-htmr,720575940881844049,p2_noci,1
720575940882082080,ad-htmr,720575940917429907,noci_module,7
720575940882082080,ad-htmr,720575940920932008,noci_module,6
720575940882082080,ad-htmr,720575940888731665,p2_noci,4
720575940882082080,ad-htmr,720575940881936635,noci_module,4
720575940882082080,ad-htmr,720575940909430811,noci_module,3
720575940882082080,ad-htmr,720575940897454998,v2,2
720575940882082080,ad-htmr,720575940905042902,r,2
720575940882082080,ad-htmr,720575940890018996,p2_poly,2
720575940882082080,ad-htmr,720575940920080765,r,1
720575940882082080,ad-htmr,720575940923272236,v2,1
720575940882082080,ad-htmr,720575940888799761,r,1
720575940882082080,ad-htmr,720575940908782425,r,1
720575940882082080,ad-htmr,720575940900963269,v2,1
720575940882082080,ad-htmr,720575940883201751,r,1
720575940882082080,ad-htmr,720575940875854397,r,1
720575940882082080,ad-htmr,720575940896736698,np_module,1
720575940882082080,ad-htmr,720575940871589433,r,1
720575940882082080,ad-htmr,720575940878326395,v2,1
720575940884031660,ad-htmr,720575940909430811,noci_module,10
720575940884031660,ad-htmr,720575940941106028,noci_module,8
720575940884031660,ad-htmr,720575940898432765,p2_noci,7
720575940884031660,ad-htmr,720575940888731665,p2_noci,7
720575940884031660,ad-htmr,720575940920932008,noci_module,6
720575940884031660,ad-htmr,720575940926242958,v2,6
720575940884031660,ad-htmr,720575940900963269,v2,5
720575940884031660,ad-htmr,720575940888793434,noci_module,5
720575940884031660,ad-htmr,720575940880850833,p2_noci,4
720575940884031660,ad-htmr,720575940912929024,cltmr_module,3
720575940884031660,ad-htmr,720575940881844049,p2_noci,3
720575940884031660,ad-htmr,720575940905043670,r,3
720575940884031660,ad-htmr,720575940922949405,noci_module,2
720575940884031660,ad-htmr,720575940915256127,v2,2
720575940884031660,ad-htmr,720575940877555511,r,2
720575940884031660,ad-htmr,720575940905042902,r,2
720575940884031660,ad-htmr,720575940881974650,p2_poly,2
720575940884031660,ad-htmr,720575940917429907,noci_module,2
720575940884031660,ad-htmr,720575940917852811,r,2
720575940884031660,ad-htmr,720575940894647859,v2,1
720575940884031660,ad-htmr,720575940928343548,r,1
720575940884031660,ad-htmr,720575940871589433,r,1
720575940884031660,ad-htmr,720575940878956340,cltmr_module,1
720575940884031660,ad-htmr,720575940885432678,v2,1
720575940884031660,ad-htmr,720575940895281326,p2_noci,1
720575940884031660,ad-htmr,720575940881936635,noci_module,1
720575940884031660,ad-htmr,720575940915253823,v2,1
720575940884031660,ad-htmr,720575940896736698,np_module,1
720575940884032172,ad-htmr,720575940909430811,noci_module,8
720575940884032172,ad-htmr,720575940895281326,p2_noci,7
720575940884032172,ad-htmr,720575940896736698,np_module,5
720575940884032172,ad-htmr,720575940941106028,noci_module,5
720575940884032172,ad-htmr,720575940898432765,p2_noci,5
720575940884032172,ad-htmr,720575940915256127,v2,4
720575940884032172,ad-htmr,720575940869443690,np_module,2
720575940884032172,ad-htmr,720575940917429907,noci_module,2
720575940884032172,ad-htmr,720575940920932008,noci_module,2
720575940884032172,ad-htmr,720575940900963269,v2,1
720575940884032172,ad-htmr,720575940905050934,p2_poly,1
720575940884032172,ad-htmr,720575940939715909,v2,1
720575940884032172,ad-htmr,720575940883201751,r,1
720575940884032172,ad-htmr,720575940912929024,cltmr_module,1
720575940884032172,ad-htmr,720575940888793434,noci_module,1
720575940884032172,ad-htmr,720575940908782425,r,1
720575940884032172,ad-htmr,720575940927109144,np_module,1
720575940884032172,ad-htmr,720575940903415565,r,1
720575940884032172,ad-htmr,720575940926242958,v2,1
720575940884051238,ad-htmr,720575940903370509,np_module,8
720575940884051238,ad-htmr,720575940915256127,v2,5
720575940884051238,ad-htmr,720575940927109144,np_module,4
720575940884051238,ad-htmr,720575940900963269,v2,4
720575940884051238,ad-htmr,720575940883201751,r,2
720575940884051238,ad-htmr,720575940903414541,v2,1
720575940884051238,ad-htmr,720575940924182661,cltmr_module,1
720575940884051238,ad-htmr,720575940909393947,np_module,1
720575940884051238,ad-htmr,720575940903415565,r,1
720575940884051238,ad-htmr,720575940922957341,v2,1
720575940884051238,ad-htmr,720575940926242958,v2,1
720575940884051238,ad-htmr,720575940915578005,v1,1
720575940884977867,ad-htmr,720575940941106028,noci_module,12
720575940884977867,ad-htmr,720575940899282056,noci_module,5
720575940884977867,ad-htmr,720575940926242958,v2,3
720575940884977867,ad-htmr,720575940915676096,p2_noci,3
720575940884977867,ad-htmr,720575940922949405,noci_module,1
720575940884977867,ad-htmr,720575940884939979,p2_noci,1
720575940884977867,ad-htmr,720575940877555511,r,1
720575940884977867,ad-htmr,720575940894647859,v2,1
720575940884977867,ad-htmr,720575940917429907,noci_module,1
720575940884977867,ad-htmr,720575940891185846,v1,1
720575940884977867,ad-htmr,720575940919632133,v1,1
720575940884977867,ad-htmr,720575940869481691,np_module,1
720575940884977867,ad-htmr,720575940964370854,p1,1
720575940884977867,ad-htmr,720575940902634194,v2,1
720575940887090394,ad-htmr,720575940917429907,noci_module,7
720575940887090394,ad-htmr,720575940896736698,np_module,6
720575940887090394,ad-htmr,720575940883201751,r,4
720575940887090394,ad-htmr,720575940890962241,r,4
720575940887090394,ad-htmr,720575940903415565,r,3
720575940887090394,ad-htmr,720575940875854397,r,2
720575940887090394,ad-htmr,720575940915256127,v2,2
720575940887090394,ad-htmr,720575940922949405,noci_module,1
720575940887090394,ad-htmr,720575940908782425,r,1
720575940887090394,ad-htmr,720575940900963269,v2,1
720575940887090394,ad-htmr,720575940920932008,noci_module,1
720575940887090394,ad-htmr,720575940899282056,noci_module,1
720575940887090394,ad-htmr,720575940883803384,np_module,1
720575940887090394,ad-htmr,720575940928343548,r,1
720575940887090394,ad-htmr,720575940941106028,noci_module,1
720575940887090394,ad-htmr,720575940890108216,v2,1
720575940891746215,ad-htmr,720575940920932008,noci_module,9
720575940891746215,ad-htmr,720575940888731665,p2_noci,5
720575940891746215,ad-htmr,720575940881974650,p2_poly,3
720575940891746215,ad-htmr,720575940913491825,p2_poly,3
720575940891746215,ad-htmr,720575940881936635,noci_module,2
720575940891746215,ad-htmr,720575940909430811,noci_module,2
720575940891746215,ad-htmr,720575940888793434,noci_module,2
720575940891746215,ad-htmr,720575940884939979,p2_noci,2
720575940891746215,ad-htmr,720575940893177002,cltmr_module,2
720575940891746215,ad-htmr,720575940922949405,noci_module,1
720575940891746215,ad-htmr,720575940890939713,p2_noci,1
720575940891746215,ad-htmr,720575940915256127,v2,1
720575940891746215,ad-htmr,720575940886290596,p2_poly,1
720575940891746215,ad-htmr,720575940905043926,r,1
720575940891746215,ad-htmr,720575940897460886,np_module,1
720575940893949822,ad-htmr,720575940884939979,p2_noci,7
720575940893949822,ad-htmr,720575940894563284,p2_noci,4
720575940893949822,ad-htmr,720575940920932008,noci_module,4
720575940893949822,ad-htmr,720575940881844049,p2_noci,4
720575940893949822,ad-htmr,720575940888561868,p1,2
720575940893949822,ad-htmr,720575940909802419,p2_poly,1
720575940893949822,ad-htmr,720575940896872522,v1,1
720575940893949822,ad-htmr,720575940909430811,noci_module,1
720575940893949822,ad-htmr,720575940898432765,p2_noci,1
720575940897347842,ad-htmr,720575940898432765,p2_noci,18
720575940897347842,ad-htmr,720575940881936635,noci_module,4
720575940897347842,ad-htmr,720575940881974650,p2_poly,4
720575940897347842,ad-htmr,720575940880850833,p2_noci,4
720575940897347842,ad-htmr,720575940888731665,p2_noci,3
720575940897347842,ad-htmr,720575940900963269,v2,3
720575940897347842,ad-htmr,720575940884939979,p2_noci,2
720575940897347842,ad-htmr,720575940883900444,p2_poly,2
720575940897347842,ad-htmr,720575940890939713,p2_noci,1
720575940897347842,ad-htmr,720575940927109144,np_module,1
720575940897347842,ad-htmr,720575940913491825,p2_poly,1
720575940897347842,ad-htmr,720575940890108216,v2,1
720575940897347842,ad-htmr,720575940915256127,v2,1
720575940902680734,ad-htmr,720575940896736698,np_module,6
720575940902680734,ad-htmr,720575940881936635,noci_module,5
720575940902680734,ad-htmr,720575940915256127,v2,4
720575940902680734,ad-htmr,720575940927109144,np_module,3
720575940902680734,ad-htmr,720575940915253823,v2,1
720575940902680734,ad-htmr,720575940891181902,cltmr_module,1
720575940902680734,ad-htmr,720575940941106028,noci_module,1
720575940902680734,ad-htmr,720575940920037245,v1,1
720575940902680734,ad-htmr,720575940899282056,noci_module,1
720575940902680734,ad-htmr,720575940892205566,v1,1
720575940902680734,ad-htmr,720575940890018996,p2_poly,1
720575940902680734,ad-htmr,720575940917429907,noci_module,1
720575940902680734,ad-htmr,720575940890245126,cltmr_module,1
720575940902680734,ad-htmr,720575940885432678,v2,1
720575940902680734,ad-htmr,720575940903370509,np_module,1
720575940902680734,ad-htmr,720575940884939979,p2_noci,1
720575940902680734,ad-htmr,720575940909430811,noci_module,1
720575940902680734,ad-htmr,720575940926242958,v2,1
720575940903122154,ad-htmr,720575940900963269,v2,7
720575940903122154,ad-htmr,720575940917429907,noci_module,6
720575940903122154,ad-htmr,720575940922949405,noci_module,2
720575940903122154,ad-htmr,720575940879773686,p2_noci,1
720575940903122154,ad-htmr,720575940899282056,noci_module,1
720575940903122154,ad-htmr,720575940926242958,v2,1
720575940903122154,ad-htmr,720575940869481691,np_module,1
720575940912591238,ad-htmr,720575940881936635,noci_module,4
720575940912591238,ad-htmr,720575940888793434,noci_module,4
720575940912591238,ad-htmr,720575940908782425,r,3
720575940912591238,ad-htmr,720575940903415565,r,3
720575940912591238,ad-htmr,720575940884939979,p2_noci,3
720575940912591238,ad-htmr,720575940871589433,r,2
720575940912591238,ad-htmr,720575940915256127,v2,2
720575940912591238,ad-htmr,720575940905042902,r,2
720575940912591238,ad-htmr,720575940919071815,noci_module,2
720575940912591238,ad-htmr,720575940941106028,noci_module,1
720575940912591238,ad-htmr,720575940880850833,p2_noci,1
720575940912591238,ad-htmr,720575940917429907,noci_module,1
720575940912591238,ad-htmr,720575940937857965,r,1
720575940912591238,ad-htmr,720575940905043670,r,1
720575940912591238,ad-htmr,720575940918815793,v1,1
720575940912591238,ad-htmr,720575940898432765,p2_noci,1
720575940912591238,ad-htmr,720575940917852811,r,1
720575940912591238,ad-htmr,720575940920932008,noci_module,1
720575940912591238,ad-htmr,720575940916016480,np_module,1
720575940912591238,ad-htmr,720575940920456848,r,1
720575940912591238,ad-htmr,720575940913491825,p2_poly,1
720575940912591238,ad-htmr,720575940865160474,p2_noci,1
720575940912591238,ad-htmr,720575940896736698,np_module,1
720575940912591238,ad-htmr,720575940908386564,np_module,1
720575940912591238,ad-htmr,720575940909430811,noci_module,1
720575940917989973,ad-htmr,720575940888731665,p2_noci,7
720575940917989973,ad-htmr,720575940881936635,noci_module,5
720575940917989973,ad-htmr,720575940915256127,v2,4
720575940917989973,ad-htmr,720575940920932008,noci_module,3
720575940917989973,ad-htmr,720575940883201751,r,3
720575940917989973,ad-htmr,720575940890939713,p2_noci,3
720575940917989973,ad-htmr,720575940908782425,r,2
720575940917989973,ad-htmr,720575940884939979,p2_noci,2
720575940917989973,ad-htmr,720575940884057772,r,1
720575940917989973,ad-htmr,720575940890245126,cltmr_module,1
720575940917989973,ad-htmr,720575940915676096,p2_noci,1
720575940917989973,ad-htmr,720575940883803384,np_module,1
720575940917989973,ad-htmr,720575940878326395,v2,1
720575940917989973,ad-htmr,720575940900963269,v2,1
720575940917989973,ad-htmr,720575940917429907,noci_module,1
720575940917989973,ad-htmr,720575940926242958,v2,1
720575940917989973,ad-htmr,720575940898432765,p2_noci,1
720575940917989973,ad-htmr,720575940922949405,noci_module,1
720575940917989973,ad-htmr,720575940890018996,p2_poly,1
720575940917989973,ad-htmr,720575940920037245,v1,1
720575940919045143,ad-htmr,720575940917429907,noci_module,10
720575940919045143,ad-htmr,720575940896736698,np_module,7
720575940919045143,ad-htmr,720575940881936635,noci_module,6
720575940919045143,ad-htmr,720575940915256127,v2,4
720575940919045143,ad-htmr,720575940926242958,v2,3
720575940919045143,ad-htmr,720575940881974650,p2_poly,2
720575940919045143,ad-htmr,720575940898432765,p2_noci,2
720575940919045143,ad-htmr,720575940878956340,cltmr_module,2
720575940919045143,ad-htmr,720575940915676096,p2_noci,2
720575940919045143,ad-htmr,720575940890018996,p2_poly,2
720575940919045143,ad-htmr,720575940899282056,noci_module,2
720575940919045143,ad-htmr,720575940884939979,p2_noci,2
720575940919045143,ad-htmr,720575940878326395,v2,1
720575940919045143,ad-htmr,720575940877501751,np_module,1
720575940919045143,ad-htmr,720575940883803384,np_module,1
720575940919045143,ad-htmr,720575940894664404,r,1
720575940919045143,ad-htmr,720575940903415565,r,1
720575940919045143,ad-htmr,720575940903414541,v2,1
720575940919045143,ad-htmr,720575940877555511,r,1
720575940919045143,ad-htmr,720575940888731665,p2_noci,1
720575940919045143,ad-htmr,720575940941106028,noci_module,1
720575940919045143,ad-htmr,720575940946223236,r,1
720575940922765354,ad-htmr,720575940881936635,noci_module,7
720575940922765354,ad-htmr,720575940917429907,noci_module,5
720575940922765354,ad-htmr,720575940920932008,noci_module,4
720575940922765354,ad-htmr,720575940905050934,p2_poly,4
720575940922765354,ad-htmr,720575940915253823,v2,3
720575940922765354,ad-htmr,720575940898916857,v2,2
720575940922765354,ad-htmr,720575940915676096,p2_noci,2
720575940922765354,ad-htmr,720575940900963269,v2,2
720575940922765354,ad-htmr,720575940915256127,v2,2
720575940922765354,ad-htmr,720575940869443690,np_module,1
720575940922765354,ad-htmr,720575940908782425,r,1
720575940922765354,ad-htmr,720575940899433261,v1,1
720575940922765354,ad-htmr,720575940883201751,r,1
720575940922765354,ad-htmr,720575940871589433,r,1
720575940922765354,ad-htmr,720575940893395733,np_module,1
720575940922765354,ad-htmr,720575940922957341,v2,1
720575940922765354,ad-htmr,720575940946223236,r,1
720575940922765354,ad-htmr,720575940905042902,r,1
720575940922765354,ad-htmr,720575940939715909,v2,1
720575940924156549,ad-htmr,720575940922949405,noci_module,4
720575940924156549,ad-htmr,720575940888793434,noci_module,3
720575940924156549,ad-htmr,720575940920932008,noci_module,3
720575940924156549,ad-htmr,720575940917429907,noci_module,2
720575940924156549,ad-htmr,720575940883803384,np_module,1
720575940924156549,ad-htmr,720575940884057772,r,1
720575940924156549,ad-htmr,720575940896736698,np_module,1
720575940924156549,ad-htmr,720575940908782425,r,1
720575940924156549,ad-htmr,720575940900963269,v2,1
720575940924156549,ad-htmr,720575940888731665,p2_noci,1
720575940924156549,ad-htmr,720575940883201751,r,1
720575940924436802,ad-htmr,720575940917429907,noci_module,26
720575940924436802,ad-htmr,720575940894647859,v2,23
720575940924436802,ad-htmr,720575940900963269,v2,12
720575940924436802,ad-htmr,720575940922949405,noci_module,12
720575940924436802,ad-htmr,720575940915676096,p2_noci,6
720575940924436802,ad-htmr,720575940915256127,v2,5
720575940924436802,ad-htmr,720575940899282056,noci_module,4
720575940924436802,ad-htmr,720575940926242958,v2,3
720575940924436802,ad-htmr,720575940869481691,np_module,2
720575940924436802,ad-htmr,720575940918750769,np_module,2
720575940924436802,ad-htmr,720575940903415565,r,2
720575940924436802,ad-htmr,720575940884939979,p2_noci,1
720575940924436802,ad-htmr,720575940865467295,v1,1
720575940924436802,ad-htmr,720575940941106028,noci_module,1
720575940924436802,ad-htmr,720575940894664404,r,1
720575940924436802,ad-htmr,720575940878326395,v2,1
720575940924436802,ad-htmr,720575940883201751,r,1
720575940924436802,ad-htmr,720575940915253823,v2,1
720575940924436802,ad-htmr,720575940885432678,v2,1
720575940924436802,ad-htmr,720575940879773686,p2_noci,1
720575940924436802,ad-htmr,720575940890107704,v2,1
720575940924436802,ad-htmr,720575940908782425,r,1
720575940924436802,ad-htmr,720575940919071815,noci_module,1
720575940924436802,ad-htmr,720575940920080765,r,1
720575940924436802,ad-htmr,720575940899433261,v1,1
720575940941563158,ad-htmr,720575940881936635,noci_module,11
720575940941563158,ad-htmr,720575940881974650,p2_poly,6
720575940941563158,ad-htmr,720575940865160474,p2_noci,3
720575940941563158,ad-htmr,720575940917429907,noci_module,2
720575940941563158,ad-htmr,720575940926242958,v2,2
720575940941563158,ad-htmr,720575940890245126,cltmr_module,2
720575940941563158,ad-htmr,720575940902518994,p2_noci,1
720575940941563158,ad-htmr,720575940913491825,p2_poly,1
720575940941563158,ad-htmr,720575940888731665,p2_noci,1
720575940941563158,ad-htmr,720575940884939979,p2_noci,1
720575940941563158,ad-htmr,720575940898432765,p2_noci,1
720575940941563158,ad-htmr,720575940915256127,v2,1
720575940941563158,ad-htmr,720575940886290596,p2_poly,1
720575940861406706,adltmr,720575940895289006,adltmr_module,16
720575940861406706,adltmr,720575940886853257,adltmr_module,16
720575940861406706,adltmr,720575940902624978,adltmr_module,16
720575940861406706,adltmr,720575940927248352,adltmr_module,14
720575940861406706,adltmr,720575940941124460,adltmr_module,10
720575940861406706,adltmr,720575940880839442,adltmr_module,8
720575940861406706,adltmr,720575940907584340,adltmr_module,8
720575940861406706,adltmr,720575940937862061,adltmr_module,5
720575940861406706,adltmr,720575940883729656,adltmr_module,4
720575940861406706,adltmr,720575940893177002,cltmr_module,3
720575940861406706,adltmr,720575940905043926,r,3
720575940861406706,adltmr,720575940921583379,r,3
720575940861406706,adltmr,720575940890245126,cltmr_module,2
720575940861406706,adltmr,720575940908782425,r,2
720575940861406706,adltmr,720575940890107704,v2,1
720575940879973250,adltmr,720575940888165967,adltmr_module,20
720575940879973250,adltmr,720575940890900801,adltmr_module,12
720575940879973250,adltmr,720575940917422227,adltmr_module,2
720575940879973250,adltmr,720575940861447666,v2,2
720575940879973250,adltmr,720575940880005762,v1,1
720575940879973250,adltmr,720575940891518756,v2,1
720575940879973250,adltmr,720575940923272236,v2,1
720575940879973250,adltmr,720575940937848237,cltmr_module,1
720575940879973250,adltmr,720575940861450226,cltmr_module,1
720575940881567427,adltmr,720575940888165967,adltmr_module,2
720575940887704904,adltmr,720575940941124460,adltmr_module,17
720575940887704904,adltmr,720575940880839442,adltmr_module,14
720575940887704904,adltmr,720575940890245126,cltmr_module,10
720575940887704904,adltmr,720575940927248352,adltmr_module,9
720575940887704904,adltmr,720575940895289006,adltmr_module,5
720575940887704904,adltmr,720575940886853257,adltmr_module,4
720575940887704904,adltmr,720575940902703006,cltmr_module,4
720575940887704904,adltmr,720575940921583379,r,3
720575940887704904,adltmr,720575940893177002,cltmr_module,3
720575940887704904,adltmr,720575940871589433,r,3
720575940887704904,adltmr,720575940890107704,v2,3
720575940887704904,adltmr,720575940892205566,v1,2
720575940887704904,adltmr,720575940878956340,cltmr_module,2
720575940887704904,adltmr,720575940906210525,cltmr_module,2
720575940887704904,adltmr,720575940908782425,r,2
720575940887704904,adltmr,720575940905043926,r,1
720575940887704904,adltmr,720575940898916857,v2,1
720575940887704904,adltmr,720575940896732090,adltmr_module,1
720575940887704904,adltmr,720575940869443690,np_module,1
720575940887704904,adltmr,720575940902624978,adltmr_module,1
720575940887704904,adltmr,720575940907584340,adltmr_module,1
720575940888787983,adltmr,720575940878312571,adltmr_module,27
720575940888787983,adltmr,720575940948987670,adltmr_module,19
720575940888787983,adltmr,720575940912929024,cltmr_module,11
720575940888787983,adltmr,720575940880839442,adltmr_module,6
720575940888787983,adltmr,720575940877555511,r,3
720575940888787983,adltmr,720575940937857965,r,2
720575940888787983,adltmr,720575940927248352,adltmr_module,1
720575940888787983,adltmr,720575940922814762,cltmr_module,1
720575940888787983,adltmr,720575940928343548,r,1
720575940888787983,adltmr,720575940907584340,adltmr_module,1
720575940893392149,adltmr,720575940902624978,adltmr_module,62
720575940893392149,adltmr,720575940927248352,adltmr_module,62
720575940893392149,adltmr,720575940937862061,adltmr_module,57
720575940893392149,adltmr,720575940907584340,adltmr_module,52
720575940893392149,adltmr,720575940880839442,adltmr_module,41
720575940893392149,adltmr,720575940883729656,adltmr_module,40
720575940893392149,adltmr,720575940941124460,adltmr_module,36
720575940893392149,adltmr,720575940886853257,adltmr_module,32
720575940893392149,adltmr,720575940878312571,adltmr_module,29
720575940893392149,adltmr,720575940948987670,adltmr_module,26
720575940893392149,adltmr,720575940895289006,adltmr_module,12
720575940893392149,adltmr,720575940878956340,cltmr_module,8
720575940893392149,adltmr,720575940890245126,cltmr_module,7
720575940893392149,adltmr,720575940903188925,r,6
720575940893392149,adltmr,720575940888799761,r,6
720575940893392149,adltmr,720575940912929024,cltmr_module,5
720575940893392149,adltmr,720575940908781145,cltmr_module,4
720575940893392149,adltmr,720575940905042902,r,4
720575940893392149,adltmr,720575940937857965,r,4
720575940893392149,adltmr,720575940894664404,r,4
720575940893392149,adltmr,720575940900956101,cltmr_module,4
720575940893392149,adltmr,720575940915253823,v2,3
720575940893392149,adltmr,720575940883803384,np_module,2
720575940893392149,adltmr,720575940893177002,cltmr_module,2
720575940893392149,adltmr,720575940940380075,cltmr_module,2
720575940893392149,adltmr,720575940906210525,cltmr_module,2
720575940893392149,adltmr,720575940903415565,r,2
720575940893392149,adltmr,720575940920037245,v1,1
720575940893392149,adltmr,720575940946223236,r,1
720575940893392149,adltmr,720575940903414541,v2,1
720575940893392149,adltmr,720575940877555511,r,1
720575940893392149,adltmr,720575940905043670,r,1
720575940893392149,adltmr,720575940905043926,r,1
720575940893392149,adltmr,720575940892205566,v1,1
720575940893392149,adltmr,720575940928343548,r,1
720575940893392149,adltmr,720575940939715909,v2,1
720575940893392149,adltmr,720575940922957341,v2,1
720575940894642644,adltmr,720575940937862061,adltmr_module,63
720575940894642644,adltmr,720575940902624978,adltmr_module,46
720575940894642644,adltmr,720575940886853257,adltmr_module,41
720575940894642644,adltmr,720575940927248352,adltmr_module,36
720575940894642644,adltmr,720575940880839442,adltmr_module,27
720575940894642644,adltmr,720575940907584340,adltmr_module,22
720575940894642644,adltmr,720575940895289006,adltmr_module,21
720575940894642644,adltmr,720575940948987670,adltmr_module,20
720575940894642644,adltmr,720575940883729656,adltmr_module,19
720575940894642644,adltmr,720575940941124460,adltmr_module,18
720575940894642644,adltmr,720575940878312571,adltmr_module,12
720575940894642644,adltmr,720575940890245126,cltmr_module,9
720575940894642644,adltmr,720575940900956101,cltmr_module,8
720575940894642644,adltmr,720575940878956340,cltmr_module,6
720575940894642644,adltmr,720575940917422227,adltmr_module,5
720575940894642644,adltmr,720575940903415565,r,5
720575940894642644,adltmr,720575940906210525,cltmr_module,5
720575940894642644,adltmr,720575940888799761,r,4
720575940894642644,adltmr,720575940946223236,r,4
720575940894642644,adltmr,720575940908781145,cltmr_module,4
720575940894642644,adltmr,720575940915253823,v2,4
720575940894642644,adltmr,720575940893177002,cltmr_module,3
720575940894642644,adltmr,720575940894664404,r,2
720575940894642644,adltmr,720575940922957341,v2,2
720575940894642644,adltmr,720575940905043926,r,2
720575940894642644,adltmr,720575940890107704,v2,2
720575940894642644,adltmr,720575940894647859,v2,1
720575940894642644,adltmr,720575940892205566,v1,1
720575940894642644,adltmr,720575940890962241,r,1
720575940894642644,adltmr,720575940869443690,np_module,1
720575940894642644,adltmr,720575940912929024,cltmr_module,1
720575940894642644,adltmr,720575940903414541,v2,1
720575940894642644,adltmr,720575940878326395,v2,1
720575940894642644,adltmr,720575940902703006,cltmr_module,1
720575940894642644,adltmr,720575940920037245,v1,1
720575940894642644,adltmr,720575940920881320,v1,1
720575940894642644,adltmr,720575940940380075,cltmr_module,1
720575940894642644,adltmr,720575940890111288,v1,1
720575940894642900,adltmr,720575940917422227,adltmr_module,25
720575940894642900,adltmr,720575940902629074,r,6
720575940894642900,adltmr,720575940878978356,cltmr_module,4
720575940894642900,adltmr,720575940920456848,r,4
720575940894642900,adltmr,720575940909443355,cltmr_module,3
720575940894642900,adltmr,720575940878312571,adltmr_module,3
720575940894642900,adltmr,720575940909797811,v1,2
720575940894642900,adltmr,720575940910295881,r,2
720575940894642900,adltmr,720575940896872522,v1,2
720575940894642900,adltmr,720575940880839442,adltmr_module,1
720575940894642900,adltmr,720575940902624978,adltmr_module,1
720575940894642900,adltmr,720575940889924328,v2,1
720575940894642900,adltmr,720575940948987670,adltmr_module,1
720575940894642900,adltmr,720575940893156522,v1,1
720575940894642900,adltmr,720575940861450226,cltmr_module,1
720575940899353473,adltmr,720575940880839442,adltmr_module,18
720575940899353473,adltmr,720575940893177002,cltmr_module,2
720575940899353473,adltmr,720575940895289006,adltmr_module,2
720575940899353473,adltmr,720575940920054001,v2,1
720575940899353473,adltmr,720575940886853257,adltmr_module,1
720575940899353473,adltmr,720575940909443355,cltmr_module,1
720575940899353473,adltmr,720575940917422227,adltmr_module,1
720575940900287353,adltmr,720575940948987670,adltmr_module,55
720575940900287353,adltmr,720575940878312571,adltmr_module,21
720575940900287353,adltmr,720575940880839442,adltmr_module,9
720575940900287353,adltmr,720575940941124460,adltmr_module,6
720575940900287353,adltmr,720575940912929024,cltmr_module,5
720575940900287353,adltmr,720575940902634194,v2,3
720575940900287353,adltmr,720575940905043670,r,1
720575940900287353,adltmr,720575940907584340,adltmr_module,1
720575940900287353,adltmr,720575940919632133,v1,1
720575940900287353,adltmr,720575940891181902,cltmr_module,1
720575940900287353,adltmr,720575940928343548,r,1
720575940902363320,adltmr,720575940920456848,r,7
720575940902363320,adltmr,720575940878312571,adltmr_module,6
720575940902363320,adltmr,720575940948987670,adltmr_module,4
720575940902363320,adltmr,720575940882672796,v2,3
720575940902363320,adltmr,720575940878978356,cltmr_module,3
720575940902363320,adltmr,720575940883197911,cltmr_module,2
720575940902363320,adltmr,720575940941124460,adltmr_module,1
720575940902363320,adltmr,720575940922957341,v2,1
720575940902363320,adltmr,720575940896872522,v1,1
720575940902363320,adltmr,720575940912929024,cltmr_module,1
720575940902363320,adltmr,720575940937856941,v1,1
720575940902363320,adltmr,720575940915578005,v1,1
720575940903706403,adltmr,720575940917422227,adltmr_module,3
720575940903706403,adltmr,720575940941124460,adltmr_module,2
720575940903706403,adltmr,720575940878978356,cltmr_module,1
720575940903706403,adltmr,720575940897460886,np_module,1
720575940903706403,adltmr,720575940891184310,v1,1
720575940909235164,adltmr,720575940917422227,adltmr_module,77
720575940909235164,adltmr,720575940878978356,cltmr_module,12
720575940909235164,adltmr,720575940902629074,r,10
720575940909235164,adltmr,720575940881620931,cltmr_module,9
720575940909235164,adltmr,720575940878312571,adltmr_module,8
720575940909235164,adltmr,720575940880839442,adltmr_module,7
720575940909235164,adltmr,720575940909443355,cltmr_module,6
720575940909235164,adltmr,720575940877555511,r,5
720575940909235164,adltmr,720575940861450226,cltmr_module,4
720575940909235164,adltmr,720575940910295881,r,3
720575940909235164,adltmr,720575940893177002,cltmr_module,2
720575940909235164,adltmr,720575940923272236,v2,2
720575940909235164,adltmr,720575940888799761,r,2
720575940909235164,adltmr,720575940917852811,r,2
720575940909235164,adltmr,720575940883197911,cltmr_module,2
720575940909235164,adltmr,720575940922795818,v1,1
720575940909767128,adltmr,720575940888165967,adltmr_module,9
720575940909767128,adltmr,720575940890900801,adltmr_module,7
720575940909767128,adltmr,720575940891783079,v2,2
720575940909767128,adltmr,720575940920054001,v2,2
720575940909767128,adltmr,720575940891518756,v2,1
720575940909767128,adltmr,720575940903414541,v2,1
720575940909767128,adltmr,720575940917975893,v1,1
720575940909767384,adltmr,720575940917422227,adltmr_module,44
720575940909767384,adltmr,720575940923272236,v2,7
720575940909767384,adltmr,720575940861450226,cltmr_module,6
720575940909767384,adltmr,720575940878978356,cltmr_module,5
720575940909767384,adltmr,720575940909443355,cltmr_module,2
720575940909767384,adltmr,720575940910295881,r,2
720575940909767384,adltmr,720575940861447666,v2,2
720575940909767384,adltmr,720575940899283650,cltmr_module,1
720575940909767384,adltmr,720575940880839442,adltmr_module,1
720575940909767384,adltmr,720575940881620931,cltmr_module,1
720575940909767384,adltmr,720575940893177002,cltmr_module,1
720575940913511793,adltmr,720575940888165967,adltmr_module,54
720575940913511793,adltmr,720575940890900801,adltmr_module,11
720575940913511793,adltmr,720575940880837650,v2,2
720575940913511793,adltmr,720575940917422227,adltmr_module,1
720575940913511793,adltmr,720575940878978356,cltmr_module,1
720575940913511793,adltmr,720575940883198679,v2,1
720575940913511793,adltmr,720575940922795818,v1,1
720575940913511793,adltmr,720575940893156522,v1,1
720575940913511793,adltmr,720575940896304311,v2,1
720575940913511793,adltmr,720575940861450226,cltmr_module,1
720575940919600645,adltmr,720575940886853257,adltmr_module,28
720575940919600645,adltmr,720575940895289006,adltmr_module,18
720575940919600645,adltmr,720575940902624978,adltmr_module,17
720575940919600645,adltmr,720575940883729656,adltmr_module,13
720575940919600645,adltmr,720575940927248352,adltmr_module,10
720575940919600645,adltmr,720575940937862061,adltmr_module,9
720575940919600645,adltmr,720575940880839442,adltmr_module,7
720575940919600645,adltmr,720575940878312571,adltmr_module,6
720575940919600645,adltmr,720575940917422227,adltmr_module,4
720575940919600645,adltmr,720575940948987670,adltmr_module,4
720575940919600645,adltmr,720575940907584340,adltmr_module,4
720575940919600645,adltmr,720575940893177002,cltmr_module,3
720575940919600645,adltmr,720575940941124460,adltmr_module,2
720575940919600645,adltmr,720575940906210525,cltmr_module,2
720575940919600645,adltmr,720575940905043926,r,2
720575940919600645,adltmr,720575940888799761,r,2
720575940919600645,adltmr,720575940946223236,r,1
720575940919600645,adltmr,720575940869443690,np_module,1
720575940919600645,adltmr,720575940903188925,r,1
720575940919600645,adltmr,720575940908782425,r,1
720575940919600645,adltmr,720575940891518756,v2,1
720575940919600645,adltmr,720575940908781145,cltmr_module,1
720575940919600645,adltmr,720575940898916857,v2,1
720575940940896383,adltmr,720575940878312571,adltmr_module,38
720575940940896383,adltmr,720575940880839442,adltmr_module,20
720575940940896383,adltmr,720575940948987670,adltmr_module,16
720575940940896383,adltmr,720575940941124460,adltmr_module,8
720575940940896383,adltmr,720575940917852811,r,7
720575940940896383,adltmr,720575940927248352,adltmr_module,6
720575940940896383,adltmr,720575940900956101,cltmr_module,5
720575940940896383,adltmr,720575940905043670,r,5
720575940940896383,adltmr,720575940894664404,r,3
720575940940896383,adltmr,720575940907584340,adltmr_module,3
720575940940896383,adltmr,720575940920037245,v1,2
720575940940896383,adltmr,720575940917422227,adltmr_module,2
720575940940896383,adltmr,720575940888799761,r,2
720575940940896383,adltmr,720575940883729656,adltmr_module,2
720575940940896383,adltmr,720575940912929024,cltmr_module,2
720575940940896383,adltmr,720575940902624978,adltmr_module,2
720575940940896383,adltmr,720575940883198679,v2,2
720575940940896383,adltmr,720575940937857965,r,1
720575940940896383,adltmr,720575940915253823,v2,1
720575940940896383,adltmr,720575940877555511,r,1
720575940940896383,adltmr,720575940883197911,cltmr_module,1
720575940940896383,adltmr,720575940891181902,cltmr_module,1
720575940940896383,adltmr,720575940903415565,r,1
720575940940896383,adltmr,720575940910295881,r,1
720575940940896383,adltmr,720575940894647859,v2,1
720575940940896383,adltmr,720575940878956340,cltmr_module,1
720575940940896383,adltmr,720575940937862061,adltmr_module,1
720575940940896383,adltmr,720575940900033476,v1,1
720575940940896383,adltmr,720575940886853257,adltmr_module,1
720575940940896383,adltmr,720575940921583379,r,1
720575940940896383,adltmr,720575940928343548,r,1
720575940862564127,c-htmr-p,720575940881844049,p2_noci,13
720575940862564127,c-htmr-p,720575940880850833,p2_noci,12
720575940862564127,c-htmr-p,720575940909430811,noci_module,11
720575940862564127,c-htmr-p,720575940895281326,p2_noci,9
720575940862564127,c-htmr-p,720575940899282056,noci_module,9
720575940862564127,c-htmr-p,720575940888731665,p2_noci,6
720575940862564127,c-htmr-p,720575940898432765,p2_noci,6
720575940862564127,c-htmr-p,720575940941106028,noci_module,5
720575940862564127,c-htmr-p,720575940926242958,v2,4
720575940862564127,c-htmr-p,720575940878326395,v2,3
720575940862564127,c-htmr-p,720575940869481691,np_module,2
720575940862564127,c-htmr-p,720575940899281090,cltmr_module,2
720575940862564127,c-htmr-p,720575940877555511,r,2
720575940862564127,c-htmr-p,720575940905042902,r,2
720575940862564127,c-htmr-p,720575940905050934,p2_poly,2
720575940862564127,c-htmr-p,720575940908782425,r,2
720575940862564127,c-htmr-p,720575940917429907,noci_module,1
720575940862564127,c-htmr-p,720575940884939979,p2_noci,1
720575940862564127,c-htmr-p,720575940883201751,r,1
720575940862564127,c-htmr-p,720575940917852811,r,1
720575940862564127,c-htmr-p,720575940903415565,r,1
720575940862564127,c-htmr-p,720575940930825549,p2_poly,1
720575940862564127,c-htmr-p,720575940900963269,v2,1
720575940862564127,c-htmr-p,720575940920932008,noci_module,1
720575940862564127,c-htmr-p,720575940902401208,p2_noci,1
720575940862564127,c-htmr-p,720575940889967848,p2_poly,1
720575940868757741,c-htmr-p,720575940894563284,p2_noci,9
720575940868757741,c-htmr-p,720575940898677394,p2_cold,1
720575940868757741,c-htmr-p,720575940919071815,noci_module,1
720575940874972385,c-htmr-p,720575940888731665,p2_noci,6
720575940874972385,c-htmr-p,720575940899282056,noci_module,4
720575940874972385,c-htmr-p,720575940915676096,p2_noci,3
720575940874972385,c-htmr-p,720575940909430811,noci_module,3
720575940874972385,c-htmr-p,720575940895281326,p2_noci,3
720575940874972385,c-htmr-p,720575940881974650,p2_poly,2
720575940874972385,c-htmr-p,720575940883201751,r,2
720575940874972385,c-htmr-p,720575940903415565,r,2
720575940874972385,c-htmr-p,720575940890939713,p2_noci,1
720575940874972385,c-htmr-p,720575940915253823,v2,1
720575940874972385,c-htmr-p,720575940878326395,v2,1
720575940874972385,c-htmr-p,720575940902634194,v2,1
720575940880896913,c-htmr-p,720575940941106028,noci_module,5
720575940880896913,c-htmr-p,720575940888731665,p2_noci,4
720575940880896913,c-htmr-p,720575940909430811,noci_module,3
720575940880896913,c-htmr-p,720575940899282056,noci_module,2
720575940880896913,c-htmr-p,720575940877555511,r,2
720575940880896913,c-htmr-p,720575940917852811,r,2
720575940880896913,c-htmr-p,720575940905050934,p2_poly,1
720575940880896913,c-htmr-p,720575940880850833,p2_noci,1
720575940880896913,c-htmr-p,720575940926242958,v2,1
720575940881918801,c-htmr-p,720575940922949405,noci_module,14
720575940881918801,c-htmr-p,720575940917429907,noci_module,14
720575940881918801,c-htmr-p,720575940888731665,p2_noci,13
720575940881918801,c-htmr-p,720575940898432765,p2_noci,8
720575940881918801,c-htmr-p,720575940896736698,np_module,8
720575940881918801,c-htmr-p,720575940883803384,np_module,6
720575940881918801,c-htmr-p,720575940899282056,noci_module,6
720575940881918801,c-htmr-p,720575940915256127,v2,5
720575940881918801,c-htmr-p,720575940881974650,p2_poly,4
720575940881918801,c-htmr-p,720575940881844049,p2_noci,3
720575940881918801,c-htmr-p,720575940895281326,p2_noci,2
720575940881918801,c-htmr-p,720575940875854397,r,2
720575940881918801,c-htmr-p,720575940908781145,cltmr_module,2
720575940881918801,c-htmr-p,720575940895353262,np_module,2
720575940881918801,c-htmr-p,720575940900963269,v2,2
720575940881918801,c-htmr-p,720575940884925028,r,2
720575940881918801,c-htmr-p,720575940897454998,v2,2
720575940881918801,c-htmr-p,720575940921583379,r,1
720575940881918801,c-htmr-p,720575940890107704,v2,1
720575940881918801,c-htmr-p,720575940910295881,r,1
720575940881918801,c-htmr-p,720575940905043926,r,1
720575940881918801,c-htmr-p,720575940905042902,r,1
720575940881918801,c-htmr-p,720575940865160474,p2_noci,1
720575940881918801,c-htmr-p,720575940903414541,v2,1
720575940881918801,c-htmr-p,720575940894178664,np_module,1
720575940881918801,c-htmr-p,720575940908782425,r,1
720575940881918801,c-htmr-p,720575940922957341,v2,1
720575940881918801,c-htmr-p,720575940916016480,np_module,1
720575940881918801,c-htmr-p,720575940902518994,p2_noci,1
720575940882520101,c-htmr-p,720575940888731665,p2_noci,8
720575940882520101,c-htmr-p,720575940865160474,p2_noci,6
720575940882520101,c-htmr-p,720575940909430811,noci_module,4
720575940882520101,c-htmr-p,720575940884939979,p2_noci,3
720575940882520101,c-htmr-p,720575940895281326,p2_noci,3
720575940882520101,c-htmr-p,720575940922949405,noci_module,2
720575940882520101,c-htmr-p,720575940917429907,noci_module,2
720575940882520101,c-htmr-p,720575940915676096,p2_noci,2
720575940882520101,c-htmr-p,720575940897460886,np_module,1
720575940882520101,c-htmr-p,720575940923272236,v2,1
720575940882520101,c-htmr-p,720575940880850833,p2_noci,1
720575940882520101,c-htmr-p,720575940905050934,p2_poly,1
720575940882520101,c-htmr-p,720575940877555511,r,1
720575940888059760,c-htmr-p,720575940888793434,noci_module,7
720575940888059760,c-htmr-p,720575940890939713,p2_noci,6
720575940888059760,c-htmr-p,720575940909430811,noci_module,4
720575940888059760,c-htmr-p,720575940884015788,p2_cold,3
720575940888059760,c-htmr-p,720575940883803384,np_module,1
720575940888059760,c-htmr-p,720575940885432678,v2,1
720575940892182782,c-htmr-p,720575940884939979,p2_noci,10
720575940892182782,c-htmr-p,720575940865160474,p2_noci,2
720575940892182782,c-htmr-p,720575940898432765,p2_noci,2
720575940892182782,c-htmr-p,720575940923272236,v2,1
720575940892182782,c-htmr-p,720575940888793434,noci_module,1
720575940892182782,c-htmr-p,720575940881936635,noci_module,1
720575940892182782,c-htmr-p,720575940919071815,noci_module,1
720575940892182782,c-htmr-p,720575940920932008,noci_module,1
720575940893344533,c-htmr-p,720575940899779727,p2_poly,6
720575940901971694,c-htmr-p,720575940894563284,p2_noci,4
720575940901971694,c-htmr-p,720575940899779727,p2_poly,3
720575940901971694,c-htmr-p,720575940888793434,noci_module,3
720575940901971694,c-htmr-p,720575940884939979,p2_noci,2
720575940905365705,c-htmr-p,720575940897460886,np_module,6
720575940905365705,c-htmr-p,720575940899282056,noci_module,5
720575940905365705,c-htmr-p,720575940888793434,noci_module,5
720575940905365705,c-htmr-p,720575940922949405,noci_module,4
720575940905365705,c-htmr-p,720575940918750769,np_module,4
720575940905365705,c-htmr-p,720575940941106028,noci_module,4
720575940905365705,c-htmr-p,720575940895353262,np_module,3
720575940905365705,c-htmr-p,720575940905043670,r,3
720575940905365705,c-htmr-p,720575940877555511,r,2
720575940905365705,c-htmr-p,720575940869481691,np_module,2
720575940905365705,c-htmr-p,720575940905042902,r,2
720575940905365705,c-htmr-p,720575940909430811,noci_module,2
720575940905365705,c-htmr-p,720575940905043926,r,2
720575940905365705,c-htmr-p,720575940891181902,cltmr_module,1
720575940905365705,c-htmr-p,720575940883803384,np_module,1
720575940905365705,c-htmr-p,720575940909443355,cltmr_module,1
720575940905365705,c-htmr-p,720575940893395733,np_module,1
720575940905365705,c-htmr-p,720575940917429907,noci_module,1
720575940905365705,c-htmr-p,720575940903188925,r,1
720575940905365705,c-htmr-p,720575940917852811,r,1
720575940905365705,c-htmr-p,720575940909769176,np_module,1
720575940905365705,c-htmr-p,720575940914883824,np_module,1
720575940905365705,c-htmr-p,720575940928343548,r,1
720575940905365705,c-htmr-p,720575940905050934,p2_poly,1
720575940905365705,c-htmr-p,720575940900956101,cltmr_module,1
720575940909392923,c-htmr-p,720575940881844049,p2_noci,11
720575940909392923,c-htmr-p,720575940898432765,p2_noci,1
720575940909392923,c-htmr-p,720575940902401208,p2_noci,1
720575940910952353,c-htmr-p,720575940917429907,noci_module,6
720575940910952353,c-htmr-p,720575940896736698,np_module,5
720575940910952353,c-htmr-p,720575940909393947,np_module,4
720575940910952353,c-htmr-p,720575940922949405,noci_module,1
720575940910952353,c-htmr-p,720575940884057772,r,1
720575940910952353,c-htmr-p,720575940900033476,v1,1
720575940916233731,c-htmr-p,720575940915676096,p2_noci,2
720575940916233731,c-htmr-p,720575940922949405,noci_module,1
720575940916233731,c-htmr-p,720575940913491825,p2_poly,1
720575940916233731,c-htmr-p,720575940899282056,noci_module,1
720575940918288693,c-htmr-p,720575940888731665,p2_noci,29
720575940918288693,c-htmr-p,720575940923272236,v2,9
720575940918288693,c-htmr-p,720575940917429907,noci_module,6
720575940918288693,c-htmr-p,720575940909430811,noci_module,4
720575940918288693,c-htmr-p,720575940884939979,p2_noci,3
720575940918288693,c-htmr-p,720575940895353262,np_module,3
720575940918288693,c-htmr-p,720575940902518994,p2_noci,2
720575940918288693,c-htmr-p,720575940915256127,v2,2
720575940918288693,c-htmr-p,720575940922949405,noci_module,2
720575940918288693,c-htmr-p,720575940896736698,np_module,2
720575940918288693,c-htmr-p,720575940905050934,p2_poly,1
720575940918288693,c-htmr-p,720575940861450226,cltmr_module,1
720575940918288693,c-htmr-p,720575940912929024,cltmr_module,1
720575940918288693,c-htmr-p,720575940915676096,p2_noci,1
720575940918288693,c-htmr-p,720575940894647347,np_module,1
720575940918288693,c-htmr-p,720575940898432765,p2_noci,1
720575940918288693,c-htmr-p,720575940875854397,r,1
720575940918288693,c-htmr-p,720575940878978356,cltmr_module,1
720575940918288693,c-htmr-p,720575940897460886,np_module,1
720575940918288693,c-htmr-p,720575940914014910,p2_poly,1
720575940918288693,c-htmr-p,720575940884925028,r,1
720575940918288693,c-htmr-p,720575940865160474,p2_noci,1
720575940918288693,c-htmr-p,720575940903414541,v2,1
720575940918288693,c-htmr-p,720575940890939713,p2_noci,1
720575940918288693,c-htmr-p,720575940883803384,np_module,1
720575940918288693,c-htmr-p,720575940921583379,r,1
720575940925744198,c-htmr-p,720575940894563284,p2_noci,8
720575940925744198,c-htmr-p,720575940920932008,noci_module,1
720575940927263052,c-htmr-p,720575940884939979,p2_noci,8
720575940927263052,c-htmr-p,720575940909802419,p2_poly,1
720575940927263052,c-htmr-p,720575940888731665,p2_noci,1
720575940929691425,c-htmr-p,720575940915676096,p2_noci,1
720575940929691425,c-htmr-p,720575940898821041,p2_noci,1
720575940935668092,c-htmr-p,720575940898432765,p2_noci,3
720575940935668092,c-htmr-p,720575940884939979,p2_noci,2
720575940935668092,c-htmr-p,720575940915676096,p2_noci,2
720575940935668092,c-htmr-p,720575940883201751,r,2
720575940935668092,c-htmr-p,720575940881844049,p2_noci,2
720575940935668092,c-htmr-p,720575940881974650,p2_poly,1
720575940935668092,c-htmr-p,720575940920932008,noci_module,1
720575940935668092,c-htmr-p,720575940909430811,noci_module,1
720575940964330406,c-htmr-p,720575940896702138,p2_noci,6
720575940964330406,c-htmr-p,720575940884939979,p2_noci,3
720575940964330406,c-htmr-p,720575940891518756,v2,2
720575940964330406,c-htmr-p,720575940881974650,p2_poly,2
720575940964330406,c-htmr-p,720575940865160474,p2_noci,2
720575940964330406,c-htmr-p,720575940915676096,p2_noci,2
720575940964330406,c-htmr-p,720575940890018996,p2_poly,1
720575940964330406,c-htmr-p,720575940898432765,p2_noci,1
720575940964330406,c-htmr-p,720575940880850833,p2_noci,1
720575940964330406,c-htmr-p,720575940927244512,v1,1
720575940964330406,c-htmr-p,720575940890108216,v2,1
720575940964330406,c-htmr-p,720575940902401208,p2_noci,1
720575940859731351,cltmr,720575940908781145,cltmr_module,51
720575940859731351,cltmr,720575940901384751,cltmr_module,35
720575940859731351,cltmr,720575940890245126,cltmr_module,26
720575940859731351,cltmr,720575940878956340,cltmr_module,15
720575940859731351,cltmr,720575940895353262,np_module,10
720575940859731351,cltmr,720575940924182661,cltmr_module,8
720575940859731351,cltmr,720575940940380075,cltmr_module,6
720575940859731351,cltmr,720575940927248352,adltmr_module,5
720575940859731351,cltmr,720575940922814762,cltmr_module,5
720575940859731351,cltmr,720575940903370509,np_module,5
720575940859731351,cltmr,720575940916016480,np_module,3
720575940859731351,cltmr,720575940883803384,np_module,3
720575940859731351,cltmr,720575940896736698,np_module,3
720575940859731351,cltmr,720575940903415565,r,2
720575940859731351,cltmr,720575940927109144,np_module,2
720575940859731351,cltmr,720575940869443690,np_module,2
720575940859731351,cltmr,720575940880875929,cltmr_module,1
720575940859731351,cltmr,720575940939715909,v2,1
720575940859731351,cltmr,720575940899282056,noci_module,1
720575940859731351,cltmr,720575940902624978,adltmr_module,1
720575940859731351,cltmr,720575940900963269,v2,1
720575940859731351,cltmr,720575940893177002,cltmr_module,1
720575940859731351,cltmr,720575940896732090,adltmr_module,1
720575940859731351,cltmr,720575940889813349,v2,1
720575940859731351,cltmr,720575940877501751,np_module,1
720575940859731351,cltmr,720575940902634194,v2,1
720575940862185831,cltmr,720575940908781145,cltmr_module,36
720575940862185831,cltmr,720575940890245126,cltmr_module,24
720575940862185831,cltmr,720575940878956340,cltmr_module,23
720575940862185831,cltmr,720575940940380075,cltmr_module,19
720575940862185831,cltmr,720575940901384751,cltmr_module,16
720575940862185831,cltmr,720575940918316341,cltmr_module,14
720575940862185831,cltmr,720575940900956101,cltmr_module,9
720575940862185831,cltmr,720575940880875929,cltmr_module,9
720575940862185831,cltmr,720575940914883824,np_module,9
720575940862185831,cltmr,720575940927248352,adltmr_module,6
720575940862185831,cltmr,720575940893177002,cltmr_module,6
720575940862185831,cltmr,720575940916016480,np_module,4
720575940862185831,cltmr,720575940906210525,cltmr_module,3
720575940862185831,cltmr,720575940895353262,np_module,3
720575940862185831,cltmr,720575940902624978,adltmr_module,2
720575940862185831,cltmr,720575940912929024,cltmr_module,2
720575940862185831,cltmr,720575940893395733,np_module,2
720575940862185831,cltmr,720575940869443690,np_module,2
720575940862185831,cltmr,720575940903370509,np_module,2
720575940862185831,cltmr,720575940883803384,np_module,2
720575940862185831,cltmr,720575940937862061,adltmr_module,2
720575940862185831,cltmr,720575940902703006,cltmr_module,2
720575940862185831,cltmr,720575940948987670,adltmr_module,2
720575940862185831,cltmr,720575940924182661,cltmr_module,2
720575940862185831,cltmr,720575940900963269,v2,2
720575940862185831,cltmr,720575940903415565,r,2
720575940862185831,cltmr,720575940908782425,r,1
720575940862185831,cltmr,720575940922814762,cltmr_module,1
720575940862185831,cltmr,720575940890962241,r,1
720575940880372359,cltmr,720575940891181902,cltmr_module,82
720575940880372359,cltmr,720575940900956101,cltmr_module,79
720575940880372359,cltmr,720575940912929024,cltmr_module,74
720575940880372359,cltmr,720575940878956340,cltmr_module,42
720575940880372359,cltmr,720575940893177002,cltmr_module,33
720575940880372359,cltmr,720575940940380075,cltmr_module,30
720575940880372359,cltmr,720575940922814762,cltmr_module,29
720575940880372359,cltmr,720575940899281090,cltmr_module,28
720575940880372359,cltmr,720575940880875929,cltmr_module,27
720575940880372359,cltmr,720575940889238903,cltmr_module,26
720575940880372359,cltmr,720575940906210525,cltmr_module,9
720575940880372359,cltmr,720575940891164342,np_module,8
720575940880372359,cltmr,720575940878312571,adltmr_module,7
720575940880372359,cltmr,720575940899283650,cltmr_module,5
720575940880372359,cltmr,720575940917852811,r,5
720575940880372359,cltmr,720575940902634194,v2,4
720575940880372359,cltmr,720575940897460886,np_module,4
720575940880372359,cltmr,720575940878916148,np_module,3
720575940880372359,cltmr,720575940883803384,np_module,3
720575940880372359,cltmr,720575940948987670,adltmr_module,3
720575940880372359,cltmr,720575940902624978,adltmr_module,3
720575940880372359,cltmr,720575940926242958,v2,2
720575940880372359,cltmr,720575940939715909,v2,2
720575940880372359,cltmr,720575940883197911,cltmr_module,2
720575940880372359,cltmr,720575940937862061,adltmr_module,2
720575940880372359,cltmr,720575940903679779,np_module,2
720575940880372359,cltmr,720575940895353262,np_module,1
720575940880372359,cltmr,720575940877555511,r,1
720575940880372359,cltmr,720575940880839442,adltmr_module,1
720575940880372359,cltmr,720575940905043670,r,1
720575940880372359,cltmr,720575940901384751,cltmr_module,1
720575940880372359,cltmr,720575940937857965,r,1
720575940880372359,cltmr,720575940928343548,r,1
720575940880372359,cltmr,720575940894647859,v2,1
720575940880372359,cltmr,720575940903751971,v2,1
720575940882077216,cltmr,720575940900956101,cltmr_module,54
720575940882077216,cltmr,720575940891181902,cltmr_module,47
720575940882077216,cltmr,720575940940380075,cltmr_module,46
720575940882077216,cltmr,720575940912929024,cltmr_module,35
720575940882077216,cltmr,720575940878956340,cltmr_module,34
720575940882077216,cltmr,720575940880875929,cltmr_module,26
720575940882077216,cltmr,720575940893177002,cltmr_module,16
720575940882077216,cltmr,720575940889238903,cltmr_module,11
720575940882077216,cltmr,720575940899281090,cltmr_module,10
720575940882077216,cltmr,720575940901384751,cltmr_module,9
720575940882077216,cltmr,720575940922814762,cltmr_module,8
720575940882077216,cltmr,720575940902624978,adltmr_module,5
720575940882077216,cltmr,720575940878312571,adltmr_module,5
720575940882077216,cltmr,720575940906210525,cltmr_module,4
720575940882077216,cltmr,720575940891164342,np_module,3
720575940882077216,cltmr,720575940948987670,adltmr_module,3
720575940882077216,cltmr,720575940908781145,cltmr_module,3
720575940882077216,cltmr,720575940895353262,np_module,3
720575940882077216,cltmr,720575940890245126,cltmr_module,2
720575940882077216,cltmr,720575940897460886,np_module,1
720575940882077216,cltmr,720575940926242958,v2,1
720575940882077216,cltmr,720575940927109144,np_module,1
720575940882077216,cltmr,720575940889924328,v2,1
720575940882077216,cltmr,720575940869443690,np_module,1
720575940882077216,cltmr,720575940937857965,r,1
720575940882077216,cltmr,720575940878916148,np_module,1
720575940882077216,cltmr,720575940875116119,np_module,1
720575940882077216,cltmr,720575940899283650,cltmr_module,1
720575940882077216,cltmr,720575940903679779,np_module,1
720575940882077216,cltmr,720575940883803384,np_module,1
720575940882077216,cltmr,720575940939715909,v2,1
720575940886931959,cltmr,720575940906210525,cltmr_module,119
720575940886931959,cltmr,720575940878956340,cltmr_module,60
720575940886931959,cltmr,720575940900956101,cltmr_module,52
720575940886931959,cltmr,720575940893177002,cltmr_module,52
720575940886931959,cltmr,720575940940380075,cltmr_module,45
720575940886931959,cltmr,720575940912929024,cltmr_module,40
720575940886931959,cltmr,720575940908781145,cltmr_module,35
720575940886931959,cltmr,720575940890245126,cltmr_module,23
720575940886931959,cltmr,720575940899283650,cltmr_module,22
720575940886931959,cltmr,720575940891181902,cltmr_module,17
720575940886931959,cltmr,720575940889238903,cltmr_module,17
720575940886931959,cltmr,720575940897460886,np_module,15
720575940886931959,cltmr,720575940880875929,cltmr_module,14
720575940886931959,cltmr,720575940918316341,cltmr_module,13
720575940886931959,cltmr,720575940901384751,cltmr_module,12
720575940886931959,cltmr,720575940883803384,np_module,12
720575940886931959,cltmr,720575940869443690,np_module,11
720575940886931959,cltmr,720575940902624978,adltmr_module,10
720575940886931959,cltmr,720575940922814762,cltmr_module,10
720575940886931959,cltmr,720575940902703006,cltmr_module,9
720575940886931959,cltmr,720575940894647859,v2,7
720575940886931959,cltmr,720575940899281090,cltmr_module,3
720575940886931959,cltmr,720575940880839442,adltmr_module,3
720575940886931959,cltmr,720575940948987670,adltmr_module,3
720575940886931959,cltmr,720575940916016480,np_module,3
720575940886931959,cltmr,720575940898916857,v2,3
720575940886931959,cltmr,720575940903679779,np_module,2
720575940886931959,cltmr,720575940904086480,np_module,2
720575940886931959,cltmr,720575940905043926,r,2
720575940886931959,cltmr,720575940893395733,np_module,1
720575940886931959,cltmr,720575940895289006,adltmr_module,1
720575940886931959,cltmr,720575940937862061,adltmr_module,1
720575940886931959,cltmr,720575940883729656,adltmr_module,1
720575940886931959,cltmr,720575940895353262,np_module,1
720575940886931959,cltmr,720575940877555511,r,1
720575940886931959,cltmr,720575940941106028,noci_module,1
720575940886931959,cltmr,720575940878916148,np_module,1
720575940886931959,cltmr,720575940890134196,noci_module,1
720575940886931959,cltmr,720575940927248352,adltmr_module,1
720575940886931959,cltmr,720575940886853257,adltmr_module,1
720575940886931959,cltmr,720575940903188925,r,1
720575940886931959,cltmr,720575940888799761,r,1
720575940886931959,cltmr,720575940907584340,adltmr_module,1
720575940886931959,cltmr,720575940899153235,np_module,1
720575940886931959,cltmr,720575940905061686,np_module,1
720575940886931959,cltmr,720575940888793434,noci_module,1
720575940886931959,cltmr,720575940875116119,np_module,1
720575940886931959,cltmr,720575940881620931,cltmr_module,1
720575940886931959,cltmr,720575940918750769,np_module,1
720575940886931959,cltmr,720575940902634194,v2,1
720575940887087578,cltmr,720575940908781145,cltmr_module,9
720575940887087578,cltmr,720575940901384751,cltmr_module,9
720575940887087578,cltmr,720575940895353262,np_module,8
720575940887087578,cltmr,720575940922814762,cltmr_module,6
720575940887087578,cltmr,720575940878956340,cltmr_module,5
720575940887087578,cltmr,720575940940380075,cltmr_module,4
720575940887087578,cltmr,720575940927109144,np_module,3
720575940887087578,cltmr,720575940893177002,cltmr_module,2
720575940887087578,cltmr,720575940894647859,v2,2
720575940887087578,cltmr,720575940890245126,cltmr_module,2
720575940887087578,cltmr,720575940927248352,adltmr_module,2
720575940887087578,cltmr,720575940889238903,cltmr_module,2
720575940887087578,cltmr,720575940883803384,np_module,1
720575940887087578,cltmr,720575940914883824,np_module,1
720575940887087578,cltmr,720575940894647347,np_module,1
720575940887087578,cltmr,720575940912929024,cltmr_module,1
720575940889215863,cltmr,720575940902703006,cltmr_module,25
720575940889215863,cltmr,720575940918316341,cltmr_module,6
720575940889215863,cltmr,720575940893177002,cltmr_module,5
720575940889215863,cltmr,720575940901384751,cltmr_module,5
720575940889215863,cltmr,720575940878956340,cltmr_module,4
720575940889215863,cltmr,720575940869443690,np_module,3
720575940889215863,cltmr,720575940890245126,cltmr_module,2
720575940889215863,cltmr,720575940894647859,v2,2
720575940889215863,cltmr,720575940899283650,cltmr_module,1
720575940889215863,cltmr,720575940900956101,cltmr_module,1
720575940889215863,cltmr,720575940916016480,np_module,1
720575940889215863,cltmr,720575940896736698,np_module,1
720575940889215863,cltmr,720575940927109144,np_module,1
720575940889215863,cltmr,720575940927184920,v1,1
720575940889215863,cltmr,720575940906210525,cltmr_module,1
720575940889215863,cltmr,720575940880875929,cltmr_module,1
720575940889215863,cltmr,720575940899153235,np_module,1
720575940889215863,cltmr,720575940883803384,np_module,1
720575940889215863,cltmr,720575940921583379,r,1
720575940889215863,cltmr,720575940908781145,cltmr_module,1
720575940891163574,cltmr,720575940908781145,cltmr_module,110
720575940891163574,cltmr,720575940878956340,cltmr_module,81
720575940891163574,cltmr,720575940940380075,cltmr_module,76
720575940891163574,cltmr,720575940890245126,cltmr_module,52
720575940891163574,cltmr,720575940901384751,cltmr_module,38
720575940891163574,cltmr,720575940900956101,cltmr_module,28
720575940891163574,cltmr,720575940893177002,cltmr_module,21
720575940891163574,cltmr,720575940916016480,np_module,18
720575940891163574,cltmr,720575940895353262,np_module,18
720575940891163574,cltmr,720575940880875929,cltmr_module,16
720575940891163574,cltmr,720575940918316341,cltmr_module,15
720575940891163574,cltmr,720575940869443690,np_module,14
720575940891163574,cltmr,720575940912929024,cltmr_module,14
720575940891163574,cltmr,720575940927248352,adltmr_module,12
720575940891163574,cltmr,720575940883803384,np_module,11
720575940891163574,cltmr,720575940906210525,cltmr_module,11
720575940891163574,cltmr,720575940902624978,adltmr_module,10
720575940891163574,cltmr,720575940922814762,cltmr_module,9
720575940891163574,cltmr,720575940937862061,adltmr_module,9
720575940891163574,cltmr,720575940891181902,cltmr_module,8
720575940891163574,cltmr,720575940902703006,cltmr_module,8
720575940891163574,cltmr,720575940914883824,np_module,7
720575940891163574,cltmr,720575940897460886,np_module,7
720575940891163574,cltmr,720575940922709290,np_module,7
720575940891163574,cltmr,720575940896736698,np_module,6
720575940891163574,cltmr,720575940889238903,cltmr_module,6
720575940891163574,cltmr,720575940899281090,cltmr_module,6
720575940891163574,cltmr,720575940924182661,cltmr_module,5
720575940891163574,cltmr,720575940908386564,np_module,4
720575940891163574,cltmr,720575940948987670,adltmr_module,4
720575940891163574,cltmr,720575940903679779,np_module,2
720575940891163574,cltmr,720575940877501751,np_module,2
720575940891163574,cltmr,720575940903188925,r,2
720575940891163574,cltmr,720575940878312571,adltmr_module,2
720575940891163574,cltmr,720575940899153235,np_module,2
720575940891163574,cltmr,720575940899283650,cltmr_module,2
720575940891163574,cltmr,720575940891164342,np_module,1
720575940891163574,cltmr,720575940903415565,r,1
720575940891163574,cltmr,720575940907584340,adltmr_module,1
720575940891163574,cltmr,720575940908782425,r,1
720575940891163574,cltmr,720575940927109144,np_module,1
720575940891163574,cltmr,720575940894664404,r,1
720575940891163574,cltmr,720575940917429907,noci_module,1
720575940891163574,cltmr,720575940900963269,v2,1
720575940891163574,cltmr,720575940885432678,v2,1
720575940891163574,cltmr,720575940903370509,np_module,1
720575940891163574,cltmr,720575940875854397,r,1
720575940891163574,cltmr,720575940941124460,adltmr_module,1
720575940891163574,cltmr,720575940880839442,adltmr_module,1
720575940893122730,cltmr,720575940861450226,cltmr_module,48
720575940893122730,cltmr,720575940878978356,cltmr_module,36
720575940893122730,cltmr,720575940883197911,cltmr_module,22
720575940893122730,cltmr,720575940881620931,cltmr_module,19
720575940893122730,cltmr,720575940937848237,cltmr_module,15
720575940893122730,cltmr,720575940909443355,cltmr_module,5
720575940893122730,cltmr,720575940928343548,r,2
720575940893122730,cltmr,720575940939715909,v2,2
720575940893122730,cltmr,720575940902634194,v2,2
720575940893122730,cltmr,720575940883729656,adltmr_module,1
720575940893122730,cltmr,720575940912929024,cltmr_module,1
720575940893122730,cltmr,720575940893177002,cltmr_module,1
720575940893122730,cltmr,720575940900963269,v2,1
720575940893122730,cltmr,720575940890108216,v2,1
720575940893408011,cltmr,720575940891181902,cltmr_module,84
720575940893408011,cltmr,720575940912929024,cltmr_module,79
720575940893408011,cltmr,720575940883197911,cltmr_module,51
720575940893408011,cltmr,720575940900956101,cltmr_module,47
720575940893408011,cltmr,720575940893177002,cltmr_module,41
720575940893408011,cltmr,720575940889238903,cltmr_module,26
720575940893408011,cltmr,720575940922814762,cltmr_module,22
720575940893408011,cltmr,720575940899281090,cltmr_module,21
720575940893408011,cltmr,720575940880875929,cltmr_module,18
720575940893408011,cltmr,720575940878956340,cltmr_module,14
720575940893408011,cltmr,720575940878312571,adltmr_module,11
720575940893408011,cltmr,720575940948987670,adltmr_module,6
720575940893408011,cltmr,720575940878916148,np_module,5
720575940893408011,cltmr,720575940906210525,cltmr_module,4
720575940893408011,cltmr,720575940939715909,v2,3
720575940893408011,cltmr,720575940902634194,v2,3
720575940893408011,cltmr,720575940940380075,cltmr_module,3
720575940893408011,cltmr,720575940877555511,r,3
720575940893408011,cltmr,720575940927248352,adltmr_module,2
720575940893408011,cltmr,720575940878978356,cltmr_module,2
720575940893408011,cltmr,720575940941106028,noci_module,2
720575940893408011,cltmr,720575940889924328,v2,1
720575940893408011,cltmr,720575940890134196,noci_module,1
720575940893408011,cltmr,720575940890108216,v2,1
720575940893408011,cltmr,720575940912535686,np_module,1
720575940893408011,cltmr,720575940894647859,v2,1
720575940893408011,cltmr,720575940903679779,np_module,1
720575940893408011,cltmr,720575940902624978,adltmr_module,1
720575940893408011,cltmr,720575940908781145,cltmr_module,1
720575940893408011,cltmr,720575940897460886,np_module,1
720575940893408011,cltmr,720575940888793434,noci_module,1
720575940893408011,cltmr,720575940899283650,cltmr_module,1
720575940893408011,cltmr,720575940917852811,r,1
720575940893408011,cltmr,720575940875116119,np_module,1
720575940893408011,cltmr,720575940896304311,v2,1
720575940902671774,cltmr,720575940912929024,cltmr_module,61
720575940902671774,cltmr,720575940891181902,cltmr_module,49
720575940902671774,cltmr,720575940883197911,cltmr_module,17
720575940902671774,cltmr,720575940899281090,cltmr_module,16
720575940902671774,cltmr,720575940893177002,cltmr_module,11
720575940902671774,cltmr,720575940889238903,cltmr_module,11
720575940902671774,cltmr,720575940922814762,cltmr_module,11
720575940902671774,cltmr,720575940878312571,adltmr_module,10
720575940902671774,cltmr,720575940880875929,cltmr_module,7
720575940902671774,cltmr,720575940878956340,cltmr_module,5
720575940902671774,cltmr,720575940940380075,cltmr_module,4
720575940902671774,cltmr,720575940902634194,v2,4
720575940902671774,cltmr,720575940900956101,cltmr_module,3
720575940902671774,cltmr,720575940948987670,adltmr_module,3
720575940902671774,cltmr,720575940889924328,v2,1
720575940902671774,cltmr,720575940877555511,r,1
720575940902671774,cltmr,720575940927109144,np_module,1
720575940902671774,cltmr,720575940897460886,np_module,1
720575940902671774,cltmr,720575940880839442,adltmr_module,1
720575940902671774,cltmr,720575940937857965,r,1
720575940902671774,cltmr,720575940878916148,np_module,1
720575940902671774,cltmr,720575940905043670,r,1
720575940902671774,cltmr,720575940890108216,v2,1
720575940910624444,cltmr,720575940906210525,cltmr_module,31
720575940910624444,cltmr,720575940900956101,cltmr_module,19
720575940910624444,cltmr,720575940890245126,cltmr_module,18
720575940910624444,cltmr,720575940940380075,cltmr_module,13
720575940910624444,cltmr,720575940908781145,cltmr_module,13
720575940910624444,cltmr,720575940878956340,cltmr_module,13
720575940910624444,cltmr,720575940893177002,cltmr_module,12
720575940910624444,cltmr,720575940880875929,cltmr_module,10
720575940910624444,cltmr,720575940902703006,cltmr_module,8
720575940910624444,cltmr,720575940918316341,cltmr_module,8
720575940910624444,cltmr,720575940899283650,cltmr_module,6
720575940910624444,cltmr,720575940902624978,adltmr_module,5
720575940910624444,cltmr,720575940921583379,r,4
720575940910624444,cltmr,720575940901384751,cltmr_module,4
720575940910624444,cltmr,720575940912929024,cltmr_module,4
720575940910624444,cltmr,720575940894647859,v2,3
720575940910624444,cltmr,720575940869443690,np_module,3
720575940910624444,cltmr,720575940903679779,np_module,3
720575940910624444,cltmr,720575940937862061,adltmr_module,2
720575940910624444,cltmr,720575940894664404,r,2
720575940910624444,cltmr,720575940883803384,np_module,2
720575940910624444,cltmr,720575940922814762,cltmr_module,1
720575940910624444,cltmr,720575940902629074,r,1
720575940910624444,cltmr,720575940916016480,np_module,1
720575940910624444,cltmr,720575940888793434,noci_module,1
720575940910624444,cltmr,720575940927248352,adltmr_module,1
720575940910624444,cltmr,720575940914883824,np_module,1
720575940910624444,cltmr,720575940948987670,adltmr_module,1
720575940910624444,cltmr,720575940899281090,cltmr_module,1
720575940910624444,cltmr,720575940861450226,cltmr_module,1
720575940910624444,cltmr,720575940897460886,np_module,1
720575940910624444,cltmr,720575940909443355,cltmr_module,1
720575940914869232,cltmr,720575940909443355,cltmr_module,107
720575940914869232,cltmr,720575940881620931,cltmr_module,89
720575940914869232,cltmr,720575940861450226,cltmr_module,75
720575940914869232,cltmr,720575940878978356,cltmr_module,61
720575940914869232,cltmr,720575940899283650,cltmr_module,22
720575940914869232,cltmr,720575940883197911,cltmr_module,19
720575940914869232,cltmr,720575940893177002,cltmr_module,14
720575940914869232,cltmr,720575940937848237,cltmr_module,14
720575940914869232,cltmr,720575940902629074,r,4
720575940914869232,cltmr,720575940917422227,adltmr_module,3
720575940914869232,cltmr,720575940899281090,cltmr_module,3
720575940914869232,cltmr,720575940897460886,np_module,2
720575940914869232,cltmr,720575940926242958,v2,1
720575940914869232,cltmr,720575940883803384,np_module,1
720575940914869232,cltmr,720575940880839442,adltmr_module,1
720575940914869232,cltmr,720575940900956101,cltmr_module,1
720575940914869232,cltmr,720575940939715909,v2,1
720575940914869232,cltmr,720575940891518756,v2,1
720575940914869232,cltmr,720575940902634194,v2,1
720575940918770481,cltmr,720575940908781145,cltmr_module,37
720575940918770481,cltmr,720575940878956340,cltmr_module,29
720575940918770481,cltmr,720575940901384751,cltmr_module,21
720575940918770481,cltmr,720575940895353262,np_module,18
720575940918770481,cltmr,720575940940380075,cltmr_module,15
720575940918770481,cltmr,720575940890245126,cltmr_module,14
720575940918770481,cltmr,720575940922814762,cltmr_module,12
720575940918770481,cltmr,720575940927109144,np_module,7
720575940918770481,cltmr,720575940891164342,np_module,7
720575940918770481,cltmr,720575940900956101,cltmr_module,7
720575940918770481,cltmr,720575940889238903,cltmr_module,5
720575940918770481,cltmr,720575940883803384,np_module,5
720575940918770481,cltmr,720575940902634194,v2,3
720575940918770481,cltmr,720575940927248352,adltmr_module,3
720575940918770481,cltmr,720575940880875929,cltmr_module,3
720575940918770481,cltmr,720575940869443690,np_module,2
720575940918770481,cltmr,720575940903679779,np_module,2
720575940918770481,cltmr,720575940918316341,cltmr_module,1
720575940918770481,cltmr,720575940941124460,adltmr_module,1
720575940918770481,cltmr,720575940896736698,np_module,1
720575940918770481,cltmr,720575940902703006,cltmr_module,1
720575940918770481,cltmr,720575940891181902,cltmr_module,1
720575940918770481,cltmr,720575940894647347,np_module,1
720575940918770481,cltmr,720575940948987670,adltmr_module,1
720575940918770481,cltmr,720575940898916857,v2,1
720575940918990151,cltmr,720575940924182661,cltmr_module,99
720575940918990151,cltmr,720575940896732090,adltmr_module,20
720575940918990151,cltmr,720575940901384751,cltmr_module,17
720575940918990151,cltmr,720575940895353262,np_module,8
720575940918990151,cltmr,720575940903370509,np_module,8
720575940918990151,cltmr,720575940869443690,np_module,4
720575940918990151,cltmr,720575940908781145,cltmr_module,3
720575940918990151,cltmr,720575940896736698,np_module,3
720575940918990151,cltmr,720575940890245126,cltmr_module,2
720575940918990151,cltmr,720575940899282056,noci_module,2
720575940918990151,cltmr,720575940892205566,v1,1
720575940918990151,cltmr,720575940915256127,v2,1
720575940918990151,cltmr,720575940883803384,np_module,1
720575940918990151,cltmr,720575940890962241,r,1
720575940918990151,cltmr,720575940877501751,np_module,1
720575940918990151,cltmr,720575940922949405,noci_module,1
720575940918990151,cltmr,720575940902634194,v2,1
720575940927215328,cltmr,720575940906210525,cltmr_module,125
720575940927215328,cltmr,720575940893177002,cltmr_module,66
720575940927215328,cltmr,720575940909443355,cltmr_module,47
720575940927215328,cltmr,720575940900956101,cltmr_module,41
720575940927215328,cltmr,720575940880875929,cltmr_module,39
720575940927215328,cltmr,720575940899283650,cltmr_module,37
720575940927215328,cltmr,720575940912929024,cltmr_module,22
720575940927215328,cltmr,720575940897460886,np_module,19
720575940927215328,cltmr,720575940922814762,cltmr_module,17
720575940927215328,cltmr,720575940878956340,cltmr_module,17
720575940927215328,cltmr,720575940918316341,cltmr_module,14
720575940927215328,cltmr,720575940889238903,cltmr_module,12
720575940927215328,cltmr,720575940891181902,cltmr_module,12
720575940927215328,cltmr,720575940869443690,np_module,9
720575940927215328,cltmr,720575940881620931,cltmr_module,9
720575940927215328,cltmr,720575940905061686,np_module,7
720575940927215328,cltmr,720575940886853257,adltmr_module,5
720575940927215328,cltmr,720575940878978356,cltmr_module,5
720575940927215328,cltmr,720575940903679779,np_module,5
720575940927215328,cltmr,720575940902703006,cltmr_module,5
720575940927215328,cltmr,720575940940380075,cltmr_module,4
720575940927215328,cltmr,720575940901384751,cltmr_module,4
720575940927215328,cltmr,720575940875116119,np_module,4
720575940927215328,cltmr,720575940883729656,adltmr_module,3
720575940927215328,cltmr,720575940899281090,cltmr_module,3
720575940927215328,cltmr,720575940880839442,adltmr_module,3
720575940927215328,cltmr,720575940894647859,v2,3
720575940927215328,cltmr,720575940890245126,cltmr_module,3
720575940927215328,cltmr,720575940904086480,np_module,3
720575940927215328,cltmr,720575940888793434,noci_module,3
720575940927215328,cltmr,720575940878312571,adltmr_module,2
720575940927215328,cltmr,720575940861450226,cltmr_module,2
720575940927215328,cltmr,720575940922709290,np_module,2
720575940927215328,cltmr,720575940883803384,np_module,2
720575940927215328,cltmr,720575940927248352,adltmr_module,2
720575940927215328,cltmr,720575940937848237,cltmr_module,1
720575940927215328,cltmr,720575940948987670,adltmr_module,1
720575940927215328,cltmr,720575940902634194,v2,1
720575940927215328,cltmr,720575940888731665,p2_noci,1
720575940927215328,cltmr,720575940920027261,v1,1
720575940927215328,cltmr,720575940917852811,r,1
720575940927215328,cltmr,720575940898916857,v2,1
720575940927215328,cltmr,720575940921583379,r,1
720575940927215328,cltmr,720575940899153235,np_module,1
720575940927215328,cltmr,720575940905043670,r,1
720575940927215328,cltmr,720575940891783335,v1,1
720575940927215328,cltmr,720575940908781145,cltmr_module,1
720575940927215328,cltmr,720575940909769176,np_module,1
720575940927215328,cltmr,720575940937894317,v1,1
720575940927215328,cltmr,720575940878955572,v1,1
720575940927215328,cltmr,720575940888799761,r,1
720575940927215328,cltmr,720575940923272236,v2,1
720575940864403212,mrgd,720575940891164342,np_module,21
720575940864403212,mrgd,720575940927109144,np_module,18
720575940864403212,mrgd,720575940893395733,np_module,10
720575940864403212,mrgd,720575940894647347,np_module,6
720575940864403212,mrgd,720575940937857965,r,6
720575940864403212,mrgd,720575940912535686,np_module,5
720575940864403212,mrgd,720575940940380075,cltmr_module,4
720575940864403212,mrgd,720575940922709290,np_module,3
720575940864403212,mrgd,720575940894664404,r,3
720575940864403212,mrgd,720575940904086480,np_module,3
720575940864403212,mrgd,720575940928343548,r,3
720575940864403212,mrgd,720575940875116119,np_module,3
720575940864403212,mrgd,720575940880875929,cltmr_module,2
720575940864403212,mrgd,720575940869481691,np_module,2
720575940864403212,mrgd,720575940941106028,noci_module,2
720575940864403212,mrgd,720575940905043670,r,1
720575940864403212,mrgd,720575940903679779,np_module,1
720575940864403212,mrgd,720575940905042902,r,1
720575940864403212,mrgd,720575940878916148,np_module,1
720575940864403212,mrgd,720575940883803384,np_module,1
720575940864403212,mrgd,720575940922957341,v2,1
720575940864403212,mrgd,720575940920037245,v1,1
720575940864403212,mrgd,720575940889238903,cltmr_module,1
720575940864403212,mrgd,720575940926242958,v2,1
720575940864403212,mrgd,720575940922814762,cltmr_module,1
720575940864403724,mrgd,720575940927109144,np_module,7
720575940864403724,mrgd,720575940894647347,np_module,5
720575940864403724,mrgd,720575940891164342,np_module,5
720575940864403724,mrgd,720575940893395733,np_module,4
720575940864403724,mrgd,720575940928343548,r,4
720575940864403724,mrgd,720575940937857965,r,3
720575940864403724,mrgd,720575940869481691,np_module,2
720575940864403724,mrgd,720575940922709290,np_module,2
720575940864403724,mrgd,720575940912535686,np_module,2
720575940864403724,mrgd,720575940917852811,r,2
720575940864403724,mrgd,720575940875116119,np_module,1
720575940864403724,mrgd,720575940878916148,np_module,1
720575940864403724,mrgd,720575940882672796,v2,1
720575940864403724,mrgd,720575940877146203,v2,1
720575940884728634,mrgd,720575940904086480,np_module,36
720575940884728634,mrgd,720575940903679779,np_module,24
720575940884728634,mrgd,720575940875116119,np_module,19
720575940884728634,mrgd,720575940878916148,np_module,17
720575940884728634,mrgd,720575940893395733,np_module,11
720575940884728634,mrgd,720575940912535686,np_module,10
720575940884728634,mrgd,720575940869443690,np_module,10
720575940884728634,mrgd,720575940888799761,r,8
720575940884728634,mrgd,720575940869481691,np_module,7
720575940884728634,mrgd,720575940922709290,np_module,6
720575940884728634,mrgd,720575940897460886,np_module,6
720575940884728634,mrgd,720575940905043670,r,4
720575940884728634,mrgd,720575940918750769,np_module,4
720575940884728634,mrgd,720575940927109144,np_module,4
720575940884728634,mrgd,720575940888793434,noci_module,3
720575940884728634,mrgd,720575940891164342,np_module,3
720575940884728634,mrgd,720575940928343548,r,3
720575940884728634,mrgd,720575940937857965,r,3
720575940884728634,mrgd,720575940905043926,r,3
720575940884728634,mrgd,720575940905061686,np_module,3
720575940884728634,mrgd,720575940917852811,r,2
720575940884728634,mrgd,720575940899281090,cltmr_module,2
720575940884728634,mrgd,720575940880875929,cltmr_module,2
720575940884728634,mrgd,720575940902629074,r,2
720575940884728634,mrgd,720575940894664404,r,2
720575940884728634,mrgd,720575940919632133,v1,1
720575940884728634,mrgd,720575940909769176,np_module,1
720575940884728634,mrgd,720575940898916857,v2,1
720575940884728634,mrgd,720575940941106028,noci_module,1
720575940884728634,mrgd,720575940889238903,cltmr_module,1
720575940884728634,mrgd,720575940899283650,cltmr_module,1
720575940884728634,mrgd,720575940920037245,v1,1
720575940884728634,mrgd,720575940906210525,cltmr_module,1
720575940884728634,mrgd,720575940917429907,noci_module,1
720575940884728634,mrgd,720575940891185846,v1,1
720575940884728634,mrgd,720575940940380075,cltmr_module,1
720575940884728634,mrgd,720575940909797811,v1,1
720575940884728634,mrgd,720575940905042902,r,1
720575940884728634,mrgd,720575940883803384,np_module,1
720575940886964617,mrgd,720575940893395733,np_module,7
720575940886964617,mrgd,720575940927109144,np_module,6
720575940886964617,mrgd,720575940899153235,np_module,4
720575940886964617,mrgd,720575940871589433,r,4
720575940886964617,mrgd,720575940922709290,np_module,4
720575940886964617,mrgd,720575940908386564,np_module,4
720575940886964617,mrgd,720575940916016480,np_module,2
720575940886964617,mrgd,720575940903370509,np_module,2
720575940886964617,mrgd,720575940897460886,np_module,2
720575940886964617,mrgd,720575940869443690,np_module,2
720575940886964617,mrgd,720575940903415565,r,2
720575940886964617,mrgd,720575940903188925,r,2
720575940886964617,mrgd,720575940894664404,r,1
720575940886964617,mrgd,720575940918316341,cltmr_module,1
720575940886964617,mrgd,720575940919632133,v1,1
720575940886964617,mrgd,720575940914883824,np_module,1
720575940886964617,mrgd,720575940875854397,r,1
720575940886964617,mrgd,720575940928343548,r,1
720575940889728101,mrgd,720575940875116119,np_module,15
720575940889728101,mrgd,720575940904086480,np_module,10
720575940889728101,mrgd,720575940912535686,np_module,9
720575940889728101,mrgd,720575940893395733,np_module,9
720575940889728101,mrgd,720575940918750769,np_module,7
720575940889728101,mrgd,720575940922709290,np_module,7
720575940889728101,mrgd,720575940869481691,np_module,7
720575940889728101,mrgd,720575940909769176,np_module,6
720575940889728101,mrgd,720575940903679779,np_module,5
720575940889728101,mrgd,720575940897460886,np_module,4
720575940889728101,mrgd,720575940888799761,r,4
720575940889728101,mrgd,720575940927109144,np_module,4
720575940889728101,mrgd,720575940869443690,np_module,4
720575940889728101,mrgd,720575940905043670,r,3
720575940889728101,mrgd,720575940905061686,np_module,3
720575940889728101,mrgd,720575940905043926,r,3
720575940889728101,mrgd,720575940888793434,noci_module,3
720575940889728101,mrgd,720575940893177002,cltmr_module,2
720575940889728101,mrgd,720575940878916148,np_module,2
720575940889728101,mrgd,720575940883803384,np_module,2
720575940889728101,mrgd,720575940928343548,r,2
720575940889728101,mrgd,720575940903188925,r,2
720575940889728101,mrgd,720575940927184920,v1,2
720575940889728101,mrgd,720575940899281090,cltmr_module,1
720575940889728101,mrgd,720575940900963269,v2,1
720575940889728101,mrgd,720575940880875929,cltmr_module,1
720575940889728101,mrgd,720575940894664404,r,1
720575940889728101,mrgd,720575940902629074,r,1
720575940889728101,mrgd,720575940899283650,cltmr_module,1
720575940889728101,mrgd,720575940906210525,cltmr_module,1
720575940889728101,mrgd,720575940919632133,v1,1
720575940889728101,mrgd,720575940898916857,v2,1
720575940889728101,mrgd,720575940903370509,np_module,1
720575940889728101,mrgd,720575940890134196,noci_module,1
720575940892615796,mrgd,720575940888799761,r,13
720575940892615796,mrgd,720575940875116119,np_module,13
720575940892615796,mrgd,720575940893395733,np_module,10
720575940892615796,mrgd,720575940904086480,np_module,9
720575940892615796,mrgd,720575940905061686,np_module,7
720575940892615796,mrgd,720575940909769176,np_module,5
720575940892615796,mrgd,720575940903679779,np_module,4
720575940892615796,mrgd,720575940902629074,r,4
720575940892615796,mrgd,720575940869443690,np_module,3
720575940892615796,mrgd,720575940922709290,np_module,3
720575940892615796,mrgd,720575940920456848,r,2
720575940892615796,mrgd,720575940914883824,np_module,2
720575940892615796,mrgd,720575940888793434,noci_module,2
720575940892615796,mrgd,720575940918750769,np_module,2
720575940892615796,mrgd,720575940890134196,noci_module,1
720575940892615796,mrgd,720575940937848237,cltmr_module,1
720575940892615796,mrgd,720575940878916148,np_module,1
720575940892615796,mrgd,720575940905042902,r,1
720575940892615796,mrgd,720575940927184920,v1,1
720575940892615796,mrgd,720575940905043926,r,1
720575940892615796,mrgd,720575940906210525,cltmr_module,1
720575940892615796,mrgd,720575940886853257,adltmr_module,1
720575940892615796,mrgd,720575940909443355,cltmr_module,1
720575940892615796,mrgd,720575940869481691,np_module,1
720575940893386005,mrgd,720575940922709290,np_module,18
720575940893386005,mrgd,720575940893395733,np_module,15
720575940893386005,mrgd,720575940912535686,np_module,9
720575940893386005,mrgd,720575940914883824,np_module,8
720575940893386005,mrgd,720575940927109144,np_module,8
720575940893386005,mrgd,720575940869443690,np_module,7
720575940893386005,mrgd,720575940904086480,np_module,7
720575940893386005,mrgd,720575940903679779,np_module,7
720575940893386005,mrgd,720575940908386564,np_module,7
720575940893386005,mrgd,720575940878916148,np_module,6
720575940893386005,mrgd,720575940899153235,np_module,6
720575940893386005,mrgd,720575940875116119,np_module,4
720575940893386005,mrgd,720575940877501751,np_module,4
720575940893386005,mrgd,720575940937857965,r,3
720575940893386005,mrgd,720575940905043670,r,3
720575940893386005,mrgd,720575940903188925,r,3
720575940893386005,mrgd,720575940916016480,np_module,3
720575940893386005,mrgd,720575940903370509,np_module,3
720575940893386005,mrgd,720575940905042902,r,2
720575940893386005,mrgd,720575940889238903,cltmr_module,2
720575940893386005,mrgd,720575940894664404,r,2
720575940893386005,mrgd,720575940897460886,np_module,2
720575940893386005,mrgd,720575940869481691,np_module,2
720575940893386005,mrgd,720575940894178664,np_module,2
720575940893386005,mrgd,720575940902634194,v2,1
720575940893386005,mrgd,720575940937894317,v1,1
720575940893386005,mrgd,720575940905061686,np_module,1
720575940893386005,mrgd,720575940883803384,np_module,1
720575940893386005,mrgd,720575940920881320,v1,1
720575940893386005,mrgd,720575940895353262,np_module,1
720575940893386005,mrgd,720575940940380075,cltmr_module,1
720575940893386005,mrgd,720575940890962241,r,1
720575940893386005,mrgd,720575940946223236,r,1
720575940893386005,mrgd,720575940917429907,noci_module,1
720575940893386005,mrgd,720575940900033476,v1,1
720575940893386005,mrgd,720575940909769176,np_module,1
720575940893386005,mrgd,720575940921583379,r,1
720575940899256770,mrgd,720575940912535686,np_module,35
720575940899256770,mrgd,720575940927109144,np_module,31
720575940899256770,mrgd,720575940875116119,np_module,24
720575940899256770,mrgd,720575940891164342,np_module,17
720575940899256770,mrgd,720575940903679779,np_module,17
720575940899256770,mrgd,720575940878916148,np_module,13
720575940899256770,mrgd,720575940922709290,np_module,12
720575940899256770,mrgd,720575940869481691,np_module,11
720575940899256770,mrgd,720575940893395733,np_module,11
720575940899256770,mrgd,720575940937857965,r,9
720575940899256770,mrgd,720575940897460886,np_module,8
720575940899256770,mrgd,720575940894647347,np_module,8
720575940899256770,mrgd,720575940904086480,np_module,7
720575940899256770,mrgd,720575940928343548,r,6
720575940899256770,mrgd,720575940903370509,np_module,5
720575940899256770,mrgd,720575940905043670,r,5
720575940899256770,mrgd,720575940880875929,cltmr_module,4
720575940899256770,mrgd,720575940917852811,r,3
720575940899256770,mrgd,720575940877555511,r,3
720575940899256770,mrgd,720575940899281090,cltmr_module,3
720575940899256770,mrgd,720575940869443690,np_module,3
720575940899256770,mrgd,720575940905042902,r,3
720575940899256770,mrgd,720575940940380075,cltmr_module,2
720575940899256770,mrgd,720575940941106028,noci_module,2
720575940899256770,mrgd,720575940909769176,np_module,2
720575940899256770,mrgd,720575940902703006,cltmr_module,1
720575940899256770,mrgd,720575940888799761,r,1
720575940899256770,mrgd,720575940883803384,np_module,1
720575940899256770,mrgd,720575940878956340,cltmr_module,1
720575940899256770,mrgd,720575940889238903,cltmr_module,1
720575940899256770,mrgd,720575940859648663,v1,1
720575940899256770,mrgd,720575940903188925,r,1
720575940899256770,mrgd,720575940894647859,v2,1
720575940899256770,mrgd,720575940878312571,adltmr_module,1
720575940899256770,mrgd,720575940922795818,v1,1
720575940899256770,mrgd,720575940937894317,v1,1
720575940899256770,mrgd,720575940917429907,noci_module,1
720575940901960430,mrgd,720575940905061686,np_module,34
720575940901960430,mrgd,720575940875116119,np_module,30
720575940901960430,mrgd,720575940909769176,np_module,25
720575940901960430,mrgd,720575940893395733,np_module,19
720575940901960430,mrgd,720575940904086480,np_module,17
720575940901960430,mrgd,720575940869443690,np_module,15
720575940901960430,mrgd,720575940902629074,r,11
720575940901960430,mrgd,720575940888799761,r,11
720575940901960430,mrgd,720575940918750769,np_module,8
720575940901960430,mrgd,720575940888793434,noci_module,5
720575940901960430,mrgd,720575940922709290,np_module,5
720575940901960430,mrgd,720575940897460886,np_module,4
720575940901960430,mrgd,720575940883803384,np_module,3
720575940901960430,mrgd,720575940927109144,np_module,3
720575940901960430,mrgd,720575940905043670,r,2
720575940901960430,mrgd,720575940903679779,np_module,2
720575940901960430,mrgd,720575940905043926,r,2
720575940901960430,mrgd,720575940894664404,r,2
720575940901960430,mrgd,720575940908386564,np_module,2
720575940901960430,mrgd,720575940890134196,noci_module,2
720575940901960430,mrgd,720575940898916857,v2,2
720575940901960430,mrgd,720575940916016480,np_module,1
720575940901960430,mrgd,720575940920456848,r,1
720575940901960430,mrgd,720575940922957341,v2,1
720575940901960430,mrgd,720575940892205566,v1,1
720575940901960430,mrgd,720575940927184920,v1,1
720575940901960430,mrgd,720575940905042902,r,1
720575940901960430,mrgd,720575940875854397,r,1
720575940901960430,mrgd,720575940889238903,cltmr_module,1
720575940901960430,mrgd,720575940861447666,v2,1
720575940901960430,mrgd,720575940910295881,r,1
720575940901960430,mrgd,720575940899153235,np_module,1
720575940901960430,mrgd,720575940900956101,cltmr_module,1
720575940901960430,mrgd,720575940903188925,r,1
720575940901960430,mrgd,720575940919632133,v1,1
720575940901960430,mrgd,720575940893177002,cltmr_module,1
720575940901960430,mrgd,720575940963340820,p2_noci,1
720575940901960430,mrgd,720575940891185846,v1,1
720575940901960430,mrgd,720575940880875929,cltmr_module,1
720575940911411305,mrgd,720575940893395733,np_module,9
720575940911411305,mrgd,720575940899153235,np_module,7
720575940911411305,mrgd,720575940869443690,np_module,4
720575940911411305,mrgd,720575940908386564,np_module,4
720575940911411305,mrgd,720575940927109144,np_module,3
720575940911411305,mrgd,720575940871589433,r,2
720575940911411305,mrgd,720575940903370509,np_module,2
720575940911411305,mrgd,720575940916016480,np_module,2
720575940911411305,mrgd,720575940891783335,v1,1
720575940915217983,mrgd,720575940927109144,np_module,12
720575940915217983,mrgd,720575940869481691,np_module,7
720575940915217983,mrgd,720575940891164342,np_module,5
720575940915217983,mrgd,720575940941106028,noci_module,5
720575940915217983,mrgd,720575940894647347,np_module,4
720575940915217983,mrgd,720575940899281090,cltmr_module,3
720575940915217983,mrgd,720575940875116119,np_module,3
720575940915217983,mrgd,720575940928343548,r,3
720575940915217983,mrgd,720575940903679779,np_module,2
720575940915217983,mrgd,720575940893395733,np_module,2
720575940915217983,mrgd,720575940889238903,cltmr_module,2
720575940915217983,mrgd,720575940912535686,np_module,2
720575940915217983,mrgd,720575940920456848,r,1
720575940915217983,mrgd,720575940869443690,np_module,1
720575940915217983,mrgd,720575940880875929,cltmr_module,1
720575940915217983,mrgd,720575940917852811,r,1
720575940915217983,mrgd,720575940878916148,np_module,1
720575940915217983,mrgd,720575940888793434,noci_module,1
720575940915217983,mrgd,720575940922709290,np_module,1
720575940915217983,mrgd,720575940900033476,v1,1
720575940915531157,mrgd,720575940894647347,np_module,7
720575940915531157,mrgd,720575940914883824,np_module,7
720575940915531157,mrgd,720575940869443690,np_module,7
720575940915531157,mrgd,720575940922709290,np_module,5
720575940915531157,mrgd,720575940891164342,np_module,5
720575940915531157,mrgd,720575940927109144,np_module,5
720575940915531157,mrgd,720575940909769176,np_module,4
720575940915531157,mrgd,720575940893395733,np_module,3
720575940915531157,mrgd,720575940904086480,np_module,3
720575940915531157,mrgd,720575940903188925,r,3
720575940915531157,mrgd,720575940912535686,np_module,2
720575940915531157,mrgd,720575940897460886,np_module,2
720575940915531157,mrgd,720575940894664404,r,2
720575940915531157,mrgd,720575940878916148,np_module,1
720575940915531157,mrgd,720575940903370509,np_module,1
720575940915531157,mrgd,720575940894178664,np_module,1
720575940915531157,mrgd,720575940869481691,np_module,1
720575940915531157,mrgd,720575940903679779,np_module,1
720575940915531157,mrgd,720575940899281090,cltmr_module,1
720575940915531157,mrgd,720575940917852811,r,1
720575940915531157,mrgd,720575940928343548,r,1
720575940915531157,mrgd,720575940880875929,cltmr_module,1
720575940915531157,mrgd,720575940889924328,v2,1
720575940915531157,mrgd,720575940946223236,r,1
720575940915684544,mrgd,720575940899153235,np_module,29
720575940915684544,mrgd,720575940908386564,np_module,21
720575940915684544,mrgd,720575940869443690,np_module,16
720575940915684544,mrgd,720575940893395733,np_module,13
720575940915684544,mrgd,720575940914883824,np_module,7
720575940915684544,mrgd,720575940927109144,np_module,6
720575940915684544,mrgd,720575940916016480,np_module,5
720575940915684544,mrgd,720575940871589433,r,4
720575940915684544,mrgd,720575940903370509,np_module,4
720575940915684544,mrgd,720575940897460886,np_module,3
720575940915684544,mrgd,720575940921583379,r,3
720575940915684544,mrgd,720575940918316341,cltmr_module,2
720575940915684544,mrgd,720575940883803384,np_module,1
720575940915684544,mrgd,720575940875854397,r,1
720575940915684544,mrgd,720575940905061686,np_module,1
720575940915684544,mrgd,720575940890134196,noci_module,1
720575940915684544,mrgd,720575940888793434,noci_module,1
720575940915684544,mrgd,720575940891783335,v1,1
720575940915684544,mrgd,720575940903188925,r,1
720575940915684544,mrgd,720575940908782425,r,1
720575940915967584,mrgd,720575940904086480,np_module,49
720575940915967584,mrgd,720575940875116119,np_module,30
720575940915967584,mrgd,720575940909769176,np_module,27
720575940915967584,mrgd,720575940893395733,np_module,26
720575940915967584,mrgd,720575940905061686,np_module,26
720575940915967584,mrgd,720575940869443690,np_module,22
720575940915967584,mrgd,720575940888799761,r,15
720575940915967584,mrgd,720575940905043926,r,9
720575940915967584,mrgd,720575940897460886,np_module,8
720575940915967584,mrgd,720575940888793434,noci_module,8
720575940915967584,mrgd,720575940918750769,np_module,7
720575940915967584,mrgd,720575940893177002,cltmr_module,7
720575940915967584,mrgd,720575940902629074,r,7
720575940915967584,mrgd,720575940927109144,np_module,6
720575940915967584,mrgd,720575940922709290,np_module,4
720575940915967584,mrgd,720575940903188925,r,4
720575940915967584,mrgd,720575940883803384,np_module,4
720575940915967584,mrgd,720575940903679779,np_module,3
720575940915967584,mrgd,720575940905042902,r,3
720575940915967584,mrgd,720575940894664404,r,3
720575940915967584,mrgd,720575940914883824,np_module,2
720575940915967584,mrgd,720575940919632133,v1,2
720575940915967584,mrgd,720575940917429907,noci_module,2
720575940915967584,mrgd,720575940921583379,r,2
720575940915967584,mrgd,720575940880875929,cltmr_module,2
720575940915967584,mrgd,720575940890134196,noci_module,2
720575940915967584,mrgd,720575940898916857,v2,2
720575940915967584,mrgd,720575940869481691,np_module,1
720575940915967584,mrgd,720575940900033476,v1,1
720575940915967584,mrgd,720575940909443355,cltmr_module,1
720575940915967584,mrgd,720575940916016480,np_module,1
720575940915967584,mrgd,720575940920932008,noci_module,1
720575940915967584,mrgd,720575940886853257,adltmr_module,1
720575940915967584,mrgd,720575940906210525,cltmr_module,1
720575940915967584,mrgd,720575940883198679,v2,1
720575940915967584,mrgd,720575940902634194,v2,1
720575940920833705,mrgd,720575940869443690,np_module,33
720575940920833705,mrgd,720575940893395733,np_module,30
720575940920833705,mrgd,720575940908386564,np_module,27
720575940920833705,mrgd,720575940899153235,np_module,27
720575940920833705,mrgd,720575940927109144,np_module,14
720575940920833705,mrgd,720575940914883824,np_module,11
720575940920833705,mrgd,720575940871589433,r,11
720575940920833705,mrgd,720575940897460886,np_module,6
720575940920833705,mrgd,720575940875854397,r,5
720575940920833705,mrgd,720575940903370509,np_module,4
720575940920833705,mrgd,720575940922709290,np_module,4
720575940920833705,mrgd,720575940909769176,np_module,4
720575940920833705,mrgd,720575940883803384,np_module,4
720575940920833705,mrgd,720575940903679779,np_module,3
720575940920833705,mrgd,720575940908782425,r,3
720575940920833705,mrgd,720575940918316341,cltmr_module,2
720575940920833705,mrgd,720575940888793434,noci_module,2
720575940920833705,mrgd,720575940894664404,r,2
720575940920833705,mrgd,720575940903415565,r,2
720575940920833705,mrgd,720575940905043926,r,2
720575940920833705,mrgd,720575940921583379,r,2
720575940920833705,mrgd,720575940900033476,v1,1
720575940920833705,mrgd,720575940888799761,r,1
720575940920833705,mrgd,720575940909393947,np_module,1
720575940920833705,mrgd,720575940919632133,v1,1
720575940920833705,mrgd,720575940916016480,np_module,1
720575940920833705,mrgd,720575940894116163,v2,1
720575940920833705,mrgd,720575940917429907,noci_module,1
720575940920833705,mrgd,720575940890134196,noci_module,1
720575940920833705,mrgd,720575940899433517,v1,1
720575940921986112,mrgd,720575940909769176,np_module,46
720575940921986112,mrgd,720575940904086480,np_module,42
720575940921986112,mrgd,720575940893395733,np_module,28
720575940921986112,mrgd,720575940869443690,np_module,27
720575940921986112,mrgd,720575940927109144,np_module,18
720575940921986112,mrgd,720575940922709290,np_module,15
720575940921986112,mrgd,720575940914883824,np_module,13
720575940921986112,mrgd,720575940875116119,np_module,13
720575940921986112,mrgd,720575940905061686,np_module,13
720575940921986112,mrgd,720575940869481691,np_module,10
720575940921986112,mrgd,720575940903679779,np_module,9
720575940921986112,mrgd,720575940897460886,np_module,9
720575940921986112,mrgd,720575940888793434,noci_module,7
720575940921986112,mrgd,720575940918750769,np_module,6
720575940921986112,mrgd,720575940888799761,r,6
720575940921986112,mrgd,720575940916016480,np_module,5
720575940921986112,mrgd,720575940908386564,np_module,4
720575940921986112,mrgd,720575940883803384,np_module,4
720575940921986112,mrgd,720575940894664404,r,4
720575940921986112,mrgd,720575940899153235,np_module,4
720575940921986112,mrgd,720575940912535686,np_module,4
720575940921986112,mrgd,720575940880875929,cltmr_module,4
720575940921986112,mrgd,720575940905043926,r,3
720575940921986112,mrgd,720575940902629074,r,3
720575940921986112,mrgd,720575940905043670,r,3
720575940921986112,mrgd,720575940903188925,r,3
720575940921986112,mrgd,720575940919632133,v1,3
720575940921986112,mrgd,720575940921583379,r,2
720575940921986112,mrgd,720575940894647347,np_module,2
720575940921986112,mrgd,720575940937894317,v1,2
720575940921986112,mrgd,720575940927184920,v1,2
720575940921986112,mrgd,720575940878916148,np_module,2
720575940921986112,mrgd,720575940871589433,r,2
720575940921986112,mrgd,720575940937857965,r,1
720575940921986112,mrgd,720575940928343548,r,1
720575940921986112,mrgd,720575940927244256,v1,1
720575940921986112,mrgd,720575940878956340,cltmr_module,1
720575940921986112,mrgd,720575940906210525,cltmr_module,1
720575940921986112,mrgd,720575940900033476,v1,1
720575940921986112,mrgd,720575940875854397,r,1
720575940921986112,mrgd,720575940890134196,noci_module,1
720575940921986112,mrgd,720575940899283650,cltmr_module,1
720575940921986112,mrgd,720575940893177002,cltmr_module,1
720575940921986112,mrgd,720575940908782425,r,1
720575940921986112,mrgd,720575940903415565,r,1
720575940927208416,mrgd,720575940927109144,np_module,50
720575940927208416,mrgd,720575940914883824,np_module,48
720575940927208416,mrgd,720575940893395733,np_module,27
720575940927208416,mrgd,720575940903370509,np_module,23
720575940927208416,mrgd,720575940922709290,np_module,15
720575940927208416,mrgd,720575940869443690,np_module,14
720575940927208416,mrgd,720575940899153235,np_module,13
720575940927208416,mrgd,720575940908386564,np_module,10
720575940927208416,mrgd,720575940894178664,np_module,10
720575940927208416,mrgd,720575940916016480,np_module,9
720575940927208416,mrgd,720575940891164342,np_module,9
720575940927208416,mrgd,720575940903415565,r,8
720575940927208416,mrgd,720575940903679779,np_module,8
720575940927208416,mrgd,720575940877501751,np_module,7
720575940927208416,mrgd,720575940871589433,r,6
720575940927208416,mrgd,720575940875854397,r,6
720575940927208416,mrgd,720575940903188925,r,5
720575940927208416,mrgd,720575940895353262,np_module,4
720575940927208416,mrgd,720575940894647347,np_module,4
720575940927208416,mrgd,720575940892205566,v1,4
720575940927208416,mrgd,720575940883201751,r,4
720575940927208416,mrgd,720575940890962241,r,4
720575940927208416,mrgd,720575940900033476,v1,3
720575940927208416,mrgd,720575940912535686,np_module,3
720575940927208416,mrgd,720575940894647859,v2,2
720575940927208416,mrgd,720575940946223236,r,2
720575940927208416,mrgd,720575940901384751,cltmr_module,2
720575940927208416,mrgd,720575940894664404,r,2
720575940927208416,mrgd,720575940894116163,v2,2
720575940927208416,mrgd,720575940908782425,r,2
720575940927208416,mrgd,720575940909769176,np_module,1
720575940927208416,mrgd,720575940926242958,v2,1
720575940927208416,mrgd,720575940896736698,np_module,1
720575940927208416,mrgd,720575940919632133,v1,1
720575940927208416,mrgd,720575940884057772,r,1
720575940927208416,mrgd,720575940937862061,adltmr_module,1
720575940927208416,mrgd,720575940922795818,v1,1
720575940927208416,mrgd,720575940883803384,np_module,1
720575940927208416,mrgd,720575940903751971,v2,1
720575940927208416,mrgd,720575940922957341,v2,1
720575940927208416,mrgd,720575940921583379,r,1
720575940941089388,mrgd,720575940904086480,np_module,50
720575940941089388,mrgd,720575940903679779,np_module,42
720575940941089388,mrgd,720575940912535686,np_module,37
720575940941089388,mrgd,720575940875116119,np_module,36
720575940941089388,mrgd,720575940927109144,np_module,32
720575940941089388,mrgd,720575940922709290,np_module,32
720575940941089388,mrgd,720575940893395733,np_module,27
720575940941089388,mrgd,720575940894647347,np_module,21
720575940941089388,mrgd,720575940878916148,np_module,19
720575940941089388,mrgd,720575940869481691,np_module,18
720575940941089388,mrgd,720575940891164342,np_module,17
720575940941089388,mrgd,720575940869443690,np_module,15
720575940941089388,mrgd,720575940909769176,np_module,14
720575940941089388,mrgd,720575940880875929,cltmr_module,11
720575940941089388,mrgd,720575940937857965,r,9
720575940941089388,mrgd,720575940905043670,r,9
720575940941089388,mrgd,720575940914883824,np_module,8
720575940941089388,mrgd,720575940917852811,r,8
720575940941089388,mrgd,720575940941106028,noci_module,7
720575940941089388,mrgd,720575940905042902,r,5
720575940941089388,mrgd,720575940888799761,r,5
720575940941089388,mrgd,720575940897460886,np_module,5
720575940941089388,mrgd,720575940894664404,r,5
720575940941089388,mrgd,720575940905043926,r,4
720575940941089388,mrgd,720575940877555511,r,4
720575940941089388,mrgd,720575940883803384,np_module,3
720575940941089388,mrgd,720575940940380075,cltmr_module,3
720575940941089388,mrgd,720575940928343548,r,3
720575940941089388,mrgd,720575940899281090,cltmr_module,2
720575940941089388,mrgd,720575940888793434,noci_module,2
720575940941089388,mrgd,720575940918750769,np_module,2
720575940941089388,mrgd,720575940908386564,np_module,1
720575940941089388,mrgd,720575940859648663,v1,1
720575940941089388,mrgd,720575940877501751,np_module,1
720575940941089388,mrgd,720575940922957341,v2,1
720575940941089388,mrgd,720575940889238903,cltmr_module,1
720575940941089388,mrgd,720575940878956340,cltmr_module,1
720575940941089388,mrgd,720575940891181902,cltmr_module,1
720575940941089388,mrgd,720575940894178664,np_module,1
720575940941089388,mrgd,720575940903370509,np_module,1
720575940941089388,mrgd,720575940919632133,v1,1
720575940941089388,mrgd,720575940916016480,np_module,1
720575940941089388,mrgd,720575940903415565,r,1
720575940941089388,mrgd,720575940899283650,cltmr_module,1
720575940941089388,mrgd,720575940903188925,r,1
720575940941089388,mrgd,720575940917429907,noci_module,1
720575940941089388,mrgd,720575940937894317,v1,1
720575940882061434,sst,720575940869481691,np_module,29
720575940882061434,sst,720575940877555511,r,27
720575940882061434,sst,720575940941106028,noci_module,15
720575940882061434,sst,720575940917852811,r,15
720575940882061434,sst,720575940928343548,r,10
720575940882061434,sst,720575940937857965,r,9
720575940882061434,sst,720575940905043670,r,8
720575940882061434,sst,720575940905042902,r,7
720575940882061434,sst,720575940912535686,np_module,7
720575940882061434,sst,720575940878916148,np_module,4
720575940882061434,sst,720575940903415565,r,4
720575940882061434,sst,720575940903188925,r,4
720575940882061434,sst,720575940894664404,r,2
720575940882061434,sst,720575940888793434,noci_module,2
720575940882061434,sst,720575940910295881,r,2
720575940882061434,sst,720575940920456848,r,2
720575940882061434,sst,720575940909769176,np_module,1
720575940882061434,sst,720575940912929024,cltmr_module,1
720575940882061434,sst,720575940888799761,r,1
720575940882061434,sst,720575940897460886,np_module,1
720575940882128356,sst,720575940869481691,np_module,7
720575940882128356,sst,720575940905042902,r,6
720575940882128356,sst,720575940917852811,r,6
720575940882128356,sst,720575940894647347,np_module,6
720575940882128356,sst,720575940877555511,r,4
720575940882128356,sst,720575940928343548,r,4
720575940882128356,sst,720575940903188925,r,3
720575940882128356,sst,720575940903415565,r,3
720575940882128356,sst,720575940912535686,np_module,3
720575940882128356,sst,720575940937857965,r,2
720575940882128356,sst,720575940921583379,r,2
720575940882128356,sst,720575940905043670,r,1
720575940882128356,sst,720575940946223236,r,1
720575940882128356,sst,720575940920037245,v1,1
720575940882155492,sst,720575940908782425,r,22
720575940882155492,sst,720575940883201751,r,18
720575940882155492,sst,720575940890962241,r,14
720575940882155492,sst,720575940920080765,r,12
720575940882155492,sst,720575940877501751,np_module,12
720575940882155492,sst,720575940875854397,r,11
720575940882155492,sst,720575940894178664,np_module,9
720575940882155492,sst,720575940899282056,noci_module,9
720575940882155492,sst,720575940909393947,np_module,8
720575940882155492,sst,720575940895353262,np_module,6
720575940882155492,sst,720575940903415565,r,5
720575940882155492,sst,720575940884057772,r,3
720575940882155492,sst,720575940890107704,v2,2
720575940882155492,sst,720575940898432765,p2_noci,1
720575940882155492,sst,720575940903188925,r,1
720575940882155492,sst,720575940881974650,p2_poly,1
720575940882155492,sst,720575940905042902,r,1
720575940882155492,sst,720575940946223236,r,1
720575940882155492,sst,720575940939715909,v2,1
720575940882155492,sst,720575940896736698,np_module,1
720575940882155492,sst,720575940916016480,np_module,1
720575940883866908,sst,720575940903188925,r,19
720575940883866908,sst,720575940875854397,r,19
720575940883866908,sst,720575940871589433,r,15
720575940883866908,sst,720575940894664404,r,11
720575940883866908,sst,720575940921583379,r,9
720575940883866908,sst,720575940918750769,np_module,7
720575940883866908,sst,720575940909769176,np_module,7
720575940883866908,sst,720575940883803384,np_module,6
720575940883866908,sst,720575940922709290,np_module,5
720575940883866908,sst,720575940905043926,r,5
720575940883866908,sst,720575940908782425,r,4
720575940883866908,sst,720575940888793434,noci_module,3
720575940883866908,sst,720575940903415565,r,3
720575940883866908,sst,720575940917429907,noci_module,2
720575940883866908,sst,720575940905042902,r,2
720575940883866908,sst,720575940883201751,r,2
720575940883866908,sst,720575940913491825,p2_poly,2
720575940883866908,sst,720575940897460886,np_module,1
720575940883866908,sst,720575940899153235,np_module,1
720575940883866908,sst,720575940884057772,r,1
720575940883866908,sst,720575940946223236,r,1
720575940884108031,sst,720575940946223236,r,56
720575940884108031,sst,720575940903415565,r,38
720575940884108031,sst,720575940918750769,np_module,27
720575940884108031,sst,720575940894178664,np_module,23
720575940884108031,sst,720575940875854397,r,17
720575940884108031,sst,720575940908782425,r,15
720575940884108031,sst,720575940877501751,np_module,13
720575940884108031,sst,720575940894647347,np_module,11
720575940884108031,sst,720575940894664404,r,11
720575940884108031,sst,720575940921583379,r,8
720575940884108031,sst,720575940903188925,r,8
720575940884108031,sst,720575940895353262,np_module,7
720575940884108031,sst,720575940916016480,np_module,5
720575940884108031,sst,720575940890962241,r,5
720575940884108031,sst,720575940899282056,noci_module,5
720575940884108031,sst,720575940883803384,np_module,4
720575940884108031,sst,720575940917852811,r,4
720575940884108031,sst,720575940878916148,np_module,4
720575940884108031,sst,720575940897460886,np_module,4
720575940884108031,sst,720575940922709290,np_module,4
720575940884108031,sst,720575940905042902,r,3
720575940884108031,sst,720575940920080765,r,3
720575940884108031,sst,720575940883201751,r,3
720575940884108031,sst,720575940941106028,noci_module,2
720575940884108031,sst,720575940909769176,np_module,2
720575940884108031,sst,720575940937857965,r,2
720575940884108031,sst,720575940917429907,noci_module,1
720575940884108031,sst,720575940909430811,noci_module,1
720575940884108031,sst,720575940896736698,np_module,1
720575940884108031,sst,720575940869481691,np_module,1
720575940884108031,sst,720575940875116119,np_module,1
720575940884108031,sst,720575940928343548,r,1
720575940884108031,sst,720575940905043926,r,1
720575940884108031,sst,720575940885432678,v2,1
720575940884108031,sst,720575940922949405,noci_module,1
720575940884108031,sst,720575940890245126,cltmr_module,1
720575940884108031,sst,720575940890107704,v2,1
720575940884108031,sst,720575940902629074,r,1
720575940884108031,sst,720575940888793434,noci_module,1
720575940884976331,sst,720575940878916148,np_module,9
720575940884976331,sst,720575940941106028,noci_module,7
720575940884976331,sst,720575940928343548,r,5
720575940884976331,sst,720575940937857965,r,5
720575940884976331,sst,720575940912535686,np_module,4
720575940884976331,sst,720575940877555511,r,4
720575940884976331,sst,720575940869481691,np_module,4
720575940884976331,sst,720575940905043670,r,3
720575940884976331,sst,720575940917852811,r,2
720575940884976331,sst,720575940877501751,np_module,1
720575940884976331,sst,720575940889238903,cltmr_module,1
720575940884976331,sst,720575940894662868,v2,1
720575940887705416,sst,720575940869481691,np_module,9
720575940887705416,sst,720575940941106028,noci_module,8
720575940887705416,sst,720575940928343548,r,7
720575940887705416,sst,720575940877555511,r,4
720575940887705416,sst,720575940937857965,r,4
720575940887705416,sst,720575940894664404,r,3
720575940887705416,sst,720575940875854397,r,2
720575940887705416,sst,720575940903188925,r,1
720575940887705416,sst,720575940946223236,r,1
720575940887705416,sst,720575940894647347,np_module,1
720575940887705416,sst,720575940917852811,r,1
720575940887705416,sst,720575940905043670,r,1
720575940887705416,sst,720575940899282056,noci_module,1
720575940887705416,sst,720575940912535686,np_module,1
720575940887705416,sst,720575940920456848,r,1
720575940891751079,sst,720575940905043926,r,34
720575940891751079,sst,720575940918750769,np_module,24
720575940891751079,sst,720575940921583379,r,17
720575940891751079,sst,720575940888799761,r,16
720575940891751079,sst,720575940905042902,r,13
720575940891751079,sst,720575940909769176,np_module,10
720575940891751079,sst,720575940871589433,r,9
720575940891751079,sst,720575940897460886,np_module,9
720575940891751079,sst,720575940894664404,r,8
720575940891751079,sst,720575940888793434,noci_module,8
720575940891751079,sst,720575940908782425,r,8
720575940891751079,sst,720575940875854397,r,5
720575940891751079,sst,720575940914883824,np_module,4
720575940891751079,sst,720575940905043670,r,4
720575940891751079,sst,720575940903188925,r,4
720575940891751079,sst,720575940890107704,v2,3
720575940891751079,sst,720575940922949405,noci_module,3
720575940891751079,sst,720575940920080765,r,2
720575940891751079,sst,720575940890245126,cltmr_module,2
720575940891751079,sst,720575940905061686,np_module,1
720575940891751079,sst,720575940883803384,np_module,1
720575940891751079,sst,720575940875116119,np_module,1
720575940891751079,sst,720575940893395733,np_module,1
720575940891751079,sst,720575940922709290,np_module,1
720575940891751079,sst,720575940899153235,np_module,1
720575940891751079,sst,720575940946223236,r,1
720575940891751079,sst,720575940869481691,np_module,1
720575940891751079,sst,720575940916016480,np_module,1
720575940891751079,sst,720575940869443690,np_module,1
720575940893774059,sst,720575940928343548,r,9
720575940893774059,sst,720575940941106028,noci_module,6
720575940893774059,sst,720575940869481691,np_module,6
720575940893774059,sst,720575940877555511,r,5
720575940893774059,sst,720575940920456848,r,4
720575940893774059,sst,720575940922709290,np_module,3
720575940893774059,sst,720575940894664404,r,2
720575940893774059,sst,720575940883803384,np_module,2
720575940893774059,sst,720575940905042902,r,2
720575940893774059,sst,720575940905043670,r,2
720575940893774059,sst,720575940918750769,np_module,1
720575940893774059,sst,720575940883201751,r,1
720575940893774059,sst,720575940946223236,r,1
720575940893774059,sst,720575940937857965,r,1
720575940893774059,sst,720575940917852811,r,1
720575940895267018,sst,720575940869481691,np_module,23
720575940895267018,sst,720575940905043670,r,20
720575940895267018,sst,720575940937857965,r,18
720575940895267018,sst,720575940917852811,r,12
720575940895267018,sst,720575940905042902,r,12
720575940895267018,sst,720575940894664404,r,12
720575940895267018,sst,720575940941106028,noci_module,8
720575940895267018,sst,720575940877555511,r,4
720575940895267018,sst,720575940928343548,r,3
720575940895267018,sst,720575940878916148,np_module,3
720575940895267018,sst,720575940918750769,np_module,3
720575940895267018,sst,720575940922709290,np_module,2
720575940895267018,sst,720575940903188925,r,2
720575940895267018,sst,720575940920456848,r,2
720575940895267018,sst,720575940897460886,np_module,2
720575940895267018,sst,720575940903679779,np_module,1
720575940895267018,sst,720575940909769176,np_module,1
720575940895267018,sst,720575940913491825,p2_poly,1
720575940895267018,sst,720575940888799761,r,1
720575940895267018,sst,720575940899281090,cltmr_module,1
720575940900233186,sst,720575940920080765,r,31
720575940900233186,sst,720575940909393947,np_module,16
720575940900233186,sst,720575940890962241,r,8
720575940900233186,sst,720575940884057772,r,6
720575940900233186,sst,720575940883201751,r,6
720575940900233186,sst,720575940877501751,np_module,4
720575940900233186,sst,720575940896736698,np_module,3
720575940900233186,sst,720575940908782425,r,3
720575940900233186,sst,720575940875854397,r,2
720575940900233186,sst,720575940880850833,p2_noci,2
720575940900233186,sst,720575940921583379,r,1
720575940900233186,sst,720575940937894317,v1,1
720575940900233186,sst,720575940916016480,np_module,1
720575940900233186,sst,720575940927244768,v1,1
720575940900233186,sst,720575940922949405,noci_module,1
720575940900233186,sst,720575940890939713,p2_noci,1
720575940900233186,sst,720575940888731665,p2_noci,1
720575940900233186,sst,720575940899282056,noci_module,1
720575940900234978,sst,720575940861447666,v2,6
720575940900234978,sst,720575940923272236,v2,3
720575940900234978,sst,720575940910295881,r,3
720575940900234978,sst,720575940875116119,np_module,2
720575940900234978,sst,720575940878978356,cltmr_module,1
720575940905081398,sst,720575940883201751,r,52
720575940905081398,sst,720575940877501751,np_module,24
720575940905081398,sst,720575940894178664,np_module,23
720575940905081398,sst,720575940895353262,np_module,17
720575940905081398,sst,720575940908782425,r,11
720575940905081398,sst,720575940875854397,r,10
720575940905081398,sst,720575940899282056,noci_module,8
720575940905081398,sst,720575940890962241,r,6
720575940905081398,sst,720575940903415565,r,4
720575940905081398,sst,720575940909393947,np_module,4
720575940905081398,sst,720575940920080765,r,4
720575940905081398,sst,720575940894647347,np_module,4
720575940905081398,sst,720575940946223236,r,4
720575940905081398,sst,720575940896736698,np_module,2
720575940905081398,sst,720575940917429907,noci_module,1
720575940905081398,sst,720575940918750769,np_module,1
720575940905081398,sst,720575940916016480,np_module,1
720575940905081398,sst,720575940898821041,p2_noci,1
720575940911489471,sst,720575940920456848,r,33
720575940911489471,sst,720575940910295881,r,25
720575940911489471,sst,720575940877555511,r,5
720575940911489471,sst,720575940923272236,v2,3
720575940911489471,sst,720575940899281090,cltmr_module,2
720575940911489471,sst,720575940902629074,r,2
720575940911489471,sst,720575940878978356,cltmr_module,2
720575940911489471,sst,720575940888731665,p2_noci,1
720575940911489471,sst,720575940912535686,np_module,1
720575940911489471,sst,720575940937857965,r,1
720575940911489471,sst,720575940941106028,noci_module,1
720575940911489471,sst,720575940897460886,np_module,1
720575940911489471,sst,720575940917852811,r,1
720575940911489471,sst,720575940888799761,r,1
720575940911489471,sst,720575940883197911,cltmr_module,1
720575940911489471,sst,720575940883803384,np_module,1
720575940911489471,sst,720575940869443690,np_module,1
720575940911489471,sst,720575940875116119,np_module,1
720575940911489471,sst,720575940909769176,np_module,1
720575940911489471,sst,720575940918750769,np_module,1
720575940911489471,sst,720575940869481691,np_module,1
720575940918775345,sst,720575940888799761,r,15
720575940918775345,sst,720575940905043670,r,12
720575940918775345,sst,720575940905042902,r,11
720575940918775345,sst,720575940918750769,np_module,10
720575940918775345,sst,720575940920456848,r,8
720575940918775345,sst,720575940921583379,r,7
720575940918775345,sst,720575940910295881,r,6
720575940918775345,sst,720575940869481691,np_module,4
720575940918775345,sst,720575940897460886,np_module,4
720575940918775345,sst,720575940903188925,r,3
720575940918775345,sst,720575940902629074,r,3
720575940918775345,sst,720575940877555511,r,3
720575940918775345,sst,720575940905043926,r,3
720575940918775345,sst,720575940946223236,r,3
720575940918775345,sst,720575940917852811,r,3
720575940918775345,sst,720575940903415565,r,3
720575940918775345,sst,720575940875854397,r,3
720575940918775345,sst,720575940894664404,r,2
720575940918775345,sst,720575940871589433,r,2
720575940918775345,sst,720575940912535686,np_module,2
720575940918775345,sst,720575940922709290,np_module,2
720575940918775345,sst,720575940875116119,np_module,2
720575940918775345,sst,720575940923272236,v2,2
720575940918775345,sst,720575940904086480,np_module,2
720575940918775345,sst,720575940909430811,noci_module,1
720575940918775345,sst,720575940883198679,v2,1
720575940918775345,sst,720575940909769176,np_module,1
720575940918775345,sst,720575940937857965,r,1
720575940918775345,sst,720575940883803384,np_module,1
720575940918775345,sst,720575940914883824,np_module,1
720575940918775345,sst,720575940884939979,p2_noci,1
720575940918775345,sst,720575940908782425,r,1
720575940918775345,sst,720575940893395733,np_module,1
720575940918775345,sst,720575940916016480,np_module,1
720575940918775345,sst,720575940905061686,np_module,1
720575940918775345,sst,720575940899281090,cltmr_module,1
720575940920062581,sst,720575940871589433,r,16
720575940920062581,sst,720575940875854397,r,11
720575940920062581,sst,720575940921583379,r,7
720575940920062581,sst,720575940883803384,np_module,3
720575940920062581,sst,720575940903188925,r,3
720575940920062581,sst,720575940916016480,np_module,3
720575940920062581,sst,720575940888793434,noci_module,2
720575940920062581,sst,720575940897460886,np_module,2
720575940920062581,sst,720575940884057772,r,2
720575940920062581,sst,720575940918750769,np_module,2
720575940920062581,sst,720575940905061686,np_module,1
720575940920062581,sst,720575940899153235,np_module,1
720575940920062581,sst,720575940908782425,r,1
720575940920062581,sst,720575940894664404,r,1
720575940927216096,sst,720575940920456848,r,6
720575940927216096,sst,720575940941106028,noci_module,5
720575940927216096,sst,720575940877555511,r,4
720575940927216096,sst,720575940905042902,r,3
720575940927216096,sst,720575940905043926,r,2
720575940927216096,sst,720575940888799761,r,1
720575940927216096,sst,720575940878955572,v1,1
720575940927216096,sst,720575940894116163,v2,1
720575940927216096,sst,720575940939715909,v2,1
720575940927216096,sst,720575940920932008,noci_module,1
720575940930873976,sst,720575940869481691,np_module,14
720575940930873976,sst,720575940917852811,r,13
720575940930873976,sst,720575940878916148,np_module,10
720575940930873976,sst,720575940928343548,r,9
720575940930873976,sst,720575940905043670,r,7
720575940930873976,sst,720575940877555511,r,5
720575940930873976,sst,720575940937857965,r,4
720575940930873976,sst,720575940905042902,r,3
720575940930873976,sst,720575940941106028,noci_module,2
720575940930873976,sst,720575940912535686,np_module,2
720575940930873976,sst,720575940905043926,r,1
720575940930873976,sst,720575940922709290,np_module,1
