tag,pre_root_id,post_root_id,n_synapses,kind,sensory_like,post_output_n,post_input_n
islet-adltmr,720575940847595117,720575940899520448,11,axon_pre,False,952.0,2215.0
islet-adltmr,720575940847595117,720575940913144816,11,axon_pre,False,43.0,636.0
islet-adltmr,720575940847595117,720575940888595057,10,axon_pre,False,86.0,988.0
islet-adltmr,720575940847595117,720575940895956126,10,axon_pre,False,76.0,672.0
islet-adltmr,720575940847595117,720575940883729656,8,axon_pre,False,609.0,981.0
islet-adltmr,720575940847595117,720575940907584340,7,axon_pre,False,521.0,869.0
islet-adltmr,720575940847595117,720575940887129533,7,axon_pre,False,213.0,1506.0
islet-adltmr,720575940847595117,720575940913907392,6,axon_pre,False,75.0,732.0
islet-adltmr,720575940847595117,720575940919601669,6,axon_pre,False,974.0,2308.0
islet-adltmr,720575940847595117,720575940871641310,6,axon_pre,False,54.0,892.0
islet-adltmr,720575940847595117,720575940915390365,6,axon_pre,False,569.0,1405.0
islet-adltmr,720575940847595117,720575940948987670,6,axon_pre,False,740.0,1571.0
islet-adltmr,720575940847595117,720575940882392670,6,axon_pre,False,42.0,785.0
islet-adltmr,720575940847595117,720575940908336368,6,axon_pre,False,84.0,1007.0
islet-adltmr,720575940847595117,720575940946690582,5,axon_pre,False,96.0,833.0
islet-adltmr,720575940847595117,720575940888983158,5,axon_pre,False,750.0,2865.0
islet-adltmr,720575940847595117,720575940891523364,5,axon_pre,False,346.0,1837.0
islet-adltmr,720575940847595117,720575940899561408,5,axon_pre,False,37.0,769.0
islet-adltmr,720575940847595117,720575940917202564,5,axon_pre,False,61.0,768.0
islet-adltmr,720575940847595117,720575940896663226,5,axon_pre,False,606.0,1661.0
islet-adltmr,720575940847595117,720575940881844475,5,axon_pre,False,911.0,1998.0
islet-adltmr,720575940847595117,720575940927230688,5,axon_pre,False,381.0,1403.0
islet-adltmr,720575940847595117,720575940923656284,5,axon_pre,False,326.0,1877.0
islet-adltmr,720575940847595117,720575940869499754,4,axon_pre,False,1207.0,1766.0
islet-adltmr,720575940847595117,720575940897465750,4,axon_pre,False,533.0,2105.0
islet-adltmr,720575940847595117,720575940906469872,4,axon_pre,False,895.0,3527.0
islet-adltmr,720575940847595117,720575940939630468,4,axon_pre,False,346.0,1662.0
islet-adltmr,720575940847595117,720575940910186825,4,axon_pre,False,464.0,2145.0
islet-adltmr,720575940847595117,720575940889638582,4,axon_pre,False,76.0,802.0
islet-adltmr,720575940847595117,720575940964319910,4,axon_pre,False,89.0,906.0
islet-adltmr,720575940847595117,720575940890171654,4,axon_pre,False,297.0,993.0
islet-adltmr,720575940847595117,720575940912680382,4,axon_pre,False,603.0,1538.0
islet-adltmr,720575940847595117,720575940905256393,4,axon_pre,False,368.0,1985.0
islet-adltmr,720575940847595117,720575940923656028,4,axon_pre,False,228.0,1736.0
islet-adltmr,720575940847595117,720575940909810112,4,axon_pre,False,379.0,2076.0
islet-adltmr,720575940847595117,720575940910636476,4,axon_pre,False,768.0,2119.0
islet-adltmr,720575940847595117,720575940926203534,4,axon_pre,False,1074.0,2113.0
islet-adltmr,720575940847595117,720575940902624978,3,axon_pre,False,456.0,1028.0
islet-adltmr,720575940847595117,720575940893861502,3,axon_pre,False,1802.0,2646.0
islet-adltmr,720575940847595117,720575940910586137,3,axon_pre,False,125.0,1568.0
islet-adltmr,720575940847595117,720575940925206038,3,axon_pre,False,57.0,655.0
islet-adltmr,720575940847595117,720575940886592266,3,axon_pre,False,554.0,2455.0
islet-adltmr,720575940847595117,720575940927248352,3,axon_pre,False,886.0,1700.0
islet-adltmr,720575940847595117,720575940904383680,3,axon_pre,False,520.0,1857.0
islet-adltmr,720575940847595117,720575940889933755,3,axon_pre,False,283.0,4567.0
islet-adltmr,720575940847595117,720575940887337882,3,axon_pre,False,1451.0,2502.0
islet-adltmr,720575940847595117,720575940908275184,3,axon_pre,False,786.0,1861.0
islet-adltmr,720575940847595117,720575940905404873,3,axon_pre,False,1351.0,2170.0
islet-adltmr,720575940847595117,720575940896891210,3,axon_pre,False,2033.0,3387.0
islet-adltmr,720575940847595117,720575940887254966,3,axon_pre,False,557.0,1969.0
islet-adltmr,720575940847595117,720575940911608768,3,axon_pre,False,1176.0,2261.0
islet-adltmr,720575940847595117,720575940886913974,3,axon_pre,False,430.0,1494.0
islet-adltmr,720575940847595117,720575940879783158,3,axon_pre,False,52.0,666.0
islet-adltmr,720575940847595117,720575940927801648,3,axon_pre,False,179.0,1667.0
islet-adltmr,720575940847595117,720575940882556382,3,axon_pre,False,88.0,884.0
islet-adltmr,720575940847595117,720575940888708534,3,axon_pre,False,57.0,902.0
islet-adltmr,720575940847595117,720575940920407440,3,axon_pre,False,245.0,610.0
islet-adltmr,720575940847595117,720575940934876182,2,axon_pre,False,49.0,827.0
islet-adltmr,720575940847595117,720575940890964801,2,axon_pre,False,869.0,1667.0
islet-adltmr,720575940847595117,720575940892352243,2,axon_pre,False,504.0,2433.0
islet-adltmr,720575940847595117,720575940908137200,2,axon_pre,False,413.0,844.0
islet-adltmr,720575940847595117,720575940894200219,2,axon_pre,False,1858.0,2812.0
islet-adltmr,720575940847595117,720575940901050304,2,axon_pre,False,82.0,861.0
islet-adltmr,720575940847595117,720575940873436734,2,axon_pre,False,93.0,998.0
islet-adltmr,720575940847595117,720575940880835090,2,axon_pre,False,258.0,1863.0
islet-adltmr,720575940847595117,720575940918937367,2,axon_pre,False,168.0,1503.0
islet-adltmr,720575940847595117,720575940893876487,2,axon_pre,False,1356.0,1964.0
islet-adltmr,720575940847595117,720575940898729874,2,axon_pre,False,288.0,2350.0
islet-adltmr,720575940847595117,720575940945051926,2,axon_pre,False,55.0,685.0
islet-adltmr,720575940847595117,720575940933803030,2,axon_pre,False,210.0,1184.0
islet-adltmr,720575940847595117,720575940877168904,2,axon_pre,False,2198.0,2628.0
islet-adltmr,720575940847595117,720575940920105077,2,axon_pre,False,104.0,964.0
islet-adltmr,720575940847595117,720575940927197664,2,axon_pre,False,726.0,2823.0
islet-adltmr,720575940847595117,720575940881497310,2,axon_pre,False,202.0,1589.0
islet-adltmr,720575940847595117,720575940889254007,2,axon_pre,False,226.0,2676.0
islet-adltmr,720575940847595117,720575940877145352,2,axon_pre,False,313.0,1789.0
islet-adltmr,720575940847595117,720575940887031485,2,axon_pre,False,427.0,1684.0
islet-adltmr,720575940847595117,720575940875009505,2,axon_pre,False,1571.0,2191.0
islet-adltmr,720575940847595117,720575940913429231,2,axon_pre,False,336.0,1972.0
islet-adltmr,720575940847595117,720575940886853257,2,axon_pre,False,596.0,1013.0
islet-adltmr,720575940847595117,720575940880946065,2,axon_pre,False,352.0,1028.0
islet-adltmr,720575940847595117,720575940889405171,2,axon_pre,False,1655.0,2386.0
islet-adltmr,720575940847595117,720575940913156080,2,axon_pre,False,699.0,1796.0
islet-adltmr,720575940847595117,720575940961593364,2,axon_pre,False,308.0,900.0
islet-adltmr,720575940847595117,720575940912412096,2,axon_pre,False,1381.0,2392.0
islet-adltmr,720575940847595117,720575940923295788,2,axon_pre,False,444.0,2208.0
islet-adltmr,720575940847595117,720575940964347302,2,axon_pre,False,673.0,2986.0
islet-adltmr,720575940847595117,720575940908244976,2,axon_pre,False,61.0,524.0
islet-adltmr,720575940847595117,720575940881603779,2,axon_pre,False,178.0,2989.0
islet-adltmr,720575940847595117,720575940882919262,2,axon_pre,False,33.0,1761.0
islet-adltmr,720575940847595117,720575940881902942,2,axon_pre,False,480.0,1674.0
islet-adltmr,720575940847595117,720575940869346410,2,axon_pre,False,480.0,2037.0
islet-adltmr,720575940847595117,720575940895289006,2,axon_pre,False,544.0,875.0
islet-adltmr,720575940847595117,720575940890260230,2,axon_pre,False,251.0,1952.0
islet-adltmr,720575940847595117,720575940949971220,2,axon_pre,False,95.0,1960.0
islet-adltmr,720575940847595117,720575940893178538,2,axon_pre,False,885.0,2903.0
islet-adltmr,720575940847595117,720575940903220108,2,axon_pre,False,1221.0,3895.0
islet-adltmr,720575940847595117,720575940912566000,2,axon_pre,False,297.0,1916.0
islet-adltmr,720575940847595117,720575940909751000,2,axon_pre,False,51.0,872.0
islet-adltmr,720575940847595117,720575940931949700,2,axon_pre,False,54.0,1725.0
islet-adltmr,720575940847595117,720575940887281095,2,axon_pre,False,204.0,1397.0
islet-adltmr,720575940847595117,720575940895968414,2,axon_pre,False,72.0,798.0
islet-adltmr,720575940847595117,720575940900848320,2,axon_pre,False,44.0,1461.0
islet-adltmr,720575940847595117,720575940894044483,2,axon_pre,False,317.0,1549.0
islet-adltmr,720575940847595117,720575940920014197,2,axon_pre,False,214.0,750.0
islet-adltmr,720575940847595117,720575940902167536,2,axon_pre,False,83.0,857.0
IN-abltmr,720575940865215953,720575940912532208,7,axon_pre,False,327.0,2040.0
IN-abltmr,720575940865215953,720575940882485598,6,axon_pre,False,194.0,1912.0
IN-abltmr,720575940865215953,720575940898531513,6,axon_pre,False,654.0,2302.0
IN-abltmr,720575940865215953,720575940883077214,5,axon_pre,False,112.0,979.0
IN-abltmr,720575940865215953,720575940909440448,5,axon_pre,False,133.0,1836.0
IN-abltmr,720575940865215953,720575940920895401,4,axon_pre,False,938.0,2553.0
IN-abltmr,720575940865215953,720575940897079225,4,axon_pre,False,1218.0,1955.0
IN-abltmr,720575940865215953,720575940956635924,4,axon_pre,False,123.0,2298.0
IN-abltmr,720575940865215953,720575940907150833,4,axon_pre,False,176.0,2114.0
IN-abltmr,720575940865215953,720575940908973040,4,axon_pre,False,569.0,2494.0
IN-abltmr,720575940865215953,720575940897960121,4,axon_pre,False,600.0,2503.0
IN-abltmr,720575940865215953,720575940915993184,4,axon_pre,False,90.0,1649.0
IN-abltmr,720575940865215953,720575940900287934,4,axon_pre,False,465.0,2233.0
IN-abltmr,720575940865215953,720575940924489282,4,axon_pre,False,277.0,3058.0
IN-abltmr,720575940865215953,720575940904364784,4,axon_pre,False,103.0,1543.0
IN-abltmr,720575940865215953,720575940909724864,4,axon_pre,False,174.0,3320.0
IN-abltmr,720575940865215953,720575940889041334,3,axon_pre,False,201.0,1484.0
IN-abltmr,720575940865215953,720575940932565124,3,axon_pre,False,172.0,1445.0
IN-abltmr,720575940865215953,720575940900199665,3,axon_pre,False,124.0,1097.0
IN-abltmr,720575940865215953,720575940946164246,3,axon_pre,False,125.0,1780.0
IN-abltmr,720575940865215953,720575940891858887,3,axon_pre,False,60.0,1706.0
IN-abltmr,720575940865215953,720575940904235454,3,axon_pre,False,96.0,1538.0
IN-abltmr,720575940865215953,720575940894139203,3,axon_pre,False,177.0,1429.0
IN-abltmr,720575940865215953,720575940897427645,3,axon_pre,False,1000.0,2302.0
IN-abltmr,720575940865215953,720575940859634327,3,axon_pre,False,84.0,1974.0
IN-abltmr,720575940865215953,720575940882517285,3,axon_pre,False,483.0,2643.0
IN-abltmr,720575940865215953,720575940898829241,3,axon_pre,False,85.0,1504.0
IN-abltmr,720575940865215953,720575940903160765,3,axon_pre,False,85.0,2103.0
IN-abltmr,720575940865215953,720575940874001731,3,axon_pre,False,262.0,2314.0
IN-abltmr,720575940865215953,720575940908246768,3,axon_pre,False,72.0,1799.0
IN-abltmr,720575940865215953,720575940950584852,2,axon_pre,False,270.0,3452.0
IN-abltmr,720575940865215953,720575940892583284,2,axon_pre,False,549.0,2376.0
IN-abltmr,720575940865215953,720575940958669076,2,axon_pre,False,1113.0,2805.0
IN-abltmr,720575940865215953,720575940873436638,2,axon_pre,False,279.0,1230.0
IN-abltmr,720575940865215953,720575940903220108,2,axon_pre,False,1221.0,3895.0
IN-abltmr,720575940865215953,720575940886001350,2,axon_pre,False,289.0,3637.0
IN-abltmr,720575940865215953,720575940890772935,2,axon_pre,False,48.0,1187.0
IN-abltmr,720575940865215953,720575940888529100,2,axon_pre,False,226.0,2327.0
IN-abltmr,720575940865215953,720575940899218880,2,axon_pre,False,209.0,1688.0
IN-abltmr,720575940865215953,720575940939897366,2,axon_pre,False,175.0,1991.0
IN-abltmr,720575940865215953,720575940897603261,2,axon_pre,False,71.0,1510.0
IN-abltmr,720575940865215953,720575940910968225,2,axon_pre,False,447.0,2449.0
IN-abltmr,720575940865215953,720575940895979422,2,axon_pre,False,84.0,1980.0
IN-abltmr,720575940865215953,720575940893613299,2,axon_pre,False,105.0,1998.0
IN-abltmr,720575940865215953,720575940897955001,2,axon_pre,False,97.0,1650.0
IN-abltmr,720575940865215953,720575940905524208,2,axon_pre,False,71.0,1692.0
IN-abltmr,720575940865215953,720575940894172659,2,axon_pre,False,157.0,1871.0
IN-abltmr,720575940865215953,720575940915994976,2,axon_pre,False,84.0,1580.0
IN-abltmr,720575940865215953,720575940908114880,2,axon_pre,False,530.0,1685.0
IN-abltmr,720575940865215953,720575940900172258,2,axon_pre,False,124.0,1896.0
IN-abltmr,720575940865215953,720575940911493566,2,axon_pre,False,81.0,2077.0
IN-abltmr,720575940865215953,720575940898789822,2,axon_pre,False,160.0,5166.0
IN-abltmr,720575940865215953,720575940888952182,2,axon_pre,False,298.0,1721.0
IN-abltmr,720575940865215953,720575940889180598,2,axon_pre,False,105.0,1412.0
IN-abltmr,720575940865215953,720575940898829299,2,axon_pre,False,135.0,1782.0
IN-abltmr,720575940865215953,720575940897953465,2,axon_pre,False,134.0,1632.0
IN-abltmr,720575940865215953,720575940900249790,2,axon_pre,False,190.0,1531.0
IN-abltmr,720575940865215953,720575940895088071,2,axon_pre,False,407.0,1771.0
IN-abltmr,720575940865215953,720575940880835985,2,axon_pre,False,541.0,4882.0
IN-abltmr,720575940865215953,720575940871448121,2,axon_pre,False,209.0,1443.0
IN-abltmr,720575940865215953,720575940878008798,2,axon_pre,False,328.0,1701.0
IN-abltmr,720575940865215953,720575940894254777,2,axon_pre,False,490.0,1624.0
IN-abltmr,720575940865215953,720575940888117872,2,axon_pre,False,218.0,2285.0
IN-abltmr,720575940865215953,720575940919953277,2,axon_pre,False,758.0,29604.0
IN-abltmr,720575940865215953,720575940953744404,2,axon_pre,False,66.0,1485.0
IN-abltmr,720575940865215953,720575940904386032,2,axon_pre,False,367.0,1664.0
IN-abltmr,720575940865215953,720575940933342596,2,axon_pre,False,112.0,1448.0
IN-abltmr,720575940865215953,720575940899270899,2,axon_pre,False,213.0,1729.0
IN-abltmr,720575940865215953,720575940920895145,2,axon_pre,False,234.0,2675.0
IN-abltmr,720575940865215953,720575940892463601,2,axon_pre,False,174.0,1596.0
IN-abltmr,720575940865215953,720575940911510974,2,axon_pre,False,114.0,2039.0
IN-abltmr,720575940865215953,720575940904848883,2,axon_pre,False,101.0,986.0
IN-abltmr,720575940865215953,720575940920072053,2,axon_pre,False,198.0,3153.0
IN-abltmr,720575940865215953,720575940889443254,2,axon_pre,False,270.0,1405.0
IN-abltmr,720575940865215953,720575940876357855,2,axon_pre,False,196.0,2848.0
IN-abltmr,720575940865215953,720575940897440957,2,axon_pre,False,103.0,2088.0
IN-abltmr,720575940865215953,720575940895900830,2,axon_pre,False,133.0,1756.0
IN-abltmr,720575940865215953,720575940896648890,2,axon_pre,False,426.0,2215.0
IN-abltmr,720575940865215953,720575940886893494,2,axon_pre,False,92.0,1749.0
IN-abltmr,720575940865215953,720575940882957918,2,axon_pre,False,316.0,2128.0
IN-abltmr,720575940865215953,720575940892542449,2,axon_pre,False,149.0,4042.0
IN-abltmr,720575940865215953,720575940907562818,2,axon_pre,False,51.0,971.0
IN-abltmr,720575940865215953,720575940926650390,2,axon_pre,False,143.0,2887.0
IN-abltmr,720575940865215953,720575940920840872,2,axon_pre,False,167.0,2157.0
IN-abltmr,720575940865215953,720575940927319884,2,axon_pre,False,1326.0,2573.0
islet-chtmr,720575940868783341,720575940884787258,5,axon_pre,False,278.0,1944.0
islet-chtmr,720575940868783341,720575940896863175,5,axon_pre,False,78.0,1229.0
islet-chtmr,720575940868783341,720575940892112738,4,axon_pre,False,230.0,1155.0
islet-chtmr,720575940868783341,720575940874699263,4,axon_pre,False,42.0,895.0
islet-chtmr,720575940868783341,720575940892323527,4,axon_pre,False,65.0,1099.0
islet-chtmr,720575940868783341,720575940919612933,4,axon_pre,False,223.0,927.0
islet-chtmr,720575940868783341,720575940882525989,3,axon_pre,False,195.0,1247.0
islet-chtmr,720575940868783341,720575940920848808,3,axon_pre,False,152.0,1011.0
islet-chtmr,720575940868783341,720575940913556081,3,axon_pre,False,304.0,2518.0
islet-chtmr,720575940868783341,720575940882152932,3,axon_pre,False,219.0,1617.0
islet-chtmr,720575940868783341,720575940957204756,3,axon_pre,False,71.0,879.0
islet-chtmr,720575940868783341,720575940897031111,3,axon_pre,False,76.0,1109.0
islet-chtmr,720575940868783341,720575940899376313,3,axon_pre,False,155.0,895.0
islet-chtmr,720575940868783341,720575940875785533,3,axon_pre,False,182.0,985.0
islet-chtmr,720575940868783341,720575940922709290,3,axon_pre,False,329.0,1160.0
islet-chtmr,720575940868783341,720575940919016215,2,axon_pre,False,63.0,1060.0
islet-chtmr,720575940868783341,720575940877088520,2,axon_pre,False,120.0,897.0
islet-chtmr,720575940868783341,720575940916408130,2,axon_pre,False,66.0,892.0
islet-chtmr,720575940868783341,720575940904249043,2,axon_pre,False,190.0,971.0
islet-chtmr,720575940868783341,720575940936905540,2,axon_pre,False,262.0,1660.0
islet-chtmr,720575940868783341,720575940911430249,2,axon_pre,False,95.0,1635.0
islet-chtmr,720575940868783341,720575940888976061,2,axon_pre,False,241.0,3311.0
islet-chtmr,720575940868783341,720575940899257026,2,axon_pre,False,159.0,1144.0
islet-chtmr,720575940868783341,720575940886975223,2,axon_pre,False,154.0,897.0
islet-chtmr,720575940868783341,720575940941106028,2,axon_pre,False,504.0,2033.0
islet-chtmr,720575940868783341,720575940862140007,2,axon_pre,False,196.0,1201.0
islet-chtmr,720575940868783341,720575940903962287,2,axon_pre,False,246.0,1618.0
islet-chtmr,720575940868783341,720575940901879790,2,axon_pre,False,58.0,1301.0
islet-chtmr,720575940868783341,720575940897305090,2,axon_pre,False,67.0,855.0
islet-chtmr,720575940868783341,720575940902331832,2,axon_pre,False,183.0,1228.0
islet-chtmr,720575940868783341,720575940899465920,2,axon_pre,False,58.0,1336.0
islet-chtmr,720575940868783341,720575940892307143,2,axon_pre,False,77.0,1008.0
islet-chtmr,720575940868783341,720575940889192823,2,axon_pre,False,176.0,1482.0
islet-chtmr,720575940868783341,720575940892157383,2,axon_pre,False,68.0,914.0
islet-chtmr,720575940868783341,720575940882122272,2,axon_pre,False,238.0,1741.0
islet-chtmr,720575940868783341,720575940955163480,2,axon_pre,False,175.0,1903.0
islet-chtmr,720575940868783341,720575940899584944,2,axon_pre,False,62.0,1156.0
islet-chtmr,720575940868783341,720575940872011519,2,axon_pre,False,57.0,878.0
islet-chtmr,720575940868783341,720575940896301043,2,axon_pre,False,72.0,649.0
islet-chtmr,720575940868783341,720575940950623764,2,axon_pre,False,1257.0,3094.0
islet-chtmr,720575940868783341,720575940902703089,2,axon_pre,False,56.0,944.0
islet-chtmr,720575940868783341,720575940924148613,2,axon_pre,False,245.0,1307.0
islet-chtmr,720575940868783341,720575940906587839,2,axon_pre,False,75.0,915.0
islet-chtmr,720575940868783341,720575940906389554,2,axon_pre,False,186.0,1106.0
islet-chtmr,720575940868783341,720575940896924359,2,axon_pre,False,69.0,1128.0
islet-chtmr,720575940868783341,720575940883533733,2,axon_pre,False,160.0,1146.0
islet-chtmr,720575940868783341,720575940890139654,2,axon_pre,False,329.0,1578.0
islet-chtmr,720575940868783341,720575940872777842,2,axon_pre,False,1389.0,2330.0
islet-chtmr,720575940868783341,720575940877000795,2,axon_pre,False,172.0,1003.0
islet-chtmr,720575940868783341,720575940893236555,2,axon_pre,False,224.0,1615.0
islet-chtmr,720575940868783341,720575940888206927,2,axon_pre,False,176.0,996.0
islet-chtmr,720575940868783341,720575940937848237,2,axon_pre,False,415.0,961.0
islet-chtmr,720575940868783341,720575940922906438,2,axon_pre,False,73.0,1144.0
islet-cltmr,720575940870691926,720575940862216039,3,axon_pre,False,356.0,2752.0
islet-cltmr,720575940870691926,720575940869443690,3,axon_pre,False,753.0,2431.0
islet-cltmr,720575940870691926,720575940908057073,3,axon_pre,False,267.0,2799.0
islet-cltmr,720575940870691926,720575940887131610,2,axon_pre,False,161.0,2135.0
islet-cltmr,720575940870691926,720575940870562883,2,axon_pre,False,45.0,1243.0
islet-cltmr,720575940870691926,720575940883481950,2,axon_pre,False,208.0,2596.0
islet-cltmr,720575940870691926,720575940887328410,2,axon_pre,False,144.0,893.0
islet-cltmr,720575940870691926,720575940904492275,2,axon_pre,False,94.0,2204.0
islet-cltmr,720575940870691926,720575940891183798,2,axon_pre,False,428.0,2050.0
islet-cltmr,720575940870691926,720575940912490942,2,axon_pre,False,173.0,3357.0
islet-cltmr,720575940870691926,720575940913556081,2,axon_pre,False,304.0,2518.0
islet-cltmr,720575940870691926,720575940881935355,2,axon_pre,False,481.0,1829.0
islet-cltmr,720575940870691926,720575940915578261,2,axon_pre,False,106.0,1644.0
islet-cltmr,720575940870691926,720575940896687815,2,axon_pre,False,322.0,3127.0
islet-adltmr,720575940870692182,720575940886027462,17,axon_pre,False,1794.0,2930.0
islet-adltmr,720575940870692182,720575940955177304,16,axon_pre,False,325.0,1732.0
islet-adltmr,720575940870692182,720575940927109144,15,axon_pre,False,1162.0,3222.0
islet-adltmr,720575940870692182,720575940869591310,13,axon_pre,False,404.0,1718.0
islet-adltmr,720575940870692182,720575940889349814,11,axon_pre,False,199.0,1970.0
islet-adltmr,720575940870692182,720575940887741768,10,axon_pre,False,698.0,2264.0
islet-adltmr,720575940870692182,720575940893699569,9,axon_pre,False,239.0,1412.0
islet-adltmr,720575940870692182,720575940882124516,9,axon_pre,False,1141.0,1688.0
islet-adltmr,720575940870692182,720575940892225442,9,axon_pre,False,202.0,1359.0
islet-adltmr,720575940870692182,720575940903370509,8,axon_pre,False,931.0,2410.0
islet-adltmr,720575940870692182,720575940886250166,8,axon_pre,False,977.0,1311.0
islet-adltmr,720575940870692182,720575940875009505,8,axon_pre,False,1571.0,2191.0
islet-adltmr,720575940870692182,720575940893864945,7,axon_pre,False,240.0,3409.0
islet-adltmr,720575940870692182,720575940915389853,7,axon_pre,False,1493.0,2107.0
islet-adltmr,720575940870692182,720575940887984054,7,axon_pre,False,1205.0,1735.0
islet-adltmr,720575940870692182,720575940937585028,7,axon_pre,False,328.0,1418.0
islet-adltmr,720575940870692182,720575940877000027,7,axon_pre,False,123.0,736.0
islet-adltmr,720575940870692182,720575940862176871,6,axon_pre,False,229.0,1174.0
islet-adltmr,720575940870692182,720575940893395733,6,axon_pre,False,656.0,2134.0
islet-adltmr,720575940870692182,720575940929601786,6,axon_pre,False,1507.0,2271.0
islet-adltmr,720575940870692182,720575940888425917,6,axon_pre,False,217.0,2845.0
islet-adltmr,720575940870692182,720575940899441453,6,axon_pre,False,1095.0,2087.0
islet-adltmr,720575940870692182,720575940887337882,6,axon_pre,False,1451.0,2502.0
islet-adltmr,720575940870692182,720575940888520652,6,axon_pre,False,444.0,2208.0
islet-adltmr,720575940870692182,720575940924391490,6,axon_pre,False,319.0,1505.0
islet-adltmr,720575940870692182,720575940888486589,6,axon_pre,False,114.0,2091.0
islet-adltmr,720575940870692182,720575940888693775,6,axon_pre,False,205.0,2012.0
islet-adltmr,720575940870692182,720575940936851780,6,axon_pre,False,192.0,1677.0
islet-adltmr,720575940870692182,720575940887277210,6,axon_pre,False,225.0,1275.0
islet-adltmr,720575940870692182,720575940927793968,6,axon_pre,False,247.0,1100.0
islet-adltmr,720575940870692182,720575940897404162,6,axon_pre,False,679.0,2644.0
islet-adltmr,720575940870692182,720575940897101072,6,axon_pre,False,350.0,2335.0
islet-adltmr,720575940870692182,720575940915474837,6,axon_pre,False,200.0,1604.0
islet-adltmr,720575940870692182,720575940948987670,5,axon_pre,False,740.0,1571.0
islet-adltmr,720575940870692182,720575940903413773,5,axon_pre,False,550.0,2018.0
islet-adltmr,720575940870692182,720575940916298845,5,axon_pre,False,435.0,2350.0
islet-adltmr,720575940870692182,720575940881955665,5,axon_pre,False,360.0,2170.0
islet-adltmr,720575940870692182,720575940911380329,5,axon_pre,False,1361.0,1960.0
islet-adltmr,720575940870692182,720575940911608768,5,axon_pre,False,1176.0,2261.0
islet-adltmr,720575940870692182,720575940881936635,5,axon_pre,False,288.0,1460.0
islet-adltmr,720575940870692182,720575940891538468,5,axon_pre,False,1865.0,2640.0
islet-adltmr,720575940870692182,720575940909137218,5,axon_pre,False,203.0,1029.0
islet-adltmr,720575940870692182,720575940886636042,5,axon_pre,False,680.0,2219.0
islet-adltmr,720575940870692182,720575940883166167,5,axon_pre,False,1241.0,2151.0
islet-adltmr,720575940870692182,720575940929582586,5,axon_pre,False,593.0,2126.0
islet-adltmr,720575940870692182,720575940893744369,5,axon_pre,False,101.0,959.0
islet-adltmr,720575940870692182,720575940899520448,4,axon_pre,False,952.0,2215.0
islet-adltmr,720575940870692182,720575940897066425,4,axon_pre,False,501.0,1946.0
islet-adltmr,720575940870692182,720575940902270486,4,axon_pre,False,77.0,1569.0
islet-adltmr,720575940870692182,720575940889212342,4,axon_pre,False,396.0,995.0
islet-adltmr,720575940870692182,720575940890106804,4,axon_pre,False,1837.0,2673.0
islet-adltmr,720575940870692182,720575940865165521,4,axon_pre,False,1514.0,2311.0
islet-adltmr,720575940870692182,720575940906160349,4,axon_pre,False,252.0,1841.0
islet-adltmr,720575940870692182,720575940898827463,4,axon_pre,False,394.0,1760.0
islet-adltmr,720575940870692182,720575940893178538,4,axon_pre,False,885.0,2903.0
islet-adltmr,720575940870692182,720575940882626526,4,axon_pre,False,336.0,1507.0
islet-adltmr,720575940870692182,720575940947539732,4,axon_pre,False,52.0,994.0
islet-adltmr,720575940870692182,720575940904383680,4,axon_pre,False,520.0,1857.0
islet-adltmr,720575940870692182,720575940877168904,4,axon_pre,False,2198.0,2628.0
islet-adltmr,720575940870692182,720575940923656028,4,axon_pre,False,228.0,1736.0
islet-adltmr,720575940870692182,720575940881906939,4,axon_pre,False,306.0,3349.0
islet-adltmr,720575940870692182,720575940917246530,4,axon_pre,False,103.0,1486.0
islet-adltmr,720575940870692182,720575940934887446,4,axon_pre,False,1476.0,2492.0
islet-adltmr,720575940870692182,720575940911568832,4,axon_pre,False,412.0,1924.0
islet-adltmr,720575940870692182,720575940906933289,4,axon_pre,False,255.0,919.0
islet-adltmr,720575940870692182,720575940877145352,4,axon_pre,False,313.0,1789.0
islet-adltmr,720575940870692182,720575940939555862,4,axon_pre,False,276.0,1740.0
islet-adltmr,720575940870692182,720575940921394707,4,axon_pre,False,258.0,2683.0
islet-adltmr,720575940870692182,720575940937862061,4,axon_pre,False,680.0,1219.0
islet-adltmr,720575940870692182,720575940899384705,4,axon_pre,False,413.0,1865.0
islet-adltmr,720575940870692182,720575940904953280,3,axon_pre,False,98.0,1249.0
islet-adltmr,720575940870692182,720575940898883571,3,axon_pre,False,57.0,1077.0
islet-adltmr,720575940870692182,720575940875009249,3,axon_pre,False,1574.0,2658.0
islet-adltmr,720575940870692182,720575940901175921,3,axon_pre,False,82.0,511.0
islet-adltmr,720575940870692182,720575940909809112,3,axon_pre,False,294.0,1704.0
islet-adltmr,720575940870692182,720575940880837214,3,axon_pre,False,41.0,917.0
islet-adltmr,720575940870692182,720575940903924143,3,axon_pre,False,230.0,1285.0
islet-adltmr,720575940870692182,720575940903932350,3,axon_pre,False,1113.0,2460.0
islet-adltmr,720575940870692182,720575940946147460,3,axon_pre,False,1563.0,2745.0
islet-adltmr,720575940870692182,720575940911560105,3,axon_pre,False,52.0,642.0
islet-adltmr,720575940870692182,720575940898820295,3,axon_pre,False,256.0,1664.0
islet-adltmr,720575940870692182,720575940901819326,3,axon_pre,False,232.0,3416.0
islet-adltmr,720575940870692182,720575940909751000,3,axon_pre,False,51.0,872.0
islet-adltmr,720575940870692182,720575940881844475,3,axon_pre,False,911.0,1998.0
islet-adltmr,720575940870692182,720575940920502806,3,axon_pre,False,191.0,1229.0
islet-adltmr,720575940870692182,720575940871557187,3,axon_pre,False,162.0,2492.0
islet-adltmr,720575940870692182,720575940884697411,3,axon_pre,False,194.0,2641.0
islet-adltmr,720575940870692182,720575940871384889,3,axon_pre,False,1356.0,1917.0
islet-adltmr,720575940870692182,720575940875610691,3,axon_pre,False,217.0,1441.0
islet-adltmr,720575940870692182,720575940900227298,3,axon_pre,False,149.0,2445.0
islet-adltmr,720575940870692182,720575940903415309,3,axon_pre,False,546.0,1519.0
islet-adltmr,720575940870692182,720575940897030855,3,axon_pre,False,54.0,1081.0
islet-adltmr,720575940870692182,720575940892352243,3,axon_pre,False,504.0,2433.0
islet-adltmr,720575940870692182,720575940883161303,3,axon_pre,False,834.0,1189.0
islet-adltmr,720575940870692182,720575940923656284,3,axon_pre,False,326.0,1877.0
islet-adltmr,720575940870692182,720575940898477757,3,axon_pre,False,253.0,2642.0
islet-adltmr,720575940870692182,720575940882911070,3,axon_pre,False,18.0,1468.0
islet-adltmr,720575940870692182,720575940898726546,3,axon_pre,False,1355.0,1904.0
islet-adltmr,720575940870692182,720575940912566000,3,axon_pre,False,297.0,1916.0
islet-adltmr,720575940870692182,720575940911231472,3,axon_pre,False,272.0,1744.0
islet-adltmr,720575940870692182,720575940906936342,3,axon_pre,False,480.0,960.0
islet-adltmr,720575940870692182,720575940906469872,3,axon_pre,False,895.0,3527.0
islet-adltmr,720575940870692182,720575940897043897,3,axon_pre,False,765.0,1786.0
islet-adltmr,720575940870692182,720575940899926416,2,axon_pre,False,43.0,874.0
islet-adltmr,720575940870692182,720575940922990024,2,axon_pre,False,59.0,1921.0
islet-adltmr,720575940870692182,720575940913960107,2,axon_pre,False,75.0,1932.0
islet-adltmr,720575940870692182,720575940898982899,2,axon_pre,False,39.0,1209.0
islet-adltmr,720575940870692182,720575940916183299,2,axon_pre,False,333.0,1485.0
islet-adltmr,720575940870692182,720575940897031111,2,axon_pre,False,76.0,1109.0
islet-adltmr,720575940870692182,720575940908275184,2,axon_pre,False,786.0,1861.0
islet-adltmr,720575940870692182,720575940871620419,2,axon_pre,False,194.0,3694.0
islet-adltmr,720575940870692182,720575940896663226,2,axon_pre,False,606.0,1661.0
islet-adltmr,720575940870692182,720575940909118428,2,axon_pre,False,658.0,1822.0
islet-adltmr,720575940870692182,720575940895115453,2,axon_pre,False,79.0,1587.0
islet-adltmr,720575940870692182,720575940889221063,2,axon_pre,False,115.0,1653.0
islet-adltmr,720575940870692182,720575940942354820,2,axon_pre,False,20.0,1316.0
islet-adltmr,720575940870692182,720575940913429231,2,axon_pre,False,336.0,1972.0
islet-adltmr,720575940870692182,720575940896891210,2,axon_pre,False,2033.0,3387.0
islet-adltmr,720575940870692182,720575940910186825,2,axon_pre,False,464.0,2145.0
islet-adltmr,720575940870692182,720575940912627846,2,axon_pre,False,1491.0,2820.0
islet-adltmr,720575940870692182,720575940909793216,2,axon_pre,False,254.0,1693.0
islet-adltmr,720575940870692182,720575940908397828,2,axon_pre,False,103.0,1313.0
islet-adltmr,720575940870692182,720575940914041022,2,axon_pre,False,662.0,2631.0
islet-adltmr,720575940870692182,720575940958597396,2,axon_pre,False,1346.0,1895.0
islet-adltmr,720575940870692182,720575940878266491,2,axon_pre,False,211.0,1930.0
islet-adltmr,720575940870692182,720575940882086944,2,axon_pre,False,1160.0,2037.0
islet-adltmr,720575940870692182,720575940908057073,2,axon_pre,False,267.0,2799.0
islet-adltmr,720575940870692182,720575940913871170,2,axon_pre,False,85.0,1601.0
islet-adltmr,720575940870692182,720575940895565040,2,axon_pre,False,395.0,1675.0
islet-adltmr,720575940870692182,720575940877129819,2,axon_pre,False,383.0,2753.0
islet-adltmr,720575940870692182,720575940882556382,2,axon_pre,False,88.0,884.0
islet-adltmr,720575940870692182,720575940935821334,2,axon_pre,False,68.0,1620.0
islet-adltmr,720575940870692182,720575940915484565,2,axon_pre,False,546.0,1788.0
islet-adltmr,720575940870692182,720575940959864340,2,axon_pre,False,351.0,1084.0
islet-adltmr,720575940870692182,720575940910034880,2,axon_pre,False,384.0,6499.0
islet-adltmr,720575940870692182,720575940898821575,2,axon_pre,False,341.0,3097.0
islet-adltmr,720575940870692182,720575940891986419,2,axon_pre,False,46.0,1413.0
islet-adltmr,720575940870692182,720575940892190818,2,axon_pre,False,494.0,1436.0
islet-adltmr,720575940870692182,720575940873509950,2,axon_pre,False,1618.0,2921.0
islet-adltmr,720575940870692182,720575940880835090,2,axon_pre,False,258.0,1863.0
islet-adltmr,720575940870692182,720575940921468691,2,axon_pre,False,121.0,1672.0
islet-adltmr,720575940870692182,720575940909320219,2,axon_pre,False,250.0,3003.0
islet-adltmr,720575940870692182,720575940881902942,2,axon_pre,False,480.0,1674.0
islet-adltmr,720575940870692182,720575940879241452,2,axon_pre,False,325.0,1089.0
islet-adltmr,720575940870692182,720575940875184727,2,axon_pre,False,197.0,2883.0
islet-adltmr,720575940870692182,720575940911358960,2,axon_pre,False,131.0,2138.0
islet-adltmr,720575940870692182,720575940897720563,2,axon_pre,False,435.0,1799.0
islet-adltmr,720575940870692182,720575940887231454,2,axon_pre,False,242.0,1112.0
islet-adltmr,720575940870692182,720575940959744020,2,axon_pre,False,94.0,1438.0
islet-adltmr,720575940870692182,720575940922914845,2,axon_pre,False,116.0,1432.0
islet-adltmr,720575940870692182,720575940885851550,2,axon_pre,False,239.0,2452.0
islet-adltmr,720575940870692182,720575940914259775,2,axon_pre,False,7.0,404.0
islet-adltmr,720575940870692182,720575940923296044,2,axon_pre,False,661.0,5024.0
islet-adltmr,720575940870692182,720575940888451261,2,axon_pre,False,1162.0,1516.0
islet-adltmr,720575940870692182,720575940934887958,2,axon_pre,False,1573.0,2117.0
islet-adltmr,720575940870692182,720575940912753342,2,axon_pre,False,55.0,750.0
islet-adltmr,720575940870692182,720575940878097987,2,axon_pre,False,739.0,1021.0
islet-adltmr,720575940870692182,720575940909312834,2,axon_pre,False,201.0,1352.0
islet-adltmr,720575940870692182,720575940889933755,2,axon_pre,False,283.0,4567.0
islet-adltmr,720575940870692182,720575940903640130,2,axon_pre,False,180.0,1455.0
islet-adltmr,720575940870692182,720575940944935702,2,axon_pre,False,130.0,1474.0
islet-adltmr,720575940870692182,720575940894582025,2,axon_pre,False,172.0,792.0
islet-adltmr,720575940870692182,720575940880398983,2,axon_pre,False,1303.0,2421.0
islet-adltmr,720575940870692182,720575940915738304,2,axon_pre,False,256.0,1864.0
islet-adltmr,720575940870692182,720575940901326639,2,axon_pre,False,1089.0,1778.0
islet-adltmr,720575940870692182,720575940931965206,2,axon_pre,False,379.0,967.0
islet-adltmr,720575940870692182,720575940902207984,2,axon_pre,False,1696.0,2291.0
islet-adltmr,720575940870692182,720575940914835184,2,axon_pre,False,21.0,570.0
islet-adltmr,720575940870692182,720575940906054459,2,axon_pre,False,243.0,2158.0
islet-adltmr,720575940870692182,720575940920014197,2,axon_pre,False,214.0,750.0
islet-adltmr,720575940870692182,720575940939681605,2,axon_pre,False,604.0,2430.0
islet-adltmr,720575940870692182,720575940880946065,2,axon_pre,False,352.0,1028.0
islet-adltmr,720575940870692182,720575940888138063,2,axon_pre,False,253.0,2886.0
islet-adltmr,720575940870692182,720575940915390365,2,axon_pre,False,569.0,1405.0
islet-adltmr,720575940870692182,720575940890171654,2,axon_pre,False,297.0,993.0
islet-adltmr,720575940870692182,720575940898368944,2,axon_pre,False,60.0,1321.0
islet-adltmr,720575940870692182,720575940881728862,2,axon_pre,False,165.0,1259.0
islet-adltmr,720575940870692182,720575940929540329,2,axon_pre,False,1337.0,2817.0
islet-adltmr,720575940870692182,720575940941785366,2,axon_pre,False,78.0,787.0
islet-adltmr,720575940870692182,720575940889817526,2,axon_pre,False,72.0,952.0
islet-adltmr,720575940870692182,720575940933564587,2,axon_pre,False,307.0,520.0
islet-adltmr,720575940870692182,720575940928181270,2,axon_pre,False,85.0,1008.0
islet-adltmr,720575940870692182,720575940907015209,2,axon_pre,False,339.0,1402.0
islet-adltmr,720575940870692182,720575940870620483,2,axon_pre,False,116.0,578.0
islet-adltmr,720575940870692182,720575940901395069,2,axon_pre,False,65.0,908.0
islet-adltmr,720575940870692182,720575940893297483,2,axon_pre,False,128.0,1723.0
islet-adltmr,720575940870692182,720575940889211830,2,axon_pre,False,193.0,1369.0
islet-adltmr,720575940870692182,720575940879005507,2,axon_pre,False,223.0,1102.0
islet-adltmr,720575940870692182,720575940910384194,2,axon_pre,False,159.0,1187.0
ad-htmr,720575940873510206,720575940892017863,29,axon_pre,False,343.0,3464.0
ad-htmr,720575940873510206,720575940888030663,17,axon_pre,False,242.0,2809.0
ad-htmr,720575940873510206,720575940890204422,13,axon_pre,False,354.0,2815.0
ad-htmr,720575940873510206,720575940872685534,13,axon_pre,False,243.0,2758.0
ad-htmr,720575940873510206,720575940885782942,10,axon_pre,False,115.0,1916.0
ad-htmr,720575940873510206,720575940907688433,10,axon_pre,False,195.0,2620.0
ad-htmr,720575940873510206,720575940883497054,10,axon_pre,False,236.0,3082.0
ad-htmr,720575940873510206,720575940909097664,9,axon_pre,False,228.0,2676.0
ad-htmr,720575940873510206,720575940897240066,8,axon_pre,False,359.0,2789.0
ad-htmr,720575940873510206,720575940878302251,8,axon_pre,False,216.0,1768.0
ad-htmr,720575940873510206,720575940930875213,7,axon_pre,False,255.0,1792.0
ad-htmr,720575940873510206,720575940907988928,6,axon_pre,False,114.0,1797.0
ad-htmr,720575940873510206,720575940885851550,6,axon_pre,False,239.0,2452.0
ad-htmr,720575940873510206,720575940927109144,6,axon_pre,False,1162.0,3222.0
ad-htmr,720575940873510206,720575940920006013,5,axon_pre,False,234.0,1820.0
ad-htmr,720575940873510206,720575940882436301,5,axon_pre,False,314.0,2007.0
ad-htmr,720575940873510206,720575940877129819,4,axon_pre,False,383.0,2753.0
ad-htmr,720575940873510206,720575940889201125,4,axon_pre,False,229.0,1744.0
ad-htmr,720575940873510206,720575940897969290,4,axon_pre,False,122.0,1628.0
ad-htmr,720575940873510206,720575940924191621,4,axon_pre,False,193.0,1774.0
ad-htmr,720575940873510206,720575940957189908,4,axon_pre,False,111.0,1656.0
ad-htmr,720575940873510206,720575940889192567,4,axon_pre,False,308.0,1703.0
ad-htmr,720575940873510206,720575940940334251,3,axon_pre,False,268.0,1902.0
ad-htmr,720575940873510206,720575940908280304,3,axon_pre,False,188.0,2634.0
ad-htmr,720575940873510206,720575940896015603,3,axon_pre,False,89.0,1367.0
ad-htmr,720575940873510206,720575940909320219,3,axon_pre,False,250.0,3003.0
ad-htmr,720575940873510206,720575940898358983,3,axon_pre,False,260.0,753.0
ad-htmr,720575940873510206,720575940897997194,3,axon_pre,False,512.0,8774.0
ad-htmr,720575940873510206,720575940929533946,3,axon_pre,False,320.0,2000.0
ad-htmr,720575940873510206,720575940887686343,3,axon_pre,False,328.0,907.0
ad-htmr,720575940873510206,720575940880850833,3,axon_pre,False,239.0,3744.0
ad-htmr,720575940873510206,720575940881777488,2,axon_pre,False,222.0,2312.0
ad-htmr,720575940873510206,720575940908110320,2,axon_pre,False,86.0,1169.0
ad-htmr,720575940873510206,720575940887037158,2,axon_pre,False,111.0,1680.0
ad-htmr,720575940873510206,720575940908057073,2,axon_pre,False,267.0,2799.0
ad-htmr,720575940873510206,720575940872777842,2,axon_pre,False,1389.0,2330.0
ad-htmr,720575940873510206,720575940888976061,2,axon_pre,False,241.0,3311.0
ad-htmr,720575940873510206,720575940954502932,2,axon_pre,False,69.0,1246.0
ad-htmr,720575940873510206,720575940882448077,2,axon_pre,False,109.0,1645.0
ad-htmr,720575940873510206,720575940927130444,2,axon_pre,False,93.0,2006.0
ad-htmr,720575940873510206,720575940914108144,2,axon_pre,False,107.0,830.0
ad-htmr,720575940873510206,720575940894134000,2,axon_pre,False,55.0,1506.0
ad-htmr,720575940873510206,720575940868694509,2,axon_pre,False,573.0,855.0
ad-htmr,720575940873510206,720575940883762716,2,axon_pre,False,253.0,2555.0
ad-htmr,720575940873510206,720575940912862208,2,axon_pre,False,274.0,1925.0
ad-htmr,720575940873510206,720575940895124162,2,axon_pre,False,63.0,1224.0
ad-htmr,720575940873510206,720575940889122544,2,axon_pre,False,156.0,1832.0
ad-htmr,720575940873510206,720575940879997826,2,axon_pre,False,372.0,1404.0
ad-htmr,720575940873510206,720575940892151138,2,axon_pre,False,202.0,1917.0
ad-htmr,720575940873510206,720575940928347132,2,axon_pre,False,794.0,1596.0
ad-htmr,720575940873510206,720575940915757504,2,axon_pre,False,227.0,2811.0
ad-htmr,720575940873510206,720575940892653428,2,axon_pre,False,54.0,2193.0
ad-htmr,720575940873510206,720575940917616479,2,axon_pre,False,175.0,1428.0
ad-htmr,720575940873510206,720575940891956925,2,axon_pre,False,149.0,2583.0
islet-chtmr,720575940877168648,720575940890204422,3,axon_pre,False,354.0,2815.0
islet-chtmr,720575940877168648,720575940896819018,3,axon_pre,False,160.0,991.0
islet-chtmr,720575940877168648,720575940899153235,3,axon_pre,False,339.0,954.0
islet-chtmr,720575940877168648,720575940955159896,3,axon_pre,False,165.0,1664.0
islet-chtmr,720575940877168648,720575940950757652,2,axon_pre,False,70.0,1192.0
islet-chtmr,720575940877168648,720575940865183697,2,axon_pre,False,152.0,901.0
islet-chtmr,720575940877168648,720575940888206927,2,axon_pre,False,176.0,996.0
islet-chtmr,720575940877168648,720575940906389554,2,axon_pre,False,186.0,1106.0
islet-chtmr,720575940877168648,720575940894178664,2,axon_pre,False,449.0,1366.0
islet-chtmr,720575940877168648,720575940893882119,2,axon_pre,False,141.0,997.0
islet-chtmr,720575940877168648,720575940895686440,2,axon_pre,False,246.0,1164.0
islet-chtmr,720575940877168648,720575940911418815,2,axon_pre,False,105.0,1042.0
islet-chtmr,720575940877168648,720575940885010379,2,axon_pre,False,160.0,1532.0
islet-chtmr,720575940877168648,720575940871503673,2,axon_pre,False,163.0,1078.0
islet-chtmr,720575940877168648,720575940892652404,2,axon_pre,False,156.0,1180.0
islet-chtmr,720575940877168648,720575940880975615,2,axon_pre,False,154.0,1887.0
islet-chtmr,720575940877168648,720575940899257026,2,axon_pre,False,159.0,1144.0
islet-chtmr,720575940877168648,720575940936008358,2,axon_pre,False,93.0,1165.0
ad-htmr,720575940877569847,720575940927109144,28,axon_pre,False,1162.0,3222.0
ad-htmr,720575940877569847,720575940907688433,22,axon_pre,False,195.0,2620.0
ad-htmr,720575940877569847,720575940883497054,18,axon_pre,False,236.0,3082.0
ad-htmr,720575940877569847,720575940893395733,13,axon_pre,False,656.0,2134.0
ad-htmr,720575940877569847,720575940862216039,12,axon_pre,False,356.0,2752.0
ad-htmr,720575940877569847,720575940898669202,11,axon_pre,False,180.0,2111.0
ad-htmr,720575940877569847,720575940888030663,11,axon_pre,False,242.0,2809.0
ad-htmr,720575940877569847,720575940903370509,10,axon_pre,False,931.0,2410.0
ad-htmr,720575940877569847,720575940896687815,10,axon_pre,False,322.0,3127.0
ad-htmr,720575940877569847,720575940881906939,9,axon_pre,False,306.0,3349.0
ad-htmr,720575940877569847,720575940914191600,9,axon_pre,False,114.0,1664.0
ad-htmr,720575940877569847,720575940894634964,8,axon_pre,False,301.0,1906.0
ad-htmr,720575940877569847,720575940939792662,8,axon_pre,False,127.0,2368.0
ad-htmr,720575940877569847,720575940898821575,8,axon_pre,False,341.0,3097.0
ad-htmr,720575940877569847,720575940900889280,8,axon_pre,False,142.0,2638.0
ad-htmr,720575940877569847,720575940878302251,8,axon_pre,False,216.0,1768.0
ad-htmr,720575940877569847,720575940883025885,8,axon_pre,False,213.0,2601.0
ad-htmr,720575940877569847,720575940899845309,7,axon_pre,False,167.0,2804.0
ad-htmr,720575940877569847,720575940930875213,7,axon_pre,False,255.0,1792.0
ad-htmr,720575940877569847,720575940927174424,7,axon_pre,False,346.0,3478.0
ad-htmr,720575940877569847,720575940897151504,7,axon_pre,False,191.0,1461.0
ad-htmr,720575940877569847,720575940922914845,6,axon_pre,False,116.0,1432.0
ad-htmr,720575940877569847,720575940882122272,6,axon_pre,False,238.0,1741.0
ad-htmr,720575940877569847,720575940885782942,6,axon_pre,False,115.0,1916.0
ad-htmr,720575940877569847,720575940904075984,6,axon_pre,False,294.0,2159.0
ad-htmr,720575940877569847,720575940908784985,6,axon_pre,False,187.0,1838.0
ad-htmr,720575940877569847,720575940924191621,6,axon_pre,False,193.0,1774.0
ad-htmr,720575940877569847,720575940902589394,6,axon_pre,False,152.0,2674.0
ad-htmr,720575940877569847,720575940900764096,6,axon_pre,False,174.0,2133.0
ad-htmr,720575940877569847,720575940888731665,6,axon_pre,False,267.0,5199.0
ad-htmr,720575940877569847,720575940903705075,5,axon_pre,False,168.0,2476.0
ad-htmr,720575940877569847,720575940915183167,5,axon_pre,False,118.0,858.0
ad-htmr,720575940877569847,720575940905085750,5,axon_pre,False,197.0,1510.0
ad-htmr,720575940877569847,720575940894647859,4,axon_pre,False,481.0,2457.0
ad-htmr,720575940877569847,720575940861413874,4,axon_pre,False,158.0,2318.0
ad-htmr,720575940877569847,720575940869411035,4,axon_pre,False,23.0,1084.0
ad-htmr,720575940877569847,720575940871488313,4,axon_pre,False,226.0,751.0
ad-htmr,720575940877569847,720575940895436190,4,axon_pre,False,71.0,1047.0
ad-htmr,720575940877569847,720575940917330067,4,axon_pre,False,86.0,2056.0
ad-htmr,720575940877569847,720575940881935355,4,axon_pre,False,481.0,1829.0
ad-htmr,720575940877569847,720575940900280697,4,axon_pre,False,221.0,1667.0
ad-htmr,720575940877569847,720575940877129819,4,axon_pre,False,383.0,2753.0
ad-htmr,720575940877569847,720575940927149336,4,axon_pre,False,288.0,1746.0
ad-htmr,720575940877569847,720575940900963269,4,axon_pre,False,383.0,2075.0
ad-htmr,720575940877569847,720575940909097664,4,axon_pre,False,228.0,2676.0
ad-htmr,720575940877569847,720575940920902057,3,axon_pre,False,311.0,2643.0
ad-htmr,720575940877569847,720575940898832327,3,axon_pre,False,125.0,1505.0
ad-htmr,720575940877569847,720575940939659845,3,axon_pre,False,291.0,2548.0
ad-htmr,720575940877569847,720575940887686343,3,axon_pre,False,328.0,907.0
ad-htmr,720575940877569847,720575940899174536,3,axon_pre,False,313.0,4330.0
ad-htmr,720575940877569847,720575940887033574,3,axon_pre,False,1186.0,2098.0
ad-htmr,720575940877569847,720575940920006013,3,axon_pre,False,234.0,1820.0
ad-htmr,720575940877569847,720575940896736698,3,axon_pre,False,328.0,1816.0
ad-htmr,720575940877569847,720575940920415120,3,axon_pre,False,457.0,2572.0
ad-htmr,720575940877569847,720575940882041376,3,axon_pre,False,243.0,1196.0
ad-htmr,720575940877569847,720575940879997826,3,axon_pre,False,372.0,1404.0
ad-htmr,720575940877569847,720575940900227298,3,axon_pre,False,149.0,2445.0
ad-htmr,720575940877569847,720575940899553712,3,axon_pre,False,158.0,1654.0
ad-htmr,720575940877569847,720575940886901703,3,axon_pre,False,303.0,1622.0
ad-htmr,720575940877569847,720575940875009249,3,axon_pre,False,1574.0,2658.0
ad-htmr,720575940877569847,720575940920001149,3,axon_pre,False,156.0,1852.0
ad-htmr,720575940877569847,720575940896624826,3,axon_pre,False,74.0,3448.0
ad-htmr,720575940877569847,720575940899824527,3,axon_pre,False,183.0,1383.0
ad-htmr,720575940877569847,720575940899328697,2,axon_pre,False,302.0,3219.0
ad-htmr,720575940877569847,720575940882072442,2,axon_pre,False,214.0,1372.0
ad-htmr,720575940877569847,720575940886001350,2,axon_pre,False,289.0,3637.0
ad-htmr,720575940877569847,720575940929601786,2,axon_pre,False,1507.0,2271.0
ad-htmr,720575940877569847,720575940880869521,2,axon_pre,False,211.0,1578.0
ad-htmr,720575940877569847,720575940914039998,2,axon_pre,False,418.0,743.0
ad-htmr,720575940877569847,720575940961402132,2,axon_pre,False,74.0,1507.0
ad-htmr,720575940877569847,720575940914888470,2,axon_pre,False,339.0,742.0
ad-htmr,720575940877569847,720575940889201125,2,axon_pre,False,229.0,1744.0
ad-htmr,720575940877569847,720575940897460886,2,axon_pre,False,612.0,1733.0
ad-htmr,720575940877569847,720575940908057073,2,axon_pre,False,267.0,2799.0
ad-htmr,720575940877569847,720575940941106028,2,axon_pre,False,504.0,2033.0
ad-htmr,720575940877569847,720575940872777842,2,axon_pre,False,1389.0,2330.0
ad-htmr,720575940877569847,720575940955159896,2,axon_pre,False,165.0,1664.0
ad-htmr,720575940877569847,720575940909320219,2,axon_pre,False,250.0,3003.0
ad-htmr,720575940877569847,720575940862186599,2,axon_pre,False,684.0,2702.0
ad-htmr,720575940877569847,720575940888793434,2,axon_pre,False,461.0,1688.0
ad-htmr,720575940877569847,720575940889238903,2,axon_pre,False,620.0,1197.0
ad-htmr,720575940877569847,720575940897567449,2,axon_pre,False,242.0,1542.0
ad-htmr,720575940877569847,720575940892150526,2,axon_pre,False,140.0,1852.0
ad-htmr,720575940877569847,720575940881777488,2,axon_pre,False,222.0,2312.0
ad-htmr,720575940877569847,720575940870231427,2,axon_pre,False,222.0,2296.0
ad-htmr,720575940877569847,720575940885185217,2,axon_pre,False,432.0,719.0
ad-htmr,720575940877569847,720575940865165521,2,axon_pre,False,1514.0,2311.0
ad-htmr,720575940877569847,720575940923209772,2,axon_pre,False,148.0,1516.0
ad-htmr,720575940877569847,720575940928314364,2,axon_pre,False,294.0,2005.0
ad-htmr,720575940877569847,720575940894028021,2,axon_pre,False,255.0,1762.0
ad-htmr,720575940877569847,720575940878343291,2,axon_pre,False,133.0,2647.0
ad-htmr,720575940877569847,720575940890539702,2,axon_pre,False,215.0,583.0
ad-htmr,720575940877569847,720575940897136313,2,axon_pre,False,57.0,1786.0
ad-htmr,720575940877569847,720575940891718567,2,axon_pre,False,245.0,682.0
ad-htmr,720575940877569847,720575940893964021,2,axon_pre,False,341.0,2113.0
ad-htmr,720575940877569847,720575940928237052,2,axon_pre,False,48.0,631.0
ad-htmr,720575940877569847,720575940930825293,2,axon_pre,False,249.0,1784.0
ad-htmr,720575940877569847,720575940903415309,2,axon_pre,False,546.0,1519.0
ad-htmr,720575940877569847,720575940899333505,2,axon_pre,False,192.0,2019.0
IN-abltmr,720575940878308395,720575940884134399,26,axon_pre,False,264.0,2380.0
IN-abltmr,720575940878308395,720575940905344958,17,axon_pre,False,296.0,4762.0
IN-abltmr,720575940878308395,720575940869499754,12,axon_pre,False,1207.0,1766.0
IN-abltmr,720575940878308395,720575940908329988,12,axon_pre,False,432.0,5011.0
IN-abltmr,720575940878308395,720575940937260062,11,axon_pre,False,273.0,8955.0
IN-abltmr,720575940878308395,720575940927319884,11,axon_pre,False,1326.0,2573.0
IN-abltmr,720575940878308395,720575940882555230,11,axon_pre,False,54.0,1738.0
IN-abltmr,720575940878308395,720575940893054634,9,axon_pre,False,195.0,2413.0
IN-abltmr,720575940878308395,720575940902788207,9,axon_pre,False,91.0,2437.0
IN-abltmr,720575940878308395,720575940923296044,8,axon_pre,False,661.0,5024.0
IN-abltmr,720575940878308395,720575940897997194,8,axon_pre,False,512.0,8774.0
IN-abltmr,720575940878308395,720575940935627388,8,axon_pre,False,125.0,2139.0
IN-abltmr,720575940878308395,720575940883233694,8,axon_pre,False,35.0,1260.0
IN-abltmr,720575940878308395,720575940894669780,8,axon_pre,False,188.0,4404.0
IN-abltmr,720575940878308395,720575940951224359,8,axon_pre,False,80.0,2149.0
IN-abltmr,720575940878308395,720575940896751434,8,axon_pre,False,376.0,14889.0
IN-abltmr,720575940878308395,720575940923295788,7,axon_pre,False,444.0,2208.0
IN-abltmr,720575940878308395,720575940865430175,7,axon_pre,False,207.0,2250.0
IN-abltmr,720575940878308395,720575940900303225,7,axon_pre,False,213.0,1864.0
IN-abltmr,720575940878308395,720575940922720298,7,axon_pre,False,427.0,15532.0
IN-abltmr,720575940878308395,720575940897257474,7,axon_pre,False,547.0,4326.0
IN-abltmr,720575940878308395,720575940940394411,7,axon_pre,False,463.0,5805.0
IN-abltmr,720575940878308395,720575940912299389,7,axon_pre,False,118.0,2848.0
IN-abltmr,720575940878308395,720575940894647859,6,axon_pre,False,481.0,2457.0
IN-abltmr,720575940878308395,720575940895867758,6,axon_pre,False,159.0,8050.0
IN-abltmr,720575940878308395,720575940912859648,6,axon_pre,False,206.0,2348.0
IN-abltmr,720575940878308395,720575940897097173,6,axon_pre,False,315.0,1644.0
IN-abltmr,720575940878308395,720575940905404873,6,axon_pre,False,1351.0,2170.0
IN-abltmr,720575940878308395,720575940962944788,6,axon_pre,False,75.0,1812.0
IN-abltmr,720575940878308395,720575940887146970,5,axon_pre,False,423.0,4160.0
IN-abltmr,720575940878308395,720575940874962398,5,axon_pre,False,268.0,2263.0
IN-abltmr,720575940878308395,720575940893177002,5,axon_pre,False,558.0,2174.0
IN-abltmr,720575940878308395,720575940939475222,5,axon_pre,False,292.0,1608.0
IN-abltmr,720575940878308395,720575940847521389,5,axon_pre,False,351.0,2695.0
IN-abltmr,720575940878308395,720575940919953277,5,axon_pre,False,758.0,29604.0
IN-abltmr,720575940878308395,720575940892132258,5,axon_pre,False,126.0,1752.0
IN-abltmr,720575940878308395,720575940899322041,5,axon_pre,False,92.0,3491.0
IN-abltmr,720575940878308395,720575940940845846,5,axon_pre,False,193.0,2156.0
IN-abltmr,720575940878308395,720575940895289006,5,axon_pre,False,544.0,875.0
IN-abltmr,720575940878308395,720575940889872822,5,axon_pre,False,37.0,1200.0
IN-abltmr,720575940878308395,720575940925826374,5,axon_pre,False,840.0,1729.0
IN-abltmr,720575940878308395,720575940903908595,5,axon_pre,False,158.0,1942.0
IN-abltmr,720575940878308395,720575940922013099,5,axon_pre,False,103.0,4418.0
IN-abltmr,720575940878308395,720575940899524544,4,axon_pre,False,31.0,1362.0
IN-abltmr,720575940878308395,720575940891880903,4,axon_pre,False,339.0,14412.0
IN-abltmr,720575940878308395,720575940892583284,4,axon_pre,False,549.0,2376.0
IN-abltmr,720575940878308395,720575940876317663,4,axon_pre,False,242.0,3754.0
IN-abltmr,720575940878308395,720575940886925961,4,axon_pre,False,132.0,1878.0
IN-abltmr,720575940878308395,720575940935774230,4,axon_pre,False,59.0,1717.0
IN-abltmr,720575940878308395,720575940881885278,4,axon_pre,False,322.0,2213.0
IN-abltmr,720575940878308395,720575940948740374,4,axon_pre,False,90.0,2323.0
IN-abltmr,720575940878308395,720575940872904306,4,axon_pre,False,549.0,1626.0
IN-abltmr,720575940878308395,720575940880869521,4,axon_pre,False,211.0,1578.0
IN-abltmr,720575940878308395,720575940944135190,4,axon_pre,False,186.0,1611.0
IN-abltmr,720575940878308395,720575940881857118,4,axon_pre,False,323.0,1445.0
IN-abltmr,720575940878308395,720575940903932226,4,axon_pre,False,72.0,4429.0
IN-abltmr,720575940878308395,720575940890406838,4,axon_pre,False,135.0,2683.0
IN-abltmr,720575940878308395,720575940884007084,4,axon_pre,False,479.0,7838.0
IN-abltmr,720575940878308395,720575940916014688,4,axon_pre,False,306.0,2342.0
IN-abltmr,720575940878308395,720575940884996789,4,axon_pre,False,334.0,1675.0
IN-abltmr,720575940878308395,720575940889995963,4,axon_pre,False,112.0,1441.0
IN-abltmr,720575940878308395,720575940882524254,3,axon_pre,False,332.0,1952.0
IN-abltmr,720575940878308395,720575940868483480,3,axon_pre,False,69.0,1716.0
IN-abltmr,720575940878308395,720575940887129533,3,axon_pre,False,213.0,1506.0
IN-abltmr,720575940878308395,720575940921757718,3,axon_pre,False,94.0,1391.0
IN-abltmr,720575940878308395,720575940896741053,3,axon_pre,False,133.0,5467.0
IN-abltmr,720575940878308395,720575940903354252,3,axon_pre,False,877.0,1903.0
IN-abltmr,720575940878308395,720575940881255518,3,axon_pre,False,42.0,2661.0
IN-abltmr,720575940878308395,720575940894608435,3,axon_pre,False,726.0,2697.0
IN-abltmr,720575940878308395,720575940893233995,3,axon_pre,False,250.0,1665.0
IN-abltmr,720575940878308395,720575940895371950,3,axon_pre,False,573.0,1695.0
IN-abltmr,720575940878308395,720575940903571904,3,axon_pre,False,226.0,3954.0
IN-abltmr,720575940878308395,720575940871491385,3,axon_pre,False,300.0,2689.0
IN-abltmr,720575940878308395,720575940889227749,3,axon_pre,False,450.0,8597.0
IN-abltmr,720575940878308395,720575940884101670,3,axon_pre,False,190.0,1603.0
IN-abltmr,720575940878308395,720575940888887926,3,axon_pre,False,239.0,2068.0
IN-abltmr,720575940878308395,720575940876253663,3,axon_pre,False,254.0,3589.0
IN-abltmr,720575940878308395,720575940909320219,3,axon_pre,False,250.0,3003.0
IN-abltmr,720575940878308395,720575940875725885,3,axon_pre,False,108.0,1402.0
IN-abltmr,720575940878308395,720575940881709648,3,axon_pre,False,184.0,1489.0
IN-abltmr,720575940878308395,720575940922698026,3,axon_pre,False,460.0,2339.0
IN-abltmr,720575940878308395,720575940921278926,3,axon_pre,False,700.0,1665.0
IN-abltmr,720575940878308395,720575940889016246,3,axon_pre,False,269.0,4857.0
IN-abltmr,720575940878308395,720575940944563990,3,axon_pre,False,207.0,13495.0
IN-abltmr,720575940878308395,720575940879369950,3,axon_pre,False,282.0,1457.0
IN-abltmr,720575940878308395,720575940909377984,3,axon_pre,False,453.0,11773.0
IN-abltmr,720575940878308395,720575940847499885,3,axon_pre,False,272.0,3278.0
IN-abltmr,720575940878308395,720575940917856907,3,axon_pre,False,394.0,1749.0
IN-abltmr,720575940878308395,720575940889945782,3,axon_pre,False,329.0,1920.0
IN-abltmr,720575940878308395,720575940884025516,3,axon_pre,False,233.0,1838.0
IN-abltmr,720575940878308395,720575940911510974,3,axon_pre,False,114.0,2039.0
IN-abltmr,720575940878308395,720575940889069238,3,axon_pre,False,260.0,1118.0
IN-abltmr,720575940878308395,720575940888825103,3,axon_pre,False,265.0,2144.0
IN-abltmr,720575940878308395,720575940902353848,3,axon_pre,False,159.0,1741.0
IN-abltmr,720575940878308395,720575940929614881,3,axon_pre,False,129.0,1303.0
IN-abltmr,720575940878308395,720575940898729874,3,axon_pre,False,288.0,2350.0
IN-abltmr,720575940878308395,720575940940889432,3,axon_pre,False,33.0,534.0
IN-abltmr,720575940878308395,720575940905043414,3,axon_pre,False,954.0,2118.0
IN-abltmr,720575940878308395,720575940880848529,3,axon_pre,False,422.0,3374.0
IN-abltmr,720575940878308395,720575940898700480,3,axon_pre,False,549.0,3026.0
IN-abltmr,720575940878308395,720575940886073286,3,axon_pre,False,114.0,1307.0
IN-abltmr,720575940878308395,720575940896738749,3,axon_pre,False,150.0,4821.0
IN-abltmr,720575940878308395,720575940879718366,3,axon_pre,False,215.0,2133.0
IN-abltmr,720575940878308395,720575940902634194,2,axon_pre,False,498.0,3678.0
IN-abltmr,720575940878308395,720575940878872884,2,axon_pre,False,51.0,1495.0
IN-abltmr,720575940878308395,720575940885038539,2,axon_pre,False,1058.0,1950.0
IN-abltmr,720575940878308395,720575940890081080,2,axon_pre,False,77.0,1528.0
IN-abltmr,720575940878308395,720575940877167368,2,axon_pre,False,160.0,2286.0
IN-abltmr,720575940878308395,720575940881900638,2,axon_pre,False,425.0,1845.0
IN-abltmr,720575940878308395,720575940910274114,2,axon_pre,False,68.0,1774.0
IN-abltmr,720575940878308395,720575940892542449,2,axon_pre,False,149.0,4042.0
IN-abltmr,720575940878308395,720575940896248247,2,axon_pre,False,66.0,1926.0
IN-abltmr,720575940878308395,720575940898505971,2,axon_pre,False,213.0,1375.0
IN-abltmr,720575940878308395,720575940894103027,2,axon_pre,False,113.0,1683.0
IN-abltmr,720575940878308395,720575940949943572,2,axon_pre,False,60.0,1854.0
IN-abltmr,720575940878308395,720575940878303531,2,axon_pre,False,273.0,2587.0
IN-abltmr,720575940878308395,720575940882584158,2,axon_pre,False,328.0,2252.0
IN-abltmr,720575940878308395,720575940905256393,2,axon_pre,False,368.0,1985.0
IN-abltmr,720575940878308395,720575940872440542,2,axon_pre,False,30.0,1181.0
IN-abltmr,720575940878308395,720575940906423858,2,axon_pre,False,219.0,2564.0
IN-abltmr,720575940878308395,720575940873374014,2,axon_pre,False,114.0,1046.0
IN-abltmr,720575940878308395,720575940902653906,2,axon_pre,False,785.0,2720.0
IN-abltmr,720575940878308395,720575940897126585,2,axon_pre,False,240.0,1190.0
IN-abltmr,720575940878308395,720575940883953958,2,axon_pre,False,274.0,1863.0
IN-abltmr,720575940878308395,720575940898044349,2,axon_pre,False,203.0,3266.0
IN-abltmr,720575940878308395,720575940908394244,2,axon_pre,False,132.0,1983.0
IN-abltmr,720575940878308395,720575940927244256,2,axon_pre,False,483.0,2750.0
IN-abltmr,720575940878308395,720575940875640030,2,axon_pre,False,336.0,2372.0
IN-abltmr,720575940878308395,720575940898829241,2,axon_pre,False,85.0,1504.0
IN-abltmr,720575940878308395,720575940880005762,2,axon_pre,False,553.0,3286.0
IN-abltmr,720575940878308395,720575940893899902,2,axon_pre,False,1124.0,6122.0
IN-abltmr,720575940878308395,720575940893355965,2,axon_pre,False,179.0,1513.0
IN-abltmr,720575940878308395,720575940883492517,2,axon_pre,False,307.0,3500.0
IN-abltmr,720575940878308395,720575940878266491,2,axon_pre,False,211.0,1930.0
IN-abltmr,720575940878308395,720575940883402846,2,axon_pre,False,250.0,1864.0
IN-abltmr,720575940878308395,720575940932040543,2,axon_pre,False,70.0,1589.0
IN-abltmr,720575940878308395,720575940882417502,2,axon_pre,False,477.0,2099.0
IN-abltmr,720575940878308395,720575940900288190,2,axon_pre,False,403.0,1618.0
IN-abltmr,720575940878308395,720575940893951431,2,axon_pre,False,311.0,5861.0
IN-abltmr,720575940878308395,720575940947772180,2,axon_pre,False,31.0,1115.0
IN-abltmr,720575940878308395,720575940902759535,2,axon_pre,False,206.0,1849.0
IN-abltmr,720575940878308395,720575940883202263,2,axon_pre,False,205.0,2293.0
IN-abltmr,720575940878308395,720575940911461035,2,axon_pre,False,304.0,1436.0
IN-abltmr,720575940878308395,720575940886975479,2,axon_pre,False,154.0,2077.0
IN-abltmr,720575940878308395,720575940920895145,2,axon_pre,False,234.0,2675.0
IN-abltmr,720575940878308395,720575940900844272,2,axon_pre,False,95.0,1697.0
IN-abltmr,720575940878308395,720575940948777494,2,axon_pre,False,186.0,1650.0
IN-abltmr,720575940878308395,720575940882994235,2,axon_pre,False,45.0,715.0
IN-abltmr,720575940878308395,720575940903129328,2,axon_pre,False,279.0,2005.0
IN-abltmr,720575940878308395,720575940918106283,2,axon_pre,False,113.0,1260.0
IN-abltmr,720575940878308395,720575940914284866,2,axon_pre,False,141.0,1367.0
IN-abltmr,720575940878308395,720575940893316683,2,axon_pre,False,1093.0,1960.0
IN-abltmr,720575940878308395,720575940892058178,2,axon_pre,False,161.0,1814.0
IN-abltmr,720575940878308395,720575940878884148,2,axon_pre,False,88.0,1399.0
IN-abltmr,720575940878308395,720575940881824336,2,axon_pre,False,133.0,1867.0
IN-abltmr,720575940878308395,720575940925832107,2,axon_pre,False,78.0,4097.0
IN-abltmr,720575940878308395,720575940889220278,2,axon_pre,False,78.0,1393.0
IN-abltmr,720575940878308395,720575940872799858,2,axon_pre,False,492.0,1775.0
IN-abltmr,720575940878308395,720575940912746365,2,axon_pre,False,34.0,1225.0
IN-abltmr,720575940878308395,720575940904502259,2,axon_pre,False,32.0,1552.0
IN-abltmr,720575940878308395,720575940884112895,2,axon_pre,False,180.0,2231.0
IN-abltmr,720575940878308395,720575940880839442,2,axon_pre,False,1081.0,2538.0
IN-abltmr,720575940878308395,720575940898397693,2,axon_pre,False,217.0,1615.0
IN-abltmr,720575940878308395,720575940948750614,2,axon_pre,False,347.0,1919.0
IN-abltmr,720575940878308395,720575940881582430,2,axon_pre,False,228.0,1792.0
IN-abltmr,720575940878308395,720575940889318582,2,axon_pre,False,190.0,1399.0
IN-abltmr,720575940878308395,720575940906671203,2,axon_pre,False,327.0,3392.0
IN-abltmr,720575940878308395,720575940908643518,2,axon_pre,False,77.0,1432.0
IN-abltmr,720575940878308395,720575940948766486,2,axon_pre,False,298.0,4170.0
IN-abltmr,720575940878308395,720575940886213558,2,axon_pre,False,116.0,1760.0
IN-abltmr,720575940878308395,720575940888707930,2,axon_pre,False,192.0,2876.0
IN-abltmr,720575940878308395,720575940892721137,2,axon_pre,False,31.0,1143.0
IN-abltmr,720575940878308395,720575940886279076,2,axon_pre,False,494.0,1396.0
IN-abltmr,720575940878308395,720575940908329732,2,axon_pre,False,227.0,2663.0
IN-abltmr,720575940878308395,720575940886677181,2,axon_pre,False,242.0,3983.0
IN-abltmr,720575940878308395,720575940898477757,2,axon_pre,False,253.0,2642.0
IN-abltmr,720575940878308395,720575940890980673,2,axon_pre,False,913.0,3094.0
IN-abltmr,720575940878308395,720575940894666964,2,axon_pre,False,216.0,2014.0
IN-abltmr,720575940878308395,720575940939991830,2,axon_pre,False,337.0,19952.0
IN-abltmr,720575940878308395,720575940887785917,2,axon_pre,False,153.0,1598.0
IN-abltmr,720575940878308395,720575940903370509,2,axon_pre,False,931.0,2410.0
IN-abltmr,720575940878308395,720575940878601054,2,axon_pre,False,119.0,1910.0
IN-abltmr,720575940878308395,720575940929614625,2,axon_pre,False,286.0,1634.0
IN-abltmr,720575940878308395,720575940889282021,2,axon_pre,False,1523.0,1837.0
IN-abltmr,720575940878308395,720575940891521213,2,axon_pre,False,214.0,1541.0
IN-abltmr,720575940878308395,720575940898748921,2,axon_pre,False,285.0,2234.0
IN-abltmr,720575940878308395,720575940887277210,2,axon_pre,False,225.0,1275.0
IN-abltmr,720575940878308395,720575940903640130,2,axon_pre,False,180.0,1455.0
IN-abltmr,720575940878308395,720575940895642813,2,axon_pre,False,83.0,2417.0
IN-abltmr,720575940878308395,720575940891184310,2,axon_pre,False,513.0,3545.0
IN-abltmr,720575940878308395,720575940926099342,2,axon_pre,False,303.0,2702.0
IN-abltmr,720575940878308395,720575940907584340,2,axon_pre,False,521.0,869.0
islet-adltmr,720575940881834320,720575940886893494,14,axon_pre,False,92.0,1749.0
islet-adltmr,720575940881834320,720575940896874826,13,axon_pre,False,138.0,1970.0
islet-adltmr,720575940881834320,720575940880839442,10,axon_pre,False,1081.0,2538.0
islet-adltmr,720575940881834320,720575940939475222,9,axon_pre,False,292.0,1608.0
islet-adltmr,720575940881834320,720575940944962326,9,axon_pre,False,97.0,2064.0
islet-adltmr,720575940881834320,720575940882633628,8,axon_pre,False,77.0,2277.0
islet-adltmr,720575940881834320,720575940883622365,7,axon_pre,False,74.0,1573.0
islet-adltmr,720575940881834320,720575940897126585,7,axon_pre,False,240.0,1190.0
islet-adltmr,720575940881834320,720575940939897366,7,axon_pre,False,175.0,1991.0
islet-adltmr,720575940881834320,720575940884035500,6,axon_pre,False,124.0,1569.0
islet-adltmr,720575940881834320,720575940893316683,6,axon_pre,False,1093.0,1960.0
islet-adltmr,720575940881834320,720575940897161401,6,axon_pre,False,77.0,911.0
islet-adltmr,720575940881834320,720575940898829241,5,axon_pre,False,85.0,1504.0
islet-adltmr,720575940881834320,720575940869499754,5,axon_pre,False,1207.0,1766.0
islet-adltmr,720575940881834320,720575940900210368,5,axon_pre,False,81.0,1468.0
islet-adltmr,720575940881834320,720575940905256393,5,axon_pre,False,368.0,1985.0
islet-adltmr,720575940881834320,720575940944563990,5,axon_pre,False,207.0,13495.0
islet-adltmr,720575940881834320,720575940875725885,5,axon_pre,False,108.0,1402.0
islet-adltmr,720575940881834320,720575940891928819,4,axon_pre,False,695.0,1802.0
islet-adltmr,720575940881834320,720575940889454774,4,axon_pre,False,299.0,2057.0
islet-adltmr,720575940881834320,720575940951212327,4,axon_pre,False,84.0,1564.0
islet-adltmr,720575940881834320,720575940926650390,4,axon_pre,False,143.0,2887.0
islet-adltmr,720575940881834320,720575940887810237,4,axon_pre,False,116.0,1849.0
islet-adltmr,720575940881834320,720575940889230711,4,axon_pre,False,271.0,1695.0
islet-adltmr,720575940881834320,720575940888743862,4,axon_pre,False,56.0,1597.0
islet-adltmr,720575940881834320,720575940914142960,4,axon_pre,False,42.0,1318.0
islet-adltmr,720575940881834320,720575940913996784,3,axon_pre,False,404.0,2315.0
islet-adltmr,720575940881834320,720575940903761699,3,axon_pre,False,144.0,1710.0
islet-adltmr,720575940881834320,720575940889181622,3,axon_pre,False,238.0,1097.0
islet-adltmr,720575940881834320,720575940883395550,3,axon_pre,False,62.0,634.0
islet-adltmr,720575940881834320,720575940883507621,3,axon_pre,False,182.0,2096.0
islet-adltmr,720575940881834320,720575940932826004,3,axon_pre,False,269.0,2833.0
islet-adltmr,720575940881834320,720575940926203534,3,axon_pre,False,1074.0,2113.0
islet-adltmr,720575940881834320,720575940887711560,3,axon_pre,False,120.0,2083.0
islet-adltmr,720575940881834320,720575940952795924,3,axon_pre,False,67.0,1557.0
islet-adltmr,720575940881834320,720575940964319398,3,axon_pre,False,259.0,1867.0
islet-adltmr,720575940881834320,720575940906071232,3,axon_pre,False,67.0,1073.0
islet-adltmr,720575940881834320,720575940917368642,3,axon_pre,False,28.0,1532.0
islet-adltmr,720575940881834320,720575940889843638,3,axon_pre,False,66.0,1078.0
islet-adltmr,720575940881834320,720575940895302585,3,axon_pre,False,151.0,1660.0
islet-adltmr,720575940881834320,720575940905956544,3,axon_pre,False,266.0,2018.0
islet-adltmr,720575940881834320,720575940896751434,3,axon_pre,False,376.0,14889.0
islet-adltmr,720575940881834320,720575940948750614,3,axon_pre,False,347.0,1919.0
islet-adltmr,720575940881834320,720575940939685445,3,axon_pre,False,52.0,1592.0
islet-adltmr,720575940881834320,720575940895289006,3,axon_pre,False,544.0,875.0
islet-adltmr,720575940881834320,720575940932040543,3,axon_pre,False,70.0,1589.0
islet-adltmr,720575940881834320,720575940929614625,3,axon_pre,False,286.0,1634.0
islet-adltmr,720575940881834320,720575940882393182,3,axon_pre,False,255.0,1437.0
islet-adltmr,720575940881834320,720575940894103027,3,axon_pre,False,113.0,1683.0
islet-adltmr,720575940881834320,720575940942915204,2,axon_pre,False,95.0,1387.0
islet-adltmr,720575940881834320,720575940908079763,2,axon_pre,False,3.0,692.0
islet-adltmr,720575940881834320,720575940881835102,2,axon_pre,False,141.0,1502.0
islet-adltmr,720575940881834320,720575940891184822,2,axon_pre,False,327.0,2106.0
islet-adltmr,720575940881834320,720575940871762910,2,axon_pre,False,714.0,2052.0
islet-adltmr,720575940881834320,720575940862479647,2,axon_pre,False,295.0,2039.0
islet-adltmr,720575940881834320,720575940912353861,2,axon_pre,False,15.0,421.0
islet-adltmr,720575940881834320,720575940881977950,2,axon_pre,False,193.0,1664.0
islet-adltmr,720575940881834320,720575940913454319,2,axon_pre,False,408.0,1833.0
islet-adltmr,720575940881834320,720575940881848414,2,axon_pre,False,246.0,1306.0
islet-adltmr,720575940881834320,720575940889318838,2,axon_pre,False,303.0,1921.0
islet-adltmr,720575940881834320,720575940888410947,2,axon_pre,False,198.0,1459.0
islet-adltmr,720575940881834320,720575940895672249,2,axon_pre,False,758.0,1918.0
islet-adltmr,720575940881834320,720575940955200600,2,axon_pre,False,249.0,2797.0
islet-adltmr,720575940881834320,720575940894390713,2,axon_pre,False,41.0,1932.0
islet-adltmr,720575940881834320,720575940893159594,2,axon_pre,False,205.0,4184.0
islet-adltmr,720575940881834320,720575940955223384,2,axon_pre,False,110.0,1375.0
islet-adltmr,720575940881834320,720575940896724666,2,axon_pre,False,390.0,1847.0
islet-adltmr,720575940881834320,720575940898881017,2,axon_pre,False,123.0,2236.0
islet-adltmr,720575940881834320,720575940927319884,2,axon_pre,False,1326.0,2573.0
islet-adltmr,720575940881834320,720575940897128889,2,axon_pre,False,236.0,1182.0
islet-adltmr,720575940881834320,720575940904364784,2,axon_pre,False,103.0,1543.0
islet-adltmr,720575940881834320,720575940919976945,2,axon_pre,False,489.0,2454.0
islet-adltmr,720575940881834320,720575940922720298,2,axon_pre,False,427.0,15532.0
islet-adltmr,720575940881834320,720575940870669398,2,axon_pre,False,55.0,944.0
islet-adltmr,720575940881834320,720575940898749632,2,axon_pre,False,10.0,705.0
islet-adltmr,720575940881834320,720575940891958082,2,axon_pre,False,37.0,2473.0
islet-adltmr,720575940881834320,720575940927273184,2,axon_pre,False,122.0,2023.0
islet-adltmr,720575940881834320,720575940889318582,2,axon_pre,False,190.0,1399.0
islet-adltmr,720575940881834320,720575940954002452,2,axon_pre,False,184.0,1789.0
islet-adltmr,720575940881834320,720575940906065856,2,axon_pre,False,113.0,1764.0
islet-adltmr,720575940881834320,720575940898907635,2,axon_pre,False,230.0,1202.0
islet-adltmr,720575940881834320,720575940953744404,2,axon_pre,False,66.0,1485.0
islet-adltmr,720575940881834320,720575940911468649,2,axon_pre,False,349.0,14600.0
islet-adltmr,720575940881834320,720575940910186825,2,axon_pre,False,464.0,2145.0
islet-adltmr,720575940881834320,720575940908329988,2,axon_pre,False,432.0,5011.0
islet-adltmr,720575940881834320,720575940899584703,2,axon_pre,False,92.0,1361.0
islet-adltmr,720575940881834320,720575940903220108,2,axon_pre,False,1221.0,3895.0
islet-adltmr,720575940881834320,720575940887132349,2,axon_pre,False,198.0,1224.0
islet-adltmr,720575940881834320,720575940914041790,2,axon_pre,False,132.0,1191.0
islet-adltmr,720575940881834320,720575940908052209,2,axon_pre,False,196.0,1982.0
islet-adltmr,720575940881834320,720575940893899902,2,axon_pre,False,1124.0,6122.0
islet-adltmr,720575940881834320,720575940945445910,2,axon_pre,False,335.0,1738.0
islet-adltmr,720575940881834320,720575940926099342,2,axon_pre,False,303.0,2702.0
islet-adltmr,720575940881834320,720575940876307935,2,axon_pre,False,765.0,1871.0
islet-adltmr,720575940881834320,720575940907562818,2,axon_pre,False,51.0,971.0
islet-adltmr,720575940881834320,720575940929614881,2,axon_pre,False,129.0,1303.0
islet-adltmr,720575940881834320,720575940891998909,2,axon_pre,False,663.0,2510.0
islet-adltmr,720575940881834320,720575940888952182,2,axon_pre,False,298.0,1721.0
islet-adltmr,720575940881834320,720575940890601716,2,axon_pre,False,129.0,1703.0
islet-adltmr,720575940881834320,720575940879369950,2,axon_pre,False,282.0,1457.0
islet-adltmr,720575940881834320,720575940932748159,2,axon_pre,False,84.0,1855.0
islet-adltmr,720575940881834320,720575940920895145,2,axon_pre,False,234.0,2675.0
islet-adltmr,720575940881834320,720575940937260062,2,axon_pre,False,273.0,8955.0
islet-adltmr,720575940881834320,720575940921278926,2,axon_pre,False,700.0,1665.0
islet-adltmr,720575940881834320,720575940883455838,2,axon_pre,False,113.0,1488.0
islet-adltmr,720575940881834320,720575940887254966,2,axon_pre,False,557.0,1969.0
islet-adltmr,720575940881834320,720575940899454509,2,axon_pre,False,82.0,1645.0
islet-adltmr,720575940881834320,720575940882491038,2,axon_pre,False,112.0,2161.0
islet-adltmr,720575940881834320,720575940881442142,2,axon_pre,False,55.0,1447.0
islet-adltmr,720575940881834320,720575940905043414,2,axon_pre,False,954.0,2118.0
islet-adltmr,720575940881834320,720575940891985789,2,axon_pre,False,36.0,1558.0
islet-adltmr,720575940881834320,720575940899572400,2,axon_pre,False,124.0,1404.0
islet-adltmr,720575940881834320,720575940888743350,2,axon_pre,False,123.0,1386.0
islet-adltmr,720575940881834320,720575940869403611,2,axon_pre,False,298.0,2314.0
islet-adltmr,720575940881834576,720575940913429231,18,axon_pre,False,336.0,1972.0
islet-adltmr,720575940881834576,720575940925206038,7,axon_pre,False,57.0,655.0
islet-adltmr,720575940881834576,720575940887129533,6,axon_pre,False,213.0,1506.0
islet-adltmr,720575940881834576,720575940887277210,6,axon_pre,False,225.0,1275.0
islet-adltmr,720575940881834576,720575940886202813,6,axon_pre,False,162.0,2115.0
islet-adltmr,720575940881834576,720575940897344002,6,axon_pre,False,1489.0,2250.0
islet-adltmr,720575940881834576,720575940893011696,5,axon_pre,False,128.0,1518.0
islet-adltmr,720575940881834576,720575940859665815,5,axon_pre,False,756.0,1789.0
islet-adltmr,720575940881834576,720575940888117872,5,axon_pre,False,218.0,2285.0
islet-adltmr,720575940881834576,720575940908275184,5,axon_pre,False,786.0,1861.0
islet-adltmr,720575940881834576,720575940879237356,4,axon_pre,False,190.0,1984.0
islet-adltmr,720575940881834576,720575940887281095,4,axon_pre,False,204.0,1397.0
islet-adltmr,720575940881834576,720575940869591310,4,axon_pre,False,404.0,1718.0
islet-adltmr,720575940881834576,720575940909600447,4,axon_pre,False,52.0,1444.0
islet-adltmr,720575940881834576,720575940891139349,4,axon_pre,False,66.0,742.0
islet-adltmr,720575940881834576,720575940888595057,4,axon_pre,False,86.0,988.0
islet-adltmr,720575940881834576,720575940889946550,4,axon_pre,False,955.0,2072.0
islet-adltmr,720575940881834576,720575940918950471,4,axon_pre,False,265.0,1447.0
islet-adltmr,720575940881834576,720575940908032192,3,axon_pre,False,194.0,1573.0
islet-adltmr,720575940881834576,720575940878008798,3,axon_pre,False,328.0,1701.0
islet-adltmr,720575940881834576,720575940883953958,3,axon_pre,False,274.0,1863.0
islet-adltmr,720575940881834576,720575940893861502,3,axon_pre,False,1802.0,2646.0
islet-adltmr,720575940881834576,720575940964347302,3,axon_pre,False,673.0,2986.0
islet-adltmr,720575940881834576,720575940859668375,3,axon_pre,False,72.0,1534.0
islet-adltmr,720575940881834576,720575940869499754,3,axon_pre,False,1207.0,1766.0
islet-adltmr,720575940881834576,720575940886592266,3,axon_pre,False,554.0,2455.0
islet-adltmr,720575940881834576,720575940888983158,3,axon_pre,False,750.0,2865.0
islet-adltmr,720575940881834576,720575940893658867,3,axon_pre,False,98.0,1784.0
islet-adltmr,720575940881834576,720575940895956126,3,axon_pre,False,76.0,672.0
islet-adltmr,720575940881834576,720575940939897366,3,axon_pre,False,175.0,1991.0
islet-adltmr,720575940881834576,720575940897974922,3,axon_pre,False,185.0,4756.0
islet-adltmr,720575940881834576,720575940893876487,3,axon_pre,False,1356.0,1964.0
islet-adltmr,720575940881834576,720575940927230688,3,axon_pre,False,381.0,1403.0
islet-adltmr,720575940881834576,720575940875568195,3,axon_pre,False,61.0,1478.0
islet-adltmr,720575940881834576,720575940927197664,3,axon_pre,False,726.0,2823.0
islet-adltmr,720575940881834576,720575940964297638,3,axon_pre,False,121.0,1053.0
islet-adltmr,720575940881834576,720575940887254966,2,axon_pre,False,557.0,1969.0
islet-adltmr,720575940881834576,720575940954074644,2,axon_pre,False,329.0,2047.0
islet-adltmr,720575940881834576,720575940904383680,2,axon_pre,False,520.0,1857.0
islet-adltmr,720575940881834576,720575940909876659,2,axon_pre,False,232.0,1152.0
islet-adltmr,720575940881834576,720575940910636476,2,axon_pre,False,768.0,2119.0
islet-adltmr,720575940881834576,720575940877515319,2,axon_pre,False,215.0,1298.0
islet-adltmr,720575940881834576,720575940886300638,2,axon_pre,False,100.0,1734.0
islet-adltmr,720575940881834576,720575940939667525,2,axon_pre,False,603.0,2605.0
islet-adltmr,720575940881834576,720575940890920513,2,axon_pre,False,122.0,865.0
islet-adltmr,720575940881834576,720575940896766707,2,axon_pre,False,140.0,1267.0
islet-adltmr,720575940881834576,720575940958597396,2,axon_pre,False,1346.0,1895.0
islet-adltmr,720575940881834576,720575940884699194,2,axon_pre,False,365.0,1673.0
islet-adltmr,720575940881834576,720575940881980615,2,axon_pre,False,1371.0,2390.0
islet-adltmr,720575940881834576,720575940895968414,2,axon_pre,False,72.0,798.0
islet-adltmr,720575940881834576,720575940870231939,2,axon_pre,False,92.0,1783.0
islet-adltmr,720575940881834576,720575940897104400,2,axon_pre,False,653.0,1831.0
islet-adltmr,720575940881834576,720575940959568806,2,axon_pre,False,47.0,647.0
islet-adltmr,720575940881834576,720575940895291850,2,axon_pre,False,170.0,2646.0
islet-adltmr,720575940881834576,720575940861444338,2,axon_pre,False,170.0,1944.0
islet-adltmr,720575940881834576,720575940879921629,2,axon_pre,False,58.0,600.0
islet-adltmr,720575940881834576,720575940921278926,2,axon_pre,False,700.0,1665.0
islet-adltmr,720575940881834576,720575940885714375,2,axon_pre,False,306.0,1610.0
islet-adltmr,720575940881834576,720575940882392670,2,axon_pre,False,42.0,785.0
islet-adltmr,720575940881834576,720575940939639684,2,axon_pre,False,77.0,862.0
islet-adltmr,720575940881834576,720575940862479647,2,axon_pre,False,295.0,2039.0
islet-adltmr,720575940881834576,720575940901050304,2,axon_pre,False,82.0,861.0
islet-adltmr,720575940881834576,720575940964319910,2,axon_pre,False,89.0,906.0
islet-adltmr,720575940881834576,720575940889291446,2,axon_pre,False,465.0,1740.0
islet-adltmr,720575940881834576,720575940897066425,2,axon_pre,False,501.0,1946.0
islet-adltmr,720575940881834576,720575940900533373,2,axon_pre,False,286.0,1242.0
islet-adltmr,720575940881834576,720575940898173427,2,axon_pre,False,275.0,2067.0
islet-adltmr,720575940881834576,720575940895579632,2,axon_pre,False,29.0,694.0
islet-adltmr,720575940881834576,720575940928446891,2,axon_pre,False,126.0,1404.0
islet-adltmr,720575940881834576,720575940896891210,2,axon_pre,False,2033.0,3387.0
islet-adltmr,720575940881834576,720575940901395069,2,axon_pre,False,65.0,908.0
islet-adltmr,720575940881834576,720575940888808630,2,axon_pre,False,117.0,2226.0
islet-adltmr,720575940881834576,720575940891467300,2,axon_pre,False,224.0,1141.0
islet-adltmr,720575940881834576,720575940897101072,2,axon_pre,False,350.0,2335.0
islet-adltmr,720575940881834576,720575940894582025,2,axon_pre,False,172.0,792.0
islet-adltmr,720575940881834576,720575940889267894,2,axon_pre,False,184.0,1321.0
islet-adltmr,720575940881834576,720575940884053959,2,axon_pre,False,310.0,1688.0
islet-adltmr,720575940881834576,720575940884879427,2,axon_pre,False,41.0,773.0
islet-adltmr,720575940881834576,720575940939706949,2,axon_pre,False,202.0,2084.0
islet-adltmr,720575940881834576,720575940892851911,2,axon_pre,False,63.0,637.0
islet-adltmr,720575940881834576,720575940911346928,2,axon_pre,False,473.0,1646.0
islet-adltmr,720575940881949777,720575940892225442,11,axon_pre,False,202.0,1359.0
islet-adltmr,720575940881949777,720575940875009505,10,axon_pre,False,1571.0,2191.0
islet-adltmr,720575940881949777,720575940901395069,9,axon_pre,False,65.0,908.0
islet-adltmr,720575940881949777,720575940923656284,8,axon_pre,False,326.0,1877.0
islet-adltmr,720575940881949777,720575940902207984,7,axon_pre,False,1696.0,2291.0
islet-adltmr,720575940881949777,720575940903640130,6,axon_pre,False,180.0,1455.0
islet-adltmr,720575940881949777,720575940888983158,6,axon_pre,False,750.0,2865.0
islet-adltmr,720575940881949777,720575940937862061,6,axon_pre,False,680.0,1219.0
islet-adltmr,720575940881949777,720575940932165508,6,axon_pre,False,61.0,887.0
islet-adltmr,720575940881949777,720575940899441453,5,axon_pre,False,1095.0,2087.0
islet-adltmr,720575940881949777,720575940880749586,5,axon_pre,False,63.0,887.0
islet-adltmr,720575940881949777,720575940900450963,5,axon_pre,False,50.0,595.0
islet-adltmr,720575940881949777,720575940890780317,5,axon_pre,False,37.0,618.0
islet-adltmr,720575940881949777,720575940893178538,5,axon_pre,False,885.0,2903.0
islet-adltmr,720575940881949777,720575940897101072,5,axon_pre,False,350.0,2335.0
islet-adltmr,720575940881949777,720575940917202564,5,axon_pre,False,61.0,768.0
islet-adltmr,720575940881949777,720575940927248352,5,axon_pre,False,886.0,1700.0
islet-adltmr,720575940881949777,720575940899520448,5,axon_pre,False,952.0,2215.0
islet-adltmr,720575940881949777,720575940898726546,5,axon_pre,False,1355.0,1904.0
islet-adltmr,720575940881949777,720575940911568832,5,axon_pre,False,412.0,1924.0
islet-adltmr,720575940881949777,720575940909809112,5,axon_pre,False,294.0,1704.0
islet-adltmr,720575940881949777,720575940882325918,4,axon_pre,False,150.0,927.0
islet-adltmr,720575940881949777,720575940896891210,4,axon_pre,False,2033.0,3387.0
islet-adltmr,720575940881949777,720575940891719069,4,axon_pre,False,9.0,780.0
islet-adltmr,720575940881949777,720575940909319571,4,axon_pre,False,53.0,818.0
islet-adltmr,720575940881949777,720575940891538468,4,axon_pre,False,1865.0,2640.0
islet-adltmr,720575940881949777,720575940910384194,4,axon_pre,False,159.0,1187.0
islet-adltmr,720575940881949777,720575940878066499,4,axon_pre,False,57.0,1007.0
islet-adltmr,720575940881949777,720575940887741768,4,axon_pre,False,698.0,2264.0
islet-adltmr,720575940881949777,720575940893699569,4,axon_pre,False,239.0,1412.0
islet-adltmr,720575940881949777,720575940882584158,4,axon_pre,False,328.0,2252.0
islet-adltmr,720575940881949777,720575940875610691,4,axon_pre,False,217.0,1441.0
islet-adltmr,720575940881949777,720575940903413773,4,axon_pre,False,550.0,2018.0
islet-adltmr,720575940881949777,720575940890171654,4,axon_pre,False,297.0,993.0
islet-adltmr,720575940881949777,720575940877168904,4,axon_pre,False,2198.0,2628.0
islet-adltmr,720575940881949777,720575940893876487,4,axon_pre,False,1356.0,1964.0
islet-adltmr,720575940881949777,720575940889254007,4,axon_pre,False,226.0,2676.0
islet-adltmr,720575940881949777,720575940964297638,4,axon_pre,False,121.0,1053.0
islet-adltmr,720575940881949777,720575940877046619,3,axon_pre,False,714.0,1585.0
islet-adltmr,720575940881949777,720575940859668375,3,axon_pre,False,72.0,1534.0
islet-adltmr,720575940881949777,720575940906933289,3,axon_pre,False,255.0,919.0
islet-adltmr,720575940881949777,720575940898882035,3,axon_pre,False,53.0,695.0
islet-adltmr,720575940881949777,720575940887031485,3,axon_pre,False,427.0,1684.0
islet-adltmr,720575940881949777,720575940941785366,3,axon_pre,False,78.0,787.0
islet-adltmr,720575940881949777,720575940886027462,3,axon_pre,False,1794.0,2930.0
islet-adltmr,720575940881949777,720575940920886441,3,axon_pre,False,66.0,1826.0
islet-adltmr,720575940881949777,720575940879203462,3,axon_pre,False,33.0,592.0
islet-adltmr,720575940881949777,720575940888708534,3,axon_pre,False,57.0,902.0
islet-adltmr,720575940881949777,720575940886887305,3,axon_pre,False,69.0,1474.0
islet-adltmr,720575940881949777,720575940926870443,3,axon_pre,False,31.0,943.0
islet-adltmr,720575940881949777,720575940930093444,3,axon_pre,False,120.0,801.0
islet-adltmr,720575940881949777,720575940890106804,3,axon_pre,False,1837.0,2673.0
islet-adltmr,720575940881949777,720575940871384889,3,axon_pre,False,1356.0,1917.0
islet-adltmr,720575940881949777,720575940898827463,3,axon_pre,False,394.0,1760.0
islet-adltmr,720575940881949777,720575940937585028,3,axon_pre,False,328.0,1418.0
islet-adltmr,720575940881949777,720575940919601669,3,axon_pre,False,974.0,2308.0
islet-adltmr,720575940881949777,720575940875568195,3,axon_pre,False,61.0,1478.0
islet-adltmr,720575940881949777,720575940881885278,3,axon_pre,False,322.0,2213.0
islet-adltmr,720575940881949777,720575940904086594,3,axon_pre,False,212.0,1495.0
islet-adltmr,720575940881949777,720575940889933755,3,axon_pre,False,283.0,4567.0
islet-adltmr,720575940881949777,720575940894200219,3,axon_pre,False,1858.0,2812.0
islet-adltmr,720575940881949777,720575940912412096,3,axon_pre,False,1381.0,2392.0
islet-adltmr,720575940881949777,720575940890193789,3,axon_pre,False,67.0,727.0
islet-adltmr,720575940881949777,720575940903186877,3,axon_pre,False,119.0,939.0
islet-adltmr,720575940881949777,720575940914051774,3,axon_pre,False,573.0,3121.0
islet-adltmr,720575940881949777,720575940884035500,3,axon_pre,False,124.0,1569.0
islet-adltmr,720575940881949777,720575940912753342,2,axon_pre,False,55.0,750.0
islet-adltmr,720575940881949777,720575940891986419,2,axon_pre,False,46.0,1413.0
islet-adltmr,720575940881949777,720575940911608768,2,axon_pre,False,1176.0,2261.0
islet-adltmr,720575940881949777,720575940906160349,2,axon_pre,False,252.0,1841.0
islet-adltmr,720575940881949777,720575940889037750,2,axon_pre,False,104.0,1637.0
islet-adltmr,720575940881949777,720575940912566000,2,axon_pre,False,297.0,1916.0
islet-adltmr,720575940881949777,720575940887014886,2,axon_pre,False,91.0,1654.0
islet-adltmr,720575940881949777,720575940911654080,2,axon_pre,False,31.0,1395.0
islet-adltmr,720575940881949777,720575940904383680,2,axon_pre,False,520.0,1857.0
islet-adltmr,720575940881949777,720575940909137218,2,axon_pre,False,203.0,1029.0
islet-adltmr,720575940881949777,720575940877145352,2,axon_pre,False,313.0,1789.0
islet-adltmr,720575940881949777,720575940948987670,2,axon_pre,False,740.0,1571.0
islet-adltmr,720575940881949777,720575940884783582,2,axon_pre,False,765.0,2235.0
islet-adltmr,720575940881949777,720575940870551875,2,axon_pre,False,46.0,845.0
islet-adltmr,720575940881949777,720575940899561408,2,axon_pre,False,37.0,769.0
islet-adltmr,720575940881949777,720575940893224125,2,axon_pre,False,480.0,2142.0
islet-adltmr,720575940881949777,720575940890260230,2,axon_pre,False,251.0,1952.0
islet-adltmr,720575940881949777,720575940881728862,2,axon_pre,False,165.0,1259.0
islet-adltmr,720575940881949777,720575940884879427,2,axon_pre,False,41.0,773.0
islet-adltmr,720575940881949777,720575940900533373,2,axon_pre,False,286.0,1242.0
islet-adltmr,720575940881949777,720575940915761088,2,axon_pre,False,301.0,1264.0
islet-adltmr,720575940881949777,720575940893276061,2,axon_pre,False,72.0,735.0
islet-adltmr,720575940881949777,720575940898527933,2,axon_pre,False,1344.0,2379.0
islet-adltmr,720575940881949777,720575940898477757,2,axon_pre,False,253.0,2642.0
islet-adltmr,720575940881949777,720575940909118428,2,axon_pre,False,658.0,1822.0
islet-adltmr,720575940881949777,720575940877150216,2,axon_pre,False,224.0,1763.0
islet-adltmr,720575940881949777,720575940880835090,2,axon_pre,False,258.0,1863.0
islet-adltmr,720575940881949777,720575940917863563,2,axon_pre,False,292.0,1321.0
islet-adltmr,720575940881949777,720575940890964801,2,axon_pre,False,869.0,1667.0
islet-adltmr,720575940881949777,720575940900195057,2,axon_pre,False,141.0,480.0
islet-adltmr,720575940881949777,720575940908275184,2,axon_pre,False,786.0,1861.0
islet-adltmr,720575940881949777,720575940881955665,2,axon_pre,False,360.0,2170.0
islet-adltmr,720575940881949777,720575940881844475,2,axon_pre,False,911.0,1998.0
islet-adltmr,720575940881949777,720575940908397828,2,axon_pre,False,103.0,1313.0
islet-adltmr,720575940881949777,720575940877000027,2,axon_pre,False,123.0,736.0
islet-adltmr,720575940881949777,720575940887337882,2,axon_pre,False,1451.0,2502.0
islet-adltmr,720575940881949777,720575940887254966,2,axon_pre,False,557.0,1969.0
islet-adltmr,720575940881949777,720575940942835222,2,axon_pre,False,66.0,674.0
islet-adltmr,720575940881949777,720575940895080061,2,axon_pre,False,212.0,1686.0
islet-adltmr,720575940881949777,720575940899384705,2,axon_pre,False,413.0,1865.0
islet-adltmr,720575940881949777,720575940913326212,2,axon_pre,False,51.0,420.0
islet-adltmr,720575940881949777,720575940891523364,2,axon_pre,False,346.0,1837.0
islet-adltmr,720575940881949777,720575940888628150,2,axon_pre,False,345.0,1828.0
islet-adltmr,720575940881949777,720575940883025885,2,axon_pre,False,213.0,2601.0
islet-adltmr,720575940881949777,720575940927109144,2,axon_pre,False,1162.0,3222.0
islet-adltmr,720575940881949777,720575940902763375,2,axon_pre,False,308.0,1716.0
islet-adltmr,720575940881949777,720575940888258371,2,axon_pre,False,194.0,876.0
islet-adltmr,720575940883912476,720575940936851780,20,axon_pre,False,192.0,1677.0
islet-adltmr,720575940883912476,720575940917246530,11,axon_pre,False,103.0,1486.0
islet-adltmr,720575940883912476,720575940935821334,8,axon_pre,False,68.0,1620.0
islet-adltmr,720575940883912476,720575940920014197,8,axon_pre,False,214.0,750.0
islet-adltmr,720575940883912476,720575940896874826,7,axon_pre,False,138.0,1970.0
islet-adltmr,720575940883912476,720575940902396600,7,axon_pre,False,172.0,2120.0
islet-adltmr,720575940883912476,720575940918247805,6,axon_pre,False,79.0,1504.0
islet-adltmr,720575940883912476,720575940891467300,6,axon_pre,False,224.0,1141.0
islet-adltmr,720575940883912476,720575940887014886,5,axon_pre,False,91.0,1654.0
islet-adltmr,720575940883912476,720575940890133693,5,axon_pre,False,116.0,2487.0
islet-adltmr,720575940883912476,720575940897043897,5,axon_pre,False,765.0,1786.0
islet-adltmr,720575940883912476,720575940913586159,5,axon_pre,False,96.0,1331.0
islet-adltmr,720575940883912476,720575940926650390,5,axon_pre,False,143.0,2887.0
islet-adltmr,720575940883912476,720575940883455838,5,axon_pre,False,113.0,1488.0
islet-adltmr,720575940883912476,720575940945445910,5,axon_pre,False,335.0,1738.0
islet-adltmr,720575940883912476,720575940886213558,5,axon_pre,False,116.0,1760.0
islet-adltmr,720575940883912476,720575940892352243,5,axon_pre,False,504.0,2433.0
islet-adltmr,720575940883912476,720575940912753342,5,axon_pre,False,55.0,750.0
islet-adltmr,720575940883912476,720575940878066499,5,axon_pre,False,57.0,1007.0
islet-adltmr,720575940883912476,720575940936972100,5,axon_pre,False,1948.0,2451.0
islet-adltmr,720575940883912476,720575940908397828,5,axon_pre,False,103.0,1313.0
islet-adltmr,720575940883912476,720575940904273363,5,axon_pre,False,73.0,1971.0
islet-adltmr,720575940883912476,720575940913960107,5,axon_pre,False,75.0,1932.0
islet-adltmr,720575940883912476,720575940920055413,5,axon_pre,False,290.0,1583.0
islet-adltmr,720575940883912476,720575940876357855,4,axon_pre,False,196.0,2848.0
islet-adltmr,720575940883912476,720575940930881912,4,axon_pre,False,130.0,1956.0
islet-adltmr,720575940883912476,720575940887337882,4,axon_pre,False,1451.0,2502.0
islet-adltmr,720575940883912476,720575940870669398,4,axon_pre,False,55.0,944.0
islet-adltmr,720575940883912476,720575940883959261,4,axon_pre,False,61.0,659.0
islet-adltmr,720575940883912476,720575940880729694,4,axon_pre,False,298.0,2293.0
islet-adltmr,720575940883912476,720575940890406070,3,axon_pre,False,149.0,1902.0
islet-adltmr,720575940883912476,720575940879442142,3,axon_pre,False,133.0,1710.0
islet-adltmr,720575940883912476,720575940929614625,3,axon_pre,False,286.0,1634.0
islet-adltmr,720575940883912476,720575940922012224,3,axon_pre,False,127.0,2356.0
islet-adltmr,720575940883912476,720575940921757718,3,axon_pre,False,94.0,1391.0
islet-adltmr,720575940883912476,720575940904502259,3,axon_pre,False,32.0,1552.0
islet-adltmr,720575940883912476,720575940911434411,3,axon_pre,False,41.0,1502.0
islet-adltmr,720575940883912476,720575940915474837,3,axon_pre,False,200.0,1604.0
islet-adltmr,720575940883912476,720575940955223384,3,axon_pre,False,110.0,1375.0
islet-adltmr,720575940883912476,720575940851376243,3,axon_pre,False,114.0,2556.0
islet-adltmr,720575940883912476,720575940928553750,3,axon_pre,False,86.0,1381.0
islet-adltmr,720575940883912476,720575940913849840,3,axon_pre,False,171.0,1953.0
islet-adltmr,720575940883912476,720575940897603261,3,axon_pre,False,71.0,1510.0
islet-adltmr,720575940883912476,720575940887031485,3,axon_pre,False,427.0,1684.0
islet-adltmr,720575940883912476,720575940909751000,3,axon_pre,False,51.0,872.0
islet-adltmr,720575940883912476,720575940911461035,3,axon_pre,False,304.0,1436.0
islet-adltmr,720575940883912476,720575940939897366,3,axon_pre,False,175.0,1991.0
islet-adltmr,720575940883912476,720575940880839442,3,axon_pre,False,1081.0,2538.0
islet-adltmr,720575940883912476,720575940926099342,3,axon_pre,False,303.0,2702.0
islet-adltmr,720575940883912476,720575940930682756,3,axon_pre,False,61.0,947.0
islet-adltmr,720575940883912476,720575940946992404,3,axon_pre,False,97.0,1427.0
islet-adltmr,720575940883912476,720575940897227266,3,axon_pre,False,325.0,1558.0
islet-adltmr,720575940883912476,720575940881942622,3,axon_pre,False,994.0,1448.0
islet-adltmr,720575940883912476,720575940940889432,3,axon_pre,False,33.0,534.0
islet-adltmr,720575940883912476,720575940903015658,3,axon_pre,False,117.0,1118.0
islet-adltmr,720575940883912476,720575940869403611,3,axon_pre,False,298.0,2314.0
islet-adltmr,720575940883912476,720575940909365019,2,axon_pre,False,56.0,1123.0
islet-adltmr,720575940883912476,720575940951224359,2,axon_pre,False,80.0,2149.0
islet-adltmr,720575940883912476,720575940946164246,2,axon_pre,False,125.0,1780.0
islet-adltmr,720575940883912476,720575940886356925,2,axon_pre,False,80.0,1540.0
islet-adltmr,720575940883912476,720575940887121095,2,axon_pre,False,71.0,1324.0
islet-adltmr,720575940883912476,720575940885038539,2,axon_pre,False,1058.0,1950.0
islet-adltmr,720575940883912476,720575940920840872,2,axon_pre,False,167.0,2157.0
islet-adltmr,720575940883912476,720575940881410526,2,axon_pre,False,1624.0,5095.0
islet-adltmr,720575940883912476,720575940894047221,2,axon_pre,False,166.0,1600.0
islet-adltmr,720575940883912476,720575940895900830,2,axon_pre,False,133.0,1756.0
islet-adltmr,720575940883912476,720575940945640726,2,axon_pre,False,62.0,1483.0
islet-adltmr,720575940883912476,720575940895437726,2,axon_pre,False,65.0,1171.0
islet-adltmr,720575940883912476,720575940886273718,2,axon_pre,False,58.0,1727.0
islet-adltmr,720575940883912476,720575940897336578,2,axon_pre,False,421.0,2101.0
islet-adltmr,720575940883912476,720575940917126204,2,axon_pre,False,140.0,2223.0
islet-adltmr,720575940883912476,720575940899237619,2,axon_pre,False,85.0,1870.0
islet-adltmr,720575940883912476,720575940889223606,2,axon_pre,False,255.0,898.0
islet-adltmr,720575940883912476,720575940890193789,2,axon_pre,False,67.0,727.0
islet-adltmr,720575940883912476,720575940889043126,2,axon_pre,False,22.0,621.0
islet-adltmr,720575940883912476,720575940936849174,2,axon_pre,False,528.0,1672.0
islet-adltmr,720575940883912476,720575940896010429,2,axon_pre,False,239.0,1784.0
islet-adltmr,720575940883912476,720575940892225442,2,axon_pre,False,202.0,1359.0
islet-adltmr,720575940883912476,720575940895289006,2,axon_pre,False,544.0,875.0
islet-adltmr,720575940883912476,720575940888529100,2,axon_pre,False,226.0,2327.0
islet-adltmr,720575940883912476,720575940942835222,2,axon_pre,False,66.0,674.0
islet-adltmr,720575940883912476,720575940881356189,2,axon_pre,False,86.0,1003.0
islet-adltmr,720575940883912476,720575940886092470,2,axon_pre,False,51.0,1030.0
islet-adltmr,720575940883912476,720575940899260659,2,axon_pre,False,111.0,2454.0
islet-adltmr,720575940883912476,720575940920024949,2,axon_pre,False,221.0,3699.0
islet-adltmr,720575940883912476,720575940887254966,2,axon_pre,False,557.0,1969.0
islet-adltmr,720575940883912476,720575940889933755,2,axon_pre,False,283.0,4567.0
islet-adltmr,720575940883912476,720575940887381959,2,axon_pre,False,132.0,1541.0
islet-adltmr,720575940883912476,720575940897333250,2,axon_pre,False,95.0,791.0
islet-adltmr,720575940883912476,720575940887277210,2,axon_pre,False,225.0,1275.0
islet-adltmr,720575940883912476,720575940901910718,2,axon_pre,False,66.0,867.0
islet-adltmr,720575940883912476,720575940894582025,2,axon_pre,False,172.0,792.0
islet-adltmr,720575940883912476,720575940898419709,2,axon_pre,False,355.0,18686.0
islet-adltmr,720575940883912476,720575940899497664,2,axon_pre,False,94.0,1976.0
islet-adltmr,720575940883912476,720575940944935702,2,axon_pre,False,130.0,1474.0
islet-adltmr,720575940883912476,720575940916950294,2,axon_pre,False,152.0,3404.0
islet-adltmr,720575940883912476,720575940899572400,2,axon_pre,False,124.0,1404.0
islet-adltmr,720575940883912476,720575940897525191,2,axon_pre,False,210.0,1695.0
islet-adltmr,720575940883912476,720575940881844475,2,axon_pre,False,911.0,1998.0
islet-adltmr,720575940883912476,720575940939555862,2,axon_pre,False,276.0,1740.0
islet-adltmr,720575940883912476,720575940889460918,2,axon_pre,False,115.0,2906.0
islet-adltmr,720575940883912476,720575940889260261,2,axon_pre,False,263.0,1372.0
islet-adltmr,720575940883912476,720575940887984054,2,axon_pre,False,1205.0,1735.0
islet-adltmr,720575940883912476,720575940889987764,2,axon_pre,False,36.0,1635.0
islet-adltmr,720575940883912476,720575940903220108,2,axon_pre,False,1221.0,3895.0
islet-adltmr,720575940883912476,720575940888598983,2,axon_pre,False,159.0,2153.0
islet-adltmr,720575940883912476,720575940893954237,2,axon_pre,False,52.0,729.0
islet-adltmr,720575940883912476,720575940912566000,2,axon_pre,False,297.0,1916.0
islet-adltmr,720575940883912476,720575940915389853,2,axon_pre,False,1493.0,2107.0
islet-adltmr,720575940883912476,720575940895987614,2,axon_pre,False,133.0,2171.0
islet-adltmr,720575940883912476,720575940877000027,2,axon_pre,False,123.0,736.0
islet-adltmr,720575940883912476,720575940881968222,2,axon_pre,False,248.0,3456.0
islet-adltmr,720575940883912476,720575940888486589,2,axon_pre,False,114.0,2091.0
ad-htmr,720575940886558498,720575940888976061,17,axon_pre,False,241.0,3311.0
ad-htmr,720575940886558498,720575940881948923,16,axon_pre,False,234.0,1658.0
ad-htmr,720575940886558498,720575940906054459,13,axon_pre,False,243.0,2158.0
ad-htmr,720575940886558498,720575940908057073,13,axon_pre,False,267.0,2799.0
ad-htmr,720575940886558498,720575940964205222,12,axon_pre,False,259.0,3229.0
ad-htmr,720575940886558498,720575940896505053,11,axon_pre,False,160.0,2837.0
ad-htmr,720575940886558498,720575940883497054,10,axon_pre,False,236.0,3082.0
ad-htmr,720575940886558498,720575940928314364,9,axon_pre,False,294.0,2005.0
ad-htmr,720575940886558498,720575940907688433,8,axon_pre,False,195.0,2620.0
ad-htmr,720575940886558498,720575940883762716,7,axon_pre,False,253.0,2555.0
ad-htmr,720575940886558498,720575940912862208,7,axon_pre,False,274.0,1925.0
ad-htmr,720575940886558498,720575940861413874,6,axon_pre,False,158.0,2318.0
ad-htmr,720575940886558498,720575940933569924,6,axon_pre,False,238.0,3280.0
ad-htmr,720575940886558498,720575940884787258,6,axon_pre,False,278.0,1944.0
ad-htmr,720575940886558498,720575940871488313,6,axon_pre,False,226.0,751.0
ad-htmr,720575940886558498,720575940888450115,5,axon_pre,False,134.0,2357.0
ad-htmr,720575940886558498,720575940887342814,5,axon_pre,False,224.0,1718.0
ad-htmr,720575940886558498,720575940925831494,5,axon_pre,False,225.0,1511.0
ad-htmr,720575940886558498,720575940893236555,5,axon_pre,False,224.0,1615.0
ad-htmr,720575940886558498,720575940920044149,5,axon_pre,False,749.0,2473.0
ad-htmr,720575940886558498,720575940915202367,4,axon_pre,False,231.0,1554.0
ad-htmr,720575940886558498,720575940892151138,4,axon_pre,False,202.0,1917.0
ad-htmr,720575940886558498,720575940915862624,4,axon_pre,False,204.0,1873.0
ad-htmr,720575940886558498,720575940891956925,4,axon_pre,False,149.0,2583.0
ad-htmr,720575940886558498,720575940889934568,4,axon_pre,False,150.0,2011.0
ad-htmr,720575940886558498,720575940927109144,4,axon_pre,False,1162.0,3222.0
ad-htmr,720575940886558498,720575940897997194,3,axon_pre,False,512.0,8774.0
ad-htmr,720575940886558498,720575940905085750,3,axon_pre,False,197.0,1510.0
ad-htmr,720575940886558498,720575940936905540,3,axon_pre,False,262.0,1660.0
ad-htmr,720575940886558498,720575940935978623,3,axon_pre,False,49.0,1081.0
ad-htmr,720575940886558498,720575940876975326,3,axon_pre,False,183.0,2926.0
ad-htmr,720575940886558498,720575940900963269,3,axon_pre,False,383.0,2075.0
ad-htmr,720575940886558498,720575940880398983,3,axon_pre,False,1303.0,2421.0
ad-htmr,720575940886558498,720575940898823616,3,axon_pre,False,81.0,1718.0
ad-htmr,720575940886558498,720575940883025885,3,axon_pre,False,213.0,2601.0
ad-htmr,720575940886558498,720575940941132140,3,axon_pre,False,221.0,3035.0
ad-htmr,720575940886558498,720575940898477757,3,axon_pre,False,253.0,2642.0
ad-htmr,720575940886558498,720575940903705075,3,axon_pre,False,168.0,2476.0
ad-htmr,720575940886558498,720575940870471390,3,axon_pre,False,407.0,2432.0
ad-htmr,720575940886558498,720575940893842951,3,axon_pre,False,307.0,2139.0
ad-htmr,720575940886558498,720575940891468580,3,axon_pre,False,201.0,1540.0
ad-htmr,720575940886558498,720575940946121860,3,axon_pre,False,331.0,11400.0
ad-htmr,720575940886558498,720575940910940321,3,axon_pre,False,150.0,1768.0
ad-htmr,720575940886558498,720575940955236696,2,axon_pre,False,128.0,1553.0
ad-htmr,720575940886558498,720575940937221662,2,axon_pre,False,257.0,1830.0
ad-htmr,720575940886558498,720575940916269827,2,axon_pre,False,417.0,1288.0
ad-htmr,720575940886558498,720575940881907281,2,axon_pre,False,232.0,602.0
ad-htmr,720575940886558498,720575940898832327,2,axon_pre,False,125.0,1505.0
ad-htmr,720575940886558498,720575940868750061,2,axon_pre,False,475.0,735.0
ad-htmr,720575940886558498,720575940880869521,2,axon_pre,False,211.0,1578.0
ad-htmr,720575940886558498,720575940904937663,2,axon_pre,False,144.0,944.0
ad-htmr,720575940886558498,720575940911337833,2,axon_pre,False,295.0,685.0
ad-htmr,720575940886558498,720575940919955061,2,axon_pre,False,231.0,1840.0
ad-htmr,720575940886558498,720575940908784985,2,axon_pre,False,187.0,1838.0
ad-htmr,720575940886558498,720575940894227129,2,axon_pre,False,209.0,672.0
ad-htmr,720575940886558498,720575940881158911,2,axon_pre,False,177.0,1975.0
ad-htmr,720575940886558498,720575940915896160,2,axon_pre,False,213.0,903.0
ad-htmr,720575940886558498,720575940903327501,2,axon_pre,False,225.0,1848.0
ad-htmr,720575940886558498,720575940920454032,2,axon_pre,False,280.0,2067.0
ad-htmr,720575940886558498,720575940879997826,2,axon_pre,False,372.0,1404.0
ad-htmr,720575940886558498,720575940884042278,2,axon_pre,False,289.0,1260.0
ad-htmr,720575940886558498,720575940894028021,2,axon_pre,False,255.0,1762.0
ad-htmr,720575940886558498,720575940948555542,2,axon_pre,False,108.0,1769.0
ad-htmr,720575940886558498,720575940884939979,2,axon_pre,False,243.0,4275.0
ad-htmr,720575940886558498,720575940865430175,2,axon_pre,False,207.0,2250.0
ad-htmr,720575940886558498,720575940890618063,2,axon_pre,False,303.0,2553.0
ad-htmr,720575940886558498,720575940915256127,2,axon_pre,False,331.0,2745.0
ad-htmr,720575940886558498,720575940891718567,2,axon_pre,False,245.0,682.0
IN-abltmr,720575940886922889,720575940921263822,15,axon_pre,False,169.0,1464.0
IN-abltmr,720575940886922889,720575940862126439,12,axon_pre,False,926.0,2541.0
IN-abltmr,720575940886922889,720575940911532223,9,axon_pre,False,154.0,1701.0
IN-abltmr,720575940886922889,720575940887259870,8,axon_pre,False,131.0,1546.0
IN-abltmr,720575940886922889,720575940887131610,7,axon_pre,False,161.0,2135.0
IN-abltmr,720575940886922889,720575940917787299,6,axon_pre,False,115.0,1583.0
IN-abltmr,720575940886922889,720575940951303975,6,axon_pre,False,239.0,2018.0
IN-abltmr,720575940886922889,720575940930905464,5,axon_pre,False,576.0,1697.0
IN-abltmr,720575940886922889,720575940936905540,5,axon_pre,False,262.0,1660.0
IN-abltmr,720575940886922889,720575940941132140,5,axon_pre,False,221.0,3035.0
IN-abltmr,720575940886922889,720575940948766486,5,axon_pre,False,298.0,4170.0
IN-abltmr,720575940886922889,720575940895271370,4,axon_pre,False,151.0,2995.0
IN-abltmr,720575940886922889,720575940886677181,4,axon_pre,False,242.0,3983.0
IN-abltmr,720575940886922889,720575940875092567,4,axon_pre,False,135.0,1947.0
IN-abltmr,720575940886922889,720575940896751434,4,axon_pre,False,376.0,14889.0
IN-abltmr,720575940886922889,720575940897103545,4,axon_pre,False,210.0,8037.0
IN-abltmr,720575940886922889,720575940876253663,4,axon_pre,False,254.0,3589.0
IN-abltmr,720575940886922889,720575940888756406,4,axon_pre,False,438.0,2522.0
IN-abltmr,720575940886922889,720575940897782850,4,axon_pre,False,37.0,1334.0
IN-abltmr,720575940886922889,720575940881620931,4,axon_pre,False,685.0,1784.0
IN-abltmr,720575940886922889,720575940900201918,4,axon_pre,False,122.0,1611.0
IN-abltmr,720575940886922889,720575940945591318,3,axon_pre,False,84.0,883.0
IN-abltmr,720575940886922889,720575940894671667,3,axon_pre,False,172.0,2369.0
IN-abltmr,720575940886922889,720575940880005762,3,axon_pre,False,553.0,3286.0
IN-abltmr,720575940886922889,720575940888995958,3,axon_pre,False,264.0,2554.0
IN-abltmr,720575940886922889,720575940948000790,3,axon_pre,False,141.0,1646.0
IN-abltmr,720575940886922889,720575940893842951,3,axon_pre,False,307.0,2139.0
IN-abltmr,720575940886922889,720575940898700480,3,axon_pre,False,549.0,3026.0
IN-abltmr,720575940886922889,720575940877122907,3,axon_pre,False,104.0,1992.0
IN-abltmr,720575940886922889,720575940877780190,3,axon_pre,False,230.0,2398.0
IN-abltmr,720575940886922889,720575940894647859,3,axon_pre,False,481.0,2457.0
IN-abltmr,720575940886922889,720575940920840872,3,axon_pre,False,167.0,2157.0
IN-abltmr,720575940886922889,720575940887203510,3,axon_pre,False,159.0,7511.0
IN-abltmr,720575940886922889,720575940894626313,3,axon_pre,False,148.0,2970.0
IN-abltmr,720575940886922889,720575940888976061,3,axon_pre,False,241.0,3311.0
IN-abltmr,720575940886922889,720575940933901334,3,axon_pre,False,613.0,1662.0
IN-abltmr,720575940886922889,720575940890134196,3,axon_pre,False,456.0,1584.0
IN-abltmr,720575940886922889,720575940886653450,3,axon_pre,False,166.0,1753.0
IN-abltmr,720575940886922889,720575940889434806,2,axon_pre,False,95.0,1517.0
IN-abltmr,720575940886922889,720575940912517254,2,axon_pre,False,426.0,11015.0
IN-abltmr,720575940886922889,720575940869346410,2,axon_pre,False,480.0,2037.0
IN-abltmr,720575940886922889,720575940916131843,2,axon_pre,False,317.0,3322.0
IN-abltmr,720575940886922889,720575940889318838,2,axon_pre,False,303.0,1921.0
IN-abltmr,720575940886922889,720575940861450226,2,axon_pre,False,328.0,1686.0
IN-abltmr,720575940886922889,720575940897427645,2,axon_pre,False,1000.0,2302.0
IN-abltmr,720575940886922889,720575940888676954,2,axon_pre,False,344.0,3123.0
IN-abltmr,720575940886922889,720575940891880903,2,axon_pre,False,339.0,14412.0
IN-abltmr,720575940886922889,720575940869510158,2,axon_pre,False,35.0,1056.0
IN-abltmr,720575940886922889,720575940870137475,2,axon_pre,False,331.0,3395.0
IN-abltmr,720575940886922889,720575940882683804,2,axon_pre,False,146.0,2641.0
IN-abltmr,720575940886922889,720575940882090362,2,axon_pre,False,302.0,2403.0
IN-abltmr,720575940886922889,720575940906944297,2,axon_pre,False,174.0,1618.0
IN-abltmr,720575940886922889,720575940887237086,2,axon_pre,False,113.0,2118.0
IN-abltmr,720575940886922889,720575940930782840,2,axon_pre,False,148.0,1927.0
IN-abltmr,720575940886922889,720575940884049630,2,axon_pre,False,146.0,1481.0
IN-abltmr,720575940886922889,720575940898000825,2,axon_pre,False,6.0,423.0
IN-abltmr,720575940886922889,720575940878249054,2,axon_pre,False,369.0,1708.0
IN-abltmr,720575940886922889,720575940905767102,2,axon_pre,False,491.0,2781.0
IN-abltmr,720575940886922889,720575940898477757,2,axon_pre,False,253.0,2642.0
IN-abltmr,720575940886922889,720575940892542449,2,axon_pre,False,149.0,4042.0
IN-abltmr,720575940886922889,720575940870273155,2,axon_pre,False,684.0,2453.0
IN-abltmr,720575940886922889,720575940910186825,2,axon_pre,False,464.0,2145.0
IN-abltmr,720575940886922889,720575940913495665,2,axon_pre,False,282.0,2813.0
IN-abltmr,720575940886922889,720575940905233395,2,axon_pre,False,168.0,2737.0
IN-abltmr,720575940886922889,720575940894134851,2,axon_pre,False,188.0,2010.0
IN-abltmr,720575940886922889,720575940907710654,2,axon_pre,False,115.0,1285.0
IN-abltmr,720575940886922889,720575940881181662,2,axon_pre,False,163.0,3008.0
IN-abltmr,720575940886922889,720575940877027419,2,axon_pre,False,87.0,1211.0
IN-abltmr,720575940886922889,720575940923142700,2,axon_pre,False,774.0,3025.0
IN-abltmr,720575940886922889,720575940896890954,2,axon_pre,False,803.0,1526.0
IN-abltmr,720575940886922889,720575940879237356,2,axon_pre,False,190.0,1984.0
IN-abltmr,720575940886922889,720575940881883742,2,axon_pre,False,88.0,3364.0
IN-abltmr,720575940886922889,720575940947330070,2,axon_pre,False,377.0,3021.0
IN-abltmr,720575940886922889,720575940897257474,2,axon_pre,False,547.0,4326.0
IN-abltmr,720575940886922889,720575940899429309,2,axon_pre,False,114.0,4070.0
IN-abltmr,720575940886922889,720575940881846011,2,axon_pre,False,295.0,2631.0
IN-abltmr,720575940886922889,720575940894257597,2,axon_pre,False,106.0,2884.0
IN-abltmr,720575940886922889,720575940894192061,2,axon_pre,False,168.0,1996.0
IN-abltmr,720575940886922889,720575940876302815,2,axon_pre,False,165.0,1418.0
IN-abltmr,720575940886922889,720575940891783335,2,axon_pre,False,380.0,3058.0
IN-abltmr,720575940886922889,720575940874928609,2,axon_pre,False,220.0,3075.0
IN-abltmr,720575940886922889,720575940927741611,2,axon_pre,False,50.0,1566.0
IN-abltmr,720575940886922889,720575940921146062,2,axon_pre,False,27.0,594.0
IN-abltmr,720575940886922889,720575940917455938,2,axon_pre,False,293.0,2538.0
IN-abltmr,720575940886922889,720575940942713622,2,axon_pre,False,25.0,496.0
IN-abltmr,720575940886922889,720575940889044662,2,axon_pre,False,35.0,1688.0
ad-htmr,720575940887754056,720575940888030663,28,axon_pre,False,242.0,2809.0
ad-htmr,720575940887754056,720575940887037158,24,axon_pre,False,111.0,1680.0
ad-htmr,720575940887754056,720575940903370509,17,axon_pre,False,931.0,2410.0
ad-htmr,720575940887754056,720575940872685534,16,axon_pre,False,243.0,2758.0
ad-htmr,720575940887754056,720575940883497054,11,axon_pre,False,236.0,3082.0
ad-htmr,720575940887754056,720575940862216039,11,axon_pre,False,356.0,2752.0
ad-htmr,720575940887754056,720575940928314364,10,axon_pre,False,294.0,2005.0
ad-htmr,720575940887754056,720575940907988928,10,axon_pre,False,114.0,1797.0
ad-htmr,720575940887754056,720575940877129819,9,axon_pre,False,383.0,2753.0
ad-htmr,720575940887754056,720575940892017863,8,axon_pre,False,343.0,3464.0
ad-htmr,720575940887754056,720575940885782942,8,axon_pre,False,115.0,1916.0
ad-htmr,720575940887754056,720575940889192567,6,axon_pre,False,308.0,1703.0
ad-htmr,720575940887754056,720575940907688433,5,axon_pre,False,195.0,2620.0
ad-htmr,720575940887754056,720575940896687815,5,axon_pre,False,322.0,3127.0
ad-htmr,720575940887754056,720575940870231427,5,axon_pre,False,222.0,2296.0
ad-htmr,720575940887754056,720575940909765848,5,axon_pre,False,183.0,1608.0
ad-htmr,720575940887754056,720575940903186365,5,axon_pre,False,199.0,1939.0
ad-htmr,720575940887754056,720575940897969290,4,axon_pre,False,122.0,1628.0
ad-htmr,720575940887754056,720575940939659845,4,axon_pre,False,291.0,2548.0
ad-htmr,720575940887754056,720575940950195476,4,axon_pre,False,148.0,2118.0
ad-htmr,720575940887754056,720575940903408397,4,axon_pre,False,231.0,1898.0
ad-htmr,720575940887754056,720575940883025885,4,axon_pre,False,213.0,2601.0
ad-htmr,720575940887754056,720575940930875213,4,axon_pre,False,255.0,1792.0
ad-htmr,720575940887754056,720575940899282056,4,axon_pre,False,330.0,1951.0
ad-htmr,720575940887754056,720575940884010790,4,axon_pre,False,256.0,2513.0
ad-htmr,720575940887754056,720575940927109144,4,axon_pre,False,1162.0,3222.0
ad-htmr,720575940887754056,720575940889122544,3,axon_pre,False,156.0,1832.0
ad-htmr,720575940887754056,720575940909097664,3,axon_pre,False,228.0,2676.0
ad-htmr,720575940887754056,720575940877613278,3,axon_pre,False,69.0,1108.0
ad-htmr,720575940887754056,720575940887686343,3,axon_pre,False,328.0,907.0
ad-htmr,720575940887754056,720575940932762516,3,axon_pre,False,114.0,1820.0
ad-htmr,720575940887754056,720575940924191621,3,axon_pre,False,193.0,1774.0
ad-htmr,720575940887754056,720575940871951359,3,axon_pre,False,192.0,2480.0
ad-htmr,720575940887754056,720575940894593587,3,axon_pre,False,230.0,981.0
ad-htmr,720575940887754056,720575940897240066,3,axon_pre,False,359.0,2789.0
ad-htmr,720575940887754056,720575940878308651,2,axon_pre,False,270.0,3006.0
ad-htmr,720575940887754056,720575940957189908,2,axon_pre,False,111.0,1656.0
ad-htmr,720575940887754056,720575940874036446,2,axon_pre,False,89.0,1869.0
ad-htmr,720575940887754056,720575940869486442,2,axon_pre,False,309.0,1597.0
ad-htmr,720575940887754056,720575940958039060,2,axon_pre,False,64.0,1693.0
ad-htmr,720575940887754056,720575940892108999,2,axon_pre,False,108.0,1464.0
ad-htmr,720575940887754056,720575940897581273,2,axon_pre,False,122.0,2324.0
ad-htmr,720575940887754056,720575940915724992,2,axon_pre,False,150.0,1701.0
ad-htmr,720575940887754056,720575940906105659,2,axon_pre,False,60.0,2380.0
ad-htmr,720575940887754056,720575940920006013,2,axon_pre,False,234.0,1820.0
ad-htmr,720575940887754056,720575940881059250,2,axon_pre,False,122.0,1602.0
ad-htmr,720575940887754056,720575940881777488,2,axon_pre,False,222.0,2312.0
ad-htmr,720575940887754056,720575940898371315,2,axon_pre,False,88.0,780.0
ad-htmr,720575940887754056,720575940889838568,2,axon_pre,False,501.0,711.0
ad-htmr,720575940887754056,720575940910940321,2,axon_pre,False,150.0,1768.0
ad-htmr,720575940887754056,720575940893395733,2,axon_pre,False,656.0,2134.0
ad-htmr,720575940887754056,720575940917616479,2,axon_pre,False,175.0,1428.0
ad-htmr,720575940887754056,720575940897340566,2,axon_pre,False,137.0,1921.0
ad-htmr,720575940887754056,720575940872837746,2,axon_pre,False,209.0,1955.0
ad-htmr,720575940887754056,720575940882436301,2,axon_pre,False,314.0,2007.0
ad-htmr,720575940887754056,720575940914888470,2,axon_pre,False,339.0,742.0
ad-htmr,720575940887754056,720575940882122272,2,axon_pre,False,238.0,1741.0
ad-htmr,720575940887754056,720575940882124320,2,axon_pre,False,281.0,1842.0
ad-htmr,720575940887754056,720575940879951234,2,axon_pre,False,398.0,3580.0
ad-htmr,720575940887754056,720575940847499885,2,axon_pre,False,272.0,3278.0
ad-htmr,720575940887754056,720575940884939979,2,axon_pre,False,243.0,4275.0
ad-htmr,720575940887754056,720575940922730538,2,axon_pre,False,242.0,1889.0
ad-htmr,720575940887754056,720575940881844049,2,axon_pre,False,243.0,4075.0
ad-htmr,720575940887754056,720575940955159896,2,axon_pre,False,165.0,1664.0
ad-htmr,720575940887754056,720575940847468909,2,axon_pre,False,1277.0,2603.0
ad-htmr,720575940888148336,720575940886920137,8,axon_pre,False,46.0,1402.0
ad-htmr,720575940888148336,720575940871951359,6,axon_pre,False,192.0,2480.0
ad-htmr,720575940888148336,720575940883497054,5,axon_pre,False,236.0,3082.0
ad-htmr,720575940888148336,720575940908057073,5,axon_pre,False,267.0,2799.0
ad-htmr,720575940888148336,720575940907688433,5,axon_pre,False,195.0,2620.0
ad-htmr,720575940888148336,720575940895562480,5,axon_pre,False,77.0,1812.0
ad-htmr,720575940888148336,720575940889421552,4,axon_pre,False,102.0,2389.0
ad-htmr,720575940888148336,720575940897511344,4,axon_pre,False,153.0,2175.0
ad-htmr,720575940888148336,720575940871488313,3,axon_pre,False,226.0,751.0
ad-htmr,720575940888148336,720575940900532415,3,axon_pre,False,24.0,1350.0
ad-htmr,720575940888148336,720575940888976061,3,axon_pre,False,241.0,3311.0
ad-htmr,720575940888148336,720575940910098624,3,axon_pre,False,244.0,2675.0
ad-htmr,720575940888148336,720575940887526320,3,axon_pre,False,75.0,1792.0
ad-htmr,720575940888148336,720575940911532991,3,axon_pre,False,264.0,2982.0
ad-htmr,720575940888148336,720575940932762516,3,axon_pre,False,114.0,1820.0
ad-htmr,720575940888148336,720575940920902057,2,axon_pre,False,311.0,2643.0
ad-htmr,720575940888148336,720575940908280304,2,axon_pre,False,188.0,2634.0
ad-htmr,720575940888148336,720575940886853104,2,axon_pre,False,117.0,958.0
ad-htmr,720575940888148336,720575940882637918,2,axon_pre,False,184.0,2047.0
ad-htmr,720575940888148336,720575940871927807,2,axon_pre,False,34.0,963.0
ad-htmr,720575940888148336,720575940896505053,2,axon_pre,False,160.0,2837.0
ad-htmr,720575940888148336,720575940928897919,2,axon_pre,False,233.0,492.0
ad-htmr,720575940888148336,720575940887686343,2,axon_pre,False,328.0,907.0
ad-htmr,720575940888148336,720575940874890718,2,axon_pre,False,93.0,1928.0
ad-htmr,720575940888148336,720575940904329920,2,axon_pre,False,128.0,2051.0
ad-htmr,720575940888148336,720575940928314364,2,axon_pre,False,294.0,2005.0
ad-htmr,720575940888148336,720575940897340566,2,axon_pre,False,137.0,1921.0
ad-htmr,720575940888148336,720575940916737348,2,axon_pre,False,44.0,953.0
ad-htmr,720575940888148336,720575940918750769,2,axon_pre,False,421.0,1339.0
ad-htmr,720575940888148336,720575940927174424,2,axon_pre,False,346.0,3478.0
ad-htmr,720575940888148336,720575940891797671,2,axon_pre,False,193.0,3828.0
ad-htmr,720575940888148336,720575940885207489,2,axon_pre,False,99.0,1639.0
ad-htmr,720575940888538572,720575940927109144,20,axon_pre,False,1162.0,3222.0
ad-htmr,720575940888538572,720575940890618063,20,axon_pre,False,303.0,2553.0
ad-htmr,720575940888538572,720575940893395733,19,axon_pre,False,656.0,2134.0
ad-htmr,720575940888538572,720575940908057073,18,axon_pre,False,267.0,2799.0
ad-htmr,720575940888538572,720575940907688433,18,axon_pre,False,195.0,2620.0
ad-htmr,720575940888538572,720575940893236555,15,axon_pre,False,224.0,1615.0
ad-htmr,720575940888538572,720575940869443690,12,axon_pre,False,753.0,2431.0
ad-htmr,720575940888538572,720575940906054459,11,axon_pre,False,243.0,2158.0
ad-htmr,720575940888538572,720575940885782942,10,axon_pre,False,115.0,1916.0
ad-htmr,720575940888538572,720575940916016480,10,axon_pre,False,551.0,1461.0
ad-htmr,720575940888538572,720575940908784985,10,axon_pre,False,187.0,1838.0
ad-htmr,720575940888538572,720575940921394707,9,axon_pre,False,258.0,2683.0
ad-htmr,720575940888538572,720575940925804358,9,axon_pre,False,147.0,2250.0
ad-htmr,720575940888538572,720575940920006013,9,axon_pre,False,234.0,1820.0
ad-htmr,720575940888538572,720575940884787258,8,axon_pre,False,278.0,1944.0
ad-htmr,720575940888538572,720575940888793434,8,axon_pre,False,461.0,1688.0
ad-htmr,720575940888538572,720575940879997826,8,axon_pre,False,372.0,1404.0
ad-htmr,720575940888538572,720575940894028021,8,axon_pre,False,255.0,1762.0
ad-htmr,720575940888538572,720575940889201125,7,axon_pre,False,229.0,1744.0
ad-htmr,720575940888538572,720575940903370509,7,axon_pre,False,931.0,2410.0
ad-htmr,720575940888538572,720575940964205222,7,axon_pre,False,259.0,3229.0
ad-htmr,720575940888538572,720575940897151504,7,axon_pre,False,191.0,1461.0
ad-htmr,720575940888538572,720575940882065440,6,axon_pre,False,282.0,2349.0
ad-htmr,720575940888538572,720575940929535994,6,axon_pre,False,131.0,2348.0
ad-htmr,720575940888538572,720575940888731665,6,axon_pre,False,267.0,5199.0
ad-htmr,720575940888538572,720575940892151138,6,axon_pre,False,202.0,1917.0
ad-htmr,720575940888538572,720575940862216039,6,axon_pre,False,356.0,2752.0
ad-htmr,720575940888538572,720575940870231427,6,axon_pre,False,222.0,2296.0
ad-htmr,720575940888538572,720575940881495747,6,axon_pre,False,184.0,2342.0
ad-htmr,720575940888538572,720575940873431614,6,axon_pre,False,144.0,2296.0
ad-htmr,720575940888538572,720575940881948923,5,axon_pre,False,234.0,1658.0
ad-htmr,720575940888538572,720575940870182787,5,axon_pre,False,306.0,9547.0
ad-htmr,720575940888538572,720575940912862208,5,axon_pre,False,274.0,1925.0
ad-htmr,720575940888538572,720575940883497054,5,axon_pre,False,236.0,3082.0
ad-htmr,720575940888538572,720575940865420959,5,axon_pre,False,145.0,2045.0
ad-htmr,720575940888538572,720575940881906939,5,axon_pre,False,306.0,3349.0
ad-htmr,720575940888538572,720575940922638146,4,axon_pre,False,66.0,3009.0
ad-htmr,720575940888538572,720575940889238903,4,axon_pre,False,620.0,1197.0
ad-htmr,720575940888538572,720575940922949405,4,axon_pre,False,511.0,1955.0
ad-htmr,720575940888538572,720575940924191621,4,axon_pre,False,193.0,1774.0
ad-htmr,720575940888538572,720575940877129819,4,axon_pre,False,383.0,2753.0
ad-htmr,720575940888538572,720575940876975326,4,axon_pre,False,183.0,2926.0
ad-htmr,720575940888538572,720575940900227298,4,axon_pre,False,149.0,2445.0
ad-htmr,720575940888538572,720575940895686440,4,axon_pre,False,246.0,1164.0
ad-htmr,720575940888538572,720575940884939979,4,axon_pre,False,243.0,4275.0
ad-htmr,720575940888538572,720575940897460886,4,axon_pre,False,612.0,1733.0
ad-htmr,720575940888538572,720575940903499199,4,axon_pre,False,69.0,1179.0
ad-htmr,720575940888538572,720575940887342814,4,axon_pre,False,224.0,1718.0
ad-htmr,720575940888538572,720575940920044149,4,axon_pre,False,749.0,2473.0
ad-htmr,720575940888538572,720575940908280304,3,axon_pre,False,188.0,2634.0
ad-htmr,720575940888538572,720575940937287807,3,axon_pre,False,79.0,1347.0
ad-htmr,720575940888538572,720575940898477757,3,axon_pre,False,253.0,2642.0
ad-htmr,720575940888538572,720575940887266486,3,axon_pre,False,347.0,566.0
ad-htmr,720575940888538572,720575940878302251,3,axon_pre,False,216.0,1768.0
ad-htmr,720575940888538572,720575940895436190,3,axon_pre,False,71.0,1047.0
ad-htmr,720575940888538572,720575940871488313,3,axon_pre,False,226.0,751.0
ad-htmr,720575940888538572,720575940882122272,3,axon_pre,False,238.0,1741.0
ad-htmr,720575940888538572,720575940922914845,3,axon_pre,False,116.0,1432.0
ad-htmr,720575940888538572,720575940888520652,3,axon_pre,False,444.0,2208.0
ad-htmr,720575940888538572,720575940887146970,3,axon_pre,False,423.0,4160.0
ad-htmr,720575940888538572,720575940895353262,3,axon_pre,False,719.0,1408.0
ad-htmr,720575940888538572,720575940941132140,3,axon_pre,False,221.0,3035.0
ad-htmr,720575940888538572,720575940870677846,3,axon_pre,False,252.0,1654.0
ad-htmr,720575940888538572,720575940920454032,3,axon_pre,False,280.0,2067.0
ad-htmr,720575940888538572,720575940895630120,3,axon_pre,False,186.0,3393.0
ad-htmr,720575940888538572,720575940918750769,3,axon_pre,False,421.0,1339.0
ad-htmr,720575940888538572,720575940918578502,3,axon_pre,False,81.0,1215.0
ad-htmr,720575940888538572,720575940893336035,3,axon_pre,False,864.0,1975.0
ad-htmr,720575940888538572,720575940883762716,3,axon_pre,False,253.0,2555.0
ad-htmr,720575940888538572,720575940865160474,3,axon_pre,False,142.0,1853.0
ad-htmr,720575940888538572,720575940886701545,2,axon_pre,False,21.0,401.0
ad-htmr,720575940888538572,720575940920001149,2,axon_pre,False,156.0,1852.0
ad-htmr,720575940888538572,720575940914890411,2,axon_pre,False,45.0,1680.0
ad-htmr,720575940888538572,720575940923209772,2,axon_pre,False,148.0,1516.0
ad-htmr,720575940888538572,720575940927073624,2,axon_pre,False,7.0,463.0
ad-htmr,720575940888538572,720575940875116119,2,axon_pre,False,402.0,1246.0
ad-htmr,720575940888538572,720575940920902057,2,axon_pre,False,311.0,2643.0
ad-htmr,720575940888538572,720575940880857618,2,axon_pre,False,205.0,1864.0
ad-htmr,720575940888538572,720575940895369134,2,axon_pre,False,758.0,1560.0
ad-htmr,720575940888538572,720575940900963269,2,axon_pre,False,383.0,2075.0
ad-htmr,720575940888538572,720575940889844712,2,axon_pre,False,206.0,1638.0
ad-htmr,720575940888538572,720575940928347132,2,axon_pre,False,794.0,1596.0
ad-htmr,720575940888538572,720575940897346306,2,axon_pre,False,382.0,682.0
ad-htmr,720575940888538572,720575940862585887,2,axon_pre,False,17.0,515.0
ad-htmr,720575940888538572,720575940902101014,2,axon_pre,False,126.0,2112.0
ad-htmr,720575940888538572,720575940930875213,2,axon_pre,False,255.0,1792.0
ad-htmr,720575940888538572,720575940882041376,2,axon_pre,False,243.0,1196.0
ad-htmr,720575940888538572,720575940888030663,2,axon_pre,False,242.0,2809.0
ad-htmr,720575940888538572,720575940897516249,2,axon_pre,False,113.0,1668.0
ad-htmr,720575940888538572,720575940869481691,2,axon_pre,False,353.0,1165.0
ad-htmr,720575940888538572,720575940929654049,2,axon_pre,False,239.0,1459.0
ad-htmr,720575940888538572,720575940881158911,2,axon_pre,False,177.0,1975.0
ad-htmr,720575940888538572,720575940897710000,2,axon_pre,False,44.0,1545.0
ad-htmr,720575940888538572,720575940902554047,2,axon_pre,False,79.0,687.0
ad-htmr,720575940888538572,720575940893953264,2,axon_pre,False,226.0,3491.0
ad-htmr,720575940888538572,720575940905006973,2,axon_pre,False,36.0,1173.0
ad-htmr,720575940888538572,720575940918655558,2,axon_pre,False,40.0,638.0
ad-htmr,720575940888538572,720575940886088944,2,axon_pre,False,94.0,1643.0
ad-htmr,720575940888538572,720575940915256127,2,axon_pre,False,331.0,2745.0
ad-htmr,720575940888538572,720575940887037158,2,axon_pre,False,111.0,1680.0
ad-htmr,720575940888538572,720575940891718567,2,axon_pre,False,245.0,682.0
ad-htmr,720575940888538572,720575940927174424,2,axon_pre,False,346.0,3478.0
ad-htmr,720575940888538572,720575940937221662,2,axon_pre,False,257.0,1830.0
ad-htmr,720575940888538572,720575940891164342,2,axon_pre,False,218.0,918.0
ad-htmr,720575940888538572,720575940880924893,2,axon_pre,False,94.0,867.0
ad-htmr,720575940888538572,720575940891956925,2,axon_pre,False,149.0,2583.0
ad-htmr,720575940888538572,720575940882124320,2,axon_pre,False,281.0,1842.0
ad-htmr,720575940888538572,720575940865191962,2,axon_pre,False,322.0,1490.0
ad-htmr,720575940888538572,720575940886120390,2,axon_pre,False,1027.0,2347.0
ad-htmr,720575940888538572,720575940899278018,2,axon_pre,False,140.0,1760.0
ad-htmr,720575940888538572,720575940909320219,2,axon_pre,False,250.0,3003.0
ad-htmr,720575940888538572,720575940893895175,2,axon_pre,False,258.0,2387.0
ad-htmr,720575940888538572,720575940889249143,2,axon_pre,False,244.0,1810.0
ad-htmr,720575940888538572,720575940920415120,2,axon_pre,False,457.0,2572.0
ad-htmr,720575940888538572,720575940914039998,2,axon_pre,False,418.0,743.0
ad-htmr,720575940888538572,720575940915676096,2,axon_pre,False,216.0,4380.0
ad-htmr,720575940888538572,720575940881883217,2,axon_pre,False,243.0,1852.0
ad-htmr,720575940888538572,720575940888976061,2,axon_pre,False,241.0,3311.0
ad-htmr,720575940888538572,720575940899257026,2,axon_pre,False,159.0,1144.0
ad-htmr,720575940888538572,720575940936905540,2,axon_pre,False,262.0,1660.0
ad-htmr,720575940888538572,720575940922934557,2,axon_pre,False,273.0,2660.0
ad-htmr,720575940888538572,720575940887741768,2,axon_pre,False,698.0,2264.0
ad-htmr,720575940888538572,720575940899824527,2,axon_pre,False,183.0,1383.0
ad-htmr,720575940888538572,720575940917721763,2,axon_pre,False,302.0,1599.0
ad-htmr,720575940888538572,720575940919955061,2,axon_pre,False,231.0,1840.0
ad-htmr,720575940888538572,720575940902589394,2,axon_pre,False,152.0,2674.0
ad-htmr,720575940888538572,720575940915202367,2,axon_pre,False,231.0,1554.0
ad-htmr,720575940888538572,720575940920790440,2,axon_pre,False,165.0,1821.0
ad-htmr,720575940888538572,720575940948894998,2,axon_pre,False,149.0,1464.0
ad-htmr,720575940888538572,720575940883481950,2,axon_pre,False,208.0,2596.0
ad-htmr,720575940888538572,720575940893842951,2,axon_pre,False,307.0,2139.0
ad-htmr,720575940888538572,720575940914080496,2,axon_pre,False,97.0,1181.0
ad-htmr,720575940888538572,720575940862200935,2,axon_pre,False,136.0,982.0
IN-abltmr,720575940890985281,720575940891183798,38,axon_pre,False,428.0,2050.0
IN-abltmr,720575940890985281,720575940891181902,21,axon_pre,False,782.0,1888.0
IN-abltmr,720575940890985281,720575940879220460,11,axon_pre,False,204.0,1765.0
IN-abltmr,720575940890985281,720575940897460886,10,axon_pre,False,612.0,1733.0
IN-abltmr,720575940890985281,720575940878916148,10,axon_pre,False,244.0,914.0
IN-abltmr,720575940890985281,720575940889028178,10,axon_pre,False,86.0,2280.0
IN-abltmr,720575940890985281,720575940885095808,9,axon_pre,False,181.0,1998.0
IN-abltmr,720575940890985281,720575940900956101,9,axon_pre,False,684.0,1770.0
IN-abltmr,720575940890985281,720575940881968222,9,axon_pre,False,248.0,3456.0
IN-abltmr,720575940890985281,720575940893177002,8,axon_pre,False,558.0,2174.0
IN-abltmr,720575940890985281,720575940882152932,8,axon_pre,False,219.0,1617.0
IN-abltmr,720575940890985281,720575940894647859,8,axon_pre,False,481.0,2457.0
IN-abltmr,720575940890985281,720575940905061686,8,axon_pre,False,359.0,900.0
IN-abltmr,720575940890985281,720575940875640030,8,axon_pre,False,336.0,2372.0
IN-abltmr,720575940890985281,720575940883492517,7,axon_pre,False,307.0,3500.0
IN-abltmr,720575940890985281,720575940869346410,7,axon_pre,False,480.0,2037.0
IN-abltmr,720575940890985281,720575940928347132,7,axon_pre,False,794.0,1596.0
IN-abltmr,720575940890985281,720575940894617044,7,axon_pre,False,284.0,2271.0
IN-abltmr,720575940890985281,720575940900035780,6,axon_pre,False,172.0,1914.0
IN-abltmr,720575940890985281,720575940898700480,6,axon_pre,False,549.0,3026.0
IN-abltmr,720575940890985281,720575940897381378,6,axon_pre,False,216.0,1392.0
IN-abltmr,720575940890985281,720575940908781145,6,axon_pre,False,373.0,1512.0
IN-abltmr,720575940890985281,720575940892205566,5,axon_pre,False,727.0,3070.0
IN-abltmr,720575940890985281,720575940891407652,5,axon_pre,False,273.0,2008.0
IN-abltmr,720575940890985281,720575940930905464,5,axon_pre,False,576.0,1697.0
IN-abltmr,720575940890985281,720575940903679779,5,axon_pre,False,245.0,950.0
IN-abltmr,720575940890985281,720575940875116119,5,axon_pre,False,402.0,1246.0
IN-abltmr,720575940890985281,720575940883852828,5,axon_pre,False,277.0,3033.0
IN-abltmr,720575940890985281,720575940904086480,5,axon_pre,False,427.0,1101.0
IN-abltmr,720575940890985281,720575940900203198,5,axon_pre,False,279.0,1454.0
IN-abltmr,720575940890985281,720575940886926839,4,axon_pre,False,58.0,865.0
IN-abltmr,720575940890985281,720575940918750769,4,axon_pre,False,421.0,1339.0
IN-abltmr,720575940890985281,720575940886677181,4,axon_pre,False,242.0,3983.0
IN-abltmr,720575940890985281,720575940882525989,4,axon_pre,False,195.0,1247.0
IN-abltmr,720575940890985281,720575940894016757,4,axon_pre,False,216.0,2253.0
IN-abltmr,720575940890985281,720575940940380075,4,axon_pre,False,544.0,1710.0
IN-abltmr,720575940890985281,720575940917429907,4,axon_pre,False,401.0,2125.0
IN-abltmr,720575940890985281,720575940878955572,4,axon_pre,False,536.0,2882.0
IN-abltmr,720575940890985281,720575940891783335,4,axon_pre,False,380.0,3058.0
IN-abltmr,720575940890985281,720575940902279425,4,axon_pre,False,104.0,1692.0
IN-abltmr,720575940890985281,720575940915578005,3,axon_pre,False,563.0,3446.0
IN-abltmr,720575940890985281,720575940919612933,3,axon_pre,False,223.0,927.0
IN-abltmr,720575940890985281,720575940894666964,3,axon_pre,False,216.0,2014.0
IN-abltmr,720575940890985281,720575940862126439,3,axon_pre,False,926.0,2541.0
IN-abltmr,720575940890985281,720575940917011478,3,axon_pre,False,157.0,5974.0
IN-abltmr,720575940890985281,720575940891184310,3,axon_pre,False,513.0,3545.0
IN-abltmr,720575940890985281,720575940888148592,3,axon_pre,False,592.0,2477.0
IN-abltmr,720575940890985281,720575940892542449,3,axon_pre,False,149.0,4042.0
IN-abltmr,720575940890985281,720575940951303975,3,axon_pre,False,239.0,2018.0
IN-abltmr,720575940890985281,720575940903962287,3,axon_pre,False,246.0,1618.0
IN-abltmr,720575940890985281,720575940871586014,3,axon_pre,False,470.0,2774.0
IN-abltmr,720575940890985281,720575940890134196,3,axon_pre,False,456.0,1584.0
IN-abltmr,720575940890985281,720575940888525260,3,axon_pre,False,202.0,1638.0
IN-abltmr,720575940890985281,720575940869443690,3,axon_pre,False,753.0,2431.0
IN-abltmr,720575940890985281,720575940878956340,3,axon_pre,False,781.0,1666.0
IN-abltmr,720575940890985281,720575940884787258,3,axon_pre,False,278.0,1944.0
IN-abltmr,720575940890985281,720575940883197911,3,axon_pre,False,459.0,1970.0
IN-abltmr,720575940890985281,720575940881620931,3,axon_pre,False,685.0,1784.0
IN-abltmr,720575940890985281,720575940889995963,3,axon_pre,False,112.0,1441.0
IN-abltmr,720575940890985281,720575940895349177,3,axon_pre,False,687.0,2341.0
IN-abltmr,720575940890985281,720575940877035272,3,axon_pre,False,319.0,2848.0
IN-abltmr,720575940890985281,720575940920848808,3,axon_pre,False,152.0,1011.0
IN-abltmr,720575940890985281,720575940921263822,3,axon_pre,False,169.0,1464.0
IN-abltmr,720575940890985281,720575940881935355,3,axon_pre,False,481.0,1829.0
IN-abltmr,720575940890985281,720575940916016480,3,axon_pre,False,551.0,1461.0
IN-abltmr,720575940890985281,720575940915761088,3,axon_pre,False,301.0,1264.0
IN-abltmr,720575940890985281,720575940908386564,3,axon_pre,False,301.0,914.0
IN-abltmr,720575940890985281,720575940889434806,3,axon_pre,False,95.0,1517.0
IN-abltmr,720575940890985281,720575940930813560,3,axon_pre,False,161.0,3775.0
IN-abltmr,720575940890985281,720575940919917041,3,axon_pre,False,376.0,1388.0
IN-abltmr,720575940890985281,720575940924467266,2,axon_pre,False,224.0,1349.0
IN-abltmr,720575940890985281,720575940899143251,2,axon_pre,False,63.0,964.0
IN-abltmr,720575940890985281,720575940875184727,2,axon_pre,False,197.0,2883.0
IN-abltmr,720575940890985281,720575940899257026,2,axon_pre,False,159.0,1144.0
IN-abltmr,720575940890985281,720575940914883824,2,axon_pre,False,562.0,1137.0
IN-abltmr,720575940890985281,720575940910079168,2,axon_pre,False,37.0,1466.0
IN-abltmr,720575940890985281,720575940890245126,2,axon_pre,False,752.0,2598.0
IN-abltmr,720575940890985281,720575940880005762,2,axon_pre,False,553.0,3286.0
IN-abltmr,720575940890985281,720575940894028021,2,axon_pre,False,255.0,1762.0
IN-abltmr,720575940890985281,720575940963453716,2,axon_pre,False,54.0,1248.0
IN-abltmr,720575940890985281,720575940880848529,2,axon_pre,False,422.0,3374.0
IN-abltmr,720575940890985281,720575940902583537,2,axon_pre,False,19.0,423.0
IN-abltmr,720575940890985281,720575940887131610,2,axon_pre,False,161.0,2135.0
IN-abltmr,720575940890985281,720575940898748921,2,axon_pre,False,285.0,2234.0
IN-abltmr,720575940890985281,720575940941106028,2,axon_pre,False,504.0,2033.0
IN-abltmr,720575940890985281,720575940883543461,2,axon_pre,False,210.0,973.0
IN-abltmr,720575940890985281,720575940881910353,2,axon_pre,False,122.0,2463.0
IN-abltmr,720575940890985281,720575940878302251,2,axon_pre,False,216.0,1768.0
IN-abltmr,720575940890985281,720575940879951234,2,axon_pre,False,398.0,3580.0
IN-abltmr,720575940890985281,720575940894200219,2,axon_pre,False,1858.0,2812.0
IN-abltmr,720575940890985281,720575940899281090,2,axon_pre,False,703.0,1335.0
IN-abltmr,720575940890985281,720575940908057073,2,axon_pre,False,267.0,2799.0
IN-abltmr,720575940890985281,720575940920882345,2,axon_pre,False,695.0,1971.0
IN-abltmr,720575940890985281,720575940891164342,2,axon_pre,False,218.0,918.0
IN-abltmr,720575940890985281,720575940892592500,2,axon_pre,False,95.0,1846.0
IN-abltmr,720575940890985281,720575940959082260,2,axon_pre,False,328.0,5748.0
IN-abltmr,720575940890985281,720575940893226173,2,axon_pre,False,398.0,1674.0
IN-abltmr,720575940890985281,720575940896891210,2,axon_pre,False,2033.0,3387.0
IN-abltmr,720575940890985281,720575940877485367,2,axon_pre,False,290.0,2876.0
IN-abltmr,720575940890985281,720575940878312571,2,axon_pre,False,570.0,1254.0
IN-abltmr,720575940890985281,720575940887146970,2,axon_pre,False,423.0,4160.0
IN-abltmr,720575940890985281,720575940925720646,2,axon_pre,False,243.0,2716.0
IN-abltmr,720575940890985281,720575940881603779,2,axon_pre,False,178.0,2989.0
IN-abltmr,720575940890985281,720575940915578261,2,axon_pre,False,106.0,1644.0
IN-abltmr,720575940890985281,720575940895369134,2,axon_pre,False,758.0,1560.0
IN-abltmr,720575940890985281,720575940869481691,2,axon_pre,False,353.0,1165.0
IN-abltmr,720575940890985281,720575940897997194,2,axon_pre,False,512.0,8774.0
IN-abltmr,720575940890985281,720575940927244256,2,axon_pre,False,483.0,2750.0
IN-abltmr,720575940890985281,720575940886268836,2,axon_pre,False,228.0,1867.0
IN-abltmr,720575940890985281,720575940893777899,2,axon_pre,False,113.0,1507.0
IN-abltmr,720575940890985281,720575940902703006,2,axon_pre,False,652.0,1594.0
IN-abltmr,720575940890985281,720575940899153235,2,axon_pre,False,339.0,954.0
IN-abltmr,720575940890985281,720575940917769099,2,axon_pre,False,355.0,3057.0
IN-abltmr,720575940890985281,720575940913308862,2,axon_pre,False,45.0,841.0
IN-abltmr,720575940890985281,720575940899954622,2,axon_pre,False,280.0,9362.0
IN-abltmr,720575940890985281,720575940897427645,2,axon_pre,False,1000.0,2302.0
IN-abltmr,720575940890985281,720575940892652404,2,axon_pre,False,156.0,1180.0
IN-abltmr,720575940890985281,720575940902653906,2,axon_pre,False,785.0,2720.0
IN-abltmr,720575940890985281,720575940899688893,2,axon_pre,False,299.0,8915.0
IN-abltmr,720575940890985281,720575940909769176,2,axon_pre,False,358.0,1231.0
IN-abltmr,720575940890985281,720575940891797671,2,axon_pre,False,193.0,3828.0
IN-abltmr,720575940890985281,720575940922934557,2,axon_pre,False,273.0,2660.0
IN-abltmr,720575940890985281,720575940883481950,2,axon_pre,False,208.0,2596.0
IN-abltmr,720575940890985281,720575940881496003,2,axon_pre,False,181.0,1703.0
IN-abltmr,720575940890985281,720575940897067449,2,axon_pre,False,91.0,1534.0
IN-abltmr,720575940890985281,720575940879237356,2,axon_pre,False,190.0,1984.0
IN-abltmr,720575940890985281,720575940906164189,2,axon_pre,False,216.0,1040.0
IN-abltmr,720575940890985281,720575940887203510,2,axon_pre,False,159.0,7511.0
IN-abltmr,720575940890985281,720575940900198777,2,axon_pre,False,193.0,2021.0
IN-abltmr,720575940890985281,720575940881931601,2,axon_pre,False,117.0,1692.0
islet-chtmr,720575940893449483,720575940882152932,3,axon_pre,False,219.0,1617.0
islet-chtmr,720575940893449483,720575940920006013,3,axon_pre,False,234.0,1820.0
islet-chtmr,720575940893449483,720575940873431614,3,axon_pre,False,144.0,2296.0
islet-chtmr,720575940893449483,720575940913551473,3,axon_pre,False,212.0,1695.0
islet-chtmr,720575940893449483,720575940909769176,2,axon_pre,False,358.0,1231.0
islet-chtmr,720575940893449483,720575940894674441,2,axon_pre,False,156.0,840.0
islet-chtmr,720575940893449483,720575940897305090,2,axon_pre,False,67.0,855.0
islet-chtmr,720575940893449483,720575940882436301,2,axon_pre,False,314.0,2007.0
islet-chtmr,720575940893449483,720575940937783725,2,axon_pre,False,190.0,1720.0
islet-chtmr,720575940893449483,720575940922709290,2,axon_pre,False,329.0,1160.0
islet-chtmr,720575940893449483,720575940892112738,2,axon_pre,False,230.0,1155.0
islet-chtmr,720575940893449483,720575940898860281,2,axon_pre,False,112.0,1024.0
islet-chtmr,720575940893449483,720575940924148613,2,axon_pre,False,245.0,1307.0
islet-chtmr,720575940893449483,720575940892226247,2,axon_pre,False,65.0,959.0
islet-chtmr,720575940893449483,720575940916016480,2,axon_pre,False,551.0,1461.0
ad-htmr,720575940897166352,720575940869432795,25,axon_pre,False,293.0,2446.0
ad-htmr,720575940897166352,720575940910098624,25,axon_pre,False,244.0,2675.0
ad-htmr,720575940897166352,720575940908280304,22,axon_pre,False,188.0,2634.0
ad-htmr,720575940897166352,720575940902777455,18,axon_pre,False,252.0,3487.0
ad-htmr,720575940897166352,720575940896687815,15,axon_pre,False,322.0,3127.0
ad-htmr,720575940897166352,720575940903508671,15,axon_pre,False,201.0,2469.0
ad-htmr,720575940897166352,720575940918191413,14,axon_pre,False,422.0,3952.0
ad-htmr,720575940897166352,720575940900764096,11,axon_pre,False,174.0,2133.0
ad-htmr,720575940897166352,720575940903369151,9,axon_pre,False,76.0,2252.0
ad-htmr,720575940897166352,720575940880975615,8,axon_pre,False,154.0,1887.0
ad-htmr,720575940897166352,720575940900889280,8,axon_pre,False,142.0,2638.0
ad-htmr,720575940897166352,720575940892150526,8,axon_pre,False,140.0,1852.0
ad-htmr,720575940897166352,720575940910940321,7,axon_pre,False,150.0,1768.0
ad-htmr,720575940897166352,720575940906296626,7,axon_pre,False,260.0,1891.0
ad-htmr,720575940897166352,720575940896171763,7,axon_pre,False,266.0,3541.0
ad-htmr,720575940897166352,720575940925813318,7,axon_pre,False,242.0,1123.0
ad-htmr,720575940897166352,720575940901141695,6,axon_pre,False,187.0,2454.0
ad-htmr,720575940897166352,720575940878679807,6,axon_pre,False,187.0,2519.0
ad-htmr,720575940897166352,720575940889122544,5,axon_pre,False,156.0,1832.0
ad-htmr,720575940897166352,720575940914191600,5,axon_pre,False,114.0,1664.0
ad-htmr,720575940897166352,720575940893306851,5,axon_pre,False,164.0,1976.0
ad-htmr,720575940897166352,720575940903408397,5,axon_pre,False,231.0,1898.0
ad-htmr,720575940897166352,720575940915724992,5,axon_pre,False,150.0,1701.0
ad-htmr,720575940897166352,720575940950623764,4,axon_pre,False,1257.0,3094.0
ad-htmr,720575940897166352,720575940930825293,4,axon_pre,False,249.0,1784.0
ad-htmr,720575940897166352,720575940883025885,4,axon_pre,False,213.0,2601.0
ad-htmr,720575940897166352,720575940891853296,4,axon_pre,False,118.0,2239.0
ad-htmr,720575940897166352,720575940962164756,4,axon_pre,False,1484.0,2679.0
ad-htmr,720575940897166352,720575940919948917,4,axon_pre,False,68.0,1713.0
ad-htmr,720575940897166352,720575940899174536,4,axon_pre,False,313.0,4330.0
ad-htmr,720575940897166352,720575940888976061,4,axon_pre,False,241.0,3311.0
ad-htmr,720575940897166352,720575940933729407,4,axon_pre,False,19.0,417.0
ad-htmr,720575940897166352,720575940927149336,4,axon_pre,False,288.0,1746.0
ad-htmr,720575940897166352,720575940885985734,4,axon_pre,False,218.0,750.0
ad-htmr,720575940897166352,720575940898149552,4,axon_pre,False,96.0,1828.0
ad-htmr,720575940897166352,720575940881526723,4,axon_pre,False,404.0,1785.0
ad-htmr,720575940897166352,720575940888933494,3,axon_pre,False,207.0,2817.0
ad-htmr,720575940897166352,720575940957220628,3,axon_pre,False,1318.0,2583.0
ad-htmr,720575940897166352,720575940889094343,3,axon_pre,False,128.0,1690.0
ad-htmr,720575940897166352,720575940889608903,3,axon_pre,False,96.0,1772.0
ad-htmr,720575940897166352,720575940927174424,3,axon_pre,False,346.0,3478.0
ad-htmr,720575940897166352,720575940868489112,3,axon_pre,False,263.0,2439.0
ad-htmr,720575940897166352,720575940954169108,3,axon_pre,False,125.0,1665.0
ad-htmr,720575940897166352,720575940886001350,3,axon_pre,False,289.0,3637.0
ad-htmr,720575940897166352,720575940903499199,3,axon_pre,False,69.0,1179.0
ad-htmr,720575940897166352,720575940883419045,3,axon_pre,False,145.0,3760.0
ad-htmr,720575940897166352,720575940920044149,3,axon_pre,False,749.0,2473.0
ad-htmr,720575940897166352,720575940847534701,3,axon_pre,False,219.0,1232.0
ad-htmr,720575940897166352,720575940925742918,3,axon_pre,False,132.0,2610.0
ad-htmr,720575940897166352,720575940939131263,3,axon_pre,False,82.0,1703.0
ad-htmr,720575940897166352,720575940914879061,3,axon_pre,False,63.0,705.0
ad-htmr,720575940897166352,720575940882586780,2,axon_pre,False,329.0,9534.0
ad-htmr,720575940897166352,720575940933723775,2,axon_pre,False,923.0,1824.0
ad-htmr,720575940897166352,720575940870471390,2,axon_pre,False,407.0,2432.0
ad-htmr,720575940897166352,720575940879750390,2,axon_pre,False,181.0,1347.0
ad-htmr,720575940897166352,720575940920902057,2,axon_pre,False,311.0,2643.0
ad-htmr,720575940897166352,720575940963357716,2,axon_pre,False,228.0,4263.0
ad-htmr,720575940897166352,720575940911532991,2,axon_pre,False,264.0,2982.0
ad-htmr,720575940897166352,720575940905928127,2,axon_pre,False,29.0,1042.0
ad-htmr,720575940897166352,720575940897511344,2,axon_pre,False,153.0,2175.0
ad-htmr,720575940897166352,720575940892406215,2,axon_pre,False,115.0,1494.0
ad-htmr,720575940897166352,720575940927197664,2,axon_pre,False,726.0,2823.0
ad-htmr,720575940897166352,720575940939171967,2,axon_pre,False,343.0,782.0
ad-htmr,720575940897166352,720575940883781404,2,axon_pre,False,318.0,5036.0
ad-htmr,720575940897166352,720575940893932272,2,axon_pre,False,135.0,1783.0
ad-htmr,720575940897166352,720575940906252275,2,axon_pre,False,583.0,2029.0
ad-htmr,720575940897166352,720575940886901703,2,axon_pre,False,303.0,1622.0
ad-htmr,720575940897166352,720575940881059250,2,axon_pre,False,122.0,1602.0
ad-htmr,720575940897166352,720575940937287807,2,axon_pre,False,79.0,1347.0
ad-htmr,720575940897166352,720575940929535994,2,axon_pre,False,131.0,2348.0
ad-htmr,720575940897166352,720575940896650461,2,axon_pre,False,115.0,2318.0
ad-htmr,720575940897166352,720575940877470775,2,axon_pre,False,271.0,3383.0
ad-htmr,720575940897166352,720575940920415120,2,axon_pre,False,457.0,2572.0
ad-htmr,720575940897166352,720575940896505053,2,axon_pre,False,160.0,2837.0
ad-htmr,720575940897166352,720575940893842951,2,axon_pre,False,307.0,2139.0
ad-htmr,720575940897166352,720575940928708223,2,axon_pre,False,78.0,1080.0
ad-htmr,720575940897166352,720575940906768995,2,axon_pre,False,260.0,1591.0
ad-htmr,720575940897166352,720575940899227330,2,axon_pre,False,77.0,1026.0
ad-htmr,720575940897166352,720575940886272676,2,axon_pre,False,247.0,1675.0
ad-htmr,720575940897166352,720575940915975264,2,axon_pre,False,245.0,1396.0
ad-htmr,720575940897166352,720575940939013759,2,axon_pre,False,81.0,1868.0
ad-htmr,720575940897166352,720575940881158911,2,axon_pre,False,177.0,1975.0
ad-htmr,720575940897166352,720575940900988613,2,axon_pre,False,228.0,1545.0
ad-htmr,720575940897166352,720575940897588441,2,axon_pre,False,1233.0,2427.0
ad-htmr,720575940897166352,720575940885992902,2,axon_pre,False,136.0,2975.0
ad-htmr,720575940897166352,720575940881830087,2,axon_pre,False,86.0,1747.0
ad-htmr,720575940897166352,720575940918770225,2,axon_pre,False,165.0,859.0
ad-htmr,720575940897166352,720575940907643120,2,axon_pre,False,284.0,695.0
ad-htmr,720575940897166352,720575940886790537,2,axon_pre,False,279.0,2069.0
ad-htmr,720575940897166352,720575940937783469,2,axon_pre,False,530.0,4381.0
ad-htmr,720575940897166352,720575940940334251,2,axon_pre,False,268.0,1902.0
ad-htmr,720575940897166352,720575940893933438,2,axon_pre,False,133.0,3024.0
ad-htmr,720575940897166352,720575940937221662,2,axon_pre,False,257.0,1830.0
ad-htmr,720575940897166352,720575940889934568,2,axon_pre,False,150.0,2011.0
ad-htmr,720575940897166352,720575940875186007,2,axon_pre,False,230.0,2220.0
ad-htmr,720575940897166352,720575940932762516,2,axon_pre,False,114.0,1820.0
ad-htmr,720575940897166352,720575940908523248,2,axon_pre,False,210.0,1290.0
ad-htmr,720575940897166352,720575940870677846,2,axon_pre,False,252.0,1654.0
ad-htmr,720575940897166352,720575940939114879,2,axon_pre,False,64.0,1788.0
islet-cltmr,720575940900275170,720575940880388487,3,axon_pre,False,169.0,1507.0
islet-cltmr,720575940900275170,720575940883898652,3,axon_pre,False,188.0,2003.0
islet-cltmr,720575940900275170,720575940913556081,3,axon_pre,False,304.0,2518.0
islet-cltmr,720575940900275170,720575940928314364,2,axon_pre,False,294.0,2005.0
islet-cltmr,720575940900275170,720575940882105316,2,axon_pre,False,70.0,1696.0
islet-cltmr,720575940900275170,720575940909871539,2,axon_pre,False,165.0,2388.0
islet-cltmr,720575940900275170,720575940882439629,2,axon_pre,False,947.0,1765.0
islet-cltmr,720575940900275170,720575940886272676,2,axon_pre,False,247.0,1675.0
islet-cltmr,720575940900275170,720575940898574738,2,axon_pre,False,76.0,1960.0
islet-cltmr,720575940900275170,720575940888425917,2,axon_pre,False,217.0,2845.0
islet-cltmr,720575940900275170,720575940878303531,2,axon_pre,False,273.0,2587.0
islet-cltmr,720575940900275170,720575940878956340,2,axon_pre,False,781.0,1666.0
islet-cltmr,720575940900275170,720575940880839442,2,axon_pre,False,1081.0,2538.0
islet-cltmr,720575940900275170,720575940889238903,2,axon_pre,False,620.0,1197.0
islet-cltmr,720575940900275170,720575940922814762,2,axon_pre,False,697.0,1508.0
islet-cltmr,720575940900275170,720575940919407686,2,axon_pre,False,58.0,1789.0
islet-cltmr,720575940902330369,720575940869443690,6,axon_pre,False,753.0,2431.0
islet-cltmr,720575940902330369,720575940898841849,5,axon_pre,False,292.0,2250.0
islet-cltmr,720575940902330369,720575940918316341,4,axon_pre,False,745.0,1309.0
islet-cltmr,720575940902330369,720575940890204422,4,axon_pre,False,354.0,2815.0
islet-cltmr,720575940902330369,720575940898669202,3,axon_pre,False,180.0,2111.0
islet-cltmr,720575940902330369,720575940915578261,3,axon_pre,False,106.0,1644.0
islet-cltmr,720575940902330369,720575940892173666,3,axon_pre,False,129.0,2498.0
islet-cltmr,720575940902330369,720575940875122775,3,axon_pre,False,299.0,1500.0
islet-cltmr,720575940902330369,720575940883481950,3,axon_pre,False,208.0,2596.0
islet-cltmr,720575940902330369,720575940927109144,2,axon_pre,False,1162.0,3222.0
islet-cltmr,720575940902330369,720575940890245126,2,axon_pre,False,752.0,2598.0
islet-cltmr,720575940902330369,720575940897460886,2,axon_pre,False,612.0,1733.0
islet-cltmr,720575940902330369,720575940880866969,2,axon_pre,False,120.0,2187.0
islet-cltmr,720575940902330369,720575940903962287,2,axon_pre,False,246.0,1618.0
islet-cltmr,720575940902330369,720575940877106267,2,axon_pre,False,204.0,2046.0
islet-cltmr,720575940902330369,720575940922907718,2,axon_pre,False,47.0,1490.0
islet-cltmr,720575940902330369,720575940882439629,2,axon_pre,False,947.0,1765.0
islet-cltmr,720575940902330369,720575940888978038,2,axon_pre,False,252.0,1099.0
islet-cltmr,720575940902330369,720575940917097276,2,axon_pre,False,147.0,2879.0
islet-cltmr,720575940902330369,720575940897465750,2,axon_pre,False,533.0,2105.0
islet-cltmr,720575940902330369,720575940911532991,2,axon_pre,False,264.0,2982.0
islet-cltmr,720575940902330369,720575940919429958,2,axon_pre,False,92.0,1082.0
islet-cltmr,720575940902330369,720575940907787967,2,axon_pre,False,19.0,891.0
islet-cltmr,720575940902330369,720575940896732090,2,axon_pre,False,478.0,1135.0
islet-cltmr,720575940902330369,720575940892017863,2,axon_pre,False,343.0,3464.0
islet-cltmr,720575940902330369,720575940870281603,2,axon_pre,False,161.0,1250.0
islet-cltmr,720575940902330369,720575940911532735,2,axon_pre,False,112.0,1933.0
islet-cltmr,720575940902330369,720575940920001149,2,axon_pre,False,156.0,1852.0
islet-cltmr,720575940902330369,720575940891891600,2,axon_pre,False,73.0,1573.0
islet-cltmr,720575940902330369,720575940903370509,2,axon_pre,False,931.0,2410.0
islet-cltmr,720575940902330369,720575940878303531,2,axon_pre,False,273.0,2587.0
islet-cltmr,720575940902330369,720575940878302251,2,axon_pre,False,216.0,1768.0
islet-cltmr,720575940902330369,720575940889243621,2,axon_pre,False,119.0,1408.0
islet-cltmr,720575940902330369,720575940936954692,2,axon_pre,False,241.0,1042.0
islet-cltmr,720575940902330369,720575940885851550,2,axon_pre,False,239.0,2452.0
islet-cltmr,720575940902330369,720575940893395733,2,axon_pre,False,656.0,2134.0
islet-cltmr,720575940902330369,720575940881935355,2,axon_pre,False,481.0,1829.0
islet-cltmr,720575940902330369,720575940904067024,2,axon_pre,False,185.0,1666.0
islet-cltmr,720575940902330369,720575940903354252,2,axon_pre,False,877.0,1903.0
islet-cltmr,720575940902330369,720575940904075984,2,axon_pre,False,294.0,2159.0
islet-cltmr,720575940902330369,720575940897150224,2,axon_pre,False,209.0,1825.0
islet-cltmr,720575940905126710,720575940900956101,3,axon_pre,False,684.0,1770.0
islet-cltmr,720575940905126710,720575940908057073,3,axon_pre,False,267.0,2799.0
islet-cltmr,720575940905126710,720575940955166296,2,axon_pre,False,199.0,1473.0
islet-cltmr,720575940905126710,720575940906252275,2,axon_pre,False,583.0,2029.0
islet-cltmr,720575940905126710,720575940878303531,2,axon_pre,False,273.0,2587.0
islet-cltmr,720575940905126710,720575940892187902,2,axon_pre,False,185.0,3243.0
islet-cltmr,720575940905126710,720575940901325359,2,axon_pre,False,46.0,1289.0
islet-cltmr,720575940905126710,720575940900035780,2,axon_pre,False,172.0,1914.0
islet-cltmr,720575940905126710,720575940882436301,2,axon_pre,False,314.0,2007.0
islet-cltmr,720575940905126710,720575940878956340,2,axon_pre,False,781.0,1666.0
islet-chtmr,720575940905401289,720575940918873695,5,axon_pre,False,74.0,1298.0
islet-chtmr,720575940905401289,720575940903400461,5,axon_pre,False,96.0,1514.0
islet-chtmr,720575940905401289,720575940902516946,5,axon_pre,False,78.0,1923.0
islet-chtmr,720575940905401289,720575940896274103,5,axon_pre,False,261.0,2069.0
islet-chtmr,720575940905401289,720575940886975223,4,axon_pre,False,154.0,897.0
islet-chtmr,720575940905401289,720575940918750769,4,axon_pre,False,421.0,1339.0
islet-chtmr,720575940905401289,720575940915203391,4,axon_pre,False,161.0,1138.0
islet-chtmr,720575940905401289,720575940882122272,4,axon_pre,False,238.0,1741.0
islet-chtmr,720575940905401289,720575940905061686,4,axon_pre,False,359.0,900.0
islet-chtmr,720575940905401289,720575940892592500,4,axon_pre,False,95.0,1846.0
islet-chtmr,720575940905401289,720575940869481691,3,axon_pre,False,353.0,1165.0
islet-chtmr,720575940905401289,720575940902007534,3,axon_pre,False,217.0,1121.0
islet-chtmr,720575940905401289,720575940899824527,3,axon_pre,False,183.0,1383.0
islet-chtmr,720575940905401289,720575940899153235,3,axon_pre,False,339.0,954.0
islet-chtmr,720575940905401289,720575940896863175,3,axon_pre,False,78.0,1229.0
islet-chtmr,720575940905401289,720575940902703089,3,axon_pre,False,56.0,944.0
islet-chtmr,720575940905401289,720575940903443856,3,axon_pre,False,92.0,669.0
islet-chtmr,720575940905401289,720575940898393587,3,axon_pre,False,43.0,1008.0
islet-chtmr,720575940905401289,720575940902630387,3,axon_pre,False,53.0,1081.0
islet-chtmr,720575940905401289,720575940874036446,3,axon_pre,False,89.0,1869.0
islet-chtmr,720575940905401289,720575940903962287,3,axon_pre,False,246.0,1618.0
islet-chtmr,720575940905401289,720575940882525989,3,axon_pre,False,195.0,1247.0
islet-chtmr,720575940905401289,720575940919582469,2,axon_pre,False,150.0,1150.0
islet-chtmr,720575940905401289,720575940907061033,2,axon_pre,False,153.0,1014.0
islet-chtmr,720575940905401289,720575940912535686,2,axon_pre,False,408.0,974.0
islet-chtmr,720575940905401289,720575940897381378,2,axon_pre,False,216.0,1392.0
islet-chtmr,720575940905401289,720575940882436301,2,axon_pre,False,314.0,2007.0
islet-chtmr,720575940905401289,720575940892109511,2,axon_pre,False,65.0,1207.0
islet-chtmr,720575940905401289,720575940932075615,2,axon_pre,False,180.0,1260.0
islet-chtmr,720575940905401289,720575940871503673,2,axon_pre,False,163.0,1078.0
islet-chtmr,720575940905401289,720575940884787258,2,axon_pre,False,278.0,1944.0
islet-chtmr,720575940905401289,720575940903186365,2,axon_pre,False,199.0,1939.0
islet-chtmr,720575940905401289,720575940862140007,2,axon_pre,False,196.0,1201.0
islet-chtmr,720575940905401289,720575940899387777,2,axon_pre,False,162.0,944.0
islet-chtmr,720575940905401289,720575940955159896,2,axon_pre,False,165.0,1664.0
islet-chtmr,720575940905401289,720575940924148613,2,axon_pre,False,245.0,1307.0
islet-chtmr,720575940905401289,720575940950757652,2,axon_pre,False,70.0,1192.0
islet-chtmr,720575940905401289,720575940927253324,2,axon_pre,False,202.0,1001.0
islet-chtmr,720575940905401289,720575940929682209,2,axon_pre,False,1335.0,2053.0
islet-chtmr,720575940905401289,720575940885010379,2,axon_pre,False,160.0,1532.0
islet-chtmr,720575940905401289,720575940893882119,2,axon_pre,False,141.0,997.0
islet-chtmr,720575940905401289,720575940909769176,2,axon_pre,False,358.0,1231.0
islet-chtmr,720575940905401289,720575940889767009,2,axon_pre,False,182.0,936.0
islet-chtmr,720575940905401289,720575940910282569,2,axon_pre,False,140.0,1132.0
islet-chtmr,720575940905401289,720575940924426306,2,axon_pre,False,1304.0,2797.0
islet-chtmr,720575940905401289,720575940917513835,2,axon_pre,False,54.0,1077.0
islet-chtmr,720575940905401289,720575940900325753,2,axon_pre,False,137.0,1891.0
islet-chtmr,720575940905401289,720575940892609652,2,axon_pre,False,191.0,1554.0
islet-chtmr,720575940905401289,720575940886926839,2,axon_pre,False,58.0,865.0
islet-chtmr,720575940905401289,720575940901757159,2,axon_pre,False,125.0,1164.0
islet-chtmr,720575940905401289,720575940941068652,2,axon_pre,False,82.0,1244.0
islet-chtmr,720575940905401289,720575940897151504,2,axon_pre,False,191.0,1461.0
islet-chtmr,720575940905401289,720575940898816761,2,axon_pre,False,227.0,1013.0
IN-abltmr,720575940906335987,720575940902777455,8,axon_pre,False,252.0,3487.0
IN-abltmr,720575940906335987,720575940878343291,8,axon_pre,False,133.0,2647.0
IN-abltmr,720575940906335987,720575940903580607,7,axon_pre,False,102.0,2130.0
IN-abltmr,720575940906335987,720575940930825293,7,axon_pre,False,249.0,1784.0
IN-abltmr,720575940906335987,720575940877129819,6,axon_pre,False,383.0,2753.0
IN-abltmr,720575940906335987,720575940869432795,6,axon_pre,False,293.0,2446.0
IN-abltmr,720575940906335987,720575940927174424,6,axon_pre,False,346.0,3478.0
IN-abltmr,720575940906335987,720575940904329920,5,axon_pre,False,128.0,2051.0
IN-abltmr,720575940906335987,720575940912756502,5,axon_pre,False,195.0,1999.0
IN-abltmr,720575940906335987,720575940881059250,4,axon_pre,False,122.0,1602.0
IN-abltmr,720575940906335987,720575940886272676,4,axon_pre,False,247.0,1675.0
IN-abltmr,720575940906335987,720575940918191413,4,axon_pre,False,422.0,3952.0
IN-abltmr,720575940906335987,720575940889227749,4,axon_pre,False,450.0,8597.0
IN-abltmr,720575940906335987,720575940915719104,3,axon_pre,False,308.0,1448.0
IN-abltmr,720575940906335987,720575940886632202,3,axon_pre,False,132.0,1868.0
IN-abltmr,720575940906335987,720575940917790790,3,axon_pre,False,20.0,699.0
IN-abltmr,720575940906335987,720575940887526320,3,axon_pre,False,75.0,1792.0
IN-abltmr,720575940906335987,720575940862216039,3,axon_pre,False,356.0,2752.0
IN-abltmr,720575940906335987,720575940896687815,3,axon_pre,False,322.0,3127.0
IN-abltmr,720575940906335987,720575940933569924,2,axon_pre,False,238.0,3280.0
IN-abltmr,720575940906335987,720575940870471390,2,axon_pre,False,407.0,2432.0
IN-abltmr,720575940906335987,720575940890139654,2,axon_pre,False,329.0,1578.0
IN-abltmr,720575940906335987,720575940955159896,2,axon_pre,False,165.0,1664.0
IN-abltmr,720575940906335987,720575940900951232,2,axon_pre,False,175.0,1944.0
IN-abltmr,720575940906335987,720575940890015800,2,axon_pre,False,463.0,12439.0
IN-abltmr,720575940906335987,720575940911441392,2,axon_pre,False,111.0,1690.0
IN-abltmr,720575940906335987,720575940909097664,2,axon_pre,False,228.0,2676.0
IN-abltmr,720575940906335987,720575940921177550,2,axon_pre,False,252.0,3566.0
IN-abltmr,720575940906335987,720575940961402132,2,axon_pre,False,74.0,1507.0
IN-abltmr,720575940906335987,720575940882080484,2,axon_pre,False,128.0,1836.0
IN-abltmr,720575940906335987,720575940874926558,2,axon_pre,False,53.0,1514.0
IN-abltmr,720575940906335987,720575940929654049,2,axon_pre,False,239.0,1459.0
IN-abltmr,720575940906335987,720575940939659845,2,axon_pre,False,291.0,2548.0
IN-abltmr,720575940906335987,720575940888933494,2,axon_pre,False,207.0,2817.0
IN-abltmr,720575940906335987,720575940909166812,2,axon_pre,False,86.0,1138.0
IN-abltmr,720575940906335987,720575940899278018,2,axon_pre,False,140.0,1760.0
IN-abltmr,720575940906335987,720575940906768995,2,axon_pre,False,260.0,1591.0
IN-abltmr,720575940906335987,720575940918188597,2,axon_pre,False,121.0,1299.0
IN-abltmr,720575940916035168,720575940881868894,11,axon_pre,False,277.0,1791.0
IN-abltmr,720575940916035168,720575940902150590,10,axon_pre,False,247.0,8065.0
IN-abltmr,720575940916035168,720575940905023446,10,axon_pre,False,94.0,2217.0
IN-abltmr,720575940916035168,720575940888729270,9,axon_pre,False,776.0,2259.0
IN-abltmr,720575940916035168,720575940892583284,7,axon_pre,False,549.0,2376.0
IN-abltmr,720575940916035168,720575940885943262,7,axon_pre,False,379.0,19044.0
IN-abltmr,720575940916035168,720575940887146970,6,axon_pre,False,423.0,4160.0
IN-abltmr,720575940916035168,720575940884620766,6,axon_pre,False,685.0,2158.0
IN-abltmr,720575940916035168,720575940917126204,5,axon_pre,False,140.0,2223.0
IN-abltmr,720575940916035168,720575940886674877,5,axon_pre,False,571.0,1610.0
IN-abltmr,720575940916035168,720575940888819638,5,axon_pre,False,304.0,1871.0
IN-abltmr,720575940916035168,720575940882469214,5,axon_pre,False,154.0,4937.0
IN-abltmr,720575940916035168,720575940898290617,5,axon_pre,False,233.0,2367.0
IN-abltmr,720575940916035168,720575940882550110,5,axon_pre,False,279.0,5549.0
IN-abltmr,720575940916035168,720575940911370688,5,axon_pre,False,1066.0,3599.0
IN-abltmr,720575940916035168,720575940898729106,5,axon_pre,False,1574.0,5407.0
IN-abltmr,720575940916035168,720575940862233959,4,axon_pre,False,151.0,1878.0
IN-abltmr,720575940916035168,720575940883014494,4,axon_pre,False,131.0,2788.0
IN-abltmr,720575940916035168,720575940913532094,4,axon_pre,False,803.0,3260.0
IN-abltmr,720575940916035168,720575940894146803,4,axon_pre,False,630.0,1557.0
IN-abltmr,720575940916035168,720575940889866422,4,axon_pre,False,161.0,3012.0
IN-abltmr,720575940916035168,720575940895825593,4,axon_pre,False,108.0,1361.0
IN-abltmr,720575940916035168,720575940891207502,4,axon_pre,False,205.0,5073.0
IN-abltmr,720575940916035168,720575940897953465,4,axon_pre,False,134.0,1632.0
IN-abltmr,720575940916035168,720575940897624307,4,axon_pre,False,463.0,2970.0
IN-abltmr,720575940916035168,720575940891880903,4,axon_pre,False,339.0,14412.0
IN-abltmr,720575940916035168,720575940905289161,4,axon_pre,False,334.0,10292.0
IN-abltmr,720575940916035168,720575940898751929,4,axon_pre,False,191.0,5492.0
IN-abltmr,720575940916035168,720575940889216182,4,axon_pre,False,238.0,1505.0
IN-abltmr,720575940916035168,720575940881871198,4,axon_pre,False,275.0,1725.0
IN-abltmr,720575940916035168,720575940897807347,4,axon_pre,False,1385.0,5005.0
IN-abltmr,720575940916035168,720575940876317663,3,axon_pre,False,242.0,3754.0
IN-abltmr,720575940916035168,720575940899365821,3,axon_pre,False,413.0,15791.0
IN-abltmr,720575940916035168,720575940942915204,3,axon_pre,False,95.0,1387.0
IN-abltmr,720575940916035168,720575940897974922,3,axon_pre,False,185.0,4756.0
IN-abltmr,720575940916035168,720575940899858368,3,axon_pre,False,219.0,2684.0
IN-abltmr,720575940916035168,720575940941978134,3,axon_pre,False,169.0,4489.0
IN-abltmr,720575940916035168,720575940896789433,3,axon_pre,False,58.0,5099.0
IN-abltmr,720575940916035168,720575940952655892,3,axon_pre,False,351.0,3524.0
IN-abltmr,720575940916035168,720575940899584703,3,axon_pre,False,92.0,1361.0
IN-abltmr,720575940916035168,720575940958669076,3,axon_pre,False,1113.0,2805.0
IN-abltmr,720575940916035168,720575940903160765,3,axon_pre,False,85.0,2103.0
IN-abltmr,720575940916035168,720575940880395358,3,axon_pre,False,1927.0,6787.0
IN-abltmr,720575940916035168,720575940941384982,3,axon_pre,False,751.0,1847.0
IN-abltmr,720575940916035168,720575940887878589,3,axon_pre,False,88.0,1829.0
IN-abltmr,720575940916035168,720575940894759689,3,axon_pre,False,934.0,1749.0
IN-abltmr,720575940916035168,720575940912197360,3,axon_pre,False,94.0,1825.0
IN-abltmr,720575940916035168,720575940949574164,3,axon_pre,False,753.0,1891.0
IN-abltmr,720575940916035168,720575940898700480,3,axon_pre,False,549.0,3026.0
IN-abltmr,720575940916035168,720575940881501918,3,axon_pre,False,464.0,1711.0
IN-abltmr,720575940916035168,720575940894025159,3,axon_pre,False,89.0,1404.0
IN-abltmr,720575940916035168,720575940881885278,3,axon_pre,False,322.0,2213.0
IN-abltmr,720575940916035168,720575940871743710,3,axon_pre,False,142.0,5566.0
IN-abltmr,720575940916035168,720575940896751434,3,axon_pre,False,376.0,14889.0
IN-abltmr,720575940916035168,720575940899894720,3,axon_pre,False,126.0,1716.0
IN-abltmr,720575940916035168,720575940907340272,3,axon_pre,False,175.0,1496.0
IN-abltmr,720575940916035168,720575940882418014,2,axon_pre,False,22.0,628.0
IN-abltmr,720575940916035168,720575940906923901,2,axon_pre,False,314.0,2552.0
IN-abltmr,720575940916035168,720575940897977821,2,axon_pre,False,9.0,431.0
IN-abltmr,720575940916035168,720575940881842526,2,axon_pre,False,286.0,3564.0
IN-abltmr,720575940916035168,720575940917856907,2,axon_pre,False,394.0,1749.0
IN-abltmr,720575940916035168,720575940908657598,2,axon_pre,False,298.0,1389.0
IN-abltmr,720575940916035168,720575940896882621,2,axon_pre,False,417.0,2641.0
IN-abltmr,720575940916035168,720575940898844893,2,axon_pre,False,672.0,2839.0
IN-abltmr,720575940916035168,720575940908812736,2,axon_pre,False,221.0,3630.0
IN-abltmr,720575940916035168,720575940911587312,2,axon_pre,False,91.0,3214.0
IN-abltmr,720575940916035168,720575940882738782,2,axon_pre,False,146.0,3149.0
IN-abltmr,720575940916035168,720575940892187902,2,axon_pre,False,185.0,3243.0
IN-abltmr,720575940916035168,720575940882438181,2,axon_pre,False,317.0,1214.0
IN-abltmr,720575940916035168,720575940888949447,2,axon_pre,False,252.0,1800.0
IN-abltmr,720575940916035168,720575940895139015,2,axon_pre,False,189.0,2749.0
IN-abltmr,720575940916035168,720575940859634327,2,axon_pre,False,84.0,1974.0
IN-abltmr,720575940916035168,720575940951362580,2,axon_pre,False,215.0,2195.0
IN-abltmr,720575940916035168,720575940903959215,2,axon_pre,False,163.0,2436.0
IN-abltmr,720575940916035168,720575940908686143,2,axon_pre,False,85.0,1896.0
IN-abltmr,720575940916035168,720575940890023094,2,axon_pre,False,204.0,11067.0
IN-abltmr,720575940916035168,720575940954253332,2,axon_pre,False,574.0,31568.0
IN-abltmr,720575940916035168,720575940891287997,2,axon_pre,False,71.0,1424.0
IN-abltmr,720575940916035168,720575940888743862,2,axon_pre,False,56.0,1597.0
IN-abltmr,720575940916035168,720575940895088071,2,axon_pre,False,407.0,1771.0
IN-abltmr,720575940916035168,720575940897648318,2,axon_pre,False,359.0,11383.0
IN-abltmr,720575940916035168,720575940899281337,2,axon_pre,False,48.0,2169.0
IN-abltmr,720575940916035168,720575940882523742,2,axon_pre,False,41.0,1450.0
IN-abltmr,720575940916035168,720575940909645552,2,axon_pre,False,124.0,3028.0
IN-abltmr,720575940916035168,720575940884915422,2,axon_pre,False,309.0,1780.0
IN-abltmr,720575940916035168,720575940897010419,2,axon_pre,False,427.0,11089.0
IN-abltmr,720575940916035168,720575940897684926,2,axon_pre,False,156.0,1829.0
IN-abltmr,720575940916035168,720575940949903636,2,axon_pre,False,242.0,1162.0
IN-abltmr,720575940916035168,720575940912271600,2,axon_pre,False,74.0,1271.0
IN-abltmr,720575940916035168,720575940912532208,2,axon_pre,False,327.0,2040.0
IN-abltmr,720575940916035168,720575940885850567,2,axon_pre,False,159.0,1667.0
IN-abltmr,720575940916035168,720575940888574902,2,axon_pre,False,61.0,1717.0
IN-abltmr,720575940916035168,720575940907831488,2,axon_pre,False,151.0,3487.0
IN-abltmr,720575940916035168,720575940898531513,2,axon_pre,False,654.0,2302.0
IN-abltmr,720575940916035168,720575940896173511,2,axon_pre,False,286.0,2640.0
IN-abltmr,720575940916035168,720575940891890887,2,axon_pre,False,96.0,2038.0
IN-abltmr,720575940916035168,720575940899180734,2,axon_pre,False,276.0,3904.0
IN-abltmr,720575940916035168,720575940899831232,2,axon_pre,False,173.0,2056.0
IN-abltmr,720575940916035168,720575940912057840,2,axon_pre,False,187.0,1646.0
IN-abltmr,720575940916035168,720575940893951431,2,axon_pre,False,311.0,5861.0
IN-abltmr,720575940916035168,720575940917140028,2,axon_pre,False,63.0,1913.0
IN-abltmr,720575940916035168,720575940909724864,2,axon_pre,False,174.0,3320.0
IN-abltmr,720575940916035168,720575940869465102,2,axon_pre,False,214.0,4199.0
IN-abltmr,720575940916035168,720575940931083135,2,axon_pre,False,14.0,480.0
IN-abltmr,720575940916035168,720575940940394411,2,axon_pre,False,463.0,5805.0
IN-abltmr,720575940916035168,720575940907849152,2,axon_pre,False,203.0,1806.0
IN-abltmr,720575940916035168,720575940939749508,2,axon_pre,False,73.0,1871.0
IN-abltmr,720575940916035168,720575940887810237,2,axon_pre,False,116.0,1849.0
IN-abltmr,720575940916035168,720575940876307935,2,axon_pre,False,765.0,1871.0
IN-abltmr,720575940916035168,720575940894103027,2,axon_pre,False,113.0,1683.0
IN-abltmr,720575940916035168,720575940917844107,2,axon_pre,False,129.0,1688.0
IN-abltmr,720575940916035168,720575940893316683,2,axon_pre,False,1093.0,1960.0
IN-abltmr,720575940916035168,720575940872374494,2,axon_pre,False,859.0,2236.0
IN-abltmr,720575940916035168,720575940941610774,2,axon_pre,False,176.0,5069.0
IN-abltmr,720575940916035168,720575940905299134,2,axon_pre,False,869.0,1045.0
IN-abltmr,720575940916035168,720575940880376670,2,axon_pre,False,326.0,11007.0
IN-abltmr,720575940916035168,720575940875725885,2,axon_pre,False,108.0,1402.0
IN-abltmr,720575940916035168,720575940941411606,2,axon_pre,False,147.0,1514.0
IN-abltmr,720575940916035168,720575940886108086,2,axon_pre,False,479.0,1744.0
IN-abltmr,720575940916035168,720575940888993974,2,axon_pre,False,1120.0,2711.0
IN-abltmr,720575940916035168,720575940898749632,2,axon_pre,False,10.0,705.0
IN-abltmr,720575940916035168,720575940889282021,2,axon_pre,False,1523.0,1837.0
IN-abltmr,720575940916035168,720575940898419709,2,axon_pre,False,355.0,18686.0
IN-abltmr,720575940916035168,720575940929614625,2,axon_pre,False,286.0,1634.0
IN-abltmr,720575940916035168,720575940898194878,2,axon_pre,False,144.0,4853.0
IN-abltmr,720575940916035168,720575940888745142,2,axon_pre,False,70.0,2491.0
IN-abltmr,720575940916035168,720575940883233694,2,axon_pre,False,35.0,1260.0
ad-htmr,720575940916312157,720575940890618063,28,axon_pre,False,303.0,2553.0
ad-htmr,720575940916312157,720575940903705075,14,axon_pre,False,168.0,2476.0
ad-htmr,720575940916312157,720575940964205222,12,axon_pre,False,259.0,3229.0
ad-htmr,720575940916312157,720575940883497054,11,axon_pre,False,236.0,3082.0
ad-htmr,720575940916312157,720575940888425917,10,axon_pre,False,217.0,2845.0
ad-htmr,720575940916312157,720575940922934557,10,axon_pre,False,273.0,2660.0
ad-htmr,720575940916312157,720575940876975326,9,axon_pre,False,183.0,2926.0
ad-htmr,720575940916312157,720575940869443690,8,axon_pre,False,753.0,2431.0
ad-htmr,720575940916312157,720575940903370509,8,axon_pre,False,931.0,2410.0
ad-htmr,720575940916312157,720575940898477757,7,axon_pre,False,253.0,2642.0
ad-htmr,720575940916312157,720575940925425579,7,axon_pre,False,180.0,1720.0
ad-htmr,720575940916312157,720575940900227298,6,axon_pre,False,149.0,2445.0
ad-htmr,720575940916312157,720575940899553712,6,axon_pre,False,158.0,1654.0
ad-htmr,720575940916312157,720575940893395733,6,axon_pre,False,656.0,2134.0
ad-htmr,720575940916312157,720575940907688433,6,axon_pre,False,195.0,2620.0
ad-htmr,720575940916312157,720575940893236555,6,axon_pre,False,224.0,1615.0
ad-htmr,720575940916312157,720575940908784985,6,axon_pre,False,187.0,1838.0
ad-htmr,720575940916312157,720575940937221662,5,axon_pre,False,257.0,1830.0
ad-htmr,720575940916312157,720575940888976061,5,axon_pre,False,241.0,3311.0
ad-htmr,720575940916312157,720575940921394707,5,axon_pre,False,258.0,2683.0
ad-htmr,720575940916312157,720575940895686440,5,axon_pre,False,246.0,1164.0
ad-htmr,720575940916312157,720575940922949405,5,axon_pre,False,511.0,1955.0
ad-htmr,720575940916312157,720575940912490942,5,axon_pre,False,173.0,3357.0
ad-htmr,720575940916312157,720575940898821575,5,axon_pre,False,341.0,3097.0
ad-htmr,720575940916312157,720575940894016757,5,axon_pre,False,216.0,2253.0
ad-htmr,720575940916312157,720575940899333505,5,axon_pre,False,192.0,2019.0
ad-htmr,720575940916312157,720575940894028021,4,axon_pre,False,255.0,1762.0
ad-htmr,720575940916312157,720575940927109144,4,axon_pre,False,1162.0,3222.0
ad-htmr,720575940916312157,720575940919952369,4,axon_pre,False,113.0,1691.0
ad-htmr,720575940916312157,720575940868750061,4,axon_pre,False,475.0,735.0
ad-htmr,720575940916312157,720575940888731665,4,axon_pre,False,267.0,5199.0
ad-htmr,720575940916312157,720575940917429907,3,axon_pre,False,401.0,2125.0
ad-htmr,720575940916312157,720575940881906939,3,axon_pre,False,306.0,3349.0
ad-htmr,720575940916312157,720575940881948923,3,axon_pre,False,234.0,1658.0
ad-htmr,720575940916312157,720575940888655194,3,axon_pre,False,588.0,786.0
ad-htmr,720575940916312157,720575940905085750,3,axon_pre,False,197.0,1510.0
ad-htmr,720575940916312157,720575940888793434,3,axon_pre,False,461.0,1688.0
ad-htmr,720575940916312157,720575940881974650,3,axon_pre,False,256.0,4811.0
ad-htmr,720575940916312157,720575940939659845,3,axon_pre,False,291.0,2548.0
ad-htmr,720575940916312157,720575940933569924,3,axon_pre,False,238.0,3280.0
ad-htmr,720575940916312157,720575940895987054,3,axon_pre,False,198.0,1638.0
ad-htmr,720575940916312157,720575940887266486,3,axon_pre,False,347.0,566.0
ad-htmr,720575940916312157,720575940897588441,3,axon_pre,False,1233.0,2427.0
ad-htmr,720575940916312157,720575940914191600,3,axon_pre,False,114.0,1664.0
ad-htmr,720575940916312157,720575940910650814,3,axon_pre,False,107.0,1773.0
ad-htmr,720575940916312157,720575940896736698,3,axon_pre,False,328.0,1816.0
ad-htmr,720575940916312157,720575940908280304,3,axon_pre,False,188.0,2634.0
ad-htmr,720575940916312157,720575940912627846,3,axon_pre,False,1491.0,2820.0
ad-htmr,720575940916312157,720575940920001149,3,axon_pre,False,156.0,1852.0
ad-htmr,720575940916312157,720575940902361016,3,axon_pre,False,218.0,1851.0
ad-htmr,720575940916312157,720575940889201125,2,axon_pre,False,229.0,1744.0
ad-htmr,720575940916312157,720575940882152932,2,axon_pre,False,219.0,1617.0
ad-htmr,720575940916312157,720575940918272821,2,axon_pre,False,207.0,1599.0
ad-htmr,720575940916312157,720575940940394411,2,axon_pre,False,463.0,5805.0
ad-htmr,720575940916312157,720575940870231427,2,axon_pre,False,222.0,2296.0
ad-htmr,720575940916312157,720575940878855476,2,axon_pre,False,364.0,704.0
ad-htmr,720575940916312157,720575940927184920,2,axon_pre,False,653.0,3553.0
ad-htmr,720575940916312157,720575940882086944,2,axon_pre,False,1160.0,2037.0
ad-htmr,720575940916312157,720575940894227129,2,axon_pre,False,209.0,672.0
ad-htmr,720575940916312157,720575940915256127,2,axon_pre,False,331.0,2745.0
ad-htmr,720575940916312157,720575940897155344,2,axon_pre,False,116.0,2561.0
ad-htmr,720575940916312157,720575940924191621,2,axon_pre,False,193.0,1774.0
ad-htmr,720575940916312157,720575940881883217,2,axon_pre,False,243.0,1852.0
ad-htmr,720575940916312157,720575940894617044,2,axon_pre,False,284.0,2271.0
ad-htmr,720575940916312157,720575940879693558,2,axon_pre,False,148.0,1267.0
ad-htmr,720575940916312157,720575940901902835,2,axon_pre,False,259.0,497.0
ad-htmr,720575940916312157,720575940896015603,2,axon_pre,False,89.0,1367.0
ad-htmr,720575940916312157,720575940892044642,2,axon_pre,False,194.0,3100.0
ad-htmr,720575940916312157,720575940894614067,2,axon_pre,False,173.0,3148.0
ad-htmr,720575940916312157,720575940889192567,2,axon_pre,False,308.0,1703.0
ad-htmr,720575940916312157,720575940910940321,2,axon_pre,False,150.0,1768.0
ad-htmr,720575940916312157,720575940889768549,2,axon_pre,False,92.0,1119.0
ad-htmr,720575940916312157,720575940909871539,2,axon_pre,False,165.0,2388.0
ad-htmr,720575940916312157,720575940920454032,2,axon_pre,False,280.0,2067.0
ad-htmr,720575940916312157,720575940903415309,2,axon_pre,False,546.0,1519.0
ad-htmr,720575940916312157,720575940895792491,2,axon_pre,False,92.0,1132.0
ad-htmr,720575940916312157,720575940922919709,2,axon_pre,False,167.0,2871.0
ad-htmr,720575940916312157,720575940862186599,2,axon_pre,False,684.0,2702.0
ad-htmr,720575940916312157,720575940880398983,2,axon_pre,False,1303.0,2421.0
ad-htmr,720575940916312157,720575940872395075,2,axon_pre,False,77.0,1124.0
ad-htmr,720575940916312157,720575940902516946,2,axon_pre,False,78.0,1923.0
ad-htmr,720575940916312157,720575940903799830,2,axon_pre,False,140.0,2746.0
ad-htmr,720575940916312157,720575940917330067,2,axon_pre,False,86.0,2056.0
ad-htmr,720575940916312157,720575940877613278,2,axon_pre,False,69.0,1108.0
ad-htmr,720575940916312157,720575940919955061,2,axon_pre,False,231.0,1840.0
ad-htmr,720575940916312157,720575940881935355,2,axon_pre,False,481.0,1829.0
ad-htmr,720575940916312157,720575940900325753,2,axon_pre,False,137.0,1891.0
ad-htmr,720575940916312157,720575940930875213,2,axon_pre,False,255.0,1792.0
ad-htmr,720575940916312157,720575940878302251,2,axon_pre,False,216.0,1768.0
ad-htmr,720575940916312157,720575940919921533,2,axon_pre,False,197.0,2972.0
ad-htmr,720575940916312157,720575940917721763,2,axon_pre,False,302.0,1599.0
ad-htmr,720575940916312157,720575940900963269,2,axon_pre,False,383.0,2075.0
ad-htmr,720575940916312157,720575940951303975,2,axon_pre,False,239.0,2018.0
ad-htmr,720575940916312157,720575940879997826,2,axon_pre,False,372.0,1404.0
ad-htmr,720575940916312157,720575940893107370,2,axon_pre,False,172.0,1727.0
ad-htmr,720575940916312157,720575940906054459,2,axon_pre,False,243.0,2158.0
islet-chtmr,720575940919043399,720575940891164342,6,axon_pre,False,218.0,918.0
islet-chtmr,720575940919043399,720575940882525989,5,axon_pre,False,195.0,1247.0
islet-chtmr,720575940919043399,720575940894093416,4,axon_pre,False,173.0,940.0
islet-chtmr,720575940919043399,720575940927168536,4,axon_pre,False,179.0,1150.0
islet-chtmr,720575940919043399,720575940936904772,4,axon_pre,False,52.0,1112.0
islet-chtmr,720575940919043399,720575940873509950,3,axon_pre,False,1618.0,2921.0
islet-chtmr,720575940919043399,720575940879970690,3,axon_pre,False,207.0,1301.0
islet-chtmr,720575940919043399,720575940927109144,3,axon_pre,False,1162.0,3222.0
islet-chtmr,720575940919043399,720575940931145494,3,axon_pre,False,658.0,1282.0
islet-chtmr,720575940919043399,720575940915358877,3,axon_pre,False,252.0,1651.0
islet-chtmr,720575940919043399,720575940882358989,2,axon_pre,False,120.0,1090.0
islet-chtmr,720575940919043399,720575940882038048,2,axon_pre,False,176.0,1028.0
islet-chtmr,720575940919043399,720575940878188867,2,axon_pre,False,41.0,825.0
islet-chtmr,720575940919043399,720575940903366925,2,axon_pre,False,139.0,923.0
islet-chtmr,720575940919043399,720575940881797456,2,axon_pre,False,76.0,774.0
islet-chtmr,720575940919043399,720575940903910063,2,axon_pre,False,163.0,1087.0
islet-chtmr,720575940919043399,720575940872860382,2,axon_pre,False,76.0,1484.0
islet-chtmr,720575940919043399,720575940871503673,2,axon_pre,False,163.0,1078.0
islet-chtmr,720575940919043399,720575940889767009,2,axon_pre,False,182.0,936.0
islet-chtmr,720575940919043399,720575940892609652,2,axon_pre,False,191.0,1554.0
islet-chtmr,720575940919043399,720575940900280697,2,axon_pre,False,221.0,1667.0
islet-chtmr,720575940919043399,720575940884787258,2,axon_pre,False,278.0,1944.0
islet-chtmr,720575940919043399,720575940920848808,2,axon_pre,False,152.0,1011.0
islet-chtmr,720575940919043399,720575940906101307,2,axon_pre,False,276.0,1839.0
islet-chtmr,720575940919043399,720575940962165012,2,axon_pre,False,68.0,1099.0
islet-chtmr,720575940919043399,720575940897496025,2,axon_pre,False,703.0,1229.0
islet-chtmr,720575940919043399,720575940902331832,2,axon_pre,False,183.0,1228.0
islet-chtmr,720575940919043399,720575940909179612,2,axon_pre,False,185.0,1192.0
islet-chtmr,720575940919043399,720575940890665716,2,axon_pre,False,109.0,999.0
islet-chtmr,720575940919043399,720575940892157438,2,axon_pre,False,176.0,1039.0
islet-chtmr,720575940919043399,720575940882152932,2,axon_pre,False,219.0,1617.0
islet-chtmr,720575940919043399,720575940946147716,2,axon_pre,False,224.0,1360.0
islet-chtmr,720575940919043399,720575940883543461,2,axon_pre,False,210.0,973.0
islet-chtmr,720575940919043399,720575940932731540,2,axon_pre,False,166.0,1016.0
islet-chtmr,720575940919043399,720575940899257026,2,axon_pre,False,159.0,1144.0
islet-chtmr,720575940919043399,720575940893236555,2,axon_pre,False,224.0,1615.0
islet-chtmr,720575940919043399,720575940877088520,2,axon_pre,False,120.0,897.0
islet-chtmr,720575940919043399,720575940941085804,2,axon_pre,False,160.0,1106.0
islet-chtmr,720575940919043399,720575940891468580,2,axon_pre,False,201.0,1540.0
islet-chtmr,720575940919043399,720575940927247180,2,axon_pre,False,108.0,918.0
islet-cltmr,720575940920072433,720575940922814762,4,axon_pre,False,697.0,1508.0
islet-cltmr,720575940920072433,720575940888425917,3,axon_pre,False,217.0,2845.0
islet-cltmr,720575940920072433,720575940927109144,3,axon_pre,False,1162.0,3222.0
islet-cltmr,720575940920072433,720575940939706949,3,axon_pre,False,202.0,2084.0
islet-cltmr,720575940920072433,720575940893395733,3,axon_pre,False,656.0,2134.0
islet-cltmr,720575940920072433,720575940930875213,3,axon_pre,False,255.0,1792.0
islet-cltmr,720575940920072433,720575940890204422,3,axon_pre,False,354.0,2815.0
islet-cltmr,720575940920072433,720575940937862061,2,axon_pre,False,680.0,1219.0
islet-cltmr,720575940920072433,720575940909970368,2,axon_pre,False,94.0,1581.0
islet-cltmr,720575940920072433,720575940882105316,2,axon_pre,False,70.0,1696.0
islet-cltmr,720575940920072433,720575940908784985,2,axon_pre,False,187.0,1838.0
islet-cltmr,720575940920072433,720575940895566320,2,axon_pre,False,45.0,1233.0
islet-cltmr,720575940920072433,720575940881883217,2,axon_pre,False,243.0,1852.0
islet-cltmr,720575940920072433,720575940886540834,2,axon_pre,False,121.0,1760.0
islet-cltmr,720575940920072433,720575940918316341,2,axon_pre,False,745.0,1309.0
islet-cltmr,720575940920072433,720575940892017863,2,axon_pre,False,343.0,3464.0
islet-cltmr,720575940920072433,720575940904075984,2,axon_pre,False,294.0,2159.0
islet-cltmr,720575940920072433,720575940892307143,2,axon_pre,False,77.0,1008.0
islet-cltmr,720575940920897193,720575940869443690,3,axon_pre,False,753.0,2431.0
islet-cltmr,720575940920897193,720575940909939648,3,axon_pre,False,67.0,1498.0
islet-cltmr,720575940920897193,720575940886272676,2,axon_pre,False,247.0,1675.0
islet-cltmr,720575940920897193,720575940959862804,2,axon_pre,False,41.0,1812.0
islet-cltmr,720575940920897193,720575940885095808,2,axon_pre,False,181.0,1998.0
islet-cltmr,720575940920897193,720575940897460886,2,axon_pre,False,612.0,1733.0
islet-cltmr,720575940920897193,720575940930905464,2,axon_pre,False,576.0,1697.0
islet-cltmr,720575940920897193,720575940899281090,2,axon_pre,False,703.0,1335.0
islet-cltmr,720575940920897193,720575940922934557,2,axon_pre,False,273.0,2660.0
islet-cltmr,720575940920897193,720575940862216039,2,axon_pre,False,356.0,2752.0
IN-abltmr,720575940927273440,720575940888976061,10,axon_pre,False,241.0,3311.0
IN-abltmr,720575940927273440,720575940912756502,8,axon_pre,False,195.0,1999.0
IN-abltmr,720575940927273440,720575940886632202,6,axon_pre,False,132.0,1868.0
IN-abltmr,720575940927273440,720575940892017863,6,axon_pre,False,343.0,3464.0
IN-abltmr,720575940927273440,720575940888933494,6,axon_pre,False,207.0,2817.0
IN-abltmr,720575940927273440,720575940910940321,6,axon_pre,False,150.0,1768.0
IN-abltmr,720575940927273440,720575940937799853,5,axon_pre,False,236.0,1693.0
IN-abltmr,720575940927273440,720575940909097664,5,axon_pre,False,228.0,2676.0
IN-abltmr,720575940927273440,720575940890204422,5,axon_pre,False,354.0,2815.0
IN-abltmr,720575940927273440,720575940910220105,4,axon_pre,False,423.0,15338.0
IN-abltmr,720575940927273440,720575940918191413,4,axon_pre,False,422.0,3952.0
IN-abltmr,720575940927273440,720575940913556081,4,axon_pre,False,304.0,2518.0
IN-abltmr,720575940927273440,720575940881059250,4,axon_pre,False,122.0,1602.0
IN-abltmr,720575940927273440,720575940926395414,4,axon_pre,False,93.0,1822.0
IN-abltmr,720575940927273440,720575940877129819,4,axon_pre,False,383.0,2753.0
IN-abltmr,720575940927273440,720575940882080484,3,axon_pre,False,128.0,1836.0
IN-abltmr,720575940927273440,720575940888713487,3,axon_pre,False,681.0,2341.0
IN-abltmr,720575940927273440,720575940908187120,3,axon_pre,False,132.0,1362.0
IN-abltmr,720575940927273440,720575940897574873,3,axon_pre,False,336.0,2068.0
IN-abltmr,720575940927273440,720575940893226173,3,axon_pre,False,398.0,1674.0
IN-abltmr,720575940927273440,720575940893842951,3,axon_pre,False,307.0,2139.0
IN-abltmr,720575940927273440,720575940927174424,3,axon_pre,False,346.0,3478.0
IN-abltmr,720575940927273440,720575940888529056,3,axon_pre,False,145.0,1572.0
IN-abltmr,720575940927273440,720575940904096208,3,axon_pre,False,107.0,1921.0
IN-abltmr,720575940927273440,720575940889995963,3,axon_pre,False,112.0,1441.0
IN-abltmr,720575940927273440,720575940899278018,3,axon_pre,False,140.0,1760.0
IN-abltmr,720575940927273440,720575940898455481,2,axon_pre,False,98.0,1345.0
IN-abltmr,720575940927273440,720575940928320508,2,axon_pre,False,88.0,1060.0
IN-abltmr,720575940927273440,720575940915757504,2,axon_pre,False,227.0,2811.0
IN-abltmr,720575940927273440,720575940882041376,2,axon_pre,False,243.0,1196.0
IN-abltmr,720575940927273440,720575940886272676,2,axon_pre,False,247.0,1675.0
IN-abltmr,720575940927273440,720575940900988613,2,axon_pre,False,228.0,1545.0
IN-abltmr,720575940927273440,720575940907222000,2,axon_pre,False,149.0,2004.0
IN-abltmr,720575940927273440,720575940881973536,2,axon_pre,False,187.0,3472.0
IN-abltmr,720575940927273440,720575940908280304,2,axon_pre,False,188.0,2634.0
IN-abltmr,720575940927273440,720575940899496893,2,axon_pre,False,736.0,2056.0
IN-abltmr,720575940927273440,720575940870580702,2,axon_pre,False,197.0,2777.0
IN-abltmr,720575940927273440,720575940897427645,2,axon_pre,False,1000.0,2302.0
IN-abltmr,720575940927273440,720575940897079225,2,axon_pre,False,1218.0,1955.0
IN-abltmr,720575940927273440,720575940872413150,2,axon_pre,False,196.0,2061.0
IN-abltmr,720575940927273440,720575940909320219,2,axon_pre,False,250.0,3003.0
IN-abltmr,720575940927273440,720575940959760660,2,axon_pre,False,87.0,1884.0
IN-abltmr,720575940927273440,720575940913996784,2,axon_pre,False,404.0,2315.0
IN-abltmr,720575940927273440,720575940939897366,2,axon_pre,False,175.0,1991.0
IN-abltmr,720575940927273440,720575940908977136,2,axon_pre,False,258.0,4791.0
IN-abltmr,720575940927273440,720575940898732690,2,axon_pre,False,55.0,1681.0
IN-abltmr,720575940927273440,720575940915719104,2,axon_pre,False,308.0,1448.0
IN-abltmr,720575940927273440,720575940915029373,2,axon_pre,False,89.0,1457.0
IN-abltmr,720575940927273440,720575940927149336,2,axon_pre,False,288.0,1746.0
IN-abltmr,720575940927273440,720575940869432795,2,axon_pre,False,293.0,2446.0
ad-htmr,720575940935700348,720575940888976061,12,axon_pre,False,241.0,3311.0
ad-htmr,720575940935700348,720575940933569924,12,axon_pre,False,238.0,3280.0
ad-htmr,720575940935700348,720575940908057073,12,axon_pre,False,267.0,2799.0
ad-htmr,720575940935700348,720575940898477757,12,axon_pre,False,253.0,2642.0
ad-htmr,720575940935700348,720575940912756502,11,axon_pre,False,195.0,1999.0
ad-htmr,720575940935700348,720575940891956925,11,axon_pre,False,149.0,2583.0
ad-htmr,720575940935700348,720575940926640662,10,axon_pre,False,163.0,1659.0
ad-htmr,720575940935700348,720575940888793434,10,axon_pre,False,461.0,1688.0
ad-htmr,720575940935700348,720575940902589394,9,axon_pre,False,152.0,2674.0
ad-htmr,720575940935700348,720575940964205222,8,axon_pre,False,259.0,3229.0
ad-htmr,720575940935700348,720575940861413874,8,axon_pre,False,158.0,2318.0
ad-htmr,720575940935700348,720575940881906939,8,axon_pre,False,306.0,3349.0
ad-htmr,720575940935700348,720575940925804358,7,axon_pre,False,147.0,2250.0
ad-htmr,720575940935700348,720575940869432795,7,axon_pre,False,293.0,2446.0
ad-htmr,720575940935700348,720575940928314364,7,axon_pre,False,294.0,2005.0
ad-htmr,720575940935700348,720575940881948923,7,axon_pre,False,234.0,1658.0
ad-htmr,720575940935700348,720575940893395733,6,axon_pre,False,656.0,2134.0
ad-htmr,720575940935700348,720575940883762716,6,axon_pre,False,253.0,2555.0
ad-htmr,720575940935700348,720575940898832327,6,axon_pre,False,125.0,1505.0
ad-htmr,720575940935700348,720575940890618063,6,axon_pre,False,303.0,2553.0
ad-htmr,720575940935700348,720575940883025885,6,axon_pre,False,213.0,2601.0
ad-htmr,720575940935700348,720575940919955061,6,axon_pre,False,231.0,1840.0
ad-htmr,720575940935700348,720575940939792662,6,axon_pre,False,127.0,2368.0
ad-htmr,720575940935700348,720575940889249143,5,axon_pre,False,244.0,1810.0
ad-htmr,720575940935700348,720575940893236555,5,axon_pre,False,224.0,1615.0
ad-htmr,720575940935700348,720575940896505053,5,axon_pre,False,160.0,2837.0
ad-htmr,720575940935700348,720575940892151138,5,axon_pre,False,202.0,1917.0
ad-htmr,720575940935700348,720575940912862208,5,axon_pre,False,274.0,1925.0
ad-htmr,720575940935700348,720575940876975326,5,axon_pre,False,183.0,2926.0
ad-htmr,720575940935700348,720575940927174424,5,axon_pre,False,346.0,3478.0
ad-htmr,720575940935700348,720575940886632202,5,axon_pre,False,132.0,1868.0
ad-htmr,720575940935700348,720575940869443690,5,axon_pre,False,753.0,2431.0
ad-htmr,720575940935700348,720575940893842951,4,axon_pre,False,307.0,2139.0
ad-htmr,720575940935700348,720575940862200935,4,axon_pre,False,136.0,982.0
ad-htmr,720575940935700348,720575940895723453,4,axon_pre,False,131.0,1573.0
ad-htmr,720575940935700348,720575940870580702,4,axon_pre,False,197.0,2777.0
ad-htmr,720575940935700348,720575940903370509,4,axon_pre,False,931.0,2410.0
ad-htmr,720575940935700348,720575940889122544,4,axon_pre,False,156.0,1832.0
ad-htmr,720575940935700348,720575940906054459,4,axon_pre,False,243.0,2158.0
ad-htmr,720575940935700348,720575940921394707,4,axon_pre,False,258.0,2683.0
ad-htmr,720575940935700348,720575940883497054,3,axon_pre,False,236.0,3082.0
ad-htmr,720575940935700348,720575940930825293,3,axon_pre,False,249.0,1784.0
ad-htmr,720575940935700348,720575940920454032,3,axon_pre,False,280.0,2067.0
ad-htmr,720575940935700348,720575940889934568,3,axon_pre,False,150.0,2011.0
ad-htmr,720575940935700348,720575940884787258,3,axon_pre,False,278.0,1944.0
ad-htmr,720575940935700348,720575940907688433,3,axon_pre,False,195.0,2620.0
ad-htmr,720575940935700348,720575940908784985,3,axon_pre,False,187.0,1838.0
ad-htmr,720575940935700348,720575940908157424,3,axon_pre,False,179.0,2008.0
ad-htmr,720575940935700348,720575940910940321,3,axon_pre,False,150.0,1768.0
ad-htmr,720575940935700348,720575940870273155,2,axon_pre,False,684.0,2453.0
ad-htmr,720575940935700348,720575940940334251,2,axon_pre,False,268.0,1902.0
ad-htmr,720575940935700348,720575940913561201,2,axon_pre,False,201.0,2066.0
ad-htmr,720575940935700348,720575940865420959,2,axon_pre,False,145.0,2045.0
ad-htmr,720575940935700348,720575940895967134,2,axon_pre,False,153.0,1592.0
ad-htmr,720575940935700348,720575940910500889,2,axon_pre,False,213.0,978.0
ad-htmr,720575940935700348,720575940918191413,2,axon_pre,False,422.0,3952.0
ad-htmr,720575940935700348,720575940911337833,2,axon_pre,False,295.0,685.0
ad-htmr,720575940935700348,720575940936905540,2,axon_pre,False,262.0,1660.0
ad-htmr,720575940935700348,720575940906101307,2,axon_pre,False,276.0,1839.0
ad-htmr,720575940935700348,720575940937221662,2,axon_pre,False,257.0,1830.0
ad-htmr,720575940935700348,720575940879997826,2,axon_pre,False,372.0,1404.0
ad-htmr,720575940935700348,720575940927741744,2,axon_pre,False,112.0,820.0
ad-htmr,720575940935700348,720575940895791293,2,axon_pre,False,106.0,1741.0
ad-htmr,720575940935700348,720575940870281603,2,axon_pre,False,161.0,1250.0
ad-htmr,720575940935700348,720575940882080484,2,axon_pre,False,128.0,1836.0
ad-htmr,720575940935700348,720575940900988613,2,axon_pre,False,228.0,1545.0
ad-htmr,720575940935700348,720575940920044149,2,axon_pre,False,749.0,2473.0
ad-htmr,720575940935700348,720575940871488313,2,axon_pre,False,226.0,751.0
ad-htmr,720575940935700348,720575940891797671,2,axon_pre,False,193.0,3828.0
ad-htmr,720575940935700348,720575940903327501,2,axon_pre,False,225.0,1848.0
ad-htmr,720575940935700348,720575940922949405,2,axon_pre,False,511.0,1955.0
ad-htmr,720575940935700348,720575940915202367,2,axon_pre,False,231.0,1554.0
ad-htmr,720575940935700348,720575940870231427,2,axon_pre,False,222.0,2296.0
islet-chtmr,720575940937876909,720575940932787860,3,axon_pre,False,173.0,976.0
islet-chtmr,720575940937876909,720575940920835240,3,axon_pre,False,153.0,1026.0
islet-chtmr,720575940937876909,720575940873401406,3,axon_pre,False,144.0,981.0
islet-chtmr,720575940937876909,720575940912535686,3,axon_pre,False,408.0,974.0
islet-chtmr,720575940937876909,720575940904075984,3,axon_pre,False,294.0,2159.0
islet-chtmr,720575940937876909,720575940922709290,3,axon_pre,False,329.0,1160.0
islet-chtmr,720575940937876909,720575940895903646,2,axon_pre,False,83.0,1014.0
islet-chtmr,720575940937876909,720575940903693712,2,axon_pre,False,66.0,1003.0
islet-chtmr,720575940937876909,720575940894178664,2,axon_pre,False,449.0,1366.0
islet-chtmr,720575940937876909,720575940882124320,2,axon_pre,False,281.0,1842.0
islet-chtmr,720575940937876909,720575940873509950,2,axon_pre,False,1618.0,2921.0
islet-chtmr,720575940937876909,720575940940910975,2,axon_pre,False,169.0,1163.0
islet-chtmr,720575940937876909,720575940893774599,2,axon_pre,False,203.0,907.0
islet-chtmr,720575940937876909,720575940894694641,2,axon_pre,False,59.0,923.0
islet-chtmr,720575940937876909,720575940903679779,2,axon_pre,False,245.0,950.0
islet-chtmr,720575940937876909,720575940892323527,2,axon_pre,False,65.0,1099.0
islet-chtmr,720575940937876909,720575940918750769,2,axon_pre,False,421.0,1339.0
islet-chtmr,720575940937876909,720575940900988613,2,axon_pre,False,228.0,1545.0
islet-chtmr,720575940937876909,720575940912887552,2,axon_pre,False,124.0,1476.0
islet-chtmr,720575940937876909,720575940939721797,2,axon_pre,False,220.0,1426.0
islet-chtmr,720575940937876909,720575940893107370,2,axon_pre,False,172.0,1727.0
islet-chtmr,720575940937876909,720575940865106970,2,axon_pre,False,156.0,1036.0
islet-chtmr,720575940868783597,720575940889192823,26,dendrite_pre,,,
islet-chtmr,720575940868783597,720575940897305090,26,dendrite_pre,,,
islet-chtmr,720575940868783597,720575940892112738,25,dendrite_pre,,,
islet-chtmr,720575940868783597,720575940892017863,25,dendrite_pre,,,
islet-chtmr,720575940868783597,720575940896819018,23,dendrite_pre,,,
islet-chtmr,720575940868783597,720575940940910975,19,dendrite_pre,,,
islet-chtmr,720575940868783597,720575940894647347,19,dendrite_pre,,,
islet-chtmr,720575940868783597,720575940875785533,18,dendrite_pre,,,
islet-chtmr,720575940868783597,720575940890204422,18,dendrite_pre,,,
islet-chtmr,720575940868783597,720575940919582469,17,dendrite_pre,,,
islet-chtmr,720575940868783597,720575940883381854,17,dendrite_pre,,,
islet-chtmr,720575940868783597,720575940921200846,17,dendrite_pre,,,
islet-chtmr,720575940868783597,720575940899376313,15,dendrite_pre,,,
islet-chtmr,720575940868783597,720575940880777234,14,dendrite_pre,,,
islet-chtmr,720575940868783597,720575940920835240,14,dendrite_pre,,,
islet-chtmr,720575940868783597,720575940899376569,14,dendrite_pre,,,
islet-chtmr,720575940868783597,720575940892307143,13,dendrite_pre,,,
islet-chtmr,720575940868783597,720575940915523221,13,dendrite_pre,,,
islet-chtmr,720575940868783597,720575940892323527,11,dendrite_pre,,,
islet-chtmr,720575940868783597,720575940885291457,11,dendrite_pre,,,
islet-chtmr,720575940868783597,720575940904249043,11,dendrite_pre,,,
islet-chtmr,720575940868783597,720575940894178664,10,dendrite_pre,,,
islet-chtmr,720575940868783597,720575940877501751,10,dendrite_pre,,,
islet-chtmr,720575940868783597,720575940888964434,10,dendrite_pre,,,
islet-chtmr,720575940868783597,720575940885782942,10,dendrite_pre,,,
islet-chtmr,720575940868783597,720575940882038048,9,dendrite_pre,,,
islet-chtmr,720575940868783597,720575940939665989,9,dendrite_pre,,,
islet-chtmr,720575940868783597,720575940915341725,8,dendrite_pre,,,
islet-chtmr,720575940868783597,720575940898816761,8,dendrite_pre,,,
islet-chtmr,720575940868783597,720575940909179612,8,dendrite_pre,,,
islet-chtmr,720575940868783597,720575940892109511,8,dendrite_pre,,,
islet-chtmr,720575940868783597,720575940886975223,8,dendrite_pre,,,
islet-chtmr,720575940868783597,720575940881833296,7,dendrite_pre,,,
islet-chtmr,720575940868783597,720575940882124320,7,dendrite_pre,,,
islet-chtmr,720575940868783597,720575940868694509,7,dendrite_pre,,,
islet-chtmr,720575940868783597,720575940912535686,6,dendrite_pre,,,
islet-chtmr,720575940868783597,720575940902007534,6,dendrite_pre,,,
islet-chtmr,720575940868783597,720575940927109144,6,dendrite_pre,,,
islet-chtmr,720575940868783597,720575940893864945,6,dendrite_pre,,,
islet-chtmr,720575940868783597,720575940936008358,5,dendrite_pre,,,
islet-chtmr,720575940868783597,720575940903370509,5,dendrite_pre,,,
islet-chtmr,720575940868783597,720575940882073120,5,dendrite_pre,,,
islet-chtmr,720575940868783597,720575940891164342,5,dendrite_pre,,,
islet-chtmr,720575940868783597,720575940915203391,5,dendrite_pre,,,
islet-chtmr,720575940868783597,720575940897240066,5,dendrite_pre,,,
islet-chtmr,720575940868783597,720575940889767009,5,dendrite_pre,,,
IN-abltmr,720575940869591310,720575940928347132,33,dendrite_pre,,,
IN-abltmr,720575940869591310,720575940878312571,17,dendrite_pre,,,
IN-abltmr,720575940869591310,720575940891183798,17,dendrite_pre,,,
IN-abltmr,720575940869591310,720575940891181902,14,dendrite_pre,,,
IN-abltmr,720575940869591310,720575940919917041,6,dendrite_pre,,,
IN-abltmr,720575940869591310,720575940885095808,6,dendrite_pre,,,
IN-abltmr,720575940869591310,720575940900956101,5,dendrite_pre,,,
IN-abltmr,720575940869591310,720575940908781145,5,dendrite_pre,,,
IN-abltmr,720575940869591310,720575940878956340,5,dendrite_pre,,,
islet-chtmr,720575940873509950,720575940875116119,32,dendrite_pre,,,
islet-chtmr,720575940873509950,720575940882038048,32,dendrite_pre,,,
islet-chtmr,720575940873509950,720575940936008358,26,dendrite_pre,,,
islet-chtmr,720575940873509950,720575940899143251,25,dendrite_pre,,,
islet-chtmr,720575940873509950,720575940894647347,24,dendrite_pre,,,
islet-chtmr,720575940873509950,720575940877129819,23,dendrite_pre,,,
islet-chtmr,720575940873509950,720575940912535686,22,dendrite_pre,,,
islet-chtmr,720575940873509950,720575940950757652,21,dendrite_pre,,,
islet-chtmr,720575940873509950,720575940883543461,20,dendrite_pre,,,
islet-chtmr,720575940873509950,720575940922709290,17,dendrite_pre,,,
islet-chtmr,720575940873509950,720575940902331832,17,dendrite_pre,,,
islet-chtmr,720575940873509950,720575940927109144,16,dendrite_pre,,,
islet-chtmr,720575940873509950,720575940903679779,16,dendrite_pre,,,
islet-chtmr,720575940873509950,720575940887272090,16,dendrite_pre,,,
islet-chtmr,720575940873509950,720575940862216039,16,dendrite_pre,,,
islet-chtmr,720575940873509950,720575940909769176,15,dendrite_pre,,,
islet-chtmr,720575940873509950,720575940899584944,15,dendrite_pre,,,
islet-chtmr,720575940873509950,720575940921200846,14,dendrite_pre,,,
islet-chtmr,720575940873509950,720575940891164342,14,dendrite_pre,,,
islet-chtmr,720575940873509950,720575940902703089,13,dendrite_pre,,,
islet-chtmr,720575940873509950,720575940908057073,13,dendrite_pre,,,
islet-chtmr,720575940873509950,720575940862140007,13,dendrite_pre,,,
islet-chtmr,720575940873509950,720575940940910975,12,dendrite_pre,,,
islet-chtmr,720575940873509950,720575940902007534,12,dendrite_pre,,,
islet-chtmr,720575940873509950,720575940883720696,10,dendrite_pre,,,
islet-chtmr,720575940873509950,720575940883025885,10,dendrite_pre,,,
islet-chtmr,720575940873509950,720575940904086480,10,dendrite_pre,,,
islet-chtmr,720575940873509950,720575940872826482,9,dendrite_pre,,,
islet-chtmr,720575940873509950,720575940908363780,9,dendrite_pre,,,
islet-chtmr,720575940873509950,720575940882124320,9,dendrite_pre,,,
islet-chtmr,720575940873509950,720575940898393587,8,dendrite_pre,,,
islet-chtmr,720575940873509950,720575940907061033,8,dendrite_pre,,,
islet-chtmr,720575940873509950,720575940914883824,8,dendrite_pre,,,
islet-chtmr,720575940873509950,720575940927253324,8,dendrite_pre,,,
islet-chtmr,720575940873509950,720575940929741846,7,dendrite_pre,,,
islet-chtmr,720575940873509950,720575940898816761,7,dendrite_pre,,,
islet-chtmr,720575940873509950,720575940920848808,7,dendrite_pre,,,
islet-chtmr,720575940873509950,720575940869481691,7,dendrite_pre,,,
islet-chtmr,720575940873509950,720575940897151504,6,dendrite_pre,,,
islet-chtmr,720575940873509950,720575940896863175,6,dendrite_pre,,,
islet-chtmr,720575940873509950,720575940896687815,5,dendrite_pre,,,
islet-chtmr,720575940873509950,720575940880820113,5,dendrite_pre,,,
islet-chtmr,720575940873509950,720575940918873695,5,dendrite_pre,,,
islet-chtmr,720575940873509950,720575940923659356,5,dendrite_pre,,,
islet-chtmr,720575940873509950,720575940927174424,5,dendrite_pre,,,
islet-chtmr,720575940873509950,720575940892592500,5,dendrite_pre,,,
islet-chtmr,720575940875009249,720575940920894121,30,dendrite_pre,,,
islet-chtmr,720575940875009249,720575940908057073,24,dendrite_pre,,,
islet-chtmr,720575940875009249,720575940922709290,21,dendrite_pre,,,
islet-chtmr,720575940875009249,720575940884068390,21,dendrite_pre,,,
islet-chtmr,720575940875009249,720575940905061686,20,dendrite_pre,,,
islet-chtmr,720575940875009249,720575940875116119,20,dendrite_pre,,,
islet-chtmr,720575940875009249,720575940883533733,20,dendrite_pre,,,
islet-chtmr,720575940875009249,720575940882525989,18,dendrite_pre,,,
islet-chtmr,720575940875009249,720575940920848808,18,dendrite_pre,,,
islet-chtmr,720575940875009249,720575940904086480,18,dendrite_pre,,,
islet-chtmr,720575940875009249,720575940909769176,16,dendrite_pre,,,
islet-chtmr,720575940875009249,720575940913308862,14,dendrite_pre,,,
islet-chtmr,720575940875009249,720575940919612933,14,dendrite_pre,,,
islet-chtmr,720575940875009249,720575940888206927,13,dendrite_pre,,,
islet-chtmr,720575940875009249,720575940869510158,13,dendrite_pre,,,
islet-chtmr,720575940875009249,720575940903679779,13,dendrite_pre,,,
islet-chtmr,720575940875009249,720575940895686440,11,dendrite_pre,,,
islet-chtmr,720575940875009249,720575940882152932,10,dendrite_pre,,,
islet-chtmr,720575940875009249,720575940877000795,10,dendrite_pre,,,
islet-chtmr,720575940875009249,720575940924148613,10,dendrite_pre,,,
islet-chtmr,720575940875009249,720575940898477757,9,dendrite_pre,,,
islet-chtmr,720575940875009249,720575940918750769,9,dendrite_pre,,,
islet-chtmr,720575940875009249,720575940890618063,9,dendrite_pre,,,
islet-chtmr,720575940875009249,720575940894178664,8,dendrite_pre,,,
islet-chtmr,720575940875009249,720575940884787258,8,dendrite_pre,,,
islet-chtmr,720575940875009249,720575940906164189,8,dendrite_pre,,,
islet-chtmr,720575940875009249,720575940865183697,8,dendrite_pre,,,
islet-chtmr,720575940875009249,720575940916016480,8,dendrite_pre,,,
islet-chtmr,720575940875009249,720575940916192771,7,dendrite_pre,,,
islet-chtmr,720575940875009249,720575940892652404,7,dendrite_pre,,,
islet-chtmr,720575940875009249,720575940893395733,7,dendrite_pre,,,
islet-chtmr,720575940875009249,720575940869443690,7,dendrite_pre,,,
islet-chtmr,720575940875009249,720575940908386564,6,dendrite_pre,,,
islet-chtmr,720575940875009249,720575940886926839,6,dendrite_pre,,,
islet-chtmr,720575940875009249,720575940936905540,6,dendrite_pre,,,
islet-chtmr,720575940875009249,720575940899257026,6,dendrite_pre,,,
islet-chtmr,720575940875009249,720575940865106970,5,dendrite_pre,,,
islet-chtmr,720575940875009249,720575940878916148,5,dendrite_pre,,,
islet-chtmr,720575940875009249,720575940929741846,5,dendrite_pre,,,
islet-chtmr,720575940875009249,720575940899153235,5,dendrite_pre,,,
islet-chtmr,720575940875009249,720575940897381378,5,dendrite_pre,,,
islet-chtmr,720575940875009249,720575940906054459,5,dendrite_pre,,,
islet-chtmr,720575940875009249,720575940871503673,5,dendrite_pre,,,
islet-chtmr,720575940875009249,720575940914883824,5,dendrite_pre,,,
islet-cltmr,720575940875009505,720575940926204302,33,dendrite_pre,,,
islet-cltmr,720575940875009505,720575940877106267,21,dendrite_pre,,,
islet-cltmr,720575940875009505,720575940940380075,20,dendrite_pre,,,
islet-cltmr,720575940875009505,720575940888525260,18,dendrite_pre,,,
islet-cltmr,720575940875009505,720575940880865945,18,dendrite_pre,,,
islet-cltmr,720575940875009505,720575940883898652,18,dendrite_pre,,,
islet-cltmr,720575940875009505,720575940903369229,18,dendrite_pre,,,
islet-cltmr,720575940875009505,720575940890204422,17,dendrite_pre,,,
islet-cltmr,720575940875009505,720575940897150224,16,dendrite_pre,,,
islet-cltmr,720575940875009505,720575940886540834,15,dendrite_pre,,,
islet-cltmr,720575940875009505,720575940879220460,15,dendrite_pre,,,
islet-cltmr,720575940875009505,720575940909806296,13,dendrite_pre,,,
islet-cltmr,720575940875009505,720575940896819018,13,dendrite_pre,,,
islet-cltmr,720575940875009505,720575940914883824,13,dendrite_pre,,,
islet-cltmr,720575940875009505,720575940908386564,12,dendrite_pre,,,
islet-cltmr,720575940875009505,720575940924182661,12,dendrite_pre,,,
islet-cltmr,720575940875009505,720575940919582469,12,dendrite_pre,,,
islet-cltmr,720575940875009505,720575940908781145,11,dendrite_pre,,,
islet-cltmr,720575940875009505,720575940878257275,10,dendrite_pre,,,
islet-cltmr,720575940875009505,720575940895353262,10,dendrite_pre,,,
islet-cltmr,720575940875009505,720575940891181902,10,dendrite_pre,,,
islet-cltmr,720575940875009505,720575940926204046,10,dendrite_pre,,,
islet-cltmr,720575940875009505,720575940878956340,10,dendrite_pre,,,
islet-cltmr,720575940875009505,720575940892017863,9,dendrite_pre,,,
islet-cltmr,720575940875009505,720575940922814762,8,dendrite_pre,,,
islet-cltmr,720575940875009505,720575940932842132,8,dendrite_pre,,,
islet-cltmr,720575940875009505,720575940912622214,8,dendrite_pre,,,
islet-cltmr,720575940875009505,720575940881833296,8,dendrite_pre,,,
islet-cltmr,720575940875009505,720575940900956101,8,dendrite_pre,,,
islet-cltmr,720575940875009505,720575940936954692,8,dendrite_pre,,,
islet-cltmr,720575940875009505,720575940897404162,8,dendrite_pre,,,
islet-cltmr,720575940875009505,720575940921526035,7,dendrite_pre,,,
islet-cltmr,720575940875009505,720575940903370509,7,dendrite_pre,,,
islet-cltmr,720575940875009505,720575940861429234,7,dendrite_pre,,,
islet-cltmr,720575940875009505,720575940892653428,7,dendrite_pre,,,
islet-cltmr,720575940875009505,720575940899153235,7,dendrite_pre,,,
islet-cltmr,720575940875009505,720575940881422558,7,dendrite_pre,,,
islet-cltmr,720575940875009505,720575940903679779,7,dendrite_pre,,,
islet-cltmr,720575940875009505,720575940869443690,7,dendrite_pre,,,
islet-cltmr,720575940875009505,720575940896248247,7,dendrite_pre,,,
islet-cltmr,720575940875009505,720575940906320115,7,dendrite_pre,,,
islet-cltmr,720575940875009505,720575940878303531,6,dendrite_pre,,,
islet-cltmr,720575940875009505,720575940886926839,6,dendrite_pre,,,
islet-cltmr,720575940875009505,720575940890245126,6,dendrite_pre,,,
islet-cltmr,720575940875009505,720575940890755060,6,dendrite_pre,,,
islet-cltmr,720575940875009505,720575940898841849,6,dendrite_pre,,,
islet-cltmr,720575940875009505,720575940893177002,6,dendrite_pre,,,
islet-cltmr,720575940875009505,720575940868534168,5,dendrite_pre,,,
islet-cltmr,720575940875009505,720575940879223020,5,dendrite_pre,,,
islet-cltmr,720575940875009505,720575940883720696,5,dendrite_pre,,,
islet-cltmr,720575940875009505,720575940899281090,5,dendrite_pre,,,
IN-abltmr,720575940875210327,720575940890034870,5,dendrite_pre,,,
islet-cltmr,720575940877168904,720575940887131610,38,dendrite_pre,,,
islet-cltmr,720575940877168904,720575940930905464,36,dendrite_pre,,,
islet-cltmr,720575940877168904,720575940917787299,34,dendrite_pre,,,
islet-cltmr,720575940877168904,720575940880482439,25,dendrite_pre,,,
islet-cltmr,720575940877168904,720575940917097276,24,dendrite_pre,,,
islet-cltmr,720575940877168904,720575940878978356,21,dendrite_pre,,,
islet-cltmr,720575940877168904,720575940897392130,21,dendrite_pre,,,
islet-cltmr,720575940877168904,720575940924432194,20,dendrite_pre,,,
islet-cltmr,720575940877168904,720575940881620931,19,dendrite_pre,,,
islet-cltmr,720575940877168904,720575940921263822,19,dendrite_pre,,,
islet-cltmr,720575940877168904,720575940883197911,19,dendrite_pre,,,
islet-cltmr,720575940877168904,720575940927200224,18,dendrite_pre,,,
islet-cltmr,720575940877168904,720575940878303531,18,dendrite_pre,,,
islet-cltmr,720575940877168904,720575940868491416,16,dendrite_pre,,,
islet-cltmr,720575940877168904,720575940909203676,16,dendrite_pre,,,
islet-cltmr,720575940877168904,720575940917547115,15,dendrite_pre,,,
islet-cltmr,720575940877168904,720575940940380075,15,dendrite_pre,,,
islet-cltmr,720575940877168904,720575940901819367,15,dendrite_pre,,,
islet-cltmr,720575940877168904,720575940911532223,14,dendrite_pre,,,
islet-cltmr,720575940877168904,720575940896865098,14,dendrite_pre,,,
islet-cltmr,720575940877168904,720575940906423858,13,dendrite_pre,,,
islet-cltmr,720575940877168904,720575940912929024,13,dendrite_pre,,,
islet-cltmr,720575940877168904,720575940861450226,12,dendrite_pre,,,
islet-cltmr,720575940877168904,720575940891181902,11,dendrite_pre,,,
islet-cltmr,720575940877168904,720575940880413575,11,dendrite_pre,,,
islet-cltmr,720575940877168904,720575940876302815,11,dendrite_pre,,,
islet-cltmr,720575940877168904,720575940894186139,11,dendrite_pre,,,
islet-cltmr,720575940877168904,720575940882105316,11,dendrite_pre,,,
islet-cltmr,720575940877168904,720575940886641418,11,dendrite_pre,,,
islet-cltmr,720575940877168904,720575940929589242,11,dendrite_pre,,,
islet-cltmr,720575940877168904,720575940892229886,10,dendrite_pre,,,
islet-cltmr,720575940877168904,720575940920055925,10,dendrite_pre,,,
islet-cltmr,720575940877168904,720575940893177002,10,dendrite_pre,,,
islet-cltmr,720575940877168904,720575940900956101,9,dendrite_pre,,,
islet-cltmr,720575940877168904,720575940899585200,9,dendrite_pre,,,
islet-cltmr,720575940877168904,720575940897404162,8,dendrite_pre,,,
islet-cltmr,720575940877168904,720575940899281090,8,dendrite_pre,,,
islet-cltmr,720575940877168904,720575940898822855,8,dendrite_pre,,,
islet-cltmr,720575940877168904,720575940891183798,8,dendrite_pre,,,
islet-cltmr,720575940877168904,720575940915578261,8,dendrite_pre,,,
islet-cltmr,720575940877168904,720575940862216039,7,dendrite_pre,,,
islet-cltmr,720575940877168904,720575940898533373,7,dendrite_pre,,,
islet-cltmr,720575940877168904,720575940870278275,7,dendrite_pre,,,
islet-cltmr,720575940877168904,720575940915367069,7,dendrite_pre,,,
islet-cltmr,720575940877168904,720575940869493610,7,dendrite_pre,,,
islet-cltmr,720575940877168904,720575940898477757,7,dendrite_pre,,,
islet-cltmr,720575940877168904,720575940888206927,6,dendrite_pre,,,
islet-cltmr,720575940877168904,720575940914046398,6,dendrite_pre,,,
islet-cltmr,720575940877168904,720575940899283650,6,dendrite_pre,,,
islet-cltmr,720575940877168904,720575940892643444,6,dendrite_pre,,,
islet-cltmr,720575940877168904,720575940888995958,5,dendrite_pre,,,
islet-cltmr,720575940877168904,720575940908359360,5,dendrite_pre,,,
islet-cltmr,720575940877168904,720575940870273155,5,dendrite_pre,,,
islet-cltmr,720575940877168904,720575940909806296,5,dendrite_pre,,,
islet-cltmr,720575940877168904,720575940907061033,5,dendrite_pre,,,
islet-cltmr,720575940877168904,720575940862140007,5,dendrite_pre,,,
islet-cltmr,720575940877168904,720575940888933494,5,dendrite_pre,,,
islet-cltmr,720575940877168904,720575940920886441,5,dendrite_pre,,,
islet-cltmr,720575940877168904,720575940899465920,5,dendrite_pre,,,
islet-cltmr,720575940877168904,720575940890618063,5,dendrite_pre,,,
IN-abltmr,720575940878308651,720575940900889280,12,dendrite_pre,,,
islet-adltmr,720575940879241452,720575940955177304,5,dendrite_pre,,,
islet-adltmr,720575940879241452,720575940889223606,5,dendrite_pre,,,
IN-abltmr,720575940881955665,720575940886279076,14,dendrite_pre,,,
IN-abltmr,720575940881955665,720575940896890954,13,dendrite_pre,,,
IN-abltmr,720575940881955665,720575940917422227,8,dendrite_pre,,,
IN-abltmr,720575940881955665,720575940945591318,7,dendrite_pre,,,
IN-abltmr,720575940881955665,720575940921263822,7,dendrite_pre,,,
IN-abltmr,720575940881955665,720575940911532223,6,dendrite_pre,,,
IN-abltmr,720575940881955665,720575940916014944,6,dendrite_pre,,,
IN-abltmr,720575940881955665,720575940887131610,6,dendrite_pre,,,
IN-abltmr,720575940881955665,720575940946690582,5,dendrite_pre,,,
ad-htmr,720575940882688412,720575940900889280,9,dendrite_pre,,,
ad-htmr,720575940882688412,720575940930825549,5,dendrite_pre,,,
islet-cltmr,720575940891538468,720575940888525260,25,dendrite_pre,,,
islet-cltmr,720575940891538468,720575940883898652,20,dendrite_pre,,,
islet-cltmr,720575940891538468,720575940912622214,19,dendrite_pre,,,
islet-cltmr,720575940891538468,720575940890204422,16,dendrite_pre,,,
islet-cltmr,720575940891538468,720575940926204046,15,dendrite_pre,,,
islet-cltmr,720575940891538468,720575940906320115,15,dendrite_pre,,,
islet-cltmr,720575940891538468,720575940902703006,15,dendrite_pre,,,
islet-cltmr,720575940891538468,720575940868534168,14,dendrite_pre,,,
islet-cltmr,720575940891538468,720575940890245126,13,dendrite_pre,,,
islet-cltmr,720575940891538468,720575940879220460,12,dendrite_pre,,,
islet-cltmr,720575940891538468,720575940903369229,12,dendrite_pre,,,
islet-cltmr,720575940891538468,720575940910911137,12,dendrite_pre,,,
islet-cltmr,720575940891538468,720575940892173666,12,dendrite_pre,,,
islet-cltmr,720575940891538468,720575940886540834,12,dendrite_pre,,,
islet-cltmr,720575940891538468,720575940880865945,12,dendrite_pre,,,
islet-cltmr,720575940891538468,720575940900035780,11,dendrite_pre,,,
islet-cltmr,720575940891538468,720575940901819367,11,dendrite_pre,,,
islet-cltmr,720575940891538468,720575940918264373,11,dendrite_pre,,,
islet-cltmr,720575940891538468,720575940877252872,11,dendrite_pre,,,
islet-cltmr,720575940891538468,720575940908781145,10,dendrite_pre,,,
islet-cltmr,720575940891538468,720575940902339000,10,dendrite_pre,,,
islet-cltmr,720575940891538468,720575940878303531,10,dendrite_pre,,,
islet-cltmr,720575940891538468,720575940926204302,10,dendrite_pre,,,
islet-cltmr,720575940891538468,720575940909806296,10,dendrite_pre,,,
islet-cltmr,720575940891538468,720575940924182661,10,dendrite_pre,,,
islet-cltmr,720575940891538468,720575940898841849,10,dendrite_pre,,,
islet-cltmr,720575940891538468,720575940879223020,10,dendrite_pre,,,
islet-cltmr,720575940891538468,720575940917097276,10,dendrite_pre,,,
islet-cltmr,720575940891538468,720575940877106267,9,dendrite_pre,,,
islet-cltmr,720575940891538468,720575940921526035,9,dendrite_pre,,,
islet-cltmr,720575940891538468,720575940892653428,9,dendrite_pre,,,
islet-cltmr,720575940891538468,720575940932842132,9,dendrite_pre,,,
islet-cltmr,720575940891538468,720575940880482439,9,dendrite_pre,,,
islet-cltmr,720575940891538468,720575940881422558,9,dendrite_pre,,,
islet-cltmr,720575940891538468,720575940915029373,8,dendrite_pre,,,
islet-cltmr,720575940891538468,720575940861429234,8,dendrite_pre,,,
islet-cltmr,720575940891538468,720575940912929024,8,dendrite_pre,,,
islet-cltmr,720575940891538468,720575940897392130,7,dendrite_pre,,,
islet-cltmr,720575940891538468,720575940941134700,7,dendrite_pre,,,
islet-cltmr,720575940891538468,720575940936858436,7,dendrite_pre,,,
islet-cltmr,720575940891538468,720575940890007988,7,dendrite_pre,,,
islet-cltmr,720575940891538468,720575940916016480,6,dendrite_pre,,,
islet-cltmr,720575940891538468,720575940892017863,6,dendrite_pre,,,
islet-cltmr,720575940891538468,720575940891526180,6,dendrite_pre,,,
islet-cltmr,720575940891538468,720575940940380075,6,dendrite_pre,,,
islet-cltmr,720575940891538468,720575940920107637,5,dendrite_pre,,,
islet-cltmr,720575940891538468,720575940917619551,5,dendrite_pre,,,
islet-cltmr,720575940891538468,720575940896732090,5,dendrite_pre,,,
islet-cltmr,720575940891538468,720575940891183798,5,dendrite_pre,,,
islet-cltmr,720575940891538468,720575940899465920,5,dendrite_pre,,,
islet-cltmr,720575940891538468,720575940927266892,5,dendrite_pre,,,
islet-cltmr,720575940891538468,720575940885284545,5,dendrite_pre,,,
islet-cltmr,720575940891538468,720575940881931601,5,dendrite_pre,,,
islet-cltmr,720575940891538468,720575940883720696,5,dendrite_pre,,,
islet-cltmr,720575940891538468,720575940897150224,5,dendrite_pre,,,
islet-cltmr,720575940891538468,720575940882107424,5,dendrite_pre,,,
islet-cltmr,720575940891538468,720575940896865098,5,dendrite_pre,,,
islet-cltmr,720575940891538468,720575940893777899,5,dendrite_pre,,,
islet-cltmr,720575940891538468,720575940883197911,5,dendrite_pre,,,
islet-adltmr,720575940892190818,720575940906252275,10,dendrite_pre,,,
islet-adltmr,720575940892190818,720575940906748515,9,dendrite_pre,,,
islet-adltmr,720575940892190818,720575940889195719,7,dendrite_pre,,,
islet-adltmr,720575940892190818,720575940886592266,6,dendrite_pre,,,
islet-chtmr,720575940893307467,720575940916192771,28,dendrite_pre,,,
islet-chtmr,720575940893307467,720575940919582469,24,dendrite_pre,,,
islet-chtmr,720575940893307467,720575940875116119,20,dendrite_pre,,,
islet-chtmr,720575940893307467,720575940886926839,20,dendrite_pre,,,
islet-chtmr,720575940893307467,720575940908386564,19,dendrite_pre,,,
islet-chtmr,720575940893307467,720575940924148613,18,dendrite_pre,,,
islet-chtmr,720575940893307467,720575940922709290,18,dendrite_pre,,,
islet-chtmr,720575940893307467,720575940903679779,18,dendrite_pre,,,
islet-chtmr,720575940893307467,720575940920894121,17,dendrite_pre,,,
islet-chtmr,720575940893307467,720575940904086480,17,dendrite_pre,,,
islet-chtmr,720575940893307467,720575940899153235,16,dendrite_pre,,,
islet-chtmr,720575940893307467,720575940916016480,16,dendrite_pre,,,
islet-chtmr,720575940893307467,720575940882525989,16,dendrite_pre,,,
islet-chtmr,720575940893307467,720575940894178664,16,dendrite_pre,,,
islet-chtmr,720575940893307467,720575940914883824,15,dendrite_pre,,,
islet-chtmr,720575940893307467,720575940920848808,15,dendrite_pre,,,
islet-chtmr,720575940893307467,720575940919612933,15,dendrite_pre,,,
islet-chtmr,720575940893307467,720575940896819018,14,dendrite_pre,,,
islet-chtmr,720575940893307467,720575940897381378,12,dendrite_pre,,,
islet-chtmr,720575940893307467,720575940909769176,12,dendrite_pre,,,
islet-chtmr,720575940893307467,720575940892193698,12,dendrite_pre,,,
islet-chtmr,720575940893307467,720575940904075984,11,dendrite_pre,,,
islet-chtmr,720575940893307467,720575940911409257,11,dendrite_pre,,,
islet-chtmr,720575940893307467,720575940877000795,11,dendrite_pre,,,
islet-chtmr,720575940893307467,720575940877501751,11,dendrite_pre,,,
islet-chtmr,720575940893307467,720575940869443690,10,dendrite_pre,,,
islet-chtmr,720575940893307467,720575940889752933,10,dendrite_pre,,,
islet-chtmr,720575940893307467,720575940892652404,10,dendrite_pre,,,
islet-chtmr,720575940893307467,720575940920835240,10,dendrite_pre,,,
islet-chtmr,720575940893307467,720575940895686440,10,dendrite_pre,,,
islet-chtmr,720575940893307467,720575940899376569,9,dendrite_pre,,,
islet-chtmr,720575940893307467,720575940865183697,9,dendrite_pre,,,
islet-chtmr,720575940893307467,720575940893395733,8,dendrite_pre,,,
islet-chtmr,720575940893307467,720575940881833296,8,dendrite_pre,,,
islet-chtmr,720575940893307467,720575940927168536,8,dendrite_pre,,,
islet-chtmr,720575940893307467,720575940893236555,7,dendrite_pre,,,
islet-chtmr,720575940893307467,720575940905061686,7,dendrite_pre,,,
islet-chtmr,720575940893307467,720575940896262583,7,dendrite_pre,,,
islet-chtmr,720575940893307467,720575940869481691,6,dendrite_pre,,,
islet-chtmr,720575940893307467,720575940927109144,6,dendrite_pre,,,
islet-chtmr,720575940893307467,720575940906164189,6,dendrite_pre,,,
islet-chtmr,720575940893307467,720575940897460886,5,dendrite_pre,,,
islet-chtmr,720575940893307467,720575940878916148,5,dendrite_pre,,,
islet-chtmr,720575940893307467,720575940922934557,5,dendrite_pre,,,
islet-chtmr,720575940893307467,720575940903415309,5,dendrite_pre,,,
islet-chtmr,720575940893307467,720575940883533733,5,dendrite_pre,,,
islet-chtmr,720575940893307467,720575940913308862,5,dendrite_pre,,,
islet-cltmr,720575940894200219,720575940883197911,27,dendrite_pre,,,
islet-cltmr,720575940894200219,720575940929589242,25,dendrite_pre,,,
islet-cltmr,720575940894200219,720575940896865098,24,dendrite_pre,,,
islet-cltmr,720575940894200219,720575940887131610,24,dendrite_pre,,,
islet-cltmr,720575940894200219,720575940881620931,23,dendrite_pre,,,
islet-cltmr,720575940894200219,720575940917547115,22,dendrite_pre,,,
islet-cltmr,720575940894200219,720575940878978356,22,dendrite_pre,,,
islet-cltmr,720575940894200219,720575940930905464,20,dendrite_pre,,,
islet-cltmr,720575940894200219,720575940882105316,18,dendrite_pre,,,
islet-cltmr,720575940894200219,720575940912929024,16,dendrite_pre,,,
islet-cltmr,720575940894200219,720575940902703006,16,dendrite_pre,,,
islet-cltmr,720575940894200219,720575940891181902,15,dendrite_pre,,,
islet-cltmr,720575940894200219,720575940879220460,15,dendrite_pre,,,
islet-cltmr,720575940894200219,720575940921263822,15,dendrite_pre,,,
islet-cltmr,720575940894200219,720575940917097276,15,dendrite_pre,,,
islet-cltmr,720575940894200219,720575940915578261,15,dendrite_pre,,,
islet-cltmr,720575940894200219,720575940911532223,15,dendrite_pre,,,
islet-cltmr,720575940894200219,720575940885095808,14,dendrite_pre,,,
islet-cltmr,720575940894200219,720575940882538078,14,dendrite_pre,,,
islet-cltmr,720575940894200219,720575940869486442,13,dendrite_pre,,,
islet-cltmr,720575940894200219,720575940920882345,13,dendrite_pre,,,
islet-cltmr,720575940894200219,720575940893177002,12,dendrite_pre,,,
islet-cltmr,720575940894200219,720575940901819367,12,dendrite_pre,,,
islet-cltmr,720575940894200219,720575940862140007,12,dendrite_pre,,,
islet-cltmr,720575940894200219,720575940917787299,12,dendrite_pre,,,
islet-cltmr,720575940894200219,720575940927200224,11,dendrite_pre,,,
islet-cltmr,720575940894200219,720575940869493610,11,dendrite_pre,,,
islet-cltmr,720575940894200219,720575940899585200,11,dendrite_pre,,,
islet-cltmr,720575940894200219,720575940859503767,11,dendrite_pre,,,
islet-cltmr,720575940894200219,720575940886641418,9,dendrite_pre,,,
islet-cltmr,720575940894200219,720575940878303531,9,dendrite_pre,,,
islet-cltmr,720575940894200219,720575940861450226,9,dendrite_pre,,,
islet-cltmr,720575940894200219,720575940878956340,8,dendrite_pre,,,
islet-cltmr,720575940894200219,720575940936858436,8,dendrite_pre,,,
islet-cltmr,720575940894200219,720575940900956101,7,dendrite_pre,,,
islet-cltmr,720575940894200219,720575940868491416,7,dendrite_pre,,,
islet-cltmr,720575940894200219,720575940940380075,7,dendrite_pre,,,
islet-cltmr,720575940894200219,720575940897392130,7,dendrite_pre,,,
islet-cltmr,720575940894200219,720575940952196116,7,dendrite_pre,,,
islet-cltmr,720575940894200219,720575940915367069,7,dendrite_pre,,,
islet-cltmr,720575940894200219,720575940891183798,7,dendrite_pre,,,
islet-cltmr,720575940894200219,720575940882439629,7,dendrite_pre,,,
islet-cltmr,720575940894200219,720575940906423858,7,dendrite_pre,,,
islet-cltmr,720575940894200219,720575940903585571,6,dendrite_pre,,,
islet-cltmr,720575940894200219,720575940880482439,6,dendrite_pre,,,
islet-cltmr,720575940894200219,720575940900035780,6,dendrite_pre,,,
islet-cltmr,720575940894200219,720575940898477757,6,dendrite_pre,,,
islet-cltmr,720575940894200219,720575940964357030,6,dendrite_pre,,,
islet-cltmr,720575940894200219,720575940890245126,5,dendrite_pre,,,
islet-cltmr,720575940894200219,720575940920055925,5,dendrite_pre,,,
islet-cltmr,720575940894200219,720575940909806296,5,dendrite_pre,,,
islet-cltmr,720575940894200219,720575940908359360,5,dendrite_pre,,,
islet-cltmr,720575940894200219,720575940880413575,5,dendrite_pre,,,
islet-cltmr,720575940894200219,720575940898822855,5,dendrite_pre,,,
islet-cltmr,720575940894200219,720575940911461737,5,dendrite_pre,,,
islet-cltmr,720575940896891210,720575940891183798,54,dendrite_pre,,,
islet-cltmr,720575940896891210,720575940902577106,38,dendrite_pre,,,
islet-cltmr,720575940896891210,720575940930905464,30,dendrite_pre,,,
islet-cltmr,720575940896891210,720575940885095808,27,dendrite_pre,,,
islet-cltmr,720575940896891210,720575940894186139,27,dendrite_pre,,,
islet-cltmr,720575940896891210,720575940893177002,24,dendrite_pre,,,
islet-cltmr,720575940896891210,720575940940380075,23,dendrite_pre,,,
islet-cltmr,720575940896891210,720575940900956101,21,dendrite_pre,,,
islet-cltmr,720575940896891210,720575940891181902,20,dendrite_pre,,,
islet-cltmr,720575940896891210,720575940882107424,19,dendrite_pre,,,
islet-cltmr,720575940896891210,720575940881931601,18,dendrite_pre,,,
islet-cltmr,720575940896891210,720575940912623494,18,dendrite_pre,,,
islet-cltmr,720575940896891210,720575940908781145,18,dendrite_pre,,,
islet-cltmr,720575940896891210,720575940893777899,17,dendrite_pre,,,
islet-cltmr,720575940896891210,720575940878956340,16,dendrite_pre,,,
islet-cltmr,720575940896891210,720575940882124832,14,dendrite_pre,,,
islet-cltmr,720575940896891210,720575940881620931,14,dendrite_pre,,,
islet-cltmr,720575940896891210,720575940902703006,11,dendrite_pre,,,
islet-cltmr,720575940896891210,720575940917787299,11,dendrite_pre,,,
islet-cltmr,720575940896891210,720575940911418815,10,dendrite_pre,,,
islet-cltmr,720575940896891210,720575940899283650,10,dendrite_pre,,,
islet-cltmr,720575940896891210,720575940902069014,10,dendrite_pre,,,
islet-cltmr,720575940896891210,720575940898699154,10,dendrite_pre,,,
islet-cltmr,720575940896891210,720575940869549838,10,dendrite_pre,,,
islet-cltmr,720575940896891210,720575940896011118,9,dendrite_pre,,,
islet-cltmr,720575940896891210,720575940883481950,9,dendrite_pre,,,
islet-cltmr,720575940896891210,720575940903354252,9,dendrite_pre,,,
islet-cltmr,720575940896891210,720575940896248247,9,dendrite_pre,,,
islet-cltmr,720575940896891210,720575940869443690,9,dendrite_pre,,,
islet-cltmr,720575940896891210,720575940890256134,8,dendrite_pre,,,
islet-cltmr,720575940896891210,720575940916894530,8,dendrite_pre,,,
islet-cltmr,720575940896891210,720575940928347132,8,dendrite_pre,,,
islet-cltmr,720575940896891210,720575940913308862,8,dendrite_pre,,,
islet-cltmr,720575940896891210,720575940892229886,8,dendrite_pre,,,
islet-cltmr,720575940896891210,720575940929589242,8,dendrite_pre,,,
islet-cltmr,720575940896891210,720575940882543653,8,dendrite_pre,,,
islet-cltmr,720575940896891210,720575940897392130,7,dendrite_pre,,,
islet-cltmr,720575940896891210,720575940911532223,7,dendrite_pre,,,
islet-cltmr,720575940896891210,720575940898533373,7,dendrite_pre,,,
islet-cltmr,720575940896891210,720575940912929024,7,dendrite_pre,,,
islet-cltmr,720575940896891210,720575940869485418,7,dendrite_pre,,,
islet-cltmr,720575940896891210,720575940890245126,6,dendrite_pre,,,
islet-cltmr,720575940896891210,720575940879220460,6,dendrite_pre,,,
islet-cltmr,720575940896891210,720575940897460886,6,dendrite_pre,,,
islet-cltmr,720575940896891210,720575940902763375,6,dendrite_pre,,,
islet-cltmr,720575940896891210,720575940878303531,6,dendrite_pre,,,
islet-cltmr,720575940896891210,720575940870273155,5,dendrite_pre,,,
islet-cltmr,720575940896891210,720575940920055925,5,dendrite_pre,,,
islet-cltmr,720575940896891210,720575940917619551,5,dendrite_pre,,,
islet-cltmr,720575940896891210,720575940883197911,5,dendrite_pre,,,
islet-cltmr,720575940896891210,720575940888148592,5,dendrite_pre,,,
islet-cltmr,720575940896891210,720575940887131610,5,dendrite_pre,,,
islet-cltmr,720575940896891210,720575940878978356,5,dendrite_pre,,,
islet-adltmr,720575940896891466,720575940884699194,6,dendrite_pre,,,
IN-abltmr,720575940900058564,720575940901672637,9,dendrite_pre,,,
IN-abltmr,720575940900058564,720575940887210934,5,dendrite_pre,,,
islet-chtmr,720575940912627846,720575940903679779,24,dendrite_pre,,,
islet-chtmr,720575940912627846,720575940922709290,23,dendrite_pre,,,
islet-chtmr,720575940912627846,720575940886926839,23,dendrite_pre,,,
islet-chtmr,720575940912627846,720575940908057073,21,dendrite_pre,,,
islet-chtmr,720575940912627846,720575940904086480,21,dendrite_pre,,,
islet-chtmr,720575940912627846,720575940908386564,19,dendrite_pre,,,
islet-chtmr,720575940912627846,720575940914883824,18,dendrite_pre,,,
islet-chtmr,720575940912627846,720575940869443690,17,dendrite_pre,,,
islet-chtmr,720575940912627846,720575940916192771,17,dendrite_pre,,,
islet-chtmr,720575940912627846,720575940909769176,16,dendrite_pre,,,
islet-chtmr,720575940912627846,720575940897381378,15,dendrite_pre,,,
islet-chtmr,720575940912627846,720575940875116119,13,dendrite_pre,,,
islet-chtmr,720575940912627846,720575940893395733,11,dendrite_pre,,,
islet-chtmr,720575940912627846,720575940919582469,11,dendrite_pre,,,
islet-chtmr,720575940912627846,720575940899153235,10,dendrite_pre,,,
islet-chtmr,720575940912627846,720575940922934557,10,dendrite_pre,,,
islet-chtmr,720575940912627846,720575940913308862,10,dendrite_pre,,,
islet-chtmr,720575940912627846,720575940920848808,10,dendrite_pre,,,
islet-chtmr,720575940912627846,720575940912535686,9,dendrite_pre,,,
islet-chtmr,720575940912627846,720575940890618063,9,dendrite_pre,,,
islet-chtmr,720575940912627846,720575940869481691,8,dendrite_pre,,,
islet-chtmr,720575940912627846,720575940924148613,8,dendrite_pre,,,
islet-chtmr,720575940912627846,720575940920894121,8,dendrite_pre,,,
islet-chtmr,720575940912627846,720575940882525989,8,dendrite_pre,,,
islet-chtmr,720575940912627846,720575940927109144,7,dendrite_pre,,,
islet-chtmr,720575940912627846,720575940916016480,7,dendrite_pre,,,
islet-chtmr,720575940912627846,720575940862216039,6,dendrite_pre,,,
islet-chtmr,720575940912627846,720575940882038048,6,dendrite_pre,,,
islet-chtmr,720575940912627846,720575940892652404,6,dendrite_pre,,,
islet-chtmr,720575940912627846,720575940906389554,6,dendrite_pre,,,
islet-chtmr,720575940912627846,720575940883533733,5,dendrite_pre,,,
islet-chtmr,720575940912627846,720575940898477757,5,dendrite_pre,,,
islet-chtmr,720575940912627846,720575940906164189,5,dendrite_pre,,,
islet-chtmr,720575940912627846,720575940889883489,5,dendrite_pre,,,
islet-chtmr,720575940912627846,720575940877000795,5,dendrite_pre,,,
islet-chtmr,720575940912627846,720575940905061686,5,dendrite_pre,,,
islet-cltmr,720575940915389853,720575940902703006,15,dendrite_pre,,,
islet-cltmr,720575940915389853,720575940880866969,15,dendrite_pre,,,
islet-cltmr,720575940915389853,720575940897150224,14,dendrite_pre,,,
islet-cltmr,720575940915389853,720575940879220460,12,dendrite_pre,,,
islet-cltmr,720575940915389853,720575940906320115,11,dendrite_pre,,,
islet-cltmr,720575940915389853,720575940917097276,10,dendrite_pre,,,
islet-cltmr,720575940915389853,720575940883898652,10,dendrite_pre,,,
islet-cltmr,720575940915389853,720575940910911137,10,dendrite_pre,,,
islet-cltmr,720575940915389853,720575940869466075,10,dendrite_pre,,,
islet-cltmr,720575940915389853,720575940892173666,10,dendrite_pre,,,
islet-cltmr,720575940915389853,720575940890245126,10,dendrite_pre,,,
islet-cltmr,720575940915389853,720575940900035780,9,dendrite_pre,,,
islet-cltmr,720575940915389853,720575940912917504,9,dendrite_pre,,,
islet-cltmr,720575940915389853,720575940888525260,9,dendrite_pre,,,
islet-cltmr,720575940915389853,720575940906423858,9,dendrite_pre,,,
islet-cltmr,720575940915389853,720575940920055925,9,dendrite_pre,,,
islet-cltmr,720575940915389853,720575940912622214,8,dendrite_pre,,,
islet-cltmr,720575940915389853,720575940898841849,8,dendrite_pre,,,
islet-cltmr,720575940915389853,720575940888867087,8,dendrite_pre,,,
islet-cltmr,720575940915389853,720575940882105316,8,dendrite_pre,,,
islet-cltmr,720575940915389853,720575940929589242,8,dendrite_pre,,,
islet-cltmr,720575940915389853,720575940892653428,7,dendrite_pre,,,
islet-cltmr,720575940915389853,720575940908781145,7,dendrite_pre,,,
islet-cltmr,720575940915389853,720575940886641418,6,dendrite_pre,,,
islet-cltmr,720575940915389853,720575940882070816,6,dendrite_pre,,,
islet-cltmr,720575940915389853,720575940862621983,6,dendrite_pre,,,
islet-cltmr,720575940915389853,720575940897392130,6,dendrite_pre,,,
islet-cltmr,720575940915389853,720575940885095808,6,dendrite_pre,,,
islet-cltmr,720575940915389853,720575940901819367,6,dendrite_pre,,,
islet-cltmr,720575940915389853,720575940909806296,6,dendrite_pre,,,
islet-cltmr,720575940915389853,720575940903369229,6,dendrite_pre,,,
islet-cltmr,720575940915389853,720575940909939648,5,dendrite_pre,,,
islet-cltmr,720575940915389853,720575940891183798,5,dendrite_pre,,,
islet-cltmr,720575940915389853,720575940879223020,5,dendrite_pre,,,
islet-cltmr,720575940915389853,720575940915578261,5,dendrite_pre,,,
islet-cltmr,720575940915389853,720575940899585200,5,dendrite_pre,,,
islet-cltmr,720575940915389853,720575940896446649,5,dendrite_pre,,,
islet-cltmr,720575940915389853,720575940877106267,5,dendrite_pre,,,
islet-cltmr,720575940915389853,720575940903354252,5,dendrite_pre,,,
islet-cltmr,720575940915389853,720575940881816400,5,dendrite_pre,,,
islet-cltmr,720575940915389853,720575940896865098,5,dendrite_pre,,,
islet-cltmr,720575940915389853,720575940936858436,5,dendrite_pre,,,
islet-adltmr,720575940915390365,720575940886592266,10,dendrite_pre,,,
islet-adltmr,720575940915390365,720575940946164246,9,dendrite_pre,,,
islet-adltmr,720575940915390365,720575940870273155,6,dendrite_pre,,,
islet-adltmr,720575940915390365,720575940936858436,5,dendrite_pre,,,
islet-chtmr,720575940929601786,720575940877501751,26,dendrite_pre,,,
islet-chtmr,720575940929601786,720575940894178664,25,dendrite_pre,,,
islet-chtmr,720575940929601786,720575940916016480,23,dendrite_pre,,,
islet-chtmr,720575940929601786,720575940936008358,20,dendrite_pre,,,
islet-chtmr,720575940929601786,720575940920835240,20,dendrite_pre,,,
islet-chtmr,720575940929601786,720575940927109144,18,dendrite_pre,,,
islet-chtmr,720575940929601786,720575940894647347,17,dendrite_pre,,,
islet-chtmr,720575940929601786,720575940919582469,15,dendrite_pre,,,
islet-chtmr,720575940929601786,720575940882124320,14,dendrite_pre,,,
islet-chtmr,720575940929601786,720575940897151504,14,dendrite_pre,,,
islet-chtmr,720575940929601786,720575940897381378,13,dendrite_pre,,,
islet-chtmr,720575940929601786,720575940869481691,12,dendrite_pre,,,
islet-chtmr,720575940929601786,720575940912535686,12,dendrite_pre,,,
islet-chtmr,720575940929601786,720575940929741846,12,dendrite_pre,,,
islet-chtmr,720575940929601786,720575940900988613,12,dendrite_pre,,,
islet-chtmr,720575940929601786,720575940940910975,11,dendrite_pre,,,
islet-chtmr,720575940929601786,720575940924148613,11,dendrite_pre,,,
islet-chtmr,720575940929601786,720575940902331832,11,dendrite_pre,,,
islet-chtmr,720575940929601786,720575940904249043,10,dendrite_pre,,,
islet-chtmr,720575940929601786,720575940927174424,10,dendrite_pre,,,
islet-chtmr,720575940929601786,720575940896819018,10,dendrite_pre,,,
islet-chtmr,720575940929601786,720575940862216039,9,dendrite_pre,,,
islet-chtmr,720575940929601786,720575940892193698,9,dendrite_pre,,,
islet-chtmr,720575940929601786,720575940920006013,9,dendrite_pre,,,
islet-chtmr,720575940929601786,720575940941106028,8,dendrite_pre,,,
islet-chtmr,720575940929601786,720575940904075984,8,dendrite_pre,,,
islet-chtmr,720575940929601786,720575940921200846,8,dendrite_pre,,,
islet-chtmr,720575940929601786,720575940902703089,8,dendrite_pre,,,
islet-chtmr,720575940929601786,720575940908386564,8,dendrite_pre,,,
islet-chtmr,720575940929601786,720575940903415565,8,dendrite_pre,,,
islet-chtmr,720575940929601786,720575940883543461,7,dendrite_pre,,,
islet-chtmr,720575940929601786,720575940903415309,7,dendrite_pre,,,
islet-chtmr,720575940929601786,720575940877129819,7,dendrite_pre,,,
islet-chtmr,720575940929601786,720575940889192823,7,dendrite_pre,,,
islet-chtmr,720575940929601786,720575940911409257,7,dendrite_pre,,,
islet-chtmr,720575940929601786,720575940903679779,7,dendrite_pre,,,
islet-chtmr,720575940929601786,720575940919612933,7,dendrite_pre,,,
islet-chtmr,720575940929601786,720575940875122775,6,dendrite_pre,,,
islet-chtmr,720575940929601786,720575940918873695,6,dendrite_pre,,,
islet-chtmr,720575940929601786,720575940881833296,6,dendrite_pre,,,
islet-chtmr,720575940929601786,720575940899376569,6,dendrite_pre,,,
islet-chtmr,720575940929601786,720575940899143251,6,dendrite_pre,,,
islet-chtmr,720575940929601786,720575940899282056,6,dendrite_pre,,,
islet-chtmr,720575940929601786,720575940904086480,6,dendrite_pre,,,
islet-chtmr,720575940929601786,720575940893395733,6,dendrite_pre,,,
islet-chtmr,720575940929601786,720575940922934557,6,dendrite_pre,,,
islet-chtmr,720575940929601786,720575940916192771,6,dendrite_pre,,,
islet-chtmr,720575940929601786,720575940882038048,5,dendrite_pre,,,
islet-chtmr,720575940929601786,720575940909393947,5,dendrite_pre,,,
islet-chtmr,720575940929601786,720575940899153235,5,dendrite_pre,,,
islet-chtmr,720575940929601786,720575940897460886,5,dendrite_pre,,,
islet-chtmr,720575940929601786,720575940886926839,5,dendrite_pre,,,
islet-chtmr,720575940929601786,720575940914883824,5,dendrite_pre,,,
islet-chtmr,720575940929601786,720575940869443690,5,dendrite_pre,,,
islet-chtmr,720575940929601786,720575940908057073,5,dendrite_pre,,,
islet-chtmr,720575940929601786,720575940891164342,5,dendrite_pre,,,
