tag,pre_root_id,post_root_id,n_synapses,kind,sensory_like,post_output_n,post_input_n,post_target_sensory_frac
islet-adltmr,720575940847595117,720575940899520448,11,axon_pre,False,952.0,2215.0,0.692588092345079
islet-adltmr,720575940847595117,720575940913144816,11,axon_pre,False,43.0,636.0,0.8695652173913043
islet-adltmr,720575940847595117,720575940888595057,10,axon_pre,False,86.0,988.0,0.848
islet-adltmr,720575940847595117,720575940895956126,10,axon_pre,False,76.0,672.0,0.84375
islet-adltmr,720575940847595117,720575940883729656,8,axon_pre,False,609.0,981.0,0.7757009345794392
islet-adltmr,720575940847595117,720575940907584340,7,axon_pre,False,521.0,869.0,0.8099173553719008
islet-adltmr,720575940847595117,720575940887129533,7,axon_pre,False,213.0,1506.0,0.2311111111111111
islet-adltmr,720575940847595117,720575940913907392,6,axon_pre,False,75.0,732.0,0.875
islet-adltmr,720575940847595117,720575940919601669,6,axon_pre,False,974.0,2308.0,0.013179571663920923
islet-adltmr,720575940847595117,720575940871641310,6,axon_pre,False,54.0,892.0,0.832258064516129
islet-adltmr,720575940847595117,720575940915390365,6,axon_pre,False,569.0,1405.0,0.7989556135770235
islet-adltmr,720575940847595117,720575940948987670,6,axon_pre,False,740.0,1571.0,0.7217391304347827
islet-adltmr,720575940847595117,720575940882392670,6,axon_pre,False,42.0,785.0,0.8901098901098901
islet-adltmr,720575940847595117,720575940908336368,6,axon_pre,False,84.0,1007.0,0.85
islet-adltmr,720575940847595117,720575940946690582,5,axon_pre,False,96.0,833.0,0.9363636363636364
islet-adltmr,720575940847595117,720575940888983158,5,axon_pre,False,750.0,2865.0,0.3164983164983165
islet-adltmr,720575940847595117,720575940891523364,5,axon_pre,False,346.0,1837.0,0.1426403641881639
islet-adltmr,720575940847595117,720575940899561408,5,axon_pre,False,37.0,769.0,0.8725490196078431
islet-adltmr,720575940847595117,720575940917202564,5,axon_pre,False,61.0,768.0,0.8495575221238938
islet-adltmr,720575940847595117,720575940896663226,5,axon_pre,False,606.0,1661.0,0.7199248120300752
islet-adltmr,720575940847595117,720575940881844475,5,axon_pre,False,911.0,1998.0,0.7297687861271677
islet-adltmr,720575940847595117,720575940927230688,5,axon_pre,False,381.0,1403.0,0.7602179836512262
islet-adltmr,720575940847595117,720575940923656284,5,axon_pre,False,326.0,1877.0,0.23647604327666152
islet-adltmr,720575940847595117,720575940869499754,4,axon_pre,False,1207.0,1766.0,0.44014084507042256
islet-adltmr,720575940847595117,720575940897465750,4,axon_pre,False,533.0,2105.0,0.31724137931034485
islet-adltmr,720575940847595117,720575940906469872,4,axon_pre,False,895.0,3527.0,0.6746871992300288
islet-adltmr,720575940847595117,720575940939630468,4,axon_pre,False,346.0,1662.0,0.18616144975288304
islet-adltmr,720575940847595117,720575940910186825,4,axon_pre,False,464.0,2145.0,0.7466918714555766
islet-adltmr,720575940847595117,720575940889638582,4,axon_pre,False,76.0,802.0,0.8387096774193549
islet-adltmr,720575940847595117,720575940964319910,4,axon_pre,False,89.0,906.0,0.8012820512820513
islet-adltmr,720575940847595117,720575940890171654,4,axon_pre,False,297.0,993.0,0.7959183673469388
islet-adltmr,720575940847595117,720575940912680382,4,axon_pre,False,603.0,1538.0,0.7019498607242339
islet-adltmr,720575940847595117,720575940905256393,4,axon_pre,False,368.0,1985.0,0.5529411764705883
islet-adltmr,720575940847595117,720575940923656028,4,axon_pre,False,228.0,1736.0,0.1094224924012158
islet-adltmr,720575940847595117,720575940909810112,4,axon_pre,False,379.0,2076.0,0.3726027397260274
islet-adltmr,720575940847595117,720575940910636476,4,axon_pre,False,768.0,2119.0,0.6894904458598726
islet-adltmr,720575940847595117,720575940926203534,4,axon_pre,False,1074.0,2113.0,0.6592592592592592
islet-adltmr,720575940847595117,720575940902624978,3,axon_pre,False,456.0,1028.0,0.7621359223300971
islet-adltmr,720575940847595117,720575940893861502,3,axon_pre,False,1802.0,2646.0,0.012024048096192385
islet-adltmr,720575940847595117,720575940910586137,3,axon_pre,False,125.0,1568.0,0.24398625429553264
islet-adltmr,720575940847595117,720575940925206038,3,axon_pre,False,57.0,655.0,0.8604651162790697
islet-adltmr,720575940847595117,720575940886592266,3,axon_pre,False,554.0,2455.0,0.42916666666666664
islet-adltmr,720575940847595117,720575940927248352,3,axon_pre,False,886.0,1700.0,0.7291666666666666
islet-adltmr,720575940847595117,720575940904383680,3,axon_pre,False,520.0,1857.0,0.7634252539912917
islet-adltmr,720575940847595117,720575940889933755,3,axon_pre,False,283.0,4567.0,0.08173076923076923
islet-adltmr,720575940847595117,720575940887337882,3,axon_pre,False,1451.0,2502.0,0.7239648682559598
islet-adltmr,720575940847595117,720575940908275184,3,axon_pre,False,786.0,1861.0,0.7639123102866779
islet-adltmr,720575940847595117,720575940905404873,3,axon_pre,False,1351.0,2170.0,0.2709030100334448
islet-adltmr,720575940847595117,720575940896891210,3,axon_pre,False,2033.0,3387.0,0.011801242236024845
islet-adltmr,720575940847595117,720575940887254966,3,axon_pre,False,557.0,1969.0,0.7521367521367521
islet-adltmr,720575940847595117,720575940911608768,3,axon_pre,False,1176.0,2261.0,0.007587253414264037
islet-adltmr,720575940847595117,720575940886913974,3,axon_pre,False,430.0,1494.0,0.590027700831025
islet-adltmr,720575940847595117,720575940879783158,3,axon_pre,False,52.0,666.0,0.7865168539325843
islet-adltmr,720575940847595117,720575940927801648,3,axon_pre,False,179.0,1667.0,0.48589341692789967
islet-adltmr,720575940847595117,720575940882556382,3,axon_pre,False,88.0,884.0,0.7682119205298014
islet-adltmr,720575940847595117,720575940888708534,3,axon_pre,False,57.0,902.0,0.8601398601398601
islet-adltmr,720575940847595117,720575940920407440,3,axon_pre,False,245.0,610.0,0.7738095238095238
islet-adltmr,720575940847595117,720575940934876182,2,axon_pre,False,49.0,827.0,0.45614035087719296
islet-adltmr,720575940847595117,720575940890964801,2,axon_pre,False,869.0,1667.0,0.6446280991735537
islet-adltmr,720575940847595117,720575940892352243,2,axon_pre,False,504.0,2433.0,0.5814696485623003
islet-adltmr,720575940847595117,720575940908137200,2,axon_pre,False,413.0,844.0,0.009324009324009324
islet-adltmr,720575940847595117,720575940894200219,2,axon_pre,False,1858.0,2812.0,0.004070556309362279
islet-adltmr,720575940847595117,720575940901050304,2,axon_pre,False,82.0,861.0,0.8837209302325582
islet-adltmr,720575940847595117,720575940873436734,2,axon_pre,False,93.0,998.0,0.7846153846153846
islet-adltmr,720575940847595117,720575940880835090,2,axon_pre,False,258.0,1863.0,0.26285714285714284
islet-adltmr,720575940847595117,720575940918937367,2,axon_pre,False,168.0,1503.0,0.5118343195266272
islet-adltmr,720575940847595117,720575940893876487,2,axon_pre,False,1356.0,1964.0,0.02072538860103627
islet-adltmr,720575940847595117,720575940898729874,2,axon_pre,False,288.0,2350.0,0.2404255319148936
islet-adltmr,720575940847595117,720575940945051926,2,axon_pre,False,55.0,685.0,0.9102564102564102
islet-adltmr,720575940847595117,720575940933803030,2,axon_pre,False,210.0,1184.0,0.472636815920398
islet-adltmr,720575940847595117,720575940877168904,2,axon_pre,False,2198.0,2628.0,0.0015785319652722968
islet-adltmr,720575940847595117,720575940920105077,2,axon_pre,False,104.0,964.0,0.18803418803418803
islet-adltmr,720575940847595117,720575940927197664,2,axon_pre,False,726.0,2823.0,0.3733681462140992
islet-adltmr,720575940847595117,720575940881497310,2,axon_pre,False,202.0,1589.0,0.3333333333333333
islet-adltmr,720575940847595117,720575940889254007,2,axon_pre,False,226.0,2676.0,0.06885758998435054
islet-adltmr,720575940847595117,720575940877145352,2,axon_pre,False,313.0,1789.0,0.19047619047619047
islet-adltmr,720575940847595117,720575940887031485,2,axon_pre,False,427.0,1684.0,0.6957928802588996
islet-adltmr,720575940847595117,720575940875009505,2,axon_pre,False,1571.0,2191.0,0.003656307129798903
islet-adltmr,720575940847595117,720575940913429231,2,axon_pre,False,336.0,1972.0,0.18696883852691218
islet-adltmr,720575940847595117,720575940886853257,2,axon_pre,False,596.0,1013.0,0.8214285714285714
islet-adltmr,720575940847595117,720575940880946065,2,axon_pre,False,352.0,1028.0,0.7425149700598802
islet-adltmr,720575940847595117,720575940889405171,2,axon_pre,False,1655.0,2386.0,0.00477326968973747
islet-adltmr,720575940847595117,720575940913156080,2,axon_pre,False,699.0,1796.0,0.5604606525911708
islet-adltmr,720575940847595117,720575940961593364,2,axon_pre,False,308.0,900.0,0.6901840490797546
islet-adltmr,720575940847595117,720575940912412096,2,axon_pre,False,1381.0,2392.0,0.012759170653907496
islet-adltmr,720575940847595117,720575940923295788,2,axon_pre,False,444.0,2208.0,0.35435435435435436
islet-adltmr,720575940847595117,720575940964347302,2,axon_pre,False,673.0,2986.0,0.4292237442922374
islet-adltmr,720575940847595117,720575940908244976,2,axon_pre,False,61.0,524.0,0.8688524590163934
islet-adltmr,720575940847595117,720575940881603779,2,axon_pre,False,178.0,2989.0,0.5247252747252747
islet-adltmr,720575940847595117,720575940882919262,2,axon_pre,False,33.0,1761.0,0.3898305084745763
islet-adltmr,720575940847595117,720575940881902942,2,axon_pre,False,480.0,1674.0,0.4066666666666667
islet-adltmr,720575940847595117,720575940869346410,2,axon_pre,False,480.0,2037.0,0.5444444444444444
islet-adltmr,720575940847595117,720575940895289006,2,axon_pre,False,544.0,875.0,0.8953488372093024
islet-adltmr,720575940847595117,720575940890260230,2,axon_pre,False,251.0,1952.0,0.432
islet-adltmr,720575940847595117,720575940949971220,2,axon_pre,False,95.0,1960.0,0.3157894736842105
islet-adltmr,720575940847595117,720575940893178538,2,axon_pre,False,885.0,2903.0,0.08536585365853659
islet-adltmr,720575940847595117,720575940903220108,2,axon_pre,False,1221.0,3895.0,0.6560509554140127
islet-adltmr,720575940847595117,720575940912566000,2,axon_pre,False,297.0,1916.0,0.7846364883401921
islet-adltmr,720575940847595117,720575940909751000,2,axon_pre,False,51.0,872.0,0.6355140186915887
islet-adltmr,720575940847595117,720575940931949700,2,axon_pre,False,54.0,1725.0,0.47540983606557374
islet-adltmr,720575940847595117,720575940887281095,2,axon_pre,False,204.0,1397.0,0.09468822170900693
islet-adltmr,720575940847595117,720575940895968414,2,axon_pre,False,72.0,798.0,0.8
islet-adltmr,720575940847595117,720575940900848320,2,axon_pre,False,44.0,1461.0,0.34686346863468637
islet-adltmr,720575940847595117,720575940894044483,2,axon_pre,False,317.0,1549.0,0.22674418604651161
islet-adltmr,720575940847595117,720575940920014197,2,axon_pre,False,214.0,750.0,0.9382716049382716
islet-adltmr,720575940847595117,720575940902167536,2,axon_pre,False,83.0,857.0,0.7945205479452054
IN-abltmr,720575940865215953,720575940912532208,7,axon_pre,False,327.0,2040.0,0.9247572815533981
IN-abltmr,720575940865215953,720575940882485598,6,axon_pre,False,194.0,1912.0,0.9166666666666666
IN-abltmr,720575940865215953,720575940898531513,6,axon_pre,False,654.0,2302.0,0.873900293255132
IN-abltmr,720575940865215953,720575940883077214,5,axon_pre,False,112.0,979.0,0.8
IN-abltmr,720575940865215953,720575940909440448,5,axon_pre,False,133.0,1836.0,0.8819444444444444
IN-abltmr,720575940865215953,720575940920895401,4,axon_pre,False,938.0,2553.0,0.776255707762557
IN-abltmr,720575940865215953,720575940897079225,4,axon_pre,False,1218.0,1955.0,0.8978805394990366
IN-abltmr,720575940865215953,720575940956635924,4,axon_pre,False,123.0,2298.0,0.4922077922077922
IN-abltmr,720575940865215953,720575940907150833,4,axon_pre,False,176.0,2114.0,0.8791208791208791
IN-abltmr,720575940865215953,720575940908973040,4,axon_pre,False,569.0,2494.0,0.8452722063037249
IN-abltmr,720575940865215953,720575940897960121,4,axon_pre,False,600.0,2503.0,0.9165120593692022
IN-abltmr,720575940865215953,720575940915993184,4,axon_pre,False,90.0,1649.0,0.5454545454545454
IN-abltmr,720575940865215953,720575940900287934,4,axon_pre,False,465.0,2233.0,0.6496212121212122
IN-abltmr,720575940865215953,720575940924489282,4,axon_pre,False,277.0,3058.0,0.42077922077922075
IN-abltmr,720575940865215953,720575940904364784,4,axon_pre,False,103.0,1543.0,0.5993788819875776
IN-abltmr,720575940865215953,720575940909724864,4,axon_pre,False,174.0,3320.0,0.956369982547993
IN-abltmr,720575940865215953,720575940889041334,3,axon_pre,False,201.0,1484.0,0.8055555555555556
IN-abltmr,720575940865215953,720575940932565124,3,axon_pre,False,172.0,1445.0,0.8888888888888888
IN-abltmr,720575940865215953,720575940900199665,3,axon_pre,False,124.0,1097.0,0.2987012987012987
IN-abltmr,720575940865215953,720575940946164246,3,axon_pre,False,125.0,1780.0,0.7175572519083969
IN-abltmr,720575940865215953,720575940891858887,3,axon_pre,False,60.0,1706.0,0.8706624605678234
IN-abltmr,720575940865215953,720575940904235454,3,axon_pre,False,96.0,1538.0,0.6056338028169014
IN-abltmr,720575940865215953,720575940894139203,3,axon_pre,False,177.0,1429.0,0.12307692307692308
IN-abltmr,720575940865215953,720575940897427645,3,axon_pre,False,1000.0,2302.0,0.9223300970873787
IN-abltmr,720575940865215953,720575940859634327,3,axon_pre,False,84.0,1974.0,0.8177570093457944
IN-abltmr,720575940865215953,720575940882517285,3,axon_pre,False,483.0,2643.0,0.9311475409836065
IN-abltmr,720575940865215953,720575940898829241,3,axon_pre,False,85.0,1504.0,0.7535211267605634
IN-abltmr,720575940865215953,720575940903160765,3,axon_pre,False,85.0,2103.0,0.4656084656084656
IN-abltmr,720575940865215953,720575940874001731,3,axon_pre,False,262.0,2314.0,0.9262672811059908
IN-abltmr,720575940865215953,720575940908246768,3,axon_pre,False,72.0,1799.0,0.3333333333333333
IN-abltmr,720575940865215953,720575940950584852,2,axon_pre,False,270.0,3452.0,0.22166666666666668
IN-abltmr,720575940865215953,720575940892583284,2,axon_pre,False,549.0,2376.0,0.71875
IN-abltmr,720575940865215953,720575940958669076,2,axon_pre,False,1113.0,2805.0,0.950509461426492
IN-abltmr,720575940865215953,720575940873436638,2,axon_pre,False,279.0,1230.0,0.24734982332155478
IN-abltmr,720575940865215953,720575940903220108,2,axon_pre,False,1221.0,3895.0,0.19585987261146498
IN-abltmr,720575940865215953,720575940886001350,2,axon_pre,False,289.0,3637.0,0.09245283018867924
IN-abltmr,720575940865215953,720575940890772935,2,axon_pre,False,48.0,1187.0,0.6607142857142857
IN-abltmr,720575940865215953,720575940888529100,2,axon_pre,False,226.0,2327.0,0.10144927536231885
IN-abltmr,720575940865215953,720575940899218880,2,axon_pre,False,209.0,1688.0,0.863013698630137
IN-abltmr,720575940865215953,720575940939897366,2,axon_pre,False,175.0,1991.0,0.5688622754491018
IN-abltmr,720575940865215953,720575940897603261,2,axon_pre,False,71.0,1510.0,0.47883597883597884
IN-abltmr,720575940865215953,720575940910968225,2,axon_pre,False,447.0,2449.0,0.4788732394366197
IN-abltmr,720575940865215953,720575940895979422,2,axon_pre,False,84.0,1980.0,0.87890625
IN-abltmr,720575940865215953,720575940893613299,2,axon_pre,False,105.0,1998.0,0.7903225806451613
IN-abltmr,720575940865215953,720575940897955001,2,axon_pre,False,97.0,1650.0,0.8141592920353983
IN-abltmr,720575940865215953,720575940905524208,2,axon_pre,False,71.0,1692.0,1.0
IN-abltmr,720575940865215953,720575940894172659,2,axon_pre,False,157.0,1871.0,0.8940677966101694
IN-abltmr,720575940865215953,720575940915994976,2,axon_pre,False,84.0,1580.0,0.8681318681318682
IN-abltmr,720575940865215953,720575940908114880,2,axon_pre,False,530.0,1685.0,0.9548872180451128
IN-abltmr,720575940865215953,720575940900172258,2,axon_pre,False,124.0,1896.0,0.7285714285714285
IN-abltmr,720575940865215953,720575940911493566,2,axon_pre,False,81.0,2077.0,0.7628205128205128
IN-abltmr,720575940865215953,720575940898789822,2,axon_pre,False,160.0,5166.0,
IN-abltmr,720575940865215953,720575940888952182,2,axon_pre,False,298.0,1721.0,0.8686131386861314
IN-abltmr,720575940865215953,720575940889180598,2,axon_pre,False,105.0,1412.0,0.7717391304347826
IN-abltmr,720575940865215953,720575940898829299,2,axon_pre,False,135.0,1782.0,0.7307692307692307
IN-abltmr,720575940865215953,720575940897953465,2,axon_pre,False,134.0,1632.0,0.7246376811594203
IN-abltmr,720575940865215953,720575940900249790,2,axon_pre,False,190.0,1531.0,0.4587628865979381
IN-abltmr,720575940865215953,720575940895088071,2,axon_pre,False,407.0,1771.0,0.8214285714285714
IN-abltmr,720575940865215953,720575940880835985,2,axon_pre,False,541.0,4882.0,0.28488372093023256
IN-abltmr,720575940865215953,720575940871448121,2,axon_pre,False,209.0,1443.0,0.6535433070866141
IN-abltmr,720575940865215953,720575940878008798,2,axon_pre,False,328.0,1701.0,0.5609756097560976
IN-abltmr,720575940865215953,720575940894254777,2,axon_pre,False,490.0,1624.0,0.9382022471910112
IN-abltmr,720575940865215953,720575940888117872,2,axon_pre,False,218.0,2285.0,0.17774936061381075
IN-abltmr,720575940865215953,720575940919953277,2,axon_pre,False,758.0,29604.0,
IN-abltmr,720575940865215953,720575940953744404,2,axon_pre,False,66.0,1485.0,0.8795180722891566
IN-abltmr,720575940865215953,720575940904386032,2,axon_pre,False,367.0,1664.0,0.8888888888888888
IN-abltmr,720575940865215953,720575940933342596,2,axon_pre,False,112.0,1448.0,0.3076923076923077
IN-abltmr,720575940865215953,720575940899270899,2,axon_pre,False,213.0,1729.0,0.888235294117647
IN-abltmr,720575940865215953,720575940920895145,2,axon_pre,False,234.0,2675.0,0.25830258302583026
IN-abltmr,720575940865215953,720575940892463601,2,axon_pre,False,174.0,1596.0,0.7391304347826086
IN-abltmr,720575940865215953,720575940911510974,2,axon_pre,False,114.0,2039.0,0.2914798206278027
IN-abltmr,720575940865215953,720575940904848883,2,axon_pre,False,101.0,986.0,
IN-abltmr,720575940865215953,720575940920072053,2,axon_pre,False,198.0,3153.0,0.7665995975855131
IN-abltmr,720575940865215953,720575940889443254,2,axon_pre,False,270.0,1405.0,0.6049382716049383
IN-abltmr,720575940865215953,720575940876357855,2,axon_pre,False,196.0,2848.0,0.1358695652173913
IN-abltmr,720575940865215953,720575940897440957,2,axon_pre,False,103.0,2088.0,0.8869565217391304
IN-abltmr,720575940865215953,720575940895900830,2,axon_pre,False,133.0,1756.0,0.640506329113924
IN-abltmr,720575940865215953,720575940896648890,2,axon_pre,False,426.0,2215.0,0.8509316770186336
IN-abltmr,720575940865215953,720575940886893494,2,axon_pre,False,92.0,1749.0,0.6808510638297872
IN-abltmr,720575940865215953,720575940882957918,2,axon_pre,False,316.0,2128.0,0.9148936170212766
IN-abltmr,720575940865215953,720575940892542449,2,axon_pre,False,149.0,4042.0,0.8125
IN-abltmr,720575940865215953,720575940907562818,2,axon_pre,False,51.0,971.0,0.7592592592592593
IN-abltmr,720575940865215953,720575940926650390,2,axon_pre,False,143.0,2887.0,0.18469945355191256
IN-abltmr,720575940865215953,720575940920840872,2,axon_pre,False,167.0,2157.0,0.2811594202898551
IN-abltmr,720575940865215953,720575940927319884,2,axon_pre,False,1326.0,2573.0,0.3752711496746204
islet-chtmr,720575940868783341,720575940884787258,5,axon_pre,False,278.0,1944.0,0.5139442231075697
islet-chtmr,720575940868783341,720575940896863175,5,axon_pre,False,78.0,1229.0,0.6915422885572139
islet-chtmr,720575940868783341,720575940892112738,4,axon_pre,False,230.0,1155.0,0.838006230529595
islet-chtmr,720575940868783341,720575940874699263,4,axon_pre,False,42.0,895.0,0.8586206896551725
islet-chtmr,720575940868783341,720575940892323527,4,axon_pre,False,65.0,1099.0,0.8861111111111111
islet-chtmr,720575940868783341,720575940919612933,4,axon_pre,False,223.0,927.0,0.9169675090252708
islet-chtmr,720575940868783341,720575940882525989,3,axon_pre,False,195.0,1247.0,0.8613138686131386
islet-chtmr,720575940868783341,720575940920848808,3,axon_pre,False,152.0,1011.0,0.9088235294117647
islet-chtmr,720575940868783341,720575940913556081,3,axon_pre,False,304.0,2518.0,0.08444444444444445
islet-chtmr,720575940868783341,720575940882152932,3,axon_pre,False,219.0,1617.0,0.35755813953488375
islet-chtmr,720575940868783341,720575940957204756,3,axon_pre,False,71.0,879.0,0.8267716535433071
islet-chtmr,720575940868783341,720575940897031111,3,axon_pre,False,76.0,1109.0,0.6144200626959248
islet-chtmr,720575940868783341,720575940899376313,3,axon_pre,False,155.0,895.0,0.8731343283582089
islet-chtmr,720575940868783341,720575940875785533,3,axon_pre,False,182.0,985.0,0.8027681660899654
islet-chtmr,720575940868783341,720575940922709290,3,axon_pre,False,329.0,1160.0,0.796969696969697
islet-chtmr,720575940868783341,720575940919016215,2,axon_pre,False,63.0,1060.0,0.6511627906976745
islet-chtmr,720575940868783341,720575940877088520,2,axon_pre,False,120.0,897.0,0.9246575342465754
islet-chtmr,720575940868783341,720575940916408130,2,axon_pre,False,66.0,892.0,0.9310344827586207
islet-chtmr,720575940868783341,720575940904249043,2,axon_pre,False,190.0,971.0,0.7186311787072244
islet-chtmr,720575940868783341,720575940936905540,2,axon_pre,False,262.0,1660.0,0.48842592592592593
islet-chtmr,720575940868783341,720575940911430249,2,axon_pre,False,95.0,1635.0,0.3865168539325843
islet-chtmr,720575940868783341,720575940888976061,2,axon_pre,False,241.0,3311.0,0.5812274368231047
islet-chtmr,720575940868783341,720575940899257026,2,axon_pre,False,159.0,1144.0,0.8987654320987655
islet-chtmr,720575940868783341,720575940886975223,2,axon_pre,False,154.0,897.0,0.8294314381270903
islet-chtmr,720575940868783341,720575940941106028,2,axon_pre,False,504.0,2033.0,0.16997792494481237
islet-chtmr,720575940868783341,720575940862140007,2,axon_pre,False,196.0,1201.0,0.49206349206349204
islet-chtmr,720575940868783341,720575940903962287,2,axon_pre,False,246.0,1618.0,0.6
islet-chtmr,720575940868783341,720575940901879790,2,axon_pre,False,58.0,1301.0,0.8571428571428571
islet-chtmr,720575940868783341,720575940897305090,2,axon_pre,False,67.0,855.0,0.8394648829431438
islet-chtmr,720575940868783341,720575940902331832,2,axon_pre,False,183.0,1228.0,0.6363636363636364
islet-chtmr,720575940868783341,720575940899465920,2,axon_pre,False,58.0,1336.0,0.11029411764705882
islet-chtmr,720575940868783341,720575940892307143,2,axon_pre,False,77.0,1008.0,0.8251748251748252
islet-chtmr,720575940868783341,720575940889192823,2,axon_pre,False,176.0,1482.0,0.5046296296296297
islet-chtmr,720575940868783341,720575940892157383,2,axon_pre,False,68.0,914.0,0.7403100775193798
islet-chtmr,720575940868783341,720575940882122272,2,axon_pre,False,238.0,1741.0,0.33109619686800895
islet-chtmr,720575940868783341,720575940955163480,2,axon_pre,False,175.0,1903.0,0.1771058315334773
islet-chtmr,720575940868783341,720575940899584944,2,axon_pre,False,62.0,1156.0,0.6504559270516718
islet-chtmr,720575940868783341,720575940872011519,2,axon_pre,False,57.0,878.0,0.8259109311740891
islet-chtmr,720575940868783341,720575940896301043,2,axon_pre,False,72.0,649.0,0.695364238410596
islet-chtmr,720575940868783341,720575940950623764,2,axon_pre,False,1257.0,3094.0,0.8412017167381974
islet-chtmr,720575940868783341,720575940902703089,2,axon_pre,False,56.0,944.0,0.7662337662337663
islet-chtmr,720575940868783341,720575940924148613,2,axon_pre,False,245.0,1307.0,0.6755162241887905
islet-chtmr,720575940868783341,720575940906587839,2,axon_pre,False,75.0,915.0,0.6845637583892618
islet-chtmr,720575940868783341,720575940906389554,2,axon_pre,False,186.0,1106.0,0.5694050991501416
islet-chtmr,720575940868783341,720575940896924359,2,axon_pre,False,69.0,1128.0,0.8935574229691877
islet-chtmr,720575940868783341,720575940883533733,2,axon_pre,False,160.0,1146.0,0.7946428571428571
islet-chtmr,720575940868783341,720575940890139654,2,axon_pre,False,329.0,1578.0,0.26409495548961426
islet-chtmr,720575940868783341,720575940872777842,2,axon_pre,False,1389.0,2330.0,0.9158143194335169
islet-chtmr,720575940868783341,720575940877000795,2,axon_pre,False,172.0,1003.0,0.9696048632218845
islet-chtmr,720575940868783341,720575940893236555,2,axon_pre,False,224.0,1615.0,0.3804878048780488
islet-chtmr,720575940868783341,720575940888206927,2,axon_pre,False,176.0,996.0,0.8012820512820513
islet-chtmr,720575940868783341,720575940937848237,2,axon_pre,False,415.0,961.0,0.40239043824701193
islet-chtmr,720575940868783341,720575940922906438,2,axon_pre,False,73.0,1144.0,0.5501730103806228
islet-cltmr,720575940870691926,720575940862216039,3,axon_pre,False,356.0,2752.0,0.1318435754189944
islet-cltmr,720575940870691926,720575940869443690,3,axon_pre,False,753.0,2431.0,0.19838056680161945
islet-cltmr,720575940870691926,720575940908057073,3,axon_pre,False,267.0,2799.0,0.04578313253012048
islet-cltmr,720575940870691926,720575940887131610,2,axon_pre,False,161.0,2135.0,0.7896613190730838
islet-cltmr,720575940870691926,720575940870562883,2,axon_pre,False,45.0,1243.0,0.5017921146953405
islet-cltmr,720575940870691926,720575940883481950,2,axon_pre,False,208.0,2596.0,0.17541766109785203
islet-cltmr,720575940870691926,720575940887328410,2,axon_pre,False,144.0,893.0,0.9142857142857143
islet-cltmr,720575940870691926,720575940904492275,2,axon_pre,False,94.0,2204.0,0.7819672131147541
islet-cltmr,720575940870691926,720575940891183798,2,axon_pre,False,428.0,2050.0,0.8042553191489362
islet-cltmr,720575940870691926,720575940912490942,2,axon_pre,False,173.0,3357.0,0.09166666666666666
islet-cltmr,720575940870691926,720575940913556081,2,axon_pre,False,304.0,2518.0,0.37777777777777777
islet-cltmr,720575940870691926,720575940881935355,2,axon_pre,False,481.0,1829.0,0.3225806451612903
islet-cltmr,720575940870691926,720575940915578261,2,axon_pre,False,106.0,1644.0,0.8861047835990888
islet-cltmr,720575940870691926,720575940896687815,2,axon_pre,False,322.0,3127.0,0.0410958904109589
islet-adltmr,720575940870692182,720575940886027462,17,axon_pre,False,1794.0,2930.0,0.0013386880856760374
islet-adltmr,720575940870692182,720575940955177304,16,axon_pre,False,325.0,1732.0,0.17770034843205576
islet-adltmr,720575940870692182,720575940927109144,15,axon_pre,False,1162.0,3222.0,0.0
islet-adltmr,720575940870692182,720575940869591310,13,axon_pre,False,404.0,1718.0,0.12755102040816327
islet-adltmr,720575940870692182,720575940889349814,11,axon_pre,False,199.0,1970.0,0.08386075949367089
islet-adltmr,720575940870692182,720575940887741768,10,axon_pre,False,698.0,2264.0,0.16517857142857142
islet-adltmr,720575940870692182,720575940893699569,9,axon_pre,False,239.0,1412.0,0.07543520309477757
islet-adltmr,720575940870692182,720575940882124516,9,axon_pre,False,1141.0,1688.0,0.0026702269692923898
islet-adltmr,720575940870692182,720575940892225442,9,axon_pre,False,202.0,1359.0,0.18777292576419213
islet-adltmr,720575940870692182,720575940903370509,8,axon_pre,False,931.0,2410.0,0.0
islet-adltmr,720575940870692182,720575940886250166,8,axon_pre,False,977.0,1311.0,0.0
islet-adltmr,720575940870692182,720575940875009505,8,axon_pre,False,1571.0,2191.0,0.003656307129798903
islet-adltmr,720575940870692182,720575940893864945,7,axon_pre,False,240.0,3409.0,0.0007674597083653108
islet-adltmr,720575940870692182,720575940915389853,7,axon_pre,False,1493.0,2107.0,0.0031185031185031187
islet-adltmr,720575940870692182,720575940887984054,7,axon_pre,False,1205.0,1735.0,0.003537735849056604
islet-adltmr,720575940870692182,720575940937585028,7,axon_pre,False,328.0,1418.0,0.18484288354898337
islet-adltmr,720575940870692182,720575940877000027,7,axon_pre,False,123.0,736.0,0.8260869565217391
islet-adltmr,720575940870692182,720575940862176871,6,axon_pre,False,229.0,1174.0,0.01838235294117647
islet-adltmr,720575940870692182,720575940893395733,6,axon_pre,False,656.0,2134.0,0.0
islet-adltmr,720575940870692182,720575940929601786,6,axon_pre,False,1507.0,2271.0,0.0
islet-adltmr,720575940870692182,720575940888425917,6,axon_pre,False,217.0,2845.0,0.0
islet-adltmr,720575940870692182,720575940899441453,6,axon_pre,False,1095.0,2087.0,0.0018066847335140017
islet-adltmr,720575940870692182,720575940887337882,6,axon_pre,False,1451.0,2502.0,0.7239648682559598
islet-adltmr,720575940870692182,720575940888520652,6,axon_pre,False,444.0,2208.0,0.005747126436781609
islet-adltmr,720575940870692182,720575940924391490,6,axon_pre,False,319.0,1505.0,0.05547445255474453
islet-adltmr,720575940870692182,720575940888486589,6,axon_pre,False,114.0,2091.0,0.09915611814345991
islet-adltmr,720575940870692182,720575940888693775,6,axon_pre,False,205.0,2012.0,0.09026548672566372
islet-adltmr,720575940870692182,720575940936851780,6,axon_pre,False,192.0,1677.0,0.7192982456140351
islet-adltmr,720575940870692182,720575940887277210,6,axon_pre,False,225.0,1275.0,0.1940928270042194
islet-adltmr,720575940870692182,720575940927793968,6,axon_pre,False,247.0,1100.0,0.1404494382022472
islet-adltmr,720575940870692182,720575940897404162,6,axon_pre,False,679.0,2644.0,0.27899686520376177
islet-adltmr,720575940870692182,720575940897101072,6,axon_pre,False,350.0,2335.0,0.1795774647887324
islet-adltmr,720575940870692182,720575940915474837,6,axon_pre,False,200.0,1604.0,0.19957081545064378
islet-adltmr,720575940870692182,720575940948987670,5,axon_pre,False,740.0,1571.0,0.7217391304347827
islet-adltmr,720575940870692182,720575940903413773,5,axon_pre,False,550.0,2018.0,0.3212996389891697
islet-adltmr,720575940870692182,720575940916298845,5,axon_pre,False,435.0,2350.0,0.29253731343283584
islet-adltmr,720575940870692182,720575940881955665,5,axon_pre,False,360.0,2170.0,0.1480865224625624
islet-adltmr,720575940870692182,720575940911380329,5,axon_pre,False,1361.0,1960.0,0.0019723865877712033
islet-adltmr,720575940870692182,720575940911608768,5,axon_pre,False,1176.0,2261.0,0.007587253414264037
islet-adltmr,720575940870692182,720575940881936635,5,axon_pre,False,288.0,1460.0,0.0
islet-adltmr,720575940870692182,720575940891538468,5,axon_pre,False,1865.0,2640.0,0.0031570639305445935
islet-adltmr,720575940870692182,720575940909137218,5,axon_pre,False,203.0,1029.0,0.8608247422680413
islet-adltmr,720575940870692182,720575940886636042,5,axon_pre,False,680.0,2219.0,0.002932551319648094
islet-adltmr,720575940870692182,720575940883166167,5,axon_pre,False,1241.0,2151.0,0.0
islet-adltmr,720575940870692182,720575940929582586,5,axon_pre,False,593.0,2126.0,0.43967828418230565
islet-adltmr,720575940870692182,720575940893744369,5,axon_pre,False,101.0,959.0,0.5826771653543307
islet-adltmr,720575940870692182,720575940899520448,4,axon_pre,False,952.0,2215.0,0.692588092345079
islet-adltmr,720575940870692182,720575940897066425,4,axon_pre,False,501.0,1946.0,0.5724907063197026
islet-adltmr,720575940870692182,720575940902270486,4,axon_pre,False,77.0,1569.0,0.0
islet-adltmr,720575940870692182,720575940889212342,4,axon_pre,False,396.0,995.0,0.7158774373259053
islet-adltmr,720575940870692182,720575940890106804,4,axon_pre,False,1837.0,2673.0,0.014621741894469168
islet-adltmr,720575940870692182,720575940865165521,4,axon_pre,False,1514.0,2311.0,0.0
islet-adltmr,720575940870692182,720575940906160349,4,axon_pre,False,252.0,1841.0,0.25133689839572193
islet-adltmr,720575940870692182,720575940898827463,4,axon_pre,False,394.0,1760.0,0.4034334763948498
islet-adltmr,720575940870692182,720575940893178538,4,axon_pre,False,885.0,2903.0,0.08536585365853659
islet-adltmr,720575940870692182,720575940882626526,4,axon_pre,False,336.0,1507.0,0.6479400749063671
islet-adltmr,720575940870692182,720575940947539732,4,axon_pre,False,52.0,994.0,0.24087591240875914
islet-adltmr,720575940870692182,720575940904383680,4,axon_pre,False,520.0,1857.0,0.7634252539912917
islet-adltmr,720575940870692182,720575940877168904,4,axon_pre,False,2198.0,2628.0,0.0015785319652722968
islet-adltmr,720575940870692182,720575940923656028,4,axon_pre,False,228.0,1736.0,0.1094224924012158
islet-adltmr,720575940870692182,720575940881906939,4,axon_pre,False,306.0,3349.0,0.0
islet-adltmr,720575940870692182,720575940917246530,4,axon_pre,False,103.0,1486.0,0.4381625441696113
islet-adltmr,720575940870692182,720575940934887446,4,axon_pre,False,1476.0,2492.0,0.002027027027027027
islet-adltmr,720575940870692182,720575940911568832,4,axon_pre,False,412.0,1924.0,0.17489986648865152
islet-adltmr,720575940870692182,720575940906933289,4,axon_pre,False,255.0,919.0,0.029023746701846966
islet-adltmr,720575940870692182,720575940877145352,4,axon_pre,False,313.0,1789.0,0.19047619047619047
islet-adltmr,720575940870692182,720575940939555862,4,axon_pre,False,276.0,1740.0,0.16845878136200718
islet-adltmr,720575940870692182,720575940921394707,4,axon_pre,False,258.0,2683.0,0.0
islet-adltmr,720575940870692182,720575940937862061,4,axon_pre,False,680.0,1219.0,0.8020833333333334
islet-adltmr,720575940870692182,720575940899384705,4,axon_pre,False,413.0,1865.0,0.1993911719939117
islet-adltmr,720575940870692182,720575940904953280,3,axon_pre,False,98.0,1249.0,0.07197943444730077
islet-adltmr,720575940870692182,720575940898883571,3,axon_pre,False,57.0,1077.0,0.29518072289156627
islet-adltmr,720575940870692182,720575940875009249,3,axon_pre,False,1574.0,2658.0,0.0
islet-adltmr,720575940870692182,720575940901175921,3,axon_pre,False,82.0,511.0,0.3146067415730337
islet-adltmr,720575940870692182,720575940909809112,3,axon_pre,False,294.0,1704.0,0.12941176470588237
islet-adltmr,720575940870692182,720575940880837214,3,axon_pre,False,41.0,917.0,0.7479674796747967
islet-adltmr,720575940870692182,720575940903924143,3,axon_pre,False,230.0,1285.0,0.0
islet-adltmr,720575940870692182,720575940903932350,3,axon_pre,False,1113.0,2460.0,0.0007733952049497294
islet-adltmr,720575940870692182,720575940946147460,3,axon_pre,False,1563.0,2745.0,0.0
islet-adltmr,720575940870692182,720575940911560105,3,axon_pre,False,52.0,642.0,0.8387096774193549
islet-adltmr,720575940870692182,720575940898820295,3,axon_pre,False,256.0,1664.0,0.002044989775051125
islet-adltmr,720575940870692182,720575940901819326,3,axon_pre,False,232.0,3416.0,0.0
islet-adltmr,720575940870692182,720575940909751000,3,axon_pre,False,51.0,872.0,0.6355140186915887
islet-adltmr,720575940870692182,720575940881844475,3,axon_pre,False,911.0,1998.0,0.7297687861271677
islet-adltmr,720575940870692182,720575940920502806,3,axon_pre,False,191.0,1229.0,0.08083140877598152
islet-adltmr,720575940870692182,720575940871557187,3,axon_pre,False,162.0,2492.0,0.001145475372279496
islet-adltmr,720575940870692182,720575940884697411,3,axon_pre,False,194.0,2641.0,0.0011547344110854503
islet-adltmr,720575940870692182,720575940871384889,3,axon_pre,False,1356.0,1917.0,0.009737098344693282
islet-adltmr,720575940870692182,720575940875610691,3,axon_pre,False,217.0,1441.0,0.07983193277310924
islet-adltmr,720575940870692182,720575940900227298,3,axon_pre,False,149.0,2445.0,0.0
islet-adltmr,720575940870692182,720575940903415309,3,axon_pre,False,546.0,1519.0,0.024390243902439025
islet-adltmr,720575940870692182,720575940897030855,3,axon_pre,False,54.0,1081.0,0.0
islet-adltmr,720575940870692182,720575940892352243,3,axon_pre,False,504.0,2433.0,0.5814696485623003
islet-adltmr,720575940870692182,720575940883161303,3,axon_pre,False,834.0,1189.0,0.0
islet-adltmr,720575940870692182,720575940923656284,3,axon_pre,False,326.0,1877.0,0.23647604327666152
islet-adltmr,720575940870692182,720575940898477757,3,axon_pre,False,253.0,2642.0,0.005108556832694764
islet-adltmr,720575940870692182,720575940882911070,3,axon_pre,False,18.0,1468.0,0.35333333333333333
islet-adltmr,720575940870692182,720575940898726546,3,axon_pre,False,1355.0,1904.0,0.1490857946554149
islet-adltmr,720575940870692182,720575940912566000,3,axon_pre,False,297.0,1916.0,0.7846364883401921
islet-adltmr,720575940870692182,720575940911231472,3,axon_pre,False,272.0,1744.0,0.12481426448736999
islet-adltmr,720575940870692182,720575940906936342,3,axon_pre,False,480.0,960.0,0.003992015968063872
islet-adltmr,720575940870692182,720575940906469872,3,axon_pre,False,895.0,3527.0,0.6746871992300288
islet-adltmr,720575940870692182,720575940897043897,3,axon_pre,False,765.0,1786.0,0.6014109347442681
islet-adltmr,720575940870692182,720575940899926416,2,axon_pre,False,43.0,874.0,0.0
islet-adltmr,720575940870692182,720575940922990024,2,axon_pre,False,59.0,1921.0,0.8
islet-adltmr,720575940870692182,720575940913960107,2,axon_pre,False,75.0,1932.0,0.768595041322314
islet-adltmr,720575940870692182,720575940898982899,2,axon_pre,False,39.0,1209.0,0.40454545454545454
islet-adltmr,720575940870692182,720575940916183299,2,axon_pre,False,333.0,1485.0,0.06572769953051644
islet-adltmr,720575940870692182,720575940897031111,2,axon_pre,False,76.0,1109.0,0.03134796238244514
islet-adltmr,720575940870692182,720575940908275184,2,axon_pre,False,786.0,1861.0,0.7639123102866779
islet-adltmr,720575940870692182,720575940871620419,2,axon_pre,False,194.0,3694.0,0.0013812154696132596
islet-adltmr,720575940870692182,720575940896663226,2,axon_pre,False,606.0,1661.0,0.7199248120300752
islet-adltmr,720575940870692182,720575940909118428,2,axon_pre,False,658.0,1822.0,0.6561844863731656
islet-adltmr,720575940870692182,720575940895115453,2,axon_pre,False,79.0,1587.0,0.3532934131736527
islet-adltmr,720575940870692182,720575940889221063,2,axon_pre,False,115.0,1653.0,0.4050179211469534
islet-adltmr,720575940870692182,720575940942354820,2,axon_pre,False,20.0,1316.0,0.5738831615120275
islet-adltmr,720575940870692182,720575940913429231,2,axon_pre,False,336.0,1972.0,0.18696883852691218
islet-adltmr,720575940870692182,720575940896891210,2,axon_pre,False,2033.0,3387.0,0.011801242236024845
islet-adltmr,720575940870692182,720575940910186825,2,axon_pre,False,464.0,2145.0,0.7466918714555766
islet-adltmr,720575940870692182,720575940912627846,2,axon_pre,False,1491.0,2820.0,0.0
islet-adltmr,720575940870692182,720575940909793216,2,axon_pre,False,254.0,1693.0,0.03
islet-adltmr,720575940870692182,720575940908397828,2,axon_pre,False,103.0,1313.0,0.8823529411764706
islet-adltmr,720575940870692182,720575940914041022,2,axon_pre,False,662.0,2631.0,0.2693409742120344
islet-adltmr,720575940870692182,720575940958597396,2,axon_pre,False,1346.0,1895.0,0.022035676810073453
islet-adltmr,720575940870692182,720575940878266491,2,axon_pre,False,211.0,1930.0,0.04177545691906005
islet-adltmr,720575940870692182,720575940882086944,2,axon_pre,False,1160.0,2037.0,0.0
islet-adltmr,720575940870692182,720575940908057073,2,axon_pre,False,267.0,2799.0,0.0
islet-adltmr,720575940870692182,720575940913871170,2,axon_pre,False,85.0,1601.0,0.44363636363636366
islet-adltmr,720575940870692182,720575940895565040,2,axon_pre,False,395.0,1675.0,0.06382978723404255
islet-adltmr,720575940870692182,720575940877129819,2,axon_pre,False,383.0,2753.0,0.0019138755980861245
islet-adltmr,720575940870692182,720575940882556382,2,axon_pre,False,88.0,884.0,0.7682119205298014
islet-adltmr,720575940870692182,720575940935821334,2,axon_pre,False,68.0,1620.0,0.5102040816326531
islet-adltmr,720575940870692182,720575940915484565,2,axon_pre,False,546.0,1788.0,0.0
islet-adltmr,720575940870692182,720575940959864340,2,axon_pre,False,351.0,1084.0,0.5192307692307693
islet-adltmr,720575940870692182,720575940910034880,2,axon_pre,False,384.0,6499.0,
islet-adltmr,720575940870692182,720575940898821575,2,axon_pre,False,341.0,3097.0,0.0
islet-adltmr,720575940870692182,720575940891986419,2,axon_pre,False,46.0,1413.0,0.44932432432432434
islet-adltmr,720575940870692182,720575940892190818,2,axon_pre,False,494.0,1436.0,0.7468805704099821
islet-adltmr,720575940870692182,720575940873509950,2,axon_pre,False,1618.0,2921.0,0.0
islet-adltmr,720575940870692182,720575940880835090,2,axon_pre,False,258.0,1863.0,0.26285714285714284
islet-adltmr,720575940870692182,720575940921468691,2,axon_pre,False,121.0,1672.0,0.1111111111111111
islet-adltmr,720575940870692182,720575940909320219,2,axon_pre,False,250.0,3003.0,0.12351543942992874
islet-adltmr,720575940870692182,720575940881902942,2,axon_pre,False,480.0,1674.0,0.4066666666666667
islet-adltmr,720575940870692182,720575940879241452,2,axon_pre,False,325.0,1089.0,0.699228791773779
islet-adltmr,720575940870692182,720575940875184727,2,axon_pre,False,197.0,2883.0,0.42377260981912146
islet-adltmr,720575940870692182,720575940911358960,2,axon_pre,False,131.0,2138.0,0.0022172949002217295
islet-adltmr,720575940870692182,720575940897720563,2,axon_pre,False,435.0,1799.0,0.01875
islet-adltmr,720575940870692182,720575940887231454,2,axon_pre,False,242.0,1112.0,0.04285714285714286
islet-adltmr,720575940870692182,720575940959744020,2,axon_pre,False,94.0,1438.0,0.064
islet-adltmr,720575940870692182,720575940922914845,2,axon_pre,False,116.0,1432.0,0.004166666666666667
islet-adltmr,720575940870692182,720575940885851550,2,axon_pre,False,239.0,2452.0,0.0
islet-adltmr,720575940870692182,720575940914259775,2,axon_pre,False,7.0,404.0,0.14285714285714285
islet-adltmr,720575940870692182,720575940923296044,2,axon_pre,False,661.0,5024.0,
islet-adltmr,720575940870692182,720575940888451261,2,axon_pre,False,1162.0,1516.0,0.0
islet-adltmr,720575940870692182,720575940934887958,2,axon_pre,False,1573.0,2117.0,0.0027100271002710027
islet-adltmr,720575940870692182,720575940912753342,2,axon_pre,False,55.0,750.0,0.7368421052631579
islet-adltmr,720575940870692182,720575940878097987,2,axon_pre,False,739.0,1021.0,0.0019047619047619048
islet-adltmr,720575940870692182,720575940909312834,2,axon_pre,False,201.0,1352.0,0.5298804780876494
islet-adltmr,720575940870692182,720575940889933755,2,axon_pre,False,283.0,4567.0,0.08173076923076923
islet-adltmr,720575940870692182,720575940903640130,2,axon_pre,False,180.0,1455.0,0.3865979381443299
islet-adltmr,720575940870692182,720575940944935702,2,axon_pre,False,130.0,1474.0,0.26688102893890675
islet-adltmr,720575940870692182,720575940894582025,2,axon_pre,False,172.0,792.0,0.74
islet-adltmr,720575940870692182,720575940880398983,2,axon_pre,False,1303.0,2421.0,0.0
islet-adltmr,720575940870692182,720575940915738304,2,axon_pre,False,256.0,1864.0,0.360377358490566
islet-adltmr,720575940870692182,720575940901326639,2,axon_pre,False,1089.0,1778.0,0.0
islet-adltmr,720575940870692182,720575940931965206,2,axon_pre,False,379.0,967.0,0.003125
islet-adltmr,720575940870692182,720575940902207984,2,axon_pre,False,1696.0,2291.0,0.004410143329658214
islet-adltmr,720575940870692182,720575940914835184,2,axon_pre,False,21.0,570.0,0.03125
islet-adltmr,720575940870692182,720575940906054459,2,axon_pre,False,243.0,2158.0,0.0
islet-adltmr,720575940870692182,720575940920014197,2,axon_pre,False,214.0,750.0,0.9382716049382716
islet-adltmr,720575940870692182,720575940939681605,2,axon_pre,False,604.0,2430.0,0.3865546218487395
islet-adltmr,720575940870692182,720575940880946065,2,axon_pre,False,352.0,1028.0,0.7425149700598802
islet-adltmr,720575940870692182,720575940888138063,2,axon_pre,False,253.0,2886.0,0.05
islet-adltmr,720575940870692182,720575940915390365,2,axon_pre,False,569.0,1405.0,0.7989556135770235
islet-adltmr,720575940870692182,720575940890171654,2,axon_pre,False,297.0,993.0,0.7959183673469388
islet-adltmr,720575940870692182,720575940898368944,2,axon_pre,False,60.0,1321.0,0.0
islet-adltmr,720575940870692182,720575940881728862,2,axon_pre,False,165.0,1259.0,0.21304347826086956
islet-adltmr,720575940870692182,720575940929540329,2,axon_pre,False,1337.0,2817.0,0.0
islet-adltmr,720575940870692182,720575940941785366,2,axon_pre,False,78.0,787.0,0.524390243902439
islet-adltmr,720575940870692182,720575940889817526,2,axon_pre,False,72.0,952.0,0.76
islet-adltmr,720575940870692182,720575940933564587,2,axon_pre,False,307.0,520.0,0.0
islet-adltmr,720575940870692182,720575940928181270,2,axon_pre,False,85.0,1008.0,0.49261083743842365
islet-adltmr,720575940870692182,720575940907015209,2,axon_pre,False,339.0,1402.0,0.11299435028248588
islet-adltmr,720575940870692182,720575940870620483,2,axon_pre,False,116.0,578.0,0.6936416184971098
islet-adltmr,720575940870692182,720575940901395069,2,axon_pre,False,65.0,908.0,0.8785046728971962
islet-adltmr,720575940870692182,720575940893297483,2,axon_pre,False,128.0,1723.0,0.28076923076923077
islet-adltmr,720575940870692182,720575940889211830,2,axon_pre,False,193.0,1369.0,0.6788830715532286
islet-adltmr,720575940870692182,720575940879005507,2,axon_pre,False,223.0,1102.0,0.0
islet-adltmr,720575940870692182,720575940910384194,2,axon_pre,False,159.0,1187.0,0.1580547112462006
ad-htmr,720575940873510206,720575940892017863,29,axon_pre,False,343.0,3464.0,0.05450416351249054
ad-htmr,720575940873510206,720575940888030663,17,axon_pre,False,242.0,2809.0,0.067
ad-htmr,720575940873510206,720575940890204422,13,axon_pre,False,354.0,2815.0,0.040748898678414094
ad-htmr,720575940873510206,720575940872685534,13,axon_pre,False,243.0,2758.0,0.1711111111111111
ad-htmr,720575940873510206,720575940885782942,10,axon_pre,False,115.0,1916.0,0.07044410413476264
ad-htmr,720575940873510206,720575940907688433,10,axon_pre,False,195.0,2620.0,0.6472819216182049
ad-htmr,720575940873510206,720575940883497054,10,axon_pre,False,236.0,3082.0,0.6742138364779874
ad-htmr,720575940873510206,720575940909097664,9,axon_pre,False,228.0,2676.0,0.022564102564102566
ad-htmr,720575940873510206,720575940897240066,8,axon_pre,False,359.0,2789.0,0.03333333333333333
ad-htmr,720575940873510206,720575940878302251,8,axon_pre,False,216.0,1768.0,0.2
ad-htmr,720575940873510206,720575940930875213,7,axon_pre,False,255.0,1792.0,0.26879271070615035
ad-htmr,720575940873510206,720575940907988928,6,axon_pre,False,114.0,1797.0,0.862708719851577
ad-htmr,720575940873510206,720575940885851550,6,axon_pre,False,239.0,2452.0,0.08751608751608751
ad-htmr,720575940873510206,720575940927109144,6,axon_pre,False,1162.0,3222.0,0.02146690518783542
ad-htmr,720575940873510206,720575940920006013,5,axon_pre,False,234.0,1820.0,0.21700223713646533
ad-htmr,720575940873510206,720575940882436301,5,axon_pre,False,314.0,2007.0,0.29957805907172996
ad-htmr,720575940873510206,720575940877129819,4,axon_pre,False,383.0,2753.0,0.05645933014354067
ad-htmr,720575940873510206,720575940889201125,4,axon_pre,False,229.0,1744.0,0.44630071599045346
ad-htmr,720575940873510206,720575940897969290,4,axon_pre,False,122.0,1628.0,0.4170984455958549
ad-htmr,720575940873510206,720575940924191621,4,axon_pre,False,193.0,1774.0,0.4152334152334152
ad-htmr,720575940873510206,720575940957189908,4,axon_pre,False,111.0,1656.0,0.07526881720430108
ad-htmr,720575940873510206,720575940889192567,4,axon_pre,False,308.0,1703.0,0.4254807692307692
ad-htmr,720575940873510206,720575940940334251,3,axon_pre,False,268.0,1902.0,0.05197505197505198
ad-htmr,720575940873510206,720575940908280304,3,axon_pre,False,188.0,2634.0,0.06871794871794872
ad-htmr,720575940873510206,720575940896015603,3,axon_pre,False,89.0,1367.0,0.11301369863013698
ad-htmr,720575940873510206,720575940909320219,3,axon_pre,False,250.0,3003.0,0.27790973871733965
ad-htmr,720575940873510206,720575940898358983,3,axon_pre,False,260.0,753.0,0.4517766497461929
ad-htmr,720575940873510206,720575940897997194,3,axon_pre,False,512.0,8774.0,
ad-htmr,720575940873510206,720575940929533946,3,axon_pre,False,320.0,2000.0,0.4983277591973244
ad-htmr,720575940873510206,720575940887686343,3,axon_pre,False,328.0,907.0,0.37
ad-htmr,720575940873510206,720575940880850833,3,axon_pre,False,239.0,3744.0,0.44813278008298757
ad-htmr,720575940873510206,720575940881777488,2,axon_pre,False,222.0,2312.0,0.5959079283887468
ad-htmr,720575940873510206,720575940908110320,2,axon_pre,False,86.0,1169.0,0.8364485981308412
ad-htmr,720575940873510206,720575940887037158,2,axon_pre,False,111.0,1680.0,0.6575963718820862
ad-htmr,720575940873510206,720575940908057073,2,axon_pre,False,267.0,2799.0,0.08795180722891566
ad-htmr,720575940873510206,720575940872777842,2,axon_pre,False,1389.0,2330.0,0.014948859166011016
ad-htmr,720575940873510206,720575940888976061,2,axon_pre,False,241.0,3311.0,0.09025270758122744
ad-htmr,720575940873510206,720575940954502932,2,axon_pre,False,69.0,1246.0,0.8321167883211679
ad-htmr,720575940873510206,720575940882448077,2,axon_pre,False,109.0,1645.0,0.6063829787234043
ad-htmr,720575940873510206,720575940927130444,2,axon_pre,False,93.0,2006.0,0.5880452342487884
ad-htmr,720575940873510206,720575940914108144,2,axon_pre,False,107.0,830.0,0.17088607594936708
ad-htmr,720575940873510206,720575940894134000,2,axon_pre,False,55.0,1506.0,0.02826086956521739
ad-htmr,720575940873510206,720575940868694509,2,axon_pre,False,573.0,855.0,0.1634980988593156
ad-htmr,720575940873510206,720575940883762716,2,axon_pre,False,253.0,2555.0,0.5681063122923588
ad-htmr,720575940873510206,720575940912862208,2,axon_pre,False,274.0,1925.0,0.5465393794749404
ad-htmr,720575940873510206,720575940895124162,2,axon_pre,False,63.0,1224.0,0.052805280528052806
ad-htmr,720575940873510206,720575940889122544,2,axon_pre,False,156.0,1832.0,0.4726166328600406
ad-htmr,720575940873510206,720575940879997826,2,axon_pre,False,372.0,1404.0,0.4166666666666667
ad-htmr,720575940873510206,720575940892151138,2,axon_pre,False,202.0,1917.0,0.45852534562211983
ad-htmr,720575940873510206,720575940928347132,2,axon_pre,False,794.0,1596.0,0.03571428571428571
ad-htmr,720575940873510206,720575940915757504,2,axon_pre,False,227.0,2811.0,0.7374517374517374
ad-htmr,720575940873510206,720575940892653428,2,axon_pre,False,54.0,2193.0,0.04239401496259352
ad-htmr,720575940873510206,720575940917616479,2,axon_pre,False,175.0,1428.0,0.7155172413793104
ad-htmr,720575940873510206,720575940891956925,2,axon_pre,False,149.0,2583.0,0.17827868852459017
islet-chtmr,720575940877168648,720575940890204422,3,axon_pre,False,354.0,2815.0,0.6530837004405287
islet-chtmr,720575940877168648,720575940896819018,3,axon_pre,False,160.0,991.0,0.9298780487804879
islet-chtmr,720575940877168648,720575940899153235,3,axon_pre,False,339.0,954.0,0.8181818181818182
islet-chtmr,720575940877168648,720575940955159896,3,axon_pre,False,165.0,1664.0,0.5665859564164649
islet-chtmr,720575940877168648,720575940950757652,2,axon_pre,False,70.0,1192.0,0.8495297805642633
islet-chtmr,720575940877168648,720575940865183697,2,axon_pre,False,152.0,901.0,0.9220338983050848
islet-chtmr,720575940877168648,720575940888206927,2,axon_pre,False,176.0,996.0,0.8012820512820513
islet-chtmr,720575940877168648,720575940906389554,2,axon_pre,False,186.0,1106.0,0.5694050991501416
islet-chtmr,720575940877168648,720575940894178664,2,axon_pre,False,449.0,1366.0,0.6899441340782123
islet-chtmr,720575940877168648,720575940893882119,2,axon_pre,False,141.0,997.0,0.8690095846645367
islet-chtmr,720575940877168648,720575940895686440,2,axon_pre,False,246.0,1164.0,0.5131578947368421
islet-chtmr,720575940877168648,720575940911418815,2,axon_pre,False,105.0,1042.0,0.6221374045801527
islet-chtmr,720575940877168648,720575940885010379,2,axon_pre,False,160.0,1532.0,0.45569620253164556
islet-chtmr,720575940877168648,720575940871503673,2,axon_pre,False,163.0,1078.0,0.7162534435261708
islet-chtmr,720575940877168648,720575940892652404,2,axon_pre,False,156.0,1180.0,0.6166134185303515
islet-chtmr,720575940877168648,720575940880975615,2,axon_pre,False,154.0,1887.0,0.25571725571725573
islet-chtmr,720575940877168648,720575940899257026,2,axon_pre,False,159.0,1144.0,0.8987654320987655
islet-chtmr,720575940877168648,720575940936008358,2,axon_pre,False,93.0,1165.0,0.7774725274725275
ad-htmr,720575940877569847,720575940927109144,28,axon_pre,False,1162.0,3222.0,0.02146690518783542
ad-htmr,720575940877569847,720575940907688433,22,axon_pre,False,195.0,2620.0,0.6472819216182049
ad-htmr,720575940877569847,720575940883497054,18,axon_pre,False,236.0,3082.0,0.6742138364779874
ad-htmr,720575940877569847,720575940893395733,13,axon_pre,False,656.0,2134.0,0.016726403823178016
ad-htmr,720575940877569847,720575940862216039,12,axon_pre,False,356.0,2752.0,0.03128491620111732
ad-htmr,720575940877569847,720575940898669202,11,axon_pre,False,180.0,2111.0,0.2192622950819672
ad-htmr,720575940877569847,720575940888030663,11,axon_pre,False,242.0,2809.0,0.067
ad-htmr,720575940877569847,720575940903370509,10,axon_pre,False,931.0,2410.0,0.06343713956170703
ad-htmr,720575940877569847,720575940896687815,10,axon_pre,False,322.0,3127.0,0.08304794520547945
ad-htmr,720575940877569847,720575940881906939,9,axon_pre,False,306.0,3349.0,0.0215311004784689
ad-htmr,720575940877569847,720575940914191600,9,axon_pre,False,114.0,1664.0,0.8329853862212944
ad-htmr,720575940877569847,720575940894634964,8,axon_pre,False,301.0,1906.0,0.061465721040189124
ad-htmr,720575940877569847,720575940939792662,8,axon_pre,False,127.0,2368.0,0.055077452667814115
ad-htmr,720575940877569847,720575940898821575,8,axon_pre,False,341.0,3097.0,0.047747747747747746
ad-htmr,720575940877569847,720575940900889280,8,axon_pre,False,142.0,2638.0,0.781908302354399
ad-htmr,720575940877569847,720575940878302251,8,axon_pre,False,216.0,1768.0,0.2
ad-htmr,720575940877569847,720575940883025885,8,axon_pre,False,213.0,2601.0,0.06989247311827956
ad-htmr,720575940877569847,720575940899845309,7,axon_pre,False,167.0,2804.0,0.041108132260947276
ad-htmr,720575940877569847,720575940930875213,7,axon_pre,False,255.0,1792.0,0.26879271070615035
ad-htmr,720575940877569847,720575940927174424,7,axon_pre,False,346.0,3478.0,0.09775019394879751
ad-htmr,720575940877569847,720575940897151504,7,axon_pre,False,191.0,1461.0,0.07033639143730887
ad-htmr,720575940877569847,720575940922914845,6,axon_pre,False,116.0,1432.0,0.5208333333333334
ad-htmr,720575940877569847,720575940882122272,6,axon_pre,False,238.0,1741.0,0.06040268456375839
ad-htmr,720575940877569847,720575940885782942,6,axon_pre,False,115.0,1916.0,0.07044410413476264
ad-htmr,720575940877569847,720575940904075984,6,axon_pre,False,294.0,2159.0,0.019097222222222224
ad-htmr,720575940877569847,720575940908784985,6,axon_pre,False,187.0,1838.0,0.3611111111111111
ad-htmr,720575940877569847,720575940924191621,6,axon_pre,False,193.0,1774.0,0.4152334152334152
ad-htmr,720575940877569847,720575940902589394,6,axon_pre,False,152.0,2674.0,0.09054054054054055
ad-htmr,720575940877569847,720575940900764096,6,axon_pre,False,174.0,2133.0,0.14556962025316456
ad-htmr,720575940877569847,720575940888731665,6,axon_pre,False,267.0,5199.0,
ad-htmr,720575940877569847,720575940903705075,5,axon_pre,False,168.0,2476.0,0.44478063540090773
ad-htmr,720575940877569847,720575940915183167,5,axon_pre,False,118.0,858.0,0.8046875
ad-htmr,720575940877569847,720575940905085750,5,axon_pre,False,197.0,1510.0,0.3772455089820359
ad-htmr,720575940877569847,720575940894647859,4,axon_pre,False,481.0,2457.0,0.32
ad-htmr,720575940877569847,720575940861413874,4,axon_pre,False,158.0,2318.0,0.024916943521594685
ad-htmr,720575940877569847,720575940869411035,4,axon_pre,False,23.0,1084.0,0.0311284046692607
ad-htmr,720575940877569847,720575940871488313,4,axon_pre,False,226.0,751.0,0.35826771653543305
ad-htmr,720575940877569847,720575940895436190,4,axon_pre,False,71.0,1047.0,0.023166023166023165
ad-htmr,720575940877569847,720575940917330067,4,axon_pre,False,86.0,2056.0,0.6798365122615804
ad-htmr,720575940877569847,720575940881935355,4,axon_pre,False,481.0,1829.0,0.05913978494623656
ad-htmr,720575940877569847,720575940900280697,4,axon_pre,False,221.0,1667.0,0.03488372093023256
ad-htmr,720575940877569847,720575940877129819,4,axon_pre,False,383.0,2753.0,0.05645933014354067
ad-htmr,720575940877569847,720575940927149336,4,axon_pre,False,288.0,1746.0,0.5187165775401069
ad-htmr,720575940877569847,720575940900963269,4,axon_pre,False,383.0,2075.0,0.6678966789667896
ad-htmr,720575940877569847,720575940909097664,4,axon_pre,False,228.0,2676.0,0.022564102564102566
ad-htmr,720575940877569847,720575940920902057,3,axon_pre,False,311.0,2643.0,0.6152980877390326
ad-htmr,720575940877569847,720575940898832327,3,axon_pre,False,125.0,1505.0,0.02
ad-htmr,720575940877569847,720575940939659845,3,axon_pre,False,291.0,2548.0,0.652
ad-htmr,720575940877569847,720575940887686343,3,axon_pre,False,328.0,907.0,0.37
ad-htmr,720575940877569847,720575940899174536,3,axon_pre,False,313.0,4330.0,0.7915273132664437
ad-htmr,720575940877569847,720575940887033574,3,axon_pre,False,1186.0,2098.0,0.007220216606498195
ad-htmr,720575940877569847,720575940920006013,3,axon_pre,False,234.0,1820.0,0.21700223713646533
ad-htmr,720575940877569847,720575940896736698,3,axon_pre,False,328.0,1816.0,0.0872210953346856
ad-htmr,720575940877569847,720575940920415120,3,axon_pre,False,457.0,2572.0,0.7315340909090909
ad-htmr,720575940877569847,720575940882041376,3,axon_pre,False,243.0,1196.0,0.6055045871559633
ad-htmr,720575940877569847,720575940879997826,3,axon_pre,False,372.0,1404.0,0.4166666666666667
ad-htmr,720575940877569847,720575940900227298,3,axon_pre,False,149.0,2445.0,0.030303030303030304
ad-htmr,720575940877569847,720575940899553712,3,axon_pre,False,158.0,1654.0,0.2562814070351759
ad-htmr,720575940877569847,720575940886901703,3,axon_pre,False,303.0,1622.0,0.1745635910224439
ad-htmr,720575940877569847,720575940875009249,3,axon_pre,False,1574.0,2658.0,0.010496850944716585
ad-htmr,720575940877569847,720575940920001149,3,axon_pre,False,156.0,1852.0,0.03744798890429958
ad-htmr,720575940877569847,720575940896624826,3,axon_pre,False,74.0,3448.0,0.39545454545454545
ad-htmr,720575940877569847,720575940899824527,3,axon_pre,False,183.0,1383.0,0.03943661971830986
ad-htmr,720575940877569847,720575940899328697,2,axon_pre,False,302.0,3219.0,0.6158730158730159
ad-htmr,720575940877569847,720575940882072442,2,axon_pre,False,214.0,1372.0,0.005865102639296188
ad-htmr,720575940877569847,720575940886001350,2,axon_pre,False,289.0,3637.0,0.6981132075471698
ad-htmr,720575940877569847,720575940929601786,2,axon_pre,False,1507.0,2271.0,0.0048115477145148355
ad-htmr,720575940877569847,720575940880869521,2,axon_pre,False,211.0,1578.0,0.652
ad-htmr,720575940877569847,720575940914039998,2,axon_pre,False,418.0,743.0,0.24897959183673468
ad-htmr,720575940877569847,720575940961402132,2,axon_pre,False,74.0,1507.0,0.05974025974025974
ad-htmr,720575940877569847,720575940914888470,2,axon_pre,False,339.0,742.0,0.468503937007874
ad-htmr,720575940877569847,720575940889201125,2,axon_pre,False,229.0,1744.0,0.44630071599045346
ad-htmr,720575940877569847,720575940897460886,2,axon_pre,False,612.0,1733.0,0.03865979381443299
ad-htmr,720575940877569847,720575940908057073,2,axon_pre,False,267.0,2799.0,0.08795180722891566
ad-htmr,720575940877569847,720575940941106028,2,axon_pre,False,504.0,2033.0,0.3200883002207506
ad-htmr,720575940877569847,720575940872777842,2,axon_pre,False,1389.0,2330.0,0.014948859166011016
ad-htmr,720575940877569847,720575940955159896,2,axon_pre,False,165.0,1664.0,0.043583535108958835
ad-htmr,720575940877569847,720575940909320219,2,axon_pre,False,250.0,3003.0,0.27790973871733965
ad-htmr,720575940877569847,720575940862186599,2,axon_pre,False,684.0,2702.0,0.4680648236415634
ad-htmr,720575940877569847,720575940888793434,2,axon_pre,False,461.0,1688.0,0.30386740331491713
ad-htmr,720575940877569847,720575940889238903,2,axon_pre,False,620.0,1197.0,0.046948356807511735
ad-htmr,720575940877569847,720575940897567449,2,axon_pre,False,242.0,1542.0,0.09717868338557993
ad-htmr,720575940877569847,720575940892150526,2,axon_pre,False,140.0,1852.0,0.4351648351648352
ad-htmr,720575940877569847,720575940881777488,2,axon_pre,False,222.0,2312.0,0.5959079283887468
ad-htmr,720575940877569847,720575940870231427,2,axon_pre,False,222.0,2296.0,0.5371517027863777
ad-htmr,720575940877569847,720575940885185217,2,axon_pre,False,432.0,719.0,0.145748987854251
ad-htmr,720575940877569847,720575940865165521,2,axon_pre,False,1514.0,2311.0,0.008058017727639
ad-htmr,720575940877569847,720575940923209772,2,axon_pre,False,148.0,1516.0,0.3967391304347826
ad-htmr,720575940877569847,720575940928314364,2,axon_pre,False,294.0,2005.0,0.27941176470588236
ad-htmr,720575940877569847,720575940894028021,2,axon_pre,False,255.0,1762.0,0.6851851851851852
ad-htmr,720575940877569847,720575940878343291,2,axon_pre,False,133.0,2647.0,0.41309823677581864
ad-htmr,720575940877569847,720575940890539702,2,axon_pre,False,215.0,583.0,0.2818181818181818
ad-htmr,720575940877569847,720575940897136313,2,axon_pre,False,57.0,1786.0,0.09051724137931035
ad-htmr,720575940877569847,720575940891718567,2,axon_pre,False,245.0,682.0,0.4092827004219409
ad-htmr,720575940877569847,720575940893964021,2,axon_pre,False,341.0,2113.0,0.4408352668213457
ad-htmr,720575940877569847,720575940928237052,2,axon_pre,False,48.0,631.0,0.01834862385321101
ad-htmr,720575940877569847,720575940930825293,2,axon_pre,False,249.0,1784.0,0.5282051282051282
ad-htmr,720575940877569847,720575940903415309,2,axon_pre,False,546.0,1519.0,0.526829268292683
ad-htmr,720575940877569847,720575940899333505,2,axon_pre,False,192.0,2019.0,0.6880952380952381
IN-abltmr,720575940878308395,720575940884134399,26,axon_pre,False,264.0,2380.0,0.28153153153153154
IN-abltmr,720575940878308395,720575940905344958,17,axon_pre,False,296.0,4762.0,
IN-abltmr,720575940878308395,720575940869499754,12,axon_pre,False,1207.0,1766.0,0.4894366197183099
IN-abltmr,720575940878308395,720575940908329988,12,axon_pre,False,432.0,5011.0,
IN-abltmr,720575940878308395,720575940937260062,11,axon_pre,False,273.0,8955.0,
IN-abltmr,720575940878308395,720575940927319884,11,axon_pre,False,1326.0,2573.0,0.3752711496746204
IN-abltmr,720575940878308395,720575940882555230,11,axon_pre,False,54.0,1738.0,0.40119760479041916
IN-abltmr,720575940878308395,720575940893054634,9,axon_pre,False,195.0,2413.0,0.8146964856230032
IN-abltmr,720575940878308395,720575940902788207,9,axon_pre,False,91.0,2437.0,0.5533498759305211
IN-abltmr,720575940878308395,720575940923296044,8,axon_pre,False,661.0,5024.0,
IN-abltmr,720575940878308395,720575940897997194,8,axon_pre,False,512.0,8774.0,
IN-abltmr,720575940878308395,720575940935627388,8,axon_pre,False,125.0,2139.0,0.25223214285714285
IN-abltmr,720575940878308395,720575940883233694,8,axon_pre,False,35.0,1260.0,0.6666666666666666
IN-abltmr,720575940878308395,720575940894669780,8,axon_pre,False,188.0,4404.0,0.651685393258427
IN-abltmr,720575940878308395,720575940951224359,8,axon_pre,False,80.0,2149.0,0.494475138121547
IN-abltmr,720575940878308395,720575940896751434,8,axon_pre,False,376.0,14889.0,
IN-abltmr,720575940878308395,720575940923295788,7,axon_pre,False,444.0,2208.0,0.6186186186186187
IN-abltmr,720575940878308395,720575940865430175,7,axon_pre,False,207.0,2250.0,0.3163538873994638
IN-abltmr,720575940878308395,720575940900303225,7,axon_pre,False,213.0,1864.0,0.6717557251908397
IN-abltmr,720575940878308395,720575940922720298,7,axon_pre,False,427.0,15532.0,
IN-abltmr,720575940878308395,720575940897257474,7,axon_pre,False,547.0,4326.0,0.7134502923976608
IN-abltmr,720575940878308395,720575940940394411,7,axon_pre,False,463.0,5805.0,
IN-abltmr,720575940878308395,720575940912299389,7,axon_pre,False,118.0,2848.0,0.6174496644295302
IN-abltmr,720575940878308395,720575940894647859,6,axon_pre,False,481.0,2457.0,0.4
IN-abltmr,720575940878308395,720575940895867758,6,axon_pre,False,159.0,8050.0,
IN-abltmr,720575940878308395,720575940912859648,6,axon_pre,False,206.0,2348.0,0.4160919540229885
IN-abltmr,720575940878308395,720575940897097173,6,axon_pre,False,315.0,1644.0,0.2796934865900383
IN-abltmr,720575940878308395,720575940905404873,6,axon_pre,False,1351.0,2170.0,0.6521739130434783
IN-abltmr,720575940878308395,720575940962944788,6,axon_pre,False,75.0,1812.0,0.42363112391930835
IN-abltmr,720575940878308395,720575940887146970,5,axon_pre,False,423.0,4160.0,
IN-abltmr,720575940878308395,720575940874962398,5,axon_pre,False,268.0,2263.0,0.9505494505494505
IN-abltmr,720575940878308395,720575940893177002,5,axon_pre,False,558.0,2174.0,0.011811023622047244
IN-abltmr,720575940878308395,720575940939475222,5,axon_pre,False,292.0,1608.0,0.5413793103448276
IN-abltmr,720575940878308395,720575940847521389,5,axon_pre,False,351.0,2695.0,0.5289256198347108
IN-abltmr,720575940878308395,720575940919953277,5,axon_pre,False,758.0,29604.0,
IN-abltmr,720575940878308395,720575940892132258,5,axon_pre,False,126.0,1752.0,0.6029411764705882
IN-abltmr,720575940878308395,720575940899322041,5,axon_pre,False,92.0,3491.0,0.8414096916299559
IN-abltmr,720575940878308395,720575940940845846,5,axon_pre,False,193.0,2156.0,0.8322784810126582
IN-abltmr,720575940878308395,720575940895289006,5,axon_pre,False,544.0,875.0,0.03488372093023256
IN-abltmr,720575940878308395,720575940889872822,5,axon_pre,False,37.0,1200.0,0.316
IN-abltmr,720575940878308395,720575940925826374,5,axon_pre,False,840.0,1729.0,0.8144329896907216
IN-abltmr,720575940878308395,720575940903908595,5,axon_pre,False,158.0,1942.0,
IN-abltmr,720575940878308395,720575940922013099,5,axon_pre,False,103.0,4418.0,
IN-abltmr,720575940878308395,720575940899524544,4,axon_pre,False,31.0,1362.0,0.29347826086956524
IN-abltmr,720575940878308395,720575940891880903,4,axon_pre,False,339.0,14412.0,
IN-abltmr,720575940878308395,720575940892583284,4,axon_pre,False,549.0,2376.0,0.71875
IN-abltmr,720575940878308395,720575940876317663,4,axon_pre,False,242.0,3754.0,0.7011764705882353
IN-abltmr,720575940878308395,720575940886925961,4,axon_pre,False,132.0,1878.0,
IN-abltmr,720575940878308395,720575940935774230,4,axon_pre,False,59.0,1717.0,0.5681818181818182
IN-abltmr,720575940878308395,720575940881885278,4,axon_pre,False,322.0,2213.0,0.6523076923076923
IN-abltmr,720575940878308395,720575940948740374,4,axon_pre,False,90.0,2323.0,0.4601542416452442
IN-abltmr,720575940878308395,720575940872904306,4,axon_pre,False,549.0,1626.0,0.9383259911894273
IN-abltmr,720575940878308395,720575940880869521,4,axon_pre,False,211.0,1578.0,0.096
IN-abltmr,720575940878308395,720575940944135190,4,axon_pre,False,186.0,1611.0,0.9586776859504132
IN-abltmr,720575940878308395,720575940881857118,4,axon_pre,False,323.0,1445.0,0.4523809523809524
IN-abltmr,720575940878308395,720575940903932226,4,axon_pre,False,72.0,4429.0,
IN-abltmr,720575940878308395,720575940890406838,4,axon_pre,False,135.0,2683.0,0.24166666666666667
IN-abltmr,720575940878308395,720575940884007084,4,axon_pre,False,479.0,7838.0,
IN-abltmr,720575940878308395,720575940916014688,4,axon_pre,False,306.0,2342.0,0.17847025495750707
IN-abltmr,720575940878308395,720575940884996789,4,axon_pre,False,334.0,1675.0,0.4309859154929577
IN-abltmr,720575940878308395,720575940889995963,4,axon_pre,False,112.0,1441.0,0.44970414201183434
IN-abltmr,720575940878308395,720575940882524254,3,axon_pre,False,332.0,1952.0,0.49216300940438873
IN-abltmr,720575940878308395,720575940868483480,3,axon_pre,False,69.0,1716.0,0.8347107438016529
IN-abltmr,720575940878308395,720575940887129533,3,axon_pre,False,213.0,1506.0,0.7511111111111111
IN-abltmr,720575940878308395,720575940921757718,3,axon_pre,False,94.0,1391.0,0.5744047619047619
IN-abltmr,720575940878308395,720575940896741053,3,axon_pre,False,133.0,5467.0,
IN-abltmr,720575940878308395,720575940903354252,3,axon_pre,False,877.0,1903.0,0.19130434782608696
IN-abltmr,720575940878308395,720575940881255518,3,axon_pre,False,42.0,2661.0,0.8411633109619687
IN-abltmr,720575940878308395,720575940894608435,3,axon_pre,False,726.0,2697.0,0.6356589147286822
IN-abltmr,720575940878308395,720575940893233995,3,axon_pre,False,250.0,1665.0,0.1610738255033557
IN-abltmr,720575940878308395,720575940895371950,3,axon_pre,False,573.0,1695.0,0.8705882352941177
IN-abltmr,720575940878308395,720575940903571904,3,axon_pre,False,226.0,3954.0,0.7047619047619048
IN-abltmr,720575940878308395,720575940871491385,3,axon_pre,False,300.0,2689.0,0.7566765578635015
IN-abltmr,720575940878308395,720575940889227749,3,axon_pre,False,450.0,8597.0,
IN-abltmr,720575940878308395,720575940884101670,3,axon_pre,False,190.0,1603.0,0.8303571428571429
IN-abltmr,720575940878308395,720575940888887926,3,axon_pre,False,239.0,2068.0,0.8320610687022901
IN-abltmr,720575940878308395,720575940876253663,3,axon_pre,False,254.0,3589.0,0.6370235934664247
IN-abltmr,720575940878308395,720575940909320219,3,axon_pre,False,250.0,3003.0,0.498812351543943
IN-abltmr,720575940878308395,720575940875725885,3,axon_pre,False,108.0,1402.0,0.6185567010309279
IN-abltmr,720575940878308395,720575940881709648,3,axon_pre,False,184.0,1489.0,0.5785714285714286
IN-abltmr,720575940878308395,720575940922698026,3,axon_pre,False,460.0,2339.0,0.8379888268156425
IN-abltmr,720575940878308395,720575940921278926,3,axon_pre,False,700.0,1665.0,0.36329588014981273
IN-abltmr,720575940878308395,720575940889016246,3,axon_pre,False,269.0,4857.0,
IN-abltmr,720575940878308395,720575940944563990,3,axon_pre,False,207.0,13495.0,
IN-abltmr,720575940878308395,720575940879369950,3,axon_pre,False,282.0,1457.0,0.8995215311004785
IN-abltmr,720575940878308395,720575940909377984,3,axon_pre,False,453.0,11773.0,
IN-abltmr,720575940878308395,720575940847499885,3,axon_pre,False,272.0,3278.0,0.2373300370828183
IN-abltmr,720575940878308395,720575940917856907,3,axon_pre,False,394.0,1749.0,0.6161616161616161
IN-abltmr,720575940878308395,720575940889945782,3,axon_pre,False,329.0,1920.0,0.9357601713062098
IN-abltmr,720575940878308395,720575940884025516,3,axon_pre,False,233.0,1838.0,0.35777126099706746
IN-abltmr,720575940878308395,720575940911510974,3,axon_pre,False,114.0,2039.0,0.2914798206278027
IN-abltmr,720575940878308395,720575940889069238,3,axon_pre,False,260.0,1118.0,0.9245283018867925
IN-abltmr,720575940878308395,720575940888825103,3,axon_pre,False,265.0,2144.0,0.726027397260274
IN-abltmr,720575940878308395,720575940902353848,3,axon_pre,False,159.0,1741.0,0.12307692307692308
IN-abltmr,720575940878308395,720575940929614881,3,axon_pre,False,129.0,1303.0,0.4345991561181435
IN-abltmr,720575940878308395,720575940898729874,3,axon_pre,False,288.0,2350.0,0.23404255319148937
IN-abltmr,720575940878308395,720575940940889432,3,axon_pre,False,33.0,534.0,0.0
IN-abltmr,720575940878308395,720575940905043414,3,axon_pre,False,954.0,2118.0,0.4833759590792839
IN-abltmr,720575940878308395,720575940880848529,3,axon_pre,False,422.0,3374.0,0.32947976878612717
IN-abltmr,720575940878308395,720575940898700480,3,axon_pre,False,549.0,3026.0,0.8197026022304833
IN-abltmr,720575940878308395,720575940886073286,3,axon_pre,False,114.0,1307.0,0.3951219512195122
IN-abltmr,720575940878308395,720575940896738749,3,axon_pre,False,150.0,4821.0,
IN-abltmr,720575940878308395,720575940879718366,3,axon_pre,False,215.0,2133.0,0.6928838951310862
IN-abltmr,720575940878308395,720575940902634194,2,axon_pre,False,498.0,3678.0,0.19130434782608696
IN-abltmr,720575940878308395,720575940878872884,2,axon_pre,False,51.0,1495.0,0.4181184668989547
IN-abltmr,720575940878308395,720575940885038539,2,axon_pre,False,1058.0,1950.0,0.3627760252365931
IN-abltmr,720575940878308395,720575940890081080,2,axon_pre,False,77.0,1528.0,0.3302325581395349
IN-abltmr,720575940878308395,720575940877167368,2,axon_pre,False,160.0,2286.0,0.21012658227848102
IN-abltmr,720575940878308395,720575940881900638,2,axon_pre,False,425.0,1845.0,0.7896678966789668
IN-abltmr,720575940878308395,720575940910274114,2,axon_pre,False,68.0,1774.0,0.6138613861386139
IN-abltmr,720575940878308395,720575940892542449,2,axon_pre,False,149.0,4042.0,0.8125
IN-abltmr,720575940878308395,720575940896248247,2,axon_pre,False,66.0,1926.0,0.30578512396694213
IN-abltmr,720575940878308395,720575940898505971,2,axon_pre,False,213.0,1375.0,0.3557692307692308
IN-abltmr,720575940878308395,720575940894103027,2,axon_pre,False,113.0,1683.0,0.8825301204819277
IN-abltmr,720575940878308395,720575940949943572,2,axon_pre,False,60.0,1854.0,0.6821192052980133
IN-abltmr,720575940878308395,720575940878303531,2,axon_pre,False,273.0,2587.0,0.11400651465798045
IN-abltmr,720575940878308395,720575940882584158,2,axon_pre,False,328.0,2252.0,0.4398148148148148
IN-abltmr,720575940878308395,720575940905256393,2,axon_pre,False,368.0,1985.0,0.4147058823529412
IN-abltmr,720575940878308395,720575940872440542,2,axon_pre,False,30.0,1181.0,0.008658008658008658
IN-abltmr,720575940878308395,720575940906423858,2,axon_pre,False,219.0,2564.0,0.028169014084507043
IN-abltmr,720575940878308395,720575940873374014,2,axon_pre,False,114.0,1046.0,0.38461538461538464
IN-abltmr,720575940878308395,720575940902653906,2,axon_pre,False,785.0,2720.0,
IN-abltmr,720575940878308395,720575940897126585,2,axon_pre,False,240.0,1190.0,0.8823529411764706
IN-abltmr,720575940878308395,720575940883953958,2,axon_pre,False,274.0,1863.0,0.1589958158995816
IN-abltmr,720575940878308395,720575940898044349,2,axon_pre,False,203.0,3266.0,0.8211382113821138
IN-abltmr,720575940878308395,720575940908394244,2,axon_pre,False,132.0,1983.0,0.14012738853503184
IN-abltmr,720575940878308395,720575940927244256,2,axon_pre,False,483.0,2750.0,0.32941176470588235
IN-abltmr,720575940878308395,720575940875640030,2,axon_pre,False,336.0,2372.0,0.2926829268292683
IN-abltmr,720575940878308395,720575940898829241,2,axon_pre,False,85.0,1504.0,0.7535211267605634
IN-abltmr,720575940878308395,720575940880005762,2,axon_pre,False,553.0,3286.0,0.38181818181818183
IN-abltmr,720575940878308395,720575940893899902,2,axon_pre,False,1124.0,6122.0,
IN-abltmr,720575940878308395,720575940893355965,2,axon_pre,False,179.0,1513.0,0.8666666666666667
IN-abltmr,720575940878308395,720575940883492517,2,axon_pre,False,307.0,3500.0,0.12552301255230125
IN-abltmr,720575940878308395,720575940878266491,2,axon_pre,False,211.0,1930.0,0.4073107049608355
IN-abltmr,720575940878308395,720575940883402846,2,axon_pre,False,250.0,1864.0,0.4583333333333333
IN-abltmr,720575940878308395,720575940932040543,2,axon_pre,False,70.0,1589.0,0.6945244956772334
IN-abltmr,720575940878308395,720575940882417502,2,axon_pre,False,477.0,2099.0,0.8981481481481481
IN-abltmr,720575940878308395,720575940900288190,2,axon_pre,False,403.0,1618.0,0.953125
IN-abltmr,720575940878308395,720575940893951431,2,axon_pre,False,311.0,5861.0,
IN-abltmr,720575940878308395,720575940947772180,2,axon_pre,False,31.0,1115.0,0.3756906077348066
IN-abltmr,720575940878308395,720575940902759535,2,axon_pre,False,206.0,1849.0,0.35071090047393366
IN-abltmr,720575940878308395,720575940883202263,2,axon_pre,False,205.0,2293.0,0.4055045871559633
IN-abltmr,720575940878308395,720575940911461035,2,axon_pre,False,304.0,1436.0,0.621301775147929
IN-abltmr,720575940878308395,720575940886975479,2,axon_pre,False,154.0,2077.0,0.24289405684754523
IN-abltmr,720575940878308395,720575940920895145,2,axon_pre,False,234.0,2675.0,0.25830258302583026
IN-abltmr,720575940878308395,720575940900844272,2,axon_pre,False,95.0,1697.0,0.34011627906976744
IN-abltmr,720575940878308395,720575940948777494,2,axon_pre,False,186.0,1650.0,0.7830188679245284
IN-abltmr,720575940878308395,720575940882994235,2,axon_pre,False,45.0,715.0,0.013157894736842105
IN-abltmr,720575940878308395,720575940903129328,2,axon_pre,False,279.0,2005.0,0.8262411347517731
IN-abltmr,720575940878308395,720575940918106283,2,axon_pre,False,113.0,1260.0,0.5073891625615764
IN-abltmr,720575940878308395,720575940914284866,2,axon_pre,False,141.0,1367.0,0.3117408906882591
IN-abltmr,720575940878308395,720575940893316683,2,axon_pre,False,1093.0,1960.0,0.9612068965517241
IN-abltmr,720575940878308395,720575940892058178,2,axon_pre,False,161.0,1814.0,0.5958702064896755
IN-abltmr,720575940878308395,720575940878884148,2,axon_pre,False,88.0,1399.0,0.04891304347826087
IN-abltmr,720575940878308395,720575940881824336,2,axon_pre,False,133.0,1867.0,0.7843137254901961
IN-abltmr,720575940878308395,720575940925832107,2,axon_pre,False,78.0,4097.0,0.4949053857350801
IN-abltmr,720575940878308395,720575940889220278,2,axon_pre,False,78.0,1393.0,0.15337423312883436
IN-abltmr,720575940878308395,720575940872799858,2,axon_pre,False,492.0,1775.0,0.9502762430939227
IN-abltmr,720575940878308395,720575940912746365,2,axon_pre,False,34.0,1225.0,0.656934306569343
IN-abltmr,720575940878308395,720575940904502259,2,axon_pre,False,32.0,1552.0,0.057291666666666664
IN-abltmr,720575940878308395,720575940884112895,2,axon_pre,False,180.0,2231.0,0.7096774193548387
IN-abltmr,720575940878308395,720575940880839442,2,axon_pre,False,1081.0,2538.0,0.12171052631578948
IN-abltmr,720575940878308395,720575940898397693,2,axon_pre,False,217.0,1615.0,0.7614678899082569
IN-abltmr,720575940878308395,720575940948750614,2,axon_pre,False,347.0,1919.0,0.6708860759493671
IN-abltmr,720575940878308395,720575940881582430,2,axon_pre,False,228.0,1792.0,0.9472295514511874
IN-abltmr,720575940878308395,720575940889318582,2,axon_pre,False,190.0,1399.0,0.70042194092827
IN-abltmr,720575940878308395,720575940906671203,2,axon_pre,False,327.0,3392.0,0.547945205479452
IN-abltmr,720575940878308395,720575940908643518,2,axon_pre,False,77.0,1432.0,0.7724867724867724
IN-abltmr,720575940878308395,720575940948766486,2,axon_pre,False,298.0,4170.0,
IN-abltmr,720575940878308395,720575940886213558,2,axon_pre,False,116.0,1760.0,0.445859872611465
IN-abltmr,720575940878308395,720575940888707930,2,axon_pre,False,192.0,2876.0,0.8387096774193549
IN-abltmr,720575940878308395,720575940892721137,2,axon_pre,False,31.0,1143.0,0.27225130890052357
IN-abltmr,720575940878308395,720575940886279076,2,axon_pre,False,494.0,1396.0,0.6626984126984127
IN-abltmr,720575940878308395,720575940908329732,2,axon_pre,False,227.0,2663.0,0.5801354401805869
IN-abltmr,720575940878308395,720575940886677181,2,axon_pre,False,242.0,3983.0,0.6818181818181818
IN-abltmr,720575940878308395,720575940898477757,2,axon_pre,False,253.0,2642.0,0.011494252873563218
IN-abltmr,720575940878308395,720575940890980673,2,axon_pre,False,913.0,3094.0,0.21755725190839695
IN-abltmr,720575940878308395,720575940894666964,2,axon_pre,False,216.0,2014.0,0.7104247104247104
IN-abltmr,720575940878308395,720575940939991830,2,axon_pre,False,337.0,19952.0,
IN-abltmr,720575940878308395,720575940887785917,2,axon_pre,False,153.0,1598.0,0.5953488372093023
IN-abltmr,720575940878308395,720575940903370509,2,axon_pre,False,931.0,2410.0,0.014994232987312572
IN-abltmr,720575940878308395,720575940878601054,2,axon_pre,False,119.0,1910.0,0.6889763779527559
IN-abltmr,720575940878308395,720575940929614625,2,axon_pre,False,286.0,1634.0,0.530791788856305
IN-abltmr,720575940878308395,720575940889282021,2,axon_pre,False,1523.0,1837.0,
IN-abltmr,720575940878308395,720575940891521213,2,axon_pre,False,214.0,1541.0,0.7636363636363637
IN-abltmr,720575940878308395,720575940898748921,2,axon_pre,False,285.0,2234.0,0.8065573770491803
IN-abltmr,720575940878308395,720575940887277210,2,axon_pre,False,225.0,1275.0,0.029535864978902954
IN-abltmr,720575940878308395,720575940903640130,2,axon_pre,False,180.0,1455.0,0.4536082474226804
IN-abltmr,720575940878308395,720575940895642813,2,axon_pre,False,83.0,2417.0,0.14029850746268657
IN-abltmr,720575940878308395,720575940891184310,2,axon_pre,False,513.0,3545.0,0.5157894736842106
IN-abltmr,720575940878308395,720575940926099342,2,axon_pre,False,303.0,2702.0,0.5802469135802469
IN-abltmr,720575940878308395,720575940907584340,2,axon_pre,False,521.0,869.0,0.06611570247933884
islet-adltmr,720575940881834320,720575940886893494,14,axon_pre,False,92.0,1749.0,0.22872340425531915
islet-adltmr,720575940881834320,720575940896874826,13,axon_pre,False,138.0,1970.0,0.808
islet-adltmr,720575940881834320,720575940880839442,10,axon_pre,False,1081.0,2538.0,0.7598684210526315
islet-adltmr,720575940881834320,720575940939475222,9,axon_pre,False,292.0,1608.0,0.41379310344827586
islet-adltmr,720575940881834320,720575940944962326,9,axon_pre,False,97.0,2064.0,0.184375
islet-adltmr,720575940881834320,720575940882633628,8,axon_pre,False,77.0,2277.0,0.7198697068403909
islet-adltmr,720575940881834320,720575940883622365,7,axon_pre,False,74.0,1573.0,0.13736263736263737
islet-adltmr,720575940881834320,720575940897126585,7,axon_pre,False,240.0,1190.0,0.0915032679738562
islet-adltmr,720575940881834320,720575940939897366,7,axon_pre,False,175.0,1991.0,0.3712574850299401
islet-adltmr,720575940881834320,720575940884035500,6,axon_pre,False,124.0,1569.0,0.3382352941176471
islet-adltmr,720575940881834320,720575940893316683,6,axon_pre,False,1093.0,1960.0,0.017241379310344827
islet-adltmr,720575940881834320,720575940897161401,6,axon_pre,False,77.0,911.0,0.029411764705882353
islet-adltmr,720575940881834320,720575940898829241,5,axon_pre,False,85.0,1504.0,0.2112676056338028
islet-adltmr,720575940881834320,720575940869499754,5,axon_pre,False,1207.0,1766.0,0.44014084507042256
islet-adltmr,720575940881834320,720575940900210368,5,axon_pre,False,81.0,1468.0,0.85
islet-adltmr,720575940881834320,720575940905256393,5,axon_pre,False,368.0,1985.0,0.5529411764705883
islet-adltmr,720575940881834320,720575940944563990,5,axon_pre,False,207.0,13495.0,
islet-adltmr,720575940881834320,720575940875725885,5,axon_pre,False,108.0,1402.0,0.29381443298969073
islet-adltmr,720575940881834320,720575940891928819,4,axon_pre,False,695.0,1802.0,0.6357267950963222
islet-adltmr,720575940881834320,720575940889454774,4,axon_pre,False,299.0,2057.0,0.03773584905660377
islet-adltmr,720575940881834320,720575940951212327,4,axon_pre,False,84.0,1564.0,0.46786632390745503
islet-adltmr,720575940881834320,720575940926650390,4,axon_pre,False,143.0,2887.0,0.07103825136612021
islet-adltmr,720575940881834320,720575940887810237,4,axon_pre,False,116.0,1849.0,0.02092050209205021
islet-adltmr,720575940881834320,720575940889230711,4,axon_pre,False,271.0,1695.0,0.5119047619047619
islet-adltmr,720575940881834320,720575940888743862,4,axon_pre,False,56.0,1597.0,0.18654434250764526
islet-adltmr,720575940881834320,720575940914142960,4,axon_pre,False,42.0,1318.0,0.034220532319391636
islet-adltmr,720575940881834320,720575940913996784,3,axon_pre,False,404.0,2315.0,0.24133504492939667
islet-adltmr,720575940881834320,720575940903761699,3,axon_pre,False,144.0,1710.0,0.38697318007662834
islet-adltmr,720575940881834320,720575940889181622,3,axon_pre,False,238.0,1097.0,0.02717391304347826
islet-adltmr,720575940881834320,720575940883395550,3,axon_pre,False,62.0,634.0,0.8947368421052632
islet-adltmr,720575940881834320,720575940883507621,3,axon_pre,False,182.0,2096.0,0.023391812865497075
islet-adltmr,720575940881834320,720575940932826004,3,axon_pre,False,269.0,2833.0,0.5673076923076923
islet-adltmr,720575940881834320,720575940926203534,3,axon_pre,False,1074.0,2113.0,0.6592592592592592
islet-adltmr,720575940881834320,720575940887711560,3,axon_pre,False,120.0,2083.0,0.2570093457943925
islet-adltmr,720575940881834320,720575940952795924,3,axon_pre,False,67.0,1557.0,0.8018018018018018
islet-adltmr,720575940881834320,720575940964319398,3,axon_pre,False,259.0,1867.0,0.2462686567164179
islet-adltmr,720575940881834320,720575940906071232,3,axon_pre,False,67.0,1073.0,0.8789808917197452
islet-adltmr,720575940881834320,720575940917368642,3,axon_pre,False,28.0,1532.0,0.5906976744186047
islet-adltmr,720575940881834320,720575940889843638,3,axon_pre,False,66.0,1078.0,0.13793103448275862
islet-adltmr,720575940881834320,720575940895302585,3,axon_pre,False,151.0,1660.0,0.031331592689295036
islet-adltmr,720575940881834320,720575940905956544,3,axon_pre,False,266.0,2018.0,0.2173314993122421
islet-adltmr,720575940881834320,720575940896751434,3,axon_pre,False,376.0,14889.0,
islet-adltmr,720575940881834320,720575940948750614,3,axon_pre,False,347.0,1919.0,0.2911392405063291
islet-adltmr,720575940881834320,720575940939685445,3,axon_pre,False,52.0,1592.0,0.6632653061224489
islet-adltmr,720575940881834320,720575940895289006,3,axon_pre,False,544.0,875.0,0.8953488372093024
islet-adltmr,720575940881834320,720575940932040543,3,axon_pre,False,70.0,1589.0,0.28530259365994237
islet-adltmr,720575940881834320,720575940929614625,3,axon_pre,False,286.0,1634.0,0.41642228739002934
islet-adltmr,720575940881834320,720575940882393182,3,axon_pre,False,255.0,1437.0,0.034013605442176874
islet-adltmr,720575940881834320,720575940894103027,3,axon_pre,False,113.0,1683.0,0.09337349397590361
islet-adltmr,720575940881834320,720575940942915204,2,axon_pre,False,95.0,1387.0,0.05859375
islet-adltmr,720575940881834320,720575940908079763,2,axon_pre,False,3.0,692.0,0.1827956989247312
islet-adltmr,720575940881834320,720575940881835102,2,axon_pre,False,141.0,1502.0,0.0
islet-adltmr,720575940881834320,720575940891184822,2,axon_pre,False,327.0,2106.0,0.2388888888888889
islet-adltmr,720575940881834320,720575940871762910,2,axon_pre,False,714.0,2052.0,0.34195402298850575
islet-adltmr,720575940881834320,720575940862479647,2,axon_pre,False,295.0,2039.0,0.6185286103542235
islet-adltmr,720575940881834320,720575940912353861,2,axon_pre,False,15.0,421.0,0.0
islet-adltmr,720575940881834320,720575940881977950,2,axon_pre,False,193.0,1664.0,0.10108303249097472
islet-adltmr,720575940881834320,720575940913454319,2,axon_pre,False,408.0,1833.0,0.0
islet-adltmr,720575940881834320,720575940881848414,2,axon_pre,False,246.0,1306.0,0.46588693957115007
islet-adltmr,720575940881834320,720575940889318838,2,axon_pre,False,303.0,1921.0,0.13924050632911392
islet-adltmr,720575940881834320,720575940888410947,2,axon_pre,False,198.0,1459.0,0.03076923076923077
islet-adltmr,720575940881834320,720575940895672249,2,axon_pre,False,758.0,1918.0,0.0037735849056603774
islet-adltmr,720575940881834320,720575940955200600,2,axon_pre,False,249.0,2797.0,0.4074074074074074
islet-adltmr,720575940881834320,720575940894390713,2,axon_pre,False,41.0,1932.0,0.09022556390977443
islet-adltmr,720575940881834320,720575940893159594,2,axon_pre,False,205.0,4184.0,0.17846153846153845
islet-adltmr,720575940881834320,720575940955223384,2,axon_pre,False,110.0,1375.0,0.7248677248677249
islet-adltmr,720575940881834320,720575940896724666,2,axon_pre,False,390.0,1847.0,0.6247960848287113
islet-adltmr,720575940881834320,720575940898881017,2,axon_pre,False,123.0,2236.0,0.7138263665594855
islet-adltmr,720575940881834320,720575940927319884,2,axon_pre,False,1326.0,2573.0,0.4598698481561822
islet-adltmr,720575940881834320,720575940897128889,2,axon_pre,False,236.0,1182.0,0.13
islet-adltmr,720575940881834320,720575940904364784,2,axon_pre,False,103.0,1543.0,0.30434782608695654
islet-adltmr,720575940881834320,720575940919976945,2,axon_pre,False,489.0,2454.0,0.19909502262443438
islet-adltmr,720575940881834320,720575940922720298,2,axon_pre,False,427.0,15532.0,
islet-adltmr,720575940881834320,720575940870669398,2,axon_pre,False,55.0,944.0,0.671875
islet-adltmr,720575940881834320,720575940898749632,2,axon_pre,False,10.0,705.0,0.035211267605633804
islet-adltmr,720575940881834320,720575940891958082,2,axon_pre,False,37.0,2473.0,0.12650602409638553
islet-adltmr,720575940881834320,720575940927273184,2,axon_pre,False,122.0,2023.0,0.1638655462184874
islet-adltmr,720575940881834320,720575940889318582,2,axon_pre,False,190.0,1399.0,0.2616033755274262
islet-adltmr,720575940881834320,720575940954002452,2,axon_pre,False,184.0,1789.0,0.2518248175182482
islet-adltmr,720575940881834320,720575940906065856,2,axon_pre,False,113.0,1764.0,0.4301994301994302
islet-adltmr,720575940881834320,720575940898907635,2,axon_pre,False,230.0,1202.0,0.04878048780487805
islet-adltmr,720575940881834320,720575940953744404,2,axon_pre,False,66.0,1485.0,0.10040160642570281
islet-adltmr,720575940881834320,720575940911468649,2,axon_pre,False,349.0,14600.0,
islet-adltmr,720575940881834320,720575940910186825,2,axon_pre,False,464.0,2145.0,0.7466918714555766
islet-adltmr,720575940881834320,720575940908329988,2,axon_pre,False,432.0,5011.0,
islet-adltmr,720575940881834320,720575940899584703,2,axon_pre,False,92.0,1361.0,0.17333333333333334
islet-adltmr,720575940881834320,720575940903220108,2,axon_pre,False,1221.0,3895.0,0.6560509554140127
islet-adltmr,720575940881834320,720575940887132349,2,axon_pre,False,198.0,1224.0,0.033816425120772944
islet-adltmr,720575940881834320,720575940914041790,2,axon_pre,False,132.0,1191.0,0.01694915254237288
islet-adltmr,720575940881834320,720575940908052209,2,axon_pre,False,196.0,1982.0,0.49097472924187724
islet-adltmr,720575940881834320,720575940893899902,2,axon_pre,False,1124.0,6122.0,
islet-adltmr,720575940881834320,720575940945445910,2,axon_pre,False,335.0,1738.0,0.5211726384364821
islet-adltmr,720575940881834320,720575940926099342,2,axon_pre,False,303.0,2702.0,0.2345679012345679
islet-adltmr,720575940881834320,720575940876307935,2,axon_pre,False,765.0,1871.0,0.040145985401459854
islet-adltmr,720575940881834320,720575940907562818,2,axon_pre,False,51.0,971.0,0.05555555555555555
islet-adltmr,720575940881834320,720575940929614881,2,axon_pre,False,129.0,1303.0,0.350210970464135
islet-adltmr,720575940881834320,720575940891998909,2,axon_pre,False,663.0,2510.0,0.013029315960912053
islet-adltmr,720575940881834320,720575940888952182,2,axon_pre,False,298.0,1721.0,0.08759124087591241
islet-adltmr,720575940881834320,720575940890601716,2,axon_pre,False,129.0,1703.0,0.2553191489361702
islet-adltmr,720575940881834320,720575940879369950,2,axon_pre,False,282.0,1457.0,0.06698564593301436
islet-adltmr,720575940881834320,720575940932748159,2,axon_pre,False,84.0,1855.0,0.46153846153846156
islet-adltmr,720575940881834320,720575940920895145,2,axon_pre,False,234.0,2675.0,0.5977859778597786
islet-adltmr,720575940881834320,720575940937260062,2,axon_pre,False,273.0,8955.0,
islet-adltmr,720575940881834320,720575940921278926,2,axon_pre,False,700.0,1665.0,0.40074906367041196
islet-adltmr,720575940881834320,720575940883455838,2,axon_pre,False,113.0,1488.0,0.3746130030959752
islet-adltmr,720575940881834320,720575940887254966,2,axon_pre,False,557.0,1969.0,0.7521367521367521
islet-adltmr,720575940881834320,720575940899454509,2,axon_pre,False,82.0,1645.0,0.1751592356687898
islet-adltmr,720575940881834320,720575940882491038,2,axon_pre,False,112.0,2161.0,0.30952380952380953
islet-adltmr,720575940881834320,720575940881442142,2,axon_pre,False,55.0,1447.0,0.006802721088435374
islet-adltmr,720575940881834320,720575940905043414,2,axon_pre,False,954.0,2118.0,0.391304347826087
islet-adltmr,720575940881834320,720575940891985789,2,axon_pre,False,36.0,1558.0,0.7438423645320197
islet-adltmr,720575940881834320,720575940899572400,2,axon_pre,False,124.0,1404.0,0.3161290322580645
islet-adltmr,720575940881834320,720575940888743350,2,axon_pre,False,123.0,1386.0,0.3285024154589372
islet-adltmr,720575940881834320,720575940869403611,2,axon_pre,False,298.0,2314.0,0.046875
islet-adltmr,720575940881834576,720575940913429231,18,axon_pre,False,336.0,1972.0,0.18696883852691218
islet-adltmr,720575940881834576,720575940925206038,7,axon_pre,False,57.0,655.0,0.8604651162790697
islet-adltmr,720575940881834576,720575940887129533,6,axon_pre,False,213.0,1506.0,0.2311111111111111
islet-adltmr,720575940881834576,720575940887277210,6,axon_pre,False,225.0,1275.0,0.1940928270042194
islet-adltmr,720575940881834576,720575940886202813,6,axon_pre,False,162.0,2115.0,0.5721040189125296
islet-adltmr,720575940881834576,720575940897344002,6,axon_pre,False,1489.0,2250.0,0.027050610820244327
islet-adltmr,720575940881834576,720575940893011696,5,axon_pre,False,128.0,1518.0,0.36180904522613067
islet-adltmr,720575940881834576,720575940859665815,5,axon_pre,False,756.0,1789.0,0.6544276457883369
islet-adltmr,720575940881834576,720575940888117872,5,axon_pre,False,218.0,2285.0,0.7902813299232737
islet-adltmr,720575940881834576,720575940908275184,5,axon_pre,False,786.0,1861.0,0.7639123102866779
islet-adltmr,720575940881834576,720575940879237356,4,axon_pre,False,190.0,1984.0,0.6718954248366014
islet-adltmr,720575940881834576,720575940887281095,4,axon_pre,False,204.0,1397.0,0.09468822170900693
islet-adltmr,720575940881834576,720575940869591310,4,axon_pre,False,404.0,1718.0,0.12755102040816327
islet-adltmr,720575940881834576,720575940909600447,4,axon_pre,False,52.0,1444.0,0.8533333333333334
islet-adltmr,720575940881834576,720575940891139349,4,axon_pre,False,66.0,742.0,0.6259541984732825
islet-adltmr,720575940881834576,720575940888595057,4,axon_pre,False,86.0,988.0,0.848
islet-adltmr,720575940881834576,720575940889946550,4,axon_pre,False,955.0,2072.0,0.729903536977492
islet-adltmr,720575940881834576,720575940918950471,4,axon_pre,False,265.0,1447.0,0.1317365269461078
islet-adltmr,720575940881834576,720575940908032192,3,axon_pre,False,194.0,1573.0,0.36103896103896105
islet-adltmr,720575940881834576,720575940878008798,3,axon_pre,False,328.0,1701.0,0.24390243902439024
islet-adltmr,720575940881834576,720575940883953958,3,axon_pre,False,274.0,1863.0,0.40376569037656906
islet-adltmr,720575940881834576,720575940893861502,3,axon_pre,False,1802.0,2646.0,0.012024048096192385
islet-adltmr,720575940881834576,720575940964347302,3,axon_pre,False,673.0,2986.0,0.4292237442922374
islet-adltmr,720575940881834576,720575940859668375,3,axon_pre,False,72.0,1534.0,0.5531609195402298
islet-adltmr,720575940881834576,720575940869499754,3,axon_pre,False,1207.0,1766.0,0.44014084507042256
islet-adltmr,720575940881834576,720575940886592266,3,axon_pre,False,554.0,2455.0,0.42916666666666664
islet-adltmr,720575940881834576,720575940888983158,3,axon_pre,False,750.0,2865.0,0.3164983164983165
islet-adltmr,720575940881834576,720575940893658867,3,axon_pre,False,98.0,1784.0,0.44477611940298506
islet-adltmr,720575940881834576,720575940895956126,3,axon_pre,False,76.0,672.0,0.84375
islet-adltmr,720575940881834576,720575940939897366,3,axon_pre,False,175.0,1991.0,0.3712574850299401
islet-adltmr,720575940881834576,720575940897974922,3,axon_pre,False,185.0,4756.0,0.2694610778443114
islet-adltmr,720575940881834576,720575940893876487,3,axon_pre,False,1356.0,1964.0,0.02072538860103627
islet-adltmr,720575940881834576,720575940927230688,3,axon_pre,False,381.0,1403.0,0.7602179836512262
islet-adltmr,720575940881834576,720575940875568195,3,axon_pre,False,61.0,1478.0,0.7641921397379913
islet-adltmr,720575940881834576,720575940927197664,3,axon_pre,False,726.0,2823.0,0.3733681462140992
islet-adltmr,720575940881834576,720575940964297638,3,axon_pre,False,121.0,1053.0,0.6436781609195402
islet-adltmr,720575940881834576,720575940887254966,2,axon_pre,False,557.0,1969.0,0.7521367521367521
islet-adltmr,720575940881834576,720575940954074644,2,axon_pre,False,329.0,2047.0,0.32129277566539927
islet-adltmr,720575940881834576,720575940904383680,2,axon_pre,False,520.0,1857.0,0.7634252539912917
islet-adltmr,720575940881834576,720575940909876659,2,axon_pre,False,232.0,1152.0,0.69
islet-adltmr,720575940881834576,720575940910636476,2,axon_pre,False,768.0,2119.0,0.6894904458598726
islet-adltmr,720575940881834576,720575940877515319,2,axon_pre,False,215.0,1298.0,0.7935483870967742
islet-adltmr,720575940881834576,720575940886300638,2,axon_pre,False,100.0,1734.0,0.5558912386706949
islet-adltmr,720575940881834576,720575940939667525,2,axon_pre,False,603.0,2605.0,0.42565597667638483
islet-adltmr,720575940881834576,720575940890920513,2,axon_pre,False,122.0,865.0,0.7886178861788617
islet-adltmr,720575940881834576,720575940896766707,2,axon_pre,False,140.0,1267.0,0.3386454183266932
islet-adltmr,720575940881834576,720575940958597396,2,axon_pre,False,1346.0,1895.0,0.022035676810073453
islet-adltmr,720575940881834576,720575940884699194,2,axon_pre,False,365.0,1673.0,0.27607361963190186
islet-adltmr,720575940881834576,720575940881980615,2,axon_pre,False,1371.0,2390.0,0.006622516556291391
islet-adltmr,720575940881834576,720575940895968414,2,axon_pre,False,72.0,798.0,0.8
islet-adltmr,720575940881834576,720575940870231939,2,axon_pre,False,92.0,1783.0,0.45695364238410596
islet-adltmr,720575940881834576,720575940897104400,2,axon_pre,False,653.0,1831.0,0.8059259259259259
islet-adltmr,720575940881834576,720575940959568806,2,axon_pre,False,47.0,647.0,0.8850574712643678
islet-adltmr,720575940881834576,720575940895291850,2,axon_pre,False,170.0,2646.0,0.37626262626262624
islet-adltmr,720575940881834576,720575940861444338,2,axon_pre,False,170.0,1944.0,0.5555555555555556
islet-adltmr,720575940881834576,720575940879921629,2,axon_pre,False,58.0,600.0,0.9701492537313433
islet-adltmr,720575940881834576,720575940921278926,2,axon_pre,False,700.0,1665.0,0.40074906367041196
islet-adltmr,720575940881834576,720575940885714375,2,axon_pre,False,306.0,1610.0,0.07692307692307693
islet-adltmr,720575940881834576,720575940882392670,2,axon_pre,False,42.0,785.0,0.8901098901098901
islet-adltmr,720575940881834576,720575940939639684,2,axon_pre,False,77.0,862.0,0.859504132231405
islet-adltmr,720575940881834576,720575940862479647,2,axon_pre,False,295.0,2039.0,0.6185286103542235
islet-adltmr,720575940881834576,720575940901050304,2,axon_pre,False,82.0,861.0,0.8837209302325582
islet-adltmr,720575940881834576,720575940964319910,2,axon_pre,False,89.0,906.0,0.8012820512820513
islet-adltmr,720575940881834576,720575940889291446,2,axon_pre,False,465.0,1740.0,0.3413654618473896
islet-adltmr,720575940881834576,720575940897066425,2,axon_pre,False,501.0,1946.0,0.5724907063197026
islet-adltmr,720575940881834576,720575940900533373,2,axon_pre,False,286.0,1242.0,0.44148936170212766
islet-adltmr,720575940881834576,720575940898173427,2,axon_pre,False,275.0,2067.0,0.7583892617449665
islet-adltmr,720575940881834576,720575940895579632,2,axon_pre,False,29.0,694.0,0.8131868131868132
islet-adltmr,720575940881834576,720575940928446891,2,axon_pre,False,126.0,1404.0,0.21518987341772153
islet-adltmr,720575940881834576,720575940896891210,2,axon_pre,False,2033.0,3387.0,0.011801242236024845
islet-adltmr,720575940881834576,720575940901395069,2,axon_pre,False,65.0,908.0,0.8785046728971962
islet-adltmr,720575940881834576,720575940888808630,2,axon_pre,False,117.0,2226.0,0.09417040358744394
islet-adltmr,720575940881834576,720575940891467300,2,axon_pre,False,224.0,1141.0,0.7884615384615384
islet-adltmr,720575940881834576,720575940897101072,2,axon_pre,False,350.0,2335.0,0.1795774647887324
islet-adltmr,720575940881834576,720575940894582025,2,axon_pre,False,172.0,792.0,0.74
islet-adltmr,720575940881834576,720575940889267894,2,axon_pre,False,184.0,1321.0,0.21939953810623555
islet-adltmr,720575940881834576,720575940884053959,2,axon_pre,False,310.0,1688.0,0.1314475873544093
islet-adltmr,720575940881834576,720575940884879427,2,axon_pre,False,41.0,773.0,0.7122302158273381
islet-adltmr,720575940881834576,720575940939706949,2,axon_pre,False,202.0,2084.0,0.0039164490861618795
islet-adltmr,720575940881834576,720575940892851911,2,axon_pre,False,63.0,637.0,0.8205128205128205
islet-adltmr,720575940881834576,720575940911346928,2,axon_pre,False,473.0,1646.0,0.10180623973727422
islet-adltmr,720575940881949777,720575940892225442,11,axon_pre,False,202.0,1359.0,0.18777292576419213
islet-adltmr,720575940881949777,720575940875009505,10,axon_pre,False,1571.0,2191.0,0.003656307129798903
islet-adltmr,720575940881949777,720575940901395069,9,axon_pre,False,65.0,908.0,0.8785046728971962
islet-adltmr,720575940881949777,720575940923656284,8,axon_pre,False,326.0,1877.0,0.23647604327666152
islet-adltmr,720575940881949777,720575940902207984,7,axon_pre,False,1696.0,2291.0,0.004410143329658214
islet-adltmr,720575940881949777,720575940903640130,6,axon_pre,False,180.0,1455.0,0.3865979381443299
islet-adltmr,720575940881949777,720575940888983158,6,axon_pre,False,750.0,2865.0,0.3164983164983165
islet-adltmr,720575940881949777,720575940937862061,6,axon_pre,False,680.0,1219.0,0.8020833333333334
islet-adltmr,720575940881949777,720575940932165508,6,axon_pre,False,61.0,887.0,0.75
islet-adltmr,720575940881949777,720575940899441453,5,axon_pre,False,1095.0,2087.0,0.0018066847335140017
islet-adltmr,720575940881949777,720575940880749586,5,axon_pre,False,63.0,887.0,0.5728155339805825
islet-adltmr,720575940881949777,720575940900450963,5,axon_pre,False,50.0,595.0,0.21081081081081082
islet-adltmr,720575940881949777,720575940890780317,5,axon_pre,False,37.0,618.0,0.6138613861386139
islet-adltmr,720575940881949777,720575940893178538,5,axon_pre,False,885.0,2903.0,0.08536585365853659
islet-adltmr,720575940881949777,720575940897101072,5,axon_pre,False,350.0,2335.0,0.1795774647887324
islet-adltmr,720575940881949777,720575940917202564,5,axon_pre,False,61.0,768.0,0.8495575221238938
islet-adltmr,720575940881949777,720575940927248352,5,axon_pre,False,886.0,1700.0,0.7291666666666666
islet-adltmr,720575940881949777,720575940899520448,5,axon_pre,False,952.0,2215.0,0.692588092345079
islet-adltmr,720575940881949777,720575940898726546,5,axon_pre,False,1355.0,1904.0,0.1490857946554149
islet-adltmr,720575940881949777,720575940911568832,5,axon_pre,False,412.0,1924.0,0.17489986648865152
islet-adltmr,720575940881949777,720575940909809112,5,axon_pre,False,294.0,1704.0,0.12941176470588237
islet-adltmr,720575940881949777,720575940882325918,4,axon_pre,False,150.0,927.0,0.49606299212598426
islet-adltmr,720575940881949777,720575940896891210,4,axon_pre,False,2033.0,3387.0,0.011801242236024845
islet-adltmr,720575940881949777,720575940891719069,4,axon_pre,False,9.0,780.0,0.42657342657342656
islet-adltmr,720575940881949777,720575940909319571,4,axon_pre,False,53.0,818.0,0.5308641975308642
islet-adltmr,720575940881949777,720575940891538468,4,axon_pre,False,1865.0,2640.0,0.0031570639305445935
islet-adltmr,720575940881949777,720575940910384194,4,axon_pre,False,159.0,1187.0,0.1580547112462006
islet-adltmr,720575940881949777,720575940878066499,4,axon_pre,False,57.0,1007.0,0.8062015503875969
islet-adltmr,720575940881949777,720575940887741768,4,axon_pre,False,698.0,2264.0,0.16517857142857142
islet-adltmr,720575940881949777,720575940893699569,4,axon_pre,False,239.0,1412.0,0.07543520309477757
islet-adltmr,720575940881949777,720575940882584158,4,axon_pre,False,328.0,2252.0,0.4699074074074074
islet-adltmr,720575940881949777,720575940875610691,4,axon_pre,False,217.0,1441.0,0.07983193277310924
islet-adltmr,720575940881949777,720575940903413773,4,axon_pre,False,550.0,2018.0,0.3212996389891697
islet-adltmr,720575940881949777,720575940890171654,4,axon_pre,False,297.0,993.0,0.7959183673469388
islet-adltmr,720575940881949777,720575940877168904,4,axon_pre,False,2198.0,2628.0,0.0015785319652722968
islet-adltmr,720575940881949777,720575940893876487,4,axon_pre,False,1356.0,1964.0,0.02072538860103627
islet-adltmr,720575940881949777,720575940889254007,4,axon_pre,False,226.0,2676.0,0.06885758998435054
islet-adltmr,720575940881949777,720575940964297638,4,axon_pre,False,121.0,1053.0,0.6436781609195402
islet-adltmr,720575940881949777,720575940877046619,3,axon_pre,False,714.0,1585.0,0.6818181818181818
islet-adltmr,720575940881949777,720575940859668375,3,axon_pre,False,72.0,1534.0,0.5531609195402298
islet-adltmr,720575940881949777,720575940906933289,3,axon_pre,False,255.0,919.0,0.029023746701846966
islet-adltmr,720575940881949777,720575940898882035,3,axon_pre,False,53.0,695.0,0.8020833333333334
islet-adltmr,720575940881949777,720575940887031485,3,axon_pre,False,427.0,1684.0,0.6957928802588996
islet-adltmr,720575940881949777,720575940941785366,3,axon_pre,False,78.0,787.0,0.524390243902439
islet-adltmr,720575940881949777,720575940886027462,3,axon_pre,False,1794.0,2930.0,0.0013386880856760374
islet-adltmr,720575940881949777,720575940920886441,3,axon_pre,False,66.0,1826.0,0.26287262872628725
islet-adltmr,720575940881949777,720575940879203462,3,axon_pre,False,33.0,592.0,0.7972972972972973
islet-adltmr,720575940881949777,720575940888708534,3,axon_pre,False,57.0,902.0,0.8601398601398601
islet-adltmr,720575940881949777,720575940886887305,3,axon_pre,False,69.0,1474.0,0.11976047904191617
islet-adltmr,720575940881949777,720575940926870443,3,axon_pre,False,31.0,943.0,0.7387387387387387
islet-adltmr,720575940881949777,720575940930093444,3,axon_pre,False,120.0,801.0,0.84375
islet-adltmr,720575940881949777,720575940890106804,3,axon_pre,False,1837.0,2673.0,0.014621741894469168
islet-adltmr,720575940881949777,720575940871384889,3,axon_pre,False,1356.0,1917.0,0.009737098344693282
islet-adltmr,720575940881949777,720575940898827463,3,axon_pre,False,394.0,1760.0,0.4034334763948498
islet-adltmr,720575940881949777,720575940937585028,3,axon_pre,False,328.0,1418.0,0.18484288354898337
islet-adltmr,720575940881949777,720575940919601669,3,axon_pre,False,974.0,2308.0,0.013179571663920923
islet-adltmr,720575940881949777,720575940875568195,3,axon_pre,False,61.0,1478.0,0.7641921397379913
islet-adltmr,720575940881949777,720575940881885278,3,axon_pre,False,322.0,2213.0,0.3292307692307692
islet-adltmr,720575940881949777,720575940904086594,3,axon_pre,False,212.0,1495.0,0.12403100775193798
islet-adltmr,720575940881949777,720575940889933755,3,axon_pre,False,283.0,4567.0,0.08173076923076923
islet-adltmr,720575940881949777,720575940894200219,3,axon_pre,False,1858.0,2812.0,0.004070556309362279
islet-adltmr,720575940881949777,720575940912412096,3,axon_pre,False,1381.0,2392.0,0.012759170653907496
islet-adltmr,720575940881949777,720575940890193789,3,axon_pre,False,67.0,727.0,0.5957446808510638
islet-adltmr,720575940881949777,720575940903186877,3,axon_pre,False,119.0,939.0,0.6320754716981132
islet-adltmr,720575940881949777,720575940914051774,3,axon_pre,False,573.0,3121.0,0.06666666666666667
islet-adltmr,720575940881949777,720575940884035500,3,axon_pre,False,124.0,1569.0,0.3382352941176471
islet-adltmr,720575940881949777,720575940912753342,2,axon_pre,False,55.0,750.0,0.7368421052631579
islet-adltmr,720575940881949777,720575940891986419,2,axon_pre,False,46.0,1413.0,0.44932432432432434
islet-adltmr,720575940881949777,720575940911608768,2,axon_pre,False,1176.0,2261.0,0.007587253414264037
islet-adltmr,720575940881949777,720575940906160349,2,axon_pre,False,252.0,1841.0,0.25133689839572193
islet-adltmr,720575940881949777,720575940889037750,2,axon_pre,False,104.0,1637.0,0.7237288135593221
islet-adltmr,720575940881949777,720575940912566000,2,axon_pre,False,297.0,1916.0,0.7846364883401921
islet-adltmr,720575940881949777,720575940887014886,2,axon_pre,False,91.0,1654.0,0.3898305084745763
islet-adltmr,720575940881949777,720575940911654080,2,axon_pre,False,31.0,1395.0,0.4664429530201342
islet-adltmr,720575940881949777,720575940904383680,2,axon_pre,False,520.0,1857.0,0.7634252539912917
islet-adltmr,720575940881949777,720575940909137218,2,axon_pre,False,203.0,1029.0,0.8608247422680413
islet-adltmr,720575940881949777,720575940877145352,2,axon_pre,False,313.0,1789.0,0.19047619047619047
islet-adltmr,720575940881949777,720575940948987670,2,axon_pre,False,740.0,1571.0,0.7217391304347827
islet-adltmr,720575940881949777,720575940884783582,2,axon_pre,False,765.0,2235.0,0.033532934131736525
islet-adltmr,720575940881949777,720575940870551875,2,axon_pre,False,46.0,845.0,0.717948717948718
islet-adltmr,720575940881949777,720575940899561408,2,axon_pre,False,37.0,769.0,0.8725490196078431
islet-adltmr,720575940881949777,720575940893224125,2,axon_pre,False,480.0,2142.0,0.4396551724137931
islet-adltmr,720575940881949777,720575940890260230,2,axon_pre,False,251.0,1952.0,0.432
islet-adltmr,720575940881949777,720575940881728862,2,axon_pre,False,165.0,1259.0,0.21304347826086956
islet-adltmr,720575940881949777,720575940884879427,2,axon_pre,False,41.0,773.0,0.7122302158273381
islet-adltmr,720575940881949777,720575940900533373,2,axon_pre,False,286.0,1242.0,0.44148936170212766
islet-adltmr,720575940881949777,720575940915761088,2,axon_pre,False,301.0,1264.0,0.2670940170940171
islet-adltmr,720575940881949777,720575940893276061,2,axon_pre,False,72.0,735.0,0.06866952789699571
islet-adltmr,720575940881949777,720575940898527933,2,axon_pre,False,1344.0,2379.0,0.033386327503974564
islet-adltmr,720575940881949777,720575940898477757,2,axon_pre,False,253.0,2642.0,0.005108556832694764
islet-adltmr,720575940881949777,720575940909118428,2,axon_pre,False,658.0,1822.0,0.6561844863731656
islet-adltmr,720575940881949777,720575940877150216,2,axon_pre,False,224.0,1763.0,0.2556390977443609
islet-adltmr,720575940881949777,720575940880835090,2,axon_pre,False,258.0,1863.0,0.26285714285714284
islet-adltmr,720575940881949777,720575940917863563,2,axon_pre,False,292.0,1321.0,0.7589743589743589
islet-adltmr,720575940881949777,720575940890964801,2,axon_pre,False,869.0,1667.0,0.6446280991735537
islet-adltmr,720575940881949777,720575940900195057,2,axon_pre,False,141.0,480.0,0.004201680672268907
islet-adltmr,720575940881949777,720575940908275184,2,axon_pre,False,786.0,1861.0,0.7639123102866779
islet-adltmr,720575940881949777,720575940881955665,2,axon_pre,False,360.0,2170.0,0.1480865224625624
islet-adltmr,720575940881949777,720575940881844475,2,axon_pre,False,911.0,1998.0,0.7297687861271677
islet-adltmr,720575940881949777,720575940908397828,2,axon_pre,False,103.0,1313.0,0.8823529411764706
islet-adltmr,720575940881949777,720575940877000027,2,axon_pre,False,123.0,736.0,0.8260869565217391
islet-adltmr,720575940881949777,720575940887337882,2,axon_pre,False,1451.0,2502.0,0.7239648682559598
islet-adltmr,720575940881949777,720575940887254966,2,axon_pre,False,557.0,1969.0,0.7521367521367521
islet-adltmr,720575940881949777,720575940942835222,2,axon_pre,False,66.0,674.0,0.7857142857142857
islet-adltmr,720575940881949777,720575940895080061,2,axon_pre,False,212.0,1686.0,0.5403726708074534
islet-adltmr,720575940881949777,720575940899384705,2,axon_pre,False,413.0,1865.0,0.1993911719939117
islet-adltmr,720575940881949777,720575940913326212,2,axon_pre,False,51.0,420.0,0.532258064516129
islet-adltmr,720575940881949777,720575940891523364,2,axon_pre,False,346.0,1837.0,0.1426403641881639
islet-adltmr,720575940881949777,720575940888628150,2,axon_pre,False,345.0,1828.0,0.11548556430446194
islet-adltmr,720575940881949777,720575940883025885,2,axon_pre,False,213.0,2601.0,0.001075268817204301
islet-adltmr,720575940881949777,720575940927109144,2,axon_pre,False,1162.0,3222.0,0.0
islet-adltmr,720575940881949777,720575940902763375,2,axon_pre,False,308.0,1716.0,0.5108225108225108
islet-adltmr,720575940881949777,720575940888258371,2,axon_pre,False,194.0,876.0,0.5865384615384616
islet-adltmr,720575940883912476,720575940936851780,20,axon_pre,False,192.0,1677.0,0.7192982456140351
islet-adltmr,720575940883912476,720575940917246530,11,axon_pre,False,103.0,1486.0,0.4381625441696113
islet-adltmr,720575940883912476,720575940935821334,8,axon_pre,False,68.0,1620.0,0.5102040816326531
islet-adltmr,720575940883912476,720575940920014197,8,axon_pre,False,214.0,750.0,0.9382716049382716
islet-adltmr,720575940883912476,720575940896874826,7,axon_pre,False,138.0,1970.0,0.808
islet-adltmr,720575940883912476,720575940902396600,7,axon_pre,False,172.0,2120.0,0.8507936507936508
islet-adltmr,720575940883912476,720575940918247805,6,axon_pre,False,79.0,1504.0,0.7863247863247863
islet-adltmr,720575940883912476,720575940891467300,6,axon_pre,False,224.0,1141.0,0.7884615384615384
islet-adltmr,720575940883912476,720575940887014886,5,axon_pre,False,91.0,1654.0,0.3898305084745763
islet-adltmr,720575940883912476,720575940890133693,5,axon_pre,False,116.0,2487.0,0.16862745098039217
islet-adltmr,720575940883912476,720575940897043897,5,axon_pre,False,765.0,1786.0,0.6014109347442681
islet-adltmr,720575940883912476,720575940913586159,5,axon_pre,False,96.0,1331.0,0.18699186991869918
islet-adltmr,720575940883912476,720575940926650390,5,axon_pre,False,143.0,2887.0,0.07103825136612021
islet-adltmr,720575940883912476,720575940883455838,5,axon_pre,False,113.0,1488.0,0.3746130030959752
islet-adltmr,720575940883912476,720575940945445910,5,axon_pre,False,335.0,1738.0,0.5211726384364821
islet-adltmr,720575940883912476,720575940886213558,5,axon_pre,False,116.0,1760.0,0.4681528662420382
islet-adltmr,720575940883912476,720575940892352243,5,axon_pre,False,504.0,2433.0,0.5814696485623003
islet-adltmr,720575940883912476,720575940912753342,5,axon_pre,False,55.0,750.0,0.7368421052631579
islet-adltmr,720575940883912476,720575940878066499,5,axon_pre,False,57.0,1007.0,0.8062015503875969
islet-adltmr,720575940883912476,720575940936972100,5,axon_pre,False,1948.0,2451.0,0.723404255319149
islet-adltmr,720575940883912476,720575940908397828,5,axon_pre,False,103.0,1313.0,0.8823529411764706
islet-adltmr,720575940883912476,720575940904273363,5,axon_pre,False,73.0,1971.0,0.8473895582329317
islet-adltmr,720575940883912476,720575940913960107,5,axon_pre,False,75.0,1932.0,0.768595041322314
islet-adltmr,720575940883912476,720575940920055413,5,axon_pre,False,290.0,1583.0,0.5719298245614035
islet-adltmr,720575940883912476,720575940876357855,4,axon_pre,False,196.0,2848.0,0.7663043478260869
islet-adltmr,720575940883912476,720575940930881912,4,axon_pre,False,130.0,1956.0,0.19444444444444445
islet-adltmr,720575940883912476,720575940887337882,4,axon_pre,False,1451.0,2502.0,0.7239648682559598
islet-adltmr,720575940883912476,720575940870669398,4,axon_pre,False,55.0,944.0,0.671875
islet-adltmr,720575940883912476,720575940883959261,4,axon_pre,False,61.0,659.0,0.9090909090909091
islet-adltmr,720575940883912476,720575940880729694,4,axon_pre,False,298.0,2293.0,0.6997041420118343
islet-adltmr,720575940883912476,720575940890406070,3,axon_pre,False,149.0,1902.0,0.6041666666666666
islet-adltmr,720575940883912476,720575940879442142,3,axon_pre,False,133.0,1710.0,0.4365781710914454
islet-adltmr,720575940883912476,720575940929614625,3,axon_pre,False,286.0,1634.0,0.41642228739002934
islet-adltmr,720575940883912476,720575940922012224,3,axon_pre,False,127.0,2356.0,0.6075949367088608
islet-adltmr,720575940883912476,720575940921757718,3,axon_pre,False,94.0,1391.0,0.3482142857142857
islet-adltmr,720575940883912476,720575940904502259,3,axon_pre,False,32.0,1552.0,0.7083333333333334
islet-adltmr,720575940883912476,720575940911434411,3,axon_pre,False,41.0,1502.0,0.7873563218390804
islet-adltmr,720575940883912476,720575940915474837,3,axon_pre,False,200.0,1604.0,0.19957081545064378
islet-adltmr,720575940883912476,720575940955223384,3,axon_pre,False,110.0,1375.0,0.7248677248677249
islet-adltmr,720575940883912476,720575940851376243,3,axon_pre,False,114.0,2556.0,0.6360424028268551
islet-adltmr,720575940883912476,720575940928553750,3,axon_pre,False,86.0,1381.0,0.404
islet-adltmr,720575940883912476,720575940913849840,3,axon_pre,False,171.0,1953.0,0.11515151515151516
islet-adltmr,720575940883912476,720575940897603261,3,axon_pre,False,71.0,1510.0,0.3941798941798942
islet-adltmr,720575940883912476,720575940887031485,3,axon_pre,False,427.0,1684.0,0.6957928802588996
islet-adltmr,720575940883912476,720575940909751000,3,axon_pre,False,51.0,872.0,0.6355140186915887
islet-adltmr,720575940883912476,720575940911461035,3,axon_pre,False,304.0,1436.0,0.34911242603550297
islet-adltmr,720575940883912476,720575940939897366,3,axon_pre,False,175.0,1991.0,0.3712574850299401
islet-adltmr,720575940883912476,720575940880839442,3,axon_pre,False,1081.0,2538.0,0.7598684210526315
islet-adltmr,720575940883912476,720575940926099342,3,axon_pre,False,303.0,2702.0,0.2345679012345679
islet-adltmr,720575940883912476,720575940930682756,3,axon_pre,False,61.0,947.0,0.8613138686131386
islet-adltmr,720575940883912476,720575940946992404,3,axon_pre,False,97.0,1427.0,0.2564102564102564
islet-adltmr,720575940883912476,720575940897227266,3,axon_pre,False,325.0,1558.0,0.6035502958579881
islet-adltmr,720575940883912476,720575940881942622,3,axon_pre,False,994.0,1448.0,0.0012391573729863693
islet-adltmr,720575940883912476,720575940940889432,3,axon_pre,False,33.0,534.0,0.8311688311688312
islet-adltmr,720575940883912476,720575940903015658,3,axon_pre,False,117.0,1118.0,0.7738095238095238
islet-adltmr,720575940883912476,720575940869403611,3,axon_pre,False,298.0,2314.0,0.046875
islet-adltmr,720575940883912476,720575940909365019,2,axon_pre,False,56.0,1123.0,0.7313432835820896
islet-adltmr,720575940883912476,720575940951224359,2,axon_pre,False,80.0,2149.0,0.15469613259668508
islet-adltmr,720575940883912476,720575940946164246,2,axon_pre,False,125.0,1780.0,0.17557251908396945
islet-adltmr,720575940883912476,720575940886356925,2,axon_pre,False,80.0,1540.0,0.3684210526315789
islet-adltmr,720575940883912476,720575940887121095,2,axon_pre,False,71.0,1324.0,0.8104575163398693
islet-adltmr,720575940883912476,720575940885038539,2,axon_pre,False,1058.0,1950.0,0.3943217665615142
islet-adltmr,720575940883912476,720575940920840872,2,axon_pre,False,167.0,2157.0,0.6318840579710145
islet-adltmr,720575940883912476,720575940881410526,2,axon_pre,False,1624.0,5095.0,0.02433862433862434
islet-adltmr,720575940883912476,720575940894047221,2,axon_pre,False,166.0,1600.0,0.8132530120481928
islet-adltmr,720575940883912476,720575940895900830,2,axon_pre,False,133.0,1756.0,0.29873417721518986
islet-adltmr,720575940883912476,720575940945640726,2,axon_pre,False,62.0,1483.0,0.8010752688172043
islet-adltmr,720575940883912476,720575940895437726,2,axon_pre,False,65.0,1171.0,0.7342995169082126
islet-adltmr,720575940883912476,720575940886273718,2,axon_pre,False,58.0,1727.0,0.831858407079646
islet-adltmr,720575940883912476,720575940897336578,2,axon_pre,False,421.0,2101.0,0.4601063829787234
islet-adltmr,720575940883912476,720575940917126204,2,axon_pre,False,140.0,2223.0,0.03770949720670391
islet-adltmr,720575940883912476,720575940899237619,2,axon_pre,False,85.0,1870.0,0.3407202216066482
islet-adltmr,720575940883912476,720575940889223606,2,axon_pre,False,255.0,898.0,0.5210843373493976
islet-adltmr,720575940883912476,720575940890193789,2,axon_pre,False,67.0,727.0,0.5957446808510638
islet-adltmr,720575940883912476,720575940889043126,2,axon_pre,False,22.0,621.0,0.034482758620689655
islet-adltmr,720575940883912476,720575940936849174,2,axon_pre,False,528.0,1672.0,0.4024390243902439
islet-adltmr,720575940883912476,720575940896010429,2,axon_pre,False,239.0,1784.0,0.054474708171206226
islet-adltmr,720575940883912476,720575940892225442,2,axon_pre,False,202.0,1359.0,0.18777292576419213
islet-adltmr,720575940883912476,720575940895289006,2,axon_pre,False,544.0,875.0,0.8953488372093024
islet-adltmr,720575940883912476,720575940888529100,2,axon_pre,False,226.0,2327.0,0.7333333333333333
islet-adltmr,720575940883912476,720575940942835222,2,axon_pre,False,66.0,674.0,0.7857142857142857
islet-adltmr,720575940883912476,720575940881356189,2,axon_pre,False,86.0,1003.0,0.4088050314465409
islet-adltmr,720575940883912476,720575940886092470,2,axon_pre,False,51.0,1030.0,0.6714285714285714
islet-adltmr,720575940883912476,720575940899260659,2,axon_pre,False,111.0,2454.0,0.19390581717451524
islet-adltmr,720575940883912476,720575940920024949,2,axon_pre,False,221.0,3699.0,0.03293413173652695
islet-adltmr,720575940883912476,720575940887254966,2,axon_pre,False,557.0,1969.0,0.7521367521367521
islet-adltmr,720575940883912476,720575940889933755,2,axon_pre,False,283.0,4567.0,0.08173076923076923
islet-adltmr,720575940883912476,720575940887381959,2,axon_pre,False,132.0,1541.0,0.3903966597077244
islet-adltmr,720575940883912476,720575940897333250,2,axon_pre,False,95.0,791.0,0.7244897959183674
islet-adltmr,720575940883912476,720575940887277210,2,axon_pre,False,225.0,1275.0,0.1940928270042194
islet-adltmr,720575940883912476,720575940901910718,2,axon_pre,False,66.0,867.0,0.7596153846153846
islet-adltmr,720575940883912476,720575940894582025,2,axon_pre,False,172.0,792.0,0.74
islet-adltmr,720575940883912476,720575940898419709,2,axon_pre,False,355.0,18686.0,
islet-adltmr,720575940883912476,720575940899497664,2,axon_pre,False,94.0,1976.0,0.7992125984251969
islet-adltmr,720575940883912476,720575940944935702,2,axon_pre,False,130.0,1474.0,0.26688102893890675
islet-adltmr,720575940883912476,720575940916950294,2,axon_pre,False,152.0,3404.0,0.021611001964636542
islet-adltmr,720575940883912476,720575940899572400,2,axon_pre,False,124.0,1404.0,0.3161290322580645
islet-adltmr,720575940883912476,720575940897525191,2,axon_pre,False,210.0,1695.0,0.4189189189189189
islet-adltmr,720575940883912476,720575940881844475,2,axon_pre,False,911.0,1998.0,0.7297687861271677
islet-adltmr,720575940883912476,720575940939555862,2,axon_pre,False,276.0,1740.0,0.16845878136200718
islet-adltmr,720575940883912476,720575940889460918,2,axon_pre,False,115.0,2906.0,0.14330218068535824
islet-adltmr,720575940883912476,720575940889260261,2,axon_pre,False,263.0,1372.0,0.8955223880597015
islet-adltmr,720575940883912476,720575940887984054,2,axon_pre,False,1205.0,1735.0,0.003537735849056604
islet-adltmr,720575940883912476,720575940889987764,2,axon_pre,False,36.0,1635.0,0.37435897435897436
islet-adltmr,720575940883912476,720575940903220108,2,axon_pre,False,1221.0,3895.0,0.6560509554140127
islet-adltmr,720575940883912476,720575940888598983,2,axon_pre,False,159.0,2153.0,0.5235294117647059
islet-adltmr,720575940883912476,720575940893954237,2,axon_pre,False,52.0,729.0,0.6055045871559633
islet-adltmr,720575940883912476,720575940912566000,2,axon_pre,False,297.0,1916.0,0.7846364883401921
islet-adltmr,720575940883912476,720575940915389853,2,axon_pre,False,1493.0,2107.0,0.0031185031185031187
islet-adltmr,720575940883912476,720575940895987614,2,axon_pre,False,133.0,2171.0,0.3452914798206278
islet-adltmr,720575940883912476,720575940877000027,2,axon_pre,False,123.0,736.0,0.8260869565217391
islet-adltmr,720575940883912476,720575940881968222,2,axon_pre,False,248.0,3456.0,0.08227848101265822
islet-adltmr,720575940883912476,720575940888486589,2,axon_pre,False,114.0,2091.0,0.09915611814345991
ad-htmr,720575940886558498,720575940888976061,17,axon_pre,False,241.0,3311.0,0.09025270758122744
ad-htmr,720575940886558498,720575940881948923,16,axon_pre,False,234.0,1658.0,0.054673721340388004
ad-htmr,720575940886558498,720575940906054459,13,axon_pre,False,243.0,2158.0,0.03662420382165605
ad-htmr,720575940886558498,720575940908057073,13,axon_pre,False,267.0,2799.0,0.08795180722891566
ad-htmr,720575940886558498,720575940964205222,12,axon_pre,False,259.0,3229.0,0.6903073286052009
ad-htmr,720575940886558498,720575940896505053,11,axon_pre,False,160.0,2837.0,0.792654028436019
ad-htmr,720575940886558498,720575940883497054,10,axon_pre,False,236.0,3082.0,0.6742138364779874
ad-htmr,720575940886558498,720575940928314364,9,axon_pre,False,294.0,2005.0,0.27941176470588236
ad-htmr,720575940886558498,720575940907688433,8,axon_pre,False,195.0,2620.0,0.6472819216182049
ad-htmr,720575940886558498,720575940883762716,7,axon_pre,False,253.0,2555.0,0.5681063122923588
ad-htmr,720575940886558498,720575940912862208,7,axon_pre,False,274.0,1925.0,0.5465393794749404
ad-htmr,720575940886558498,720575940861413874,6,axon_pre,False,158.0,2318.0,0.024916943521594685
ad-htmr,720575940886558498,720575940933569924,6,axon_pre,False,238.0,3280.0,0.21986499517839922
ad-htmr,720575940886558498,720575940884787258,6,axon_pre,False,278.0,1944.0,0.037848605577689244
ad-htmr,720575940886558498,720575940871488313,6,axon_pre,False,226.0,751.0,0.35826771653543305
ad-htmr,720575940886558498,720575940888450115,5,axon_pre,False,134.0,2357.0,0.07926829268292683
ad-htmr,720575940886558498,720575940887342814,5,axon_pre,False,224.0,1718.0,0.22591362126245848
ad-htmr,720575940886558498,720575940925831494,5,axon_pre,False,225.0,1511.0,0.7544910179640718
ad-htmr,720575940886558498,720575940893236555,5,axon_pre,False,224.0,1615.0,0.13902439024390245
ad-htmr,720575940886558498,720575940920044149,5,axon_pre,False,749.0,2473.0,0.7680209698558322
ad-htmr,720575940886558498,720575940915202367,4,axon_pre,False,231.0,1554.0,0.27184466019417475
ad-htmr,720575940886558498,720575940892151138,4,axon_pre,False,202.0,1917.0,0.45852534562211983
ad-htmr,720575940886558498,720575940915862624,4,axon_pre,False,204.0,1873.0,0.83125
ad-htmr,720575940886558498,720575940891956925,4,axon_pre,False,149.0,2583.0,0.17827868852459017
ad-htmr,720575940886558498,720575940889934568,4,axon_pre,False,150.0,2011.0,0.224
ad-htmr,720575940886558498,720575940927109144,4,axon_pre,False,1162.0,3222.0,0.02146690518783542
ad-htmr,720575940886558498,720575940897997194,3,axon_pre,False,512.0,8774.0,
ad-htmr,720575940886558498,720575940905085750,3,axon_pre,False,197.0,1510.0,0.3772455089820359
ad-htmr,720575940886558498,720575940936905540,3,axon_pre,False,262.0,1660.0,0.09953703703703703
ad-htmr,720575940886558498,720575940935978623,3,axon_pre,False,49.0,1081.0,0.04926108374384237
ad-htmr,720575940886558498,720575940876975326,3,axon_pre,False,183.0,2926.0,0.6935123042505593
ad-htmr,720575940886558498,720575940900963269,3,axon_pre,False,383.0,2075.0,0.6678966789667896
ad-htmr,720575940886558498,720575940880398983,3,axon_pre,False,1303.0,2421.0,0.024819855884707767
ad-htmr,720575940886558498,720575940898823616,3,axon_pre,False,81.0,1718.0,0.5360169491525424
ad-htmr,720575940886558498,720575940883025885,3,axon_pre,False,213.0,2601.0,0.06989247311827956
ad-htmr,720575940886558498,720575940941132140,3,axon_pre,False,221.0,3035.0,0.48909657320872274
ad-htmr,720575940886558498,720575940898477757,3,axon_pre,False,253.0,2642.0,0.13537675606641125
ad-htmr,720575940886558498,720575940903705075,3,axon_pre,False,168.0,2476.0,0.44478063540090773
ad-htmr,720575940886558498,720575940870471390,3,axon_pre,False,407.0,2432.0,0.1111111111111111
ad-htmr,720575940886558498,720575940893842951,3,axon_pre,False,307.0,2139.0,0.4852941176470588
ad-htmr,720575940886558498,720575940891468580,3,axon_pre,False,201.0,1540.0,0.1021671826625387
ad-htmr,720575940886558498,720575940946121860,3,axon_pre,False,331.0,11400.0,
ad-htmr,720575940886558498,720575940910940321,3,axon_pre,False,150.0,1768.0,0.6574307304785895
ad-htmr,720575940886558498,720575940955236696,2,axon_pre,False,128.0,1553.0,0.7387387387387387
ad-htmr,720575940886558498,720575940937221662,2,axon_pre,False,257.0,1830.0,0.3309002433090024
ad-htmr,720575940886558498,720575940916269827,2,axon_pre,False,417.0,1288.0,0.3157894736842105
ad-htmr,720575940886558498,720575940881907281,2,axon_pre,False,232.0,602.0,0.2158273381294964
ad-htmr,720575940886558498,720575940898832327,2,axon_pre,False,125.0,1505.0,0.02
ad-htmr,720575940886558498,720575940868750061,2,axon_pre,False,475.0,735.0,0.3496932515337423
ad-htmr,720575940886558498,720575940880869521,2,axon_pre,False,211.0,1578.0,0.652
ad-htmr,720575940886558498,720575940904937663,2,axon_pre,False,144.0,944.0,0.46190476190476193
ad-htmr,720575940886558498,720575940911337833,2,axon_pre,False,295.0,685.0,0.49710982658959535
ad-htmr,720575940886558498,720575940919955061,2,axon_pre,False,231.0,1840.0,0.3525835866261398
ad-htmr,720575940886558498,720575940908784985,2,axon_pre,False,187.0,1838.0,0.3611111111111111
ad-htmr,720575940886558498,720575940894227129,2,axon_pre,False,209.0,672.0,0.35096153846153844
ad-htmr,720575940886558498,720575940881158911,2,axon_pre,False,177.0,1975.0,0.6784968684759917
ad-htmr,720575940886558498,720575940915896160,2,axon_pre,False,213.0,903.0,0.624
ad-htmr,720575940886558498,720575940903327501,2,axon_pre,False,225.0,1848.0,0.6324786324786325
ad-htmr,720575940886558498,720575940920454032,2,axon_pre,False,280.0,2067.0,0.6798561151079137
ad-htmr,720575940886558498,720575940879997826,2,axon_pre,False,372.0,1404.0,0.4166666666666667
ad-htmr,720575940886558498,720575940884042278,2,axon_pre,False,289.0,1260.0,0.08333333333333333
ad-htmr,720575940886558498,720575940894028021,2,axon_pre,False,255.0,1762.0,0.6851851851851852
ad-htmr,720575940886558498,720575940948555542,2,axon_pre,False,108.0,1769.0,0.2944606413994169
ad-htmr,720575940886558498,720575940884939979,2,axon_pre,False,243.0,4275.0,0.4219409282700422
ad-htmr,720575940886558498,720575940865430175,2,axon_pre,False,207.0,2250.0,0.546916890080429
ad-htmr,720575940886558498,720575940890618063,2,axon_pre,False,303.0,2553.0,0.06701030927835051
ad-htmr,720575940886558498,720575940915256127,2,axon_pre,False,331.0,2745.0,0.5699658703071673
ad-htmr,720575940886558498,720575940891718567,2,axon_pre,False,245.0,682.0,0.4092827004219409
IN-abltmr,720575940886922889,720575940921263822,15,axon_pre,False,169.0,1464.0,0.0032258064516129032
IN-abltmr,720575940886922889,720575940862126439,12,axon_pre,False,926.0,2541.0,0.8613445378151261
IN-abltmr,720575940886922889,720575940911532223,9,axon_pre,False,154.0,1701.0,0.009433962264150943
IN-abltmr,720575940886922889,720575940887259870,8,axon_pre,False,131.0,1546.0,0.1551155115511551
IN-abltmr,720575940886922889,720575940887131610,7,axon_pre,False,161.0,2135.0,0.0
IN-abltmr,720575940886922889,720575940917787299,6,axon_pre,False,115.0,1583.0,0.0
IN-abltmr,720575940886922889,720575940951303975,6,axon_pre,False,239.0,2018.0,0.0
IN-abltmr,720575940886922889,720575940930905464,5,axon_pre,False,576.0,1697.0,0.002150537634408602
IN-abltmr,720575940886922889,720575940936905540,5,axon_pre,False,262.0,1660.0,0.0023148148148148147
IN-abltmr,720575940886922889,720575940941132140,5,axon_pre,False,221.0,3035.0,0.102803738317757
IN-abltmr,720575940886922889,720575940948766486,5,axon_pre,False,298.0,4170.0,
IN-abltmr,720575940886922889,720575940895271370,4,axon_pre,False,151.0,2995.0,0.08333333333333333
IN-abltmr,720575940886922889,720575940886677181,4,axon_pre,False,242.0,3983.0,0.6818181818181818
IN-abltmr,720575940886922889,720575940875092567,4,axon_pre,False,135.0,1947.0,0.4759036144578313
IN-abltmr,720575940886922889,720575940896751434,4,axon_pre,False,376.0,14889.0,
IN-abltmr,720575940886922889,720575940897103545,4,axon_pre,False,210.0,8037.0,
IN-abltmr,720575940886922889,720575940876253663,4,axon_pre,False,254.0,3589.0,0.6370235934664247
IN-abltmr,720575940886922889,720575940888756406,4,axon_pre,False,438.0,2522.0,0.7290076335877863
IN-abltmr,720575940886922889,720575940897782850,4,axon_pre,False,37.0,1334.0,0.8058252427184466
IN-abltmr,720575940886922889,720575940881620931,4,axon_pre,False,685.0,1784.0,0.006153846153846154
IN-abltmr,720575940886922889,720575940900201918,4,axon_pre,False,122.0,1611.0,0.2217391304347826
IN-abltmr,720575940886922889,720575940945591318,3,axon_pre,False,84.0,883.0,0.023809523809523808
IN-abltmr,720575940886922889,720575940894671667,3,axon_pre,False,172.0,2369.0,0.007575757575757576
IN-abltmr,720575940886922889,720575940880005762,3,axon_pre,False,553.0,3286.0,0.38181818181818183
IN-abltmr,720575940886922889,720575940888995958,3,axon_pre,False,264.0,2554.0,0.14207650273224043
IN-abltmr,720575940886922889,720575940948000790,3,axon_pre,False,141.0,1646.0,0.2898550724637681
IN-abltmr,720575940886922889,720575940893842951,3,axon_pre,False,307.0,2139.0,0.2235294117647059
IN-abltmr,720575940886922889,720575940898700480,3,axon_pre,False,549.0,3026.0,0.8197026022304833
IN-abltmr,720575940886922889,720575940877122907,3,axon_pre,False,104.0,1992.0,0.14634146341463414
IN-abltmr,720575940886922889,720575940877780190,3,axon_pre,False,230.0,2398.0,0.18333333333333332
IN-abltmr,720575940886922889,720575940894647859,3,axon_pre,False,481.0,2457.0,0.4
IN-abltmr,720575940886922889,720575940920840872,3,axon_pre,False,167.0,2157.0,0.2811594202898551
IN-abltmr,720575940886922889,720575940887203510,3,axon_pre,False,159.0,7511.0,
IN-abltmr,720575940886922889,720575940894626313,3,axon_pre,False,148.0,2970.0,0.46329113924050636
IN-abltmr,720575940886922889,720575940888976061,3,axon_pre,False,241.0,3311.0,0.002707581227436823
IN-abltmr,720575940886922889,720575940933901334,3,axon_pre,False,613.0,1662.0,0.9004739336492891
IN-abltmr,720575940886922889,720575940890134196,3,axon_pre,False,456.0,1584.0,0.10837438423645321
IN-abltmr,720575940886922889,720575940886653450,3,axon_pre,False,166.0,1753.0,0.011695906432748537
IN-abltmr,720575940886922889,720575940889434806,2,axon_pre,False,95.0,1517.0,0.273972602739726
IN-abltmr,720575940886922889,720575940912517254,2,axon_pre,False,426.0,11015.0,
IN-abltmr,720575940886922889,720575940869346410,2,axon_pre,False,480.0,2037.0,0.18888888888888888
IN-abltmr,720575940886922889,720575940916131843,2,axon_pre,False,317.0,3322.0,0.12590799031476999
IN-abltmr,720575940886922889,720575940889318838,2,axon_pre,False,303.0,1921.0,0.8259493670886076
IN-abltmr,720575940886922889,720575940861450226,2,axon_pre,False,328.0,1686.0,0.0021929824561403508
IN-abltmr,720575940886922889,720575940897427645,2,axon_pre,False,1000.0,2302.0,0.9223300970873787
IN-abltmr,720575940886922889,720575940888676954,2,axon_pre,False,344.0,3123.0,0.23380281690140844
IN-abltmr,720575940886922889,720575940891880903,2,axon_pre,False,339.0,14412.0,
IN-abltmr,720575940886922889,720575940869510158,2,axon_pre,False,35.0,1056.0,0.0
IN-abltmr,720575940886922889,720575940870137475,2,axon_pre,False,331.0,3395.0,0.2833333333333333
IN-abltmr,720575940886922889,720575940882683804,2,axon_pre,False,146.0,2641.0,0.30952380952380953
IN-abltmr,720575940886922889,720575940882090362,2,axon_pre,False,302.0,2403.0,0.7482517482517482
IN-abltmr,720575940886922889,720575940906944297,2,axon_pre,False,174.0,1618.0,0.31746031746031744
IN-abltmr,720575940886922889,720575940887237086,2,axon_pre,False,113.0,2118.0,1.0
IN-abltmr,720575940886922889,720575940930782840,2,axon_pre,False,148.0,1927.0,0.4262295081967213
IN-abltmr,720575940886922889,720575940884049630,2,axon_pre,False,146.0,1481.0,0.5703125
IN-abltmr,720575940886922889,720575940898000825,2,axon_pre,False,6.0,423.0,0.2753623188405797
IN-abltmr,720575940886922889,720575940878249054,2,axon_pre,False,369.0,1708.0,0.9533678756476683
IN-abltmr,720575940886922889,720575940905767102,2,axon_pre,False,491.0,2781.0,0.9277777777777778
IN-abltmr,720575940886922889,720575940898477757,2,axon_pre,False,253.0,2642.0,0.011494252873563218
IN-abltmr,720575940886922889,720575940892542449,2,axon_pre,False,149.0,4042.0,0.8125
IN-abltmr,720575940886922889,720575940870273155,2,axon_pre,False,684.0,2453.0,0.07692307692307693
IN-abltmr,720575940886922889,720575940910186825,2,axon_pre,False,464.0,2145.0,0.13988657844990549
IN-abltmr,720575940886922889,720575940913495665,2,axon_pre,False,282.0,2813.0,0.0
IN-abltmr,720575940886922889,720575940905233395,2,axon_pre,False,168.0,2737.0,0.7564102564102564
IN-abltmr,720575940886922889,720575940894134851,2,axon_pre,False,188.0,2010.0,0.6536585365853659
IN-abltmr,720575940886922889,720575940907710654,2,axon_pre,False,115.0,1285.0,0.3105263157894737
IN-abltmr,720575940886922889,720575940881181662,2,axon_pre,False,163.0,3008.0,0.6049046321525886
IN-abltmr,720575940886922889,720575940877027419,2,axon_pre,False,87.0,1211.0,0.13725490196078433
IN-abltmr,720575940886922889,720575940923142700,2,axon_pre,False,774.0,3025.0,0.5
IN-abltmr,720575940886922889,720575940896890954,2,axon_pre,False,803.0,1526.0,0.24372759856630824
IN-abltmr,720575940886922889,720575940879237356,2,axon_pre,False,190.0,1984.0,0.26666666666666666
IN-abltmr,720575940886922889,720575940881883742,2,axon_pre,False,88.0,3364.0,0.861878453038674
IN-abltmr,720575940886922889,720575940947330070,2,axon_pre,False,377.0,3021.0,0.7949260042283298
IN-abltmr,720575940886922889,720575940897257474,2,axon_pre,False,547.0,4326.0,0.7134502923976608
IN-abltmr,720575940886922889,720575940899429309,2,axon_pre,False,114.0,4070.0,0.42023346303501946
IN-abltmr,720575940886922889,720575940881846011,2,axon_pre,False,295.0,2631.0,0.20833333333333334
IN-abltmr,720575940886922889,720575940894257597,2,axon_pre,False,106.0,2884.0,0.781021897810219
IN-abltmr,720575940886922889,720575940894192061,2,axon_pre,False,168.0,1996.0,0.21801566579634465
IN-abltmr,720575940886922889,720575940876302815,2,axon_pre,False,165.0,1418.0,0.0
IN-abltmr,720575940886922889,720575940891783335,2,axon_pre,False,380.0,3058.0,0.44565217391304346
IN-abltmr,720575940886922889,720575940874928609,2,axon_pre,False,220.0,3075.0,0.046511627906976744
IN-abltmr,720575940886922889,720575940927741611,2,axon_pre,False,50.0,1566.0,0.32710280373831774
IN-abltmr,720575940886922889,720575940921146062,2,axon_pre,False,27.0,594.0,0.20481927710843373
IN-abltmr,720575940886922889,720575940917455938,2,axon_pre,False,293.0,2538.0,
IN-abltmr,720575940886922889,720575940942713622,2,axon_pre,False,25.0,496.0,0.8910891089108911
IN-abltmr,720575940886922889,720575940889044662,2,axon_pre,False,35.0,1688.0,0.7843137254901961
ad-htmr,720575940887754056,720575940888030663,28,axon_pre,False,242.0,2809.0,0.067
ad-htmr,720575940887754056,720575940887037158,24,axon_pre,False,111.0,1680.0,0.6575963718820862
ad-htmr,720575940887754056,720575940903370509,17,axon_pre,False,931.0,2410.0,0.06343713956170703
ad-htmr,720575940887754056,720575940872685534,16,axon_pre,False,243.0,2758.0,0.1711111111111111
ad-htmr,720575940887754056,720575940883497054,11,axon_pre,False,236.0,3082.0,0.6742138364779874
ad-htmr,720575940887754056,720575940862216039,11,axon_pre,False,356.0,2752.0,0.03128491620111732
ad-htmr,720575940887754056,720575940928314364,10,axon_pre,False,294.0,2005.0,0.27941176470588236
ad-htmr,720575940887754056,720575940907988928,10,axon_pre,False,114.0,1797.0,0.862708719851577
ad-htmr,720575940887754056,720575940877129819,9,axon_pre,False,383.0,2753.0,0.05645933014354067
ad-htmr,720575940887754056,720575940892017863,8,axon_pre,False,343.0,3464.0,0.05450416351249054
ad-htmr,720575940887754056,720575940885782942,8,axon_pre,False,115.0,1916.0,0.07044410413476264
ad-htmr,720575940887754056,720575940889192567,6,axon_pre,False,308.0,1703.0,0.4254807692307692
ad-htmr,720575940887754056,720575940907688433,5,axon_pre,False,195.0,2620.0,0.6472819216182049
ad-htmr,720575940887754056,720575940896687815,5,axon_pre,False,322.0,3127.0,0.08304794520547945
ad-htmr,720575940887754056,720575940870231427,5,axon_pre,False,222.0,2296.0,0.5371517027863777
ad-htmr,720575940887754056,720575940909765848,5,axon_pre,False,183.0,1608.0,0.4012738853503185
ad-htmr,720575940887754056,720575940903186365,5,axon_pre,False,199.0,1939.0,0.2446601941747573
ad-htmr,720575940887754056,720575940897969290,4,axon_pre,False,122.0,1628.0,0.4170984455958549
ad-htmr,720575940887754056,720575940939659845,4,axon_pre,False,291.0,2548.0,0.652
ad-htmr,720575940887754056,720575940950195476,4,axon_pre,False,148.0,2118.0,0.7972413793103448
ad-htmr,720575940887754056,720575940903408397,4,axon_pre,False,231.0,1898.0,0.053784860557768925
ad-htmr,720575940887754056,720575940883025885,4,axon_pre,False,213.0,2601.0,0.06989247311827956
ad-htmr,720575940887754056,720575940930875213,4,axon_pre,False,255.0,1792.0,0.26879271070615035
ad-htmr,720575940887754056,720575940899282056,4,axon_pre,False,330.0,1951.0,0.375
ad-htmr,720575940887754056,720575940884010790,4,axon_pre,False,256.0,2513.0,0.3641207815275311
ad-htmr,720575940887754056,720575940927109144,4,axon_pre,False,1162.0,3222.0,0.02146690518783542
ad-htmr,720575940887754056,720575940889122544,3,axon_pre,False,156.0,1832.0,0.4726166328600406
ad-htmr,720575940887754056,720575940909097664,3,axon_pre,False,228.0,2676.0,0.022564102564102566
ad-htmr,720575940887754056,720575940877613278,3,axon_pre,False,69.0,1108.0,0.102803738317757
ad-htmr,720575940887754056,720575940887686343,3,axon_pre,False,328.0,907.0,0.37
ad-htmr,720575940887754056,720575940932762516,3,axon_pre,False,114.0,1820.0,0.38958333333333334
ad-htmr,720575940887754056,720575940924191621,3,axon_pre,False,193.0,1774.0,0.4152334152334152
ad-htmr,720575940887754056,720575940871951359,3,axon_pre,False,192.0,2480.0,0.5883152173913043
ad-htmr,720575940887754056,720575940894593587,3,axon_pre,False,230.0,981.0,0.3782608695652174
ad-htmr,720575940887754056,720575940897240066,3,axon_pre,False,359.0,2789.0,0.03333333333333333
ad-htmr,720575940887754056,720575940878308651,2,axon_pre,False,270.0,3006.0,0.4953519256308101
ad-htmr,720575940887754056,720575940957189908,2,axon_pre,False,111.0,1656.0,0.07526881720430108
ad-htmr,720575940887754056,720575940874036446,2,axon_pre,False,89.0,1869.0,0.19727891156462585
ad-htmr,720575940887754056,720575940869486442,2,axon_pre,False,309.0,1597.0,0.004273504273504274
ad-htmr,720575940887754056,720575940958039060,2,axon_pre,False,64.0,1693.0,0.3253012048192771
ad-htmr,720575940887754056,720575940892108999,2,axon_pre,False,108.0,1464.0,0.4609375
ad-htmr,720575940887754056,720575940897581273,2,axon_pre,False,122.0,2324.0,0.5993740219092332
ad-htmr,720575940887754056,720575940915724992,2,axon_pre,False,150.0,1701.0,0.4804177545691906
ad-htmr,720575940887754056,720575940906105659,2,axon_pre,False,60.0,2380.0,0.4103194103194103
ad-htmr,720575940887754056,720575940920006013,2,axon_pre,False,234.0,1820.0,0.21700223713646533
ad-htmr,720575940887754056,720575940881059250,2,axon_pre,False,122.0,1602.0,0.14423076923076922
ad-htmr,720575940887754056,720575940881777488,2,axon_pre,False,222.0,2312.0,0.5959079283887468
ad-htmr,720575940887754056,720575940898371315,2,axon_pre,False,88.0,780.0,0.2875816993464052
ad-htmr,720575940887754056,720575940889838568,2,axon_pre,False,501.0,711.0,0.25225225225225223
ad-htmr,720575940887754056,720575940910940321,2,axon_pre,False,150.0,1768.0,0.6574307304785895
ad-htmr,720575940887754056,720575940893395733,2,axon_pre,False,656.0,2134.0,0.016726403823178016
ad-htmr,720575940887754056,720575940917616479,2,axon_pre,False,175.0,1428.0,0.7155172413793104
ad-htmr,720575940887754056,720575940897340566,2,axon_pre,False,137.0,1921.0,0.5756756756756757
ad-htmr,720575940887754056,720575940872837746,2,axon_pre,False,209.0,1955.0,0.6264705882352941
ad-htmr,720575940887754056,720575940882436301,2,axon_pre,False,314.0,2007.0,0.29957805907172996
ad-htmr,720575940887754056,720575940914888470,2,axon_pre,False,339.0,742.0,0.468503937007874
ad-htmr,720575940887754056,720575940882122272,2,axon_pre,False,238.0,1741.0,0.06040268456375839
ad-htmr,720575940887754056,720575940882124320,2,axon_pre,False,281.0,1842.0,0.078125
ad-htmr,720575940887754056,720575940879951234,2,axon_pre,False,398.0,3580.0,0.2453416149068323
ad-htmr,720575940887754056,720575940847499885,2,axon_pre,False,272.0,3278.0,0.6526576019777504
ad-htmr,720575940887754056,720575940884939979,2,axon_pre,False,243.0,4275.0,0.4219409282700422
ad-htmr,720575940887754056,720575940922730538,2,axon_pre,False,242.0,1889.0,0.5504322766570605
ad-htmr,720575940887754056,720575940881844049,2,axon_pre,False,243.0,4075.0,0.37403740374037403
ad-htmr,720575940887754056,720575940955159896,2,axon_pre,False,165.0,1664.0,0.043583535108958835
ad-htmr,720575940887754056,720575940847468909,2,axon_pre,False,1277.0,2603.0,0.010073875083948958
ad-htmr,720575940888148336,720575940886920137,8,axon_pre,False,46.0,1402.0,0.8963414634146342
ad-htmr,720575940888148336,720575940871951359,6,axon_pre,False,192.0,2480.0,0.5883152173913043
ad-htmr,720575940888148336,720575940883497054,5,axon_pre,False,236.0,3082.0,0.6742138364779874
ad-htmr,720575940888148336,720575940908057073,5,axon_pre,False,267.0,2799.0,0.08795180722891566
ad-htmr,720575940888148336,720575940907688433,5,axon_pre,False,195.0,2620.0,0.6472819216182049
ad-htmr,720575940888148336,720575940895562480,5,axon_pre,False,77.0,1812.0,0.0843806104129264
ad-htmr,720575940888148336,720575940889421552,4,axon_pre,False,102.0,2389.0,0.7344322344322345
ad-htmr,720575940888148336,720575940897511344,4,axon_pre,False,153.0,2175.0,0.0794392523364486
ad-htmr,720575940888148336,720575940871488313,3,axon_pre,False,226.0,751.0,0.35826771653543305
ad-htmr,720575940888148336,720575940900532415,3,axon_pre,False,24.0,1350.0,0.7122040072859745
ad-htmr,720575940888148336,720575940888976061,3,axon_pre,False,241.0,3311.0,0.09025270758122744
ad-htmr,720575940888148336,720575940910098624,3,axon_pre,False,244.0,2675.0,0.685997171145686
ad-htmr,720575940888148336,720575940887526320,3,axon_pre,False,75.0,1792.0,0.839258114374034
ad-htmr,720575940888148336,720575940911532991,3,axon_pre,False,264.0,2982.0,0.038391224862888484
ad-htmr,720575940888148336,720575940932762516,3,axon_pre,False,114.0,1820.0,0.38958333333333334
ad-htmr,720575940888148336,720575940920902057,2,axon_pre,False,311.0,2643.0,0.6152980877390326
ad-htmr,720575940888148336,720575940908280304,2,axon_pre,False,188.0,2634.0,0.06871794871794872
ad-htmr,720575940888148336,720575940886853104,2,axon_pre,False,117.0,958.0,0.058823529411764705
ad-htmr,720575940888148336,720575940882637918,2,axon_pre,False,184.0,2047.0,0.7925373134328358
ad-htmr,720575940888148336,720575940871927807,2,axon_pre,False,34.0,963.0,0.582089552238806
ad-htmr,720575940888148336,720575940896505053,2,axon_pre,False,160.0,2837.0,0.792654028436019
ad-htmr,720575940888148336,720575940928897919,2,axon_pre,False,233.0,492.0,0.17557251908396945
ad-htmr,720575940888148336,720575940887686343,2,axon_pre,False,328.0,907.0,0.37
ad-htmr,720575940888148336,720575940874890718,2,axon_pre,False,93.0,1928.0,0.5522088353413654
ad-htmr,720575940888148336,720575940904329920,2,axon_pre,False,128.0,2051.0,0.5822222222222222
ad-htmr,720575940888148336,720575940928314364,2,axon_pre,False,294.0,2005.0,0.27941176470588236
ad-htmr,720575940888148336,720575940897340566,2,axon_pre,False,137.0,1921.0,0.5756756756756757
ad-htmr,720575940888148336,720575940916737348,2,axon_pre,False,44.0,953.0,0.813953488372093
ad-htmr,720575940888148336,720575940918750769,2,axon_pre,False,421.0,1339.0,0.03618421052631579
ad-htmr,720575940888148336,720575940927174424,2,axon_pre,False,346.0,3478.0,0.09775019394879751
ad-htmr,720575940888148336,720575940891797671,2,axon_pre,False,193.0,3828.0,0.576427255985267
ad-htmr,720575940888148336,720575940885207489,2,axon_pre,False,99.0,1639.0,0.770573566084788
ad-htmr,720575940888538572,720575940927109144,20,axon_pre,False,1162.0,3222.0,0.02146690518783542
ad-htmr,720575940888538572,720575940890618063,20,axon_pre,False,303.0,2553.0,0.06701030927835051
ad-htmr,720575940888538572,720575940893395733,19,axon_pre,False,656.0,2134.0,0.016726403823178016
ad-htmr,720575940888538572,720575940908057073,18,axon_pre,False,267.0,2799.0,0.08795180722891566
ad-htmr,720575940888538572,720575940907688433,18,axon_pre,False,195.0,2620.0,0.6472819216182049
ad-htmr,720575940888538572,720575940893236555,15,axon_pre,False,224.0,1615.0,0.13902439024390245
ad-htmr,720575940888538572,720575940869443690,12,axon_pre,False,753.0,2431.0,0.07827260458839407
ad-htmr,720575940888538572,720575940906054459,11,axon_pre,False,243.0,2158.0,0.03662420382165605
ad-htmr,720575940888538572,720575940885782942,10,axon_pre,False,115.0,1916.0,0.07044410413476264
ad-htmr,720575940888538572,720575940916016480,10,axon_pre,False,551.0,1461.0,0.006514657980456026
ad-htmr,720575940888538572,720575940908784985,10,axon_pre,False,187.0,1838.0,0.3611111111111111
ad-htmr,720575940888538572,720575940921394707,9,axon_pre,False,258.0,2683.0,0.04318936877076412
ad-htmr,720575940888538572,720575940925804358,9,axon_pre,False,147.0,2250.0,0.029069767441860465
ad-htmr,720575940888538572,720575940920006013,9,axon_pre,False,234.0,1820.0,0.21700223713646533
ad-htmr,720575940888538572,720575940884787258,8,axon_pre,False,278.0,1944.0,0.037848605577689244
ad-htmr,720575940888538572,720575940888793434,8,axon_pre,False,461.0,1688.0,0.30386740331491713
ad-htmr,720575940888538572,720575940879997826,8,axon_pre,False,372.0,1404.0,0.4166666666666667
ad-htmr,720575940888538572,720575940894028021,8,axon_pre,False,255.0,1762.0,0.6851851851851852
ad-htmr,720575940888538572,720575940889201125,7,axon_pre,False,229.0,1744.0,0.44630071599045346
ad-htmr,720575940888538572,720575940903370509,7,axon_pre,False,931.0,2410.0,0.06343713956170703
ad-htmr,720575940888538572,720575940964205222,7,axon_pre,False,259.0,3229.0,0.6903073286052009
ad-htmr,720575940888538572,720575940897151504,7,axon_pre,False,191.0,1461.0,0.07033639143730887
ad-htmr,720575940888538572,720575940882065440,6,axon_pre,False,282.0,2349.0,0.01877133105802048
ad-htmr,720575940888538572,720575940929535994,6,axon_pre,False,131.0,2348.0,0.5903307888040712
ad-htmr,720575940888538572,720575940888731665,6,axon_pre,False,267.0,5199.0,
ad-htmr,720575940888538572,720575940892151138,6,axon_pre,False,202.0,1917.0,0.45852534562211983
ad-htmr,720575940888538572,720575940862216039,6,axon_pre,False,356.0,2752.0,0.03128491620111732
ad-htmr,720575940888538572,720575940870231427,6,axon_pre,False,222.0,2296.0,0.5371517027863777
ad-htmr,720575940888538572,720575940881495747,6,axon_pre,False,184.0,2342.0,0.09983361064891846
ad-htmr,720575940888538572,720575940873431614,6,axon_pre,False,144.0,2296.0,0.3715753424657534
ad-htmr,720575940888538572,720575940881948923,5,axon_pre,False,234.0,1658.0,0.054673721340388004
ad-htmr,720575940888538572,720575940870182787,5,axon_pre,False,306.0,9547.0,
ad-htmr,720575940888538572,720575940912862208,5,axon_pre,False,274.0,1925.0,0.5465393794749404
ad-htmr,720575940888538572,720575940883497054,5,axon_pre,False,236.0,3082.0,0.6742138364779874
ad-htmr,720575940888538572,720575940865420959,5,axon_pre,False,145.0,2045.0,0.17494089834515367
ad-htmr,720575940888538572,720575940881906939,5,axon_pre,False,306.0,3349.0,0.0215311004784689
ad-htmr,720575940888538572,720575940922638146,4,axon_pre,False,66.0,3009.0,0.05166475315729047
ad-htmr,720575940888538572,720575940889238903,4,axon_pre,False,620.0,1197.0,0.046948356807511735
ad-htmr,720575940888538572,720575940922949405,4,axon_pre,False,511.0,1955.0,0.5029940119760479
ad-htmr,720575940888538572,720575940924191621,4,axon_pre,False,193.0,1774.0,0.4152334152334152
ad-htmr,720575940888538572,720575940877129819,4,axon_pre,False,383.0,2753.0,0.05645933014354067
ad-htmr,720575940888538572,720575940876975326,4,axon_pre,False,183.0,2926.0,0.6935123042505593
ad-htmr,720575940888538572,720575940900227298,4,axon_pre,False,149.0,2445.0,0.030303030303030304
ad-htmr,720575940888538572,720575940895686440,4,axon_pre,False,246.0,1164.0,0.043859649122807015
ad-htmr,720575940888538572,720575940884939979,4,axon_pre,False,243.0,4275.0,0.4219409282700422
ad-htmr,720575940888538572,720575940897460886,4,axon_pre,False,612.0,1733.0,0.03865979381443299
ad-htmr,720575940888538572,720575940903499199,4,axon_pre,False,69.0,1179.0,0.0486815415821501
ad-htmr,720575940888538572,720575940887342814,4,axon_pre,False,224.0,1718.0,0.22591362126245848
ad-htmr,720575940888538572,720575940920044149,4,axon_pre,False,749.0,2473.0,0.7680209698558322
ad-htmr,720575940888538572,720575940908280304,3,axon_pre,False,188.0,2634.0,0.06871794871794872
ad-htmr,720575940888538572,720575940937287807,3,axon_pre,False,79.0,1347.0,0.13810741687979539
ad-htmr,720575940888538572,720575940898477757,3,axon_pre,False,253.0,2642.0,0.13537675606641125
ad-htmr,720575940888538572,720575940887266486,3,axon_pre,False,347.0,566.0,0.195
ad-htmr,720575940888538572,720575940878302251,3,axon_pre,False,216.0,1768.0,0.2
ad-htmr,720575940888538572,720575940895436190,3,axon_pre,False,71.0,1047.0,0.023166023166023165
ad-htmr,720575940888538572,720575940871488313,3,axon_pre,False,226.0,751.0,0.35826771653543305
ad-htmr,720575940888538572,720575940882122272,3,axon_pre,False,238.0,1741.0,0.06040268456375839
ad-htmr,720575940888538572,720575940922914845,3,axon_pre,False,116.0,1432.0,0.5208333333333334
ad-htmr,720575940888538572,720575940888520652,3,axon_pre,False,444.0,2208.0,0.4942528735632184
ad-htmr,720575940888538572,720575940887146970,3,axon_pre,False,423.0,4160.0,
ad-htmr,720575940888538572,720575940895353262,3,axon_pre,False,719.0,1408.0,0.009230769230769232
ad-htmr,720575940888538572,720575940941132140,3,axon_pre,False,221.0,3035.0,0.48909657320872274
ad-htmr,720575940888538572,720575940870677846,3,axon_pre,False,252.0,1654.0,0.15367483296213807
ad-htmr,720575940888538572,720575940920454032,3,axon_pre,False,280.0,2067.0,0.6798561151079137
ad-htmr,720575940888538572,720575940895630120,3,axon_pre,False,186.0,3393.0,0.09529025191675794
ad-htmr,720575940888538572,720575940918750769,3,axon_pre,False,421.0,1339.0,0.03618421052631579
ad-htmr,720575940888538572,720575940918578502,3,axon_pre,False,81.0,1215.0,0.45263157894736844
ad-htmr,720575940888538572,720575940893336035,3,axon_pre,False,864.0,1975.0,0.29411764705882354
ad-htmr,720575940888538572,720575940883762716,3,axon_pre,False,253.0,2555.0,0.5681063122923588
ad-htmr,720575940888538572,720575940865160474,3,axon_pre,False,142.0,1853.0,0.29959514170040485
ad-htmr,720575940888538572,720575940886701545,2,axon_pre,False,21.0,401.0,0.6979166666666666
ad-htmr,720575940888538572,720575940920001149,2,axon_pre,False,156.0,1852.0,0.03744798890429958
ad-htmr,720575940888538572,720575940914890411,2,axon_pre,False,45.0,1680.0,0.1752021563342318
ad-htmr,720575940888538572,720575940923209772,2,axon_pre,False,148.0,1516.0,0.3967391304347826
ad-htmr,720575940888538572,720575940927073624,2,axon_pre,False,7.0,463.0,0.6097560975609756
ad-htmr,720575940888538572,720575940875116119,2,axon_pre,False,402.0,1246.0,0.007281553398058253
ad-htmr,720575940888538572,720575940920902057,2,axon_pre,False,311.0,2643.0,0.6152980877390326
ad-htmr,720575940888538572,720575940880857618,2,axon_pre,False,205.0,1864.0,0.5892116182572614
ad-htmr,720575940888538572,720575940895369134,2,axon_pre,False,758.0,1560.0,0.14285714285714285
ad-htmr,720575940888538572,720575940900963269,2,axon_pre,False,383.0,2075.0,0.6678966789667896
ad-htmr,720575940888538572,720575940889844712,2,axon_pre,False,206.0,1638.0,0.13442622950819672
ad-htmr,720575940888538572,720575940928347132,2,axon_pre,False,794.0,1596.0,0.03571428571428571
ad-htmr,720575940888538572,720575940897346306,2,axon_pre,False,382.0,682.0,0.18807339449541285
ad-htmr,720575940888538572,720575940862585887,2,axon_pre,False,17.0,515.0,0.18238993710691823
ad-htmr,720575940888538572,720575940902101014,2,axon_pre,False,126.0,2112.0,0.583941605839416
ad-htmr,720575940888538572,720575940930875213,2,axon_pre,False,255.0,1792.0,0.26879271070615035
ad-htmr,720575940888538572,720575940882041376,2,axon_pre,False,243.0,1196.0,0.6055045871559633
ad-htmr,720575940888538572,720575940888030663,2,axon_pre,False,242.0,2809.0,0.067
ad-htmr,720575940888538572,720575940897516249,2,axon_pre,False,113.0,1668.0,0.6776859504132231
ad-htmr,720575940888538572,720575940869481691,2,axon_pre,False,353.0,1165.0,0.051194539249146756
ad-htmr,720575940888538572,720575940929654049,2,axon_pre,False,239.0,1459.0,0.1701492537313433
ad-htmr,720575940888538572,720575940881158911,2,axon_pre,False,177.0,1975.0,0.6784968684759917
ad-htmr,720575940888538572,720575940897710000,2,axon_pre,False,44.0,1545.0,0.4467455621301775
ad-htmr,720575940888538572,720575940902554047,2,axon_pre,False,79.0,687.0,0.5984251968503937
ad-htmr,720575940888538572,720575940893953264,2,axon_pre,False,226.0,3491.0,0.0453125
ad-htmr,720575940888538572,720575940905006973,2,axon_pre,False,36.0,1173.0,0.10460251046025104
ad-htmr,720575940888538572,720575940918655558,2,axon_pre,False,40.0,638.0,0.7515923566878981
ad-htmr,720575940888538572,720575940886088944,2,axon_pre,False,94.0,1643.0,0.3180722891566265
ad-htmr,720575940888538572,720575940915256127,2,axon_pre,False,331.0,2745.0,0.5699658703071673
ad-htmr,720575940888538572,720575940887037158,2,axon_pre,False,111.0,1680.0,0.6575963718820862
ad-htmr,720575940888538572,720575940891718567,2,axon_pre,False,245.0,682.0,0.4092827004219409
ad-htmr,720575940888538572,720575940927174424,2,axon_pre,False,346.0,3478.0,0.09775019394879751
ad-htmr,720575940888538572,720575940937221662,2,axon_pre,False,257.0,1830.0,0.3309002433090024
ad-htmr,720575940888538572,720575940891164342,2,axon_pre,False,218.0,918.0,0.019230769230769232
ad-htmr,720575940888538572,720575940880924893,2,axon_pre,False,94.0,867.0,0.30939226519337015
ad-htmr,720575940888538572,720575940891956925,2,axon_pre,False,149.0,2583.0,0.17827868852459017
ad-htmr,720575940888538572,720575940882124320,2,axon_pre,False,281.0,1842.0,0.078125
ad-htmr,720575940888538572,720575940865191962,2,axon_pre,False,322.0,1490.0,0.003246753246753247
ad-htmr,720575940888538572,720575940886120390,2,axon_pre,False,1027.0,2347.0,0.44712182061579653
ad-htmr,720575940888538572,720575940899278018,2,axon_pre,False,140.0,1760.0,0.22957198443579765
ad-htmr,720575940888538572,720575940909320219,2,axon_pre,False,250.0,3003.0,0.27790973871733965
ad-htmr,720575940888538572,720575940893895175,2,axon_pre,False,258.0,2387.0,0.5157232704402516
ad-htmr,720575940888538572,720575940889249143,2,axon_pre,False,244.0,1810.0,0.11822660098522167
ad-htmr,720575940888538572,720575940920415120,2,axon_pre,False,457.0,2572.0,0.7315340909090909
ad-htmr,720575940888538572,720575940914039998,2,axon_pre,False,418.0,743.0,0.24897959183673468
ad-htmr,720575940888538572,720575940915676096,2,axon_pre,False,216.0,4380.0,0.44414535666218036
ad-htmr,720575940888538572,720575940881883217,2,axon_pre,False,243.0,1852.0,0.2617924528301887
ad-htmr,720575940888538572,720575940888976061,2,axon_pre,False,241.0,3311.0,0.09025270758122744
ad-htmr,720575940888538572,720575940899257026,2,axon_pre,False,159.0,1144.0,0.019753086419753086
ad-htmr,720575940888538572,720575940936905540,2,axon_pre,False,262.0,1660.0,0.09953703703703703
ad-htmr,720575940888538572,720575940922934557,2,axon_pre,False,273.0,2660.0,
ad-htmr,720575940888538572,720575940887741768,2,axon_pre,False,698.0,2264.0,0.17410714285714285
ad-htmr,720575940888538572,720575940899824527,2,axon_pre,False,183.0,1383.0,0.03943661971830986
ad-htmr,720575940888538572,720575940917721763,2,axon_pre,False,302.0,1599.0,0.1749271137026239
ad-htmr,720575940888538572,720575940919955061,2,axon_pre,False,231.0,1840.0,0.3525835866261398
ad-htmr,720575940888538572,720575940902589394,2,axon_pre,False,152.0,2674.0,0.09054054054054055
ad-htmr,720575940888538572,720575940915202367,2,axon_pre,False,231.0,1554.0,0.27184466019417475
ad-htmr,720575940888538572,720575940920790440,2,axon_pre,False,165.0,1821.0,0.7212713936430318
ad-htmr,720575940888538572,720575940948894998,2,axon_pre,False,149.0,1464.0,0.24594594594594596
ad-htmr,720575940888538572,720575940883481950,2,axon_pre,False,208.0,2596.0,0.08949880668257756
ad-htmr,720575940888538572,720575940893842951,2,axon_pre,False,307.0,2139.0,0.4852941176470588
ad-htmr,720575940888538572,720575940914080496,2,axon_pre,False,97.0,1181.0,0.7752808988764045
ad-htmr,720575940888538572,720575940862200935,2,axon_pre,False,136.0,982.0,0.8411214953271028
IN-abltmr,720575940890985281,720575940891183798,38,axon_pre,False,428.0,2050.0,0.01276595744680851
IN-abltmr,720575940890985281,720575940891181902,21,axon_pre,False,782.0,1888.0,0.007556675062972292
IN-abltmr,720575940890985281,720575940879220460,11,axon_pre,False,204.0,1765.0,0.0076726342710997444
IN-abltmr,720575940890985281,720575940897460886,10,axon_pre,False,612.0,1733.0,0.0
IN-abltmr,720575940890985281,720575940878916148,10,axon_pre,False,244.0,914.0,0.0
IN-abltmr,720575940890985281,720575940889028178,10,axon_pre,False,86.0,2280.0,0.1466346153846154
IN-abltmr,720575940890985281,720575940885095808,9,axon_pre,False,181.0,1998.0,0.007246376811594203
IN-abltmr,720575940890985281,720575940900956101,9,axon_pre,False,684.0,1770.0,0.008733624454148471
IN-abltmr,720575940890985281,720575940881968222,9,axon_pre,False,248.0,3456.0,0.8496835443037974
IN-abltmr,720575940890985281,720575940893177002,8,axon_pre,False,558.0,2174.0,0.011811023622047244
IN-abltmr,720575940890985281,720575940882152932,8,axon_pre,False,219.0,1617.0,0.005813953488372093
IN-abltmr,720575940890985281,720575940894647859,8,axon_pre,False,481.0,2457.0,0.4
IN-abltmr,720575940890985281,720575940905061686,8,axon_pre,False,359.0,900.0,0.0
IN-abltmr,720575940890985281,720575940875640030,8,axon_pre,False,336.0,2372.0,0.2926829268292683
IN-abltmr,720575940890985281,720575940883492517,7,axon_pre,False,307.0,3500.0,0.12552301255230125
IN-abltmr,720575940890985281,720575940869346410,7,axon_pre,False,480.0,2037.0,0.18888888888888888
IN-abltmr,720575940890985281,720575940928347132,7,axon_pre,False,794.0,1596.0,0.34415584415584416
IN-abltmr,720575940890985281,720575940894617044,7,axon_pre,False,284.0,2271.0,0.21551724137931033
IN-abltmr,720575940890985281,720575940900035780,6,axon_pre,False,172.0,1914.0,0.003937007874015748
IN-abltmr,720575940890985281,720575940898700480,6,axon_pre,False,549.0,3026.0,0.8197026022304833
IN-abltmr,720575940890985281,720575940897381378,6,axon_pre,False,216.0,1392.0,0.0
IN-abltmr,720575940890985281,720575940908781145,6,axon_pre,False,373.0,1512.0,0.01078167115902965
IN-abltmr,720575940890985281,720575940892205566,5,axon_pre,False,727.0,3070.0,0.3107344632768362
IN-abltmr,720575940890985281,720575940891407652,5,axon_pre,False,273.0,2008.0,0.396078431372549
IN-abltmr,720575940890985281,720575940930905464,5,axon_pre,False,576.0,1697.0,0.002150537634408602
IN-abltmr,720575940890985281,720575940903679779,5,axon_pre,False,245.0,950.0,0.0
IN-abltmr,720575940890985281,720575940875116119,5,axon_pre,False,402.0,1246.0,0.0
IN-abltmr,720575940890985281,720575940883852828,5,axon_pre,False,277.0,3033.0,0.12162162162162163
IN-abltmr,720575940890985281,720575940904086480,5,axon_pre,False,427.0,1101.0,0.0
IN-abltmr,720575940890985281,720575940900203198,5,axon_pre,False,279.0,1454.0,0.6709677419354839
IN-abltmr,720575940890985281,720575940886926839,4,axon_pre,False,58.0,865.0,0.0
IN-abltmr,720575940890985281,720575940918750769,4,axon_pre,False,421.0,1339.0,0.0
IN-abltmr,720575940890985281,720575940886677181,4,axon_pre,False,242.0,3983.0,0.6818181818181818
IN-abltmr,720575940890985281,720575940882525989,4,axon_pre,False,195.0,1247.0,0.0
IN-abltmr,720575940890985281,720575940894016757,4,axon_pre,False,216.0,2253.0,0.0078125
IN-abltmr,720575940890985281,720575940940380075,4,axon_pre,False,544.0,1710.0,0.010443864229765013
IN-abltmr,720575940890985281,720575940917429907,4,axon_pre,False,401.0,2125.0,0.0023094688221709007
IN-abltmr,720575940890985281,720575940878955572,4,axon_pre,False,536.0,2882.0,0.22916666666666666
IN-abltmr,720575940890985281,720575940891783335,4,axon_pre,False,380.0,3058.0,0.44565217391304346
IN-abltmr,720575940890985281,720575940902279425,4,axon_pre,False,104.0,1692.0,0.1889400921658986
IN-abltmr,720575940890985281,720575940915578005,3,axon_pre,False,563.0,3446.0,0.17105263157894737
IN-abltmr,720575940890985281,720575940919612933,3,axon_pre,False,223.0,927.0,0.0
IN-abltmr,720575940890985281,720575940894666964,3,axon_pre,False,216.0,2014.0,0.7104247104247104
IN-abltmr,720575940890985281,720575940862126439,3,axon_pre,False,926.0,2541.0,0.8613445378151261
IN-abltmr,720575940890985281,720575940917011478,3,axon_pre,False,157.0,5974.0,
IN-abltmr,720575940890985281,720575940891184310,3,axon_pre,False,513.0,3545.0,0.5157894736842106
IN-abltmr,720575940890985281,720575940888148592,3,axon_pre,False,592.0,2477.0,0.20673076923076922
IN-abltmr,720575940890985281,720575940892542449,3,axon_pre,False,149.0,4042.0,0.8125
IN-abltmr,720575940890985281,720575940951303975,3,axon_pre,False,239.0,2018.0,0.0
IN-abltmr,720575940890985281,720575940903962287,3,axon_pre,False,246.0,1618.0,0.0
IN-abltmr,720575940890985281,720575940871586014,3,axon_pre,False,470.0,2774.0,0.7678207739307535
IN-abltmr,720575940890985281,720575940890134196,3,axon_pre,False,456.0,1584.0,0.10837438423645321
IN-abltmr,720575940890985281,720575940888525260,3,axon_pre,False,202.0,1638.0,0.017811704834605598
IN-abltmr,720575940890985281,720575940869443690,3,axon_pre,False,753.0,2431.0,0.010796221322537112
IN-abltmr,720575940890985281,720575940878956340,3,axon_pre,False,781.0,1666.0,0.016317016317016316
IN-abltmr,720575940890985281,720575940884787258,3,axon_pre,False,278.0,1944.0,0.0
IN-abltmr,720575940890985281,720575940883197911,3,axon_pre,False,459.0,1970.0,0.015
IN-abltmr,720575940890985281,720575940881620931,3,axon_pre,False,685.0,1784.0,0.006153846153846154
IN-abltmr,720575940890985281,720575940889995963,3,axon_pre,False,112.0,1441.0,0.44970414201183434
IN-abltmr,720575940890985281,720575940895349177,3,axon_pre,False,687.0,2341.0,0.8263888888888888
IN-abltmr,720575940890985281,720575940877035272,3,axon_pre,False,319.0,2848.0,0.12962962962962962
IN-abltmr,720575940890985281,720575940920848808,3,axon_pre,False,152.0,1011.0,0.0
IN-abltmr,720575940890985281,720575940921263822,3,axon_pre,False,169.0,1464.0,0.0032258064516129032
IN-abltmr,720575940890985281,720575940881935355,3,axon_pre,False,481.0,1829.0,0.005376344086021506
IN-abltmr,720575940890985281,720575940916016480,3,axon_pre,False,551.0,1461.0,0.0
IN-abltmr,720575940890985281,720575940915761088,3,axon_pre,False,301.0,1264.0,0.6602564102564102
IN-abltmr,720575940890985281,720575940908386564,3,axon_pre,False,301.0,914.0,0.0
IN-abltmr,720575940890985281,720575940889434806,3,axon_pre,False,95.0,1517.0,0.273972602739726
IN-abltmr,720575940890985281,720575940930813560,3,axon_pre,False,161.0,3775.0,0.3732394366197183
IN-abltmr,720575940890985281,720575940919917041,3,axon_pre,False,376.0,1388.0,0.6116838487972509
IN-abltmr,720575940890985281,720575940924467266,2,axon_pre,False,224.0,1349.0,0.019230769230769232
IN-abltmr,720575940890985281,720575940899143251,2,axon_pre,False,63.0,964.0,0.0
IN-abltmr,720575940890985281,720575940875184727,2,axon_pre,False,197.0,2883.0,0.34108527131782945
IN-abltmr,720575940890985281,720575940899257026,2,axon_pre,False,159.0,1144.0,0.0
IN-abltmr,720575940890985281,720575940914883824,2,axon_pre,False,562.0,1137.0,0.0
IN-abltmr,720575940890985281,720575940910079168,2,axon_pre,False,37.0,1466.0,0.48788927335640137
IN-abltmr,720575940890985281,720575940890245126,2,axon_pre,False,752.0,2598.0,0.034722222222222224
IN-abltmr,720575940890985281,720575940880005762,2,axon_pre,False,553.0,3286.0,0.38181818181818183
IN-abltmr,720575940890985281,720575940894028021,2,axon_pre,False,255.0,1762.0,0.0
IN-abltmr,720575940890985281,720575940963453716,2,axon_pre,False,54.0,1248.0,0.34572490706319703
IN-abltmr,720575940890985281,720575940880848529,2,axon_pre,False,422.0,3374.0,0.32947976878612717
IN-abltmr,720575940890985281,720575940902583537,2,axon_pre,False,19.0,423.0,0.8571428571428571
IN-abltmr,720575940890985281,720575940887131610,2,axon_pre,False,161.0,2135.0,0.0
IN-abltmr,720575940890985281,720575940898748921,2,axon_pre,False,285.0,2234.0,0.8065573770491803
IN-abltmr,720575940890985281,720575940941106028,2,axon_pre,False,504.0,2033.0,0.0
IN-abltmr,720575940890985281,720575940883543461,2,axon_pre,False,210.0,973.0,0.0034482758620689655
IN-abltmr,720575940890985281,720575940881910353,2,axon_pre,False,122.0,2463.0,0.1446700507614213
IN-abltmr,720575940890985281,720575940878302251,2,axon_pre,False,216.0,1768.0,0.01348314606741573
IN-abltmr,720575940890985281,720575940879951234,2,axon_pre,False,398.0,3580.0,0.546583850931677
IN-abltmr,720575940890985281,720575940894200219,2,axon_pre,False,1858.0,2812.0,0.0033921302578018998
IN-abltmr,720575940890985281,720575940899281090,2,axon_pre,False,703.0,1335.0,0.004484304932735426
IN-abltmr,720575940890985281,720575940908057073,2,axon_pre,False,267.0,2799.0,0.0
IN-abltmr,720575940890985281,720575940920882345,2,axon_pre,False,695.0,1971.0,0.5216216216216216
IN-abltmr,720575940890985281,720575940891164342,2,axon_pre,False,218.0,918.0,0.0
IN-abltmr,720575940890985281,720575940892592500,2,axon_pre,False,95.0,1846.0,0.002320185614849188
IN-abltmr,720575940890985281,720575940959082260,2,axon_pre,False,328.0,5748.0,
IN-abltmr,720575940890985281,720575940893226173,2,axon_pre,False,398.0,1674.0,0.9256756756756757
IN-abltmr,720575940890985281,720575940896891210,2,axon_pre,False,2033.0,3387.0,0.0018633540372670807
IN-abltmr,720575940890985281,720575940877485367,2,axon_pre,False,290.0,2876.0,0.12727272727272726
IN-abltmr,720575940890985281,720575940878312571,2,axon_pre,False,570.0,1254.0,0.13074204946996468
IN-abltmr,720575940890985281,720575940887146970,2,axon_pre,False,423.0,4160.0,
IN-abltmr,720575940890985281,720575940925720646,2,axon_pre,False,243.0,2716.0,0.23214285714285715
IN-abltmr,720575940890985281,720575940881603779,2,axon_pre,False,178.0,2989.0,0.27472527472527475
IN-abltmr,720575940890985281,720575940915578261,2,axon_pre,False,106.0,1644.0,0.009111617312072893
IN-abltmr,720575940890985281,720575940895369134,2,axon_pre,False,758.0,1560.0,0.6414565826330533
IN-abltmr,720575940890985281,720575940869481691,2,axon_pre,False,353.0,1165.0,0.0
IN-abltmr,720575940890985281,720575940897997194,2,axon_pre,False,512.0,8774.0,
IN-abltmr,720575940890985281,720575940927244256,2,axon_pre,False,483.0,2750.0,0.32941176470588235
IN-abltmr,720575940890985281,720575940886268836,2,axon_pre,False,228.0,1867.0,0.109375
IN-abltmr,720575940890985281,720575940893777899,2,axon_pre,False,113.0,1507.0,0.005747126436781609
IN-abltmr,720575940890985281,720575940902703006,2,axon_pre,False,652.0,1594.0,0.007692307692307693
IN-abltmr,720575940890985281,720575940899153235,2,axon_pre,False,339.0,954.0,0.0
IN-abltmr,720575940890985281,720575940917769099,2,axon_pre,False,355.0,3057.0,0.09615384615384616
IN-abltmr,720575940890985281,720575940913308862,2,axon_pre,False,45.0,841.0,0.0
IN-abltmr,720575940890985281,720575940899954622,2,axon_pre,False,280.0,9362.0,
IN-abltmr,720575940890985281,720575940897427645,2,axon_pre,False,1000.0,2302.0,0.9223300970873787
IN-abltmr,720575940890985281,720575940892652404,2,axon_pre,False,156.0,1180.0,0.0
IN-abltmr,720575940890985281,720575940902653906,2,axon_pre,False,785.0,2720.0,
IN-abltmr,720575940890985281,720575940899688893,2,axon_pre,False,299.0,8915.0,
IN-abltmr,720575940890985281,720575940909769176,2,axon_pre,False,358.0,1231.0,0.0
IN-abltmr,720575940890985281,720575940891797671,2,axon_pre,False,193.0,3828.0,0.13627992633517497
IN-abltmr,720575940890985281,720575940922934557,2,axon_pre,False,273.0,2660.0,
IN-abltmr,720575940890985281,720575940883481950,2,axon_pre,False,208.0,2596.0,0.00477326968973747
IN-abltmr,720575940890985281,720575940881496003,2,axon_pre,False,181.0,1703.0,0.21052631578947367
IN-abltmr,720575940890985281,720575940897067449,2,axon_pre,False,91.0,1534.0,0.6370967741935484
IN-abltmr,720575940890985281,720575940879237356,2,axon_pre,False,190.0,1984.0,0.26666666666666666
IN-abltmr,720575940890985281,720575940906164189,2,axon_pre,False,216.0,1040.0,0.0
IN-abltmr,720575940890985281,720575940887203510,2,axon_pre,False,159.0,7511.0,
IN-abltmr,720575940890985281,720575940900198777,2,axon_pre,False,193.0,2021.0,0.1598173515981735
IN-abltmr,720575940890985281,720575940881931601,2,axon_pre,False,117.0,1692.0,0.0166270783847981
islet-chtmr,720575940893449483,720575940882152932,3,axon_pre,False,219.0,1617.0,0.35755813953488375
islet-chtmr,720575940893449483,720575940920006013,3,axon_pre,False,234.0,1820.0,0.2214765100671141
islet-chtmr,720575940893449483,720575940873431614,3,axon_pre,False,144.0,2296.0,0.04794520547945205
islet-chtmr,720575940893449483,720575940913551473,3,axon_pre,False,212.0,1695.0,0.22128851540616246
islet-chtmr,720575940893449483,720575940909769176,2,axon_pre,False,358.0,1231.0,0.774869109947644
islet-chtmr,720575940893449483,720575940894674441,2,axon_pre,False,156.0,840.0,0.8865979381443299
islet-chtmr,720575940893449483,720575940897305090,2,axon_pre,False,67.0,855.0,0.8394648829431438
islet-chtmr,720575940893449483,720575940882436301,2,axon_pre,False,314.0,2007.0,0.23417721518987342
islet-chtmr,720575940893449483,720575940937783725,2,axon_pre,False,190.0,1720.0,0.6087962962962963
islet-chtmr,720575940893449483,720575940922709290,2,axon_pre,False,329.0,1160.0,0.796969696969697
islet-chtmr,720575940893449483,720575940892112738,2,axon_pre,False,230.0,1155.0,0.838006230529595
islet-chtmr,720575940893449483,720575940898860281,2,axon_pre,False,112.0,1024.0,0.38461538461538464
islet-chtmr,720575940893449483,720575940924148613,2,axon_pre,False,245.0,1307.0,0.6755162241887905
islet-chtmr,720575940893449483,720575940892226247,2,axon_pre,False,65.0,959.0,0.7770491803278688
islet-chtmr,720575940893449483,720575940916016480,2,axon_pre,False,551.0,1461.0,0.5472312703583062
ad-htmr,720575940897166352,720575940869432795,25,axon_pre,False,293.0,2446.0,0.2147937411095306
ad-htmr,720575940897166352,720575940910098624,25,axon_pre,False,244.0,2675.0,0.685997171145686
ad-htmr,720575940897166352,720575940908280304,22,axon_pre,False,188.0,2634.0,0.06871794871794872
ad-htmr,720575940897166352,720575940902777455,18,axon_pre,False,252.0,3487.0,0.09119251753702261
ad-htmr,720575940897166352,720575940896687815,15,axon_pre,False,322.0,3127.0,0.08304794520547945
ad-htmr,720575940897166352,720575940903508671,15,axon_pre,False,201.0,2469.0,0.0918580375782881
ad-htmr,720575940897166352,720575940918191413,14,axon_pre,False,422.0,3952.0,0.0982620320855615
ad-htmr,720575940897166352,720575940900764096,11,axon_pre,False,174.0,2133.0,0.14556962025316456
ad-htmr,720575940897166352,720575940903369151,9,axon_pre,False,76.0,2252.0,0.6105769230769231
ad-htmr,720575940897166352,720575940880975615,8,axon_pre,False,154.0,1887.0,0.23076923076923078
ad-htmr,720575940897166352,720575940900889280,8,axon_pre,False,142.0,2638.0,0.781908302354399
ad-htmr,720575940897166352,720575940892150526,8,axon_pre,False,140.0,1852.0,0.4351648351648352
ad-htmr,720575940897166352,720575940910940321,7,axon_pre,False,150.0,1768.0,0.6574307304785895
ad-htmr,720575940897166352,720575940906296626,7,axon_pre,False,260.0,1891.0,0.5118110236220472
ad-htmr,720575940897166352,720575940896171763,7,axon_pre,False,266.0,3541.0,0.057119205298013245
ad-htmr,720575940897166352,720575940925813318,7,axon_pre,False,242.0,1123.0,0.0
ad-htmr,720575940897166352,720575940901141695,6,axon_pre,False,187.0,2454.0,0.04266389177939646
ad-htmr,720575940897166352,720575940878679807,6,axon_pre,False,187.0,2519.0,0.7161214953271028
ad-htmr,720575940897166352,720575940889122544,5,axon_pre,False,156.0,1832.0,0.4726166328600406
ad-htmr,720575940897166352,720575940914191600,5,axon_pre,False,114.0,1664.0,0.8329853862212944
ad-htmr,720575940897166352,720575940893306851,5,axon_pre,False,164.0,1976.0,0.3058823529411765
ad-htmr,720575940897166352,720575940903408397,5,axon_pre,False,231.0,1898.0,0.053784860557768925
ad-htmr,720575940897166352,720575940915724992,5,axon_pre,False,150.0,1701.0,0.4804177545691906
ad-htmr,720575940897166352,720575940950623764,4,axon_pre,False,1257.0,3094.0,0.03594420600858369
ad-htmr,720575940897166352,720575940930825293,4,axon_pre,False,249.0,1784.0,0.5282051282051282
ad-htmr,720575940897166352,720575940883025885,4,axon_pre,False,213.0,2601.0,0.06989247311827956
ad-htmr,720575940897166352,720575940891853296,4,axon_pre,False,118.0,2239.0,0.662992125984252
ad-htmr,720575940897166352,720575940962164756,4,axon_pre,False,1484.0,2679.0,0.020380434782608696
ad-htmr,720575940897166352,720575940919948917,4,axon_pre,False,68.0,1713.0,0.136
ad-htmr,720575940897166352,720575940899174536,4,axon_pre,False,313.0,4330.0,0.7915273132664437
ad-htmr,720575940897166352,720575940888976061,4,axon_pre,False,241.0,3311.0,0.09025270758122744
ad-htmr,720575940897166352,720575940933729407,4,axon_pre,False,19.0,417.0,0.13095238095238096
ad-htmr,720575940897166352,720575940927149336,4,axon_pre,False,288.0,1746.0,0.5187165775401069
ad-htmr,720575940897166352,720575940885985734,4,axon_pre,False,218.0,750.0,0.7866666666666666
ad-htmr,720575940897166352,720575940898149552,4,axon_pre,False,96.0,1828.0,0.25462962962962965
ad-htmr,720575940897166352,720575940881526723,4,axon_pre,False,404.0,1785.0,0.07589285714285714
ad-htmr,720575940897166352,720575940888933494,3,axon_pre,False,207.0,2817.0,0.05137614678899083
ad-htmr,720575940897166352,720575940957220628,3,axon_pre,False,1318.0,2583.0,0.032647267565649396
ad-htmr,720575940897166352,720575940889094343,3,axon_pre,False,128.0,1690.0,0.17257683215130024
ad-htmr,720575940897166352,720575940889608903,3,axon_pre,False,96.0,1772.0,0.6565656565656566
ad-htmr,720575940897166352,720575940927174424,3,axon_pre,False,346.0,3478.0,0.09775019394879751
ad-htmr,720575940897166352,720575940868489112,3,axon_pre,False,263.0,2439.0,0.22043010752688172
ad-htmr,720575940897166352,720575940954169108,3,axon_pre,False,125.0,1665.0,0.43795620437956206
ad-htmr,720575940897166352,720575940886001350,3,axon_pre,False,289.0,3637.0,0.6981132075471698
ad-htmr,720575940897166352,720575940903499199,3,axon_pre,False,69.0,1179.0,0.0486815415821501
ad-htmr,720575940897166352,720575940883419045,3,axon_pre,False,145.0,3760.0,0.7245804540967423
ad-htmr,720575940897166352,720575940920044149,3,axon_pre,False,749.0,2473.0,0.7680209698558322
ad-htmr,720575940897166352,720575940847534701,3,axon_pre,False,219.0,1232.0,0.1166077738515901
ad-htmr,720575940897166352,720575940925742918,3,axon_pre,False,132.0,2610.0,0.756198347107438
ad-htmr,720575940897166352,720575940939131263,3,axon_pre,False,82.0,1703.0,0.2171945701357466
ad-htmr,720575940897166352,720575940914879061,3,axon_pre,False,63.0,705.0,0.5774647887323944
ad-htmr,720575940897166352,720575940882586780,2,axon_pre,False,329.0,9534.0,
ad-htmr,720575940897166352,720575940933723775,2,axon_pre,False,923.0,1824.0,0.023169601482854494
ad-htmr,720575940897166352,720575940870471390,2,axon_pre,False,407.0,2432.0,0.1111111111111111
ad-htmr,720575940897166352,720575940879750390,2,axon_pre,False,181.0,1347.0,0.7466666666666667
ad-htmr,720575940897166352,720575940920902057,2,axon_pre,False,311.0,2643.0,0.6152980877390326
ad-htmr,720575940897166352,720575940963357716,2,axon_pre,False,228.0,4263.0,0.6416747809152873
ad-htmr,720575940897166352,720575940911532991,2,axon_pre,False,264.0,2982.0,0.038391224862888484
ad-htmr,720575940897166352,720575940905928127,2,axon_pre,False,29.0,1042.0,0.028985507246376812
ad-htmr,720575940897166352,720575940897511344,2,axon_pre,False,153.0,2175.0,0.0794392523364486
ad-htmr,720575940897166352,720575940892406215,2,axon_pre,False,115.0,1494.0,0.10704225352112676
ad-htmr,720575940897166352,720575940927197664,2,axon_pre,False,726.0,2823.0,0.21148825065274152
ad-htmr,720575940897166352,720575940939171967,2,axon_pre,False,343.0,782.0,0.29545454545454547
ad-htmr,720575940897166352,720575940883781404,2,axon_pre,False,318.0,5036.0,0.5919854280510018
ad-htmr,720575940897166352,720575940893932272,2,axon_pre,False,135.0,1783.0,0.034528552456839307
ad-htmr,720575940897166352,720575940906252275,2,axon_pre,False,583.0,2029.0,0.14333333333333334
ad-htmr,720575940897166352,720575940886901703,2,axon_pre,False,303.0,1622.0,0.1745635910224439
ad-htmr,720575940897166352,720575940881059250,2,axon_pre,False,122.0,1602.0,0.14423076923076922
ad-htmr,720575940897166352,720575940937287807,2,axon_pre,False,79.0,1347.0,0.13810741687979539
ad-htmr,720575940897166352,720575940929535994,2,axon_pre,False,131.0,2348.0,0.5903307888040712
ad-htmr,720575940897166352,720575940896650461,2,axon_pre,False,115.0,2318.0,0.7671957671957672
ad-htmr,720575940897166352,720575940877470775,2,axon_pre,False,271.0,3383.0,0.6198830409356725
ad-htmr,720575940897166352,720575940920415120,2,axon_pre,False,457.0,2572.0,0.7315340909090909
ad-htmr,720575940897166352,720575940896505053,2,axon_pre,False,160.0,2837.0,0.792654028436019
ad-htmr,720575940897166352,720575940893842951,2,axon_pre,False,307.0,2139.0,0.4852941176470588
ad-htmr,720575940897166352,720575940928708223,2,axon_pre,False,78.0,1080.0,0.03211009174311927
ad-htmr,720575940897166352,720575940906768995,2,axon_pre,False,260.0,1591.0,0.24634146341463414
ad-htmr,720575940897166352,720575940899227330,2,axon_pre,False,77.0,1026.0,0.028409090909090908
ad-htmr,720575940897166352,720575940886272676,2,axon_pre,False,247.0,1675.0,0.3695652173913043
ad-htmr,720575940897166352,720575940915975264,2,axon_pre,False,245.0,1396.0,0.043333333333333335
ad-htmr,720575940897166352,720575940939013759,2,axon_pre,False,81.0,1868.0,0.42340425531914894
ad-htmr,720575940897166352,720575940881158911,2,axon_pre,False,177.0,1975.0,0.6784968684759917
ad-htmr,720575940897166352,720575940900988613,2,axon_pre,False,228.0,1545.0,0.16489361702127658
ad-htmr,720575940897166352,720575940897588441,2,axon_pre,False,1233.0,2427.0,0.040257648953301126
ad-htmr,720575940897166352,720575940885992902,2,axon_pre,False,136.0,2975.0,0.18087855297157623
ad-htmr,720575940897166352,720575940881830087,2,axon_pre,False,86.0,1747.0,0.24855491329479767
ad-htmr,720575940897166352,720575940918770225,2,axon_pre,False,165.0,859.0,0.0125
ad-htmr,720575940897166352,720575940907643120,2,axon_pre,False,284.0,695.0,0.34057971014492755
ad-htmr,720575940897166352,720575940886790537,2,axon_pre,False,279.0,2069.0,0.6070038910505836
ad-htmr,720575940897166352,720575940937783469,2,axon_pre,False,530.0,4381.0,0.7728459530026109
ad-htmr,720575940897166352,720575940940334251,2,axon_pre,False,268.0,1902.0,0.05197505197505198
ad-htmr,720575940897166352,720575940893933438,2,axon_pre,False,133.0,3024.0,0.6545961002785515
ad-htmr,720575940897166352,720575940937221662,2,axon_pre,False,257.0,1830.0,0.3309002433090024
ad-htmr,720575940897166352,720575940889934568,2,axon_pre,False,150.0,2011.0,0.224
ad-htmr,720575940897166352,720575940875186007,2,axon_pre,False,230.0,2220.0,0.060085836909871244
ad-htmr,720575940897166352,720575940932762516,2,axon_pre,False,114.0,1820.0,0.38958333333333334
ad-htmr,720575940897166352,720575940908523248,2,axon_pre,False,210.0,1290.0,0.8571428571428571
ad-htmr,720575940897166352,720575940870677846,2,axon_pre,False,252.0,1654.0,0.15367483296213807
ad-htmr,720575940897166352,720575940939114879,2,axon_pre,False,64.0,1788.0,0.11900532859680284
islet-cltmr,720575940900275170,720575940880388487,3,axon_pre,False,169.0,1507.0,0.7710526315789473
islet-cltmr,720575940900275170,720575940883898652,3,axon_pre,False,188.0,2003.0,0.9430485762144054
islet-cltmr,720575940900275170,720575940913556081,3,axon_pre,False,304.0,2518.0,0.37777777777777777
islet-cltmr,720575940900275170,720575940928314364,2,axon_pre,False,294.0,2005.0,0.08088235294117647
islet-cltmr,720575940900275170,720575940882105316,2,axon_pre,False,70.0,1696.0,0.8839285714285714
islet-cltmr,720575940900275170,720575940909871539,2,axon_pre,False,165.0,2388.0,0.028169014084507043
islet-cltmr,720575940900275170,720575940882439629,2,axon_pre,False,947.0,1765.0,0.44329896907216493
islet-cltmr,720575940900275170,720575940886272676,2,axon_pre,False,247.0,1675.0,0.22981366459627328
islet-cltmr,720575940900275170,720575940898574738,2,axon_pre,False,76.0,1960.0,0.5019607843137255
islet-cltmr,720575940900275170,720575940888425917,2,axon_pre,False,217.0,2845.0,0.051233396584440226
islet-cltmr,720575940900275170,720575940878303531,2,axon_pre,False,273.0,2587.0,0.6710097719869706
islet-cltmr,720575940900275170,720575940878956340,2,axon_pre,False,781.0,1666.0,0.8671328671328671
islet-cltmr,720575940900275170,720575940880839442,2,axon_pre,False,1081.0,2538.0,0.05263157894736842
islet-cltmr,720575940900275170,720575940889238903,2,axon_pre,False,620.0,1197.0,0.7511737089201878
islet-cltmr,720575940900275170,720575940922814762,2,axon_pre,False,697.0,1508.0,0.9473684210526315
islet-cltmr,720575940900275170,720575940919407686,2,axon_pre,False,58.0,1789.0,0.9097472924187726
islet-cltmr,720575940902330369,720575940869443690,6,axon_pre,False,753.0,2431.0,0.19838056680161945
islet-cltmr,720575940902330369,720575940898841849,5,axon_pre,False,292.0,2250.0,0.5783475783475783
islet-cltmr,720575940902330369,720575940918316341,4,axon_pre,False,745.0,1309.0,0.8949416342412452
islet-cltmr,720575940902330369,720575940890204422,4,axon_pre,False,354.0,2815.0,0.20814977973568283
islet-cltmr,720575940902330369,720575940898669202,3,axon_pre,False,180.0,2111.0,0.020491803278688523
islet-cltmr,720575940902330369,720575940915578261,3,axon_pre,False,106.0,1644.0,0.8861047835990888
islet-cltmr,720575940902330369,720575940892173666,3,axon_pre,False,129.0,2498.0,0.8127208480565371
islet-cltmr,720575940902330369,720575940875122775,3,axon_pre,False,299.0,1500.0,0.17329545454545456
islet-cltmr,720575940902330369,720575940883481950,3,axon_pre,False,208.0,2596.0,0.17541766109785203
islet-cltmr,720575940902330369,720575940927109144,2,axon_pre,False,1162.0,3222.0,0.03309481216457961
islet-cltmr,720575940902330369,720575940890245126,2,axon_pre,False,752.0,2598.0,0.6898148148148148
islet-cltmr,720575940902330369,720575940897460886,2,axon_pre,False,612.0,1733.0,0.17783505154639176
islet-cltmr,720575940902330369,720575940880866969,2,axon_pre,False,120.0,2187.0,0.8031914893617021
islet-cltmr,720575940902330369,720575940903962287,2,axon_pre,False,246.0,1618.0,0.15774647887323945
islet-cltmr,720575940902330369,720575940877106267,2,axon_pre,False,204.0,2046.0,0.6902173913043478
islet-cltmr,720575940902330369,720575940922907718,2,axon_pre,False,47.0,1490.0,0.8181818181818182
islet-cltmr,720575940902330369,720575940882439629,2,axon_pre,False,947.0,1765.0,0.44329896907216493
islet-cltmr,720575940902330369,720575940888978038,2,axon_pre,False,252.0,1099.0,0.9288888888888889
islet-cltmr,720575940902330369,720575940917097276,2,axon_pre,False,147.0,2879.0,0.8631284916201117
islet-cltmr,720575940902330369,720575940897465750,2,axon_pre,False,533.0,2105.0,0.22758620689655173
islet-cltmr,720575940902330369,720575940911532991,2,axon_pre,False,264.0,2982.0,0.13345521023765997
islet-cltmr,720575940902330369,720575940919429958,2,axon_pre,False,92.0,1082.0,0.8575851393188855
islet-cltmr,720575940902330369,720575940907787967,2,axon_pre,False,19.0,891.0,0.5403225806451613
islet-cltmr,720575940902330369,720575940896732090,2,axon_pre,False,478.0,1135.0,0.24521072796934865
islet-cltmr,720575940902330369,720575940892017863,2,axon_pre,False,343.0,3464.0,0.1642694928084784
islet-cltmr,720575940902330369,720575940870281603,2,axon_pre,False,161.0,1250.0,0.7056737588652482
islet-cltmr,720575940902330369,720575940911532735,2,axon_pre,False,112.0,1933.0,0.5426997245179064
islet-cltmr,720575940902330369,720575940920001149,2,axon_pre,False,156.0,1852.0,0.047156726768377254
islet-cltmr,720575940902330369,720575940891891600,2,axon_pre,False,73.0,1573.0,0.8823529411764706
islet-cltmr,720575940902330369,720575940903370509,2,axon_pre,False,931.0,2410.0,0.0530565167243368
islet-cltmr,720575940902330369,720575940878303531,2,axon_pre,False,273.0,2587.0,0.6710097719869706
islet-cltmr,720575940902330369,720575940878302251,2,axon_pre,False,216.0,1768.0,0.14157303370786517
islet-cltmr,720575940902330369,720575940889243621,2,axon_pre,False,119.0,1408.0,0.846875
islet-cltmr,720575940902330369,720575940936954692,2,axon_pre,False,241.0,1042.0,0.5964912280701754
islet-cltmr,720575940902330369,720575940885851550,2,axon_pre,False,239.0,2452.0,0.028314028314028315
islet-cltmr,720575940902330369,720575940893395733,2,axon_pre,False,656.0,2134.0,0.017921146953405017
islet-cltmr,720575940902330369,720575940881935355,2,axon_pre,False,481.0,1829.0,0.3225806451612903
islet-cltmr,720575940902330369,720575940904067024,2,axon_pre,False,185.0,1666.0,0.9122807017543859
islet-cltmr,720575940902330369,720575940903354252,2,axon_pre,False,877.0,1903.0,0.6173913043478261
islet-cltmr,720575940902330369,720575940904075984,2,axon_pre,False,294.0,2159.0,0.17881944444444445
islet-cltmr,720575940902330369,720575940897150224,2,axon_pre,False,209.0,1825.0,0.893223819301848
islet-cltmr,720575940905126710,720575940900956101,3,axon_pre,False,684.0,1770.0,0.9082969432314411
islet-cltmr,720575940905126710,720575940908057073,3,axon_pre,False,267.0,2799.0,0.04578313253012048
islet-cltmr,720575940905126710,720575940955166296,2,axon_pre,False,199.0,1473.0,0.8666666666666667
islet-cltmr,720575940905126710,720575940906252275,2,axon_pre,False,583.0,2029.0,0.18
islet-cltmr,720575940905126710,720575940878303531,2,axon_pre,False,273.0,2587.0,0.6710097719869706
islet-cltmr,720575940905126710,720575940892187902,2,axon_pre,False,185.0,3243.0,0.10759493670886076
islet-cltmr,720575940905126710,720575940901325359,2,axon_pre,False,46.0,1289.0,0.4948453608247423
islet-cltmr,720575940905126710,720575940900035780,2,axon_pre,False,172.0,1914.0,0.7893700787401575
islet-cltmr,720575940905126710,720575940882436301,2,axon_pre,False,314.0,2007.0,0.16666666666666666
islet-cltmr,720575940905126710,720575940878956340,2,axon_pre,False,781.0,1666.0,0.8671328671328671
islet-chtmr,720575940905401289,720575940918873695,5,axon_pre,False,74.0,1298.0,0.5108695652173914
islet-chtmr,720575940905401289,720575940903400461,5,axon_pre,False,96.0,1514.0,0.6087912087912087
islet-chtmr,720575940905401289,720575940902516946,5,axon_pre,False,78.0,1923.0,0.373134328358209
islet-chtmr,720575940905401289,720575940896274103,5,axon_pre,False,261.0,2069.0,0.3235867446393762
islet-chtmr,720575940905401289,720575940886975223,4,axon_pre,False,154.0,897.0,0.8294314381270903
islet-chtmr,720575940905401289,720575940918750769,4,axon_pre,False,421.0,1339.0,0.4243421052631579
islet-chtmr,720575940905401289,720575940915203391,4,axon_pre,False,161.0,1138.0,0.825974025974026
islet-chtmr,720575940905401289,720575940882122272,4,axon_pre,False,238.0,1741.0,0.33109619686800895
islet-chtmr,720575940905401289,720575940905061686,4,axon_pre,False,359.0,900.0,0.8373702422145328
islet-chtmr,720575940905401289,720575940892592500,4,axon_pre,False,95.0,1846.0,0.3248259860788863
islet-chtmr,720575940905401289,720575940869481691,3,axon_pre,False,353.0,1165.0,0.3993174061433447
islet-chtmr,720575940905401289,720575940902007534,3,axon_pre,False,217.0,1121.0,0.6329113924050633
islet-chtmr,720575940905401289,720575940899824527,3,axon_pre,False,183.0,1383.0,0.7295774647887324
islet-chtmr,720575940905401289,720575940899153235,3,axon_pre,False,339.0,954.0,0.8181818181818182
islet-chtmr,720575940905401289,720575940896863175,3,axon_pre,False,78.0,1229.0,0.6915422885572139
islet-chtmr,720575940905401289,720575940902703089,3,axon_pre,False,56.0,944.0,0.7662337662337663
islet-chtmr,720575940905401289,720575940903443856,3,axon_pre,False,92.0,669.0,0.8283582089552238
islet-chtmr,720575940905401289,720575940898393587,3,axon_pre,False,43.0,1008.0,0.6937269372693727
islet-chtmr,720575940905401289,720575940902630387,3,axon_pre,False,53.0,1081.0,0.7251908396946565
islet-chtmr,720575940905401289,720575940874036446,3,axon_pre,False,89.0,1869.0,0.2653061224489796
islet-chtmr,720575940905401289,720575940903962287,3,axon_pre,False,246.0,1618.0,0.6
islet-chtmr,720575940905401289,720575940882525989,3,axon_pre,False,195.0,1247.0,0.8613138686131386
islet-chtmr,720575940905401289,720575940919582469,2,axon_pre,False,150.0,1150.0,0.8759894459102903
islet-chtmr,720575940905401289,720575940907061033,2,axon_pre,False,153.0,1014.0,0.8575949367088608
islet-chtmr,720575940905401289,720575940912535686,2,axon_pre,False,408.0,974.0,0.7951388888888888
islet-chtmr,720575940905401289,720575940897381378,2,axon_pre,False,216.0,1392.0,0.45930232558139533
islet-chtmr,720575940905401289,720575940882436301,2,axon_pre,False,314.0,2007.0,0.23417721518987342
islet-chtmr,720575940905401289,720575940892109511,2,axon_pre,False,65.0,1207.0,0.5753846153846154
islet-chtmr,720575940905401289,720575940932075615,2,axon_pre,False,180.0,1260.0,0.5984455958549223
islet-chtmr,720575940905401289,720575940871503673,2,axon_pre,False,163.0,1078.0,0.7162534435261708
islet-chtmr,720575940905401289,720575940884787258,2,axon_pre,False,278.0,1944.0,0.5139442231075697
islet-chtmr,720575940905401289,720575940903186365,2,axon_pre,False,199.0,1939.0,0.28932038834951457
islet-chtmr,720575940905401289,720575940862140007,2,axon_pre,False,196.0,1201.0,0.49206349206349204
islet-chtmr,720575940905401289,720575940899387777,2,axon_pre,False,162.0,944.0,0.8246153846153846
islet-chtmr,720575940905401289,720575940955159896,2,axon_pre,False,165.0,1664.0,0.5665859564164649
islet-chtmr,720575940905401289,720575940924148613,2,axon_pre,False,245.0,1307.0,0.6755162241887905
islet-chtmr,720575940905401289,720575940950757652,2,axon_pre,False,70.0,1192.0,0.8495297805642633
islet-chtmr,720575940905401289,720575940927253324,2,axon_pre,False,202.0,1001.0,0.75
islet-chtmr,720575940905401289,720575940929682209,2,axon_pre,False,1335.0,2053.0,0.8362790697674418
islet-chtmr,720575940905401289,720575940885010379,2,axon_pre,False,160.0,1532.0,0.45569620253164556
islet-chtmr,720575940905401289,720575940893882119,2,axon_pre,False,141.0,997.0,0.8690095846645367
islet-chtmr,720575940905401289,720575940909769176,2,axon_pre,False,358.0,1231.0,0.774869109947644
islet-chtmr,720575940905401289,720575940889767009,2,axon_pre,False,182.0,936.0,0.7955390334572491
islet-chtmr,720575940905401289,720575940910282569,2,axon_pre,False,140.0,1132.0,0.9009009009009009
islet-chtmr,720575940905401289,720575940924426306,2,axon_pre,False,1304.0,2797.0,0.9155844155844156
islet-chtmr,720575940905401289,720575940917513835,2,axon_pre,False,54.0,1077.0,0.3140794223826715
islet-chtmr,720575940905401289,720575940900325753,2,axon_pre,False,137.0,1891.0,0.40821917808219177
islet-chtmr,720575940905401289,720575940892609652,2,axon_pre,False,191.0,1554.0,0.5397590361445783
islet-chtmr,720575940905401289,720575940886926839,2,axon_pre,False,58.0,865.0,0.7951388888888888
islet-chtmr,720575940905401289,720575940901757159,2,axon_pre,False,125.0,1164.0,0.9514066496163683
islet-chtmr,720575940905401289,720575940941068652,2,axon_pre,False,82.0,1244.0,0.44126074498567336
islet-chtmr,720575940905401289,720575940897151504,2,axon_pre,False,191.0,1461.0,0.3730886850152905
islet-chtmr,720575940905401289,720575940898816761,2,axon_pre,False,227.0,1013.0,0.7555555555555555
IN-abltmr,720575940906335987,720575940902777455,8,axon_pre,False,252.0,3487.0,0.004676539360872954
IN-abltmr,720575940906335987,720575940878343291,8,axon_pre,False,133.0,2647.0,0.4105793450881612
IN-abltmr,720575940906335987,720575940903580607,7,axon_pre,False,102.0,2130.0,0.004371584699453552
IN-abltmr,720575940906335987,720575940930825293,7,axon_pre,False,249.0,1784.0,0.007692307692307693
IN-abltmr,720575940906335987,720575940877129819,6,axon_pre,False,383.0,2753.0,0.0028708133971291866
IN-abltmr,720575940906335987,720575940869432795,6,axon_pre,False,293.0,2446.0,0.02844950213371266
IN-abltmr,720575940906335987,720575940927174424,6,axon_pre,False,346.0,3478.0,0.004654771140418929
IN-abltmr,720575940906335987,720575940904329920,5,axon_pre,False,128.0,2051.0,0.2325925925925926
IN-abltmr,720575940906335987,720575940912756502,5,axon_pre,False,195.0,1999.0,0.003048780487804878
IN-abltmr,720575940906335987,720575940881059250,4,axon_pre,False,122.0,1602.0,0.007211538461538462
IN-abltmr,720575940906335987,720575940886272676,4,axon_pre,False,247.0,1675.0,0.11180124223602485
IN-abltmr,720575940906335987,720575940918191413,4,axon_pre,False,422.0,3952.0,0.0006684491978609625
IN-abltmr,720575940906335987,720575940889227749,4,axon_pre,False,450.0,8597.0,
IN-abltmr,720575940906335987,720575940915719104,3,axon_pre,False,308.0,1448.0,0.0
IN-abltmr,720575940906335987,720575940886632202,3,axon_pre,False,132.0,1868.0,0.01580135440180587
IN-abltmr,720575940906335987,720575940917790790,3,axon_pre,False,20.0,699.0,0.46078431372549017
IN-abltmr,720575940906335987,720575940887526320,3,axon_pre,False,75.0,1792.0,0.09582689335394126
IN-abltmr,720575940906335987,720575940862216039,3,axon_pre,False,356.0,2752.0,0.0011173184357541898
IN-abltmr,720575940906335987,720575940896687815,3,axon_pre,False,322.0,3127.0,0.0025684931506849314
IN-abltmr,720575940906335987,720575940933569924,2,axon_pre,False,238.0,3280.0,0.0009643201542912247
IN-abltmr,720575940906335987,720575940870471390,2,axon_pre,False,407.0,2432.0,0.007662835249042145
IN-abltmr,720575940906335987,720575940890139654,2,axon_pre,False,329.0,1578.0,0.005934718100890208
IN-abltmr,720575940906335987,720575940955159896,2,axon_pre,False,165.0,1664.0,0.0
IN-abltmr,720575940906335987,720575940900951232,2,axon_pre,False,175.0,1944.0,0.015306122448979591
IN-abltmr,720575940906335987,720575940890015800,2,axon_pre,False,463.0,12439.0,
IN-abltmr,720575940906335987,720575940911441392,2,axon_pre,False,111.0,1690.0,0.09047619047619047
IN-abltmr,720575940906335987,720575940909097664,2,axon_pre,False,228.0,2676.0,0.0071794871794871795
IN-abltmr,720575940906335987,720575940921177550,2,axon_pre,False,252.0,3566.0,0.327718223583461
IN-abltmr,720575940906335987,720575940961402132,2,axon_pre,False,74.0,1507.0,0.0
IN-abltmr,720575940906335987,720575940882080484,2,axon_pre,False,128.0,1836.0,0.10404624277456648
IN-abltmr,720575940906335987,720575940874926558,2,axon_pre,False,53.0,1514.0,0.3643835616438356
IN-abltmr,720575940906335987,720575940929654049,2,axon_pre,False,239.0,1459.0,0.011940298507462687
IN-abltmr,720575940906335987,720575940939659845,2,axon_pre,False,291.0,2548.0,0.0
IN-abltmr,720575940906335987,720575940888933494,2,axon_pre,False,207.0,2817.0,0.009174311926605505
IN-abltmr,720575940906335987,720575940909166812,2,axon_pre,False,86.0,1138.0,0.0
IN-abltmr,720575940906335987,720575940899278018,2,axon_pre,False,140.0,1760.0,0.311284046692607
IN-abltmr,720575940906335987,720575940906768995,2,axon_pre,False,260.0,1591.0,0.01707317073170732
IN-abltmr,720575940906335987,720575940918188597,2,axon_pre,False,121.0,1299.0,0.18633540372670807
IN-abltmr,720575940916035168,720575940881868894,11,axon_pre,False,277.0,1791.0,0.9875
IN-abltmr,720575940916035168,720575940902150590,10,axon_pre,False,247.0,8065.0,
IN-abltmr,720575940916035168,720575940905023446,10,axon_pre,False,94.0,2217.0,0.6065573770491803
IN-abltmr,720575940916035168,720575940888729270,9,axon_pre,False,776.0,2259.0,0.9464285714285714
IN-abltmr,720575940916035168,720575940892583284,7,axon_pre,False,549.0,2376.0,0.71875
IN-abltmr,720575940916035168,720575940885943262,7,axon_pre,False,379.0,19044.0,
IN-abltmr,720575940916035168,720575940887146970,6,axon_pre,False,423.0,4160.0,
IN-abltmr,720575940916035168,720575940884620766,6,axon_pre,False,685.0,2158.0,0.9331210191082803
IN-abltmr,720575940916035168,720575940917126204,5,axon_pre,False,140.0,2223.0,0.19692737430167598
IN-abltmr,720575940916035168,720575940886674877,5,axon_pre,False,571.0,1610.0,0.9153318077803204
IN-abltmr,720575940916035168,720575940888819638,5,axon_pre,False,304.0,1871.0,0.9351851851851852
IN-abltmr,720575940916035168,720575940882469214,5,axon_pre,False,154.0,4937.0,0.9633699633699634
IN-abltmr,720575940916035168,720575940898290617,5,axon_pre,False,233.0,2367.0,0.967654986522911
IN-abltmr,720575940916035168,720575940882550110,5,axon_pre,False,279.0,5549.0,
IN-abltmr,720575940916035168,720575940911370688,5,axon_pre,False,1066.0,3599.0,0.9016393442622951
IN-abltmr,720575940916035168,720575940898729106,5,axon_pre,False,1574.0,5407.0,
IN-abltmr,720575940916035168,720575940862233959,4,axon_pre,False,151.0,1878.0,0.8131868131868132
IN-abltmr,720575940916035168,720575940883014494,4,axon_pre,False,131.0,2788.0,0.9431486880466472
IN-abltmr,720575940916035168,720575940913532094,4,axon_pre,False,803.0,3260.0,0.9148148148148149
IN-abltmr,720575940916035168,720575940894146803,4,axon_pre,False,630.0,1557.0,0.9094138543516874
IN-abltmr,720575940916035168,720575940889866422,4,axon_pre,False,161.0,3012.0,0.5704099821746881
IN-abltmr,720575940916035168,720575940895825593,4,axon_pre,False,108.0,1361.0,0.9565217391304348
IN-abltmr,720575940916035168,720575940891207502,4,axon_pre,False,205.0,5073.0,0.779783393501805
IN-abltmr,720575940916035168,720575940897953465,4,axon_pre,False,134.0,1632.0,0.7246376811594203
IN-abltmr,720575940916035168,720575940897624307,4,axon_pre,False,463.0,2970.0,0.9136842105263158
IN-abltmr,720575940916035168,720575940891880903,4,axon_pre,False,339.0,14412.0,
IN-abltmr,720575940916035168,720575940905289161,4,axon_pre,False,334.0,10292.0,
IN-abltmr,720575940916035168,720575940898751929,4,axon_pre,False,191.0,5492.0,
IN-abltmr,720575940916035168,720575940889216182,4,axon_pre,False,238.0,1505.0,0.8873239436619719
IN-abltmr,720575940916035168,720575940881871198,4,axon_pre,False,275.0,1725.0,0.902127659574468
IN-abltmr,720575940916035168,720575940897807347,4,axon_pre,False,1385.0,5005.0,
IN-abltmr,720575940916035168,720575940876317663,3,axon_pre,False,242.0,3754.0,0.7011764705882353
IN-abltmr,720575940916035168,720575940899365821,3,axon_pre,False,413.0,15791.0,
IN-abltmr,720575940916035168,720575940942915204,3,axon_pre,False,95.0,1387.0,0.8984375
IN-abltmr,720575940916035168,720575940897974922,3,axon_pre,False,185.0,4756.0,0.6347305389221557
IN-abltmr,720575940916035168,720575940899858368,3,axon_pre,False,219.0,2684.0,0.9121951219512195
IN-abltmr,720575940916035168,720575940941978134,3,axon_pre,False,169.0,4489.0,0.8728024819027922
IN-abltmr,720575940916035168,720575940896789433,3,axon_pre,False,58.0,5099.0,0.8461538461538461
IN-abltmr,720575940916035168,720575940952655892,3,axon_pre,False,351.0,3524.0,0.9234527687296417
IN-abltmr,720575940916035168,720575940899584703,3,axon_pre,False,92.0,1361.0,0.6933333333333334
IN-abltmr,720575940916035168,720575940958669076,3,axon_pre,False,1113.0,2805.0,0.950509461426492
IN-abltmr,720575940916035168,720575940903160765,3,axon_pre,False,85.0,2103.0,0.4656084656084656
IN-abltmr,720575940916035168,720575940880395358,3,axon_pre,False,1927.0,6787.0,
IN-abltmr,720575940916035168,720575940941384982,3,axon_pre,False,751.0,1847.0,0.8464730290456431
IN-abltmr,720575940916035168,720575940887878589,3,axon_pre,False,88.0,1829.0,0.6676384839650146
IN-abltmr,720575940916035168,720575940894759689,3,axon_pre,False,934.0,1749.0,0.9935483870967742
IN-abltmr,720575940916035168,720575940912197360,3,axon_pre,False,94.0,1825.0,0.9347826086956522
IN-abltmr,720575940916035168,720575940949574164,3,axon_pre,False,753.0,1891.0,0.8948412698412699
IN-abltmr,720575940916035168,720575940898700480,3,axon_pre,False,549.0,3026.0,0.8197026022304833
IN-abltmr,720575940916035168,720575940881501918,3,axon_pre,False,464.0,1711.0,0.9488188976377953
IN-abltmr,720575940916035168,720575940894025159,3,axon_pre,False,89.0,1404.0,0.44666666666666666
IN-abltmr,720575940916035168,720575940881885278,3,axon_pre,False,322.0,2213.0,0.6523076923076923
IN-abltmr,720575940916035168,720575940871743710,3,axon_pre,False,142.0,5566.0,
IN-abltmr,720575940916035168,720575940896751434,3,axon_pre,False,376.0,14889.0,
IN-abltmr,720575940916035168,720575940899894720,3,axon_pre,False,126.0,1716.0,0.5424836601307189
IN-abltmr,720575940916035168,720575940907340272,3,axon_pre,False,175.0,1496.0,0.9074074074074074
IN-abltmr,720575940916035168,720575940882418014,2,axon_pre,False,22.0,628.0,0.40816326530612246
IN-abltmr,720575940916035168,720575940906923901,2,axon_pre,False,314.0,2552.0,0.9156976744186046
IN-abltmr,720575940916035168,720575940897977821,2,axon_pre,False,9.0,431.0,0.6538461538461539
IN-abltmr,720575940916035168,720575940881842526,2,axon_pre,False,286.0,3564.0,0.7811934900542495
IN-abltmr,720575940916035168,720575940917856907,2,axon_pre,False,394.0,1749.0,0.6161616161616161
IN-abltmr,720575940916035168,720575940908657598,2,axon_pre,False,298.0,1389.0,0.9285714285714286
IN-abltmr,720575940916035168,720575940896882621,2,axon_pre,False,417.0,2641.0,0.9038461538461539
IN-abltmr,720575940916035168,720575940898844893,2,axon_pre,False,672.0,2839.0,0.898936170212766
IN-abltmr,720575940916035168,720575940908812736,2,axon_pre,False,221.0,3630.0,0.758887171561051
IN-abltmr,720575940916035168,720575940911587312,2,axon_pre,False,91.0,3214.0,0.940251572327044
IN-abltmr,720575940916035168,720575940882738782,2,axon_pre,False,146.0,3149.0,0.9238938053097345
IN-abltmr,720575940916035168,720575940892187902,2,axon_pre,False,185.0,3243.0,0.33755274261603374
IN-abltmr,720575940916035168,720575940882438181,2,axon_pre,False,317.0,1214.0,0.060759493670886074
IN-abltmr,720575940916035168,720575940888949447,2,axon_pre,False,252.0,1800.0,0.5217391304347826
IN-abltmr,720575940916035168,720575940895139015,2,axon_pre,False,189.0,2749.0,0.9171717171717172
IN-abltmr,720575940916035168,720575940859634327,2,axon_pre,False,84.0,1974.0,0.8177570093457944
IN-abltmr,720575940916035168,720575940951362580,2,axon_pre,False,215.0,2195.0,0.91324200913242
IN-abltmr,720575940916035168,720575940903959215,2,axon_pre,False,163.0,2436.0,0.26877470355731226
IN-abltmr,720575940916035168,720575940908686143,2,axon_pre,False,85.0,1896.0,0.9621212121212122
IN-abltmr,720575940916035168,720575940890023094,2,axon_pre,False,204.0,11067.0,0.7659783677482792
IN-abltmr,720575940916035168,720575940954253332,2,axon_pre,False,574.0,31568.0,
IN-abltmr,720575940916035168,720575940891287997,2,axon_pre,False,71.0,1424.0,0.8522727272727273
IN-abltmr,720575940916035168,720575940888743862,2,axon_pre,False,56.0,1597.0,0.7981651376146789
IN-abltmr,720575940916035168,720575940895088071,2,axon_pre,False,407.0,1771.0,0.8214285714285714
IN-abltmr,720575940916035168,720575940897648318,2,axon_pre,False,359.0,11383.0,
IN-abltmr,720575940916035168,720575940899281337,2,axon_pre,False,48.0,2169.0,0.75
IN-abltmr,720575940916035168,720575940882523742,2,axon_pre,False,41.0,1450.0,0.8689320388349514
IN-abltmr,720575940916035168,720575940909645552,2,axon_pre,False,124.0,3028.0,0.9115646258503401
IN-abltmr,720575940916035168,720575940884915422,2,axon_pre,False,309.0,1780.0,0.8064516129032258
IN-abltmr,720575940916035168,720575940897010419,2,axon_pre,False,427.0,11089.0,
IN-abltmr,720575940916035168,720575940897684926,2,axon_pre,False,156.0,1829.0,0.9421487603305785
IN-abltmr,720575940916035168,720575940949903636,2,axon_pre,False,242.0,1162.0,0.7317073170731707
IN-abltmr,720575940916035168,720575940912271600,2,axon_pre,False,74.0,1271.0,0.8677685950413223
IN-abltmr,720575940916035168,720575940912532208,2,axon_pre,False,327.0,2040.0,0.9247572815533981
IN-abltmr,720575940916035168,720575940885850567,2,axon_pre,False,159.0,1667.0,0.6506024096385542
IN-abltmr,720575940916035168,720575940888574902,2,axon_pre,False,61.0,1717.0,0.8775510204081632
IN-abltmr,720575940916035168,720575940907831488,2,axon_pre,False,151.0,3487.0,0.93519882179676
IN-abltmr,720575940916035168,720575940898531513,2,axon_pre,False,654.0,2302.0,0.873900293255132
IN-abltmr,720575940916035168,720575940896173511,2,axon_pre,False,286.0,2640.0,0.8815028901734104
IN-abltmr,720575940916035168,720575940891890887,2,axon_pre,False,96.0,2038.0,0.8240343347639485
IN-abltmr,720575940916035168,720575940899180734,2,axon_pre,False,276.0,3904.0,0.911660777385159
IN-abltmr,720575940916035168,720575940899831232,2,axon_pre,False,173.0,2056.0,0.9316239316239316
IN-abltmr,720575940916035168,720575940912057840,2,axon_pre,False,187.0,1646.0,0.8765957446808511
IN-abltmr,720575940916035168,720575940893951431,2,axon_pre,False,311.0,5861.0,
IN-abltmr,720575940916035168,720575940917140028,2,axon_pre,False,63.0,1913.0,0.3382352941176471
IN-abltmr,720575940916035168,720575940909724864,2,axon_pre,False,174.0,3320.0,0.956369982547993
IN-abltmr,720575940916035168,720575940869465102,2,axon_pre,False,214.0,4199.0,0.940677966101695
IN-abltmr,720575940916035168,720575940931083135,2,axon_pre,False,14.0,480.0,0.9117647058823529
IN-abltmr,720575940916035168,720575940940394411,2,axon_pre,False,463.0,5805.0,
IN-abltmr,720575940916035168,720575940907849152,2,axon_pre,False,203.0,1806.0,0.9099264705882353
IN-abltmr,720575940916035168,720575940939749508,2,axon_pre,False,73.0,1871.0,0.7168674698795181
IN-abltmr,720575940916035168,720575940887810237,2,axon_pre,False,116.0,1849.0,0.9539748953974896
IN-abltmr,720575940916035168,720575940876307935,2,axon_pre,False,765.0,1871.0,0.8923357664233577
IN-abltmr,720575940916035168,720575940894103027,2,axon_pre,False,113.0,1683.0,0.8825301204819277
IN-abltmr,720575940916035168,720575940917844107,2,axon_pre,False,129.0,1688.0,0.11333333333333333
IN-abltmr,720575940916035168,720575940893316683,2,axon_pre,False,1093.0,1960.0,0.9612068965517241
IN-abltmr,720575940916035168,720575940872374494,2,axon_pre,False,859.0,2236.0,0.9235474006116208
IN-abltmr,720575940916035168,720575940941610774,2,axon_pre,False,176.0,5069.0,
IN-abltmr,720575940916035168,720575940905299134,2,axon_pre,False,869.0,1045.0,0.6498054474708171
IN-abltmr,720575940916035168,720575940880376670,2,axon_pre,False,326.0,11007.0,
IN-abltmr,720575940916035168,720575940875725885,2,axon_pre,False,108.0,1402.0,0.6185567010309279
IN-abltmr,720575940916035168,720575940941411606,2,axon_pre,False,147.0,1514.0,0.9183673469387755
IN-abltmr,720575940916035168,720575940886108086,2,axon_pre,False,479.0,1744.0,0.9749552772808586
IN-abltmr,720575940916035168,720575940888993974,2,axon_pre,False,1120.0,2711.0,0.9450915141430949
IN-abltmr,720575940916035168,720575940898749632,2,axon_pre,False,10.0,705.0,0.8802816901408451
IN-abltmr,720575940916035168,720575940889282021,2,axon_pre,False,1523.0,1837.0,
IN-abltmr,720575940916035168,720575940898419709,2,axon_pre,False,355.0,18686.0,
IN-abltmr,720575940916035168,720575940929614625,2,axon_pre,False,286.0,1634.0,0.530791788856305
IN-abltmr,720575940916035168,720575940898194878,2,axon_pre,False,144.0,4853.0,0.9327569644572526
IN-abltmr,720575940916035168,720575940888745142,2,axon_pre,False,70.0,2491.0,0.7783018867924528
IN-abltmr,720575940916035168,720575940883233694,2,axon_pre,False,35.0,1260.0,0.6666666666666666
ad-htmr,720575940916312157,720575940890618063,28,axon_pre,False,303.0,2553.0,0.06701030927835051
ad-htmr,720575940916312157,720575940903705075,14,axon_pre,False,168.0,2476.0,0.44478063540090773
ad-htmr,720575940916312157,720575940964205222,12,axon_pre,False,259.0,3229.0,0.6903073286052009
ad-htmr,720575940916312157,720575940883497054,11,axon_pre,False,236.0,3082.0,0.6742138364779874
ad-htmr,720575940916312157,720575940888425917,10,axon_pre,False,217.0,2845.0,0.04459203036053131
ad-htmr,720575940916312157,720575940922934557,10,axon_pre,False,273.0,2660.0,
ad-htmr,720575940916312157,720575940876975326,9,axon_pre,False,183.0,2926.0,0.6935123042505593
ad-htmr,720575940916312157,720575940869443690,8,axon_pre,False,753.0,2431.0,0.07827260458839407
ad-htmr,720575940916312157,720575940903370509,8,axon_pre,False,931.0,2410.0,0.06343713956170703
ad-htmr,720575940916312157,720575940898477757,7,axon_pre,False,253.0,2642.0,0.13537675606641125
ad-htmr,720575940916312157,720575940925425579,7,axon_pre,False,180.0,1720.0,0.4365904365904366
ad-htmr,720575940916312157,720575940900227298,6,axon_pre,False,149.0,2445.0,0.030303030303030304
ad-htmr,720575940916312157,720575940899553712,6,axon_pre,False,158.0,1654.0,0.2562814070351759
ad-htmr,720575940916312157,720575940893395733,6,axon_pre,False,656.0,2134.0,0.016726403823178016
ad-htmr,720575940916312157,720575940907688433,6,axon_pre,False,195.0,2620.0,0.6472819216182049
ad-htmr,720575940916312157,720575940893236555,6,axon_pre,False,224.0,1615.0,0.13902439024390245
ad-htmr,720575940916312157,720575940908784985,6,axon_pre,False,187.0,1838.0,0.3611111111111111
ad-htmr,720575940916312157,720575940937221662,5,axon_pre,False,257.0,1830.0,0.3309002433090024
ad-htmr,720575940916312157,720575940888976061,5,axon_pre,False,241.0,3311.0,0.09025270758122744
ad-htmr,720575940916312157,720575940921394707,5,axon_pre,False,258.0,2683.0,0.04318936877076412
ad-htmr,720575940916312157,720575940895686440,5,axon_pre,False,246.0,1164.0,0.043859649122807015
ad-htmr,720575940916312157,720575940922949405,5,axon_pre,False,511.0,1955.0,0.5029940119760479
ad-htmr,720575940916312157,720575940912490942,5,axon_pre,False,173.0,3357.0,0.0712962962962963
ad-htmr,720575940916312157,720575940898821575,5,axon_pre,False,341.0,3097.0,0.047747747747747746
ad-htmr,720575940916312157,720575940894016757,5,axon_pre,False,216.0,2253.0,0.5026041666666666
ad-htmr,720575940916312157,720575940899333505,5,axon_pre,False,192.0,2019.0,0.6880952380952381
ad-htmr,720575940916312157,720575940894028021,4,axon_pre,False,255.0,1762.0,0.6851851851851852
ad-htmr,720575940916312157,720575940927109144,4,axon_pre,False,1162.0,3222.0,0.02146690518783542
ad-htmr,720575940916312157,720575940919952369,4,axon_pre,False,113.0,1691.0,0.5973782771535581
ad-htmr,720575940916312157,720575940868750061,4,axon_pre,False,475.0,735.0,0.3496932515337423
ad-htmr,720575940916312157,720575940888731665,4,axon_pre,False,267.0,5199.0,
ad-htmr,720575940916312157,720575940917429907,3,axon_pre,False,401.0,2125.0,0.43187066974595845
ad-htmr,720575940916312157,720575940881906939,3,axon_pre,False,306.0,3349.0,0.0215311004784689
ad-htmr,720575940916312157,720575940881948923,3,axon_pre,False,234.0,1658.0,0.054673721340388004
ad-htmr,720575940916312157,720575940888655194,3,axon_pre,False,588.0,786.0,0.23783783783783785
ad-htmr,720575940916312157,720575940905085750,3,axon_pre,False,197.0,1510.0,0.3772455089820359
ad-htmr,720575940916312157,720575940888793434,3,axon_pre,False,461.0,1688.0,0.30386740331491713
ad-htmr,720575940916312157,720575940881974650,3,axon_pre,False,256.0,4811.0,0.3914081145584726
ad-htmr,720575940916312157,720575940939659845,3,axon_pre,False,291.0,2548.0,0.652
ad-htmr,720575940916312157,720575940933569924,3,axon_pre,False,238.0,3280.0,0.21986499517839922
ad-htmr,720575940916312157,720575940895987054,3,axon_pre,False,198.0,1638.0,0.8761904761904762
ad-htmr,720575940916312157,720575940887266486,3,axon_pre,False,347.0,566.0,0.195
ad-htmr,720575940916312157,720575940897588441,3,axon_pre,False,1233.0,2427.0,0.040257648953301126
ad-htmr,720575940916312157,720575940914191600,3,axon_pre,False,114.0,1664.0,0.8329853862212944
ad-htmr,720575940916312157,720575940910650814,3,axon_pre,False,107.0,1773.0,0.3510204081632653
ad-htmr,720575940916312157,720575940896736698,3,axon_pre,False,328.0,1816.0,0.0872210953346856
ad-htmr,720575940916312157,720575940908280304,3,axon_pre,False,188.0,2634.0,0.06871794871794872
ad-htmr,720575940916312157,720575940912627846,3,axon_pre,False,1491.0,2820.0,0.0045336787564766836
ad-htmr,720575940916312157,720575940920001149,3,axon_pre,False,156.0,1852.0,0.03744798890429958
ad-htmr,720575940916312157,720575940902361016,3,axon_pre,False,218.0,1851.0,0.04054054054054054
ad-htmr,720575940916312157,720575940889201125,2,axon_pre,False,229.0,1744.0,0.44630071599045346
ad-htmr,720575940916312157,720575940882152932,2,axon_pre,False,219.0,1617.0,0.046511627906976744
ad-htmr,720575940916312157,720575940918272821,2,axon_pre,False,207.0,1599.0,0.6758241758241759
ad-htmr,720575940916312157,720575940940394411,2,axon_pre,False,463.0,5805.0,
ad-htmr,720575940916312157,720575940870231427,2,axon_pre,False,222.0,2296.0,0.5371517027863777
ad-htmr,720575940916312157,720575940878855476,2,axon_pre,False,364.0,704.0,0.21631205673758866
ad-htmr,720575940916312157,720575940927184920,2,axon_pre,False,653.0,3553.0,0.058823529411764705
ad-htmr,720575940916312157,720575940882086944,2,axon_pre,False,1160.0,2037.0,0.008333333333333333
ad-htmr,720575940916312157,720575940894227129,2,axon_pre,False,209.0,672.0,0.35096153846153844
ad-htmr,720575940916312157,720575940915256127,2,axon_pre,False,331.0,2745.0,0.5699658703071673
ad-htmr,720575940916312157,720575940897155344,2,axon_pre,False,116.0,2561.0,0.5271565495207667
ad-htmr,720575940916312157,720575940924191621,2,axon_pre,False,193.0,1774.0,0.4152334152334152
ad-htmr,720575940916312157,720575940881883217,2,axon_pre,False,243.0,1852.0,0.2617924528301887
ad-htmr,720575940916312157,720575940894617044,2,axon_pre,False,284.0,2271.0,0.05172413793103448
ad-htmr,720575940916312157,720575940879693558,2,axon_pre,False,148.0,1267.0,0.08038585209003216
ad-htmr,720575940916312157,720575940901902835,2,axon_pre,False,259.0,497.0,0.26380368098159507
ad-htmr,720575940916312157,720575940896015603,2,axon_pre,False,89.0,1367.0,0.11301369863013698
ad-htmr,720575940916312157,720575940892044642,2,axon_pre,False,194.0,3100.0,0.03471634208298052
ad-htmr,720575940916312157,720575940894614067,2,axon_pre,False,173.0,3148.0,0.6435643564356436
ad-htmr,720575940916312157,720575940889192567,2,axon_pre,False,308.0,1703.0,0.4254807692307692
ad-htmr,720575940916312157,720575940910940321,2,axon_pre,False,150.0,1768.0,0.6574307304785895
ad-htmr,720575940916312157,720575940889768549,2,axon_pre,False,92.0,1119.0,0.10734463276836158
ad-htmr,720575940916312157,720575940909871539,2,axon_pre,False,165.0,2388.0,0.571830985915493
ad-htmr,720575940916312157,720575940920454032,2,axon_pre,False,280.0,2067.0,0.6798561151079137
ad-htmr,720575940916312157,720575940903415309,2,axon_pre,False,546.0,1519.0,0.526829268292683
ad-htmr,720575940916312157,720575940895792491,2,axon_pre,False,92.0,1132.0,0.8509316770186336
ad-htmr,720575940916312157,720575940922919709,2,axon_pre,False,167.0,2871.0,0.6206509539842873
ad-htmr,720575940916312157,720575940862186599,2,axon_pre,False,684.0,2702.0,0.4680648236415634
ad-htmr,720575940916312157,720575940880398983,2,axon_pre,False,1303.0,2421.0,0.024819855884707767
ad-htmr,720575940916312157,720575940872395075,2,axon_pre,False,77.0,1124.0,0.0425531914893617
ad-htmr,720575940916312157,720575940902516946,2,axon_pre,False,78.0,1923.0,0.07835820895522388
ad-htmr,720575940916312157,720575940903799830,2,axon_pre,False,140.0,2746.0,0.5274261603375527
ad-htmr,720575940916312157,720575940917330067,2,axon_pre,False,86.0,2056.0,0.6798365122615804
ad-htmr,720575940916312157,720575940877613278,2,axon_pre,False,69.0,1108.0,0.102803738317757
ad-htmr,720575940916312157,720575940919955061,2,axon_pre,False,231.0,1840.0,0.3525835866261398
ad-htmr,720575940916312157,720575940881935355,2,axon_pre,False,481.0,1829.0,0.05913978494623656
ad-htmr,720575940916312157,720575940900325753,2,axon_pre,False,137.0,1891.0,0.3178082191780822
ad-htmr,720575940916312157,720575940930875213,2,axon_pre,False,255.0,1792.0,0.26879271070615035
ad-htmr,720575940916312157,720575940878302251,2,axon_pre,False,216.0,1768.0,0.2
ad-htmr,720575940916312157,720575940919921533,2,axon_pre,False,197.0,2972.0,0.6955380577427821
ad-htmr,720575940916312157,720575940917721763,2,axon_pre,False,302.0,1599.0,0.1749271137026239
ad-htmr,720575940916312157,720575940900963269,2,axon_pre,False,383.0,2075.0,0.6678966789667896
ad-htmr,720575940916312157,720575940951303975,2,axon_pre,False,239.0,2018.0,0.3616504854368932
ad-htmr,720575940916312157,720575940879997826,2,axon_pre,False,372.0,1404.0,0.4166666666666667
ad-htmr,720575940916312157,720575940893107370,2,axon_pre,False,172.0,1727.0,0.5373134328358209
ad-htmr,720575940916312157,720575940906054459,2,axon_pre,False,243.0,2158.0,0.03662420382165605
islet-chtmr,720575940919043399,720575940891164342,6,axon_pre,False,218.0,918.0,0.7923076923076923
islet-chtmr,720575940919043399,720575940882525989,5,axon_pre,False,195.0,1247.0,0.8613138686131386
islet-chtmr,720575940919043399,720575940894093416,4,axon_pre,False,173.0,940.0,0.9490445859872612
islet-chtmr,720575940919043399,720575940927168536,4,axon_pre,False,179.0,1150.0,0.7669616519174042
islet-chtmr,720575940919043399,720575940936904772,4,axon_pre,False,52.0,1112.0,0.6813880126182965
islet-chtmr,720575940919043399,720575940873509950,3,axon_pre,False,1618.0,2921.0,0.896291640477687
islet-chtmr,720575940919043399,720575940879970690,3,axon_pre,False,207.0,1301.0,0.8337129840546698
islet-chtmr,720575940919043399,720575940927109144,3,axon_pre,False,1162.0,3222.0,0.8658318425760286
islet-chtmr,720575940919043399,720575940931145494,3,axon_pre,False,658.0,1282.0,0.87701317715959
islet-chtmr,720575940919043399,720575940915358877,3,axon_pre,False,252.0,1651.0,0.3979328165374677
islet-chtmr,720575940919043399,720575940882358989,2,axon_pre,False,120.0,1090.0,0.8653295128939829
islet-chtmr,720575940919043399,720575940882038048,2,axon_pre,False,176.0,1028.0,0.88
islet-chtmr,720575940919043399,720575940878188867,2,axon_pre,False,41.0,825.0,0.7533632286995515
islet-chtmr,720575940919043399,720575940903366925,2,axon_pre,False,139.0,923.0,0.9272151898734177
islet-chtmr,720575940919043399,720575940881797456,2,axon_pre,False,76.0,774.0,0.6009174311926605
islet-chtmr,720575940919043399,720575940903910063,2,axon_pre,False,163.0,1087.0,0.5241157556270096
islet-chtmr,720575940919043399,720575940872860382,2,axon_pre,False,76.0,1484.0,0.23937360178970918
islet-chtmr,720575940919043399,720575940871503673,2,axon_pre,False,163.0,1078.0,0.7162534435261708
islet-chtmr,720575940919043399,720575940889767009,2,axon_pre,False,182.0,936.0,0.7955390334572491
islet-chtmr,720575940919043399,720575940892609652,2,axon_pre,False,191.0,1554.0,0.5397590361445783
islet-chtmr,720575940919043399,720575940900280697,2,axon_pre,False,221.0,1667.0,0.7162790697674418
islet-chtmr,720575940919043399,720575940884787258,2,axon_pre,False,278.0,1944.0,0.5139442231075697
islet-chtmr,720575940919043399,720575940920848808,2,axon_pre,False,152.0,1011.0,0.9088235294117647
islet-chtmr,720575940919043399,720575940906101307,2,axon_pre,False,276.0,1839.0,0.21384928716904278
islet-chtmr,720575940919043399,720575940962165012,2,axon_pre,False,68.0,1099.0,0.6118598382749326
islet-chtmr,720575940919043399,720575940897496025,2,axon_pre,False,703.0,1229.0,0.7543859649122807
islet-chtmr,720575940919043399,720575940902331832,2,axon_pre,False,183.0,1228.0,0.6363636363636364
islet-chtmr,720575940919043399,720575940909179612,2,axon_pre,False,185.0,1192.0,0.797979797979798
islet-chtmr,720575940919043399,720575940890665716,2,axon_pre,False,109.0,999.0,0.7965116279069767
islet-chtmr,720575940919043399,720575940892157438,2,axon_pre,False,176.0,1039.0,0.8181818181818182
islet-chtmr,720575940919043399,720575940882152932,2,axon_pre,False,219.0,1617.0,0.35755813953488375
islet-chtmr,720575940919043399,720575940946147716,2,axon_pre,False,224.0,1360.0,0.7620320855614974
islet-chtmr,720575940919043399,720575940883543461,2,axon_pre,False,210.0,973.0,0.7896551724137931
islet-chtmr,720575940919043399,720575940932731540,2,axon_pre,False,166.0,1016.0,0.7016949152542373
islet-chtmr,720575940919043399,720575940899257026,2,axon_pre,False,159.0,1144.0,0.8987654320987655
islet-chtmr,720575940919043399,720575940893236555,2,axon_pre,False,224.0,1615.0,0.3804878048780488
islet-chtmr,720575940919043399,720575940877088520,2,axon_pre,False,120.0,897.0,0.9246575342465754
islet-chtmr,720575940919043399,720575940941085804,2,axon_pre,False,160.0,1106.0,0.8421052631578947
islet-chtmr,720575940919043399,720575940891468580,2,axon_pre,False,201.0,1540.0,0.5727554179566563
islet-chtmr,720575940919043399,720575940927247180,2,axon_pre,False,108.0,918.0,0.8957654723127035
islet-cltmr,720575940920072433,720575940922814762,4,axon_pre,False,697.0,1508.0,0.9473684210526315
islet-cltmr,720575940920072433,720575940888425917,3,axon_pre,False,217.0,2845.0,0.051233396584440226
islet-cltmr,720575940920072433,720575940927109144,3,axon_pre,False,1162.0,3222.0,0.03309481216457961
islet-cltmr,720575940920072433,720575940939706949,3,axon_pre,False,202.0,2084.0,0.0639686684073107
islet-cltmr,720575940920072433,720575940893395733,3,axon_pre,False,656.0,2134.0,0.017921146953405017
islet-cltmr,720575940920072433,720575940930875213,3,axon_pre,False,255.0,1792.0,0.1070615034168565
islet-cltmr,720575940920072433,720575940890204422,3,axon_pre,False,354.0,2815.0,0.20814977973568283
islet-cltmr,720575940920072433,720575940937862061,2,axon_pre,False,680.0,1219.0,0.11979166666666667
islet-cltmr,720575940920072433,720575940909970368,2,axon_pre,False,94.0,1581.0,0.239067055393586
islet-cltmr,720575940920072433,720575940882105316,2,axon_pre,False,70.0,1696.0,0.8839285714285714
islet-cltmr,720575940920072433,720575940908784985,2,axon_pre,False,187.0,1838.0,0.17592592592592593
islet-cltmr,720575940920072433,720575940895566320,2,axon_pre,False,45.0,1233.0,0.8281786941580757
islet-cltmr,720575940920072433,720575940881883217,2,axon_pre,False,243.0,1852.0,0.21226415094339623
islet-cltmr,720575940920072433,720575940886540834,2,axon_pre,False,121.0,1760.0,0.8150406504065041
islet-cltmr,720575940920072433,720575940918316341,2,axon_pre,False,745.0,1309.0,0.8949416342412452
islet-cltmr,720575940920072433,720575940892017863,2,axon_pre,False,343.0,3464.0,0.1642694928084784
islet-cltmr,720575940920072433,720575940904075984,2,axon_pre,False,294.0,2159.0,0.17881944444444445
islet-cltmr,720575940920072433,720575940892307143,2,axon_pre,False,77.0,1008.0,0.03146853146853147
islet-cltmr,720575940920897193,720575940869443690,3,axon_pre,False,753.0,2431.0,0.19838056680161945
islet-cltmr,720575940920897193,720575940909939648,3,axon_pre,False,67.0,1498.0,0.8504398826979472
islet-cltmr,720575940920897193,720575940886272676,2,axon_pre,False,247.0,1675.0,0.22981366459627328
islet-cltmr,720575940920897193,720575940959862804,2,axon_pre,False,41.0,1812.0,0.7688073394495413
islet-cltmr,720575940920897193,720575940885095808,2,axon_pre,False,181.0,1998.0,0.7934782608695652
islet-cltmr,720575940920897193,720575940897460886,2,axon_pre,False,612.0,1733.0,0.17783505154639176
islet-cltmr,720575940920897193,720575940930905464,2,axon_pre,False,576.0,1697.0,0.8086021505376344
islet-cltmr,720575940920897193,720575940899281090,2,axon_pre,False,703.0,1335.0,0.7443946188340808
islet-cltmr,720575940920897193,720575940922934557,2,axon_pre,False,273.0,2660.0,
islet-cltmr,720575940920897193,720575940862216039,2,axon_pre,False,356.0,2752.0,0.1318435754189944
IN-abltmr,720575940927273440,720575940888976061,10,axon_pre,False,241.0,3311.0,0.002707581227436823
IN-abltmr,720575940927273440,720575940912756502,8,axon_pre,False,195.0,1999.0,0.003048780487804878
IN-abltmr,720575940927273440,720575940886632202,6,axon_pre,False,132.0,1868.0,0.01580135440180587
IN-abltmr,720575940927273440,720575940892017863,6,axon_pre,False,343.0,3464.0,0.001514004542013626
IN-abltmr,720575940927273440,720575940888933494,6,axon_pre,False,207.0,2817.0,0.009174311926605505
IN-abltmr,720575940927273440,720575940910940321,6,axon_pre,False,150.0,1768.0,0.005037783375314861
IN-abltmr,720575940927273440,720575940937799853,5,axon_pre,False,236.0,1693.0,0.5
IN-abltmr,720575940927273440,720575940909097664,5,axon_pre,False,228.0,2676.0,0.0071794871794871795
IN-abltmr,720575940927273440,720575940890204422,5,axon_pre,False,354.0,2815.0,0.009911894273127754
IN-abltmr,720575940927273440,720575940910220105,4,axon_pre,False,423.0,15338.0,
IN-abltmr,720575940927273440,720575940918191413,4,axon_pre,False,422.0,3952.0,0.0006684491978609625
IN-abltmr,720575940927273440,720575940913556081,4,axon_pre,False,304.0,2518.0,0.1711111111111111
IN-abltmr,720575940927273440,720575940881059250,4,axon_pre,False,122.0,1602.0,0.007211538461538462
IN-abltmr,720575940927273440,720575940926395414,4,axon_pre,False,93.0,1822.0,0.5797752808988764
IN-abltmr,720575940927273440,720575940877129819,4,axon_pre,False,383.0,2753.0,0.0028708133971291866
IN-abltmr,720575940927273440,720575940882080484,3,axon_pre,False,128.0,1836.0,0.10404624277456648
IN-abltmr,720575940927273440,720575940888713487,3,axon_pre,False,681.0,2341.0,0.8426966292134831
IN-abltmr,720575940927273440,720575940908187120,3,axon_pre,False,132.0,1362.0,0.4437869822485207
IN-abltmr,720575940927273440,720575940897574873,3,axon_pre,False,336.0,2068.0,0.643652561247216
IN-abltmr,720575940927273440,720575940893226173,3,axon_pre,False,398.0,1674.0,0.9256756756756757
IN-abltmr,720575940927273440,720575940893842951,3,axon_pre,False,307.0,2139.0,0.2235294117647059
IN-abltmr,720575940927273440,720575940927174424,3,axon_pre,False,346.0,3478.0,0.004654771140418929
IN-abltmr,720575940927273440,720575940888529056,3,axon_pre,False,145.0,1572.0,0.5932721712538226
IN-abltmr,720575940927273440,720575940904096208,3,axon_pre,False,107.0,1921.0,0.5572519083969466
IN-abltmr,720575940927273440,720575940889995963,3,axon_pre,False,112.0,1441.0,0.44970414201183434
IN-abltmr,720575940927273440,720575940899278018,3,axon_pre,False,140.0,1760.0,0.311284046692607
IN-abltmr,720575940927273440,720575940898455481,2,axon_pre,False,98.0,1345.0,0.5935828877005348
IN-abltmr,720575940927273440,720575940928320508,2,axon_pre,False,88.0,1060.0,0.7528089887640449
IN-abltmr,720575940927273440,720575940915757504,2,axon_pre,False,227.0,2811.0,0.011583011583011582
IN-abltmr,720575940927273440,720575940882041376,2,axon_pre,False,243.0,1196.0,0.13302752293577982
IN-abltmr,720575940927273440,720575940886272676,2,axon_pre,False,247.0,1675.0,0.11180124223602485
IN-abltmr,720575940927273440,720575940900988613,2,axon_pre,False,228.0,1545.0,0.0
IN-abltmr,720575940927273440,720575940907222000,2,axon_pre,False,149.0,2004.0,0.9
IN-abltmr,720575940927273440,720575940881973536,2,axon_pre,False,187.0,3472.0,0.5936599423631124
IN-abltmr,720575940927273440,720575940908280304,2,axon_pre,False,188.0,2634.0,0.003076923076923077
IN-abltmr,720575940927273440,720575940899496893,2,axon_pre,False,736.0,2056.0,0.625
IN-abltmr,720575940927273440,720575940870580702,2,axon_pre,False,197.0,2777.0,0.0
IN-abltmr,720575940927273440,720575940897427645,2,axon_pre,False,1000.0,2302.0,0.9223300970873787
IN-abltmr,720575940927273440,720575940897079225,2,axon_pre,False,1218.0,1955.0,0.8978805394990366
IN-abltmr,720575940927273440,720575940872413150,2,axon_pre,False,196.0,2061.0,0.8465227817745803
IN-abltmr,720575940927273440,720575940909320219,2,axon_pre,False,250.0,3003.0,0.498812351543943
IN-abltmr,720575940927273440,720575940959760660,2,axon_pre,False,87.0,1884.0,0.5988593155893536
IN-abltmr,720575940927273440,720575940913996784,2,axon_pre,False,404.0,2315.0,0.7086007702182285
IN-abltmr,720575940927273440,720575940939897366,2,axon_pre,False,175.0,1991.0,0.5688622754491018
IN-abltmr,720575940927273440,720575940908977136,2,axon_pre,False,258.0,4791.0,0.8645251396648045
IN-abltmr,720575940927273440,720575940898732690,2,axon_pre,False,55.0,1681.0,0.18928571428571428
IN-abltmr,720575940927273440,720575940915719104,2,axon_pre,False,308.0,1448.0,0.0
IN-abltmr,720575940927273440,720575940915029373,2,axon_pre,False,89.0,1457.0,0.3617021276595745
IN-abltmr,720575940927273440,720575940927149336,2,axon_pre,False,288.0,1746.0,0.01871657754010695
IN-abltmr,720575940927273440,720575940869432795,2,axon_pre,False,293.0,2446.0,0.02844950213371266
ad-htmr,720575940935700348,720575940888976061,12,axon_pre,False,241.0,3311.0,0.09025270758122744
ad-htmr,720575940935700348,720575940933569924,12,axon_pre,False,238.0,3280.0,0.21986499517839922
ad-htmr,720575940935700348,720575940908057073,12,axon_pre,False,267.0,2799.0,0.08795180722891566
ad-htmr,720575940935700348,720575940898477757,12,axon_pre,False,253.0,2642.0,0.13537675606641125
ad-htmr,720575940935700348,720575940912756502,11,axon_pre,False,195.0,1999.0,0.04573170731707317
ad-htmr,720575940935700348,720575940891956925,11,axon_pre,False,149.0,2583.0,0.17827868852459017
ad-htmr,720575940935700348,720575940926640662,10,axon_pre,False,163.0,1659.0,0.5448275862068965
ad-htmr,720575940935700348,720575940888793434,10,axon_pre,False,461.0,1688.0,0.30386740331491713
ad-htmr,720575940935700348,720575940902589394,9,axon_pre,False,152.0,2674.0,0.09054054054054055
ad-htmr,720575940935700348,720575940964205222,8,axon_pre,False,259.0,3229.0,0.6903073286052009
ad-htmr,720575940935700348,720575940861413874,8,axon_pre,False,158.0,2318.0,0.024916943521594685
ad-htmr,720575940935700348,720575940881906939,8,axon_pre,False,306.0,3349.0,0.0215311004784689
ad-htmr,720575940935700348,720575940925804358,7,axon_pre,False,147.0,2250.0,0.029069767441860465
ad-htmr,720575940935700348,720575940869432795,7,axon_pre,False,293.0,2446.0,0.2147937411095306
ad-htmr,720575940935700348,720575940928314364,7,axon_pre,False,294.0,2005.0,0.27941176470588236
ad-htmr,720575940935700348,720575940881948923,7,axon_pre,False,234.0,1658.0,0.054673721340388004
ad-htmr,720575940935700348,720575940893395733,6,axon_pre,False,656.0,2134.0,0.016726403823178016
ad-htmr,720575940935700348,720575940883762716,6,axon_pre,False,253.0,2555.0,0.5681063122923588
ad-htmr,720575940935700348,720575940898832327,6,axon_pre,False,125.0,1505.0,0.02
ad-htmr,720575940935700348,720575940890618063,6,axon_pre,False,303.0,2553.0,0.06701030927835051
ad-htmr,720575940935700348,720575940883025885,6,axon_pre,False,213.0,2601.0,0.06989247311827956
ad-htmr,720575940935700348,720575940919955061,6,axon_pre,False,231.0,1840.0,0.3525835866261398
ad-htmr,720575940935700348,720575940939792662,6,axon_pre,False,127.0,2368.0,0.055077452667814115
ad-htmr,720575940935700348,720575940889249143,5,axon_pre,False,244.0,1810.0,0.11822660098522167
ad-htmr,720575940935700348,720575940893236555,5,axon_pre,False,224.0,1615.0,0.13902439024390245
ad-htmr,720575940935700348,720575940896505053,5,axon_pre,False,160.0,2837.0,0.792654028436019
ad-htmr,720575940935700348,720575940892151138,5,axon_pre,False,202.0,1917.0,0.45852534562211983
ad-htmr,720575940935700348,720575940912862208,5,axon_pre,False,274.0,1925.0,0.5465393794749404
ad-htmr,720575940935700348,720575940876975326,5,axon_pre,False,183.0,2926.0,0.6935123042505593
ad-htmr,720575940935700348,720575940927174424,5,axon_pre,False,346.0,3478.0,0.09775019394879751
ad-htmr,720575940935700348,720575940886632202,5,axon_pre,False,132.0,1868.0,0.38148984198645597
ad-htmr,720575940935700348,720575940869443690,5,axon_pre,False,753.0,2431.0,0.07827260458839407
ad-htmr,720575940935700348,720575940893842951,4,axon_pre,False,307.0,2139.0,0.4852941176470588
ad-htmr,720575940935700348,720575940862200935,4,axon_pre,False,136.0,982.0,0.8411214953271028
ad-htmr,720575940935700348,720575940895723453,4,axon_pre,False,131.0,1573.0,0.20930232558139536
ad-htmr,720575940935700348,720575940870580702,4,axon_pre,False,197.0,2777.0,0.20319634703196346
ad-htmr,720575940935700348,720575940903370509,4,axon_pre,False,931.0,2410.0,0.06343713956170703
ad-htmr,720575940935700348,720575940889122544,4,axon_pre,False,156.0,1832.0,0.4726166328600406
ad-htmr,720575940935700348,720575940906054459,4,axon_pre,False,243.0,2158.0,0.03662420382165605
ad-htmr,720575940935700348,720575940921394707,4,axon_pre,False,258.0,2683.0,0.04318936877076412
ad-htmr,720575940935700348,720575940883497054,3,axon_pre,False,236.0,3082.0,0.6742138364779874
ad-htmr,720575940935700348,720575940930825293,3,axon_pre,False,249.0,1784.0,0.5282051282051282
ad-htmr,720575940935700348,720575940920454032,3,axon_pre,False,280.0,2067.0,0.6798561151079137
ad-htmr,720575940935700348,720575940889934568,3,axon_pre,False,150.0,2011.0,0.224
ad-htmr,720575940935700348,720575940884787258,3,axon_pre,False,278.0,1944.0,0.037848605577689244
ad-htmr,720575940935700348,720575940907688433,3,axon_pre,False,195.0,2620.0,0.6472819216182049
ad-htmr,720575940935700348,720575940908784985,3,axon_pre,False,187.0,1838.0,0.3611111111111111
ad-htmr,720575940935700348,720575940908157424,3,axon_pre,False,179.0,2008.0,0.06746031746031746
ad-htmr,720575940935700348,720575940910940321,3,axon_pre,False,150.0,1768.0,0.6574307304785895
ad-htmr,720575940935700348,720575940870273155,2,axon_pre,False,684.0,2453.0,0.18181818181818182
ad-htmr,720575940935700348,720575940940334251,2,axon_pre,False,268.0,1902.0,0.05197505197505198
ad-htmr,720575940935700348,720575940913561201,2,axon_pre,False,201.0,2066.0,0.4701492537313433
ad-htmr,720575940935700348,720575940865420959,2,axon_pre,False,145.0,2045.0,0.17494089834515367
ad-htmr,720575940935700348,720575940895967134,2,axon_pre,False,153.0,1592.0,0.37333333333333335
ad-htmr,720575940935700348,720575940910500889,2,axon_pre,False,213.0,978.0,0.042071197411003236
ad-htmr,720575940935700348,720575940918191413,2,axon_pre,False,422.0,3952.0,0.0982620320855615
ad-htmr,720575940935700348,720575940911337833,2,axon_pre,False,295.0,685.0,0.49710982658959535
ad-htmr,720575940935700348,720575940936905540,2,axon_pre,False,262.0,1660.0,0.09953703703703703
ad-htmr,720575940935700348,720575940906101307,2,axon_pre,False,276.0,1839.0,0.1446028513238289
ad-htmr,720575940935700348,720575940937221662,2,axon_pre,False,257.0,1830.0,0.3309002433090024
ad-htmr,720575940935700348,720575940879997826,2,axon_pre,False,372.0,1404.0,0.4166666666666667
ad-htmr,720575940935700348,720575940927741744,2,axon_pre,False,112.0,820.0,0.05581395348837209
ad-htmr,720575940935700348,720575940895791293,2,axon_pre,False,106.0,1741.0,0.516994633273703
ad-htmr,720575940935700348,720575940870281603,2,axon_pre,False,161.0,1250.0,0.02127659574468085
ad-htmr,720575940935700348,720575940882080484,2,axon_pre,False,128.0,1836.0,0.6242774566473989
ad-htmr,720575940935700348,720575940900988613,2,axon_pre,False,228.0,1545.0,0.16489361702127658
ad-htmr,720575940935700348,720575940920044149,2,axon_pre,False,749.0,2473.0,0.7680209698558322
ad-htmr,720575940935700348,720575940871488313,2,axon_pre,False,226.0,751.0,0.35826771653543305
ad-htmr,720575940935700348,720575940891797671,2,axon_pre,False,193.0,3828.0,0.576427255985267
ad-htmr,720575940935700348,720575940903327501,2,axon_pre,False,225.0,1848.0,0.6324786324786325
ad-htmr,720575940935700348,720575940922949405,2,axon_pre,False,511.0,1955.0,0.5029940119760479
ad-htmr,720575940935700348,720575940915202367,2,axon_pre,False,231.0,1554.0,0.27184466019417475
ad-htmr,720575940935700348,720575940870231427,2,axon_pre,False,222.0,2296.0,0.5371517027863777
islet-chtmr,720575940937876909,720575940932787860,3,axon_pre,False,173.0,976.0,0.8553459119496856
islet-chtmr,720575940937876909,720575940920835240,3,axon_pre,False,153.0,1026.0,0.8811188811188811
islet-chtmr,720575940937876909,720575940873401406,3,axon_pre,False,144.0,981.0,0.9478827361563518
islet-chtmr,720575940937876909,720575940912535686,3,axon_pre,False,408.0,974.0,0.7951388888888888
islet-chtmr,720575940937876909,720575940904075984,3,axon_pre,False,294.0,2159.0,0.6006944444444444
islet-chtmr,720575940937876909,720575940922709290,3,axon_pre,False,329.0,1160.0,0.796969696969697
islet-chtmr,720575940937876909,720575940895903646,2,axon_pre,False,83.0,1014.0,0.3333333333333333
islet-chtmr,720575940937876909,720575940903693712,2,axon_pre,False,66.0,1003.0,0.7236024844720497
islet-chtmr,720575940937876909,720575940894178664,2,axon_pre,False,449.0,1366.0,0.6899441340782123
islet-chtmr,720575940937876909,720575940882124320,2,axon_pre,False,281.0,1842.0,0.4888392857142857
islet-chtmr,720575940937876909,720575940873509950,2,axon_pre,False,1618.0,2921.0,0.896291640477687
islet-chtmr,720575940937876909,720575940940910975,2,axon_pre,False,169.0,1163.0,0.8786279683377308
islet-chtmr,720575940937876909,720575940893774599,2,axon_pre,False,203.0,907.0,0.8333333333333334
islet-chtmr,720575940937876909,720575940894694641,2,axon_pre,False,59.0,923.0,0.6461538461538462
islet-chtmr,720575940937876909,720575940903679779,2,axon_pre,False,245.0,950.0,0.8227848101265823
islet-chtmr,720575940937876909,720575940892323527,2,axon_pre,False,65.0,1099.0,0.8861111111111111
islet-chtmr,720575940937876909,720575940918750769,2,axon_pre,False,421.0,1339.0,0.4243421052631579
islet-chtmr,720575940937876909,720575940900988613,2,axon_pre,False,228.0,1545.0,0.4148936170212766
islet-chtmr,720575940937876909,720575940912887552,2,axon_pre,False,124.0,1476.0,0.18018018018018017
islet-chtmr,720575940937876909,720575940939721797,2,axon_pre,False,220.0,1426.0,0.3728813559322034
islet-chtmr,720575940937876909,720575940893107370,2,axon_pre,False,172.0,1727.0,0.041791044776119404
islet-chtmr,720575940937876909,720575940865106970,2,axon_pre,False,156.0,1036.0,0.9571865443425076
islet-chtmr,720575940868783597,720575940889192823,26,dendrite_pre,,,,
islet-chtmr,720575940868783597,720575940897305090,26,dendrite_pre,,,,
islet-chtmr,720575940868783597,720575940892112738,25,dendrite_pre,,,,
islet-chtmr,720575940868783597,720575940892017863,25,dendrite_pre,,,,
islet-chtmr,720575940868783597,720575940896819018,23,dendrite_pre,,,,
islet-chtmr,720575940868783597,720575940940910975,19,dendrite_pre,,,,
islet-chtmr,720575940868783597,720575940875785533,18,dendrite_pre,,,,
islet-chtmr,720575940868783597,720575940890204422,18,dendrite_pre,,,,
islet-chtmr,720575940868783597,720575940919582469,17,dendrite_pre,,,,
islet-chtmr,720575940868783597,720575940899376313,15,dendrite_pre,,,,
islet-chtmr,720575940868783597,720575940920835240,14,dendrite_pre,,,,
islet-chtmr,720575940868783597,720575940892307143,13,dendrite_pre,,,,
islet-chtmr,720575940868783597,720575940892323527,11,dendrite_pre,,,,
islet-chtmr,720575940868783597,720575940904249043,11,dendrite_pre,,,,
islet-chtmr,720575940868783597,720575940894178664,10,dendrite_pre,,,,
islet-chtmr,720575940868783597,720575940885782942,10,dendrite_pre,,,,
islet-chtmr,720575940868783597,720575940882038048,9,dendrite_pre,,,,
islet-chtmr,720575940868783597,720575940898816761,8,dendrite_pre,,,,
islet-chtmr,720575940868783597,720575940909179612,8,dendrite_pre,,,,
islet-chtmr,720575940868783597,720575940892109511,8,dendrite_pre,,,,
islet-chtmr,720575940868783597,720575940886975223,8,dendrite_pre,,,,
islet-chtmr,720575940868783597,720575940882124320,7,dendrite_pre,,,,
islet-chtmr,720575940868783597,720575940868694509,7,dendrite_pre,,,,
islet-chtmr,720575940868783597,720575940912535686,6,dendrite_pre,,,,
islet-chtmr,720575940868783597,720575940902007534,6,dendrite_pre,,,,
islet-chtmr,720575940868783597,720575940927109144,6,dendrite_pre,,,,
islet-chtmr,720575940868783597,720575940893864945,6,dendrite_pre,,,,
islet-chtmr,720575940868783597,720575940936008358,5,dendrite_pre,,,,
islet-chtmr,720575940868783597,720575940903370509,5,dendrite_pre,,,,
islet-chtmr,720575940868783597,720575940891164342,5,dendrite_pre,,,,
islet-chtmr,720575940868783597,720575940915203391,5,dendrite_pre,,,,
islet-chtmr,720575940868783597,720575940897240066,5,dendrite_pre,,,,
islet-chtmr,720575940868783597,720575940889767009,5,dendrite_pre,,,,
IN-abltmr,720575940869591310,720575940928347132,33,dendrite_pre,,,,
IN-abltmr,720575940869591310,720575940878312571,17,dendrite_pre,,,,
IN-abltmr,720575940869591310,720575940891183798,17,dendrite_pre,,,,
IN-abltmr,720575940869591310,720575940891181902,14,dendrite_pre,,,,
IN-abltmr,720575940869591310,720575940919917041,6,dendrite_pre,,,,
IN-abltmr,720575940869591310,720575940885095808,6,dendrite_pre,,,,
IN-abltmr,720575940869591310,720575940900956101,5,dendrite_pre,,,,
IN-abltmr,720575940869591310,720575940908781145,5,dendrite_pre,,,,
IN-abltmr,720575940869591310,720575940878956340,5,dendrite_pre,,,,
islet-chtmr,720575940873509950,720575940875116119,32,dendrite_pre,,,,
islet-chtmr,720575940873509950,720575940882038048,32,dendrite_pre,,,,
islet-chtmr,720575940873509950,720575940936008358,26,dendrite_pre,,,,
islet-chtmr,720575940873509950,720575940899143251,25,dendrite_pre,,,,
islet-chtmr,720575940873509950,720575940877129819,23,dendrite_pre,,,,
islet-chtmr,720575940873509950,720575940912535686,22,dendrite_pre,,,,
islet-chtmr,720575940873509950,720575940950757652,21,dendrite_pre,,,,
islet-chtmr,720575940873509950,720575940883543461,20,dendrite_pre,,,,
islet-chtmr,720575940873509950,720575940922709290,17,dendrite_pre,,,,
islet-chtmr,720575940873509950,720575940902331832,17,dendrite_pre,,,,
islet-chtmr,720575940873509950,720575940927109144,16,dendrite_pre,,,,
islet-chtmr,720575940873509950,720575940903679779,16,dendrite_pre,,,,
islet-chtmr,720575940873509950,720575940862216039,16,dendrite_pre,,,,
islet-chtmr,720575940873509950,720575940909769176,15,dendrite_pre,,,,
islet-chtmr,720575940873509950,720575940899584944,15,dendrite_pre,,,,
islet-chtmr,720575940873509950,720575940891164342,14,dendrite_pre,,,,
islet-chtmr,720575940873509950,720575940902703089,13,dendrite_pre,,,,
islet-chtmr,720575940873509950,720575940908057073,13,dendrite_pre,,,,
islet-chtmr,720575940873509950,720575940862140007,13,dendrite_pre,,,,
islet-chtmr,720575940873509950,720575940940910975,12,dendrite_pre,,,,
islet-chtmr,720575940873509950,720575940902007534,12,dendrite_pre,,,,
islet-chtmr,720575940873509950,720575940883025885,10,dendrite_pre,,,,
islet-chtmr,720575940873509950,720575940904086480,10,dendrite_pre,,,,
islet-chtmr,720575940873509950,720575940882124320,9,dendrite_pre,,,,
islet-chtmr,720575940873509950,720575940898393587,8,dendrite_pre,,,,
islet-chtmr,720575940873509950,720575940907061033,8,dendrite_pre,,,,
islet-chtmr,720575940873509950,720575940914883824,8,dendrite_pre,,,,
islet-chtmr,720575940873509950,720575940927253324,8,dendrite_pre,,,,
islet-chtmr,720575940873509950,720575940898816761,7,dendrite_pre,,,,
islet-chtmr,720575940873509950,720575940920848808,7,dendrite_pre,,,,
islet-chtmr,720575940873509950,720575940869481691,7,dendrite_pre,,,,
islet-chtmr,720575940873509950,720575940897151504,6,dendrite_pre,,,,
islet-chtmr,720575940873509950,720575940896863175,6,dendrite_pre,,,,
islet-chtmr,720575940873509950,720575940896687815,5,dendrite_pre,,,,
islet-chtmr,720575940873509950,720575940918873695,5,dendrite_pre,,,,
islet-chtmr,720575940873509950,720575940927174424,5,dendrite_pre,,,,
islet-chtmr,720575940873509950,720575940892592500,5,dendrite_pre,,,,
islet-chtmr,720575940875009249,720575940908057073,24,dendrite_pre,,,,
islet-chtmr,720575940875009249,720575940922709290,21,dendrite_pre,,,,
islet-chtmr,720575940875009249,720575940905061686,20,dendrite_pre,,,,
islet-chtmr,720575940875009249,720575940875116119,20,dendrite_pre,,,,
islet-chtmr,720575940875009249,720575940883533733,20,dendrite_pre,,,,
islet-chtmr,720575940875009249,720575940882525989,18,dendrite_pre,,,,
islet-chtmr,720575940875009249,720575940920848808,18,dendrite_pre,,,,
islet-chtmr,720575940875009249,720575940904086480,18,dendrite_pre,,,,
islet-chtmr,720575940875009249,720575940909769176,16,dendrite_pre,,,,
islet-chtmr,720575940875009249,720575940913308862,14,dendrite_pre,,,,
islet-chtmr,720575940875009249,720575940919612933,14,dendrite_pre,,,,
islet-chtmr,720575940875009249,720575940888206927,13,dendrite_pre,,,,
islet-chtmr,720575940875009249,720575940869510158,13,dendrite_pre,,,,
islet-chtmr,720575940875009249,720575940903679779,13,dendrite_pre,,,,
islet-chtmr,720575940875009249,720575940895686440,11,dendrite_pre,,,,
islet-chtmr,720575940875009249,720575940882152932,10,dendrite_pre,,,,
islet-chtmr,720575940875009249,720575940877000795,10,dendrite_pre,,,,
islet-chtmr,720575940875009249,720575940924148613,10,dendrite_pre,,,,
islet-chtmr,720575940875009249,720575940898477757,9,dendrite_pre,,,,
islet-chtmr,720575940875009249,720575940918750769,9,dendrite_pre,,,,
islet-chtmr,720575940875009249,720575940890618063,9,dendrite_pre,,,,
islet-chtmr,720575940875009249,720575940894178664,8,dendrite_pre,,,,
islet-chtmr,720575940875009249,720575940884787258,8,dendrite_pre,,,,
islet-chtmr,720575940875009249,720575940906164189,8,dendrite_pre,,,,
islet-chtmr,720575940875009249,720575940865183697,8,dendrite_pre,,,,
islet-chtmr,720575940875009249,720575940916016480,8,dendrite_pre,,,,
islet-chtmr,720575940875009249,720575940892652404,7,dendrite_pre,,,,
islet-chtmr,720575940875009249,720575940893395733,7,dendrite_pre,,,,
islet-chtmr,720575940875009249,720575940869443690,7,dendrite_pre,,,,
islet-chtmr,720575940875009249,720575940908386564,6,dendrite_pre,,,,
islet-chtmr,720575940875009249,720575940886926839,6,dendrite_pre,,,,
islet-chtmr,720575940875009249,720575940936905540,6,dendrite_pre,,,,
islet-chtmr,720575940875009249,720575940899257026,6,dendrite_pre,,,,
islet-chtmr,720575940875009249,720575940865106970,5,dendrite_pre,,,,
islet-chtmr,720575940875009249,720575940878916148,5,dendrite_pre,,,,
islet-chtmr,720575940875009249,720575940899153235,5,dendrite_pre,,,,
islet-chtmr,720575940875009249,720575940897381378,5,dendrite_pre,,,,
islet-chtmr,720575940875009249,720575940906054459,5,dendrite_pre,,,,
islet-chtmr,720575940875009249,720575940871503673,5,dendrite_pre,,,,
islet-chtmr,720575940875009249,720575940914883824,5,dendrite_pre,,,,
islet-cltmr,720575940875009505,720575940877106267,21,dendrite_pre,,,,
islet-cltmr,720575940875009505,720575940940380075,20,dendrite_pre,,,,
islet-cltmr,720575940875009505,720575940888525260,18,dendrite_pre,,,,
islet-cltmr,720575940875009505,720575940883898652,18,dendrite_pre,,,,
islet-cltmr,720575940875009505,720575940890204422,17,dendrite_pre,,,,
islet-cltmr,720575940875009505,720575940897150224,16,dendrite_pre,,,,
islet-cltmr,720575940875009505,720575940886540834,15,dendrite_pre,,,,
islet-cltmr,720575940875009505,720575940879220460,15,dendrite_pre,,,,
islet-cltmr,720575940875009505,720575940896819018,13,dendrite_pre,,,,
islet-cltmr,720575940875009505,720575940914883824,13,dendrite_pre,,,,
islet-cltmr,720575940875009505,720575940908386564,12,dendrite_pre,,,,
islet-cltmr,720575940875009505,720575940919582469,12,dendrite_pre,,,,
islet-cltmr,720575940875009505,720575940908781145,11,dendrite_pre,,,,
islet-cltmr,720575940875009505,720575940895353262,10,dendrite_pre,,,,
islet-cltmr,720575940875009505,720575940891181902,10,dendrite_pre,,,,
islet-cltmr,720575940875009505,720575940878956340,10,dendrite_pre,,,,
islet-cltmr,720575940875009505,720575940892017863,9,dendrite_pre,,,,
islet-cltmr,720575940875009505,720575940922814762,8,dendrite_pre,,,,
islet-cltmr,720575940875009505,720575940900956101,8,dendrite_pre,,,,
islet-cltmr,720575940875009505,720575940936954692,8,dendrite_pre,,,,
islet-cltmr,720575940875009505,720575940897404162,8,dendrite_pre,,,,
islet-cltmr,720575940875009505,720575940903370509,7,dendrite_pre,,,,
islet-cltmr,720575940875009505,720575940892653428,7,dendrite_pre,,,,
islet-cltmr,720575940875009505,720575940899153235,7,dendrite_pre,,,,
islet-cltmr,720575940875009505,720575940903679779,7,dendrite_pre,,,,
islet-cltmr,720575940875009505,720575940869443690,7,dendrite_pre,,,,
islet-cltmr,720575940875009505,720575940896248247,7,dendrite_pre,,,,
islet-cltmr,720575940875009505,720575940878303531,6,dendrite_pre,,,,
islet-cltmr,720575940875009505,720575940886926839,6,dendrite_pre,,,,
islet-cltmr,720575940875009505,720575940890245126,6,dendrite_pre,,,,
islet-cltmr,720575940875009505,720575940898841849,6,dendrite_pre,,,,
islet-cltmr,720575940875009505,720575940893177002,6,dendrite_pre,,,,
islet-cltmr,720575940875009505,720575940899281090,5,dendrite_pre,,,,
islet-cltmr,720575940877168904,720575940887131610,38,dendrite_pre,,,,
islet-cltmr,720575940877168904,720575940930905464,36,dendrite_pre,,,,
islet-cltmr,720575940877168904,720575940917787299,34,dendrite_pre,,,,
islet-cltmr,720575940877168904,720575940917097276,24,dendrite_pre,,,,
islet-cltmr,720575940877168904,720575940881620931,19,dendrite_pre,,,,
islet-cltmr,720575940877168904,720575940921263822,19,dendrite_pre,,,,
islet-cltmr,720575940877168904,720575940883197911,19,dendrite_pre,,,,
islet-cltmr,720575940877168904,720575940878303531,18,dendrite_pre,,,,
islet-cltmr,720575940877168904,720575940940380075,15,dendrite_pre,,,,
islet-cltmr,720575940877168904,720575940911532223,14,dendrite_pre,,,,
islet-cltmr,720575940877168904,720575940906423858,13,dendrite_pre,,,,
islet-cltmr,720575940877168904,720575940861450226,12,dendrite_pre,,,,
islet-cltmr,720575940877168904,720575940891181902,11,dendrite_pre,,,,
islet-cltmr,720575940877168904,720575940876302815,11,dendrite_pre,,,,
islet-cltmr,720575940877168904,720575940882105316,11,dendrite_pre,,,,
islet-cltmr,720575940877168904,720575940893177002,10,dendrite_pre,,,,
islet-cltmr,720575940877168904,720575940900956101,9,dendrite_pre,,,,
islet-cltmr,720575940877168904,720575940897404162,8,dendrite_pre,,,,
islet-cltmr,720575940877168904,720575940899281090,8,dendrite_pre,,,,
islet-cltmr,720575940877168904,720575940891183798,8,dendrite_pre,,,,
islet-cltmr,720575940877168904,720575940915578261,8,dendrite_pre,,,,
islet-cltmr,720575940877168904,720575940862216039,7,dendrite_pre,,,,
islet-cltmr,720575940877168904,720575940898477757,7,dendrite_pre,,,,
islet-cltmr,720575940877168904,720575940888206927,6,dendrite_pre,,,,
islet-cltmr,720575940877168904,720575940888995958,5,dendrite_pre,,,,
islet-cltmr,720575940877168904,720575940870273155,5,dendrite_pre,,,,
islet-cltmr,720575940877168904,720575940907061033,5,dendrite_pre,,,,
islet-cltmr,720575940877168904,720575940862140007,5,dendrite_pre,,,,
islet-cltmr,720575940877168904,720575940888933494,5,dendrite_pre,,,,
islet-cltmr,720575940877168904,720575940920886441,5,dendrite_pre,,,,
islet-cltmr,720575940877168904,720575940899465920,5,dendrite_pre,,,,
islet-cltmr,720575940877168904,720575940890618063,5,dendrite_pre,,,,
IN-abltmr,720575940878308651,720575940900889280,12,dendrite_pre,,,,
islet-adltmr,720575940879241452,720575940955177304,5,dendrite_pre,,,,
islet-adltmr,720575940879241452,720575940889223606,5,dendrite_pre,,,,
IN-abltmr,720575940881955665,720575940886279076,14,dendrite_pre,,,,
IN-abltmr,720575940881955665,720575940896890954,13,dendrite_pre,,,,
IN-abltmr,720575940881955665,720575940945591318,7,dendrite_pre,,,,
IN-abltmr,720575940881955665,720575940921263822,7,dendrite_pre,,,,
IN-abltmr,720575940881955665,720575940911532223,6,dendrite_pre,,,,
IN-abltmr,720575940881955665,720575940887131610,6,dendrite_pre,,,,
IN-abltmr,720575940881955665,720575940946690582,5,dendrite_pre,,,,
ad-htmr,720575940882688412,720575940900889280,9,dendrite_pre,,,,
islet-cltmr,720575940891538468,720575940888525260,25,dendrite_pre,,,,
islet-cltmr,720575940891538468,720575940883898652,20,dendrite_pre,,,,
islet-cltmr,720575940891538468,720575940890204422,16,dendrite_pre,,,,
islet-cltmr,720575940891538468,720575940902703006,15,dendrite_pre,,,,
islet-cltmr,720575940891538468,720575940890245126,13,dendrite_pre,,,,
islet-cltmr,720575940891538468,720575940879220460,12,dendrite_pre,,,,
islet-cltmr,720575940891538468,720575940892173666,12,dendrite_pre,,,,
islet-cltmr,720575940891538468,720575940886540834,12,dendrite_pre,,,,
islet-cltmr,720575940891538468,720575940900035780,11,dendrite_pre,,,,
islet-cltmr,720575940891538468,720575940908781145,10,dendrite_pre,,,,
islet-cltmr,720575940891538468,720575940878303531,10,dendrite_pre,,,,
islet-cltmr,720575940891538468,720575940898841849,10,dendrite_pre,,,,
islet-cltmr,720575940891538468,720575940917097276,10,dendrite_pre,,,,
islet-cltmr,720575940891538468,720575940877106267,9,dendrite_pre,,,,
islet-cltmr,720575940891538468,720575940892653428,9,dendrite_pre,,,,
islet-cltmr,720575940891538468,720575940915029373,8,dendrite_pre,,,,
islet-cltmr,720575940891538468,720575940916016480,6,dendrite_pre,,,,
islet-cltmr,720575940891538468,720575940892017863,6,dendrite_pre,,,,
islet-cltmr,720575940891538468,720575940940380075,6,dendrite_pre,,,,
islet-cltmr,720575940891538468,720575940896732090,5,dendrite_pre,,,,
islet-cltmr,720575940891538468,720575940891183798,5,dendrite_pre,,,,
islet-cltmr,720575940891538468,720575940899465920,5,dendrite_pre,,,,
islet-cltmr,720575940891538468,720575940881931601,5,dendrite_pre,,,,
islet-cltmr,720575940891538468,720575940897150224,5,dendrite_pre,,,,
islet-cltmr,720575940891538468,720575940893777899,5,dendrite_pre,,,,
islet-cltmr,720575940891538468,720575940883197911,5,dendrite_pre,,,,
islet-adltmr,720575940892190818,720575940906252275,10,dendrite_pre,,,,
islet-adltmr,720575940892190818,720575940886592266,6,dendrite_pre,,,,
islet-chtmr,720575940893307467,720575940919582469,24,dendrite_pre,,,,
islet-chtmr,720575940893307467,720575940875116119,20,dendrite_pre,,,,
islet-chtmr,720575940893307467,720575940886926839,20,dendrite_pre,,,,
islet-chtmr,720575940893307467,720575940908386564,19,dendrite_pre,,,,
islet-chtmr,720575940893307467,720575940924148613,18,dendrite_pre,,,,
islet-chtmr,720575940893307467,720575940922709290,18,dendrite_pre,,,,
islet-chtmr,720575940893307467,720575940903679779,18,dendrite_pre,,,,
islet-chtmr,720575940893307467,720575940904086480,17,dendrite_pre,,,,
islet-chtmr,720575940893307467,720575940899153235,16,dendrite_pre,,,,
islet-chtmr,720575940893307467,720575940916016480,16,dendrite_pre,,,,
islet-chtmr,720575940893307467,720575940882525989,16,dendrite_pre,,,,
islet-chtmr,720575940893307467,720575940894178664,16,dendrite_pre,,,,
islet-chtmr,720575940893307467,720575940914883824,15,dendrite_pre,,,,
islet-chtmr,720575940893307467,720575940920848808,15,dendrite_pre,,,,
islet-chtmr,720575940893307467,720575940919612933,15,dendrite_pre,,,,
islet-chtmr,720575940893307467,720575940896819018,14,dendrite_pre,,,,
islet-chtmr,720575940893307467,720575940897381378,12,dendrite_pre,,,,
islet-chtmr,720575940893307467,720575940909769176,12,dendrite_pre,,,,
islet-chtmr,720575940893307467,720575940904075984,11,dendrite_pre,,,,
islet-chtmr,720575940893307467,720575940877000795,11,dendrite_pre,,,,
islet-chtmr,720575940893307467,720575940869443690,10,dendrite_pre,,,,
islet-chtmr,720575940893307467,720575940892652404,10,dendrite_pre,,,,
islet-chtmr,720575940893307467,720575940920835240,10,dendrite_pre,,,,
islet-chtmr,720575940893307467,720575940895686440,10,dendrite_pre,,,,
islet-chtmr,720575940893307467,720575940865183697,9,dendrite_pre,,,,
islet-chtmr,720575940893307467,720575940893395733,8,dendrite_pre,,,,
islet-chtmr,720575940893307467,720575940927168536,8,dendrite_pre,,,,
islet-chtmr,720575940893307467,720575940893236555,7,dendrite_pre,,,,
islet-chtmr,720575940893307467,720575940905061686,7,dendrite_pre,,,,
islet-chtmr,720575940893307467,720575940869481691,6,dendrite_pre,,,,
islet-chtmr,720575940893307467,720575940927109144,6,dendrite_pre,,,,
islet-chtmr,720575940893307467,720575940906164189,6,dendrite_pre,,,,
islet-chtmr,720575940893307467,720575940897460886,5,dendrite_pre,,,,
islet-chtmr,720575940893307467,720575940878916148,5,dendrite_pre,,,,
islet-chtmr,720575940893307467,720575940922934557,5,dendrite_pre,,,,
islet-chtmr,720575940893307467,720575940903415309,5,dendrite_pre,,,,
islet-chtmr,720575940893307467,720575940883533733,5,dendrite_pre,,,,
islet-chtmr,720575940893307467,720575940913308862,5,dendrite_pre,,,,
islet-cltmr,720575940894200219,720575940883197911,27,dendrite_pre,,,,
islet-cltmr,720575940894200219,720575940887131610,24,dendrite_pre,,,,
islet-cltmr,720575940894200219,720575940881620931,23,dendrite_pre,,,,
islet-cltmr,720575940894200219,720575940930905464,20,dendrite_pre,,,,
islet-cltmr,720575940894200219,720575940882105316,18,dendrite_pre,,,,
islet-cltmr,720575940894200219,720575940902703006,16,dendrite_pre,,,,
islet-cltmr,720575940894200219,720575940891181902,15,dendrite_pre,,,,
islet-cltmr,720575940894200219,720575940879220460,15,dendrite_pre,,,,
islet-cltmr,720575940894200219,720575940921263822,15,dendrite_pre,,,,
islet-cltmr,720575940894200219,720575940917097276,15,dendrite_pre,,,,
islet-cltmr,720575940894200219,720575940915578261,15,dendrite_pre,,,,
islet-cltmr,720575940894200219,720575940911532223,15,dendrite_pre,,,,
islet-cltmr,720575940894200219,720575940885095808,14,dendrite_pre,,,,
islet-cltmr,720575940894200219,720575940869486442,13,dendrite_pre,,,,
islet-cltmr,720575940894200219,720575940920882345,13,dendrite_pre,,,,
islet-cltmr,720575940894200219,720575940893177002,12,dendrite_pre,,,,
islet-cltmr,720575940894200219,720575940862140007,12,dendrite_pre,,,,
islet-cltmr,720575940894200219,720575940917787299,12,dendrite_pre,,,,
islet-cltmr,720575940894200219,720575940878303531,9,dendrite_pre,,,,
islet-cltmr,720575940894200219,720575940861450226,9,dendrite_pre,,,,
islet-cltmr,720575940894200219,720575940878956340,8,dendrite_pre,,,,
islet-cltmr,720575940894200219,720575940900956101,7,dendrite_pre,,,,
islet-cltmr,720575940894200219,720575940940380075,7,dendrite_pre,,,,
islet-cltmr,720575940894200219,720575940891183798,7,dendrite_pre,,,,
islet-cltmr,720575940894200219,720575940882439629,7,dendrite_pre,,,,
islet-cltmr,720575940894200219,720575940906423858,7,dendrite_pre,,,,
islet-cltmr,720575940894200219,720575940900035780,6,dendrite_pre,,,,
islet-cltmr,720575940894200219,720575940898477757,6,dendrite_pre,,,,
islet-cltmr,720575940894200219,720575940890245126,5,dendrite_pre,,,,
islet-cltmr,720575940896891210,720575940891183798,54,dendrite_pre,,,,
islet-cltmr,720575940896891210,720575940930905464,30,dendrite_pre,,,,
islet-cltmr,720575940896891210,720575940885095808,27,dendrite_pre,,,,
islet-cltmr,720575940896891210,720575940893177002,24,dendrite_pre,,,,
islet-cltmr,720575940896891210,720575940940380075,23,dendrite_pre,,,,
islet-cltmr,720575940896891210,720575940900956101,21,dendrite_pre,,,,
islet-cltmr,720575940896891210,720575940891181902,20,dendrite_pre,,,,
islet-cltmr,720575940896891210,720575940881931601,18,dendrite_pre,,,,
islet-cltmr,720575940896891210,720575940908781145,18,dendrite_pre,,,,
islet-cltmr,720575940896891210,720575940893777899,17,dendrite_pre,,,,
islet-cltmr,720575940896891210,720575940878956340,16,dendrite_pre,,,,
islet-cltmr,720575940896891210,720575940881620931,14,dendrite_pre,,,,
islet-cltmr,720575940896891210,720575940902703006,11,dendrite_pre,,,,
islet-cltmr,720575940896891210,720575940917787299,11,dendrite_pre,,,,
islet-cltmr,720575940896891210,720575940911418815,10,dendrite_pre,,,,
islet-cltmr,720575940896891210,720575940883481950,9,dendrite_pre,,,,
islet-cltmr,720575940896891210,720575940903354252,9,dendrite_pre,,,,
islet-cltmr,720575940896891210,720575940896248247,9,dendrite_pre,,,,
islet-cltmr,720575940896891210,720575940869443690,9,dendrite_pre,,,,
islet-cltmr,720575940896891210,720575940928347132,8,dendrite_pre,,,,
islet-cltmr,720575940896891210,720575940913308862,8,dendrite_pre,,,,
islet-cltmr,720575940896891210,720575940911532223,7,dendrite_pre,,,,
islet-cltmr,720575940896891210,720575940890245126,6,dendrite_pre,,,,
islet-cltmr,720575940896891210,720575940879220460,6,dendrite_pre,,,,
islet-cltmr,720575940896891210,720575940897460886,6,dendrite_pre,,,,
islet-cltmr,720575940896891210,720575940902763375,6,dendrite_pre,,,,
islet-cltmr,720575940896891210,720575940878303531,6,dendrite_pre,,,,
islet-cltmr,720575940896891210,720575940870273155,5,dendrite_pre,,,,
islet-cltmr,720575940896891210,720575940883197911,5,dendrite_pre,,,,
islet-cltmr,720575940896891210,720575940888148592,5,dendrite_pre,,,,
islet-cltmr,720575940896891210,720575940887131610,5,dendrite_pre,,,,
islet-adltmr,720575940896891466,720575940884699194,6,dendrite_pre,,,,
islet-chtmr,720575940912627846,720575940903679779,24,dendrite_pre,,,,
islet-chtmr,720575940912627846,720575940922709290,23,dendrite_pre,,,,
islet-chtmr,720575940912627846,720575940886926839,23,dendrite_pre,,,,
islet-chtmr,720575940912627846,720575940908057073,21,dendrite_pre,,,,
islet-chtmr,720575940912627846,720575940904086480,21,dendrite_pre,,,,
islet-chtmr,720575940912627846,720575940908386564,19,dendrite_pre,,,,
islet-chtmr,720575940912627846,720575940914883824,18,dendrite_pre,,,,
islet-chtmr,720575940912627846,720575940869443690,17,dendrite_pre,,,,
islet-chtmr,720575940912627846,720575940909769176,16,dendrite_pre,,,,
islet-chtmr,720575940912627846,720575940897381378,15,dendrite_pre,,,,
islet-chtmr,720575940912627846,720575940875116119,13,dendrite_pre,,,,
islet-chtmr,720575940912627846,720575940893395733,11,dendrite_pre,,,,
islet-chtmr,720575940912627846,720575940919582469,11,dendrite_pre,,,,
islet-chtmr,720575940912627846,720575940899153235,10,dendrite_pre,,,,
islet-chtmr,720575940912627846,720575940922934557,10,dendrite_pre,,,,
islet-chtmr,720575940912627846,720575940913308862,10,dendrite_pre,,,,
islet-chtmr,720575940912627846,720575940920848808,10,dendrite_pre,,,,
islet-chtmr,720575940912627846,720575940912535686,9,dendrite_pre,,,,
islet-chtmr,720575940912627846,720575940890618063,9,dendrite_pre,,,,
islet-chtmr,720575940912627846,720575940869481691,8,dendrite_pre,,,,
islet-chtmr,720575940912627846,720575940924148613,8,dendrite_pre,,,,
islet-chtmr,720575940912627846,720575940882525989,8,dendrite_pre,,,,
islet-chtmr,720575940912627846,720575940927109144,7,dendrite_pre,,,,
islet-chtmr,720575940912627846,720575940916016480,7,dendrite_pre,,,,
islet-chtmr,720575940912627846,720575940862216039,6,dendrite_pre,,,,
islet-chtmr,720575940912627846,720575940882038048,6,dendrite_pre,,,,
islet-chtmr,720575940912627846,720575940892652404,6,dendrite_pre,,,,
islet-chtmr,720575940912627846,720575940906389554,6,dendrite_pre,,,,
islet-chtmr,720575940912627846,720575940883533733,5,dendrite_pre,,,,
islet-chtmr,720575940912627846,720575940898477757,5,dendrite_pre,,,,
islet-chtmr,720575940912627846,720575940906164189,5,dendrite_pre,,,,
islet-chtmr,720575940912627846,720575940877000795,5,dendrite_pre,,,,
islet-chtmr,720575940912627846,720575940905061686,5,dendrite_pre,,,,
islet-cltmr,720575940915389853,720575940902703006,15,dendrite_pre,,,,
islet-cltmr,720575940915389853,720575940880866969,15,dendrite_pre,,,,
islet-cltmr,720575940915389853,720575940897150224,14,dendrite_pre,,,,
islet-cltmr,720575940915389853,720575940879220460,12,dendrite_pre,,,,
islet-cltmr,720575940915389853,720575940917097276,10,dendrite_pre,,,,
islet-cltmr,720575940915389853,720575940883898652,10,dendrite_pre,,,,
islet-cltmr,720575940915389853,720575940892173666,10,dendrite_pre,,,,
islet-cltmr,720575940915389853,720575940890245126,10,dendrite_pre,,,,
islet-cltmr,720575940915389853,720575940900035780,9,dendrite_pre,,,,
islet-cltmr,720575940915389853,720575940888525260,9,dendrite_pre,,,,
islet-cltmr,720575940915389853,720575940906423858,9,dendrite_pre,,,,
islet-cltmr,720575940915389853,720575940898841849,8,dendrite_pre,,,,
islet-cltmr,720575940915389853,720575940882105316,8,dendrite_pre,,,,
islet-cltmr,720575940915389853,720575940892653428,7,dendrite_pre,,,,
islet-cltmr,720575940915389853,720575940908781145,7,dendrite_pre,,,,
islet-cltmr,720575940915389853,720575940885095808,6,dendrite_pre,,,,
islet-cltmr,720575940915389853,720575940909939648,5,dendrite_pre,,,,
islet-cltmr,720575940915389853,720575940891183798,5,dendrite_pre,,,,
islet-cltmr,720575940915389853,720575940915578261,5,dendrite_pre,,,,
islet-cltmr,720575940915389853,720575940877106267,5,dendrite_pre,,,,
islet-cltmr,720575940915389853,720575940903354252,5,dendrite_pre,,,,
islet-adltmr,720575940915390365,720575940886592266,10,dendrite_pre,,,,
islet-adltmr,720575940915390365,720575940946164246,9,dendrite_pre,,,,
islet-adltmr,720575940915390365,720575940870273155,6,dendrite_pre,,,,
islet-chtmr,720575940929601786,720575940894178664,25,dendrite_pre,,,,
islet-chtmr,720575940929601786,720575940916016480,23,dendrite_pre,,,,
islet-chtmr,720575940929601786,720575940936008358,20,dendrite_pre,,,,
islet-chtmr,720575940929601786,720575940920835240,20,dendrite_pre,,,,
islet-chtmr,720575940929601786,720575940927109144,18,dendrite_pre,,,,
islet-chtmr,720575940929601786,720575940919582469,15,dendrite_pre,,,,
islet-chtmr,720575940929601786,720575940882124320,14,dendrite_pre,,,,
islet-chtmr,720575940929601786,720575940897151504,14,dendrite_pre,,,,
islet-chtmr,720575940929601786,720575940897381378,13,dendrite_pre,,,,
islet-chtmr,720575940929601786,720575940869481691,12,dendrite_pre,,,,
islet-chtmr,720575940929601786,720575940912535686,12,dendrite_pre,,,,
islet-chtmr,720575940929601786,720575940900988613,12,dendrite_pre,,,,
islet-chtmr,720575940929601786,720575940940910975,11,dendrite_pre,,,,
islet-chtmr,720575940929601786,720575940924148613,11,dendrite_pre,,,,
islet-chtmr,720575940929601786,720575940902331832,11,dendrite_pre,,,,
islet-chtmr,720575940929601786,720575940904249043,10,dendrite_pre,,,,
islet-chtmr,720575940929601786,720575940927174424,10,dendrite_pre,,,,
islet-chtmr,720575940929601786,720575940896819018,10,dendrite_pre,,,,
islet-chtmr,720575940929601786,720575940862216039,9,dendrite_pre,,,,
islet-chtmr,720575940929601786,720575940920006013,9,dendrite_pre,,,,
islet-chtmr,720575940929601786,720575940941106028,8,dendrite_pre,,,,
islet-chtmr,720575940929601786,720575940904075984,8,dendrite_pre,,,,
islet-chtmr,720575940929601786,720575940902703089,8,dendrite_pre,,,,
islet-chtmr,720575940929601786,720575940908386564,8,dendrite_pre,,,,
islet-chtmr,720575940929601786,720575940883543461,7,dendrite_pre,,,,
islet-chtmr,720575940929601786,720575940903415309,7,dendrite_pre,,,,
islet-chtmr,720575940929601786,720575940877129819,7,dendrite_pre,,,,
islet-chtmr,720575940929601786,720575940889192823,7,dendrite_pre,,,,
islet-chtmr,720575940929601786,720575940903679779,7,dendrite_pre,,,,
islet-chtmr,720575940929601786,720575940919612933,7,dendrite_pre,,,,
islet-chtmr,720575940929601786,720575940875122775,6,dendrite_pre,,,,
islet-chtmr,720575940929601786,720575940918873695,6,dendrite_pre,,,,
islet-chtmr,720575940929601786,720575940899143251,6,dendrite_pre,,,,
islet-chtmr,720575940929601786,720575940899282056,6,dendrite_pre,,,,
islet-chtmr,720575940929601786,720575940904086480,6,dendrite_pre,,,,
islet-chtmr,720575940929601786,720575940893395733,6,dendrite_pre,,,,
islet-chtmr,720575940929601786,720575940922934557,6,dendrite_pre,,,,
islet-chtmr,720575940929601786,720575940882038048,5,dendrite_pre,,,,
islet-chtmr,720575940929601786,720575940899153235,5,dendrite_pre,,,,
islet-chtmr,720575940929601786,720575940897460886,5,dendrite_pre,,,,
islet-chtmr,720575940929601786,720575940886926839,5,dendrite_pre,,,,
islet-chtmr,720575940929601786,720575940914883824,5,dendrite_pre,,,,
islet-chtmr,720575940929601786,720575940869443690,5,dendrite_pre,,,,
islet-chtmr,720575940929601786,720575940908057073,5,dendrite_pre,,,,
islet-chtmr,720575940929601786,720575940891164342,5,dendrite_pre,,,,
